"baseMean","log2FoldChange","lfcSE","stat","pvalue","padj","Gene_ID"
1760.89651487176,0.696793012239772,0.258596694265715,2.69451631707171,0.00704908750995209,0.0912971585126166,"gene-LOC140684387|LOC140684387"
2036.59016674546,-0.564535090334639,0.209755774719479,-2.69139236376033,0.00711544550260537,0.0916637994616711,"gene-CHMP2B|CHMP2B"
110.447091139918,-1.40220801999346,0.448423393463078,-3.12697339263348,0.00176615910668084,0.0435225367120662,"gene-CD2|CD2"
365.173158167751,-0.872009000705694,0.255465771726405,-3.41340835922076,0.000641557310643961,0.0246751448510935,"gene-CD247|CD247"
218.947771277067,1.39896024768944,0.382689610605842,3.65560028001471,0.000256580884255568,0.0147011343682727,"gene-LOC115493573|LOC115493573"
245.783722163852,1.0535184199146,0.245515611381059,4.29104452457589,1.77834650372621e-05,0.00333913707184182,"gene-SERPINH1|SERPINH1"
49.1756508699152,1.25980874422513,0.465642987268991,2.70552500234984,0.00681965143751378,0.0897448080949947,"gene-GRIK1|GRIK1"
26.9489278112786,1.52241853141317,0.557336023067889,2.73159901459972,0.00630277990209806,0.0859486822496683,"gene-TPBGL|TPBGL"
71.5208630683104,1.11329788944462,0.342716952852318,3.24844709367019,0.00116036785469894,0.0351213079151595,"gene-LOC116807788|LOC116807788"
179.664489044642,-0.980135690933482,0.340449428145257,-2.87894650395857,0.00399006010900323,0.0680804006098677,"gene-ATP1B1|ATP1B1"
498.964008537674,-0.509073613655506,0.189130969169992,-2.69164598420657,0.00711003733800137,0.0916637994616711,"gene-TAF13|TAF13"
32.607498028502,-1.26481388069146,0.457378006513437,-2.7653578936448,0.00568603735199147,0.0816645907823886,"gene-CHD1L|CHD1L"
83.398629572844,-0.896536108865974,0.310811862657594,-2.88449771897427,0.00392038598736456,0.0673039877954092,"gene-DUSP12|DUSP12"
572.273971429802,1.43480025201232,0.401833465422119,3.57063404488993,0.000356118152407925,0.0177589148739318,"gene-VAMP1|VAMP1"
2133.19716504266,-0.359652377198395,0.126480962469597,-2.84352973108382,0.00446168465548172,0.0720611002056335,"gene-GAPDH|GAPDH"
458.294491395096,0.83956822408753,0.203348458537355,4.12871693312247,3.64793167099313e-05,0.00474674323880723,"gene-NOP2|NOP2"
79.8493820503523,-1.73967033812185,0.462802869066973,-3.75898779890689,0.000170602156226331,0.0119361498549709,"gene-GPR162|GPR162"
909.331327310322,-0.804890454743461,0.206942964819732,-3.88943134860662,0.00010047938706029,0.00858266568122959,"gene-USP5|USP5"
2756.15512174707,0.756019490026034,0.261111320892167,2.89539146538289,0.00378685957467291,0.0659055573227137,"gene-TPI1|TPI1"
285.845119626758,-1.35322478084755,0.363916839221519,-3.71850003902631,0.000200409261422655,0.0130358765099771,"gene-LOC101233739|LOC101233739"
14.8247343857529,-2.02067369854408,0.586160401158674,-3.44730502870848,0.000566208920309866,0.0230506631505095,"gene-LOC140683595|LOC140683595"
206.773730386659,-1.31752681101632,0.429017025138873,-3.0710361916053,0.00213317292651478,0.04845051656748,"gene-LOC115497448|LOC115497448"
18.2657405741482,-2.14395801504655,0.673505945355079,-3.18328001383304,0.0014561671746196,0.0392151171609839,"gene-LOC100221157|LOC100221157"
51.2234507876221,-1.6031796876881,0.556741390124178,-2.87957697438396,0.00398209077493536,0.0680277912385583,"gene-LOC121469592|LOC121469592"
10.9577205503512,-3.02879119539703,0.990611596571262,-3.05749620323484,0.00223194468875599,0.0494830667222129,"gene-LOC101233700|LOC101233700"
1506.17664989485,-0.631518429569713,0.204844726432569,-3.08291280213941,0.00204985209216944,0.0470958592067247,"gene-TSPAN9|TSPAN9"
1660.56513814469,-0.514577622700482,0.162036323629506,-3.17569302471376,0.00149479038237311,0.0397934349785483,"gene-CLNS1A|CLNS1A"
222.111157141905,0.729143241580587,0.225323266500931,3.23598735675872,0.0012122275333922,0.0359868740883147,"gene-DLG2|DLG2"
22.4599005787327,1.85710128926998,0.67577317162443,2.74811337183727,0.00599392795615744,0.0839572021464587,"gene-LOC100225953|LOC100225953"
9612.84950702304,0.993725035462039,0.296516902795668,3.35132677460489,0.000804253380448821,0.0277856571116351,"gene-CHORDC1|CHORDC1"
1204.6884742727,-0.676230725134268,0.16120536822117,-4.19483998948778,2.73064283467165e-05,0.0040453211649614,"gene-NDFIP2|NDFIP2"
641.380524775917,-0.592483410470544,0.170170535028556,-3.48170387059734,0.000498234350262829,0.0216103328931756,"gene-TBC1D4|TBC1D4"
467.512138054386,0.631986528629479,0.151555851810092,4.1699909378715,3.04611751265304e-05,0.0041690642637952,"gene-COMMD6|COMMD6"
115.854457486077,-1.16207959360364,0.33039388117659,-3.51725519088089,0.000436034357835124,0.0204407621688163,"gene-KLF12|KLF12"
855.116441859302,0.688375795818135,0.232444454420061,2.96146362164502,0.00306180661164836,0.0600415964140566,"gene-MZT1|MZT1"
878.538185989254,-0.735501273637405,0.198347129394673,-3.70815184410306,0.000208777457293906,0.0133083573127425,"gene-TDRD3|TDRD3"
617.771770217656,0.467849844736553,0.16732799016443,2.7960046868238,0.00517386501182866,0.0771260412844652,"gene-MTRF1|MTRF1"
8931.63501691445,-0.470182881290421,0.155315111975483,-3.02728353545301,0.00246762379076243,0.0531387066319881,"gene-ELF1|ELF1"
25568.4596247625,0.537051329222904,0.18776854646183,2.86017727325848,0.00423404255007584,0.0705205620313572,"gene-TSC22D1|TSC22D1"
339.025421533499,0.698471632435074,0.219057955747657,3.18852437954674,0.00143000950838441,0.0387354521113544,"gene-NUFIP1|NUFIP1"
13903.6469373637,-0.746984587453314,0.265579902388478,-2.81265480081644,0.00491343670217408,0.0750930616952467,"gene-ITM2B|ITM2B"
5699.54643051326,-0.415800547218928,0.148072010002789,-2.80809686591744,0.00498352342572163,0.0758312531763084,"gene-RB1|RB1"
500.702490892833,-0.594430901197274,0.198536217545119,-2.99406782574663,0.00275284741217503,0.0566980688161433,"gene-TRIM13|TRIM13"
318.151664234902,-0.672916182922306,0.209565995862913,-3.21099890347904,0.001322744395194,0.0373352747682327,"gene-KCNRG|KCNRG"
319.839934016109,-0.702552189024187,0.248961841436243,-2.82192718760117,0.00477360139888353,0.0742601701415144,"gene-FOXO1|FOXO1"
1010.63072457255,1.29990127597595,0.431788031016007,3.01050789415643,0.00260811168275755,0.0550193014530808,"gene-HSPH1|HSPH1"
1385.2858087948,-0.773308398277706,0.219113508471871,-3.52925934905095,0.000416724520719804,0.0200070879378684,"gene-HMGB1|HMGB1"
877.799242406546,-0.493064053213407,0.184348426272063,-2.67463120344591,0.00748114965906309,0.0938701099642739,"gene-UBL3|UBL3"
1699.43996947709,-1.40774244573655,0.400686391240745,-3.51332732159284,0.00044253195233917,0.0204755612283238,"gene-MICU2|MICU2"
409.198470123769,-0.527131725016399,0.183743707712001,-2.86884232162455,0.0041197712115141,0.0693586149672441,"gene-IPO5|IPO5"
31.9259913903774,-0.87078479591481,0.298151007246801,-2.92061664978377,0.00349339389961838,0.0638498142820677,"gene-LOC100221786|LOC100221786"
510.968216930909,-0.911496099672848,0.315263106760258,-2.89122348961052,0.00383745118070651,0.0662888744280108,"gene-P2RY8|P2RY8"
280.001580419522,-0.489773052668679,0.182436139646037,-2.68462736395836,0.00726107118578049,0.0924553854238051,"gene-JADE3|JADE3"
368.667688349471,-0.675101536961715,0.183117322022728,-3.68671586884568,0.000227166749361722,0.0136329424627727,"gene-CHST10|CHST10"
278.649495740779,-0.783563406661358,0.287890651758761,-2.7217396670384,0.00649392773780675,0.0872731234493083,"gene-PDCL3|PDCL3"
667.033602413423,-0.591800589266563,0.2193386960295,-2.69811300960305,0.00697337634750221,0.0907386157815638,"gene-GCC2|GCC2"
12052.5216867205,0.769190425683193,0.270001427511623,2.84883836641968,0.00438791663964582,0.0712870051036042,"gene-LOC100226687|LOC100226687"
1745.31631525286,-0.475942612512109,0.17868029608836,-2.6636547114112,0.00772968585820922,0.0954928271551437,"gene-PDHA1|PDHA1"
278.7391627578,-0.674589009147453,0.22007279316414,-3.06529943773792,0.00217452167340959,0.0489109293358349,"gene-SMS|SMS"
836.138374957849,0.835344225460346,0.206762678898236,4.04011125175778,5.34258525494092e-05,0.00585707200823169,"gene-LOC115496797|LOC115496797"
479.583521729366,0.739544564835871,0.267667287202321,2.76292472108059,0.00572859769773527,0.0818043751236596,"gene-LOC140680276|LOC140680276"
14581.820113933,0.538280780547435,0.128592082045862,4.1859558690049,2.83968521692874e-05,0.0040453211649614,"gene-LOC140685228|LOC140685228"
6491.52668096061,0.972165408455658,0.283816071892327,3.42533600008556,0.000614039520129852,0.0241892247217747,"gene-LOC115496967|LOC115496967"
157.600957999815,-0.74012528520865,0.275544792269011,-2.68604345273227,0.00723036850402468,0.0922569219414209,"gene-SLC37A1|SLC37A1"
187.663362497978,-1.25295083905797,0.389536157038545,-3.21651999799852,0.0012975549014245,0.0369788309033903,"gene-UBASH3A|UBASH3A"
3248.79081702676,0.669064013904937,0.206506341103803,3.23991994787523,0.00119563261319298,0.0357227314881671,"gene-LOC100230310|LOC100230310"
64.0658720293383,-1.42339639199017,0.392146555196413,-3.62975620499137,0.000283689031467443,0.0155504030910284,"gene-MRPS6|MRPS6"
8906.94947125013,-0.417238480145709,0.155510557377345,-2.68302350131305,0.00729598630629415,0.0925976534727746,"gene-ITSN1|ITSN1"
5546.09332943549,0.56478045091434,0.212752761366366,2.65463276381064,0.00793947900675728,0.0973932741947856,"gene-TAF10|TAF10"
121.744494191154,1.04349184560024,0.30229331965294,3.45191831165261,0.000556616214546813,0.0228606712540864,"gene-LOC115492572|LOC115492572"
42.6464838715961,1.39961889272951,0.497079294198413,2.81568536260704,0.00486733093877555,0.074900565962674,"gene-LOC115492573|LOC115492573"
880.514409652016,-0.732021622968744,0.20278912773229,-3.60976760023899,0.000306471461550469,0.0164749118114563,"gene-PRKCQ|PRKCQ"
610.226372458004,1.00512466653569,0.280774822097146,3.5798247828216,0.000343824673596526,0.0174710617900892,"gene-LOC121471102|LOC121471102"
958.34662359657,0.829582604547063,0.245064747149254,3.38515683792665,0.000711375957771212,0.0263417219682143,"gene-LOC121471105|LOC121471105"
2137.79080470944,-0.238787563073756,0.0877311476178725,-2.72181054913171,0.00649253510422427,0.0872731234493083,"gene-ATP5F1C|ATP5F1C"
1635.94058116707,-0.595501273605141,0.159226640429061,-3.73996004688958,0.000184049506866861,0.0123793298749145,"gene-OPTN|OPTN"
149.249903707304,-0.802427657977051,0.27586837332253,-2.90873378601793,0.0036289573167048,0.0648600420031848,"gene-PHYH|PHYH"
1127.52228853749,-1.38602617173335,0.364668966047443,-3.80077906479444,0.000144241869429109,0.010625817714611,"gene-FAM107B|FAM107B"
6054.16121768234,-0.835205916398339,0.249481023373874,-3.34777333002476,0.000814636111642114,0.0279658037379009,"gene-SEMA3D|SEMA3D"
331.484185841876,-0.686782318206038,0.245325502743655,-2.79947380327462,0.00511859696952261,0.0766350151924466,"gene-GNAI1|GNAI1"
206.89825096908,1.13514577611056,0.331788626160806,3.42129201125899,0.000623243752126136,0.0243065063329193,"gene-LOC140680777|LOC140680777"
958.64241802813,-0.58745708918168,0.207376892506768,-2.83279917101905,0.00461423654547035,0.0731688287208441,"gene-ARMC10|ARMC10"
3041.78721766588,-0.481620205704664,0.164997969930464,-2.91894625071834,0.00351216776008863,0.0638498142820677,"gene-DLD|DLD"
119.417021455782,-0.756417101497847,0.283312798318254,-2.66990092218898,0.00758736317394884,0.094743369929049,"gene-CERK|CERK"
2243.46573665638,-0.304529788977465,0.113688880327793,-2.67862422516107,0.00739253047775978,0.09316320036168,"gene-BRD1|BRD1"
496.090086725897,-0.664458268396907,0.242066708009843,-2.74493867355724,0.00605222064475225,0.084372127135976,"gene-PLXNB2|PLXNB2"
515.677895557269,0.812232952692171,0.256894482146101,3.16173763603937,0.00156830796401777,0.0407540823167906,"gene-LOC115490906|LOC115490906"
44.044720464473,-2.43403406397017,0.844161089976051,-2.88337628075137,0.00393437161198535,0.0674206520216356,"gene-FOXP2|FOXP2"
740.004368707491,0.512093377369039,0.169815690757797,3.01558339564406,0.00256485395457875,0.0543538228456619,"gene-LOC140681692|LOC140681692"
51.2513760581932,-1.17137872758983,0.372150279649013,-3.1475959891649,0.0016461904649211,0.0416725633510846,"gene-RASSF3|RASSF3"
2172.11640913964,-0.472977881957127,0.154788026854792,-3.05564901606267,0.00224573975607958,0.0495734386825178,"gene-FRS2|FRS2"
64.9879552654204,1.71021860668972,0.398790396787332,4.28851502059051,1.79871637138646e-05,0.00333913707184182,"gene-LRRC10|LRRC10"
386.53328584347,-0.662620165369599,0.239995335063667,-2.76097102134846,0.00576297896405662,0.0819590971568542,"gene-NAP1L1|NAP1L1"
6661.33994841199,-0.386732498402517,0.136739559402413,-2.82824151322878,0.00468044817635555,0.0736337626659867,"gene-OSBPL8|OSBPL8"
49.6514188350232,-0.85760806673269,0.29381322408034,-2.9188885878676,0.00351281747755971,0.0638498142820677,"gene-CEP83|CEP83"
97.3778028970854,-0.612842013050839,0.215629336005228,-2.8421087056354,0.00448162076678867,0.0721359606196517,"gene-SNRPF|SNRPF"
1054.11920348473,-0.749178821534719,0.235523302038634,-3.18091167646685,0.00146812382033911,0.0393847552034325,"gene-NEDD1|NEDD1"
12712.5264803013,0.385910027153639,0.121700055922221,3.17099301417146,0.00151918796529614,0.040135965921856,"gene-SLC25A3|SLC25A3"
42.2828289314029,1.12430141873858,0.333288936619237,3.37335355365554,0.000742585359602574,0.0268362166298967,"gene-LOC115493545|LOC115493545"
173.749378932134,2.44704500072508,0.799119463876347,3.06217669740519,0.00219733700592359,0.049264932582084,"gene-PDE6H|PDE6H"
3789.60550271077,0.987263415793474,0.25039218658547,3.94286830294713,8.05128721280576e-05,0.00737487314894044,"gene-ART4|ART4"
7406.93600838915,1.0917496134283,0.228777210373804,4.7721082517112,1.82307467565078e-06,0.000940098841077253,"gene-SMCO3|SMCO3"
26.2382614030543,1.02900023158802,0.363430356328557,2.83135465618002,0.00463512942122994,0.0731688287208441,"gene-LOC115493338|LOC115493338"
6081.83610965075,0.67953313011484,0.254711122473955,2.66785809553458,0.00763364922017501,0.0949806059807835,"gene-LOC115493340|LOC115493340"
759.273810283208,0.820123668920024,0.297889340800317,2.75311518940779,0.00590311221141261,0.0832401641948307,"gene-LOC100223493|LOC100223493"
615.185865108911,0.926068002989095,0.315327546873454,2.93684459912011,0.00331570210519029,0.0623002974501544,"gene-LOC100232209|LOC100232209"
630.539469316921,0.758411805036141,0.282555138893644,2.68411966600832,0.00727210720959495,0.0924653412595347,"gene-LOC100220543|LOC100220543"
475.161045002593,0.885742220359498,0.295218940061847,3.00028927742217,0.00269723310819623,0.0561338962113843,"gene-LOC100227296|LOC100227296"
57.3834243528129,-1.44844735725666,0.490591393755347,-2.95245162408819,0.00315261463914112,0.0612781792395979,"gene-TNFRSF13C|TNFRSF13C"
682.957594834895,-0.45657520364745,0.160166470539074,-2.85062911176572,0.0043632831813156,0.0709930929888389,"gene-XRCC6|XRCC6"
2784.70446330111,-0.371779723407544,0.133567243302507,-2.78346482427226,0.00537816939098466,0.0793868198785092,"gene-ACO2|ACO2"
135.729030080791,1.0453022492635,0.266431198519365,3.92334777260525,8.73269515452887e-05,0.00779393042541701,"gene-LOC140682209|LOC140682209"
16828.8652921854,-0.445881383342545,0.123034267315765,-3.62404225318949,0.000290034191486822,0.0158358668551805,"gene-TEF|TEF"
564.511346172375,-1.48732208121544,0.408280805232264,-3.6428900456619,0.000269594019194333,0.0150745282298904,"gene-GRAP2|GRAP2"
1531.6473481045,0.926251869815181,0.288901534686446,3.2061161281835,0.00134539680546229,0.0375389974397824,"gene-XPNPEP3|XPNPEP3"
2101.34410170506,0.855009555119712,0.27214974606168,3.14168786667151,0.00167977005770224,0.0421395288529518,"gene-LOC140682214|LOC140682214"
686.54750457112,-0.570876875965769,0.213128119299643,-2.67856197409201,0.00739390479060952,0.09316320036168,"gene-CBX6|CBX6"
868.110203679979,0.89437338403021,0.219094829392056,4.08212912423317,4.46249901404918e-05,0.00513482427872782,"gene-LOC100229115|LOC100229115"
171.568786058879,1.23329522993939,0.356951031313064,3.45508241117177,0.000550124643234674,0.0226609035732437,"gene-KCNJ4|KCNJ4"
577.891267018392,1.0147537333996,0.354790086339893,2.86015244638897,0.0042343740471317,0.0705205620313572,"gene-LOC115493361|LOC115493361"
9293.16211715526,-0.375447546152015,0.135580399873968,-2.76918748212147,0.00561962877097867,0.0813327353205157,"gene-EIF3L|EIF3L"
4297.00850080377,-0.474030885811822,0.15946918103578,-2.97255483932951,0.00295332446304522,0.058437323123211,"gene-RAC2|RAC2"
12465.431953795,-0.434634046458826,0.150142699708638,-2.89480638953651,0.0037939245628558,0.0659460820082913,"gene-MYH9|MYH9"
364.3128352514,-0.700635688180171,0.238709605982198,-2.93509632885248,0.00333444154708146,0.0624918870614873,"gene-RTCB|RTCB"
20.4248671232404,-1.55832414980602,0.548163619105459,-2.84280841612405,0.00447179419504901,0.0720611002056335,"gene-KIAA1549|KIAA1549"
2022.05274613184,-0.54655441736898,0.160479375514944,-3.40576111799542,0.000659798838228248,0.0252373055622305,"gene-DNM1L|DNM1L"
1105.75299749605,-0.946924843119561,0.271931750589209,-3.48221508179096,0.00049728409946249,0.0216103328931756,"gene-MTPN|MTPN"
738.27118312063,0.824925989215052,0.263608675467245,3.12935827226807,0.00175188561731635,0.0433241624332071,"gene-LOC100231733|LOC100231733"
208.615661741155,-0.984058775572131,0.343549534650362,-2.86438686803529,0.00417817373796047,0.0699191261461823,"gene-ST8SIA1|ST8SIA1"
25.6321063750217,3.22113771192693,0.748749676136046,4.30202217722449,1.69246366794983e-05,0.00333913707184182,"gene-PKDREJ|PKDREJ"
102.14071860107,-0.952311509652345,0.354978958546631,-2.68272664259126,0.00730246523831836,0.0925976534727746,"gene-LOC100227890|LOC100227890"
77.826528831007,1.20300900973667,0.353001497447901,3.40794307795881,0.000654545472510322,0.0251053350241356,"gene-LOC140682237|LOC140682237"
4806.50476249978,-0.679833419817908,0.234726689118807,-2.89627661162046,0.00377619385989329,0.065884645502875,"gene-PARVB|PARVB"
2186.61939740866,-0.321184032896598,0.117313709916811,-2.73782180381437,0.00618475777776283,0.0853304495804089,"gene-MCAT|MCAT"
580.505121112094,-0.451538090112127,0.170596438820972,-2.64682014016706,0.0081252555799368,0.0988880537058217,"gene-PACSIN2|PACSIN2"
518.715162638174,-1.07415399969525,0.241237673446867,-4.45267931972421,8.48053635292133e-06,0.00200126284138515,"gene-LDHB|LDHB"
20.7634667438995,-1.86898730307554,0.536274274987307,-3.48513324290965,0.000491892032960916,0.0215365181601095,"gene-AKR1D1|AKR1D1"
100.992251403704,-0.818729578685073,0.286170691005493,-2.86098333763103,0.0042232924764241,0.0705046776369937,"gene-DERA|DERA"
675.316530567332,0.736643070672666,0.241085954057485,3.0555204825289,0.00224670256472518,0.0495734386825178,"gene-LOC140682520|LOC140682520"
72.1951468307916,1.92727018635933,0.430890450910007,4.47276142297672,7.72159119932506e-06,0.00185358128048626,"gene-NACAD|NACAD"
228.171955740644,-0.877090297034645,0.221498874312572,-3.95979573149851,7.50138992462917e-05,0.00700952026312831,"gene-MAP4|MAP4"
142.681397868219,-1.01526322390692,0.320537919897843,-3.16737322133521,0.00153822763808021,0.0402570364755467,"gene-NKTR|NKTR"
28.697641609792,-0.934005056631072,0.339043566755282,-2.75482312072662,0.00587238727591232,0.0829221582581412,"gene-SEC22C|SEC22C"
217.43878669905,-0.867799376082367,0.226489665894679,-3.83151863752542,0.000127354724912348,0.0100178521748849,"gene-CTDSPL|CTDSPL"
35.8076729603829,-1.60921450554416,0.533451793168222,-3.01660717266855,0.00255620837938501,0.0543358799079753,"gene-ACTR3B|ACTR3B"
410.605952606577,-0.7178424507203,0.236666681027341,-3.03313693167215,0.00242025750899811,0.0524879210245804,"gene-PFKP|PFKP"
296.843471320983,-1.51994139413011,0.405868966139967,-3.7449066593723,0.000180460855456183,0.0122563731244704,"gene-CCNY|CCNY"
956.429460631139,-0.471137366799195,0.174521720452746,-2.69959157849788,0.00694246456867173,0.0906753604030174,"gene-CUL2|CUL2"
2527.58918759291,-0.519784881252626,0.190042033756818,-2.73510481327387,0.00623604158486686,0.0855412876710357,"gene-ITGB1|ITGB1"
150.844416804214,-1.31416627835514,0.401118213463106,-3.27625680970484,0.00105192862087425,0.0331035339695604,"gene-ZEB1|ZEB1"
251.93600954784,-0.616754588155265,0.228623105146156,-2.69769141557667,0.00698221304612303,0.0907687695995994,"gene-ZNF438|ZNF438"
2627.98998192936,-0.686758301574104,0.21913944223418,-3.1338872389764,0.00172507133345983,0.0428667391904531,"gene-THNSL1|THNSL1"
52410.5365602701,0.800524200829882,0.261407567777285,3.06236046506471,0.00219598831226044,0.049264932582084,"gene-OTUD1|OTUD1"
1200.15145933336,-0.473124974288522,0.163262652397932,-2.89793757077608,0.00375625351088422,0.065884645502875,"gene-PIP4K2A|PIP4K2A"
72.9233714301994,1.36065243097671,0.334332738148562,4.06975529381781,4.7062543652952e-05,0.00528428867161331,"gene-LOC100219050|LOC100219050"
121.365859393027,1.97616792903028,0.358147054321508,5.51775564027472,3.43356404879398e-08,4.78055122513586e-05,"gene-LOC100225774|LOC100225774"
53.6887236944143,-1.13949534856934,0.314711852983604,-3.6207576478815,0.000293741570529693,0.0159756401815817,"gene-DBF4|DBF4"
220.530131939861,-0.712483340307269,0.236528379765009,-3.01225307937729,0.00259316305620854,0.0547869639326122,"gene-VPS50|VPS50"
66.7457527228483,-0.964960637337862,0.352627633997029,-2.73648615226223,0.00620992085386533,0.0853304495804089,"gene-OSBPL3|OSBPL3"
178.148555233241,-0.903733386955229,0.306785260828389,-2.94581748978079,0.00322102394802067,0.0616839128276253,"gene-JAZF1|JAZF1"
426.362838150118,-0.614356393326822,0.210832175241483,-2.9139593737206,0.00356876346302588,0.0640307908449863,"gene-CHN2|CHN2"
266.752615928741,-1.02552958144363,0.322635093097265,-3.17860519015041,0.00147985510751317,0.039623120503665,"gene-RFTN1|RFTN1"
371.495216225322,-0.745018123307435,0.258401832838091,-2.88317662117453,0.00393686634300006,0.0674206520216356,"gene-TBC1D5|TBC1D5"
3958.6714565966,-0.581359824435559,0.219487980647307,-2.64870915810985,0.00807998338306638,0.0985956254534909,"gene-KAT2B|KAT2B"
57.4417267092707,0.871411551564439,0.287872723868896,3.02707231116937,0.00246934878911846,0.0531387066319881,"gene-LOC121469455|LOC121469455"
844.287911334348,-0.412665111450841,0.138286557744139,-2.98413033184588,0.00284385608338796,0.0578874389605418,"gene-ABHD5|ABHD5"
27.5929532583533,-1.5575250373907,0.47924870236,-3.24993063042396,0.00115433162492388,0.0351213079151595,"gene-MTURN|MTURN"
2835.92831855434,0.531582734455144,0.196710114066525,2.70236605259336,0.00688479187132922,0.0901758769750863,"gene-NPHP3|NPHP3"
111.432100212934,-1.49358002139368,0.458486655201642,-3.25763030275506,0.00112346666000001,0.0344538024387227,"gene-LOC100223580|LOC100223580"
189.556950571413,1.20447721280264,0.356067765234186,3.38271905071344,0.00071772014664986,0.0263999805375551,"gene-LOC100224551|LOC100224551"
1213.43578848854,-0.457775467382215,0.130997639306288,-3.49453219009452,0.000474893338231218,0.0211956782848206,"gene-SEPTIN7|SEPTIN7"
3184.21942867917,-0.406317581572262,0.132722373918807,-3.06140984052038,0.00220297326203312,0.0493099006132237,"gene-CLASP2|CLASP2"
186.321403040789,0.687058528771181,0.245443522629559,2.79925304774956,0.0051220979628462,0.0766350151924466,"gene-LOC116807760|LOC116807760"
8238.29742606933,-0.528577934364928,0.193104051121703,-2.73727004324624,0.00619514154855766,0.0853304495804089,"gene-BLVRA|BLVRA"
763.84257071004,-0.739021616797427,0.227417460229993,-3.24962567100184,0.00115557007219655,0.0351213079151595,"gene-STK17A|STK17A"
1689.53417239245,-0.692567095511609,0.161827043973918,-4.27967463598502,1.87166728178541e-05,0.00338431474861016,"gene-VPS41|VPS41"
358.414688690877,-0.545195342930904,0.186269987644564,-2.92690921293897,0.00342348800149457,0.0632625249848541,"gene-DROSHA|DROSHA"
57.3333398145477,-1.70375126889172,0.454494069050742,-3.74867657228218,0.000177770159603283,0.0122529402582006,"gene-ECI2|ECI2"
629.261103604058,0.975113582515444,0.355431538666616,2.74346386416224,0.00607947390003523,0.0843913410869297,"gene-LOC115493763|LOC115493763"
31836.2335105042,0.475519640384605,0.163730313658222,2.90428589404176,0.00368091868948206,0.0651199884544583,"gene-LOC100229913|LOC100229913"
688.390207498134,-0.588170594170904,0.217576967459053,-2.70327599947634,0.00686597085109204,0.0900584963892177,"gene-MBOAT1|MBOAT1"
345.529903826164,-0.866655918112776,0.238369211315324,-3.63577121948996,0.000277150222860271,0.0153735559875839,"gene-CDKAL1|CDKAL1"
122.45598981914,-0.776099535050344,0.265315584840269,-2.92519391771722,0.00344241635869597,0.0633140858152232,"gene-ATP9B|ATP9B"
1314.49400420655,-0.62525415401708,0.18960669286451,-3.29763757054651,0.000975018980435629,0.0315702075921053,"gene-SLC66A2|SLC66A2"
451.101812308653,0.867525970543064,0.218342353640239,3.97323723995611,7.09023665181562e-05,0.00690331223099503,"gene-ATPSCKMT|ATPSCKMT"
5757.57678371402,0.59079348985067,0.184048057663229,3.2099957877942,0.00132736917404835,0.0373352747682327,"gene-CCT5|CCT5"
497.846064873423,-0.665179935890343,0.210391220542159,-3.16163352337724,0.00156886873336792,0.0407540823167906,"gene-DDC|DDC"
1283.50498643254,-0.458540098370157,0.163477139996022,-2.80491876956813,0.00503292617815891,0.0762584811720974,"gene-GALNT1|GALNT1"
331.569328110643,-0.787314881228114,0.29228549239832,-2.69365022111731,0.00706742893594231,0.0914496404043911,"gene-INO80C|INO80C"
623.944163031741,-0.421776994386049,0.125840389836582,-3.35168219785215,0.000803221660909662,0.0277856571116351,"gene-FH|FH"
1758.36375798779,-0.537583108496601,0.16533934655949,-3.2513924826912,0.00114841202534228,0.0350643434842995,"gene-ERP44|ERP44"
2064.11614167451,0.551453955184212,0.172651740292444,3.19402488645721,0.00140304021690001,0.0384537971257851,"gene-GLIPR2|GLIPR2"
1245.22940525424,-0.89287894575482,0.184624046281723,-4.83620072107157,1.32344285385271e-06,0.000708703648238125,"gene-ZNF407|ZNF407"
434.371404227159,0.684750384670125,0.231436343981,2.95869859025401,0.00308941109804204,0.0604127397725272,"gene-CNDP2|CNDP2"
226.880967287864,1.33147291031955,0.395827467889295,3.36377088083219,0.00076885343565361,0.0273080264913398,"gene-LOC115493837|LOC115493837"
1998.95141284626,0.614294452092579,0.225733916380808,2.72132102229724,0.00650215840988056,0.0872860042741896,"gene-SMCHD1|SMCHD1"
108.321698609407,-2.67881889882698,0.577713676229394,-4.63693176923043,3.53619076585792e-06,0.00130203211551496,"gene-RBBP8|RBBP8"
505.26290428384,0.786215203017501,0.261332929469223,3.00848119146077,0.00262557053458877,0.0553038102164591,"gene-CEBPD|CEBPD"
92.1669273463472,-1.06609222140337,0.316864157908272,-3.36450871705088,0.000766800619750155,0.0273047698945816,"gene-MCM4|MCM4"
74324.7491510468,-0.470740828338612,0.176910126788381,-2.66090379835469,0.00779312197137131,0.0959360187510192,"gene-PCMTD1|PCMTD1"
6752.61556611958,-0.526053838823653,0.181572007129586,-2.89721883422379,0.00376487039862751,0.065884645502875,"gene-RB1CC1|RB1CC1"
31.0286780223164,-1.45495082135345,0.509974648691056,-2.85298656528879,0.00433104525404548,0.0709728414982118,"gene-TOX|TOX"
27.8317586294534,1.49523894578604,0.520090241442674,2.87496058691354,0.00404077934780488,0.0686319364084464,"gene-VXN|VXN"
412.129190519579,-1.0066068723067,0.371328576013237,-2.7108252295423,0.00671159919928976,0.0889958053825822,"gene-SGK3|SGK3"
1281.57638508025,-0.446952364900097,0.148030890341287,-3.01931822384938,0.00253344271541515,0.0540170335784458,"gene-NCOA2|NCOA2"
3732.73803922483,-0.505049345780836,0.151339156832621,-3.33720205894508,0.000846264002173028,0.0288787590741546,"gene-JPH1|JPH1"
884.76808442462,-0.38481440723252,0.135359708007103,-2.84290216710815,0.00447047906217247,0.0720611002056335,"gene-TPD52|TPD52"
6407.3530166993,-0.710818097600168,0.204022809696105,-3.48401288394636,0.000493955709105859,0.0215590762942974,"gene-CPNE3|CPNE3"
51.6896192912122,1.15914336831052,0.357604728356656,3.24140951278041,0.00118940187432,0.0356129941852845,"gene-ESRP1|ESRP1"
24.3152763309509,-1.88403951091236,0.710631854281394,-2.6512173631979,0.00802022077055908,0.0980382210610133,"gene-CFAP418|CFAP418"
5984.97489167084,-0.275879267873766,0.100530386523224,-2.74423761227689,0.00606516192272615,0.0843844637757857,"gene-YWHAZ|YWHAZ"
300.882044053676,-1.05863864869628,0.343858318604524,-3.078705942007,0.00207901779773249,0.0476088236806406,"gene-SNTB1|SNTB1"
176.353593908666,-0.607423006301206,0.210355572130851,-2.88760121801461,0.00388191684980155,0.0668083168106143,"gene-NSMCE2|NSMCE2"
657.276809517135,-0.470925117169867,0.160539177285664,-2.93339685136109,0.00335275038998955,0.0625756885782787,"gene-EFR3A|EFR3A"
14252.460165592,1.01655541340911,0.247043375026737,4.11488635669382,3.87370216493781e-05,0.00488039437224156,"gene-LOC115492384|LOC115492384"
6402.8409460421,0.778451389760979,0.232020638707981,3.3550954522659,0.000793376039756649,0.0276420487125729,"gene-LOC140682498|LOC140682498"
515.049039846937,0.749610505758473,0.27033670109802,2.77287731452591,0.00555630641277789,0.0809209771810738,"gene-LOC115492366|LOC115492366"
587.033657930637,0.548212490763074,0.205028511107838,2.67383539879843,0.00749892479588783,0.0938877930681816,"gene-KRTCAP3|KRTCAP3"
8966.28225979199,-0.430590674767109,0.161453267738545,-2.66696785266929,0.00765389926829679,0.0951475352790145,"gene-NRBP1|NRBP1"
231.209792555871,0.88129814985206,0.304378132119369,2.8954056052438,0.00378668897914663,0.0659055573227137,"gene-CLU|CLU"
32.8801039811276,1.54612635057289,0.562278076025049,2.74975393225898,0.00596400324934577,0.0837064689925818,"gene-LOC105760019|LOC105760019"
210.998392690883,0.956579170552573,0.354776603887418,2.69628594465075,0.00701174470580968,0.090982778694304,"gene-EMILIN1|EMILIN1"
156.426255537811,1.36348725285401,0.294455401339316,4.63053911272216,3.64714878295506e-06,0.00130203211551496,"gene-LOC140683599|LOC140683599"
145.322100248265,1.68758202856555,0.475298261570522,3.55057479694812,0.000384390891895435,0.0187785066240707,"gene-LOC100224630|LOC100224630"
294.5614394072,1.02253533555462,0.269720458614776,3.79109297383718,0.00014998579082685,0.0109332574119489,"gene-MEP1A|MEP1A"
106.38002177676,-0.975985000301093,0.229132582732564,-4.25947714926353,2.04905644265937e-05,0.00365756575014697,"gene-CD2AP|CD2AP"
239.10005390871,-0.675491146849207,0.247441800537067,-2.72989909297082,0.00633537140658245,0.0862242190555693,"gene-HPCAL1|HPCAL1"
1772.76213441025,-0.535761119978394,0.178804130855593,-2.99635762000985,0.00273225797857257,0.0564409908541037,"gene-YWHAQ|YWHAQ"
518.783326136932,0.927362103648745,0.290590300959567,3.19130439173804,0.00141631978682343,0.0387237242449245,"gene-COLEC11|COLEC11"
15913.8772058813,-0.515417418497064,0.173615474220372,-2.96872972188434,0.0029903349050215,0.0589722845362809,"gene-FBXO9|FBXO9"
87.976362786452,-1.60310120874167,0.461386144840786,-3.47453261583063,0.000511744146778056,0.0219279820946218,"gene-KCNQ5|KCNQ5"
750.325561410095,-0.700768261304924,0.245162052723655,-2.85838796632538,0.00425799437912182,0.0706603763295745,"gene-HTR1B|HTR1B"
2021.66191572252,-0.389445076512355,0.144311284221625,-2.6986460456846,0.00696221817933004,0.0906781699820507,"gene-PHIP|PHIP"
270.016163238584,-0.718698312063716,0.26704262838072,-2.69132428939051,0.00711689773885416,0.0916637994616711,"gene-HMGN3|HMGN3"
731.029397623493,-0.781138291402078,0.262205491925343,-2.97910728591638,0.00289089538086454,0.058012320969252,"gene-RNGTT|RNGTT"
2028.41891768798,-0.612034590925521,0.167746578233345,-3.64856676882044,0.000263707370944736,0.0149251940067624,"gene-CASP8AP2|CASP8AP2"
4205.46176393374,-0.603460265817298,0.166137491412155,-3.63229431652022,0.000280912464428258,0.0154693929250514,"gene-USP45|USP45"
711.876762014111,-0.798929399384959,0.222355639871368,-3.59302511889123,0.000326861065066612,0.0169809201825464,"gene-ASCC3|ASCC3"
18295.4370285575,0.759755958370832,0.267486734232361,2.8403500478302,0.00450640539323525,0.0724511342840812,"gene-LOC115494307|LOC115494307"
942.657354014178,-0.66614189057747,0.174218985972269,-3.82358952934958,0.000131522803338764,0.0101637031786477,"gene-FYN|FYN"
83.8212113352695,-1.179026608793,0.254495900443395,-4.63279214611646,3.60766706361622e-06,0.00130203211551496,"gene-LOC140683524|LOC140683524"
2129.1643069572,-0.535457708245624,0.155382247615792,-3.44606746563243,0.000568808333600509,0.0230681572268192,"gene-HDAC2|HDAC2"
137.054852961569,3.45244795958247,1.28686722642916,2.68283152191422,0.00730017566097988,0.0925976534727746,"gene-CALHM6|CALHM6"
55.036800003745,-1.75651209358179,0.468925739261292,-3.74582145213198,0.000179804445207211,0.0122563731244704,"gene-THEMIS|THEMIS"
14.7446438245862,-1.53605866575212,0.529871458995217,-2.89892697497788,0.00374442092697019,0.0658271074525899,"gene-SLC2A12|SLC2A12"
120.711497693589,2.10328243701023,0.501716616884811,4.19217216696875,2.76296182587728e-05,0.0040453211649614,"gene-PNLDC1|PNLDC1"
2609.87592040929,1.31052620556255,0.280489289379151,4.67228609143447,2.9786566634796e-06,0.00118490962073218,"gene-MRPL18|MRPL18"
4450.59150769012,1.14585824797291,0.300096092694261,3.81830445603408,0.000134372031922007,0.0102794604420336,"gene-TCP1|TCP1"
23.8232988793034,2.96515409845888,0.547534845286789,5.41546190892342,6.11306855075718e-08,7.73747758474475e-05,"gene-MIR7644|MIR7644"
79.2122979878777,-1.08367402986304,0.41012316056383,-2.64231366103105,0.00823417606503319,0.099517737285987,"gene-MTHFD1L|MTHFD1L"
2593.48386797261,0.633241509241926,0.197840997852332,3.20075978243183,0.00137065749998507,0.0380911464516809,"gene-LOC140683525|LOC140683525"
791.804628793009,-0.641107843118348,0.152676399045727,-4.19912866117791,2.67944049707134e-05,0.0040453211649614,"gene-HECA|HECA"
156.641891873995,-1.31724980624068,0.31414360137863,-4.19314542922373,2.75112945385143e-05,0.0040453211649614,"gene-PDE7B|PDE7B"
5687.8098104502,-0.631734668870957,0.22280922114111,-2.8353165350857,0.00457803013548267,0.0730962311655106,"gene-ABCB10|ABCB10"
427.673620786209,-0.564475276958172,0.207877112701736,-2.71542773334593,0.00661902204945512,0.0883120666803453,"gene-GNPAT|GNPAT"
1981.1684254348,-0.553272830773945,0.132225958606423,-4.18429812576203,2.86048513809175e-05,0.0040453211649614,"gene-PSMB1|PSMB1"
96.1332865595574,0.926710089153561,0.302068032470851,3.06788534216372,0.00215579315995615,0.048725824944918,"gene-LOC140683515|LOC140683515"
237.294299388996,1.17348894868148,0.286854383626186,4.09088727823213,4.29725970172073e-05,0.00507040227347947,"gene-LOC140683516|LOC140683516"
1807.73749781651,-0.42665469176148,0.115961571087467,-3.67927657206079,0.000233896503734036,0.0137989026334279,"gene-MEMO1|MEMO1"
12.2529765544712,1.3352286512071,0.385472287370578,3.46387715784991,0.000532449599981831,0.0223292041582742,"gene-SULT6B1|SULT6B1"
118.803433831429,0.805041999326141,0.259280684110859,3.10490541201263,0.0019033988260954,0.0450697650607589,"gene-POLR1C|POLR1C"
152.756386837,1.29990064491903,0.318334866289626,4.083437859227,4.43742992118233e-05,0.00513482427872782,"gene-LOC105759083|LOC105759083"
841.073287336368,0.942501762413917,0.327985182401003,2.87361080008057,0.00405808705720228,0.0686319364084464,"gene-HSP90AB1|HSP90AB1"
1594.54121494432,-0.440047612980714,0.120351380443211,-3.65635700529713,0.000255825010336784,0.0147011343682727,"gene-RIN2|RIN2"
50.264764511344,-1.11198332024462,0.320810033891112,-3.46617375634218,0.000527921987530582,0.0222735085829948,"gene-BCL2L11|BCL2L11"
161.173422423943,1.52227440730219,0.383647501659303,3.96789865884242,7.25091533828861e-05,0.00692583324998915,"gene-LOC121469771|LOC121469771"
2043.30470713085,0.897693204370615,0.277380700197284,3.23632179070909,0.00121080804022803,0.0359868740883147,"gene-AHSA2P|AHSA2P"
1114.75666411907,1.2229024673068,0.450576296881164,2.71408521879997,0.00664590675142493,0.0885463729187457,"gene-HAO1|HAO1"
228.159256557322,1.46587373661152,0.384794312438001,3.80949948902299,0.000139248394411237,0.0104797588939873,"gene-LOC121469778|LOC121469778"
2557.81815217515,-0.413903129072309,0.119376171280138,-3.46721732347244,0.000525876532608824,0.0222735085829948,"gene-FBXO11|FBXO11"
288.14611708384,0.742635898481544,0.276315509503045,2.6876374034059,0.00719594896229523,0.0921095139140693,"gene-TRMT61B|TRMT61B"
23352.2392453577,0.740570958727566,0.248894316528304,2.97544342939365,0.00292565305321567,0.0581912392284596,"gene-LBH|LBH"
573.005157456953,1.09252896681617,0.343119246339377,3.18410866913469,0.00145200491399009,0.0391788070106281,"gene-PTK7|PTK7"
498.481654483914,-0.70857321252519,0.24822017483054,-2.85461571771486,0.00430889311341331,0.0709728414982118,"gene-COQ8A|COQ8A"
1642.85054313842,-0.579847936080233,0.217907669943927,-2.66097992892789,0.00779136014182758,0.0959360187510192,"gene-ENAH|ENAH"
9946.22056845698,0.683097326251105,0.252067434501823,2.70997849286305,0.00672875711238716,0.0890536932279148,"gene-DEGS1|DEGS1"
55055.82039453,-0.836941275275622,0.185484551540915,-4.51218858024952,6.4162101308911e-06,0.00175771859422736,"gene-EPAS1|EPAS1"
6127.22290737227,-0.469265101827921,0.128712903016219,-3.64582796931237,0.000266532243175235,0.0149634210553581,"gene-PPM1B|PPM1B"
344.689326434154,-0.681591369021608,0.237183780222004,-2.87368456807475,0.00405713942791719,0.0686319364084464,"gene-TRERF1|TRERF1"
5192.59186747368,-0.578710921263523,0.139090356258173,-4.16068329129409,3.17296846144089e-05,0.00424781152775399,"gene-SLC30A1|SLC30A1"
253.241441319879,-0.6353422455862,0.208819308497447,-3.04254549140013,0.00234586356454592,0.0513544943540453,"gene-INTS7|INTS7"
891.963530127367,-0.799513491029927,0.290716066773015,-2.75015240782743,0.00595675519070294,0.0836891044602997,"gene-PTPN14|PTPN14"
655.07968985369,-0.691631298670291,0.234011387802992,-2.95554547649859,0.00312116679791566,0.060777629828503,"gene-DISP1|DISP1"
189.306593928262,-0.689777243424807,0.252934531348462,-2.7270979559312,0.00638940680481786,0.0864525859509028,"gene-SOCS5|SOCS5"
40.6302726604912,1.52255249066868,0.503819955125682,3.02201704235568,0.00251096410960194,0.0537022324085834,"gene-LOC140683819|LOC140683819"
4318.28666473897,-0.333919742274041,0.0866730698009804,-3.85263546151983,0.000116853292811106,0.00951431810414639,"gene-ATL2|ATL2"
3253.72784286758,0.633611401794775,0.173770947116132,3.6462447394692,0.000266100552909463,0.0149634210553581,"gene-LOC140680265|LOC140680265"
978.250479444408,0.730562482486159,0.208287780352206,3.50746683867296,0.000452394734641076,0.0207193812184464,"gene-LOC140683531|LOC140683531"
623.181354674199,-0.575684424785783,0.208255928264402,-2.7643123035369,0.00570429144063869,0.0817723312827312,"gene-LOC115494850|LOC115494850"
87005.4925166977,-1.18868676086901,0.195912481416869,-6.06743762455686,1.29967067588641e-09,6.03177160678883e-06,"gene-LOC115494853|LOC115494853"
362.971065654641,-1.36958209173619,0.379882127917289,-3.60528172052987,0.000311814484205855,0.0166480725300081,"gene-DOK1|DOK1"
1151.78154530236,-0.806159218270309,0.17970251604412,-4.48607641126396,7.25467329080879e-06,0.00180369314692734,"gene-SUCLG1|SUCLG1"
28.3828587949885,-1.83704386024573,0.655392787339566,-2.8029662451777,0.00506349685629121,0.0763718513957286,"gene-CD8B|CD8B"
33.3773129317603,-1.45373508221381,0.381137695455942,-3.81419917144316,0.000136625250259789,0.0103947178107489,"gene-CD8A|CD8A"
258.864511724511,-0.889499302046274,0.275852372302733,-3.22454831408916,0.0012617156474127,0.0366257080749605,"gene-LOC100227664|LOC100227664"
20060.8566853705,-0.743225799434632,0.243037641020626,-3.05806868563029,0.00222768509408841,0.0494830667222129,"gene-TACC3|TACC3"
4323.58075270207,0.488828527116489,0.153231770220022,3.19012517061305,0.00142211184794527,0.0387237242449245,"gene-NELFA|NELFA"
1673.32260631834,-0.476345092441716,0.144092458386645,-3.30582944989067,0.000946957078170173,0.0309494915478012,"gene-MXD4|MXD4"
66286.4379141714,-0.485374127418057,0.154077827690831,-3.15018802310736,0.00163165416647334,0.0415937479717469,"gene-KIAA0232|KIAA0232"
8258.06557599653,0.89090047448488,0.277506087684387,3.2103817322311,0.0013255880472783,0.0373352747682327,"gene-LOC115494818|LOC115494818"
161.662051950319,1.5548218779926,0.320116324211185,4.85705276612779,1.19145851873625e-06,0.000663547078254594,"gene-MSX1|MSX1"
1792.8168528891,0.563318233653162,0.16758532607087,3.3613816129399,0.000775535947004711,0.0273339348233301,"gene-ANAPC4|ANAPC4"
1059.10006813607,-0.344476148169423,0.105026278287096,-3.27990436096169,0.00103842282089926,0.0328590021258646,"gene-RBPJ|RBPJ"
144.009048970138,-1.0171277716838,0.343657918713483,-2.9597099798879,0.0030792877492553,0.0602994702290879,"gene-ARAP2|ARAP2"
86.8033853240599,-1.31319437839102,0.433702338550174,-3.02787018114984,0.00246283863296121,0.0531387066319881,"gene-TMEM156|TMEM156"
52.0217949653609,-1.13589945551843,0.347974807306823,-3.26431520807441,0.00109729015491032,0.0341351934703974,"gene-RHOH|RHOH"
79.7897302010113,-1.41344726763431,0.473785092847408,-2.98330886507977,0.00285150075611692,0.0579583139086364,"gene-OCIAD2|OCIAD2"
1597.70116497758,-0.314479836862035,0.115617183595134,-2.7200094923889,0.00652800423254054,0.0874777699034283,"gene-FIP1L1|FIP1L1"
264.015625466628,-0.834947880991595,0.22408707612224,-3.7259974802658,0.000194544346860113,0.0127166241377153,"gene-PAICS|PAICS"
8301.77861125886,-0.464851957999903,0.159948990623652,-2.90625127540607,0.00365787576740143,0.0651199884544583,"gene-FBXO8|FBXO8"
508.668398547188,0.66166713334295,0.2150764489733,3.07642764468876,0.00209497141271916,0.0477386038940898,"gene-LOC100219691|LOC100219691"
179.462096746048,0.849973260194038,0.256206450989224,3.31753262617805,0.000908163084186022,0.0302771073734935,"gene-SH3D19|SH3D19"
318.516962137117,-0.740260763446709,0.191594564401269,-3.8636835327767,0.000111689904276348,0.00925630081690237,"gene-MFHAS1|MFHAS1"
118.621390905948,1.17138019671287,0.414751431903369,2.82429452102719,0.0047384820478157,0.0740321409539217,"gene-ARHGEF38|ARHGEF38"
12524.5736105937,0.553690404435189,0.185751692152504,2.98080947752876,0.00287487590050998,0.058012320969252,"gene-H2AZ1|H2AZ1"
4396.6307160876,-0.46932447823498,0.149896227710634,-3.13099592566788,0.00174214577491034,0.043159956626471,"gene-DNAJB14|DNAJB14"
1856.92175317971,0.604471610108524,0.181878825304672,3.32348534303512,0.000889000943360834,0.0298974882473741,"gene-TRMT10A|TRMT10A"
30572.2710037883,0.570529750581058,0.173246965260823,3.29315869817474,0.000990685392277559,0.0319196797130588,"gene-HNRNPDL|HNRNPDL"
4665.72239504379,-0.483278318196307,0.140109397804009,-3.44929266538094,0.000562057171767465,0.0230162411838777,"gene-ELF2|ELF2"
414.853859205912,0.53080107732432,0.181264877931479,2.92831729666334,0.00340802060144802,0.0631077295644556,"gene-ABRAXAS1|ABRAXAS1"
307.004098914028,1.39965130271063,0.409036711853444,3.42182318151462,0.000622027513281595,0.0243065063329193,"gene-LOC140684007|LOC140684007"
1046.54511950087,1.17820311281298,0.340919609632659,3.45595583100219,0.000548345166872174,0.0226546283630898,"gene-SCLT1|SCLT1"
18.0796857522971,-1.9295533609944,0.696912103879044,-2.76871839397596,0.00562772541142733,0.0813653384250288,"gene-TNIP3|TNIP3"
1563.13455842101,-0.554272601669673,0.180129420183042,-3.07707980798716,0.0020903932533203,0.0477123692884895,"gene-CCNG2|CCNG2"
2955.48078126542,0.899335908470368,0.283464796308203,3.17265466535233,0.00151052078485969,0.0399828533984818,"gene-FRAS1|FRAS1"
9051.62550205812,-0.71810794279219,0.170527339543684,-4.21110154368082,2.54128476467442e-05,0.0040453211649614,"gene-CNOT6L|CNOT6L"
72.7669500984264,-1.35220934212841,0.474289335510237,-2.85102202577191,0.00435789506279428,0.0709930929888389,"gene-JCHAIN|JCHAIN"
205.421021089175,0.926931477201546,0.290158662384377,3.1945676533814,0.00140040458115886,0.0384537971257851,"gene-LOC121469956|LOC121469956"
988.42712897595,0.931328208245009,0.27100810127497,3.43653272305711,0.000589211172812247,0.0233776743282855,"gene-LOC121469938|LOC121469938"
1168.07988681046,1.22059483985498,0.388163816901575,3.14453533973899,0.00166350817948549,0.0418825034050207,"gene-ADAMTS3|ADAMTS3"
291.277373177473,-0.800270100172412,0.285520958731652,-2.80284187797418,0.00506544974872084,0.0763718513957286,"gene-LOC115495119|LOC115495119"
1566.37384800906,0.445906485054406,0.165826629165687,2.68899203522298,0.00716681291683958,0.0921095139140693,"gene-PAQR3|PAQR3"
51.1329566498386,-0.889742108868957,0.333861041610757,-2.66500728739202,0.00769866544550085,0.0953187602838665,"gene-CD40LG|CD40LG"
2485.80932355887,-0.595056247292164,0.221947744212442,-2.68106463259475,0.00733883400124163,0.0928896234538975,"gene-CHMP1B|CHMP1B"
396.328552811559,1.54558106838092,0.376441034265874,4.10577202720492,4.02966752615123e-05,0.00488039437224156,"gene-LOC115495219|LOC115495219"
487.74387085187,-1.38961759657349,0.350418663842034,-3.96559241833056,7.32138772875899e-05,0.00692583324998915,"gene-LOC100222691|LOC100222691"
1215.71022682435,-0.624735052158805,0.181317838152471,-3.44552449182337,0.000569952315307463,0.0230681572268192,"gene-OPHN1|OPHN1"
4140.46477250306,-0.700535253802882,0.218374948996857,-3.20794696012941,0.00133686150943714,0.0374161643585225,"gene-MSN|MSN"
523.797797458011,-0.791111266592965,0.258732701049449,-3.05763926780082,0.00223087950804703,0.0494830667222129,"gene-SLC9A6|SLC9A6"
799.132332719484,-0.571101173938392,0.152225045963465,-3.75168994250434,0.000175646606315959,0.012166804476304,"gene-LOC100227536|LOC100227536"
954.009299079131,-0.698135100129902,0.199781838510487,-3.49448731343643,0.000474973182853122,0.0211956782848206,"gene-KIAA1210|KIAA1210"
64.4091847933137,-1.33784696312543,0.464819828310877,-2.87820545002796,0.00399944576334713,0.0681570175802717,"gene-SH2D1A|SH2D1A"
2949.19987760555,0.292460644323086,0.10884137341721,2.68703559263286,0.00720892705915898,0.0921095139140693,"gene-NXT2|NXT2"
620.084068432881,0.92357596256669,0.290753337019229,3.17649307841172,0.00149067346694071,0.0397598595406427,"gene-LOC105759170|LOC105759170"
368.67516582238,1.03154228340437,0.345939912658363,2.98185391641432,0.00286508674951836,0.058012320969252,"gene-RBM11|RBM11"
235.374940308436,-0.997600058774648,0.281678899422533,-3.54162154431808,0.000397675596674434,0.0192367355625297,"gene-PIN4|PIN4"
295.871504718087,1.21526180763029,0.295675598305614,4.11011870642833,3.95455771449932e-05,0.00488039437224156,"gene-XPNPEP2|XPNPEP2"
27.9975147982645,0.952575277349388,0.355553956704559,2.67913001497242,0.00738137268014222,0.09316320036168,"gene-LOC115495255|LOC115495255"
283.618933316471,0.612831717353117,0.200549504379667,3.0557628115248,0.00224488766172963,0.0495734386825178,"gene-MARS2|MARS2"
64.0232287111849,-1.31012667439206,0.37893483984471,-3.45739303076211,0.000545428730596813,0.0226546283630898,"gene-LOC100220779|LOC100220779"
375.607633226409,-0.843372393202952,0.319453709519062,-2.64004570324962,0.00828948474851515,0.0997802705049082,"gene-LOC100227542|LOC100227542"
783.248595272717,-0.934566066243687,0.292976561249426,-3.18990045571612,0.00142321806956946,0.0387237242449245,"gene-F8|F8"
242.593558766867,-1.15606739087591,0.341865464147775,-3.38164427856973,0.000720533836405296,0.0263999805375551,"gene-LOC115495280|LOC115495280"
394.435615099189,-0.773591847395337,0.233245298380874,-3.31664497747824,0.000911053053755722,0.0302771073734935,"gene-DLG3|DLG3"
7605.90921227447,0.804952195167209,0.163310112393122,4.92897949411436,8.26602489379266e-07,0.000548037450458454,"gene-SLC7A3|SLC7A3"
477.763066818861,-0.586498305414156,0.208706127129579,-2.81016333099803,0.00495163641771143,0.0754284834177202,"gene-LOC105759175|LOC105759175"
1235.00359209344,0.480977767328653,0.178642458552039,2.69240454496177,0.00709388391982158,0.0916216566008125,"gene-LOC100224235|LOC100224235"
713.345115773862,0.940651953537541,0.249702835225354,3.76708559471746,0.000165164385437264,0.0117927371202206,"gene-LOC140684211|LOC140684211"
54.9864005560441,0.916125271439051,0.320884016325171,2.85500437800144,0.00430362356773127,0.0709728414982118,"gene-LOC121470038|LOC121470038"
2390.4397917032,0.832460717178865,0.202482980099288,4.11126266894464,3.93501223286575e-05,0.00488039437224156,"gene-LOC115495379|LOC115495379"
108.403675211264,-1.00733280812123,0.312416280014154,-3.22432879642376,0.00126268332083467,0.0366257080749605,"gene-BMAL1|BMAL1"
266.135893959252,1.01925730514684,0.383777149590431,2.65585719794572,0.00791071053212473,0.0971259459777536,"gene-LOC140684227|LOC140684227"
12208.9772010829,0.390596362504413,0.142338045357616,2.74414589242857,0.00606685687276891,0.0843844637757857,"gene-CAPRIN1|CAPRIN1"
1365.01428638219,1.0286008811916,0.222711721676292,4.6185305086306,3.86467165149808e-06,0.0013451955850952,"gene-NAT10|NAT10"
298.779959334822,-0.945766486033988,0.329063138077104,-2.8741186009488,0.00405156787495429,0.0686319364084464,"gene-PTPRCAP|PTPRCAP"
240.083159751506,-0.796606564049629,0.259295406769828,-3.07219697399716,0.0021248945701872,0.0483413514717589,"gene-CD5|CD5"
125.179995877336,-0.495240949366318,0.18042543658025,-2.74485105178639,0.00605383674216533,0.084372127135976,"gene-TMEM138|TMEM138"
24.3944794412989,1.32665517245916,0.487257445677532,2.72269861492715,0.00647510986496172,0.0871885441488028,"gene-LOC121468017|LOC121468017"
280.172064920879,1.48061058180928,0.546553372685275,2.70899541710791,0.00674872719542425,0.0891485092427816,"gene-LOC115495436|LOC115495436"
3842.62103558097,-0.435818173008872,0.164204223332863,-2.6541228000294,0.00795148838319287,0.0974547295415443,"gene-PSMD13|PSMD13"
202.090927561543,1.10096228786706,0.409557844135733,2.68817287626455,0.00718441908253474,0.0921095139140693,"gene-LOC140684251|LOC140684251"
28.6207878305086,-1.09437437236243,0.344849155493233,-3.17348717527572,0.00150619555831914,0.0399683176706317,"gene-LOC140684386|LOC140684386"
14574.8148766888,-0.561071741339763,0.163958402493708,-3.42203713140775,0.000621538249002158,0.0243065063329193,"gene-PDE3B|PDE3B"
77.9854445818715,0.717503894060368,0.250928942813353,2.85939073434851,0.00424455614055687,0.070521426187319,"gene-LOC140684267|LOC140684267"
84.859963509381,1.8787122509527,0.446354199734347,4.20901663313762,2.56484509376565e-05,0.0040453211649614,"gene-IFITM10|IFITM10"
70.3201524263572,0.896852934279164,0.260948773394743,3.43689269971189,0.000588428663333356,0.0233776743282855,"gene-LOC115495691|LOC115495691"
387.738649353249,1.07731049033321,0.356328705343052,3.02336150351973,0.0024998342379884,0.0535464493777115,"gene-LOC100220042|LOC100220042"
20.3128737782306,-1.5020059733347,0.446998042814587,-3.36020704671793,0.000778840807165724,0.0273339348233301,"gene-PRR5L|PRR5L"
277.45223036038,-1.03597465619025,0.327601124175505,-3.16230494873165,0.00156525555818139,0.0407540823167906,"gene-CD82|CD82"
39.4949962780281,-1.95184386947625,0.671309108881449,-2.90751882203484,0.0036430841988549,0.0649457891173582,"gene-TSPAN18|TSPAN18"
173.198294608382,-1.71731475814308,0.558019394674233,-3.07751804781917,0.00208732198474958,0.0477123692884895,"gene-TP53I11|TP53I11"
1185.74363764347,0.601248943184522,0.152698388725974,3.93749369722229,8.23370938998148e-05,0.00749267554488314,"gene-HARBI1|HARBI1"
141.273359176854,1.40588267629923,0.417373758313894,3.3684021774122,0.000756052211981212,0.0270297852603702,"gene-LOC100220978|LOC100220978"
41.7777804791862,-1.10321212136331,0.394130005639513,-2.79910716153987,0.00512441278059095,0.0766350151924466,"gene-CDAN1|CDAN1"
50.0102275039507,-1.38896617014807,0.521346426099383,-2.6641904511364,0.00771738565951103,0.0954255422179147,"gene-LOC100224870|LOC100224870"
89.8384268666233,-0.822175206010095,0.234751076394457,-3.50232773641718,0.000461211916056943,0.0209629256016592,"gene-DPF3|DPF3"
87.2548919875772,1.52990933491421,0.430471843330109,3.55402881423998,0.000379377645797596,0.018598855501549,"gene-RGS6|RGS6"
4081.95614186301,-0.538219380567308,0.184944281152525,-2.91017044275856,0.00361231701657787,0.0646456167375497,"gene-ACTN1|ACTN1"
872.650534163067,-0.634095511118934,0.203039225904976,-3.12301974307021,0.00179005739775681,0.0438784668115635,"gene-ZFP36L1|ZFP36L1"
429.273273243387,-0.547404314698682,0.205351713474337,-2.66569148821392,0.00768301629615387,0.0953187602838665,"gene-AVEN|AVEN"
154.842984797424,-0.718960028743015,0.25367616647081,-2.83416467043522,0.00459456496832887,0.0731688287208441,"gene-SCFD1|SCFD1"
2589.31110974783,-0.497276586667392,0.154613621079268,-3.21625341413127,0.00129876092162306,0.0369788309033903,"gene-BRMS1L|BRMS1L"
3571.82630236761,0.689871957847031,0.15169068020371,4.54788624403677,5.4187409948594e-06,0.00164564597811696,"gene-PNN|PNN"
1622.14566938229,-0.66726402460791,0.189975456076757,-3.51236964178316,0.000444129820509501,0.0204755612283238,"gene-DLST|DLST"
46111.7337299232,0.724440292332763,0.224667605139949,3.2244982176291,0.001261936421319,0.0366257080749605,"gene-FOS|FOS"
1622.76929530382,0.4846368558736,0.173935345490243,2.78630461512945,0.00533127466799355,0.0789875419190554,"gene-CIPC|CIPC"
7428.93419136273,-0.559086689326772,0.191773974478112,-2.91534182804655,0.00355299154722995,0.0639031224780265,"gene-ANGEL1|ANGEL1"
873.643705477443,0.884085995651068,0.322244262159863,2.74352750216691,0.00607829564422699,0.0843913410869297,"gene-NOXRED1|NOXRED1"
377.145064870445,1.41878010592652,0.420850947651615,3.37121756252049,0.000748367313825085,0.0268720774513622,"gene-ISM2|ISM2"
1137.27991578062,-0.479814439543521,0.170433772428371,-2.81525446927001,0.00487386242070159,0.074900565962674,"gene-FOXN3|FOXN3"
163.948891570149,-0.747921884215691,0.236039481602383,-3.16863043054633,0.0015315901002271,0.0401588116110394,"gene-TTC7B|TTC7B"
147.001337499325,-0.793137538149752,0.299924049217111,-2.64446129018354,0.00818210648416041,0.099146621913808,"gene-CCDC88C|CCDC88C"
47.0696510826651,-1.81857760618469,0.487201154304192,-3.73270381262116,0.000189435303379452,0.0125000366301048,"gene-TC2N|TC2N"
938.327128120793,-0.479685419463353,0.174882438679537,-2.74290216379217,0.00608988269134623,0.0844516301908502,"gene-RIN3|RIN3"
533.624585481802,-1.29850407934163,0.447089396142919,-2.90434998133246,0.00368016522742795,0.0651199884544583,"gene-BCL11B|BCL11B"
1904.25746487447,0.372693612924337,0.136475513904703,2.73084601230796,0.0063171980669874,0.0860610065427256,"gene-CCNK|CCNK"
93.6772244189159,-0.842856599955348,0.26202553670374,-3.216696397452,0.00129675744209571,0.0369788309033903,"gene-WDR25|WDR25"
4385.8006306192,-0.355339030487504,0.119546166296581,-2.97240004841264,0.00295481401125767,0.058437323123211,"gene-PPP2R5C|PPP2R5C"
40227.3123511552,2.64263674676254,0.586428660152142,4.50632263790952,6.59607700531966e-06,0.00176609961817434,"gene-HSP90AA1|HSP90AA1"
182.615556118052,-0.791319272678553,0.265819135618494,-2.976908606814,0.0029117079402061,0.0580798132542829,"gene-TRAF3|TRAF3"
78.0306158137082,1.53068811121407,0.474527292353859,3.22571143088778,0.00125659983402776,0.0366257080749605,"gene-LOC115495610|LOC115495610"
60071.5919423734,0.554445693192226,0.188904642120408,2.93505594658083,0.00333487553592509,0.0624918870614873,"gene-EIF5|EIF5"
150.322479118152,1.2180060386038,0.2976015003376,4.09274159311055,4.26302708243161e-05,0.00507040227347947,"gene-LOC115495699|LOC115495699"
105.845960112435,0.960932627919655,0.259330300917133,3.70543906562894,0.000211024859418131,0.0133083573127425,"gene-XRCC3|XRCC3"
402.39655977706,0.68228572330374,0.134610261984987,5.06860110992011,4.00750082487984e-07,0.000328214317557659,"gene-LOC115495625|LOC115495625"
225210.023036058,1.24310039100656,0.262202190522402,4.74099925912081,2.12666710742351e-06,0.000977078972335493,"gene-HSPA2|HSPA2"
386.740091055985,-0.6878961305606,0.21937976049132,-3.13564081308138,0.00171479083899344,0.0427102555479529,"gene-PRKCH|PRKCH"
7815.97910534853,-0.27631936435399,0.0979595721859539,-2.82074899050662,0.00479116757790179,0.0743672532743887,"gene-ARID4A|ARID4A"
1216.76948389758,0.460359003580566,0.144074638281888,3.19528134216,0.00139694590967015,0.0384380986172678,"gene-ATG14|ATG14"
1351.40526753163,-1.18035090462911,0.414665910474934,-2.84651058795067,0.00442012593006872,0.0716430888525574,"gene-ERO1A|ERO1A"
3271.11173675924,-0.728694418128617,0.177948990292703,-4.09496236494518,4.22236971149403e-05,0.0050679356459596,"gene-KLHDC2|KLHDC2"
1855.27126172829,0.600681625519016,0.200202463190651,3.00037080436414,0.0026965111932757,0.0561338962113843,"gene-LOC140684360|LOC140684360"
961.51781156127,0.737309030261522,0.25044151448809,2.94403678147612,0.00323961495990868,0.0616839128276253,"gene-LOC140684376|LOC140684376"
70.1288673992595,-2.91970081421257,1.00972648731946,-2.891575937523,0.00383314945882987,0.0662888744280108,"gene-LOC140684473|LOC140684473"
52.3177184345263,1.53553973805541,0.542166429784835,2.83222946626335,0.00462246631749566,0.0731688287208441,"gene-LOC140684405|LOC140684405"
1949.07487911569,0.588014910732237,0.207599232878035,2.8324522329892,0.00461924671961753,0.0731688287208441,"gene-LOC100228351|LOC100228351"
224.464611510331,1.06695936538588,0.372064521400403,2.86767295459934,0.00413502725924755,0.069531382283217,"gene-LOC100220618|LOC100220618"
8450.56107727117,0.800911112154854,0.24891182664238,3.21764989216663,0.00129245474799475,0.0369788309033903,"gene-DDIT4|DDIT4"
498.749790928358,0.551658406682438,0.170856729304026,3.22877775390869,0.00124320468115022,0.0365943737328847,"gene-LOC140684418|LOC140684418"
88.0276589161996,-0.899746071429498,0.321069317768345,-2.80234211628616,0.00507330418990948,0.0763718513957286,"gene-CCSER2|CCSER2"
20890.3442041966,-0.36061031088008,0.133782221848788,-2.69550248079802,0.00702825544335641,0.0911121047838466,"gene-WAPL|WAPL"
19.0307237114691,1.52524650954161,0.489932656657279,3.11317583920223,0.00185085708186804,0.0443536715160907,"gene-LOC115495887|LOC115495887"
1414.05476023651,-0.781031721445849,0.259099012670514,-3.01441411681123,0.0025747609668215,0.0544808464149783,"gene-PDLIM1|PDLIM1"
322.97716290969,-0.731275798827926,0.227432283399582,-3.21535618381462,0.00130282757868197,0.0370189150571206,"gene-PIK3AP1|PIK3AP1"
42.5576012456134,-1.55548199061356,0.485289180226615,-3.2052682276724,0.00134936670608577,0.0375744652976643,"gene-SCD|SCD"
242.491083816619,-0.674095469807541,0.188812655831708,-3.57018160058282,0.000356733829542258,0.0177589148739318,"gene-MAPK8|MAPK8"
225.351840527736,-0.598902089401999,0.217143412208324,-2.75809467720541,0.00581393562706616,0.0823951802102054,"gene-ARHGAP22|ARHGAP22"
461.782943010727,-1.10965238369026,0.375152516229846,-2.9578700280139,0.00309772706835515,0.060490398278694,"gene-WDFY4|WDFY4"
333.419987043921,-0.704184155627822,0.252493858768834,-2.78891597229905,0.0052884784236453,0.0785821612512417,"gene-TMEM273|TMEM273"
3074.79142341426,-0.674592199524177,0.193876704434456,-3.47949074898907,0.000502367713379034,0.021666908692793,"gene-MYOF|MYOF"
6203.99430578871,0.718366964067046,0.241033579140244,2.98036052333218,0.00287909316254932,0.058012320969252,"gene-LOC101234170|LOC101234170"
19.052195350764,1.61850636457608,0.477386223889331,3.3903499589701,0.000698034530478339,0.0260555891899462,"gene-GOLGA7B|GOLGA7B"
269.802640614387,-0.640432697810853,0.225266700413954,-2.84299764072533,0.00446914012449519,0.0720611002056335,"gene-LOC140684451|LOC140684451"
274.150759369216,0.747131477871286,0.268606685751689,2.78150737678199,0.00541071009954304,0.0795903189041619,"gene-LOC121470213|LOC121470213"
440.684242419513,-0.735919904348513,0.257953631034755,-2.85291546932852,0.00433201431711011,0.0709728414982118,"gene-FBXW4|FBXW4"
4036.60957285739,-0.371436465315683,0.100183575929274,-3.70755846824537,0.000209267110406092,0.0133083573127425,"gene-ACTR1A|ACTR1A"
98.9937789929498,1.2624586759156,0.360577635704259,3.50121180824163,0.000463147589395577,0.0209629256016592,"gene-LOC140684465|LOC140684465"
659.721074632052,-0.674177952663247,0.188851626990758,-3.56988162297505,0.000357142581677865,0.0177589148739318,"gene-FAM53B|FAM53B"
89.8770870329998,1.39845639128233,0.333410668703644,4.1943960483321,2.73599585435637e-05,0.0040453211649614,"gene-LOC121469000|LOC121469000"
379.589766046153,0.756826453042677,0.210048592195266,3.6031017638962,0.000314442350513309,0.0166480725300081,"gene-TRAF3IP1|TRAF3IP1"
481.071060503835,0.493676097179618,0.186435964474488,2.64796601112428,0.00809776662691252,0.0987260987272355,"gene-LMLN|LMLN"
105.210917904929,-0.695106935365668,0.2536478590469,-2.7404407747717,0.00613568388631113,0.0849176210229721,"gene-SNX4|SNX4"
2225.30194266395,-0.487877957118056,0.174085674645147,-2.80251639379597,0.00507056393019018,0.0763718513957286,"gene-MYLK|MYLK"
12707.0100091425,-0.681861918129588,0.219737379948123,-3.10307658301271,0.00191520073092436,0.0451190182346191,"gene-PTPN4|PTPN4"
72.5396389213079,-1.11707319001761,0.404858388710338,-2.75917017201004,0.00579483504790982,0.0822441267808852,"gene-PECR|PECR"
170.898612551953,0.92573506065199,0.297113292090132,3.11576454267539,0.00183468702433971,0.0442500444905221,"gene-NHEJ1|NHEJ1"
147.07095377287,-2.51383916650265,0.941703061038275,-2.66946054495248,0.00759731984518551,0.0947826919395321,"gene-OBSL1|OBSL1"
5250.09815676569,-0.350266777371199,0.115710888625124,-3.02708570933183,0.00246923933802358,0.0531387066319881,"gene-UBR3|UBR3"
250.040235109756,0.921918313133507,0.314222129235104,2.93397004016772,0.0033465650953689,0.0625756885782787,"gene-LOC140684521|LOC140684521"
1671.17717263197,-0.505120449204745,0.182768134168734,-2.76372274358512,0.00571460736465543,0.0817723312827312,"gene-OLA1|OLA1"
1342.9681950914,-1.01693048678672,0.374921688020586,-2.71238106324456,0.00668017493633176,0.0887481637772396,"gene-ITGA4|ITGA4"
631.889410376115,-1.00048526599916,0.318113021199133,-3.14506228706957,0.00166051472052008,0.0418825034050207,"gene-ABI2|ABI2"
55.0608188021874,-1.00711634436304,0.358179450598046,-2.8117647248648,0.00492705281418613,0.0751860861924384,"gene-RAPH1|RAPH1"
46.4966285679736,-1.77036395149444,0.405718881681441,-4.36352368950006,1.27984074413058e-05,0.00278425354383281,"gene-ICOS|ICOS"
18.9856815682083,1.00354284227227,0.344585141716597,2.91232186412041,0.00358752759513842,0.0642846160966695,"gene-LOC115496089|LOC115496089"
221.158021924619,-0.681763839082594,0.232100989050446,-2.93735861217902,0.00331021075324087,0.0622811679964495,"gene-TMEM237|TMEM237"
79.6101572681679,1.55378888620361,0.403569790655285,3.8501119810794,0.000118063833247965,0.00951947159283028,"gene-TYW5|TYW5"
663.587924647152,-0.783420756857314,0.286510765467377,-2.7343501581148,0.00625035364420932,0.0855690007751488,"gene-ANKRD44|ANKRD44"
1040.82525755367,1.33135175018033,0.331358674466735,4.01785694104105,5.87298328567373e-05,0.00614808618695002,"gene-LOC115496003|LOC115496003"
4871.20105414829,0.921391393850496,0.249827515008526,3.68811014999309,0.000225925849797484,0.0136329424627727,"gene-HSPE1|HSPE1"
11163.2481973792,0.70712487330648,0.204058320222494,3.46530772445578,0.000529625089506135,0.022277855351039,"gene-HSPD1|HSPD1"
10655.3624363225,-0.491013403700963,0.163521898860003,-3.0027379031437,0.00267562754259857,0.0560191913918796,"gene-MFSD6|MFSD6"
671.519258357617,0.738712835711162,0.226449971272517,3.26214585747142,0.00110572234828336,0.0341351934703974,"gene-DDX18|DDX18"
4641.57702574634,-0.549550347631637,0.149971183262916,-3.66437295269062,0.000247945275824886,0.0143839253137912,"gene-ACTR3|ACTR3"
316.476587477447,-0.707967059051889,0.205355782804995,-3.4475145982335,0.000565769831241714,0.0230506631505095,"gene-DARS1|DARS1"
68.382884768281,1.68873367159209,0.292917883116472,5.76521192091439,8.15552970060748e-09,2.83873600053895e-05,"gene-LOC121470289|LOC121470289"
275.696187805091,0.694000430388904,0.225094180898455,3.08315580446739,0.00204817890643593,0.0470958592067247,"gene-LOC115496148|LOC115496148"
647.220867492703,1.38672533497535,0.321718528232043,4.31036826693164,1.629828963143e-05,0.00328871139910724,"gene-LOC121470339|LOC121470339"
568.991743477902,1.20684072388429,0.41194934359681,2.92958525761233,0.00339414687732479,0.0630089426306574,"gene-CRYZ|CRYZ"
235.807951857691,0.64955369351113,0.22787168557815,2.85052393351591,0.00436472653870905,0.0709930929888389,"gene-TYW3|TYW3"
463.715177903026,1.92954476674521,0.698355967514354,2.76298171205296,0.00572759755143903,0.0818043751236596,"gene-ERICH3|ERICH3"
159.573066289938,1.205497443859,0.418985323865195,2.8771829827788,0.00401242850383022,0.0682946724435552,"gene-AK4|AK4"
994.567234294344,-1.30123550483461,0.307864162454356,-4.22665468582279,2.37191236559282e-05,0.00402733364221327,"gene-NFIA|NFIA"
1997.56544330673,1.13509899513712,0.403726945590426,2.81155124158757,0.00493032368697093,0.0751860861924384,"gene-JUN|JUN"
51.7570286614831,2.69056366500015,0.639114501762124,4.20983041001559,2.55562447335078e-05,0.0040453211649614,"gene-TMEM205|TMEM205"
492.729429336521,1.33761068443751,0.429355324250417,3.11539326261473,0.00183699818397772,0.0442500444905221,"gene-ACOT11|ACOT11"
807.728744883811,0.726607410316805,0.262163887780614,2.77157703323674,0.00557854709763479,0.0811134454445794,"gene-NDC1|NDC1"
2070.67319133369,-0.617791715771596,0.18526923450249,-3.33456181988648,0.000854339077332753,0.0290830390555108,"gene-EPS15|EPS15"
2538.4486524973,0.568253578822147,0.194660735938475,2.91919978665729,0.00350931233533534,0.0638498142820677,"gene-LOC115496227|LOC115496227"
790.969986961856,-0.916322404168389,0.331851312934193,-2.76124387173993,0.0057581661828494,0.0819590971568542,"gene-ATPAF1|ATPAF1"
2287.18888387584,1.698236223594,0.428162239545919,3.96633814648168,7.29852975564841e-05,0.00692583324998915,"gene-LOC100225066|LOC100225066"
3087.22131877682,-0.662855180545385,0.211869387956726,-3.12860289510429,0.00175639502715602,0.0433586666012292,"gene-UROD|UROD"
71.7440252614152,1.11937020313252,0.346859090442239,3.22716121323314,0.00125024997559375,0.0366028035860526,"gene-LOC115496314|LOC115496314"
47.580379433244,1.19313816802043,0.365749178999249,3.26217592964953,0.00110560505030651,0.0341351934703974,"gene-LOC115496315|LOC115496315"
8150.69698348017,0.541821321434763,0.186518235603761,2.90492412005123,0.00367342144074988,0.0651199884544583,"gene-DMAP1|DMAP1"
602.52471474776,0.946361231221103,0.304794017619595,3.10492062348229,0.00190330094325781,0.0450697650607589,"gene-DPH2|DPH2"
1285.98700061735,-0.512405765019961,0.182134434544365,-2.81333821526839,0.00490300514462576,0.07508197612009,"gene-ZZZ3|ZZZ3"
46.0045413843644,1.25677027656068,0.330248059950062,3.80553416952918,0.000141498477169139,0.0105352048001386,"gene-NEXN|NEXN"
5176.35738673668,0.980766702866579,0.265271817587303,3.69721409453456,0.000217978499531078,0.0134885095509831,"gene-FUBP1|FUBP1"
96815.00661556,0.812216155931321,0.304786881576954,2.66486586210322,0.00770190370748759,0.0953187602838665,"gene-DNAJB4|DNAJB4"
3744.18970456569,-0.405968717518879,0.0976292803994328,-4.15826805091598,3.20669611100501e-05,0.00425207904319265,"gene-PRKACB|PRKACB"
40.5596577584975,-1.46861781051011,0.418567683568443,-3.50867462578478,0.000450345483694517,0.0206935979190718,"gene-KYAT3|KYAT3"
112.874703303259,-0.721972428393356,0.261415361337945,-2.76178272270705,0.00574867208889771,0.0819590971568542,"gene-CCDC18|CCDC18"
3264.35185518444,-0.624588400120041,0.20047535529577,-3.11553706538421,0.00183610271726942,0.0442500444905221,"gene-PTPRC|PTPRC"
483.675003006134,-0.792166341238623,0.268971473022908,-2.94516861708659,0.00322778704324509,0.0616839128276253,"gene-DENND1B|DENND1B"
25.7906165965102,1.31495598591343,0.429955805962389,3.05835150422054,0.00222558351323034,0.0494830667222129,"gene-MIR2989-2|MIR2989-2"
13.342772802241,1.33158655159379,0.483318857832864,2.75508917149321,0.00586761413707476,0.0829221582581412,"gene-LOC115496323|LOC115496323"
36.991415926441,1.67136356550331,0.3940287856095,4.24172960591692,2.21803818240924e-05,0.00390908172325112,"gene-LOC115496322|LOC115496322"
64.969895661895,3.64486835689297,0.725277911196382,5.0254782347922,5.02179522349721e-07,0.000388435860537509,"gene-LOC115496319|LOC115496319"
51.9345757733959,1.17209724840904,0.300697829782992,3.8979238701354,9.70209050282317e-05,0.00844263787942543,"gene-LOC115496311|LOC115496311"
683.771507485567,1.26421662551919,0.225104189552738,5.61613992183385,1.95270553607619e-08,4.53125319646481e-05,"gene-HEBP2|HEBP2"
130.15078139721,-0.774751408679541,0.226211357908201,-3.4249005701736,0.000615024459635727,0.0241892247217747,"gene-NIBAN1|NIBAN1"
17.9897882582769,2.23162565987703,0.597578586598933,3.73444716715526,0.000188127977488884,0.012472884907513,"gene-LOC140684620|LOC140684620"
47.0923179908164,-2.4069397765274,0.747261082521919,-3.22101583077799,0.00127737092012246,0.0368216052191821,"gene-LOC121470309|LOC121470309"
42.4961933502909,2.54630975036119,0.851793749760844,2.98935012269826,0.00279571568730001,0.0571582224879266,"gene-LOC140684618|LOC140684618"
855.716000937552,0.971698577777994,0.284662274003494,3.41351371965106,0.000641309294723654,0.0246751448510935,"gene-HSD17B7|HSD17B7"
821.673400860252,1.37808928745097,0.332774142747971,4.14121504775291,3.45470869958776e-05,0.00453772728531702,"gene-DDR2|DDR2"
1142.26677973124,0.821231788904103,0.216929720649947,3.78570435827602,0.000153273813433887,0.0111147463772917,"gene-UAP1|UAP1"
786.006855867132,0.997946817637459,0.248053069794232,4.02311819186632,5.74326562285008e-05,0.0061088578221441,"gene-LOC140684632|LOC140684632"
2681.82370183312,-0.813347466278739,0.278421122758869,-2.92128505990959,0.00348590715715142,0.0638498142820677,"gene-RALGPS2|RALGPS2"
613.43019260569,-1.49982439143975,0.417760907253918,-3.59015016818733,0.000330487509420545,0.0170089396563409,"gene-KIAA0040|KIAA0040"
9358.89791714532,-0.337265879353813,0.127464132468201,-2.64596693064186,0.00814577793141018,0.0989669554023083,"gene-COPB2|COPB2"
62.8080014463724,-1.6019523556558,0.46550489507138,-3.44132225593493,0.000578878654687266,0.0232940101422278,"gene-LOC105759491|LOC105759491"
327.832034223841,-0.78549110156708,0.277997382022268,-2.82553416817486,0.00472018534944063,0.073991025518514,"gene-KLHL6|KLHL6"
2532.23868040092,-0.63725883109495,0.21395800196039,-2.97842952942197,0.0028972964578515,0.058012320969252,"gene-BOK|BOK"
371.840466997909,0.754858655397647,0.272978937938888,2.76526336096537,0.00568768555038043,0.0816645907823886,"gene-SENP2|SENP2"
4010.56624227325,-0.579862186834949,0.208211356600024,-2.78496906366577,0.00535328302876416,0.0792069708921183,"gene-ATP1B3|ATP1B3"
1308.1556581844,-0.704532931507372,0.176866541887954,-3.98341554025349,6.79318212540663e-05,0.00680442264259255,"gene-TFDP2|TFDP2"
9711.94570607628,-0.50100629164255,0.180664495100593,-2.77313088752493,0.00555197850367473,0.0809209771810738,"gene-XRN1|XRN1"
354.982804377432,-1.49204802355508,0.394563682824006,-3.78151383035575,0.000155877560277241,0.0112449910452851,"gene-CCDC50|CCDC50"
305504.925028604,-0.698805849909273,0.201125703735058,-3.47447311274448,0.000511857658604618,0.0219279820946218,"gene-TFRC|TFRC"
326.5395409046,0.831243042213741,0.300325305302507,2.76780886437944,0.00564345423075588,0.081458269377566,"gene-LOC115496371|LOC115496371"
170.27582106966,0.771177850893342,0.28700996937896,2.6869375045126,0.00721104432710878,0.0921095139140693,"gene-ARMC9|ARMC9"
349.739851191171,0.935439282577401,0.330344232660558,2.83171065238061,0.0046299724978545,0.0731688287208441,"gene-LOC121470407|LOC121470407"
43.8390627442167,1.14191977888863,0.418651456917151,2.72761448699464,0.00637941157292567,0.086401310632144,"gene-CHRD|CHRD"
75.5524946721511,1.47817121024237,0.412672877254396,3.58194417834525,0.000341046676427931,0.0173933804978245,"gene-LOC115496482|LOC115496482"
86.7677247639595,1.45177984054245,0.381892015819388,3.80154541180314,0.000143796376152222,0.010625817714611,"gene-LOC115496474|LOC115496474"
88.9950816704555,-1.52450393798565,0.57580359768477,-2.6476109981172,0.00810627432256505,0.0987433572992766,"gene-LAMP3|LAMP3"
407.326146177229,-0.669188651540546,0.2424413264122,-2.76020867169646,0.00577644520615778,0.0820667822503416,"gene-ATP11B|ATP11B"
5917.28216263854,-0.498538688320155,0.13370440268206,-3.72866321766265,0.000192498211763934,0.0126422292565531,"gene-GNB4|GNB4"
148.563756924028,-0.906429790447889,0.217401444536635,-4.16938255575916,3.0542595339159e-05,0.0041690642637952,"gene-SKIL|SKIL"
1405.84514709411,0.822869731678654,0.299191691468578,2.75030943419455,0.00595390114558002,0.0836891044602997,"gene-LEKR1|LEKR1"
28558.6559257519,0.655815924192178,0.236295159010574,2.77540990233673,0.00551321727395774,0.0807155879130532,"gene-MFSD1|MFSD1"
7544.71643747078,0.543930942355951,0.159345934768516,3.41352255484977,0.00064128850093153,0.0246751448510935,"gene-CCNL1|CCNL1"
505.572478648484,-0.555576472343041,0.194481369232517,-2.85670794346788,0.00428059510469441,0.0707823344924706,"gene-PFN2|PFN2"
2844.07416643622,0.576531198223433,0.204456477921111,2.81982358341264,0.00480500581088727,0.0744989932126764,"gene-COMMD2|COMMD2"
392.651541482845,-0.907293644854598,0.283616480083952,-3.19901595487693,0.0013789753711505,0.0382459643277459,"gene-TBC1D2B|TBC1D2B"
5613.13626107424,1.10027165602517,0.34301635681782,3.20763612042425,0.00133830710698443,0.0374161643585225,"gene-ACSBG1|ACSBG1"
71085.3700624767,1.15215089818256,0.325331964528148,3.54146233326197,0.000397915667744635,0.0192367355625297,"gene-DNAJA4|DNAJA4"
431.926427086407,0.956435192984576,0.228503206669538,4.18565326467289,2.84347127381343e-05,0.0040453211649614,"gene-SKIC8|SKIC8"
6460.3893107841,-0.543472051617432,0.163993982284505,-3.31397557426583,0.000919795418437402,0.0304346391833082,"gene-PSMA4|PSMA4"
4190.90554899427,0.394983690983827,0.141263423063225,2.7960790020432,0.00517267543288123,0.0771260412844652,"gene-TSPAN3|TSPAN3"
252.558527315887,-1.6385207022794,0.443049586191957,-3.6982783718694,0.000217066761947959,0.0134885095509831,"gene-PEAK1|PEAK1"
192.294901984154,-0.968141174625293,0.314135437047581,-3.08192282833296,0.00205668149806538,0.0471749200948341,"gene-LOC100229886|LOC100229886"
47.5397836543451,-1.16098860419388,0.341267701038204,-3.40198794278487,0.000668975891646964,0.0253939037549425,"gene-LOC140684806|LOC140684806"
189.048433939938,-0.878054241800296,0.260275841224415,-3.37355260353657,0.000742048666429713,0.0268362166298967,"gene-LOC140684789|LOC140684789"
21.3113050156754,1.60561792563503,0.538536547515714,2.98144653885014,0.00286890132771236,0.058012320969252,"gene-RPP25|RPP25"
64.1047541345328,-1.11890703321068,0.409173375229644,-2.73455483896698,0.00624646894571688,0.0855690007751488,"gene-PML|PML"
30.8776328261324,1.41296817120035,0.487796045980762,2.89663719671906,0.00377185676226764,0.065884645502875,"gene-PATL2|PATL2"
233.106148791845,0.906141192904738,0.28732902767041,3.15367089866102,0.00161230794669456,0.041493832794507,"gene-MYO1E|MYO1E"
3213.14272646853,1.0225646543357,0.257945254761579,3.96427007459728,7.36208662643391e-05,0.00692583324998915,"gene-CCNB2|CCNB2"
233.79628324884,1.38867334566959,0.468346513613475,2.96505537098043,0.0030262845466938,0.0595968313205343,"gene-MNS1|MNS1"
726.326788733585,-0.379552614104736,0.141211549109256,-2.68782983048415,0.007191803683998,0.0921095139140693,"gene-PIGB|PIGB"
16.5209103186937,1.77042641021754,0.663049875907182,2.67012554341443,0.00758228912620964,0.094743369929049,"gene-ONECUT1|ONECUT1"
2045.37805894909,-0.675982836412659,0.225965190468379,-2.99153526705369,0.0027757847404113,0.0569781314283486,"gene-DMXL2|DMXL2"
822.366758600603,-0.437180656755759,0.160206399644381,-2.72885888282985,0.006355389411985,0.0863321396809644,"gene-COPS2|COPS2"
1832.49222355524,2.00457393899417,0.594330365763586,3.37282773095183,0.000744004856650156,0.0268362166298967,"gene-HDC|HDC"
222.728892664592,-0.634423988011399,0.20246367674652,-3.13352003779761,0.00172723124943218,0.0428667391904531,"gene-POLG|POLG"
102.661218569959,1.53863378911513,0.380549203947769,4.04319276759362,5.27282347277136e-05,0.00582646993741236,"gene-LOC140684803|LOC140684803"
348.734471059053,1.10441789696766,0.279585464118511,3.95019784182884,7.80866205372899e-05,0.00724800011827125,"gene-LOC121470512|LOC121470512"
2627.25208977291,0.579797702998406,0.216786024102175,2.67451605978592,0.00748371917405329,0.0938701099642739,"gene-FES|FES"
314.402623450883,1.2544582939718,0.340160811258481,3.68783896454951,0.000226166703252466,0.0136329424627727,"gene-LOC140684778|LOC140684778"
1345.114617132,0.506133556571416,0.173060681544269,2.92460166026762,0.00344897403711768,0.0633510099192474,"gene-ZNRF1|ZNRF1"
29.2240278032156,1.62702871590925,0.45006126033043,3.61512722671287,0.00030020015649357,0.016263372680389,"gene-IL34|IL34"
255.710984481719,0.956737196926262,0.23800323355966,4.01984957354136,5.82353128597127e-05,0.00614250197686197,"gene-MTSS2|MTSS2"
264.432738322148,0.802572899884415,0.242766733509397,3.30594265648571,0.000946574574955561,0.0309494915478012,"gene-MATCAP1|MATCAP1"
216.632065503978,-0.731192819790634,0.247995378556598,-2.94841308755985,0.00319409939372085,0.0615096069969231,"gene-CDYL2|CDYL2"
1277.13604758834,-0.526906078551672,0.184022336081034,-2.86327241449456,0.00419289905674787,0.070081312805643,"gene-PLCG2|PLCG2"
3585.01470198625,-0.553735734334206,0.188799948620771,-2.93292311983863,0.00335787029415302,0.0625756885782787,"gene-GSE1|GSE1"
1105.11221527655,0.540935638306787,0.200884460147051,2.69276995299095,0.00708611438532047,0.0916062865244354,"gene-FBXO31|FBXO31"
673.216690219066,0.540044976142107,0.1995283512271,2.70660772176399,0.00679745254258502,0.0896049585369287,"gene-KLHDC4|KLHDC4"
75.216303654769,1.11719180693175,0.294594486566114,3.79230385454288,0.000149256130192737,0.0109332574119489,"gene-DPEP1|DPEP1"
35.0255289463681,1.13864545494994,0.410605628898499,2.77308778743366,0.0055527139086563,0.0809209771810738,"gene-LOC115496872|LOC115496872"
201.715157873489,2.10271015732743,0.338609107374669,6.20984525085674,5.30368035943129e-10,4.55387673296992e-06,"gene-LOC140684873|LOC140684873"
7007.62482243411,0.937589750716702,0.274444844158498,3.41631395405346,0.000634750202046535,0.0246751448510935,"gene-RGS9BP|RGS9BP"
36.720833550346,-1.41020002439079,0.481949222801127,-2.92603444029767,0.00343312928483748,0.0633105417652878,"gene-NUDT7|NUDT7"
354.260637126811,0.982741044526469,0.324299553713762,3.03034966675862,0.00244270757735506,0.0528924068421688,"gene-LOC100225286|LOC100225286"
268.413744189908,0.953283883153206,0.333677680705653,2.85690035107301,0.00427800121190297,0.0707823344924706,"gene-LOC121470571|LOC121470571"
26.0162646059182,1.23266238331067,0.456518278848574,2.70013806767975,0.00693107055380021,0.0906115449019345,"gene-LOC140684844|LOC140684844"
1129.48998449068,1.03592119578719,0.270568003001135,3.8286906962271,0.000128826790523674,0.0100361626190222,"gene-LOC115496914|LOC115496914"
277.850049997718,-0.774296689633069,0.28713399244686,-2.69663888637765,0.00700431818962013,0.0909711960392547,"gene-FGD5|FGD5"
404.944025624113,1.01255244603031,0.225483292688831,4.4905874575268,7.102700305681e-06,0.00180369314692734,"gene-LOC105759267|LOC105759267"
3609.69974170668,1.15971353621255,0.296885731117559,3.90626229104063,9.37347644684849e-05,0.00820798192260827,"gene-PRKAR2A|PRKAR2A"
715.822509538172,0.563245731774523,0.180884515697421,3.113841611057,0.00184668594942242,0.0443300146100144,"gene-SLC6A8|SLC6A8"
683.442709045941,0.702780364588064,0.252432071457032,2.78403754535481,0.00536868191851102,0.0793504865726423,"gene-LOC115496947|LOC115496947"
452.361855771799,1.33620958183262,0.241139276927039,5.54123574915137,3.00344544994993e-08,4.64633011107254e-05,"gene-CPNE9|CPNE9"
785.664207490409,0.962359837036907,0.293475916132899,3.2791782362172,0.00104109858536614,0.0328689696237024,"gene-CAMK1|CAMK1"
1195.11611861255,0.517644051043028,0.183894645846965,2.81489462979691,0.00487932294247973,0.074900565962674,"gene-BRPF1|BRPF1"
143.942044754209,-1.34507127320901,0.412310969127914,-3.26227380283864,0.00110522337088585,0.0341351934703974,"gene-PLXNA1|PLXNA1"
402.17146341505,1.28006053189164,0.418642822071804,3.05764356727007,0.00223084750375588,0.0494830667222129,"gene-MCM2|MCM2"
3486.91453030437,-0.319958941387534,0.104356379571878,-3.06602186373431,0.00216927451746572,0.0488718593959146,"gene-RPN1|RPN1"
2712.59081203395,-0.369403102904773,0.12952122149047,-2.85206623790182,0.00434360484917331,0.0709930929888389,"gene-RAB7A|RAB7A"
3222.57659696835,-0.408847330971448,0.120891675267207,-3.38193122121744,0.000719781636491461,0.0263999805375551,"gene-COPG1|COPG1"
2789.04713336216,0.451653618196894,0.152739317590377,2.9570226273248,0.00310625322030398,0.0605719377959276,"gene-IP6K2|IP6K2"
129.109570038916,1.85326261099054,0.622251546836164,2.97831740300759,0.0028983566830468,0.058012320969252,"gene-SEMA3B|SEMA3B"
98.8486525222955,0.727113072500139,0.267379359811984,2.71940613894592,0.00653992529284044,0.0875532498579014,"gene-RRP9|RRP9"
21.6989385614902,2.66826162852943,0.81182771818215,3.28673383375505,0.0010135658491549,0.032366691095834,"gene-LSMEM2|LSMEM2"
19.1497502451643,2.12162257467441,0.710705537915083,2.98523433614767,0.00283361155389695,0.0577633582209476,"gene-LOC115496949|LOC115496949"
61.2681379613904,1.50854724230702,0.395890351214022,3.81051783070986,0.000138676009147717,0.0104797588939873,"gene-SEMA3G|SEMA3G"
426.924337854819,0.350077943233669,0.129561971116206,2.70201155645956,0.00689213668141148,0.0901872359166279,"gene-IPPK|IPPK"
43.4156215485072,1.17093779031639,0.4285598417689,2.73226204649341,0.00629010898154233,0.0858599875980528,"gene-LOC100231670|LOC100231670"
77.8976420718196,1.56255253285105,0.503190666903884,3.10528917888201,0.00190093077366348,0.0450697650607589,"gene-DOCK3|DOCK3"
1425.89400072484,-0.606110537252771,0.222542118437298,-2.72357673913105,0.00645792107378909,0.0870412730981273,"gene-RAD54L2|RAD54L2"
87.1425000434675,-1.23852716880726,0.357903405060358,-3.46050680517665,0.000539159606065794,0.0225427002860482,"gene-LOC105759033|LOC105759033"
38.2800464709102,1.33791769871649,0.40424021737571,3.30970952717699,0.000933928363525918,0.0306676523711589,"gene-LOC100219184|LOC100219184"
423.170723799476,0.551611458266517,0.195268501127747,2.82488704056599,0.0047297287015354,0.073991025518514,"gene-LOC100226935|LOC100226935"
386.188352950454,0.821290699469825,0.300136058127865,2.73639463579526,0.00621164835262299,0.0853304495804089,"gene-LOC100231678|LOC100231678"
135.273288047858,-1.31045626597749,0.445235384061241,-2.94328868030228,0.00324745443529766,0.0616839128276253,"gene-IQSEC1|IQSEC1"
42.7493242430025,-1.1142778145834,0.341179849001015,-3.26595435763878,0.00109095832055453,0.0340569791414367,"gene-LOC100232716|LOC100232716"
9958.36622182285,0.701984267658755,0.262037731436911,2.67894346287213,0.00738548628727006,0.09316320036168,"gene-EGR1|EGR1"
197.381864294982,-0.730931114745999,0.258005692869654,-2.83300382490114,0.00461128342209007,0.0731688287208441,"gene-SEPTIN8|SEPTIN8"
584.510978394549,0.884488106560315,0.314002207917481,2.81682129697876,0.00485015038005717,0.074900565962674,"gene-MEIKIN|MEIKIN"
3063.95735467925,-0.549639013708505,0.186236749410831,-2.95129191981344,0.00316447682778646,0.0612781792395979,"gene-CNOT6|CNOT6"
70.1033329148359,-0.981764800842588,0.358665145833068,-2.7372740625863,0.0061950658504998,0.0853304495804089,"gene-NDST1|NDST1"
1918.50779238679,-0.560410502491358,0.200117748618437,-2.8004037940677,0.00510387184859561,0.0766316668984572,"gene-TNIP1|TNIP1"
1136.98440611937,-0.818948819360839,0.272632267483227,-3.00385873954271,0.00266579065722314,0.0558972941574063,"gene-ANXA6|ANXA6"
250.923301054197,-1.16634485164329,0.342622211873849,-3.4041717414186,0.000663650130307374,0.0253150705870399,"gene-CCDC69|CCDC69"
142.091684534541,1.15724069595264,0.408336812629588,2.83403469919917,0.00459643407631705,0.0731688287208441,"gene-FAT2|FAT2"
133.237144307807,-4.03573138282043,1.14621877401202,-3.52090846383059,0.000430071050390835,0.02029789571048,"gene-SPARC|SPARC"
253.665397599571,-1.18011576087146,0.380998777481342,-3.0974266339457,0.00195208709305764,0.0456325004233084,"gene-ITK|ITK"
460.129219088252,-1.06136237214017,0.31897609919442,-3.32740407453933,0.000876591631934358,0.0296004049078532,"gene-CYFIP2|CYFIP2"
966.388782480514,0.861297375449313,0.2695085426909,3.19580732710628,0.0013944019302667,0.0384380986172678,"gene-ADAM19|ADAM19"
33.6282811681714,-1.59590349591249,0.56569012717407,-2.82116200946426,0.00478500307670445,0.0743544618716028,"gene-EBF1|EBF1"
389.661764847614,0.955707273446109,0.317888406570706,3.00642380688249,0.0026434029097006,0.0555114611037126,"gene-CPLX2|CPLX2"
99.9264422283023,1.07070952172902,0.366672312859249,2.92007191211085,0.00349950622768044,0.0638498142820677,"gene-DBN1|DBN1"
3404.61988821559,0.528708677757579,0.192482240333696,2.74679199930853,0.00601812879423591,0.0841269148615929,"gene-PDLIM7|PDLIM7"
1350.06248591498,0.517055370899079,0.175796078054328,2.94122244717706,0.00326919671178599,0.061843785079071,"gene-DOK3|DOK3"
148.182938680676,1.40621659830794,0.380531610898684,3.69540021914853,0.000219540688490818,0.0135062495352571,"gene-LOC140685002|LOC140685002"
19.6542446766717,1.09930162091926,0.399323903967678,2.75290712626169,0.00590686505957715,0.0832401641948307,"gene-HTR4|HTR4"
9195.51909194396,-0.26901389509683,0.0889629541326973,-3.02388671463819,0.00249549864810056,0.0535464493777115,"gene-CSNK1A1|CSNK1A1"
5109.90251478723,-0.562641014160132,0.209979790730696,-2.67950078530049,0.00737320303082166,0.09316320036168,"gene-NR3C1|NR3C1"
122.862656702598,0.548994860103755,0.186006865366286,2.95147632869717,0.00316258786097267,0.0612781792395979,"gene-CDC23|CDC23"
1042.37389303989,0.670281120741757,0.168549779140266,3.9767546665484,6.98621750683908e-05,0.0068985181806894,"gene-LOC100229617|LOC100229617"
487.588528891705,-0.946683820529026,0.292850011623267,-3.23265761637351,0.00122644457931686,0.0361775166903149,"gene-DOCK2|DOCK2"
793.865610632191,-0.619413729845625,0.214590475334307,-2.88649218415054,0.003895624227674,0.066961452002352,"gene-LCP2|LCP2"
871.651316228095,0.793867871859514,0.222571540096184,3.5667986640001,0.000361368906271983,0.0179051220000883,"gene-LOC140685016|LOC140685016"
175.075861215367,-1.47016502563775,0.421829152911983,-3.48521437053097,0.000491742910301554,0.0215365181601095,"gene-MZB1|MZB1"
29.339566599081,1.14650185660724,0.325167995291576,3.52587546501672,0.000422085398105204,0.0201257331160723,"gene-LOC115497171|LOC115497171"
32.7630354695534,0.897433630355916,0.330450358208181,2.71578955224053,0.00661179314622783,0.0883120666803453,"gene-LOC115497170|LOC115497170"
11565.295371855,-0.501732039972229,0.122204018895394,-4.10569181363592,4.03106624152683e-05,0.00488039437224156,"gene-PDPK1|PDPK1"
150.989052077189,-0.826753739373663,0.243496107468596,-3.39534684134649,0.000685417103876332,0.0258619575535777,"gene-EEF2K|EEF2K"
254.418791444748,0.810531904271453,0.297874308580447,2.72105341388498,0.00650742458066572,0.0872860042741896,"gene-BHLHA15|BHLHA15"
2777.12213766142,0.7043304015894,0.20038892572546,3.51481699420036,0.000440057127108775,0.0204755612283238,"gene-LOC100226089|LOC100226089"
369.765608304288,-0.832999047121768,0.315549507494521,-2.63983630884365,0.00829460797280048,0.0997802705049082,"gene-CARD11|CARD11"
71.9954322581511,2.18109420108217,0.678989664200651,3.21226421561201,0.00131693198832791,0.03726756925506,"gene-LOC100226034|LOC100226034"
646.703357477604,0.597313852917533,0.218912958440092,2.7285449759293,0.00636144146775498,0.0863321396809644,"gene-SHMT1|SHMT1"
324.25550838707,0.825696369417076,0.287987867596723,2.86712206422988,0.00414223215184763,0.0695685141739138,"gene-LOC100230856|LOC100230856"
76.6922327041165,1.10417131092995,0.29834329959187,3.70100924820649,0.000214743648548677,0.0134075148822566,"gene-RPUSD1|RPUSD1"
34.9009979321153,2.41211522911302,0.80970058815533,2.97902121401237,0.00289170757148441,0.058012320969252,"gene-LOC115497277|LOC115497277"
4182.3967768643,0.856054485463397,0.315980137716391,2.70920346971857,0.00674449640115821,0.0891485092427816,"gene-LOC121470738|LOC121470738"
220.606454452569,1.10062728959281,0.367230424678776,2.9971026789394,0.0027255889356959,0.0564008088411119,"gene-LOC140685124|LOC140685124"
112.692826768552,1.69436853729072,0.381057679802105,4.44648835885069,8.72853948115998e-06,0.00202545758660317,"gene-MEIOB|MEIOB"
79.4605348155102,0.874788280666881,0.327780031124629,2.66882725486797,0.00761165869691089,0.0948317272718173,"gene-LOC140685123|LOC140685123"
342.682335559876,1.23481646571008,0.367234927537136,3.36247010596566,0.000772484896719402,0.0273289045153846,"gene-LOC140685068|LOC140685068"
209.85851544377,1.10628044448352,0.357707366042488,3.09269685084462,0.00198346636903093,0.046103175719562,"gene-LOC115497309|LOC115497309"
533.997199537337,0.791454945738958,0.287608036219833,2.75185268166154,0.00592591722653271,0.0834242118756471,"gene-MLST8|MLST8"
1294.17147714118,0.752860951182807,0.278174342157829,2.70643563077307,0.00680097656199861,0.0896049585369287,"gene-SCNN1G|SCNN1G"
36569.3741782475,0.588217472934817,0.192168839344907,3.06094096701639,0.00220642591984761,0.0493099006132237,"gene-ARL6IP1|ARL6IP1"
794.057255601226,1.08198441793476,0.356317323409259,3.03657539740781,0.002392822569477,0.0521365706335341,"gene-LOC140685094|LOC140685094"
2139.36095549862,1.11910060906123,0.29116962911968,3.84346613499736,0.000121308745471104,0.00965132378968104,"gene-LOC121470715|LOC121470715"
127.758409792763,-0.987753894998466,0.335069548310525,-2.9479070837051,0.00319933210248164,0.0615252774348784,"gene-CARHSP1|CARHSP1"
1520.91242621121,-0.549119499889945,0.169013206869262,-3.24897391193051,0.00115822099874618,0.0351213079151595,"gene-MGRN1|MGRN1"
243.41116446413,-1.26894023791515,0.385468628121017,-3.29194166617566,0.000994982474715758,0.0319196797130588,"gene-TRAP1|TRAP1"
74.2496498322812,1.33015428721941,0.414675715049457,3.20769757896426,0.00133802117229684,0.0374161643585225,"gene-CCDC78|CCDC78"
356.122429807618,0.768863809809973,0.265389277283495,2.89711708656811,0.00376609169554259,0.065884645502875,"gene-IGFALS|IGFALS"
3544.59568492766,-0.460339568284075,0.174333069614556,-2.64057513185461,0.00827654391775747,0.0997699748631491,"gene-NDUFB6|NDUFB6"
480.528559838235,0.860756537380082,0.220216641134995,3.90868071070264,9.28015171802759e-05,0.00817769318798089,"gene-PPL|PPL"
225.13726322873,-0.765892075682672,0.259644610826142,-2.94977073949558,0.00318009810117548,0.0614098555654178,"gene-TBC1D24|TBC1D24"
1139.36024629109,0.774614291910441,0.253721937441905,3.05300479619664,0.00226562317179543,0.049754371326353,"gene-LOC115497326|LOC115497326"
2203.15537547912,1.06957165852482,0.322824603863856,3.31316648645493,0.000922460513923439,0.0304346391833082,"gene-SCARF2|SCARF2"
585.62733017651,0.689834996677037,0.151131763766374,4.56446070293611,5.00779989822761e-06,0.00158462722688689,"gene-C15H22orf15|C15H22orf15"
461.635991878498,-0.738386993868992,0.239065014232146,-3.08864513797897,0.00201071452641378,0.0465467486738464,"gene-DDT|DDT"
164.622173441892,0.739676659099875,0.205754996883466,3.59493898230237,0.000324467614246192,0.0169197100867031,"gene-LOC140685149|LOC140685149"
2972.46893479156,-0.561966984765244,0.200353203615697,-2.80488145247315,0.00503350888437532,0.0762584811720974,"gene-KLHL22|KLHL22"
284.93650992053,-0.698635803129771,0.264379301666127,-2.64255105723839,0.00822840581864412,0.099517737285987,"gene-SPECC1L|SPECC1L"
117.618349046736,-1.12489735322412,0.347343543522436,-3.23857280263931,0.00120129357505304,0.0358150116605214,"gene-BCR|BCR"
1779.18876275936,-0.543405690714451,0.148493962103155,-3.65944637086968,0.000252760731587691,0.0146024384476988,"gene-YWHAH|YWHAH"
1752.85119597764,0.470175047225406,0.175285964090088,2.68233141008233,0.00731109918672087,0.0926227788687121,"gene-C15H12orf43|C15H12orf43"
46.21500553629,-1.17144193042462,0.364541772982016,-3.21346418228566,0.00131144153904012,0.0371877811569361,"gene-MSI1|MSI1"
399.931506117917,0.724754935321192,0.267068202676534,2.71374475904567,0.00665274026051247,0.0885526793949476,"gene-TRIAP1|TRIAP1"
46.7477507421536,1.48613374488306,0.477147381930125,3.11462202490025,0.00184180756888704,0.0442892690528745,"gene-VSIG10|VSIG10"
2668.41011785267,-0.528832838033312,0.170859113796082,-3.09513976915781,0.00196720171712819,0.0458015878053107,"gene-TPCN1|TPCN1"
417.4518222727,-1.29609666224324,0.417543888022379,-3.10409683729767,0.00190860850567446,0.0451115376328897,"gene-LOC101234199|LOC101234199"
1136.36902297225,-0.529411999689047,0.143292207074771,-3.69463218200553,0.000220205318142884,0.0135062495352571,"gene-LOC100218025|LOC100218025"
29.4061426366352,1.47063489728737,0.461089790644432,3.18947616522145,0.00142530892087606,0.0387237242449245,"gene-LOC115497456|LOC115497456"
378.765457558537,-1.24422597918994,0.426494224006844,-2.91733371556744,0.00353037832341847,0.0639031224780265,"gene-NOC4L|NOC4L"
5741.91737955254,0.711059963295042,0.261035483924723,2.72399733784889,0.00644970263720816,0.0870147381955903,"gene-CRYBB3|CRYBB3"
37.2927174730715,1.38198001937883,0.489371486304608,2.82398966440522,0.00474299143366359,0.0740321409539217,"gene-CMKLR1|CMKLR1"
25641.8813319713,0.580944394731306,0.199951620521702,2.905424788334,0.00366754980538591,0.0651199884544583,"gene-SART3|SART3"
73634.3331284004,0.51940614895015,0.173528025010206,2.9932118971538,0.00276058009627141,0.0567733481246482,"gene-SH2B3|SH2B3"
2521.13342085287,1.01949617319854,0.322714135278588,3.15913082740686,0.00158240438496748,0.0409513313232384,"gene-PHETA1|PHETA1"
242.675827022141,-0.622702256821579,0.201628146917756,-3.08836968618067,0.00201257937956299,0.0465467486738464,"gene-VPS37B|VPS37B"
419.294599244443,0.718250932874098,0.260681812756989,2.75527826539882,0.00586422378510222,0.0829221582581412,"gene-RILPL1|RILPL1"
225.222898332774,0.766564719253844,0.195322426093768,3.92461190752279,8.68696699881473e-05,0.00779393042541701,"gene-LOC140685191|LOC140685191"
6677.42263239685,-0.49188800175839,0.146425132320143,-3.35931403280504,0.000781362210707848,0.0273339348233301,"gene-EIF3CL|EIF3CL"
786.161548214374,0.679406408163295,0.226327063916902,3.00187876962317,0.00268319007091399,0.0560931762122155,"gene-BOLA2B|BOLA2B"
1189.78870210307,0.74458159063219,0.243877625720139,3.05309512684297,0.00226494127134389,0.049754371326353,"gene-SPNS1|SPNS1"
466.001431349933,1.64008716004648,0.448821173401981,3.65421075751601,0.000257974299727126,0.0147187658368265,"gene-ATP2A1|ATP2A1"
519.599498737328,0.992571874526518,0.256125004889459,3.87534155423404,0.000106475244374853,0.00893045076765706,"gene-LOC121470792|LOC121470792"
86.703184515786,0.92043027283169,0.344900246875122,2.66868545665307,0.00761487259138775,0.0948317272718173,"gene-NOXA1|NOXA1"
935.388242387175,-0.44372029140434,0.15046729759359,-2.94894836619464,0.00318857243807012,0.0614882189130891,"gene-ZNF618|ZNF618"
57.3285853489322,-0.982206929525778,0.330288296807425,-2.97378665553643,0.00294149513415861,0.0583396534941458,"gene-POLE3|POLE3"
503.787865588711,1.00994561864087,0.24032164927371,4.20247456562108,2.64012920438018e-05,0.0040453211649614,"gene-ZMYND19|ZMYND19"
374.627384150635,1.03715906818334,0.282909642844086,3.66604353869596,0.000246332004338671,0.0143839253137912,"gene-CIMIP2A|CIMIP2A"
3910.01049342695,0.705634862752942,0.239655388640614,2.94437302977196,0.00323609697877642,0.0616839128276253,"gene-TUBB4B|TUBB4B"
359.237789099713,1.63967391412523,0.361438740188004,4.53651955867361,5.71901878971794e-06,0.00168843941319658,"gene-ORM2|ORM2"
733.283902616982,-0.624306225050169,0.21215455151472,-2.94269541045813,0.00325368369199076,0.0617180354817267,"gene-SWI5|SWI5"
778.689656893559,1.05998192274918,0.313251633236832,3.38380333981464,0.000714891889012041,0.0263999805375551,"gene-IER5L|IER5L"
6311.85426389778,-0.631250079273738,0.146806473118354,-4.29987905754558,1.70891344486585e-05,0.00333913707184182,"gene-ZER1|ZER1"
23330.3284656023,0.360323132912434,0.106887933501461,3.37103657175214,0.000748859157590212,0.0268720774513622,"gene-PRRC2B|PRRC2B"
556.622214905021,0.463038146217791,0.14264814711424,3.2460158479799,0.00117032324277961,0.0352032721683263,"gene-DDX31|DDX31"
29914.3010951864,0.856932338044485,0.233306194128067,3.67299437225441,0.000239724764939402,0.014083071317516,"gene-GFI1B|GFI1B"
21.6310498985654,1.5931379400861,0.451261672446615,3.53040826943832,0.000414918864822065,0.0199893264876042,"gene-LOC115497596|LOC115497596"
11211.3180317094,-0.438047765549343,0.164702667438876,-2.6596276330006,0.00782270844438431,0.0962151675540307,"gene-BRD3|BRD3"
153.933713466011,1.00275460479034,0.379004993539977,2.6457556546272,0.00815086694019344,0.0989669554023083,"gene-DIPK1B|DIPK1B"
16520.24016232,0.780828748781782,0.200746348096372,3.88962865918204,0.000100397730583838,0.00858266568122959,"gene-HSPA5|HSPA5"
371.111602957647,0.466772725560059,0.174589260793286,2.67354775109976,0.00750535902354997,0.0938877930681816,"gene-LOC115497592|LOC115497592"
127.815588495802,-0.963724703140361,0.352682361205622,-2.73255713681265,0.00628447701285572,0.0858599875980528,"gene-CBX4|CBX4"
408.926305731047,-2.08615673037823,0.706775063789498,-2.95165581987702,0.00316075025507533,0.0612781792395979,"gene-AFMID|AFMID"
2252.2243152552,-0.479601483811051,0.165785138950948,-2.89290998485065,0.00381690669959253,0.0661803137962975,"gene-SYNGR2|SYNGR2"
305.841623574821,-1.189453795958,0.41680534016076,-2.85373933908628,0.00432079673175452,0.0709728414982118,"gene-SLC16A3|SLC16A3"
7940.16301548073,-0.339278745245925,0.0840582700109135,-4.03623278473225,5.43163249897744e-05,0.00590817338150492,"gene-PRKAR1A|PRKAR1A"
584.102837401923,0.442439433017554,0.167409164822494,2.64286267413542,0.00822083702706543,0.099517737285987,"gene-LOC115497653|LOC115497653"
103.184266324932,-1.50162170847183,0.514880013117355,-2.91644979454577,0.00354039696837936,0.0639031224780265,"gene-CD7|CD7"
345.772497302397,-1.19811695807109,0.376561166195391,-3.18173265229746,0.00146396888354257,0.0393491095860295,"gene-SEPTIN9|SEPTIN9"
365.10592119701,1.36877409493985,0.301016231315146,4.54717703746288,5.43702614331538e-06,0.00164564597811696,"gene-MXRA7|MXRA7"
14343.8363638008,0.887417844149689,0.284387888584192,3.12044879466438,0.00180575689630857,0.0440803281853327,"gene-JMJD6|JMJD6"
256.53052838647,1.14527166686984,0.380814693549857,3.00742509747695,0.00263471044352152,0.0554124977419187,"gene-ST6GALNAC1|ST6GALNAC1"
1902.81135090773,1.06936550724673,0.315275277674417,3.39184700790607,0.000694231925932018,0.025983309421375,"gene-LOC115497642|LOC115497642"
8709.30090941897,-0.395256851085083,0.134287902613633,-2.94335411747623,0.00324676801919665,0.0616839128276253,"gene-UNK|UNK"
646.340767866524,-0.660101865858561,0.22075723913615,-2.99017087023565,0.00278821428097477,0.0570886874029585,"gene-NME2|NME2"
276.870167480893,-1.32743312258781,0.364904251536264,-3.63775734867229,0.000275022342566728,0.0153165443022262,"gene-MMD|MMD"
548.178831035653,0.824485299440688,0.261726930916644,3.15017371943002,0.00163173405728327,0.0415937479717469,"gene-LOC115497794|LOC115497794"
2782.29828692118,1.16839903854644,0.301202412623899,3.87911580245334,0.000104836840765263,0.00888606319975638,"gene-LOC140680309|LOC140680309"
33088.4736772082,0.541750944873464,0.198590845739323,2.72797541526452,0.00637243571531689,0.0863908690013213,"gene-SRSF1|SRSF1"
433.126973251606,-0.61393082652231,0.216264683214338,-2.8387937290429,0.00452844197027066,0.0726376699908737,"gene-SYNRG|SYNRG"
17569.4456038173,0.771215325057329,0.183330252706324,4.20669973270989,2.59127068419263e-05,0.0040453211649614,"gene-MED13|MED13"
82.1377696098563,0.945839592485093,0.316206105448525,2.99121230168361,0.00277872234718442,0.0569781314283486,"gene-TLCD3A|TLCD3A"
100420.792338991,0.898661777827483,0.288069384001361,3.11960183114508,0.00181095652675503,0.0440803281853327,"gene-UBB|UBB"
3314.10111497069,-0.451188719655825,0.133254222215323,-3.38592437939232,0.000709389289892186,0.0263382055551171,"gene-FAM222B|FAM222B"
594.797225052963,0.824061479110462,0.276608037057014,2.97916679456644,0.00289033396784411,0.058012320969252,"gene-LOC115497775|LOC115497775"
10128.1532500623,0.664383912597341,0.245650587667099,2.70458914390102,0.00683889172194809,0.089913021194224,"gene-ERAL1|ERAL1"
1578.50000963145,0.831262814952435,0.245501255575841,3.38598192910521,0.000709240538903258,0.0263382055551171,"gene-NEK8|NEK8"
9014.05683252811,-0.552312736517332,0.165923189392438,-3.32872540926762,0.000872443742728707,0.0295735744467511,"gene-SUPT6H|SUPT6H"
2376.43483118628,-0.732339505655953,0.234930402440602,-3.11726152957624,0.00182539559552072,0.0442500444905221,"gene-ALDOC|ALDOC"
824.154985210704,-0.920670253227442,0.326874366331998,-2.81658749677649,0.0048536820249851,0.074900565962674,"gene-UNC119|UNC119"
2159.71170104135,-0.4529991106013,0.154469796235737,-2.93260638416314,0.00336129741919195,0.0625756885782787,"gene-POLDIP2|POLDIP2"
773.389073222694,0.950641670711744,0.320925478272675,2.96218821836274,0.0030546099469968,0.0600415964140566,"gene-SCARF1|SCARF1"
6483.37667524564,0.345914224799325,0.117673595791143,2.93960784043077,0.00328627888767457,0.0619984565760068,"gene-CRK|CRK"
2771.15150446994,-0.469227849890342,0.145411195152574,-3.22690319268748,0.00125137790037787,0.0366028035860526,"gene-RABGEF1|RABGEF1"
261.14030527221,0.624741567388871,0.232725133571504,2.68446109709471,0.00726468373580713,0.0924553854238051,"gene-LOC115497824|LOC115497824"
576.51702642384,1.09585879093639,0.37549428245683,2.91844334823494,0.00351783790878018,0.0638577017000605,"gene-LOC100230978|LOC100230978"
4554.55606235619,-0.399994113130742,0.106565850451543,-3.75349243154235,0.000174387800007809,0.0121400066975436,"gene-AP2B1|AP2B1"
17.7044061363956,-2.93442183117818,0.977845845096411,-3.00090433056845,0.00269179121581695,0.0561338962113843,"gene-COL26A1|COL26A1"
1137.19170871696,-0.468087286166323,0.158932928142359,-2.94518758093382,0.00322758920271591,0.0616839128276253,"gene-RABEP1|RABEP1"
108.435309139805,0.999259289552085,0.268807539237835,3.71737821188104,0.000201300973184306,0.0130358765099771,"gene-LAT2|LAT2"
63.7524175485397,0.782509850669761,0.248479540288147,3.14919228264158,0.00163722431452308,0.041596850604206,"gene-LOC140680307|LOC140680307"
223.658045413316,-0.874691085183965,0.265984165114691,-3.28850811403304,0.00100719881196266,0.0322373081815085,"gene-TSPOAP1|TSPOAP1"
1972.05904260896,-0.885665555882097,0.220001947033088,-4.02571689853679,5.68019948480147e-05,0.0061088578221441,"gene-FZD9|FZD9"
8035.17846251086,0.43475092981996,0.153121938569612,2.83924651086046,0.00452202079312168,0.0726183339130717,"gene-RBM12|RBM12"
705.090546016712,1.03209249293699,0.376010481388525,2.74485032737836,0.00605385010477914,0.084372127135976,"gene-GGT7|GGT7"
1300.28626268863,0.588773534283646,0.209848786195308,2.80570378775348,0.00502068225160866,0.0762300534232795,"gene-EIF6|EIF6"
9126.64407722851,0.954626583039415,0.358146766339534,2.66546196353033,0.00768826284027625,0.0953187602838665,"gene-L3MBTL1|L3MBTL1"
441.101176487421,1.16910552400976,0.315455715665932,3.70608445480775,0.000210488136195041,0.0133083573127425,"gene-LOC121470955|LOC121470955"
5809.34826721198,-0.365620505145031,0.120335134200897,-3.03835207874231,0.00237875855692379,0.0519113720815831,"gene-CHMP4B|CHMP4B"
51.6486619478461,-0.912196687976425,0.323723339875414,-2.81782798956506,0.00483497043068429,0.0748050257843426,"gene-PPP1R16B|PPP1R16B"
308.868442626462,-0.942885525731495,0.316601657337417,-2.97814463026205,0.0028999910503914,0.058012320969252,"gene-PLCG1|PLCG1"
3425.4117785549,-0.336584825657837,0.106206398201191,-3.16915770950289,0.00152881414843537,0.0401588116110394,"gene-STK4|STK4"
1253.58194938318,-0.40930854677006,0.150617193936428,-2.71754197560486,0.00657688124027054,0.0879634173950881,"gene-YWHAB|YWHAB"
106.798550069592,1.56806992925715,0.45728177256306,3.42911094065293,0.000605561943894308,0.023952383366024,"gene-VSTM2L|VSTM2L"
112.962824507581,1.59187516579498,0.456132260274148,3.48994207258706,0.00048312525829924,0.0213541364168264,"gene-LOC116809179|LOC116809179"
1229.78299180479,1.05145574539534,0.368375950230298,2.85430073471952,0.00431316801656946,0.0709728414982118,"gene-KIAA1755|KIAA1755"
5560.95770482333,0.987347635499271,0.268183189767708,3.68161642179915,0.000231759915459053,0.0137310353316442,"gene-ID1|ID1"
24.2121271314882,1.47923520316855,0.499458208628471,2.96167963127603,0.00305965959685779,0.0600415964140566,"gene-SDCBP2|SDCBP2"
110.943014786568,1.11296486393407,0.392490820566193,2.83564558867529,0.00457331653110151,0.0730962311655106,"gene-LOC100219985|LOC100219985"
393.853666401365,0.915855342792976,0.326822266589311,2.802303993393,0.00507390379523443,0.0763718513957286,"gene-C20H20orf204|C20H20orf204"
140.740436944892,0.996832748691537,0.316342555565996,3.15111808750491,0.00162646716665649,0.0415937479717469,"gene-LOC121470959|LOC121470959"
866.490093762154,0.793489574534011,0.299134559987698,2.65261751957596,0.00798703187694893,0.0977183170674516,"gene-CEBPB|CEBPB"
1096.97002420388,-0.37539712540621,0.140222837445513,-2.67714683460231,0.00742520862020448,0.0934730376302957,"gene-STAU1|STAU1"
8775.47423098699,-0.336984067362066,0.117452443647371,-2.8691107387582,0.00411627654573435,0.0693586149672441,"gene-UBE2J2|UBE2J2"
177.330145282334,0.616941494224588,0.219826046001202,2.80649861764431,0.00500831273675091,0.0761252600805491,"gene-LOC121471003|LOC121471003"
1167.27530914868,-0.925665183384108,0.344652744715292,-2.68579083607407,0.0072358370150134,0.0922569219414209,"gene-ENO1|ENO1"
397.618674602236,0.836620891208506,0.257121299324129,3.25379847335733,0.00113873030793965,0.0348451474229534,"gene-H6PD|H6PD"
49.1570890346833,2.45868642804618,0.775567043609398,3.17017909451612,0.00152345006782905,0.0401439210577095,"gene-TMEM240|TMEM240"
432.977123671399,0.655333136611918,0.235944864209999,2.77748421779017,0.0054781500400454,0.080371214971077,"gene-CPTP|CPTP"
396.723316182403,0.767688480358967,0.264504830010494,2.90236091465139,0.00370361578441263,0.0653171886946748,"gene-TAS1R3|TAS1R3"
180.171809944619,-0.795735624737765,0.29353457833548,-2.71087525445919,0.00671058674704844,0.0889958053825822,"gene-KCNAB2|KCNAB2"
3202.48530248051,-0.568884546108034,0.191257591745405,-2.97444164655859,0.00293522277324648,0.058298297677476,"gene-ACOT7|ACOT7"
1217.53394640464,0.819065624669027,0.292488364951792,2.8003357494375,0.00510494794175329,0.0766316668984572,"gene-FBLIM1|FBLIM1"
4085.32766340729,-0.566377172568733,0.161021404433665,-3.51740300962323,0.000435791579519343,0.0204407621688163,"gene-SDHB|SDHB"
134.736244674048,0.946079342705098,0.305223374264436,3.09962939432497,0.00193762922122513,0.0454298252542615,"gene-LOC140680416|LOC140680416"
46.5864911524269,-1.19275511610464,0.321145139403554,-3.71406871771399,0.000203953372666979,0.0131464944798257,"gene-NBL1|NBL1"
341.503516805891,1.15387648959613,0.391887830646936,2.94440500408317,0.00323576263043398,0.0616839128276253,"gene-HTR6|HTR6"
15.2432816328073,5.32899276332206,1.23050680732113,4.33073001434548,1.48615812121327e-05,0.00304290875318417,"gene-RNF186|RNF186"
11407.476906053,-0.317888263166604,0.11513401741752,-2.76102815047112,0.00576197096895798,0.0819590971568542,"gene-CDC42|CDC42"
2059.51571292521,-0.49489332639107,0.157121573764384,-3.14974776877681,0.00163411478420926,0.0415937479717469,"gene-LOC100225139|LOC100225139"
1338.04663864534,-0.689035197063188,0.221108217693014,-3.11628036376215,0.00183148055398655,0.0442500444905221,"gene-PLEKHA2|PLEKHA2"
957.837658510506,0.898350256601393,0.23086655344448,3.89121006572064,9.97455288409189e-05,0.00858266568122959,"gene-NKX6-3|NKX6-3"
456.601879239178,0.439956481859879,0.150864001320128,2.91624561200856,0.00354271491352744,0.0639031224780265,"gene-LOC115490548|LOC115490548"
471.732646188356,0.613536560461179,0.217166516290264,2.82518949487189,0.00472526616078802,0.073991025518514,"gene-BRF2|BRF2"
627.738741516052,1.0071713112361,0.353293794380089,2.85080385576357,0.00436088613217898,0.0709930929888389,"gene-ADGRA2|ADGRA2"
163.823554212215,1.30892926096437,0.412480387421774,3.17331272195966,0.00150710096797254,0.0399683176706317,"gene-NPM2|NPM2"
77.777452950488,0.989741540687265,0.350331505611668,2.82515710072723,0.00472574393560705,0.073991025518514,"gene-PCYOX1|PCYOX1"
216.705063821962,1.10641275546918,0.330651498061051,3.34615981466051,0.000819391544241375,0.0280304385023898,"gene-LOC100222168|LOC100222168"
244.766404426998,0.985672050658808,0.29709465887104,3.31770370562825,0.000907607068302801,0.0302771073734935,"gene-DOCK5|DOCK5"
61.0196397231633,1.51207791436124,0.537138551576677,2.81506123498825,0.00487679404060938,0.074900565962674,"gene-LOC121471032|LOC121471032"
320.135549201944,0.691731234503415,0.249952185446917,2.76745423636361,0.00564959767711103,0.081458269377566,"gene-SEMA4C|SEMA4C"
729.246570868847,1.26054217272254,0.366813358711034,3.43646746441304,0.000589353134326525,0.0233776743282855,"gene-NPC1L1|NPC1L1"
222.883302402248,0.811191324521507,0.280277258711083,2.89424596291526,0.00380070313288006,0.0659815333155724,"gene-LOC115498164|LOC115498164"
4481.54235433768,1.11336719173387,0.308991190599339,3.60323279629532,0.000314283811401533,0.0166480725300081,"gene-TMEM127|TMEM127"
264.728859008257,3.72651036644874,0.78678144257971,4.73639840084459,2.17549724501905e-06,0.000977078972335493,"gene-NCAPH|NCAPH"
3411.47996660384,-0.585921777419289,0.194198569847267,-3.01712714918603,0.00255182750359193,0.054325832312707,"gene-KANSL3|KANSL3"
630.690797676965,1.09670721359694,0.350983033858941,3.12467301207984,0.00178002809208628,0.0437507209195761,"gene-SLC4A5|SLC4A5"
6687.35918405531,0.640621527824065,0.200963892358524,3.18774442665144,0.00143387211374912,0.0387646629897652,"gene-MTHFD2|MTHFD2"
504.160808812903,1.07197338560349,0.345004176925467,3.10713161549657,0.00188912271097992,0.0449611205213221,"gene-ACTG2|ACTG2"
247.382613257465,0.850180986401982,0.263837685800408,3.22236371890079,0.00127137630763088,0.0368011898776397,"gene-SFTPB|SFTPB"
937.377601801016,0.897705533580767,0.256842358980084,3.49516153466873,0.000473774925522088,0.0211956782848206,"gene-LOC115498215|LOC115498215"
1410.51497509247,0.827301050751108,0.243482144566121,3.39778940351186,0.000679326930218136,0.0257018175256171,"gene-VAMP8|VAMP8"
8035.5586490318,0.880397524853622,0.258801212847674,3.40182920770086,0.00066936455347726,0.0253939037549425,"gene-GGCX|GGCX"
27842.7186415373,0.781155110417037,0.218358582213434,3.57739596263498,0.000347034273690243,0.0175063702630045,"gene-MAT2A|MAT2A"
147.713991242647,-1.78163693108127,0.461479026587956,-3.86071051647608,0.000113057785717955,0.00931422219260999,"gene-GNLY|GNLY"
294.765853062583,0.773667629850884,0.249833514967801,3.09673275801525,0.00195666183672449,0.0456325004233084,"gene-CAMK2B|CAMK2B"
266.895007468097,0.910767649451308,0.260838518432587,3.4916915451147,0.000479972181663031,0.0213503280680332,"gene-LOC140680449|LOC140680449"
60319.614855147,0.454058899500259,0.167526768444594,2.71036625200843,0.0067208948379711,0.08903427100768,"gene-LOC100218400|LOC100218400"
38745.3413001772,0.5996064442378,0.168589841249993,3.55659890176108,0.000375687083728183,0.0184830080097085,"gene-CKAP2L|CKAP2L"
2210.69097641398,1.21788208756035,0.250709505702821,4.85774196772566,1.18731997651034e-06,0.000663547078254594,"gene-LOC100227014|LOC100227014"
4037.35182600297,0.695694207870984,0.218930101445744,3.17770011193913,0.00148448208193822,0.0396707179017771,"gene-ZMIZ2|ZMIZ2"
16691.8621262673,0.546341677440298,0.201873474377368,2.70635693532973,0.00680258860687593,0.0896049585369287,"gene-SNIP1|SNIP1"
25.196004747342,-2.02174692524623,0.598224825123581,-3.37957710937286,0.000725974394163188,0.0264600562563719,"gene-C23H1orf216|C23H1orf216"
533.709527467099,-0.751783267312022,0.210105169881793,-3.57812836178654,0.000346063494731221,0.0175063702630045,"gene-PSMB2|PSMB2"
157.262859920654,-0.697765875827979,0.218260319004895,-3.19694335190782,0.00138892200250414,0.0384380986172678,"gene-LOC100227613|LOC100227613"
39.5024211950143,1.49673379203209,0.395946770004013,3.78013891113929,0.00015674088527196,0.0112489863177397,"gene-LOC140680491|LOC140680491"
262.103148636915,-1.03699214560318,0.354750753740814,-2.92315699027613,0.00346501764238267,0.0635618453687668,"gene-LCK|LCK"
2871.14197222232,1.04998498185834,0.371859352237446,2.82360783866447,0.00474864481212155,0.0740373815444215,"gene-AZIN2|AZIN2"
16147.8552482717,0.616667410454056,0.225317107011873,2.73688677540832,0.0062023636331662,0.0853304495804089,"gene-HMGCL|HMGCL"
3292.46574941841,-0.421538870380603,0.146791646806344,-2.87168159463951,0.00408294121844455,0.0689052007083678,"gene-MAN1C1|MAN1C1"
1140.13467998842,-0.469509660883878,0.173097589826254,-2.71239860332629,0.00667982142226793,0.0887481637772396,"gene-MTFR1L|MTFR1L"
119731.201573725,0.553277383162953,0.185812901871229,2.97760477120358,0.00290510334312235,0.0580312106833464,"gene-RSRP1|RSRP1"
112.278699871673,1.55000958322743,0.509841052272804,3.04018198675391,0.0023643523561075,0.0516779872120639,"gene-LIN28A|LIN28A"
2380.14072726228,1.77449507675728,0.643421442939551,2.75790478578127,0.00581731395149263,0.0823951802102054,"gene-TENT5B|TENT5B"
151.017448386431,-0.971178717865226,0.350663242511099,-2.76954810236344,0.00561341147462469,0.0813327353205157,"gene-AHDC1|AHDC1"
15946.7447055169,0.57147278320809,0.204856042226945,2.78963108432505,0.00527681305399176,0.0784925941781274,"gene-LOC140680463|LOC140680463"
2331.68833599329,0.890255512565583,0.28744309778639,3.09715390427349,0.00195388403493204,0.0456325004233084,"gene-LOC115498299|LOC115498299"
329.294868409335,-0.464189653966942,0.167819023527759,-2.76601331725756,0.0056746217376663,0.0816645907823886,"gene-TRNAU1AP|TRNAU1AP"
220.024702648154,0.861712899660345,0.309612162452784,2.783201063013,0.00538254384581719,0.0793868198785092,"gene-LOC140680477|LOC140680477"
268.793800757923,0.8265326420481,0.293692049606967,2.81428333914454,0.00488861189436745,0.0749605103582356,"gene-LOC115498308|LOC115498308"
171.486222214662,0.761111590637202,0.263207127159649,2.89168305908201,0.00383184287975512,0.0662888744280108,"gene-LOC115498305|LOC115498305"
2156.6718544818,-1.28503809050965,0.364459385057425,-3.52587460549871,0.000422086767930266,0.0201257331160723,"gene-ETS1|ETS1"
469.48291757514,1.07409554146943,0.291114443159645,3.68959894195426,0.000224607861987948,0.0136329424627727,"gene-CHEK1|CHEK1"
9372.98551864387,-0.521167313173169,0.17452097136677,-2.98627327759878,0.0028240015584999,0.0576518675938329,"gene-ZBTB44|ZBTB44"
66508.2879990377,1.74949054042664,0.342757388441357,5.10416580188748,3.32256876305923e-07,0.000328214317557659,"gene-HSPA8|HSPA8"
330.943296045268,1.88802666573606,0.384069203564037,4.91585018589303,8.8397981029459e-07,0.000559438677215072,"gene-LOC115498370|LOC115498370"
292.113338269962,1.9309267271016,0.378870373167672,5.09653660949376,3.4592369155609e-07,0.000328214317557659,"gene-LOC115498371|LOC115498371"
503.268243493618,1.74604909291485,0.37189977002776,4.69494534181754,2.666780207603e-06,0.00111155196012202,"gene-LOC115498372|LOC115498372"
437.397221767086,-0.799635633469742,0.291030575418604,-2.74760008401037,0.00600331834943174,0.0840042224915962,"gene-UBASH3B|UBASH3B"
86.5813737469468,2.19691893190402,0.609734556928886,3.60307433282028,0.000314475549478714,0.0166480725300081,"gene-ABCG4|ABCG4"
4318.04511978145,0.381704114998145,0.134246794486202,2.84330152134378,0.00446488087135227,0.0720611002056335,"gene-HINFP|HINFP"
40.5684846919585,-1.60157892739744,0.587616334220867,-2.72555208922334,0.00641940464039165,0.0866899813852308,"gene-POU2AF1|POU2AF1"
1083.45639420868,-0.538482705292935,0.188752496336669,-2.85285077412946,0.00433289630636214,0.0709728414982118,"gene-DLAT|DLAT"
578.967649483448,-1.30667228495497,0.373241726524628,-3.50087407729519,0.000463734905215186,0.0209629256016592,"gene-CD3E|CD3E"
201.701033076759,-0.983175941447669,0.372248101314645,-2.64118457011721,0.00826166979168836,0.0996849656578683,"gene-FXYD6|FXYD6"
27.40578909022,1.23579737955386,0.444750900634436,2.77862816644328,0.0054588973229681,0.0801732356832119,"gene-LOC100222418|LOC100222418"
1135.78290853056,0.483265002642513,0.1546746851999,3.12439622565222,0.00178170356686057,0.0437507209195761,"gene-DPAGT1|DPAGT1"
71.8793748345239,1.49758229624845,0.473756591148852,3.16107960127128,0.0015718553619275,0.0407540823167906,"gene-LOC140680580|LOC140680580"
44.5348798941292,2.22892961066987,0.579091647428808,3.84901011880661,0.00011859610889537,0.00951947159283028,"gene-LOC140680623|LOC140680623"
48.2371371061448,1.5818894671254,0.475248995403498,3.32854878689926,0.000872997134066991,0.0295735744467511,"gene-LOC140680616|LOC140680616"
82.6793637886371,1.23641436968443,0.465920753834657,2.65370099852475,0.00796143387479163,0.0974908037279893,"gene-LOC140680607|LOC140680607"
15.1575168008162,1.89081111767032,0.679622483424395,2.78214915454702,0.00540002161878865,0.0795603185168195,"gene-LOC140680630|LOC140680630"
2443.5718124265,-0.356473601357391,0.124382717895123,-2.86594156639963,0.00415770982062185,0.0697443299186965,"gene-SHC1|SHC1"
188.176427551826,0.82077408251924,0.296179437728171,2.77120548548186,0.0055849169820967,0.0811134454445794,"gene-GPATCH4|GPATCH4"
39.7141026168972,1.42357042705807,0.440179730749626,3.23406628613663,0.00122041126931309,0.0360974168968949,"gene-CRABP2|CRABP2"
812.125932311978,-0.494823072979239,0.152360656731531,-3.24770897943259,0.00116338195688822,0.0351361539821144,"gene-GOLPH3L|GOLPH3L"
132.042061509935,1.14957666962937,0.366036508178384,3.14060658962778,0.00168598343250183,0.0421435320120701,"gene-INSRR|INSRR"
597.442213070328,-0.722158462593887,0.210086951883194,-3.43742653277867,0.000587270009499651,0.0233776743282855,"gene-PEX19|PEX19"
366.184577918884,1.07818643990687,0.300230673479653,3.59119348936191,0.000329167140164613,0.0170089396563409,"gene-LOC115498413|LOC115498413"
3040.0577675531,-0.459799840579367,0.172664623104946,-2.66296495663677,0.00774554800026244,0.0956039581628138,"gene-NDUFS2|NDUFS2"
679.809471061867,0.701553517594079,0.263256088178454,2.66490899583114,0.00770091593078387,0.0953187602838665,"gene-ITGA10|ITGA10"
100681.195387656,0.709940460851148,0.210789487339355,3.36800696188514,0.000757136842027176,0.0270297852603702,"gene-TXNIP|TXNIP"
879.896365810087,1.89590585579789,0.398275979088147,4.76028170249827,1.93322934012623e-06,0.00096129828937777,"gene-HJV|HJV"
178.597550356297,0.883466006522309,0.322707654815186,2.73766671890157,0.00618767478923868,0.0853304495804089,"gene-CA14|CA14"
1108.41998854148,-0.707941332446208,0.219759495159895,-3.22143683453184,0.00127549574711907,0.0368216052191821,"gene-SNAPIN|SNAPIN"
225.937261426706,0.975299030318113,0.314549284164964,3.10062390670272,0.00193113398563492,0.0454175312195861,"gene-S100A11|S100A11"
159.056394735118,0.667921363488314,0.229955077173853,2.90457323968257,0.00367754151660347,0.0651199884544583,"gene-LOC105758865|LOC105758865"
8629.40633587606,-0.327959160106397,0.115993770419033,-2.827385978761,0.00469297246626949,0.0737474668711853,"gene-LOC100229769|LOC100229769"
785.213903975548,0.603262671781295,0.206895597340079,2.91578303036434,0.00354797139574456,0.0639031224780265,"gene-WDR77|WDR77"
970.692295016469,-0.59721564969442,0.185478659179297,-3.21986180155156,0.00128252408392164,0.0368937661579361,"gene-TRAF3IP3|TRAF3IP3"
58.0854901691655,1.63152984497766,0.453717380865309,3.59591656344767,0.000323251403610348,0.0169196589942364,"gene-LOC140680687|LOC140680687"
3454.50261449297,0.813638699176856,0.244560406490659,3.32694368173588,0.000878041171223398,0.0296004049078532,"gene-MAPK13|MAPK13"
367.880204547723,0.975312338801014,0.343754991014251,2.83723106368099,0.00455066658378988,0.0729101620783734,"gene-SCUBE3|SCUBE3"
428.470090357169,-0.72055799053806,0.248236933566727,-2.9027025921764,0.00369957786009724,0.0653171886946748,"gene-TMEM167B|TMEM167B"
592.378393078808,1.25822562949769,0.278760120489416,4.5136500417945,6.37213315453051e-06,0.00175771859422736,"gene-PLEKHA6|PLEKHA6"
18359.1959886085,0.642148307048537,0.241510355823431,2.65888518469168,0.00783996754736736,0.0963423373009671,"gene-BTG2|BTG2"
2557.54595646238,-0.581627428035485,0.165553704572486,-3.51322508630924,0.000442702273518978,0.0204755612283238,"gene-TIMM17A|TIMM17A"
2273.52762997899,-0.621485860729835,0.142758441987902,-4.3534088217529,1.34036856887691e-05,0.00287106947453435,"gene-PPP1R12B|PPP1R12B"
231.64510783049,-0.760102887244578,0.2328852237772,-3.26385193064788,0.00109908588922602,0.0341351934703974,"gene-LOC115490595|LOC115490595"
4064.72009013488,-0.345215458797135,0.121706518396322,-2.83645825503763,0.00456169413149919,0.0730028360837508,"gene-KCTD20|KCTD20"
2775.71885779713,0.504709965974526,0.185118100819679,2.72642147763906,0.00640251843782699,0.0865458875823933,"gene-SRSF3|SRSF3"
3692.16062613957,0.764899725902243,0.200106856748811,3.82245635321933,0.000132128871316185,0.0101637031786477,"gene-RAB44|RAB44"
546.1697274015,1.16124912498003,0.357878466026731,3.24481419033826,0.00117527284467514,0.0352657840870949,"gene-EIF2D|EIF2D"
1079.43845272759,-0.592606168517629,0.179995870888562,-3.29233201624119,0.000993602355119139,0.0319196797130588,"gene-LIMD2|LIMD2"
305784.90815601,-0.670433649190101,0.172880166589903,-3.87802523802785,0.000105307794868908,0.00888606319975638,"gene-SLC4A1|SLC4A1"
2884.87426246741,-0.61294003864651,0.193366548574938,-3.16983492317426,0.00152525563740059,0.0401439210577095,"gene-ATXN7L3|ATXN7L3"
119.255428355666,-0.948825304683317,0.293400011221838,-3.23389662028989,0.00122113649058662,0.0360974168968949,"gene-SKAP1|SKAP1"
726.108762552087,-0.74720453715609,0.216157798873277,-3.45675493112391,0.000546721805492624,0.0226546283630898,"gene-PSMB3|PSMB3"
608.398147317939,-1.22927738109943,0.419796387745508,-2.92827050680734,0.0034085335511363,0.0631077295644556,"gene-LOC101232986|LOC101232986"
250.030677112843,-1.06281460823239,0.362605431598278,-2.9310498840234,0.00337818530231526,0.0627963604327576,"gene-LOC115490733|LOC115490733"
5771.43903336867,-0.487189992960227,0.156605040261576,-3.1109470815657,0.00186488355909304,0.0445364902114107,"gene-STAT3|STAT3"
58.9457006630097,1.2776500074037,0.423603586322626,3.01614539785934,0.00256010466276175,0.0543358799079753,"gene-KCNH4|KCNH4"
118.454674388855,1.50251187788594,0.368036171586743,4.08251143198247,4.4551619746259e-05,0.00513482427872782,"gene-LOC100190429|LOC100190429"
261.211552049612,-1.42155991462427,0.452239211887512,-3.14338048815162,0.00167008598102944,0.0419722150069907,"gene-CCR7|CCR7"
238.16774772069,0.963707860538355,0.344954758130079,2.79372247468739,0.0052105174295817,0.0775893413604984,"gene-RAPGEFL1|RAPGEFL1"
89.7152984386402,2.16349112952876,0.687626499350551,3.14631726900015,0.00165340542187992,0.0417792444443449,"gene-PNMT|PNMT"
147.24542446532,0.98209394535428,0.330616964578337,2.97048866384345,0.00297326378712266,0.0587187967490905,"gene-FBXO47|FBXO47"
8509.33091787555,0.487779776363503,0.154795780408983,3.1511180412977,0.00162646742397822,0.0415937479717469,"gene-LASP1|LASP1"
340.561670753775,0.76871566813089,0.2583240853067,2.97578008344913,0.00292244349954694,0.0581912392284596,"gene-GJC1|GJC1"
360.994821303328,-0.796020355584817,0.277038495088288,-2.87332038578659,0.00406181969407167,0.0686319364084464,"gene-JAK3|JAK3"
101.990905112933,-1.00023030114394,0.28839244208982,-3.46829581904374,0.000523770378215041,0.0222735085829948,"gene-NR2F6|NR2F6"
786.072260497157,0.450329164467635,0.136025995054563,3.31061106582605,0.000930925004601043,0.0306412974918684,"gene-SUGP1|SUGP1"
21927.9995721034,1.13850219296169,0.411730980938218,2.76516037332766,0.00568948165330151,0.0816645907823886,"gene-JUND|JUND"
53.6874889228031,1.66624774276388,0.551113924192283,3.02341797153093,0.00249936776716291,0.0535464493777115,"gene-LOC140680771|LOC140680771"
315.221159682164,1.09650022351318,0.39891565532315,2.74870190949247,0.00598317718624248,0.0838910130554422,"gene-RAB3A|RAB3A"
3361.70489538041,-0.78914600342683,0.199986037466016,-3.9460054983135,7.94657894761843e-05,0.00732716680050936,"gene-ZBTB7A|ZBTB7A"
2572.5303232899,-0.582705981630766,0.190816253249704,-3.05375444547814,0.00225996980782903,0.049754371326353,"gene-MAP2K2|MAP2K2"
4236.39564437822,-0.548380260074446,0.173995776037528,-3.15168719932701,0.00162330069984388,0.0415937479717469,"gene-ARHGAP45|ARHGAP45"
23.2683551232778,-3.54484417261287,1.20170392836596,-2.94984820215494,0.0031793009279702,0.0614098555654178,"gene-LOC100220416|LOC100220416"
3332.62639859417,-0.6677164072586,0.235739148967002,-2.83243750639001,0.00461945949717392,0.0731688287208441,"gene-PWWP3A|PWWP3A"
1549.52195542995,-0.598013422677307,0.219171269697273,-2.72852104887335,0.00636190298877178,0.0863321396809644,"gene-NDUFS7|NDUFS7"
445.823953860313,-0.614884905943503,0.17215150140225,-3.57176615327193,0.000354581953384019,0.0177589148739318,"gene-SGTA|SGTA"
3204.10273082977,-0.862661628676919,0.230905684796584,-3.73599129634629,0.000186977135337986,0.0124558978723003,"gene-KDM4B|KDM4B"
363.622324493067,0.92293302164521,0.27932529778161,3.3041512135675,0.000952644334719004,0.031062452159936,"gene-GRIN3B|GRIN3B"
7495.81057483638,-0.280405899334047,0.0914213919764505,-3.06718037509511,0.00216088419415621,0.0487617352272884,"gene-PTBP1|PTBP1"
2198.43587475691,-1.45868886224497,0.287390181905527,-5.07563916266452,3.86195579452517e-07,0.000328214317557659,"gene-LOC101233818|LOC101233818"
1432.99593918002,1.30308013209609,0.287478561654756,4.53279063522313,5.8209503579283e-06,0.00168843941319658,"gene-LINGO3|LINGO3"
1827.23535447248,0.725018787101298,0.247852711273356,2.92520014558839,0.00344234746190114,0.0633140858152232,"gene-PEAK3|PEAK3"
21980.888861842,-0.481508634695743,0.168393326217075,-2.85942825355817,0.00424405408757325,0.070521426187319,"gene-DOT1L|DOT1L"
17.3259970894621,-1.80034253250331,0.643795958353066,-2.79644895116905,0.00516675725819508,0.0771260412844652,"gene-PRAM1|PRAM1"
79.7663346003947,1.81045452477093,0.641524227654242,2.82211403206225,0.00477082102611499,0.0742601701415144,"gene-ATP8B3|ATP8B3"
4283.43159504543,1.21601661906236,0.298790147780483,4.06980159183745,4.70531923580231e-05,0.00528428867161331,"gene-LOC115490794|LOC115490794"
337.739016249832,5.48880972754534,0.964668850257679,5.68983825494022,1.27159761794602e-08,3.54089072693248e-05,"gene-LOC140680860|LOC140680860"
154.65783198396,2.27966388439496,0.538674716488141,4.23198604764132,2.31636781368547e-05,0.00398498083216754,"gene-LOC140680853|LOC140680853"
1840.49679641708,-0.750339524197902,0.197071681045731,-3.80744468315457,0.000140410133227638,0.0105103778759592,"gene-TAMALIN|TAMALIN"
95.6423017471063,-1.05925354535115,0.367719500139942,-2.88060204843103,0.00396916438051763,0.0678902649507948,"gene-ARF3|ARF3"
8834.43177188123,-0.584884005028906,0.185815458681587,-3.14766063695036,0.00164582647150508,0.0416725633510846,"gene-KMT2D|KMT2D"
2138.59875080993,-0.735656299215026,0.227935927785679,-3.22746969449564,0.00124890269623478,0.0366028035860526,"gene-LMBR1L|LMBR1L"
846.912045104423,-0.782990764101239,0.182292189568101,-4.29525129933628,1.74495559288389e-05,0.00333913707184182,"gene-TUBA1B|TUBA1B"
513.354643017093,-0.731714867049513,0.180250350340481,-4.05943658732065,4.91912641980773e-05,0.00547911977143864,"gene-LOC115491411|LOC115491411"
628.556545022631,-0.951280736999532,0.236464409464498,-4.02293410308055,5.74775820369803e-05,0.0061088578221441,"gene-LOC115490530|LOC115490530"
59.6070015228865,1.61781494766714,0.432762054239795,3.73834750948544,0.000185233791385033,0.0123990869108357,"gene-SLC39A5|SLC39A5"
313.177354344609,0.897376387595851,0.324274849921061,2.76733267416299,0.00565170496435601,0.081458269377566,"gene-LOC115491449|LOC115491449"
250.870782805032,1.06847298483569,0.323955428037152,3.29820985346526,0.000973033835634153,0.0315702075921053,"gene-LOC100220064|LOC100220064"
99.9885266685273,1.14751888741181,0.331020871396375,3.46660584443249,0.000527074170905722,0.0222735085829948,"gene-IL23A|IL23A"
13603.9925343712,-0.542762412058767,0.187020957335755,-2.90214754426884,0.00370613941455096,0.0653171886946748,"gene-CS|CS"
4680.25524030399,-0.608409057032624,0.216959918173599,-2.80424634261619,0.00504343547841343,0.0763258175716849,"gene-MYL6|MYL6"
8064.36940509185,0.968372998532841,0.243616761957899,3.97498509852205,7.03836628995079e-05,0.00690106858133696,"gene-IKZF4|IKZF4"
591.467742664618,1.05346911236528,0.351472711658902,2.99729986829719,0.00272382637904572,0.0564008088411119,"gene-PMEL|PMEL"
5110.45926200537,0.547469910872651,0.165069046538139,3.31661157772641,0.00091116196146619,0.0302771073734935,"gene-SMARCD1|SMARCD1"
29.9200007012039,1.23252802219504,0.352249321409762,3.49902170786946,0.000466968561583473,0.0210407873233874,"gene-SP7|SP7"
2554.48422849735,0.705335715862901,0.210706365294915,3.34748176627545,0.000815493522774384,0.0279658037379009,"gene-KRI1|KRI1"
2097.69239822663,-0.648205614694862,0.239712462184464,-2.70409643615464,0.00684904087176356,0.0899615057146831,"gene-PGLS|PGLS"
29.3535820997583,4.76566566656715,1.50748253759081,3.16134054473588,0.00157044775945475,0.0407540823167906,"gene-LOC140680927|LOC140680927"
11.4482363340281,3.34852137364008,1.22376681323098,2.7362413634991,0.00621454254647236,0.0853304495804089,"gene-LOC121468912|LOC121468912"
17.1371468932444,2.86678854466523,1.01328607831206,2.82919957751788,0.00466645886117879,0.0734967270635659,"gene-LOC140680926|LOC140680926"
122.299661838655,6.39493456049061,1.94924506945761,3.28072373283983,0.00103541108434204,0.0328383337751578,"gene-LOC140680924|LOC140680924"
16.2470330080546,4.61649989343481,1.32993704616987,3.47121685701592,0.000518105403951676,0.0221275507338012,"gene-LOC140680930|LOC140680930"
63.1158104733737,6.3902030168996,1.47109298318908,4.34384711906296,1.40008967798714e-05,0.00290946993830074,"gene-LOC140680925|LOC140680925"
223.441749763617,0.983838431321789,0.235197316795001,4.18303424855525,2.87644038878962e-05,0.0040453211649614,"gene-SUV39H1|SUV39H1"
1011.55123435077,-0.671464691099215,0.229428589191646,-2.92668273585699,0.00342598174521152,0.0632625249848541,"gene-NDUFB11|NDUFB11"
167.126151034871,0.907385146956521,0.29092722398162,3.11894203140592,0.00181501666278734,0.0441020540942202,"gene-ZWINT|ZWINT"
1000.25941065158,0.929764593865768,0.282965893481073,3.28578325263062,0.00101699233402834,0.0324017946605873,"gene-NRXN2|NRXN2"
56.2745827250371,1.09350174981941,0.360236380768226,3.03551170341943,0.00240127903955753,0.0522390751058741,"gene-EHBP1L1|EHBP1L1"
3358.84063206687,1.58923990718767,0.321789751148143,4.93875240437981,7.86239639868997e-07,0.000547340725294802,"gene-PYGM|PYGM"
8504.0954795197,1.1489956910511,0.310393253351652,3.70174183441213,0.000214124432164424,0.0134075148822566,"gene-LOC115491955|LOC115491955"
1579.40307427726,1.44247163274724,0.542027387942149,2.66125229985831,0.00778505979911292,0.0959360187510192,"gene-HDAC6|HDAC6"
233.251649089412,0.786365171081882,0.290911069060158,2.70311189471882,0.00686936171553179,0.0900584963892177,"gene-SPATA16|SPATA16"
236.211533324474,1.00757207865236,0.36162778277002,2.78621313587827,0.00533277953055463,0.0789875419190554,"gene-LOC115492010|LOC115492010"
1246.85610010599,-0.707452123121158,0.242270904082891,-2.92008702324035,0.00349933653935018,0.0638498142820677,"gene-CAPN1|CAPN1"
917.066183200694,0.667391480089167,0.252832262500648,2.63966106812597,0.0082988977407659,0.0997802705049082,"gene-LOC115491968|LOC115491968"
218.220364175865,0.655267511189088,0.222872964029069,2.94009421036651,0.00328112466551339,0.0619852085725141,"gene-LOC121468425|LOC121468425"
195.338572792693,0.8568194191534,0.215419455985802,3.97744676882794,6.96592101983147e-05,0.0068985181806894,"gene-LOC121468463|LOC121468463"
121.612611606847,3.4619803583859,0.771229601606001,4.48891011337831,7.15884942807881e-06,0.00180369314692734,"gene-LOC140681124|LOC140681124"
77.5136434754756,1.93164786303011,0.574526712580199,3.36215500643144,0.000773366974004274,0.0273289045153846,"gene-LOC116808623|LOC116808623"
2022.26375901182,0.764199028858767,0.219053899381648,3.48863467400475,0.000485494185972133,0.0213909352888924,"gene-LOC121468501|LOC121468501"
2346.96204969748,-0.401538958373313,0.119936891787279,-3.34791866280381,0.000814209039193266,0.0279658037379009,"gene-KIF1C|KIF1C"
232.722778823756,0.926075503124642,0.317694791197157,2.91498484956252,0.00355705809958131,0.0639031224780265,"gene-ACHE|ACHE"
942.245306485112,0.865665365195768,0.261233819712075,3.31375687171699,0.000920515109367715,0.0304346391833082,"gene-EIF4A1|EIF4A1"
1140.57850268192,2.88122250329452,0.765811922298082,3.76231084865906,0.000168350623341458,0.0118982016689499,"gene-LOC140681175|LOC140681175"
42256.900953224,0.568281911804148,0.197739801121574,2.87388734377637,0.00405453559059634,0.0686319364084464,"gene-POLR2A|POLR2A"
396.037879720516,0.971790488370655,0.296082370872868,3.28216261409202,0.00103014179226888,0.0327458086158896,"gene-WRAP53|WRAP53"
168.583102850456,1.69726389499813,0.33388632489775,5.08335852184993,3.70818810026551e-07,0.000328214317557659,"gene-EFNB3|EFNB3"
241.703590121429,-0.814631136936749,0.264220253626451,-3.08315174842144,0.00204820682394109,0.0470958592067247,"gene-VAMP2|VAMP2"
116.413320364004,-2.8437001354291,0.622280977494569,-4.56980084282573,4.88187912788141e-06,0.00158070704877891,"gene-RABAC1|RABAC1"
249.604475070887,-1.46578621850984,0.507589750671402,-2.88773801395911,0.00388022912541146,0.0668083168106143,"gene-CD79A|CD79A"
323.563720007368,1.27801396655659,0.311150716624079,4.10737915188746,4.00174033090335e-05,0.00488039437224156,"gene-LOC115492926|LOC115492926"
86.6876341181325,0.878851022567845,0.303165191392124,2.898917974495,0.0037445284135927,0.0658271074525899,"gene-TYROBP|TYROBP"
380.257111841502,5.55091503096921,1.0012617577838,5.54391994682353,2.95774100404802e-08,4.64633011107254e-05,"gene-LOC140681269|LOC140681269"
188.416190826087,3.89216507790928,0.77914918106711,4.9954041825195,5.87126696483031e-07,0.000430240262901749,"gene-LOC140681274|LOC140681274"
81.1477366195544,5.01503401148226,1.056587900912,4.74644277788294,2.0702525697028e-06,0.000977078972335493,"gene-LOC140681345|LOC140681345"
77.068863367557,4.00203437557465,0.748673817977977,5.34549797184489,9.01688077416083e-08,0.000104618359182201,"gene-LOC140681336|LOC140681336"
6747.21236076752,0.67779555810525,0.205471484705785,3.29873295594174,0.000971222563670577,0.0315702075921053,"gene-CLASRP|CLASRP"
80.5747518065806,1.58483972698183,0.538734638040127,2.94178175130404,0.00326329828996115,0.061816193321264,"gene-NKPD1|NKPD1"
554.416654168506,0.937326046978951,0.353846369871829,2.64896329816375,0.00807390992895128,0.0985956254534909,"gene-LOC115492889|LOC115492889"
172.450235745727,3.02043512424018,0.76150504408289,3.96640199261951,7.29657589123088e-05,0.00692583324998915,"gene-LOC140681287|LOC140681287"
282.981777177128,0.986331492543783,0.235750556517463,4.18379284916225,2.8668536554585e-05,0.0040453211649614,"gene-PPP1R13L|PPP1R13L"
128.141994512675,1.11523407220672,0.302722511162886,3.68401434013822,0.000229589316009651,0.0136605643025742,"gene-DMPK|DMPK"
4686.74116850413,0.56513205057086,0.201821108969626,2.80016324088236,0.00510767700077342,0.0766316668984572,"gene-ZC3H4|ZC3H4"
2870.84298849618,-0.4156462385678,0.115576517151395,-3.59628624232845,0.000322792598243217,0.0169196589942364,"gene-LOC115493148|LOC115493148"
141.656829143398,1.1313510824759,0.321307660117888,3.52108344401379,0.000429787346681742,0.02029789571048,"gene-EHD2|EHD2"
306.775010380744,1.30475357786403,0.370454363892788,3.52203592408386,0.000428246107190481,0.02029789571048,"gene-SLC8A2|SLC8A2"
3091.25488549032,0.954787089193005,0.282435383398054,3.38055054471474,0.000723407684669489,0.0264357091696937,"gene-HNRNPL|HNRNPL"
45.9568035255018,1.74148078218308,0.470012936079199,3.70517628027505,0.000211243766868928,0.0133083573127425,"gene-EXOC3L2|EXOC3L2"
2904.11555420686,-0.924716189187109,0.324401845863503,-2.85052690352507,0.00436468577544097,0.0709930929888389,"gene-PPT2|PPT2"
13.9478967911876,1.94305757459209,0.70051888967742,2.77374044186995,0.0055415872530491,0.0809209771810738,"gene-TRIM7|TRIM7"
346.058585032932,0.452201936496881,0.160751163068439,2.81305545705046,0.00490731870065948,0.07508197612009,"gene-GNL1|GNL1"
74787.05872553,0.876499309595125,0.201561137262267,4.34855310651795,1.3703863665935e-05,0.00289089233061838,"gene-PPP1R10|PPP1R10"
116.437467572995,-0.751545040344151,0.228285902653725,-3.2921219909235,0.000994344699088803,0.0319196797130588,"gene-LOC100224616|LOC100224616"
49.9992675905637,1.30542245209176,0.368282030222784,3.54462706557275,0.000393168945383378,0.0191401791138908,"gene-LOC121468673|LOC121468673"
727.671118569773,-1.43427057757118,0.470156292891356,-3.05062507778157,0.00228365540429417,0.0500713924314768,"gene-LOC115493017|LOC115493017"
192.981072849234,-1.28038133484906,0.44316018745493,-2.88920659186985,0.00386215244036835,0.0666328976793662,"gene-LOC121468772|LOC121468772"
390.037436779448,-0.537009151152639,0.173026329938784,-3.10362677947704,0.00191164312313473,0.0451115376328897,"gene-PABPN1|PABPN1"
2026.59654302915,0.51566686006408,0.123909030361621,4.16165681031589,3.15946928409856e-05,0.00424781152775399,"gene-NGDN|NGDN"
22.0514414632121,4.02515555781012,1.10821042760213,3.63212207497404,0.000281100079726927,0.0154693929250514,"gene-LOC140681495|LOC140681495"
143.186883329204,3.97314709711221,0.843194298766828,4.71201845520415,2.45275160595983e-06,0.00106717689405559,"gene-LOC140681497|LOC140681497"
136.285628129947,1.32410661168059,0.492695000210379,2.68747726507313,0.00719940030885872,0.0921095139140693,"gene-LOC140681492|LOC140681492"
4539.51158658202,0.971975717824646,0.253124545638325,3.83991096309343,0.000123078939454571,0.00973652314787493,"gene-RCVRN|RCVRN"
501.259652960321,0.961625647819634,0.286639244290597,3.35482899489063,0.000794140593624157,0.0276420487125729,"gene-DBP|DBP"
1527.05687983673,0.777300724624217,0.263817138228484,2.94636174830696,0.00321536118983015,0.0616839128276253,"gene-ZNF865|ZNF865"
78.4273252201721,0.867495767982517,0.308149222268655,2.81518078025913,0.00487498019245025,0.074900565962674,"gene-TNNT1|TNNT1"
157.796581610586,1.62009904049902,0.497077095106573,3.25925104264092,0.00111706773546488,0.0344091461966316,"gene-MYBPC2|MYBPC2"
50.5608263299913,-1.48281395568322,0.495206428823306,-2.99433502752909,0.0027504374966574,0.0566980688161433,"gene-LRRC4B|LRRC4B"
114.943741309793,-0.812370698169876,0.307149299482058,-2.6448723781554,0.00817217326517999,0.0991125160027012,"gene-JOSD2|JOSD2"
166.772450080855,0.90167732207055,0.302607821550955,2.97968941268334,0.00288540778782357,0.058012320969252,"gene-LOC115491526|LOC115491526"
275.355954803583,6.49949951232998,1.05224434197619,6.17679682660347,6.54151653087685e-10,4.55387673296992e-06,"gene-LOC140681561|LOC140681561"
230.701423235166,0.917023229815689,0.250199517320657,3.66516786137692,0.000247176406955862,0.0143839253137912,"gene-LOC140681755|LOC140681755"
377.232986481477,1.13430540852018,0.248097864099437,4.57200795596349,4.83072592448186e-06,0.00158070704877891,"gene-LOC140681757|LOC140681757"
85.4776240584704,1.06893836844145,0.352226520308374,3.03480376067535,0.00240692240620153,0.0522801570382901,"gene-LOC140681756|LOC140681756"
1000.09358426914,0.731398526513025,0.225327625870451,3.24593366520238,0.00117066113725024,0.0352032721683263,"gene-LOC140681748|LOC140681748"
152.831147501547,1.36246333589918,0.30914431489579,4.40720812335965,1.04711563516697e-05,0.00235145015942415,"gene-LOC140681744|LOC140681744"
1287.96073403151,1.28503161942124,0.273916557192767,4.69132509765342,2.71441260103057e-06,0.00111155196012202,"gene-LOC140681743|LOC140681743"
107.442282231281,1.36419486504353,0.467936500646334,2.91534185334814,0.00355299125915464,0.0639031224780265,"gene-LOC140682029|LOC140682029"
1178.212686961,0.921754977207311,0.214867640854277,4.28987340086469,1.7877499831905e-05,0.00333913707184182,"gene-LOC140682027|LOC140682027"
110.02751258245,0.634130765684049,0.225045151282587,2.8177935053032,0.0048354897081023,0.0748050257843426,"gene-LOC140681870|LOC140681870"
63.1573594810159,1.06166391830644,0.257415188383057,4.12432508343909,3.71823433243548e-05,0.0047934237602314,"gene-LOC140681742|LOC140681742"
606.976657480823,0.762147628315931,0.243031439820435,3.13600425063954,0.00171266721359224,0.0427102555479529,"gene-LOC140682028|LOC140682028"
992.281983879992,0.807749629362237,0.233685850577657,3.45656199280158,0.000547113346653569,0.0226546283630898,"gene-LOC140681735|LOC140681735"
57.9434754850103,1.10382998166934,0.260842087585342,4.23179400183334,2.31834696118344e-05,0.00398498083216754,"gene-LOC140681734|LOC140681734"
820.878767046122,1.36136439702076,0.304349582836562,4.47302862823972,7.71194478603827e-06,0.00185358128048626,"gene-LOC140682026|LOC140682026"
48.0721913602269,1.23068904375202,0.291566055637079,4.22096132234234,2.43262677299824e-05,0.0040453211649614,"gene-LOC140681730|LOC140681730"
107.181355919465,1.03282115971068,0.321068386583244,3.21682608089132,0.0012961714631286,0.0369788309033903,"gene-LOC121469191|LOC121469191"
103.9205046104,1.07128044610541,0.284909813184324,3.76006861305383,0.000169866760854301,0.0119361498549709,"gene-LOC140681737|LOC140681737"
1076.54498212591,0.948470538086804,0.237290661686983,3.99708328740707,6.41277430102014e-05,0.00661370789578544,"gene-LOC140681736|LOC140681736"
51.8434900220186,1.02539686851943,0.294710197301678,3.47933962892293,0.000502651117415222,0.021666908692793,"gene-LOC140681738|LOC140681738"
1127.89840523937,0.861524301553219,0.220390502276515,3.90908089347834,9.26479388332142e-05,0.00817769318798089,"gene-LOC140681739|LOC140681739"
637.58447049695,1.53324982695919,0.358191561913498,4.28053028041309,1.86448515364588e-05,0.00338431474861016,"gene-LOC140681727|LOC140681727"
1058.44214371423,0.886434249667565,0.231547489602205,3.82830429813964,0.000129029168196866,0.0100361626190222,"gene-LOC140681726|LOC140681726"
654.955403149684,1.09974309024206,0.250379892874996,4.39229795018371,1.12158847592134e-05,0.00247871053178617,"gene-LOC140681741|LOC140681741"
62.6248303979865,1.21467791127979,0.304299293601573,3.9917211009704,6.55954909436837e-05,0.00668934061790941,"gene-LOC140681740|LOC140681740"
1314.30862697556,1.55936524165792,0.340686156427894,4.57713121662448,4.71395797443478e-06,0.00158070704877891,"gene-LOC140681750|LOC140681750"
921.128905548792,0.823836700041829,0.258322835074471,3.18917489351774,0.00142679526952857,0.0387237242449245,"gene-LOC140681749|LOC140681749"
72.811341182149,0.992157940564246,0.320916438274524,3.0916395118268,0.00199054420131071,0.0461905781914151,"gene-LOC140681725|LOC140681725"
923.79616294155,1.13711062386781,0.25761978747431,4.41391026293432,1.0152005347303e-05,0.00231715361394262,"gene-LOC140681732|LOC140681732"
138.751946662851,1.14213532923144,0.29518298048265,3.86924519619645,0.000109172808408032,0.00910187432014988,"gene-LOC140681733|LOC140681733"
98.6798364598126,0.99227745703389,0.356762295228556,2.78134060214575,0.00541349077082822,0.0795903189041619,"gene-LOC140681745|LOC140681745"
82.4571185220389,1.27466043291047,0.330786874288042,3.85341901988689,0.000116479799395301,0.00951431810414639,"gene-LOC140681747|LOC140681747"
1029.43684097678,0.771913004527848,0.263221721924903,2.93255814483303,0.0033618196549991,0.0625756885782787,"gene-LOC115495652|LOC115495652"
1326.1230510986,-0.775859590902901,0.264090175806801,-2.93785858763066,0.00330487731776988,0.0622649619692963,"gene-LOC121468119|LOC121468119"
94.0494460853945,1.16435032468254,0.377607579382982,3.08349299181206,0.00204585928798729,0.0470958592067247,"gene-LOC115491142|LOC115491142"
2664.32358898574,0.958216287709651,0.259866183304945,3.68734506168974,0.000226605982576639,0.0136329424627727,"gene-LIPG|LIPG"
75.5077178838708,1.16557538580713,0.333945643380119,3.49031469316218,0.000482452068975261,0.0213541364168264,"gene-MYO5B|MYO5B"
1159.37947785626,-0.406495761508337,0.152024732987544,-2.67387913479607,0.00749794692358406,0.0938877930681816,"gene-PIAS2|PIAS2"
1341.07828108129,-0.570906576761191,0.205607751526897,-2.77667827463454,0.00549175088498189,0.0804859448122135,"gene-CLTA|CLTA"
861.307379954864,-0.553424706918734,0.163123089729083,-3.39268161140075,0.000692120344555238,0.0259741012324598,"gene-LNPEP|LNPEP"
412.591024659866,0.689503010663166,0.220985818993561,3.12012333553067,0.00180775331121727,0.0440803281853327,"gene-GADD45G|GADD45G"
19598.1700253959,-0.41935975308304,0.148107291295493,-2.83145920376305,0.00463361441680937,0.0731688287208441,"gene-SECISBP2|SECISBP2"
3772.09133337657,0.457446554526227,0.166892480989032,2.74096563137731,0.00612589148418685,0.0848664548600333,"gene-SLC30A5|SLC30A5"
273.102713805587,-0.925844846332424,0.245936996859018,-3.76456107928795,0.000166841884211407,0.0118517324177317,"gene-KIAA0825|KIAA0825"
549.336426312877,-0.91406971576489,0.203254464541468,-4.49716919048733,6.88641881988407e-06,0.00180369314692734,"gene-ARB2A|ARB2A"
3959.51602905473,0.542514485598565,0.158896404205654,3.41426534043154,0.000639542583147608,0.0246751448510935,"gene-ARRDC3|ARRDC3"
492.649585202604,0.90180768622846,0.33532003704338,2.68939397174108,0.00715818827578418,0.0921095139140693,"gene-LOC115491272|LOC115491272"
484.825973975631,-0.766377862523748,0.228107021087381,-3.3597293887336,0.000780188522071032,0.0273339348233301,"gene-MEF2C|MEF2C"
50.6428221374087,1.19691030055372,0.443522294578519,2.69864743031947,0.00696218921534126,0.0906781699820507,"gene-PGAP4|PGAP4"
974.197653038418,-0.813265132095223,0.20698618741449,-3.9290792407643,8.52717392940437e-05,0.0077093404298115,"gene-FER|FER"
208.147749501991,-0.775885187502562,0.280168667083628,-2.76935031878839,0.00561682060613857,0.0813327353205157,"gene-PJA2|PJA2"
231.032268895097,-0.580537249159294,0.219804108143087,-2.64115741085867,0.00826233213884795,0.0996849656578683,"gene-SRFBP1|SRFBP1"
345.431340240546,-0.779576857900485,0.249877450266537,-3.1198367722615,0.0018095128122337,0.0440803281853327,"gene-COMMD10|COMMD10"
663.210256405452,-0.718593754469048,0.20864399066063,-3.44411431258462,0.000572933412105503,0.0231215997007099,"gene-HSDL2|HSDL2"
3276.45550636799,0.384095576056677,0.142912772502119,2.68762245201689,0.00719627113598795,0.0921095139140693,"gene-SUSD1|SUSD1"
191.346596965549,0.97110201499429,0.238508780415604,4.07155666681174,4.66999980005541e-05,0.00528428867161331,"gene-LOC140681688|LOC140681688"
123.455161043154,-0.853371458878458,0.29345279558972,-2.90803656228093,0.00363705811812121,0.0649214874084636,"gene-LOC140681934|LOC140681934"
5813.00227278294,0.792388508750432,0.277338829887727,2.85711347765911,0.0042751296655125,0.0707823344924706,"gene-LOC101233072|LOC101233072"
9638.86626397538,0.758707291425086,0.243749228348488,3.1126551520416,0.0018541252731466,0.0443556463539863,"gene-DNAJA1|DNAJA1"
1983.82750256821,0.343152876105175,0.125521425431774,2.73381914621176,0.00626044201867715,0.0856229216365835,"gene-TSTD2|TSTD2"
20.8495234613368,-1.73268624635131,0.529123135673645,-3.27463709207379,0.00105797790814109,0.0331761856194784,"gene-ARK2C|ARK2C"
4765.50780448369,-0.358298156306078,0.125079165576026,-2.86457104711253,0.00417574469499476,0.0699191261461823,"gene-ATP5F1A|ATP5F1A"
210.556165876459,-0.915547258098353,0.28652839204697,-3.19531077376887,0.00139680344775443,0.0384380986172678,"gene-SETBP1|SETBP1"
513.402091585109,-0.513110286361901,0.171125081363032,-2.99845167216235,0.00271355188936722,0.0563892282920296,"gene-KIAA1328|KIAA1328"
972.556962265956,0.448283246689774,0.122710098710948,3.65318952065826,0.000259002918194533,0.0147187658368265,"gene-TPGS2|TPGS2"
1762.46730202742,1.12263536783211,0.266906592799151,4.20609830599765,2.59817251986891e-05,0.0040453211649614,"gene-NOL6|NOL6"
108.343761793433,0.660550043107856,0.194615494873103,3.39412873337018,0.000688473208390527,0.0259070607578954,"gene-LOC105760863|LOC105760863"
26.2440458020438,1.19247456439615,0.388367580312937,3.07047916676074,0.00213715595412968,0.0484619256504032,"gene-LOC140681718|LOC140681718"
29.531587354624,1.37255682417359,0.481885642225681,2.84830404540416,0.004395291128452,0.0713235878571529,"gene-NPR2|NPR2"
4396.54462497793,0.390380626500765,0.136784036808006,2.85399258283856,0.00431735392974488,0.0709728414982118,"gene-RGP1|RGP1"
853.001104801443,0.856290653085294,0.183507627806428,4.6662401084959,3.06761214298118e-06,0.00118639899629797,"gene-LOC100218507|LOC100218507"
89.9791162187455,0.707543867737562,0.255331070065391,2.77108409703667,0.00558699951026012,0.0811134454445794,"gene-LOC115491279|LOC115491279"
4326.20408969101,-0.398559256251294,0.121664297241656,-3.2758933005601,0.00105328345532681,0.0331035339695604,"gene-DNAJC21|DNAJC21"
720.919838781078,-0.757273034478924,0.259685651737766,-2.91611426896865,0.00354420669116766,0.0639031224780265,"gene-IL7R|IL7R"
1428.25691064433,-0.475664377289269,0.164197369324233,-2.89690620042759,0.00376862414955797,0.065884645502875,"gene-SELENOP|SELENOP"
271.284365175785,-0.944064298697066,0.356834471515558,-2.64566451410204,0.00815306312191681,0.0989669554023083,"gene-ARL15|ARL15"
2404.11539318632,0.299470843230764,0.108353024905426,2.76384386584639,0.0057124866353683,0.0817723312827312,"gene-MTREX|MTREX"
103.228860646791,-1.58545445164912,0.486678062973674,-3.25770683388063,0.0011231637428892,0.0344538024387227,"gene-IL6ST|IL6ST"
185.079845594597,0.82729115344763,0.304679880567398,2.71527989280745,0.00662197785062705,0.0883120666803453,"gene-LOC116806751|LOC116806751"
6398.6052580529,0.662058018847887,0.245283882675003,2.69915010977343,0.00695168124418885,0.0906781699820507,"gene-GPBP1|GPBP1"
608.823482403366,-0.605695769176539,0.168731828405272,-3.58969481277554,0.00033106533411394,0.0170089396563409,"gene-CENPK|CENPK"
4647.64865439586,-0.308879519934483,0.0867052325394126,-3.5624092213129,0.000367466992316276,0.0181427054397855,"gene-SREK1|SREK1"
11002.1973981842,0.441389559414263,0.122225405023481,3.61127508090045,0.00030469526783624,0.016442915558465,"gene-HNRNPK|HNRNPK"
527.204321560735,-0.523554925203451,0.168913488190318,-3.0995448073013,0.00193818259003313,0.0454298252542615,"gene-QNG1|QNG1"
6203.96391847324,0.437476932102708,0.15765123219691,2.77496677955736,0.0055207346746404,0.0807407446166158,"gene-UBQLN1|UBQLN1"
1825.77989941709,-0.342311995653929,0.111519451111047,-3.06952726402021,0.00214397835852563,0.0485375783508169,"gene-AP3B1|AP3B1"
5070.77298070138,-0.395327538336409,0.125203249419912,-3.15748624870384,0.00159135742166729,0.0410304988553216,"gene-SMARCA2|SMARCA2"
49139.3963058542,-0.593654716672112,0.196579904908857,-3.01991557553838,0.00252845153872631,0.0539932987326479,"gene-JAK2|JAK2"
111.518045659196,0.993451427321959,0.294022150789392,3.37883191676116,0.000727944998059289,0.0264626062871527,"gene-LOC100221605|LOC100221605"
1062.43747398435,1.408301753952,0.392893441989124,3.58443690691836,0.000337806208692512,0.017291455307448,"gene-LOC115491136|LOC115491136"
10921.0757154021,-0.570696668802541,0.204714123800206,-2.78777379014416,0.00530715875759358,0.0787756624541315,"gene-SSBP2|SSBP2"
316.688481383012,0.942694086015797,0.274061546602516,3.43971672677973,0.000582323335676433,0.0233650945320547,"gene-LOC140682086|LOC140682086"
377.23184328293,1.10824269719166,0.265134308673342,4.17992942043975,2.91599585615892e-05,0.00405994103053006,"gene-LOC140682085|LOC140682085"
456.061132770687,1.00896374990178,0.252815857895156,3.99090372851614,6.58219970303519e-05,0.00668934061790941,"gene-LOC140682066|LOC140682066"
209.109155922088,0.781704138129601,0.212122542618502,3.68515353663038,0.00022856481221834,0.0136579737361199,"gene-LOC140682067|LOC140682067"
241.129704223829,0.820187059932296,0.23394684383362,3.50586930984888,0.000455118628946858,0.0207757923633675,"gene-LOC140682072|LOC140682072"
358.75525467162,0.717321318487128,0.228388998234215,3.14078753369507,0.00168494219740053,0.0421435320120701,"gene-LOC140682063|LOC140682063"
792.51490353453,0.900931434658423,0.225921736303543,3.98780325168869,6.66879325601321e-05,0.00672823250025158,"gene-LOC140682062|LOC140682062"
134.611282303659,1.02894436291846,0.2499143389605,4.11718818215185,3.83522908725801e-05,0.00488039437224156,"gene-LOC140682064|LOC140682064"
367.791897809907,0.990843508401315,0.24697533204469,4.01191285055959,6.02287356223042e-05,0.00625794541842792,"gene-LOC140682076|LOC140682076"
267.425637523547,1.6196831558921,0.332157869287552,4.8762450197738,1.0812429303749e-06,0.000654528057374336,"gene-LOC140682077|LOC140682077"
654.31214853865,0.996825140730648,0.276840999616674,3.60071355800222,0.000317345046004241,0.0167363449830191,"gene-LOC140682087|LOC140682087"
217.856324664802,1.83150286521843,0.488893023138247,3.74622418103219,0.000179516179060296,0.0122563731244704,"gene-LOC140682078|LOC140682078"
681.137143844078,0.723183607496845,0.221412596960479,3.26622612003385,0.00108991180713088,0.0340569791414367,"gene-LOC140682080|LOC140682080"
47.6337065511855,0.961082999396194,0.273615240461572,3.51253460068565,0.000443854206780114,0.0204755612283238,"gene-LOC140682079|LOC140682079"
178.219901783353,1.19616804087066,0.399118150342463,2.99702742118917,0.00272626189399327,0.0564008088411119,"gene-LOC140682081|LOC140682081"
716.84558147458,0.729011888291926,0.257673937905802,2.8292030393793,0.00466640838102168,0.0734967270635659,"gene-LOC140682074|LOC140682074"
364.601473500677,0.949046212191512,0.253739459249688,3.74023896400606,0.000183845387189151,0.0123793298749145,"gene-LOC140682073|LOC140682073"
1065.15822176994,0.760388373525764,0.240803175426587,3.15771738549013,0.00159009630984141,0.0410304988553216,"gene-LOC140682071|LOC140682071"
115.513570492405,1.8668662424461,0.41380605698344,4.51145219104612,6.43852964918447e-06,0.00175771859422736,"gene-LOC140682068|LOC140682068"
484.255365306771,0.872680818915272,0.260342681949998,3.35204666549022,0.00080216496298244,0.0277856571116351,"gene-LOC140682084|LOC140682084"
1360.9771385067,1.39252589924455,0.361860128200231,3.84824353589466,0.000118967755307941,0.00951947159283028,"gene-LOC140682088|LOC140682088"
450.046773915933,0.781303505521614,0.235289803038154,3.32060078861522,0.000898239196199055,0.0301353839245288,"gene-LOC140682089|LOC140682089"
56.5764664304989,0.973498415910696,0.313276669707056,3.1074717974403,0.00188694988776059,0.0449611205213221,"gene-LOC100220790|LOC100220790"
403.761771824594,-0.965732745545394,0.360911021908104,-2.67581948714022,0.00745467841651539,0.0936746277916461,"gene-LOC140682130|LOC140682130"
28.7385881902395,4.09103253280373,1.52847927685495,2.67653778154033,0.00743871783142101,0.0935585080098236,"gene-LOC140682121|LOC140682121"
10.401091120123,6.79670649250933,1.2239350403671,5.55315949649644,2.80551870192503e-08,4.64633011107254e-05,"gene-LOC140683773|LOC140683773"
