"GeneID","Symbol","logCPM","logFC_Heat_vs_Control","logFC_Rec2h_vs_Control","logFC_Rec24h_vs_Control","logFC_Rec2wk_vs_Control","F","PValue","FDR"
"gene-RBM12|RBM12","RBM12",6.66447684603305,0.448697700739269,-0.209899046834411,-0.364328862941985,-0.320611925497729,29.9597600539875,1.06278469692412e-13,1.64465931849007e-09
"gene-SNX1|SNX1","SNX1",4.51095710424917,-0.367534751895579,0.0302679155886567,0.2619527460873,0.390781498879802,26.0189623638806,1.58615844085074e-12,8.14316434480814e-09
"gene-ARSG|ARSG","ARSG",2.46280050029577,-1.17926882924066,0.0803606456009005,0.808295749185475,0.516530887692177,25.626452072271,2.10485669655784e-12,8.14316434480814e-09
"gene-LOC100227014|LOC100227014","LOC100227014",4.63224091702472,1.13079200889727,0.43227613523553,-0.580890577152982,-0.43096297524245,26.3347731521831,1.26563379444336e-12,8.14316434480814e-09
"gene-NEK8|NEK8","NEK8",3.99900880421535,1.13225416841813,0.0587245923499449,-0.451170185686398,0.0912241756995176,25.3042638922959,2.66041059809858e-12,8.23397080111511e-09
"gene-CKAP2L|CKAP2L","CKAP2L",8.63290647429229,0.828430612134559,0.297738414440897,-0.373784030399523,-0.291819425652424,23.9007555275829,7.54206749392317e-12,1.94522490780768e-08
"gene-DEGS1|DEGS1","DEGS1",6.88497439121415,0.732179820211492,0.159022004294203,-0.743529962562706,-0.722029038513717,23.4190814803398,1.08755782503231e-11,2.40427962033929e-08
"gene-CCNB2|CCNB2","CCNB2",5.41161639752752,0.56065611929113,-0.26688308098057,-0.822751886239644,-0.384074197724178,22.8848395027567,1.64071555787652e-11,2.82111925090435e-08
"gene-KDM4B|KDM4B","KDM4B",5.19073359235367,-0.550785671463825,-0.155436699918758,0.1910826742079,0.361539024144146,23.009029829139,1.49040413525774e-11,2.82111925090435e-08
"gene-GFI1B|GFI1B","GFI1B",8.17532851980216,0.672000432915858,0.214429415087196,-0.228233086067127,-0.65042752621133,22.7314000936473,1.84830419319631e-11,2.86025073897129e-08
"gene-USP5|USP5","USP5",3.44559399455619,-0.601593648508546,0.203108783651025,0.300403374638744,0.416374793902206,22.0675346985839,3.11169546986618e-11,4.37758976328901e-08
"gene-SETD5|SETD5","SETD5",5.76433701568151,-0.442876026095975,-0.0133554522112158,0.201584718793911,0.446864506970942,19.5696752762183,2.40241904556337e-10,3.0981195608411e-07
"gene-DISP1|DISP1","DISP1",3.44123229595507,-0.576448973655376,0.143097151215867,0.366444203378551,0.392809687579832,19.4502362829961,2.65840169999723e-10,3.16452048518901e-07
"gene-HERPUD1|HERPUD1","HERPUD1",4.58095954335012,0.679508328171129,0.338377573855641,-0.608121086215748,-0.490156428983035,19.1677043265808,3.38235643316323e-10,3.73871184308579e-07
"gene-ISCU|ISCU","ISCU",10.7745529139818,0.420419370274672,0.29895545774496,-0.525092734077273,-0.590602144964297,19.0773037769435,3.65478816726385e-10,3.77052312589388e-07
"gene-RGS9BP|RGS9BP","RGS9BP",5.59786601563995,0.604661481780224,-0.277458084351623,-0.61952533653334,-0.817988152719141,18.8063162628055,4.61556381479103e-10,4.35131573667504e-07
"gene-BHLHA15|BHLHA15","BHLHA15",1.79408487554419,0.46353566430499,-0.512857710899975,-0.873790900383629,-0.628964976372896,18.7658203396687,4.78012068003074e-10,4.35131573667504e-07
"gene-MAFF|MAFF","MAFF",4.45769466637599,0.285473739707612,-0.0877125367785521,-0.666972910030794,-0.714185573154772,18.3570064141514,6.82356593087844e-10,5.86637126557466e-07
"gene-LOC115491955|LOC115491955","LOC115491955",6.28752596011506,1.43801266304754,0.973698217347836,-0.332952292251964,0.0329112060145036,18.331683962987,7.22914399539243e-10,5.88794754361567e-07
"gene-H2AZ1|H2AZ1","H2AZ1",7.36145014601295,0.0705619753793174,-0.437606416196862,-0.753535564876276,-0.732619333973681,18.0662190422176,8.8117456144051e-10,6.70741913700811e-07
"gene-DLST|DLST","DLST",4.22911992305684,-0.68048355487934,0.281428556985607,0.284360695915306,0.0141498152038526,18.0192300960027,9.18531700808827e-10,6.70741913700811e-07
"gene-NPRL3|NPRL3","NPRL3",7.42927488966076,0.647547452579564,0.377600938042426,-0.222428819163308,-0.570909666459881,17.9386913733785,9.86411533771064e-10,6.70741913700811e-07
"gene-HP1BP3|HP1BP3","HP1BP3",4.80527032251,-0.442420900424897,0.024236210755797,0.18262174975109,0.312936960578401,17.8787864760461,1.04024594047299e-09,6.70741913700811e-07
"gene-APTX|APTX","APTX",4.39215934976072,0.482842337338019,-0.152393733452177,-0.370974221300641,-0.395964450969588,17.8910985251382,1.02893903446438e-09,6.70741913700811e-07
"gene-MED13|MED13","MED13",7.61623878845892,0.643683877219194,-0.204267066247068,-0.30976106882955,-0.159322901387384,17.7830142917821,1.13269972877418e-09,7.01141132111218e-07
"gene-LOC115496967|LOC115496967","LOC115496967",5.93736873895079,0.733949522131919,0.125487798676691,-0.501153944970427,-0.568857804456095,17.5078859976746,1.44850397090311e-09,8.62138421143296e-07
"gene-TAF3|TAF3","TAF3",4.55477401300842,-0.569770455254229,-0.155560460781904,-0.00129480659490078,0.212772913007953,17.4408137254395,1.53846445164899e-09,8.81768051454374e-07
"gene-EGR1|EGR1","EGR1",6.76840042177879,0.509932001273264,0.112317882943539,-0.485037798952149,-0.481010473133332,17.334653728973,1.69281818157154e-09,9.35584334279273e-07
"gene-LOC115496914|LOC115496914","LOC115496914",3.5180482066697,1.09945421099696,0.597434630275453,-0.471660639915286,-0.31978844761625,16.9973140731694,2.29837108723603e-09,1.2264583646544e-06
"gene-ZC3H7B|ZC3H7B","ZC3H7B",9.56289066429245,0.22396500949122,-0.187534787869907,-0.661552388460359,-0.600853341480484,16.900801082656,2.50992954461157e-09,1.25294063557626e-06
"gene-LOC140680309|LOC140680309","LOC140680309",5.07507318246724,1.35696527756975,1.24063006669807,-0.610347535357489,-0.470903497557089,17.1269753169053,2.50905253851067e-09,1.25294063557626e-06
"gene-LOC121470715|LOC121470715","LOC121470715",4.28887761603172,1.20065563623541,0.963337442748876,0.168627915430858,-0.687861656138627,16.749158726042,2.9271929308915e-09,1.41557220642331e-06
"gene-HSP90AB1|HSP90AB1","HSP90AB1",3.91399991320168,1.40384558756385,0.124754313798247,-0.147562322937127,0.0207565805627601,16.6105818430232,3.27581519637582e-09,1.53615879284593e-06
"gene-NFIA|NFIA","NFIA",3.58254853740657,-0.898679090833738,-0.496026347042378,0.82186798751176,0.570180098727969,16.5424980215277,3.4881703414248e-09,1.58763047157496e-06
"gene-DCAF6|DCAF6","DCAF6",5.6857160193139,-0.825135399488866,-0.673414181195837,-0.0261147080965323,0.0271434379532822,16.2372539727214,4.63003981052836e-09,1.79124665169816e-06
"gene-LOC140682288|LOC140682288","LOC140682288",1.59372206669178,0.499355942981499,0.243989195195683,-0.591739909553517,-0.782113049140051,16.2879816302679,4.41638922684552e-09,1.79124665169816e-06
"gene-JPH1|JPH1","JPH1",5.58559814812115,-0.547683028799723,-0.405269204200161,0.206818344060324,0.0585936016816708,16.3153705203297,4.30529244499328e-09,1.79124665169816e-06
"gene-AHSA1|AHSA1","AHSA1",6.31932647972359,0.64505826250726,-0.510137780994743,-0.49852046552413,-0.242927600592031,16.3013604923053,4.36175579494214e-09,1.79124665169816e-06
"gene-LOC100225066|LOC100225066","LOC100225066",4.83545016129767,1.37615960382522,0.916277248377349,-0.0628221659991679,-0.59091249575445,16.4022802526291,4.59113922465866e-09,1.79124665169816e-06
"gene-HSPA5|HSPA5","HSPA5",7.72764372921584,0.365203027034728,-0.198654084485815,-0.740368508094423,-0.521380211051335,16.3033085663107,4.35385910634656e-09,1.79124665169816e-06
"gene-MGRN1|MGRN1","MGRN1",4.20847805266846,-0.287539720722815,-0.111359607832081,0.365804979142331,0.485726425499501,16.1837807162465,4.86683599289465e-09,1.83693382902548e-06
"gene-ATG7|ATG7","ATG7",3.41843750307826,-0.452611228582018,-0.0881431547871725,0.51712576358347,0.390677015205646,16.0493763981556,5.51885682422384e-09,2.03343593702057e-06
"gene-LOC140682203|LOC140682203","LOC140682203",1.40947234189029,0.570453234634403,0.297425632297748,-0.544736384931765,-0.682530942130488,15.9954601567931,5.80517879990637e-09,2.04170777110343e-06
"gene-ARL6IP1|ARL6IP1","ARL6IP1",8.83281811403776,0.349945368700919,0.0201326145226837,-0.791622963208734,-0.448669581662035,16.0112230694337,5.7199175742911e-09,2.04170777110343e-06
"gene-LOC121470714|LOC121470714","LOC121470714",9.08259112474654,0.277447019397288,-0.323216211725704,-0.385835405503812,-0.709665076311584,15.9703553397156,5.9436889597472e-09,2.04396859226862e-06
"gene-PRPS1|PRPS1","PRPS1",7.31046827182563,0.414349617443095,-0.0294740684310444,-0.613966822437764,-0.509555004629149,15.919515673331,6.23473543446953e-09,2.09744632279165e-06
"gene-LOC115498299|LOC115498299","LOC115498299",4.95476154490436,0.562796835833672,0.0091482172805506,-0.267153316994134,-0.821835707355182,15.8093900814481,6.91674664100578e-09,2.22993029728259e-06
"gene-SERF1A|SERF1A","SERF1A",5.48071675803302,0.282501889837004,-0.209433041264283,-0.650792527278046,-0.191551743795446,15.8201078718107,6.84711290643971e-09,2.22993029728259e-06
"gene-JMJD6|JMJD6","JMJD6",6.65767242414827,0.855531426913636,-0.346801075910509,-0.639278704762426,-0.271101843940404,15.7225118340976,7.50889285038202e-09,2.32209954306844e-06
"gene-MACO1|MACO1","MACO1",6.2914559807193,0.224929070954824,-0.0963821787478301,-0.500431092713164,-0.43536007773402,15.7024667163802,7.65279978652605e-09,2.32209954306844e-06
"gene-HSPA8|HSPA8","HSPA8",9.10958705376091,1.46197839808068,0.0436837182105556,-0.403027992433312,-0.673769495840546,16.0654101765926,7.6007273634765e-09,2.32209954306844e-06
"gene-ARRDC3|ARRDC3","ARRDC3",4.32162250390802,0.457269157291237,-0.225419966879643,-0.161941069353291,-0.332995081894738,15.6222131740119,8.25807935830645e-09,2.45757265518831e-06
"gene-LOC100224630|LOC100224630","LOC100224630",0.589394609267088,1.78175636920712,0.557848066241767,-0.0938857398663047,-0.877461539123495,15.5274731295085,9.03670945442244e-09,2.63854865673938e-06
"gene-LOC100220427|LOC100220427","LOC100220427",5.89196427769326,0.550855028493919,0.206960637530848,-0.250686186058731,-0.433396722411207,15.3738254139924,1.0464448310999e-08,2.97871415154518e-06
"gene-LOC115490794|LOC115490794","LOC115490794",5.26150223484287,0.898212281238794,0.422252100540882,-0.335938775072722,-0.701787588524357,15.3756067185252,1.05867061928908e-08,2.97871415154518e-06
"gene-SART3|SART3","SART3",8.10581411127595,0.488219979625997,-0.0250606368239996,-0.634590946099055,-0.161707457168384,15.3202412106609,1.10155181059583e-08,3.0440204051733e-06
"gene-TRH|TRH","TRH",2.82655522160304,0.795827381247881,0.613112912577962,-0.40604492123476,-0.260030783442154,15.2400010462647,1.18973576675106e-08,3.23002824394257e-06
"gene-DNAJA4|DNAJA4","DNAJA4",9.58632462414863,1.0407238069485,-0.0741953508572148,-0.569859788267612,-0.493453286374601,15.3039286482106,1.24227311914187e-08,3.31451319288284e-06
"gene-LPIN2|LPIN2","LPIN2",9.75627540219328,0.642340024000161,0.0494842303477832,-0.105673611874757,-0.601241114347298,15.1681097604987,1.27493203722405e-08,3.34399547051561e-06
"gene-LOC115496003|LOC115496003","LOC115496003",3.28515880995708,1.3514676028279,0.432726442016693,-0.0906687658763774,-0.187294602065773,15.1023182155861,1.35841984050078e-08,3.50359117195826e-06
"gene-LOC115498372|LOC115498372","LOC115498372",2.57753952039411,1.32454203138462,0.0556488525320673,-0.45655365764943,-0.974198168966682,15.0315156673648,1.53605734601836e-08,3.8968012179728e-06
"gene-ERCC8|ERCC8","ERCC8",1.45513695622816,-0.728352850513354,0.249230755056884,0.293727580527619,0.324584788598841,14.7727383446851,1.87018840288851e-08,4.66792992495156e-06
"gene-RHOF|RHOF","RHOF",6.62293601559431,0.506263013188155,0.146530653917326,-0.101472104017918,-0.278359510265468,14.6213893709992,2.16836106307959e-08,5.22841302686673e-06
"gene-DLAT|DLAT","DLAT",3.83507011333607,-0.374416016443049,-0.057414532507877,0.287556436011442,0.433435411279171,14.6084168877923,2.19610240223804e-08,5.22841302686673e-06
"gene-ZBTB7A|ZBTB7A","ZBTB7A",5.46448660925642,-0.472056859742461,-0.248094629362697,0.493684763359385,0.25896246248251,14.6211605898115,2.16884715952317e-08,5.22841302686673e-06
"gene-TPI1|TPI1","TPI1",5.04029584083304,0.712349775472052,0.380207095215128,-0.144226126012095,-0.610319542954366,14.5430610681416,2.34154212765553e-08,5.27669188751589e-06
"gene-LOC100221480|LOC100221480","LOC100221480",4.64140353734859,0.549647396059698,0.0492801919696415,-0.464566568716695,-0.406793476351476,14.5233499086196,2.38733077013435e-08,5.27669188751589e-06
"gene-JAZF1|JAZF1","JAZF1",1.1130647346535,-0.760528285828835,-0.844777967173444,0.436316378009944,0.381626363110072,14.5143490815494,2.40854594251597e-08,5.27669188751589e-06
"gene-RNGTT|RNGTT","RNGTT",3.24118191856725,-0.917843217283797,-0.508274125064157,0.271756463213397,0.0142921573588426,14.4858756858623,2.47694912061437e-08,5.27669188751589e-06
"gene-SEC63|SEC63","SEC63",4.86834973314316,-0.337964028014016,0.112862564205725,0.0762925777082835,0.283974994893219,14.4916180821681,2.46299420483228e-08,5.27669188751589e-06
"gene-SCLT1|SCLT1","SCLT1",3.81585409424839,0.98209590893734,0.370884967313654,-0.123706226640281,-0.395569264222357,14.567742549715,2.2854827586847e-08,5.27669188751589e-06
"gene-ZZZ3|ZZZ3","ZZZ3",4.19626474728811,-0.449006677615944,0.00495457878291106,0.108262572421892,0.224974985827657,14.4808756507391,2.48916644774578e-08,5.27669188751589e-06
"gene-SUN1|SUN1","SUN1",8.95799889122602,0.442105494257419,-0.132530046061641,-0.389446953532227,-0.276216073657512,14.4825149614596,2.48515403790259e-08,5.27669188751589e-06
"gene-TCP1|TCP1","TCP1",5.14651613041473,0.785076741279948,-0.265772717282209,-0.390209012171637,-0.292468167469756,14.4048550316914,2.68277638410134e-08,5.61026547891463e-06
"gene-LOC140685124|LOC140685124","LOC140685124",1.32809360839149,0.724284547475484,0.210586738913084,-0.529888573224458,-0.841564400963777,14.1821585282313,3.34452334317812e-08,6.90086649809086e-06
"gene-SLC4A1|SLC4A1","SLC4A1",11.6562595145364,-0.49834375929996,-0.115518659208677,0.359644892849813,0.106981548846372,14.1221390590751,3.55023103362642e-08,7.22890751030587e-06
"gene-PAX9|PAX9","PAX9",-4.61460315118066,-1.72266231763473,-1.07415749845159,2.22991345009717,1.54346845423087,14.1090122086116,3.59693620868208e-08,7.22890751030587e-06
"gene-LOC140680452|LOC140680452","LOC140680452",8.04754930218148,0.314236254438306,-0.126053144785955,-0.446423997672906,-0.444347275260568,14.0471622211411,3.82568443197539e-08,7.59005981856657e-06
"gene-LOC121469107|LOC121469107","LOC121469107",6.53352920142235,0.465054678216672,0.0408319885383186,-0.438142692282052,-0.427088518206279,14.033833140585,3.87691781380681e-08,7.59434217324815e-06
"gene-LOC115498370|LOC115498370","LOC115498370",1.46488557866144,1.64402587977375,0.554525307443952,-0.141009598205691,-0.647599516301712,13.9985198356636,4.01610442479294e-08,7.76865199670884e-06
"gene-PYGM|PYGM","PYGM",5.10298715571283,1.15879241526726,0.29286005133228,-0.97401085688886,-0.101077289887101,14.0497304883299,4.08576193901047e-08,7.80582296372679e-06
"gene-TXNIP|TXNIP","TXNIP",10.1422786124548,0.57989054204822,-0.0384999231083558,-0.137130645967108,-0.176499771939559,13.8807323461384,4.51882385077185e-08,8.52790232813345e-06
"gene-EXOC4|EXOC4","EXOC4",2.57888383537698,-0.739815457244589,-0.175415714522674,0.0293496785889258,0.132208417852023,13.8360924250937,4.72593887343265e-08,8.81131374293617e-06
"gene-LOC115497794|LOC115497794","LOC115497794",2.24922067467501,1.3199266478759,1.06145305241045,-0.435645615151213,-0.549203182698607,13.8063684929806,4.86926121603371e-08,8.97045444263354e-06
"gene-SYNGR2|SYNGR2","SYNGR2",4.7506485077353,-0.210937254443306,0.126548140497369,0.381663133597604,0.422282234204602,13.749583924731,5.15566982335261e-08,9.17057362257261e-06
"gene-LOC100230978|LOC100230978","LOC100230978",2.55573334783636,0.697797243946305,0.48121043232668,-0.788438465669278,-1.37709713787914,13.750751190311,5.14961066622504e-08,9.17057362257261e-06
"gene-LOC115498308|LOC115498308","LOC115498308",1.74426020566444,0.541206138639031,-0.0673634732685859,-0.315729011327542,-0.677360171893667,13.7524034021259,5.14104676364436e-08,9.17057362257261e-06
"gene-LOC115493339|LOC115493339","LOC115493339",0.824853765828379,0.388277160933579,0.162248086175483,-0.562572046347816,-0.848518786769842,13.7320648973643,5.24749849977659e-08,9.22784537318668e-06
"gene-EXOSC6|EXOSC6","EXOSC6",2.24707074389319,0.54567438491362,-0.466482008428771,-0.179496007641865,-0.347171792316437,13.6644872579735,5.61782914579562e-08,9.44955500338991e-06
"gene-PDLIM7|PDLIM7","PDLIM7",5.26990023475303,0.777528353488056,0.32917712860691,0.101346884932043,-0.0381809405569582,13.6673239097388,5.60175419251818e-08,9.44955500338991e-06
"gene-HBAP|HBAP","HBAP",2.80964587103083,0.603170831444391,0.867331627089625,-0.258125162058954,-0.929283912959213,13.6928764613922,5.45907344634356e-08,9.44955500338991e-06
"gene-LRSAM1|LRSAM1","LRSAM1",3.41198547996685,-0.580693855234447,0.458717184936068,0.674019514102091,0.567858682628121,13.6733528978912,5.56774614339937e-08,9.44955500338991e-06
"gene-BTG1|BTG1","BTG1",7.80053150465145,0.481015514824617,0.0324969689564085,-0.289862944865103,-0.131979978916096,13.6106451169818,5.93214212591138e-08,9.663147305103e-06
"gene-KLF3|KLF3","KLF3",7.60496409007784,0.625173340750952,-0.122982950002876,-0.145501345061745,-0.303028120804751,13.6110792236253,5.92953666214155e-08,9.663147305103e-06
"gene-HSPD1|HSPD1","HSPD1",6.8025864481163,0.703150843513867,-0.195165509539802,-0.582686526063172,-0.323867412997971,13.6281893734479,5.82777833236286e-08,9.663147305103e-06
"gene-TUBB4B|TUBB4B","TUBB4B",5.72590787888487,0.42363449004458,0.0865912955947019,-0.347902619390475,-0.696439498643111,13.5904439830894,6.05470344371069e-08,9.76005581160656e-06
"gene-CREBRF|CREBRF","CREBRF",10.1120874066086,0.354591050571655,-0.08541827059687,-0.508206042184103,-0.409057097727036,13.5730352497276,6.16241886977856e-08,9.83128165049723e-06
"gene-DPAGT1|DPAGT1","DPAGT1",3.89684768990413,0.543090552959885,-0.141769371518301,-0.337690578284715,-0.0220769910538983,13.5292982456943,6.44185344699297e-08,1.01722124583894e-05
"gene-TSC22D1|TSC22D1","TSC22D1",8.10705776605896,0.278355929282561,-0.126978727891039,-0.300023143512727,-0.485205387727046,13.4743462464565,6.81158008138066e-08,1.06473941171077e-05
"gene-LOC121468501|LOC121468501","LOC121468501",4.1752143726829,1.13930367741461,0.603030614195805,-0.212470844770529,-0.269819928804546,13.419395266452,7.20323956887909e-08,1.11470132328404e-05
"gene-HSPA4|HSPA4","HSPA4",7.08360420915901,0.481222460229322,-0.484173528517672,-0.389520635135473,-0.149587597522451,13.4079240690991,7.28789115073075e-08,1.11663480750058e-05
"gene-ATP6V0C|ATP6V0C","ATP6V0C",8.35971204783453,0.391597938962956,-0.0255032277863751,-0.333613942833937,-0.264193781563337,13.3473891120912,7.75192572304972e-08,1.15347164004033e-05
"gene-UBE2V1|UBE2V1","UBE2V1",2.48398469624543,-0.586373757100564,0.181909976045656,0.177104227037463,0.0580770073742407,13.3606898487058,7.64741867927993e-08,1.15347164004033e-05
"gene-IMP4|IMP4","IMP4",3.68436411090846,0.0508814478674764,0.364503594916218,0.255068621609877,0.765617002152327,13.3564227863585,7.68078665215552e-08,1.15347164004033e-05
"gene-HSD17B7|HSD17B7","HSD17B7",3.5507416191195,0.572294509114479,-0.0220517084923757,-0.527853655094504,-0.672054751062609,13.2888375158734,8.22980420095986e-08,1.21291638104623e-05
"gene-SPAG7|SPAG7","SPAG7",5.03942932317121,-0.171833376187935,0.156282495061844,0.279597670488661,0.510513304914702,13.2727619061588,8.36625534769098e-08,1.22139435382564e-05
"gene-LOC115497283|LOC115497283","LOC115497283",3.62732936995924,0.588931500778727,0.358059325357549,-0.422738154519024,-0.596409083535291,13.2568205075052,8.50387402410091e-08,1.22988271516787e-05
"gene-LOC115498371|LOC115498371","LOC115498371",1.44868977236384,1.5003014914881,0.261942605219263,-0.428101548038185,-0.79534775194842,13.2073049046395,8.9464212890289e-08,1.27014559126351e-05
"gene-STAT3|STAT3","STAT3",6.05062012589344,-0.35763285413705,0.0839224135427434,0.171295380619913,0.347725986336668,13.2120044449423,8.90341660691972e-08,1.27014559126351e-05
"gene-KMT2E|KMT2E","KMT2E",9.20445903616947,0.326425078779131,0.00620707399086662,-0.409174251790354,-0.223007977099122,13.1892473328727,9.11366732851147e-08,1.27910785152038e-05
"gene-NOXRED1|NOXRED1","NOXRED1",3.16924316835738,0.999513345698749,-0.461129665220287,-0.508624871712446,-0.000219129440854893,13.1760128986887,9.23828885180837e-08,1.27910785152038e-05
"gene-COPG1|COPG1","COPG1",5.08011064614337,-0.414112053400727,0.169900792919811,0.086514259328986,0.0150197478915759,13.1697132956526,9.2982252930336e-08,1.27910785152038e-05
"gene-MAT2A|MAT2A","MAT2A",8.27961121003951,0.622852022105702,0.00227692632999776,-0.505012270161136,-0.245772479971986,13.1653292032664,9.34017364922795e-08,1.27910785152038e-05
"gene-LOC140682201|LOC140682201","LOC140682201",1.37278212161568,0.588616749677466,0.253345373453606,-0.463700712195983,-0.533851340383915,13.1048506732311,9.93919793829806e-08,1.34920252715055e-05
"gene-SLC39A11|SLC39A11","SLC39A11",1.98080738284809,-0.0925024491479771,-0.103523664939423,0.731457257283624,0.567557381331657,13.0782394251002,1.02152047870132e-07,1.37461125286113e-05
"gene-FKBP15|FKBP15","FKBP15",5.88529326159187,-0.423451555865264,-0.186948822918702,-0.0234150821718915,0.226630410974821,12.9653492140199,1.14769701371688e-07,1.53108717993696e-05
"gene-LOC115495805|LOC115495805","LOC115495805",1.92218926732945,0.765018804108547,0.856291911502618,-0.305240748408421,-0.792510011730083,12.9196752971442,1.20321964728491e-07,1.59143795228495e-05
"gene-R3HCC1L|R3HCC1L","R3HCC1L",1.96521510708241,-0.343292776105636,0.052772644857207,0.421654780301127,0.472395402721813,12.8473490944601,1.29687692025139e-07,1.70077714753308e-05
"gene-LOC115494818|LOC115494818","LOC115494818",6.70524345262955,0.784032768928933,0.40000806599993,0.00451816021419393,-0.552787973760636,12.8143495695541,1.34207774555597e-07,1.73970728524698e-05
"gene-OSBP|OSBP","OSBP",4.8188306047217,-0.0632769558972885,0.041041947946975,0.13274601933369,0.626405013552327,12.8093645008305,1.34904603702512e-07,1.73970728524698e-05
"gene-TRAPPC4|TRAPPC4","TRAPPC4",5.22540992797354,-0.254452874341007,-0.0775132346260419,-0.02309713769219,0.435317354634328,12.7725558028099,1.40166790079875e-07,1.79262898883146e-05
"gene-GTPBP2|GTPBP2","GTPBP2",7.17142535156022,-0.378239357541795,-0.0476603520212198,0.130960967229473,0.29754465266377,12.6656563114557,1.56683505587749e-07,1.94205121539712e-05
"gene-LOC100219691|LOC100219691","LOC100219691",2.62009158508188,0.28428807089003,0.781232446695857,-0.071450990900884,-0.414694724491192,12.663253714516,1.57076989387966e-07,1.94205121539712e-05
"gene-LOC100223250|LOC100223250","LOC100223250",0.86464699134989,-0.432389841345979,0.539488931010826,0.725998329952352,0.890828394872959,12.6568847147143,1.58125010106648e-07,1.94205121539712e-05
"gene-KIF20A|KIF20A","KIF20A",3.58295194533022,0.452458014955141,-0.116494175316618,-1.19974671597786,-0.433949661690708,12.6570018720271,1.58105666839309e-07,1.94205121539712e-05
"gene-DNAJA1|DNAJA1","DNAJA1",5.79001934520101,0.646240071694738,-0.34957433393492,-0.384635676141277,-0.18106872528417,12.6871701716975,1.53205094631811e-07,1.94205121539712e-05
"gene-FUBP1|FUBP1","FUBP1",5.90530624396434,0.936543451476666,0.356145048188209,-0.143534989606189,-0.08680139122544,12.6087985327319,1.662741836989e-07,2.0260574745988e-05
"gene-LOC100225375|LOC100225375","LOC100225375",7.33482016670744,0.508649269423736,0.0438600468522257,-0.440289578471079,-0.404720068536422,12.5574433206903,1.75457280828076e-07,2.12125111001131e-05
"gene-LOC101233818|LOC101233818","LOC101233818",3.77582239898025,-0.319288866463888,-0.244238227184965,0.406548526824686,0.922408469107633,12.5427125687874,1.78186795405491e-07,2.1223534115568e-05
"gene-LOC116806910|LOC116806910","LOC116806910",2.42974203959283,0.553340897180719,0.107292018259972,-0.492033556130713,-0.909722364013218,12.5421526698366,1.78291401293947e-07,2.1223534115568e-05
"gene-ANKRD12|ANKRD12","ANKRD12",7.49198620759345,0.510262436768788,-0.309197721373462,-0.490078283978693,-0.323041342600622,12.5231869012592,1.81872458863109e-07,2.14845519153176e-05
"gene-CTNND1|CTNND1","CTNND1",4.12128677880745,-0.263115469343598,0.0386153113755965,0.314762127774406,0.329237513494332,12.4904447009169,1.88230415403053e-07,2.2067164230017e-05
"gene-RSRP1|RSRP1","RSRP1",10.3350976166689,0.398931785067942,-0.0441136474115975,-0.284077542875792,-0.27495665500849,12.4775884661545,1.90789175667272e-07,2.21989661161731e-05
"gene-LOC100226687|LOC100226687","LOC100226687",7.28938170093503,0.950188159818434,1.04189427623527,-0.0233638019321001,-0.402665805513381,12.5085302073378,1.95949759431875e-07,2.26292725911065e-05
"gene-DDX3X|DDX3X","DDX3X",10.8136257811637,0.194117621836174,-0.118941277076443,-0.460053151823614,-0.431845219410768,12.4294172525514,2.00700202077945e-07,2.29140447521709e-05
"gene-TPPP3|TPPP3","TPPP3",-1.15023390703541,-3.38232271610753,0.0197987352355088,0.114102758205401,-0.11312231004803,12.4262175114568,2.01377065350258e-07,2.29140447521709e-05
"gene-LOC105759267|LOC105759267","LOC105759267",2.39114423636201,0.750004460180352,-0.0913612134148183,-0.252919113711709,-0.0015203430727917,12.4163987134628,2.03468844548073e-07,2.29830683896454e-05
"gene-LOC100221605|LOC100221605","LOC100221605",-0.838976049391609,0.98543580607198,0.489967955519023,-0.122396162948852,-0.919137300669502,12.4092404897973,2.05007940242403e-07,2.29891150380521e-05
"gene-CTR9|CTR9","CTR9",5.84004945462056,-0.503772307083292,-0.249735465873488,-0.0176824049189284,0.194690394491791,12.3797442652438,2.11477775425787e-07,2.35440185231227e-05
"gene-PPM1G|PPM1G","PPM1G",7.96741696561689,0.316235193729378,-0.110094007476718,-0.616020505496277,-0.281985773304535,12.337378799636,2.21141173235887e-07,2.43368197554921e-05
"gene-ADNP|ADNP","ADNP",6.5739965148011,0.249366413603731,-0.328888144050167,-0.358115224537949,-0.145597369623977,12.3347986915645,2.21744205849718e-07,2.43368197554921e-05
"gene-HSP90AA1|HSP90AA1","HSP90AA1",7.67750260036027,1.79274996124447,0.439046544283246,-0.265771664203145,-1.38054296069996,12.6850846038608,2.27666109461332e-07,2.4702166928574e-05
"gene-TCEA2|TCEA2","TCEA2",3.76365652126646,-0.456873465095036,0.209691088173223,-0.15698334578313,0.124948760367341,12.3073502929824,2.28265581310894e-07,2.4702166928574e-05
"gene-LOC140682197|LOC140682197","LOC140682197",7.42638659081713,0.482630614088802,-0.11208102851951,-0.839576367202914,-0.569737905476414,12.2965784423391,2.30878608514458e-07,2.48114337969531e-05
"gene-COLEC11|COLEC11","COLEC11",2.53333734442244,0.746528548049276,0.747885697828405,-0.218592503638273,-0.219045843481419,12.2772181017553,2.35652886938914e-07,2.49775919546554e-05
"gene-SLC7A3|SLC7A3","SLC7A3",6.39130347385623,0.961848624228725,0.483380035486309,-0.0863055918679896,0.425677084499849,12.2776721687421,2.35539754992557e-07,2.49775919546554e-05
"gene-POLDIP2|POLDIP2","POLDIP2",4.67937783657117,-0.323097148258387,0.188782184542188,0.343624487313104,0.0936685194900457,12.2359101973175,2.46183043778741e-07,2.5916208180109e-05
"gene-AHSA2P|AHSA2P","AHSA2P",4.46611767858597,0.501391775563973,-0.855532799350068,-0.473627735239118,-0.677393940165051,12.2204365370911,2.50251517796397e-07,2.60569488793399e-05
"gene-SH3D19|SH3D19","SH3D19",0.991127076365704,0.527979236061625,0.341605806343013,-0.336389924863749,-0.647664291033951,12.2180408591394,2.50887585332578e-07,2.60569488793399e-05
"gene-MAP2K2|MAP2K2","MAP2K2",4.65974505074268,-0.336896743046358,-0.124191116629336,0.304362158864171,0.212239733572637,12.1874778121151,2.59150221735249e-07,2.67356645423532e-05
"gene-HDAC11|HDAC11","HDAC11",1.48083951736969,-0.569226575574641,-0.335432909735377,0.118962361257046,0.529244033186896,12.1799591518102,2.61225571240276e-07,2.67712961254521e-05
"gene-LOC140682198|LOC140682198","LOC140682198",0.842601367278326,0.331800415793853,-0.000982328122743126,-0.517409564350577,-0.883234798863904,12.1688525076196,2.64322724389933e-07,2.69104878943041e-05
"gene-LOC115491136|LOC115491136","LOC115491136",2.7853236625801,1.16214095287934,0.5448428477949,-0.609264627014993,-0.872534308215962,12.1728762646176,2.79336529200376e-07,2.82531554861164e-05
"gene-MED26|MED26","MED26",8.50325871491957,0.34806779932401,-0.141487163537242,-0.288112664714189,-0.341229172871666,12.1026071462865,2.83599460815774e-07,2.84980627021046e-05
"gene-CHORDC1|CHORDC1","CHORDC1",6.628080679506,0.703727134503633,-0.238496426484057,-0.42852038264105,-0.590524367520397,12.0807363523958,2.93046878215748e-07,2.8731486064689e-05
"gene-EPC1|EPC1","EPC1",6.08662585565623,0.323263355822919,-0.114783544162727,-0.213221625511589,-0.170394918775004,12.0708508839626,2.93348936880185e-07,2.8731486064689e-05
"gene-XBP1|XBP1","XBP1",7.30295343673939,0.142441194613468,-0.0478226767024506,-0.779975617298557,-0.601385937726096,12.078850556336,2.9086083134093e-07,2.8731486064689e-05
"gene-SLC20A1|SLC20A1","SLC20A1",10.0002830429917,0.371471107303375,0.0450114070416099,-0.294661853500013,-0.24781293818315,12.0822978712431,2.89795349631605e-07,2.8731486064689e-05
"gene-PPP1R10|PPP1R10","PPP1R10",9.5111904525282,0.820025182354529,0.383864017279349,-0.132468627583767,0.196467578667434,12.0565819630815,2.97841601196508e-07,2.89880426321759e-05
"gene-LOC100231060|LOC100231060","LOC100231060",2.52166221898564,0.381288274984435,0.0642788723421903,-0.456411244539948,-0.699192718892081,11.9914145812848,3.19280546132056e-07,3.08471051664956e-05
"gene-GSE1|GSE1","GSE1",5.62795100589044,-0.376999500781359,0.0537918781068587,0.452718234161881,0.309651709940805,11.9821535542138,3.22454016267281e-07,3.08471051664956e-05
"gene-LOC105760834|LOC105760834","LOC105760834",1.36540058126226,0.543962208896464,-0.183059103085753,-0.052051613879118,-0.346907906773767,11.9807933625426,3.229228456848e-07,3.08471051664956e-05
"gene-LYRM4|LYRM4","LYRM4",5.40611587877834,-0.30417668047582,0.222018548972756,0.30918393427666,0.618136507166765,11.9555791061952,3.31742180553455e-07,3.14951548715627e-05
"gene-LOC100224416|LOC100224416","LOC100224416",3.52480509458842,0.413781873682815,0.148014833931589,-0.247379633154077,-0.54319165588063,11.8975174184122,3.53008479624965e-07,3.29084712180502e-05
"gene-KHDRBS3|KHDRBS3","KHDRBS3",2.42577396484095,-0.106161206226357,-0.105503134658849,-0.890675300614732,-1.45061711815745,11.907119433061,3.49396773309967e-07,3.29084712180502e-05
"gene-LOC121470738|LOC121470738","LOC121470738",5.94458009066608,0.439100672046759,-0.0977679367383395,-0.608809785841944,-0.686436320585427,11.8998947580017,3.5211069356543e-07,3.29084712180502e-05
"gene-LOC100218691|LOC100218691","LOC100218691",3.2561101933352,0.444830886982464,0.139654135175614,-0.266577778132513,-0.407590146864584,11.8798445284519,3.59756995859822e-07,3.33367635385075e-05
"gene-SCARF2|SCARF2","SCARF2",4.85220638974916,1.20226078314536,0.850026062829879,-0.221034888439957,0.36300821042972,11.8561050002696,3.69032184781995e-07,3.39926967827463e-05
"gene-HEBP2|HEBP2","HEBP2",3.33152291662985,1.01581523413521,0.294132090399231,0.0128012495057623,-0.0200801284602323,11.8263008520229,3.8102724331224e-07,3.47706351617828e-05
"gene-COMMD2|COMMD2","COMMD2",5.2201322571329,0.564112935129453,0.113052663187269,-0.0956906530343851,0.0743674519555091,11.8239960512961,3.81971436349149e-07,3.47706351617828e-05
"gene-LOC115496474|LOC115496474","LOC115496474",-0.108377529562723,0.991775258673822,-0.126689237702481,-0.307504442035953,-0.653669031840958,11.8081945425435,3.88510082314046e-07,3.51590264550284e-05
"gene-USP45|USP45","USP45",5.88208121955273,-0.608732642566769,-0.299987216752822,-0.0480091450379367,0.153825848004026,11.7947129259164,3.94180014078489e-07,3.54647425457245e-05
"gene-SUCLG1|SUCLG1","SUCLG1",3.81510572374756,-0.523025930246849,0.153729273366441,0.0878726889552959,0.108382490753571,11.7858689073664,3.97945829402349e-07,3.55965994797766e-05
"gene-RRAGC|RRAGC","RRAGC",6.00846317908884,0.631136146391888,0.14667180276276,-0.0352285157733201,-0.0691218101303823,11.7180552468028,4.28083151563458e-07,3.80723377611754e-05
"gene-DMAP1|DMAP1","DMAP1",6.52072770581108,0.513468584566342,0.131480638206153,-0.250705800462073,-0.19436735516503,11.7089144976353,4.323218757351e-07,3.82296058685753e-05
"gene-LOC140682199|LOC140682199","LOC140682199",1.38159937687693,0.413879895094347,0.13372411883441,-0.42167609646146,-0.544031377360227,11.6961470001119,4.38314982722405e-07,3.85393429410751e-05
"gene-LOC100232391|LOC100232391","LOC100232391",1.3172256768207,1.04247514651901,0.044017737343168,0.0576153032477679,0.055685431713043,11.6891504790811,4.41635460969921e-07,3.86119138898844e-05
"gene-PEX16|PEX16","PEX16",2.25244664348623,-0.593340683073445,-0.227336271919632,0.147304644136088,0.191204805771266,11.6683576882568,4.51657511401945e-07,3.92662920727253e-05
"gene-LOC100229913|LOC100229913","LOC100229913",8.44867967452474,0.308987352847456,-0.0829749231355361,-0.323679820467808,-0.319124746515131,11.6553036068677,4.58069147035103e-07,3.9601229331666e-05
"gene-SEMA3D|SEMA3D","SEMA3D",6.49359225337818,-0.679973070820115,-0.152750404487472,0.218541264443934,0.0224964241490522,11.6334250978323,4.69026347611321e-07,4.03232373849178e-05
"gene-COQ8A|COQ8A","COQ8A",2.40229171099069,-0.543069112638786,0.367687714045589,0.658594303383146,0.112732052678634,11.6007981140491,4.85871326203961e-07,4.14456960709828e-05
"gene-EXD2|EXD2","EXD2",7.81756750157171,0.397873158176389,-0.0437615360029424,-0.544689919465311,-0.441860492640807,11.5978214759774,4.87438881093304e-07,4.14456960709828e-05
"gene-ZNF438|ZNF438","ZNF438",1.65575303912707,-0.748165615515745,0.0534639993991022,0.364299105181443,-0.094901992942078,11.5812583339784,4.9625713969585e-07,4.19649138622584e-05
"gene-E2F4|E2F4","E2F4",5.16827158509642,-0.538428073730317,-0.17204724061394,0.201754543797624,0.119927115833856,11.5680748819456,5.03393580490712e-07,4.23370416200749e-05
"gene-HEXD|HEXD","HEXD",2.37006849548986,0.486878088157506,0.0331952015777031,-0.133787503291505,-0.183703201946567,11.5606726917823,5.07446845248809e-07,4.24472428660828e-05
"gene-PIK3CG|PIK3CG","PIK3CG",2.0408253993489,-0.703319964699847,0.13794551922915,0.712438760105431,0.338767938725589,11.5189651440367,5.30922726659912e-07,4.41721999734524e-05
"gene-HDAC2|HDAC2","HDAC2",4.82453482776741,-0.640727314919454,-0.0868617403134664,-0.0556690910082773,-0.0789927276939304,11.4967888688105,5.43858482695705e-07,4.47670745729577e-05
"gene-MLF1|MLF1","MLF1",10.9846290831726,0.344061065136268,0.0752377919087266,-0.544926870505504,-0.535709439032582,11.4976584329307,5.4334517822753e-07,4.47670745729577e-05
"gene-NT5C2|NT5C2","NT5C2",2.06866343040904,-0.596961046635201,0.358492081723161,0.615693767106428,0.17498607952794,11.4816069698025,5.52901425650679e-07,4.52706326028797e-05
"gene-HSPE1|HSPE1","HSPE1",5.6581507741864,1.03260572758353,0.463454589879155,0.000966631624284453,0.21790987143009,11.403548332772,6.01907087524456e-07,4.87670794735129e-05
"gene-MYO1E|MYO1E","MYO1E",1.09223154264922,0.812219455582627,0.257063108369219,-0.777087343280715,-0.731788893854454,11.4054967829388,6.00630851408359e-07,4.87670794735129e-05
"gene-FAM222B|FAM222B","FAM222B",5.37792038067902,-0.338203612458102,-0.0537765406592872,0.0038560326540571,0.148781839777005,11.3638109245286,6.28554414225809e-07,5.06608310424187e-05
"gene-FXR1|FXR1","FXR1",9.88135968304998,0.210275961836929,-0.298099472030323,-0.525348877394388,-0.437041482341421,11.2833036014399,6.86337018086145e-07,5.50314267092389e-05
"gene-LOC115497052|LOC115497052","LOC115497052",2.34858264545945,0.649162270568727,0.371735561932399,0.010361617247713,-0.273469332707334,11.2554950560824,7.07546604945288e-07,5.64396067604553e-05
"gene-LOC100229276|LOC100229276","LOC100229276",3.32267463717608,0.382377666526757,0.102262212419548,-0.269564099519064,-0.369613563520819,11.2260135777369,7.30771621392487e-07,5.79932863643525e-05
"gene-LOC115494307|LOC115494307","LOC115494307",7.8301889110621,0.969333364995341,1.12285399130864,0.297070174662811,-0.53664075184937,11.3180285377128,7.43997741287848e-07,5.84434773930429e-05
"gene-NDUFS2|NDUFS2","NDUFS2",5.12477827126996,-0.00470409589624854,0.0108412916531107,0.426241500617044,0.655656725491236,11.2106249953005,7.43205437329675e-07,5.84434773930429e-05
"gene-LOC115496371|LOC115496371","LOC115496371",1.60199652617685,0.947861726942095,0.129594799328346,-0.372911283274626,-0.0992184839833299,11.1993803612991,7.52428816530521e-07,5.88072522010597e-05
"gene-LRRC45|LRRC45","LRRC45",4.85004757087125,-0.549298813335728,-0.437200544164249,0.494227535200406,0.139170616835648,11.1824109640193,7.66572029718083e-07,5.93135107994367e-05
"gene-COASY|COASY","COASY",2.92226242662974,0.107935917067179,0.232921330738362,0.830870871571812,0.950901781015413,11.1846763129398,7.64668215400637e-07,5.93135107994367e-05
"gene-LOC115494487|LOC115494487","LOC115494487",0.155794951883264,1.8703976808059,1.3230868324631,0.641958538989726,0.540899283508077,11.1770127343147,7.71128469666649e-07,5.93692192442358e-05
"gene-RBM11|RBM11","RBM11",1.82806096115045,0.67445685934693,-0.478968432096764,-0.76866885990948,0.0766459848536052,11.1673970750703,7.79314003822581e-07,5.9702397075022e-05
"gene-LOC121469108|LOC121469108","LOC121469108",0.514562874026089,0.34561699948103,-0.115706520448383,-0.600829867870562,-0.822591557887373,11.1522085978983,7.92426558546673e-07,6.01117695760283e-05
"gene-AURKA|AURKA","AURKA",5.48620749806387,0.116670695065122,-0.291449797170716,-0.980504200229251,-0.487290043165527,11.154484149167,7.90447621821315e-07,6.01117695760283e-05
"gene-CLNS1A|CLNS1A","CLNS1A",4.59514289421886,-0.39771110322774,0.134898434756208,0.268868411255466,0.271676203213727,11.1124748929673,8.27816881977493e-07,6.24900792614717e-05
"gene-ZFAND3|ZFAND3","ZFAND3",3.54822965069795,-0.532149606903466,-0.167652061064359,0.110365610339425,0.121057790187912,11.1056603712006,8.34048383651397e-07,6.26548482378901e-05
"gene-MSX1|MSX1","MSX1",0.482953800190469,1.51320116426354,0.724125415984559,-0.137901969034312,-0.265115531520481,11.0974050630783,8.41662263564469e-07,6.29213697036722e-05
"gene-ZFP36L2|ZFP36L2","ZFP36L2",6.94752984182596,0.535317082415808,-0.0375842606651373,-0.097571920559341,0.00735774583570326,11.0912590138504,8.47377300346383e-07,6.30440563599052e-05
"gene-UNC80|UNC80","UNC80",0.947698557767634,0.87199286511715,0.514993155597724,-0.4447294641859,-0.321731471344766,11.0788993064238,8.58991740027603e-07,6.36023788369721e-05
"gene-VIPAS39|VIPAS39","VIPAS39",4.73607093234499,0.728145463467329,-0.223001604091873,-0.241775104951594,0.159224358092237,11.0592339268003,8.77810899315319e-07,6.4686303175736e-05
"gene-MAPDA|MAPDA","MAPDA",4.77040291991699,-0.859625494350825,-0.657661990047151,-0.495004222388951,0.148577679834315,11.0253508402839,9.11239790884716e-07,6.68314491182037e-05
"gene-LOC100224417|LOC100224417","LOC100224417",4.29986981249805,0.531063652025656,0.288804033003305,-0.296472816629693,-0.490244993512425,10.9706327100806,9.68023010992401e-07,7.00007294163898e-05
"gene-MATN3|MATN3","MATN3",4.54163067596305,0.726393011346277,-0.305081853012671,-0.764023121921329,-0.0572075211538055,10.97631258697,9.61962710876232e-07,7.00007294163898e-05
"gene-LOC100226843|LOC100226843","LOC100226843",2.3817586404383,1.28971005803502,0.790324297404719,0.370489172000338,0.0786551160572937,10.9707333856939,9.67915250307939e-07,7.00007294163898e-05
"gene-CCDC83|CCDC83","CCDC83",-0.478896567826822,0.673240578705093,-0.0815330844809847,-1.14223942172106,-0.933965945600792,10.9606452054111,9.78775129392618e-07,7.0449047103957e-05
"gene-MOB2|MOB2","MOB2",5.40049342312979,-0.441052020090571,-0.159044416522974,0.187212930797324,0.0880991917824003,10.9532676610674,9.86796519429661e-07,7.053264018687e-05
"gene-PRELID1|PRELID1","PRELID1",4.60058545055589,-0.0492780626992149,-0.26351543542213,-0.120609639434484,0.624494120749369,10.9512041671348,9.89052208113136e-07,7.053264018687e-05
"gene-BTBD2|BTBD2","BTBD2",5.40036153731515,0.927780561349453,0.311970125294983,-0.402159227415993,-0.155526210003433,10.9441441587689,9.96810093197165e-07,7.07597990469088e-05
"gene-LOC115498509|LOC115498509","LOC115498509",4.87677846119546,0.975048019652528,2.20249426934714,0.893876315379059,-0.0809551797044841,10.9663237009017,1.04642949657028e-06,7.39429062074206e-05
"gene-ZNF652|ZNF652","ZNF652",2.42770231800752,-0.711682722283926,-0.119492840522868,0.372507708661543,0.305754249475815,10.8865147969907,1.06253099622915e-06,7.47393962120279e-05
"gene-VAMP1|VAMP1","VAMP1",2.52210186434857,1.06049402647757,0.711681322681707,-0.179113342199198,-0.618965718275657,10.8638221440816,1.08962169368923e-06,7.62981706327642e-05
"gene-PLPP2|PLPP2","PLPP2",6.43251369311144,-0.451328595171936,-0.176836761636728,0.167680128910491,0.358056917998838,10.8555502536542,1.09967304509855e-06,7.66551368148654e-05
"gene-SH2B3|SH2B3","SH2B3",9.61547021422919,0.502669981362672,0.0591031374293856,-0.269774824059006,-0.228245455579636,10.8091588232265,1.15784370831006e-06,8.03481228076154e-05
"gene-LOC140682209|LOC140682209","LOC140682209",0.423492213573635,1.06510864375342,0.279607121734124,-0.106854221404654,-0.290494353782884,10.7562801122764,1.22803541013051e-06,8.48386070168289e-05
"gene-PCNA|PCNA","PCNA",8.20771618287944,0.102115339832308,-0.322432067384332,-0.783114184906088,-0.517572916662642,10.7472278358628,1.24048459905203e-06,8.51930978865532e-05
"gene-MAN1C1|MAN1C1","MAN1C1",4.90145481198248,-0.312607934764774,-0.605070075070056,-0.0320969009666241,0.188930122767084,10.7445609103018,1.24417706768084e-06,8.51930978865532e-05
"gene-LOC121469813|LOC121469813","LOC121469813",2.41180779644425,0.648965856029643,0.319922878544144,-0.246955007665626,-0.13932300628145,10.7369085345996,1.25483515143354e-06,8.53559242351264e-05
"gene-SHMT2|SHMT2","SHMT2",0.854752621366237,-0.560723355122743,0.64435536475831,0.534220397238781,0.156167752256948,10.7349440000548,1.25758647661446e-06,8.53559242351264e-05
"gene-UBAP1L|UBAP1L","UBAP1L",3.4542532043061,0.451081719256387,0.113197074370777,-0.506093992158486,-0.157679010493535,10.7250964368118,1.27147201206525e-06,8.5921525706156e-05
"gene-NXF1|NXF1","NXF1",5.87135355113234,-0.0260786065773715,0.0392223902597628,0.334855150028668,0.633635740537391,10.6879857816061,1.32523641105647e-06,8.91653628743432e-05
"gene-MEP1A|MEP1A","MEP1A",2.07254356576094,1.03988992636479,0.367437787432766,-0.216626166083038,-0.138603930710007,10.6624212323979,1.36363261563936e-06,9.0975730588158e-05
"gene-KLF17|KLF17","KLF17",10.1114434445153,0.357316885349029,0.0629427674628484,-0.0703015070047623,-0.359267253057947,10.6622450993061,1.36390109831681e-06,9.0975730588158e-05
"gene-UROD|UROD","UROD",5.15622023394537,-0.399543577296241,0.396962701824566,0.519954700943324,0.377195174617616,10.6460965303154,1.38874972407907e-06,9.22356308159809e-05
"gene-IKZF1|IKZF1","IKZF1",4.65548434630511,-0.746877587913883,0.00299934187813466,0.548306938124241,-0.0306412261471305,10.6230822614021,1.42497239927746e-06,9.40405727085883e-05
"gene-LOC115496323|LOC115496323","LOC115496323",-3.01203849383618,1.35267683438681,-0.0649164137507654,-0.27017920745617,-0.796227890323546,10.6173428126568,1.43415671465117e-06,9.40405727085883e-05
"gene-RAB7A|RAB7A","RAB7A",5.16007665755875,-0.38566113445161,-0.250234816973142,0.0246145768825965,0.11366346943465,10.6197368053618,1.43031842852221e-06,9.40405727085883e-05
"gene-ARL15|ARL15","ARL15",1.17412694687936,-1.41001036453383,-0.407480618761449,0.253382914452785,0.15740080567021,10.6030066988564,1.45736512159283e-06,9.51591782980969e-05
"gene-MAP3K2|MAP3K2","MAP3K2",4.10984306686228,-0.436695835382739,0.0953117022374625,0.217234651579338,0.383529854844318,10.5578948808836,1.53295502451798e-06,9.88436625183989e-05
"gene-DDR2|DDR2","DDR2",2.8816253192491,1.16500545801844,0.726464774769349,-0.312718069664352,0.133656144086581,10.5598246873009,1.52964005510303e-06,9.88436625183989e-05
"gene-GSDMA|GSDMA","GSDMA",4.46932265491813,0.636602779476514,-0.0477732203001429,-0.48321685904045,-0.205039300615209,10.5621030485427,1.52573586116647e-06,9.88436625183989e-05
"gene-ETFA|ETFA","ETFA",3.30902858547324,-0.370594566092603,-0.157770755202331,0.233706431010172,0.319735331366662,10.5331989512613,1.57603703769271e-06,0.00010097411724296
"gene-YOD1|YOD1","YOD1",6.68653296197147,-0.219125278149328,-0.0599003085499099,0.299152835338399,0.320552471615022,10.5315002298743,1.57904596916294e-06,0.00010097411724296
"gene-HSDL2|HSDL2","HSDL2",2.34839579103209,-0.776011105776387,-0.463067440273667,0.0104029144490818,0.0881052820232746,10.506514636488,1.62399350901348e-06,0.000103420985810632
"gene-FMNL3|FMNL3","FMNL3",6.30307497083733,-0.336303241546664,0.0486236021931035,0.481187319026824,0.648568167845417,10.5011117729743,1.63388521607102e-06,0.000103624482453684
"gene-LOC140683680|LOC140683680","LOC140683680",5.43606190720724,0.584251981343582,-0.146836585930003,-0.312220902503697,-0.0482914298996731,10.4859614700481,1.66195552137313e-06,0.000104974537523466
"gene-SAT1|SAT1","SAT1",9.42680293919599,0.274850230280512,-0.00709484286169726,-0.255391167022786,-0.379179563657161,10.4725796054946,1.68716281574637e-06,0.000105884903302636
"gene-MILR1|MILR1","MILR1",2.26816115814543,0.592402457490413,0.482118547517296,-0.421628301487373,-0.0987631189367117,10.471058444559,1.69005306079166e-06,0.000105884903302636
"gene-DNAJB4|DNAJB4","DNAJB4",9.62290703583518,0.911197770195141,0.121817168800158,-0.29781559664065,-0.618519884229574,10.5352546189724,1.75848468797034e-06,0.000109728026396536
"gene-ASCC3|ASCC3","ASCC3",3.110419156113,-0.949571385977789,-0.424742141710233,0.0719239195301009,-0.0772855458052706,10.4010791081733,1.82868973473724e-06,0.000111670331048944
"gene-HSPA2|HSPA2","HSPA2",11.1347731601534,1.02275176717843,0.255914804758953,-0.285175484361186,-0.402872069470565,10.4825218052078,1.83290882626377e-06,0.000111670331048944
"gene-LOC140684873|LOC140684873","LOC140684873",0.954365036407233,1.12468666923731,0.529987117932934,0.0592471443092594,-0.427793660991855,10.4061261157863,1.81830945723388e-06,0.000111670331048944
"gene-DPM2|DPM2","DPM2",3.05301476707881,-0.597056161937509,-0.323868430797856,0.225657154358484,0.220196048915137,10.4071263679602,1.81625944356855e-06,0.000111670331048944
"gene-ACOT7|ACOT7","ACOT7",5.51738985035918,-0.399739378969943,-0.00481460274119083,0.145562080728616,0.0557914493812435,10.4000996715072,1.83071123025342e-06,0.000111670331048944
"gene-LOC100222731|LOC100222731","LOC100222731",6.31976791396813,-0.223336760842252,-0.0521122184304383,0.0974975540987337,0.415943331517054,10.4043709639685,1.82191240366018e-06,0.000111670331048944
"gene-NOL6|NOL6","NOL6",3.17125009654884,1.2409690213872,0.741953095205977,0.243747082592933,-0.0626109325398163,10.3783850572446,1.87612561670922e-06,0.000113855074190491
"gene-EIF6|EIF6","EIF6",3.68921087584524,0.742909795588164,0.0085110620562463,0.168422089076069,0.189730806847574,10.369696851219,1.89462023781334e-06,0.000114528313203756
"gene-SNN|SNN","SNN",9.2402605735775,0.406765942816572,-0.0872167353192115,-0.22742339767356,-0.437000287281514,10.3642608002266,1.90628749640655e-06,0.000114785210143546
"gene-TPCN1|TPCN1","TPCN1",4.9771984104017,-0.353508852363275,0.141913046451545,0.364127216956544,0.266594359615638,10.3499484591664,1.9373613420151e-06,0.000116204134758464
"gene-ACTR3|ACTR3","ACTR3",5.85494274312345,-0.526615185427798,0.0404298782713184,0.111741503814544,-0.0998052323051546,10.3464379469896,1.945062552872e-06,0.000116215610060595
"gene-PGAP3|PGAP3","PGAP3",2.38637795785356,-0.161873929712133,0.493103448597968,0.728857477266198,0.428822537932947,10.3276325448844,1.98685786330882e-06,0.000118256251671939
"gene-UBIAD1|UBIAD1","UBIAD1",4.42365383010133,0.399695338857711,-0.154564055259115,-0.355410321939561,-0.0600871577658859,10.3234478593533,1.99628370010329e-06,0.000118362031644055
"gene-TAF13|TAF13","TAF13",2.99666669162154,-0.585636961878982,-0.369975622273062,-0.0531294104394022,0.250949421054969,10.253143734192,2.16172282122848e-06,0.000125235980203384
"gene-GARS1|GARS1","GARS1",1.77322396909127,-0.51465963295856,0.239558605973027,0.541525257548038,0.259311087900028,10.2502333805135,2.16886867169673e-06,0.000125235980203384
"gene-TANGO6|TANGO6","TANGO6",4.26473156179953,-0.0111164164027375,-0.202988935459671,0.540828003471071,0.879000701108653,10.2532678248015,2.16141867916909e-06,0.000125235980203384
"gene-HNRNPAB|HNRNPAB","HNRNPAB",10.1182011052285,0.194335120956383,-0.193326559992807,-0.366300043257802,-0.343174643606787,10.2640523245535,2.13515404060321e-06,0.000125235980203384
"gene-HSPA9|HSPA9","HSPA9",7.06409049686532,0.417131524812234,-0.402743181579244,-0.299644735612117,0.166276791964995,10.2616348317797,2.14101286149574e-06,0.000125235980203384
"gene-LOC121471027|LOC121471027","LOC121471027",4.07081670841594,0.498054412228624,0.531356521210114,-0.134826095625867,-0.804826566074323,10.256377215656,2.15381204961916e-06,0.000125235980203384
"gene-TRNAU1AP|TRNAU1AP","TRNAU1AP",2.51174130042468,-0.61495219767211,-0.0118352816017255,0.130760632991493,0.140942357781351,10.262147204451,2.13976973778203e-06,0.000125235980203384
"gene-CMSS1|CMSS1","CMSS1",-0.0392235765369921,-0.528125890181939,-0.0958274747102356,0.160363526190896,0.664412159643385,10.2408126422055,2.19216707378468e-06,0.000125889883558107
"gene-LOC115495699|LOC115495699","LOC115495699",0.798519067222214,0.750309519539344,-0.0298187708736702,-0.187128320799999,-0.601337018019653,10.2390867616729,2.19646323493951e-06,0.000125889883558107
"gene-DDIT4|DDIT4","DDIT4",6.63658067590796,0.478455381474038,-0.204858773454726,-0.539707003679977,-0.322023430861874,10.2286419020363,2.22264908564584e-06,0.000126920644281806
"gene-LOC140684778|LOC140684778","LOC140684778",1.63076672974906,0.380531870612748,-0.0152779527048805,-0.401180145036443,-1.12327130431325,10.2243060868352,2.2336135626314e-06,0.000127077830447504
"gene-VPS37A|VPS37A","VPS37A",5.23971097938878,-0.318970517294543,-0.28756266284635,-0.0760360255070438,0.272557268102644,10.2204309282717,2.24346031797417e-06,0.000127170507035349
"gene-CAPRIN1|CAPRIN1","CAPRIN1",7.18986217966107,0.388386628624212,-0.101808583820098,-0.234675968382329,-0.0679337039508594,10.2122574108301,2.26437620992224e-06,0.000127887670980097
"gene-ZBTB26|ZBTB26","ZBTB26",4.61626726094391,0.365326014479176,-0.335452475514558,-0.259211880827335,0.132854255753487,10.2008113385306,2.29400497801607e-06,0.000129089916490177
"gene-ABCB10|ABCB10","ABCB10",6.31872122212002,-0.582846494183077,-0.0203327949311189,0.294986971286181,0.0416937950488787,10.1616829466354,2.39834497799141e-06,0.000134472422226149
"gene-QARS1|QARS1","QARS1",3.67380300942718,0.105842188851608,0.363440912970202,0.48082415409631,0.627103162683026,10.1326629156033,2.47888164772147e-06,0.000138486258117291
"gene-LIPG|LIPG","LIPG",4.38277031067158,0.31539989073127,-0.121681141739115,-0.728331307037529,-1.02056930845209,10.1203136848182,2.51399425557567e-06,0.000139942665845444
"gene-WIPI1|WIPI1","WIPI1",6.40399026144902,-0.310278731494959,-0.224267419362022,0.176183919544441,0.251127776369707,10.1165622278726,2.52476202457516e-06,0.000140038323764518
"gene-KMT5B|KMT5B","KMT5B",6.41352800263784,0.221303347073672,-0.277157001459916,-0.206681564901744,-0.199172256074828,10.1088121805096,2.54715775468435e-06,0.000140775950906216
"gene-LOC100223643|LOC100223643","LOC100223643",1.12145062518893,1.7651531738189,1.55563542626792,-0.119882670966616,0.135024920427444,10.0901504262107,2.60192997898973e-06,0.000143291339590271
"gene-CHCHD7|CHCHD7","CHCHD7",4.91035338886377,-0.507828021750861,-0.322669970469328,0.0156443914839279,0.0846109028514404,10.0784797206266,2.63679929877649e-06,0.000143677708269599
"gene-NDUFAF7|NDUFAF7","NDUFAF7",3.10045990561327,0.0101580561873087,0.296814642588091,0.379309875096348,0.806602109495744,10.080045376833,2.63209364404509e-06,0.000143677708269599
"gene-IMMT|IMMT","IMMT",5.69465024021943,-0.406443523805984,-0.356230385226241,-0.0734806540020081,0.0460996634588033,10.080807793098,2.62980530089498e-06,0.000143677708269599
"gene-MTMR4|MTMR4","MTMR4",3.39278080910043,-0.085112250989896,-0.0848635557814932,0.395630988488482,0.431228632307379,10.0385744542878,2.7597103641521e-06,0.000149847431176329
"gene-LOC116808052|LOC116808052","LOC116808052",5.89554475721287,0.229676911970213,-0.244001067247519,-0.436816971542499,-0.322674074039858,10.0304842207057,2.78534074930651e-06,0.000150185185001806
"gene-SLC25A1|SLC25A1","SLC25A1",2.38838187537181,-0.477476993806248,0.370675963781045,0.642299985322901,0.346103951541398,10.0319822535994,2.78057643666239e-06,0.000150185185001806
"gene-RASL12|RASL12","RASL12",1.90193742216938,1.11627660886526,0.688013143908314,-0.0697072680769637,0.207499667744972,10.022809028705,2.80988313087813e-06,0.000150982435591455
"gene-PHB1|PHB1","PHB1",3.89566740907447,-0.484643104481974,-0.094707427453613,0.317862083834717,0.272204244615448,10.011832798022,2.84536901576357e-06,0.000152360157504987
"gene-LOC101233531|LOC101233531","LOC101233531",6.39746319239442,0.338785264087313,0.301867127097412,-0.332911646635718,-0.552007410480576,10.0013495721188,2.87969247249314e-06,0.00015366634831666
"gene-CAPN10|CAPN10","CAPN10",2.83543238807911,0.591142343688083,-0.0260534030810375,-0.658981132955827,-0.0288401192553742,9.97785583932957,2.95817308406223e-06,0.000157311781703997
"gene-IRS4|IRS4","IRS4",10.5160861411779,0.19802502996875,-0.264320731263441,-0.570643917254547,-0.51810138649299,9.95950841344433,3.02099398485997e-06,0.000159535508092972
"gene-EPS15|EPS15","EPS15",4.55968499825442,-0.6876678547932,0.0355336704811924,0.0402306117909808,-0.110994674654389,9.9580214270208,3.02614524876017e-06,0.000159535508092972
"gene-VRK3|VRK3","VRK3",2.94649795281788,-0.660945900781641,-0.121353952240864,0.4419818465593,0.450431629133372,9.95664634101908,3.03091692273562e-06,0.000159535508092972
"gene-HAPSTR1|HAPSTR1","HAPSTR1",9.49227679227112,0.33504590080379,0.0841582905758536,-0.298562443484446,-0.566222490345035,9.95237554359529,3.04578649791616e-06,0.000159774732390687
"gene-PHYH|PHYH","PHYH",1.15018318620545,-0.807802487935626,-0.0622579150937441,0.263508369476494,0.199469852246799,9.93827617920501,3.09541224525216e-06,0.000161829407078639
"gene-WDR59|WDR59","WDR59",4.86655316750383,-0.25285197860742,0.138283762684559,0.128961855646664,0.296737715889865,9.93330025652031,3.11312443991225e-06,0.00016220740979004
"gene-SERPINF2|SERPINF2","SERPINF2",4.41052884678027,0.812476097701513,0.306107250570533,-0.386041131293834,0.437538585263851,9.92281118667755,3.15080421552727e-06,0.00016361978266874
"gene-PITPNA|PITPNA","PITPNA",1.7325126336682,-1.12640365793818,0.199605454811592,-0.331711286011239,-0.228825165394625,9.91247211721553,3.18840541068153e-06,0.00016501864123845
"gene-EYA3|EYA3","EYA3",4.8798954243633,-0.282112215244274,-0.412443515689239,-0.0649209033496536,0.226361842093348,9.90331727576337,3.22208590728638e-06,0.000166205931384189
"gene-SYT11|SYT11","SYT11",2.99299867145156,0.560602372131385,-0.151064950741346,-0.077181296867038,0.0873134213226461,9.90025717799825,3.23342556526616e-06,0.000166236746254132
"gene-KANSL1L|KANSL1L","KANSL1L",5.88325689137781,0.0895291063307475,-0.412394158824001,-0.629810047182014,-0.344699411138163,9.89150688401968,3.26607868412656e-06,0.000167359495486286
"gene-NR6A1|NR6A1","NR6A1",0.850386874745352,-0.509870999178272,-0.0372496349932164,0.597741518345797,0.413048550594536,9.86292649798054,3.37511939524035e-06,0.00017237614733117
"gene-LOC140680777|LOC140680777","LOC140680777",0.875796235861408,1.13107297437866,0.469727425488333,-0.352983249106561,-0.311146286062789,9.85793280854249,3.39455329709234e-06,0.000172798395633237
"gene-LOC116806986|LOC116806986","LOC116806986",7.11587860362505,0.245309231973225,-0.127136401221548,-0.343196006499537,-0.267947406878814,9.85127423880587,3.42064601045748e-06,0.000173555727907638
"gene-CCDC191|CCDC191","CCDC191",-2.45171693017493,-1.58879983109084,-0.111405030683652,-0.202171314954014,0.783390795391221,9.83239960364457,3.4957390102306e-06,0.000175069777292293
"gene-KIAA1671|KIAA1671","KIAA1671",9.86424636314898,0.332185736126259,-0.078140337151849,-0.268411803616267,-0.427183532520313,9.83406897140177,3.48902942914095e-06,0.000175069777292293
"gene-KPNA2|KPNA2","KPNA2",3.80077814420797,0.440473444140747,-0.0831356247999828,-0.686201658685274,-0.177038899563585,9.83835319192156,3.47187082621291e-06,0.000175069777292293
"gene-RBM39|RBM39","RBM39",8.31203781733834,0.247013986547705,-0.0658469789122709,-0.362925208342555,-0.164120386258057,9.83590737584506,3.48165580806981e-06,0.000175069777292293
"gene-SGMS1|SGMS1","SGMS1",7.49517968650757,0.510213434117749,0.505544857115079,-0.0318062271382855,-0.0864096134981303,9.82302317966953,3.53367301995433e-06,0.000176398677367075
"gene-HIVEP1|HIVEP1","HIVEP1",5.01487732661112,-0.4659395037276,-0.428670690233318,0.272827499265976,-0.0146211826634124,9.77830384517162,3.72051848954674e-06,0.000185041989654375
"gene-IGHMBP2|IGHMBP2","IGHMBP2",1.71994393394841,-0.681402679723315,-0.198345109886837,0.118685038398317,0.167262644195646,9.77592617517519,3.73073349093151e-06,0.000185041989654375
"gene-SWT1|SWT1","SWT1",2.76076543351197,-0.52626512442648,-0.0120964975867985,0.342282961469439,0.53928597034468,9.76983058554719,3.75705378565815e-06,0.000185752100105622
"gene-RGS3|RGS3","RGS3",-2.28125100351393,-2.07726493717341,0.00230559554397658,0.185973003524042,0.195325916509131,9.75839756330605,3.80693815971146e-06,0.000187619006438009
"gene-SLC6A6|SLC6A6","SLC6A6",8.97220204842933,0.210162350843897,-0.251269225727627,-0.247004168543713,-0.359820933168566,9.75192390481579,3.83548617805822e-06,0.000188425868588733
"gene-RLF|RLF","RLF",8.27769364832956,0.466559024322716,0.00830367778235264,-0.431239310216252,-0.22862969753889,9.74484365253626,3.8669619856311e-06,0.000189329250812089
"gene-RCC1|RCC1","RCC1",7.87344230524939,0.558928947743063,-0.613957954589268,-0.724828912914728,-0.216568032467781,9.74229798022363,3.87834394232196e-06,0.000189329250812089
"gene-LOC115494853|LOC115494853","LOC115494853",9.33827056977667,-0.633436111893545,-0.631638003187499,0.186964936544046,0.2862665516103,9.73325047435127,3.91907649612425e-06,0.000190716065338122
"gene-LOC115496148|LOC115496148","LOC115496148",1.73335089874938,0.922830701802345,0.638093083344154,0.0112578852725425,0.166966332526985,9.72718303315858,3.94663937926927e-06,0.000191455311580539
"gene-LOC100232025|LOC100232025","LOC100232025",2.27109858244093,0.342730763483293,2.0050792691683,0.705820968060014,-0.678947596499678,9.72381688004806,3.9620170849078e-06,0.000191600669965463
"gene-PCF11|PCF11","PCF11",8.18060238134016,0.242019055979522,-0.222957804141469,-0.432886525161937,-0.0807885847440186,9.71824997354319,3.98758423690255e-06,0.000192236342884944
"gene-C25H1orf43|C25H1orf43","C25H1orf43",7.88711183188917,0.309329379736342,-0.0716199464432989,-0.284560787148609,-0.23121050646984,9.7133956629692,4.01001744245862e-06,0.00019271745317406
"gene-LOC140682202|LOC140682202","LOC140682202",-0.408053064270953,0.429651219791734,0.170490889452176,-0.509277262115077,-0.790291954025982,9.7009574156058,4.06809393895889e-06,0.000194903262245786
"gene-CENATAC|CENATAC","CENATAC",2.06076772878218,-0.0320973745390187,-0.29811484012608,0.318999163125244,0.727055387393824,9.68925173033276,4.12354201068838e-06,0.000196950038936428
"gene-HNRNPU|HNRNPU","HNRNPU",5.97636287518403,-0.163031390955316,0.00917437082023742,0.152528997712197,0.225986042312618,9.67586960309706,4.18788656901208e-06,0.000198796149249883
"gene-LOC100220663|LOC100220663","LOC100220663",4.79950739026878,-0.476615886284044,-0.404032236853643,-0.226512776929151,0.362995577867427,9.67842610525195,4.17551478851736e-06,0.000198796149249883
"gene-TOB1|TOB1","TOB1",9.73981200230859,0.278032360452432,-0.0746196213565256,-0.501398876533926,-0.347761218935029,9.64775119763979,4.32648092462724e-06,0.000204747071280142
"gene-FAM161B|FAM161B","FAM161B",3.98747601882382,0.503372276220618,0.409785138841987,-0.00181221077636451,-0.258846637234231,9.63104882073116,4.41103616572009e-06,0.000208112148367434
"gene-DNAJC17|DNAJC17","DNAJC17",3.50543459090878,-0.358952955163482,-0.280136990580124,0.0129036377795422,0.366799664724717,9.62564225645655,4.4387701764675e-06,0.000208784098725941
"gene-ZMIZ2|ZMIZ2","ZMIZ2",5.48030436335752,0.854913015936567,0.48273979752393,-0.318414979679844,0.219760181842936,9.61831292454396,4.47665466417511e-06,0.000209927972509424
"gene-ELF1|ELF1","ELF1",6.80678817881837,-0.57921152995333,-0.0468672288019176,-0.000615419105536752,-0.230881850506985,9.58861194668749,4.63361998812672e-06,0.000215536388483451
"gene-DNAJC13|DNAJC13","DNAJC13",3.64817817521564,-0.693322069452586,-0.468965124844324,-0.0948212849803172,-0.0642796093122393,9.5848337559076,4.65398998843924e-06,0.000215536388483451
"gene-ACAD9|ACAD9","ACAD9",3.13793931530262,-0.700273252979932,0.0826095986683972,-0.252630982367551,0.428071346787984,9.5826339370265,4.66589273938327e-06,0.000215536388483451
"gene-TARDBP|TARDBP","TARDBP",6.74010109111303,0.244131374051626,0.0521896352860365,-0.112351862814378,-0.392345601065076,9.58479659089192,4.65419082028466e-06,0.000215536388483451
"gene-DDX42|DDX42","DDX42",5.29200684751999,-0.0698992174567277,0.191231372550922,0.210955144261387,0.375870070471824,9.58390686554765,4.65900137457694e-06,0.000215536388483451
"gene-MDM4|MDM4","MDM4",6.01727656234236,0.329026854531524,-0.0229607712037465,-0.376858004010696,-0.212225150690188,9.55082478350673,4.84155583841689e-06,0.000222985347022326
"gene-MATN2|MATN2","MATN2",-0.331207856399617,1.13594570165673,0.384852932197101,-0.023671353732957,0.218402954814989,9.52721427193588,4.97634040485173e-06,0.000228512960727242
"gene-PTTG1|PTTG1","PTTG1",5.62025284365887,0.0482307703063771,-0.254893449364549,-1.07594970552188,-0.921156164817273,9.50432705301642,5.11068958060529e-06,0.000232697343524075
"gene-CANT1|CANT1","CANT1",3.71672156904105,-0.0779215088711585,-0.011413873390441,0.384959009017539,0.592313897958164,9.50401030477123,5.11257491426077e-06,0.000232697343524075
"gene-LOC140682096|LOC140682096","LOC140682096",5.58329482860432,0.609558611872478,0.426626173757773,-0.218965922953639,-0.450810380794188,9.5058277078002,5.10176719018008e-06,0.000232697343524075
"gene-LOC140685095|LOC140685095","LOC140685095",2.65947396327584,0.821554946660831,0.823163313348194,-0.08114956369546,-0.394694225824346,9.49855753620092,5.14514324955703e-06,0.000233492937791481
"gene-GPD1|GPD1","GPD1",4.90611634695473,1.07976065712083,0.522329939528328,0.00211806512476276,0.447688461324334,9.49349888367836,5.17554882276654e-06,0.00023418601763834
"gene-FBXO32|FBXO32","FBXO32",9.35459575983309,0.522151068722152,0.0085257413976283,-0.0908814876717301,-0.501419925864141,9.48875664935351,5.20422072322816e-06,0.000234796838752058
"gene-RNASEH2B|RNASEH2B","RNASEH2B",3.17435215371531,-0.661451530000622,0.12167050492557,0.572056069902403,-0.0200163493677632,9.47055307843787,5.31580996585613e-06,0.000239134183783789
"gene-OPA1|OPA1","OPA1",4.34386972235019,-0.489730742886703,-0.0542451677314677,0.288996438702452,0.113893767186137,9.44069471211273,5.50421332469227e-06,0.00024689188753511
"gene-SLC35B1|SLC35B1","SLC35B1",5.88232730332903,-0.278387899984629,-0.146727322549128,-0.0544131278582007,0.262443097534851,9.42862027909164,5.58234377284216e-06,0.000248953227333523
"gene-LOC121468220|LOC121468220","LOC121468220",-2.27321356243055,1.4586268381936,1.33256154922047,0.837807936474733,-1.44792954953046,9.43004915192017,5.57303859410385e-06,0.000248953227333523
"gene-ZDHHC3|ZDHHC3","ZDHHC3",2.63882220634353,-0.805415274709266,-0.414542915699784,0.245641870583286,-0.0191824475583116,9.42228405174507,5.62380022179997e-06,0.000250081346069984
"gene-OTUD1|OTUD1","OTUD1",8.66211632553168,0.677977371333625,-0.165890116714822,-0.221563823010493,-0.346630509460619,9.41042514058554,5.70224512303364e-06,0.000252843103951134
"gene-CLU|CLU","CLU",1.26279874237251,0.498800691610241,1.55179041266122,0.552703591264694,-0.766804267427744,9.40591275341626,5.73238930108968e-06,0.000253453498383894
"gene-ATP1B3|ATP1B3","ATP1B3",5.88153144986696,-0.322468039806154,-0.00287665706875817,0.306040432025571,0.157082143391968,9.39791462913275,5.78622349849287e-06,0.000255104867917884
"gene-LOC116807714|LOC116807714","LOC116807714",4.36516862171207,0.534813600349825,0.18021619508935,-0.233449702854841,-0.13968804218901,9.39442297742552,5.8098884229767e-06,0.00025542052086808
"gene-DHX57|DHX57","DHX57",5.25001107896824,0.365066992247055,-0.152402873148245,-0.28300534340578,-0.065410951023666,9.39006353933549,5.8395749200013e-06,0.000255998362286176
"gene-CIB3|CIB3","CIB3",0.107218260434064,0.456176719795734,0.361806029567603,-0.592461524269264,-0.48182199908248,9.38725181291757,5.85880484596909e-06,0.000256115833308959
"gene-COG7|COG7","COG7",5.86243727763665,-0.202417682545909,-0.220997177402899,0.102744505759115,0.252844161801889,9.38381281194406,5.88241358101289e-06,0.000256423521594858
"gene-TAMALIN|TAMALIN","TAMALIN",4.89291190541403,-0.224658608702041,0.120190237390333,0.632686729901057,0.698160292864472,9.37713280747743,5.92855240279029e-06,0.000257708843913426
"gene-NFIL3|NFIL3","NFIL3",7.56425603257933,0.237685625418591,-0.221548120353024,-0.431053486333618,-0.37996261185179,9.36412554829082,6.01946687095847e-06,0.000260927870666897
"gene-SMNDC1|SMNDC1","SMNDC1",8.05448574251744,0.102755881161832,-0.244241624944753,-0.671196447091576,-0.499962595106529,9.3585219813734,6.05907478425622e-06,0.00026191112370493
"gene-JARID2|JARID2","JARID2",5.56472258732643,-0.154364519227362,0.0209767189629408,0.42390818187368,0.230622380272982,9.35384961936719,6.09230593926194e-06,0.000262614023426403
"gene-TMEM94|TMEM94","TMEM94",3.38876379997008,-0.427498235412206,0.496365219338137,0.550273897497753,0.209862903138294,9.34751349943621,6.13767053922345e-06,0.000263103744029039
"gene-KIAA0825|KIAA0825","KIAA0825",0.911300285541469,-0.803213418848034,-0.181786400286561,-0.0400542582498142,-0.00246077577821691,9.34904325389702,6.12668620209588e-06,0.000263103744029039
"gene-GTF3C1|GTF3C1","GTF3C1",5.22886818719558,-0.121263820091436,0.240817749161236,0.146790930174378,0.355534146647623,9.32381574724296,6.31044788445974e-06,0.000269762930972416
"gene-NSMCE2|NSMCE2","NSMCE2",1.27602981547777,-0.766631528143879,-0.0123295378718793,0.310193818120507,-0.064921568370576,9.29886079007159,6.49781731805437e-06,0.000277007501368847
"gene-SNAPIN|SNAPIN","SNAPIN",3.94835695151677,-0.457281375898754,-0.0111122700067718,0.207131395009768,0.356587055809475,9.28537921282578,6.60141725109793e-06,0.000280650911980056
"gene-GPER1|GPER1","GPER1",1.18614699229601,0.305018073956052,0.293211416862485,-1.13423293108944,-0.570785924134313,9.27689406547322,6.66749330235556e-06,0.000282683448914938
"gene-EIF5|EIF5","EIF5",9.47756251761361,0.231366941491414,-0.345890664866799,-0.254812366776813,-0.360376805495299,9.26442556813274,6.76582782763524e-06,0.000286068813203976
"gene-TLCD3A|TLCD3A","TLCD3A",-0.124321810183452,1.12583760351663,0.403548137164891,-0.252272194871552,0.169831328406436,9.26007585814568,6.80048302978062e-06,0.000286750612767998
"gene-SNAPC4|SNAPC4","SNAPC4",6.25410379805184,0.324000769430435,-0.23578196507289,-0.340179733536615,0.0739414582947191,9.25578544587836,6.83484502276956e-06,0.000287416376976519
"gene-TXNL4B|TXNL4B","TXNL4B",2.38793132942793,0.244758285321562,-0.597477905716032,-0.534508763607484,-0.45629633491486,9.24946209354074,6.88581539047683e-06,0.000288775049234767
"gene-AAGAB|AAGAB","AAGAB",2.53959064597323,-0.261727949344492,0.380676109630364,0.407719880243659,0.404422936147141,9.23522146293244,7.00204373274929e-06,0.000292855748011609
"gene-CBX3|CBX3","CBX3",6.39296686274183,0.20733595481828,0.0898723221505522,-0.408175513400796,-0.329548306429658,9.22120620553105,7.11840749811631e-06,0.000296920097124932
"gene-NUFIP1|NUFIP1","NUFIP1",1.79005843217576,0.617014986221168,-0.0298840527266053,0.0707821789435439,0.0251599631814776,9.19280610123832,7.36035417067785e-06,0.000306186776320537
"gene-MAP2K5|MAP2K5","MAP2K5",1.33071981307436,-1.02625118424044,-0.452928434061849,0.0442269273847145,-0.741022061760212,9.18572548351551,7.42198489395283e-06,0.000307922831726327
"gene-CNTD1|CNTD1","CNTD1",5.56323275117167,0.827369443876695,0.248837960380309,-0.0938025151406476,0.00530865728319352,9.1678733351302,7.57974450379981e-06,0.000313627128867118
"gene-LOC140680234|LOC140680234","LOC140680234",5.41149894175353,0.367890354712674,0.194284613834677,-0.0686802065297316,-0.636812243951044,9.15158239170494,7.72672318333934e-06,0.00031885611003247
"gene-PCID2|PCID2","PCID2",6.98720597159543,0.199218427345278,-0.0985374798741878,-0.58078828299697,-0.310378841500309,9.14621591114199,7.77578069118609e-06,0.000319178265772161
"gene-FZD9|FZD9","FZD9",4.3675223523341,-0.593666483773728,-0.323212629718968,0.160149929461284,0.178570614339196,9.14698616157094,7.76871979067624e-06,0.000319178265772161
"gene-ZFPL1|ZFPL1","ZFPL1",4.71164165967197,0.0159576601478779,0.199323167296847,0.59736245617153,0.79332138571439,9.14065616641071,7.82694352003129e-06,0.000320428441726149
"gene-HMGB1|HMGB1","HMGB1",4.27058533926826,-0.725321847094495,-0.0564349294163389,0.00657730892621178,-0.0260135048367776,9.13079107980644,7.91858126498117e-06,0.000321212053787259
"gene-SRD5A1|SRD5A1","SRD5A1",0.819245892224612,0.290363370261392,-0.307343917783285,-0.714103290527081,-0.493109634603589,9.1296649825833,7.92911176392458e-06,0.000321212053787259
"gene-LOC115497382|LOC115497382","LOC115497382",3.37105186195744,0.355692964758097,-0.0693083190507888,-0.836462713323562,-0.729759963125955,9.13229155859497,7.90457219347592e-06,0.000321212053787259
"gene-TEPSIN|TEPSIN","TEPSIN",5.21759021637381,-0.256419798148395,-0.0155001121109768,0.416028847372552,0.595251325827844,9.13175259997081,7.90960118569712e-06,0.000321212053787259
"gene-PIKFYVE|PIKFYVE","PIKFYVE",6.66141313657266,0.489269056085187,0.0197015885143159,-0.169892096879883,-0.0507253978273949,9.12671141367919,7.95680015689856e-06,0.000321492121221946
"gene-CEP350|CEP350","CEP350",7.59258219271101,0.432309170308877,-0.21932184310092,-0.383069461580582,-0.0305354239510782,9.12270997593358,7.99447086613022e-06,0.000322173012118139
"gene-HNRNPDL|HNRNPDL","HNRNPDL",8.76767108601298,0.264843287981842,-0.0717710409515817,-0.350311379110945,-0.181375935592214,9.12003745973251,8.01973303920856e-06,0.000322351607225331
"gene-HSPH1|HSPH1","HSPH1",3.17037519473735,0.721135251456838,-1.18696477005336,-0.59208718844531,-1.28205190846654,9.20474612520075,8.13661463605733e-06,0.000324520905909761
"gene-CYP51A1|CYP51A1","CYP51A1",2.0484857509974,-0.0762815955840297,1.28272621911916,0.835080560986649,0.335944712253023,9.10808697750478,8.13370625601481e-06,0.000324520905909761
"gene-HDAC8|HDAC8","HDAC8",3.44619686251868,-0.316699500152894,0.0246672966281181,0.210108808070884,0.231630035631413,9.10869433495167,8.12787374917518e-06,0.000324520905909761
"gene-LOC116806863|LOC116806863","LOC116806863",4.08964671601797,0.0474263538597235,1.14732756909747,0.975509162945627,0.635205609206484,9.09805054477622,8.2307139624148e-06,0.000327430073440538
"gene-TIMM13|TIMM13","TIMM13",4.76863614610025,-0.226866342510882,-0.376238521493872,0.0560740797477299,0.333864020459046,9.08681128024818,8.34076402470177e-06,0.000330957239185282
"gene-NFYA|NFYA","NFYA",7.47505689649167,0.369057937870345,-0.337941517877654,-0.535928861058443,-0.121959815505481,9.08444030005408,8.36417267405051e-06,0.000331037268877063
"gene-LOC115490906|LOC115490906","LOC115490906",2.73221819409807,0.975866903040808,0.651899569723968,-0.0124629345997431,0.0540366159086165,9.07438072771835,8.46424609082632e-06,0.000333293150777449
"gene-DIPK1A|DIPK1A","DIPK1A",1.3439570480316,0.622752043726252,0.32801445103128,-0.313713201692739,-0.0082827498859126,9.07551628360228,8.45288798282976e-06,0.000333293150777449
"gene-OSGIN1|OSGIN1","OSGIN1",10.8945502736825,0.279492838022502,-0.0452173968403144,-0.335308976694234,-0.448345372387909,9.06858325492289,8.52247942118612e-06,0.000334734439195064
"gene-ELF2|ELF2","ELF2",5.98541426184721,-0.406072298771106,-0.273166899986469,0.0100940614753515,0.094401993432573,9.06283007968007,8.58067599109901e-06,0.000336166989777866
"gene-KIAA1191|KIAA1191","KIAA1191",7.4855233256337,0.0595694215674314,-0.192162088697855,-0.423631872815728,-0.519006226754381,9.0537259705637,8.67360718811154e-06,0.00033894967483845
"gene-PABPC4|PABPC4","PABPC4",7.43039531747403,0.348557626720811,-0.0212670261520316,-0.414486825027951,-0.00382178266789257,9.04202097945405,8.79461316946656e-06,0.000342812692185126
"gene-NKX6-3|NKX6-3","NKX6-3",3.47672415284979,1.05777036543637,0.265521935930488,-0.49141280077357,0.302144478144226,9.03573764400367,8.86028636847236e-06,0.000344504853146004
"gene-USP10|USP10","USP10",3.37958289829355,-0.364184878660526,0.0227209056225557,0.13878254583982,0.00403176285604889,9.02099555017276,9.01636135926119e-06,0.000349694716878614
"gene-LOC100223493|LOC100223493","LOC100223493",3.17682298356066,0.388163932922275,0.0353475962087653,-0.463195789406759,-0.538861861877197,9.01348241626241,9.09699016568587e-06,0.000351939807034972
"gene-ENAH|ENAH","ENAH",4.37894095469225,-0.612738816510189,-0.290786285945281,0.169201076469188,-0.272015757603642,9.00723074372638,9.16464748380207e-06,0.000353673116737748
"gene-TRA2B|TRA2B","TRA2B",4.37423859017751,-0.312239722055897,-0.377129509490572,-0.232328098667995,0.128582271478103,9.00089092393596,9.23378839462432e-06,0.000355454913947292
"gene-PLTP|PLTP","PLTP",1.9649302511262,0.8771134373759,0.631403800816837,0.0767538190155872,-0.0289686391966208,8.9860207412619,9.39807670029958e-06,0.000360881481233588
"gene-PSMD13|PSMD13","PSMD13",5.51883219436732,-0.287842115481546,0.0148782154749796,0.17801968804528,0.196990915142368,8.97713446757297,9.49768862000548e-06,0.000363803790580655
"gene-LOC115497224|LOC115497224","LOC115497224",4.09288388179991,1.41059810462866,1.16168840837353,-0.129997150767783,0.0454910443530951,9.02851837975177,9.53268291874065e-06,0.000364242637450646
"gene-MRPL18|MRPL18","MRPL18",4.70733415827671,0.995084948751238,0.299665278182403,0.0659069139236168,-0.0628400723466598,8.96362700993047,9.65119064055109e-06,0.000367862500400316
"gene-SOS2|SOS2","SOS2",2.65220070903877,-0.569189229367661,0.0351286197748912,-0.010984956312579,-0.178774748169257,8.93233445853078,1.00167063457035e-05,0.000380856340785655
"gene-CHPF2|CHPF2","CHPF2",4.55387270372831,0.49636337285909,0.0065277956703973,-0.154236666073061,0.136603439860085,8.92839713478425,1.00636963764296e-05,0.000381705150552078
"gene-SIRT1|SIRT1","SIRT1",8.62207443137694,0.579167418561642,0.124527325505555,-0.0808228383150453,-0.175098368026907,8.92135807439907,1.01482709239321e-05,0.000383971864420171
"gene-LOC100220543|LOC100220543","LOC100220543",2.98206317229457,0.372401420397074,-0.0505861107687373,-0.535027871843778,-0.544701122064511,8.90121585722425,1.03943497211752e-05,0.000390192424766068
"gene-LBH|LBH","LBH",7.9304919681798,0.459691183666678,0.128677413405468,-0.763943805363844,-0.648150054611338,8.93014804385638,1.03635088644288e-05,0.000390192424766068
"gene-CDK10|CDK10","CDK10",6.54834429689952,0.206343005036092,-0.256180891558069,-0.542452453104465,-0.0921285215870844,8.89986889715118,1.04110233571559e-05,0.000390192424766068
"gene-PPM1M|PPM1M","PPM1M",2.35830768738185,-0.479447938958323,-0.166556527967163,0.175723943793411,0.323797011045896,8.89966609944367,1.04135361181509e-05,0.000390192424766068
"gene-NDUFA7|NDUFA7","NDUFA7",4.32744554865543,0.0608668357096898,-0.0881598615425059,0.28959462921049,0.774074983101421,8.88572772706928,1.05877452896603e-05,0.000395761735163026
"gene-ACSBG1|ACSBG1","ACSBG1",6.10719706508489,1.16175223435593,0.406079511843045,-0.325539325908355,-0.279648611037618,8.96252941454806,1.07832499085549e-05,0.00040209829478286
"gene-TENT5B|TENT5B","TENT5B",3.96245562765266,0.833281403635368,0.567638416760368,-0.535450013643531,-0.685815799434458,8.91100202355226,1.08559435465029e-05,0.000403835880726279
"gene-BICRAL|BICRAL","BICRAL",7.59483362525444,0.386495281022542,0.106883879690188,-0.171322827113807,-0.105708102709329,8.85940129191765,1.09250259883128e-05,0.000405431120309688
"gene-SLC25A3|SLC25A3","SLC25A3",7.19863082595899,0.299984235600249,-0.0460264000702608,-0.270363623595661,-0.218347070771638,8.85035151873868,1.10435074701483e-05,0.000405934152257827
"gene-ATPSCKMT|ATPSCKMT","ATPSCKMT",2.50948003012303,0.888001399777433,0.0151598123448355,0.0490963041461168,0.0414230187545646,8.85257694329832,1.10142495538032e-05,0.000405934152257827
"gene-EPPK1|EPPK1","EPPK1",4.71324264130032,1.02191359750143,1.55455040364621,-0.101376632181479,-0.399708396027631,8.94173023069124,1.0983587496466e-05,0.000405934152257827
"gene-EIF4A2|EIF4A2","EIF4A2",9.00096302561845,0.0719664094850962,-0.301015535584394,-0.330685263361225,-0.447349295254023,8.85085117894945,1.10369314155856e-05,0.000405934152257827
"gene-GHDC|GHDC","GHDC",2.8875814198525,-0.528415465359616,-0.312540141345934,0.420747541930901,0.668627240633167,8.84115697747439,1.11652405893127e-05,0.000409436251468279
"gene-LOC115494153|LOC115494153","LOC115494153",0.316037592377905,0.490947189403555,0.161362586983148,-0.653976093865152,-0.49931521583387,8.83428938143479,1.12570669787696e-05,0.000411827686752859
"gene-PDCD11|PDCD11","PDCD11",4.897675566241,0.437520128328018,-0.0204926746304031,-0.132998323169208,0.293385289853899,8.8201177267397,1.14490233129616e-05,0.000417862348509626
"gene-FBXO11|FBXO11","FBXO11",5.11180054824126,-0.396776344921369,-0.173057973322427,-0.0372557316697559,-0.0374881145753507,8.81597123827489,1.15058232027086e-05,0.000417963882774451
"gene-CAPN1|CAPN1","CAPN1",4.01125701181161,-0.542253952498752,-0.0912376618853541,0.290031378577259,0.226156403897595,8.81748945728734,1.14849925525544e-05,0.000417963882774451
"gene-NOP14|NOP14","NOP14",5.65855581460781,0.481121287468951,-0.168084765957118,-0.290245071256875,0.169590235058508,8.81152237716189,1.15670880225482e-05,0.000419205356320688
"gene-ACVR2A|ACVR2A","ACVR2A",6.47424946934491,0.238094878512081,-0.168389890970442,-0.210762308759749,-0.14559442247216,8.79737692249008,1.17641263551732e-05,0.000425350129313796
"gene-MAFK|MAFK","MAFK",9.44674478697573,0.275329817346375,-0.0615479390479532,-0.180832392767394,-0.2379180175692,8.7641387697616,1.22408420842961e-05,0.000441554851409049
"gene-LOC115496310|LOC115496310","LOC115496310",-2.97659587603999,1.62451776072407,1.06259107250031,0.0347612558035366,-0.461145526151298,8.75274907721163,1.24087393378034e-05,0.000446570328494203
"gene-MFSD1|MFSD1","MFSD1",8.29760059946154,0.476398055124132,0.402281720049166,-0.102251546522949,-0.276392671320028,8.74659155849801,1.25004945265032e-05,0.00044882866078338
"gene-CNDP2|CNDP2","CNDP2",2.90759283710355,0.497971048528894,0.248934084508235,-0.326395591949608,-0.51995072382656,8.72366078912324,1.28483869829733e-05,0.000459518753982242
"gene-SLC41A3|SLC41A3","SLC41A3",5.09163649719492,0.315839501558708,-0.113390785236064,-0.0156082859613926,-0.20187651202655,8.72306116311823,1.28576168319426e-05,0.000459518753982242
"gene-LOC140685058|LOC140685058","LOC140685058",2.81152539767742,0.922578346460163,0.237635231522376,-0.408034777182776,-0.81439788984943,8.73732557644162,1.30295327392895e-05,0.000464589905853699
"gene-AFG1L|AFG1L","AFG1L",2.72928224743201,-0.0977470904452273,0.305842231614062,0.311166299921623,0.534179214342524,8.69894961159381,1.32344746248039e-05,0.000468256873403392
"gene-SLC25A28|SLC25A28","SLC25A28",3.79472732479703,-0.0141149124220856,0.316013895373789,0.470078754783586,0.816557471649086,8.70039087222156,1.32116314831254e-05,0.000468256873403392
"gene-GOLGA2|GOLGA2","GOLGA2",4.75204866545685,-0.313571977809477,-0.304257704942262,-0.0828145911930198,0.26344088837061,8.7020164326678,1.31859160311922e-05,0.000468256873403392
"gene-LOC115497602|LOC115497602","LOC115497602",-2.00993267541774,0.969825732672684,0.940496163472464,0.135903913203616,-0.24900856546095,8.69652063376192,1.32730646212443e-05,0.000468256873403392
"gene-TNFAIP1|TNFAIP1","TNFAIP1",4.43897854385642,-0.319562206013933,0.0364363131192178,-0.0679030997230656,0.17392817045384,8.69585447641573,1.32836683311205e-05,0.000468256873403392
"gene-ETFBKMT|ETFBKMT","ETFBKMT",6.00891756389483,0.267789868110304,-0.0191080351090038,-0.0681033729864486,-0.405452160220833,8.69109560698155,1.33596730058787e-05,0.000469198650625668
"gene-UFC1|UFC1","UFC1",3.89912638061606,0.0470694089713959,-0.335589394006268,0.189315332572345,0.571583080902992,8.69038724904755,1.3371024550948e-05,0.000469198650625668
"gene-METTL23|METTL23","METTL23",5.13723574959946,0.434468394453703,-0.0524511936886549,-0.49799932310959,-0.106572808389513,8.6723651762226,1.36631980443456e-05,0.000478366492615948
"gene-GPHN|GPHN","GPHN",1.50819443239247,-0.456852763860708,-0.797290997642695,-0.0832793083140533,0.153512285616263,8.66659919196269,1.3758058466157e-05,0.000480600349353905
"gene-LOC115492384|LOC115492384","LOC115492384",7.23120533501796,0.796197625834358,0.648977955138904,-0.224848307843325,-0.13185336367877,8.65586437261716,1.39364763745363e-05,0.00048355823295056
"gene-LOC101233194|LOC101233194","LOC101233194",2.97772809750214,0.385373649524284,-0.156262263716613,-0.598785555642948,-0.518877992044204,8.65587647215336,1.3936273938213e-05,0.00048355823295056
"gene-SLC25A11|SLC25A11","SLC25A11",6.68057161975966,0.469667815593855,0.294701834329317,-0.0113320452628685,-0.170341931426175,8.65804798582392,1.38999915366672e-05,0.00048355823295056
"gene-VPS53|VPS53","VPS53",5.37210241199657,-0.355989861931928,-0.263969204335935,-0.0490953113525103,0.228377817519426,8.65248081723396,1.39932053914538e-05,0.000484440387992725
"gene-SQSTM1|SQSTM1","SQSTM1",8.40802003524691,0.265807549828949,-0.0549485937321812,-0.258823711894662,-0.504643559613299,8.64737958111102,1.40791832638208e-05,0.000486328930820597
"gene-LUC7L2|LUC7L2","LUC7L2",6.86050397055773,0.261432138115978,-0.213157081294361,-0.385205992852894,-0.101207820178416,8.63908604006781,1.42201286335088e-05,0.000490103542546878
"gene-MXI1|MXI1","MXI1",10.2945116841015,0.0883602074836052,-0.0929878406528619,-0.339772406320501,-0.445983935283946,8.62638120257127,1.44388671325505e-05,0.000496536597502708
"gene-CPEB3|CPEB3","CPEB3",3.92638750551462,-0.437015267495979,-0.188203699792972,0.22317782946001,0.176373828343749,8.61596782587125,1.46207370667428e-05,0.00050167606675797
"gene-SYVN1|SYVN1","SYVN1",4.63241306666405,-0.114797091979836,0.0895502706054803,0.43661759526985,0.603971770353949,8.61160573221665,1.46976209122385e-05,0.000503198415081615
"gene-LOC140680780|LOC140680780","LOC140680780",-0.130909441611821,0.766346849344911,0.368634030505569,-1.08194255439511,-0.460389923547083,8.59808089289504,1.4938660486221e-05,0.000509405893578219
"gene-PEX11G|PEX11G","PEX11G",4.9601627657449,-0.293976044928393,-0.106145769887696,0.371389900169182,0.507127221737964,8.5959123492626,1.49776854008458e-05,0.000509405893578219
"gene-NNT|NNT","NNT",1.63193603419878,-0.428764773221126,-0.041203647924914,0.251646987746524,0.241490626345413,8.5962513490205,1.49715778736506e-05,0.000509405893578219
"gene-ADIPOR1|ADIPOR1","ADIPOR1",5.8878949813512,-0.119124938346868,0.0355457778550514,0.238664926979991,0.429226064908548,8.59226751846671,1.50435141994947e-05,0.000510522768063991
"gene-YTHDF3|YTHDF3","YTHDF3",6.2988525412902,0.225556151152422,-0.0205449452911477,-0.267868854019426,-0.199672894258058,8.56173955801722,1.56067141517386e-05,0.000526174077338027
"gene-LOC115495379|LOC115495379","LOC115495379",5.03197945769523,0.526925860328318,0.0909018227205838,-0.296954103295949,-0.264371201888444,8.56384977126779,1.55670936970028e-05,0.000526174077338027
"gene-RALGPS1|RALGPS1","RALGPS1",2.95900426478904,-0.442429430388264,-0.110286176010685,0.115945156612227,0.245368340646933,8.56348823615283,1.55738743625203e-05,0.000526174077338027
"gene-LOC115498164|LOC115498164","LOC115498164",0.935796114131675,0.0349731684315092,1.84158199530652,0.69879020287613,-0.0974112731230312,8.5581064999288,1.56751704209806e-05,0.00052733317883625
"gene-UNK|UNK","UNK",6.7136769143142,-0.111937493531383,-0.0201527419829679,0.0126269664568648,0.341848331129606,8.55623467187922,1.57105611898672e-05,0.000527377298076343
"gene-LOC140681692|LOC140681692","LOC140681692",2.65338353044022,0.359671713319293,0.0990955397622999,-0.681580346273928,-0.56214646964368,8.54476992974271,1.59291291534404e-05,0.000532404478724601
"gene-PHC2|PHC2","PHC2",5.11841344559953,0.0706975892405017,0.0909454835488193,0.294724843559693,0.515748460710925,8.54483785103515,1.5927825095903e-05,0.000532404478724601
"gene-STAU1|STAU1","STAU1",3.85087033845158,-0.319671385194693,0.0978785405198117,0.137082850215939,0.34029771108196,8.53183727646317,1.61794452139261e-05,0.000539605419580833
"gene-LOC140684632|LOC140684632","LOC140684632",3.29084209060297,0.484367638722312,0.305562421236178,-0.2081268847839,-0.139917996755492,8.52628939693301,1.62880649286079e-05,0.000542059795204748
"gene-PROZ|PROZ","PROZ",1.74925894052581,0.680558329198709,0.390489364550943,-0.467469537244906,-0.0218863914283951,8.51561363106153,1.64991998988314e-05,0.000545465261686885
"gene-UBFD1|UBFD1","UBFD1",4.81532509957958,-0.0906318805918618,-0.151245298432802,0.00508266343565378,0.301057580297986,8.51399852245136,1.65313866062132e-05,0.000545465261686885
"gene-HJV|HJV","HJV",3.30249540273897,1.39862914888802,1.10211027154015,0.263835237100972,-0.189008575937919,8.55459659580116,1.64274724903794e-05,0.000545465261686885
"gene-MIER2|MIER2","MIER2",2.6176349535793,-0.582894779550229,-0.0906386984965026,0.0613806349385011,0.114843381976766,8.51498155261082,1.65117885855859e-05,0.000545465261686885
"gene-HTRA2|HTRA2","HTRA2",3.55838636642782,0.379830715638186,-0.0605385915293852,0.254890577765209,0.983972797595169,8.50468396816872,1.67182780719993e-05,0.000550458198221678
"gene-PAK1IP1|PAK1IP1","PAK1IP1",5.49894265428281,0.428820656755145,0.412791991605065,-0.180594789726092,-0.123868081055151,8.5002034726844,1.68089506402832e-05,0.000552268601185527
"gene-LOC115492115|LOC115492115","LOC115492115",-4.58352135619756,-0.230637558905364,1.49037877556943,2.79469525380133,2.32041979446126,8.49646644202919,1.6884964951697e-05,0.000553590747092186
"gene-NDFIP2|NDFIP2","NDFIP2",4.01646395769534,-0.54401151091215,0.0319320482377012,0.170605843729425,-0.259864127305199,8.49240841635506,1.69679096809022e-05,0.000553962874075867
"gene-RND3|RND3","RND3",0.607365846487626,0.875537897629271,0.485025196509365,-0.146270479325093,-0.984591437003758,8.49348651743387,1.69458327898711e-05,0.000553962874075867
"gene-NELFA|NELFA","NELFA",5.9381666699044,0.305210069781956,-0.050963117434355,-0.0294623115718879,-0.117967163056095,8.48940358231543,1.70295978685238e-05,0.000554806372664012
"gene-KIF2C|KIF2C","KIF2C",1.58534872986072,0.495233639982825,-0.470078204831092,-1.61170931989177,-0.271415432467067,8.47070957265246,1.74186038796504e-05,0.000565100408883836
"gene-ARHGAP17|ARHGAP17","ARHGAP17",4.91897742603082,-0.151015121094136,-0.0418963529583518,0.0999987617045237,0.383452920382368,8.47189641150584,1.73936368289367e-05,0.000565100408883836
"gene-CPNE1|CPNE1","CPNE1",7.41507944195197,-0.528698338467374,-0.324562172345362,-0.0809880507450185,0.357756932982944,8.46841802188479,1.74669148057727e-05,0.00056526048274045
"gene-DNAJC14|DNAJC14","DNAJC14",4.31138791362675,-0.184176604064327,0.171407540826045,0.554227822696412,0.487325355722718,8.46701353605432,1.74965926483151e-05,0.00056526048274045
"gene-C5H11orf58|C5H11orf58","C5H11orf58",5.16127019623582,-0.283612046731408,-0.0343120308463796,0.0425889083166142,0.315711936925098,8.46140709140047,1.7615579467311e-05,0.000567918942201329
"gene-LOC140683516|LOC140683516","LOC140683516",1.88718444686663,0.428230665993881,-0.33880211536859,-0.524614724161033,-0.28415540796817,8.45264571349978,1.78031956566191e-05,0.000570402593760207
"gene-PLK3|PLK3","PLK3",1.83855559462423,0.565348075246094,0.578006782516287,-0.280207582824281,-0.114475595743375,8.45422417059376,1.77692431943468e-05,0.000570402593760207
"gene-RABEP1|RABEP1","RABEP1",3.85394383271474,-0.394933083439193,0.0260097486605311,0.109002351147272,0.111869524116256,8.45331437830531,1.77888045899124e-05,0.000570402593760207
"gene-LOC101234170|LOC101234170","LOC101234170",6.07088231542027,0.560906596575551,-0.046201790054412,-0.233816388632916,-0.193409145897483,8.44980529299343,1.7864461240441e-05,0.000571182929123605
"gene-GTF2E1|GTF2E1","GTF2E1",1.62078560336758,-0.566343156083297,0.245620188425638,0.276810339909377,0.126458518399535,8.44370389260023,1.79967988559304e-05,0.000574227757310357
"gene-LOC100232251|LOC100232251","LOC100232251",7.70424762290884,0.479830326477307,0.507486571688558,-0.116639119601452,-0.396103126072553,8.43217371936939,1.82496490623874e-05,0.000581097364692272
"gene-HNRNPH3|HNRNPH3","HNRNPH3",5.99802000870617,0.229033940847557,-0.117949204974865,-0.446779762606912,-0.146927950644697,8.42293227233953,1.84549488978682e-05,0.00058642779095382
"gene-LOC140684730|LOC140684730","LOC140684730",1.41241352788911,0.967441017331633,1.50355094444435,0.272327725504057,-0.181190149861575,8.42070242111178,1.85048405807354e-05,0.000586808213087869
"gene-KLHDC2|KLHDC2","KLHDC2",5.12098245126279,-0.487584190698464,-0.177195383678739,0.0734991621273462,0.042602252866164,8.41281303671267,1.86824792244373e-05,0.000590023195914626
"gene-VAMP4|VAMP4","VAMP4",3.60580845330497,-0.218081953840089,-0.0504285074597113,-0.0459015989236193,0.469334410816088,8.41283788842903,1.8681916910217e-05,0.000590023195914626
"gene-GNPAT|GNPAT","GNPAT",2.6256606375686,-0.84010356729849,-0.310309111881555,-0.0438070632068608,-0.324157883405535,8.41008005345198,1.8744424317573e-05,0.000590773862147541
"gene-CYB5A|CYB5A","CYB5A",9.87478395955852,0.222609957778788,-0.172050921745205,-0.59559885794796,-0.364402222698013,8.39878977696231,1.90025773245473e-05,0.000597692853856443
"gene-B4GALT3|B4GALT3","B4GALT3",4.98662733566116,-0.00490347530752278,-0.0497754766721288,0.310642198473885,0.622956146202648,8.39383562776054,1.91170075747538e-05,0.000600072398010782
"gene-ADPRHL1|ADPRHL1","ADPRHL1",4.92770403755065,0.446024782792827,0.80931105227735,0.0348139652575616,-0.265324872598445,8.38926455487992,1.92232191062879e-05,0.000601400831366227
"gene-RAB3A|RAB3A","RAB3A",2.02272731280864,0.596707671941317,0.337950811135218,-0.126515142838331,-0.57504591283663,8.38867104957655,1.92370540566257e-05,0.000601400831366227
"gene-LOC100232209|LOC100232209","LOC100232209",2.91024798583516,0.476933542272862,0.0329902256858734,-0.386038377366269,-0.452854850974235,8.37393855703694,1.95837837337009e-05,0.000609776767161008
"gene-LOC100220790|LOC100220790","LOC100220790",-0.71364335337666,1.10522454445563,0.805868239683303,0.250112281798125,-0.205584711683074,8.37508953756319,1.95564650392912e-05,0.000609776767161008
"gene-CC2D1B|CC2D1B","CC2D1B",4.10362887000957,-0.475771589637064,-0.0622209990789662,0.214079857072716,0.216936199067293,8.35585934433909,2.00180917784159e-05,0.000622048133074268
"gene-FOXJ2|FOXJ2","FOXJ2",6.3071561449963,-0.140340518010611,-0.0491687887534518,0.165988666318494,0.293360322249794,8.34536471279596,2.02747376691252e-05,0.000627611733664022
"gene-NUF2|NUF2","NUF2",0.075929875625797,0.233587194632537,-0.271890261478628,-0.4944198559209,-0.849309475308441,8.3452221755062,2.02782466450411e-05,0.000627611733664022
"gene-TPM4|TPM4","TPM4",2.16109453148091,-0.788453882268414,0.324069632834124,0.244140673960433,-0.509158700651561,8.33936046507333,2.0423093021374e-05,0.000630833062885754
"gene-LOC115491911|LOC115491911","LOC115491911",2.01405891969072,-0.0906861154455705,0.0165508517023989,0.192461718899856,0.528542832755799,8.3340267920307,2.05558171654717e-05,0.000633667869792179
"gene-LOC100226305|LOC100226305","LOC100226305",6.18584986226398,0.502968048608756,0.115915655093228,-0.277269746010103,-0.242493201664062,8.33192095414713,2.06084635479625e-05,0.000634027780128666
"gene-XRCC6|XRCC6","XRCC6",3.17256341371276,-2.68283832429717e-05,0.0651576635607842,-0.117192732044584,0.548001729821503,8.32988098355164,2.06595956586303e-05,0.00063433976749465
"gene-SETD1B|SETD1B","SETD1B",6.5910559957879,0.880591494764539,0.344330261763318,0.166839930237622,0.25626151320575,8.31351576382492,2.10745498529037e-05,0.000645799324700365
"gene-ZFP91|ZFP91","ZFP91",5.7360119376245,-0.0311222681370031,-0.201328805929082,0.0107757761129443,0.325378502212235,8.29735959226551,2.14926274265255e-05,0.000657309109536527
"gene-ZNF711|ZNF711","ZNF711",1.66454613552468,-0.76796286251459,0.0909965182334109,0.0475220469713746,-0.00295692557461669,8.28958881476106,2.16967468610529e-05,0.000659640781286432
"gene-LOC115497170|LOC115497170","LOC115497170",-1.77259930844659,1.0943794532105,0.166220950884403,-0.31156053826198,-0.112708074327308,8.29193455375803,2.16349204868084e-05,0.000659640781286432
"gene-LOC115497775|LOC115497775","LOC115497775",3.11509643755808,0.764675307158606,0.0307577503194447,0.0760389746475387,-0.243676310770035,8.29062470784215,2.16694215420141e-05,0.000659640781286432
"gene-TRAP1|TRAP1","TRAP1",1.26438487481294,-0.8220328600834,0.169983224225107,-0.0656764477848255,-0.202084152889473,8.26749897777552,2.22879678534363e-05,0.000675033378486073
"gene-UXT|UXT","UXT",4.44328287194927,-0.398882726980369,-0.0420975285310172,0.306870382104615,0.334628787782656,8.26741384184729,2.2290278281511e-05,0.000675033378486073
"gene-LOC115493336|LOC115493336","LOC115493336",2.55251572977372,0.448933857464124,0.250314487572547,-0.164554371030053,-0.507291812903497,8.25183693372246,2.27171849282152e-05,0.000686216192121226
"gene-DTD2|DTD2","DTD2",2.04698844312015,-0.942710273220787,-0.28061153096476,0.11785654915504,-0.163484742699393,8.25071583863337,2.2748233057072e-05,0.000686216192121226
"gene-MFSD10|MFSD10","MFSD10",2.84089381390524,0.600937304087498,0.208169311041202,0.0774339421865249,-0.0605736156574008,8.24885269112757,2.27999286248668e-05,0.000686437539824539
"gene-LOC121469604|LOC121469604","LOC121469604",-3.37445812709882,-1.2098638242101,-0.267235670053936,0.83407526688323,1.40192465142789,8.24398327211727,2.29356093576978e-05,0.000687448032589045
"gene-POLR1A|POLR1A","POLR1A",3.3480964011076,0.686912792181382,-0.261140325188185,-0.10053298744702,-0.0760443510478672,8.24286944978212,2.29667614118602e-05,0.000687448032589045
"gene-PFDN2|PFDN2","PFDN2",4.82177339029573,0.0933430842512282,0.035731505575173,0.325122411292107,0.68139982567225,8.24295298698638,2.29644234822559e-05,0.000687448032589045
"gene-RC3H2|RC3H2","RC3H2",5.83860038296461,-0.113792229743315,-0.0239805577216874,-0.0642708716783797,0.393758748723613,8.24099848731433,2.30191877236848e-05,0.000687687123598498
"gene-PAQR9|PAQR9","PAQR9",-3.6265796685173,3.40538259256734,3.8818746520825,2.87192299602039,1.61238897338543,8.23339587327146,2.32334919522905e-05,0.000692751999926195
"gene-SOCS5|SOCS5","SOCS5",1.54997197084524,-0.433365835654002,0.255631181254372,0.543721330014943,0.219851146100901,8.23061626929397,2.3312356056007e-05,0.000693766749935978
"gene-SUGT1|SUGT1","SUGT1",5.00886303048757,0.39949555629985,-0.159172079611489,-0.116560391106977,-0.280181372293169,8.21857301880406,2.36572501075931e-05,0.000702679357802309
"gene-LOC101233594|LOC101233594","LOC101233594",3.23759554553297,0.401381744341174,0.195203410434138,-0.10436787821953,-0.49197603664728,8.20558128673766,2.40352033184498e-05,0.000712537876155192
"gene-LOC115493763|LOC115493763","LOC115493763",3.18931199516763,0.522197632075311,0.268549555171372,-0.468170218557574,-1.30374140862205,8.24546258791999,2.41404998447498e-05,0.000714291080492356
"gene-TMEM258|TMEM258","TMEM258",1.34730339052873,-0.910001156362386,-0.667877441278592,-0.171470548622545,-0.176727947235648,8.17956785277659,2.48107864048117e-05,0.00073272312903523
"gene-DEPDC5|DEPDC5","DEPDC5",6.1091000219285,0.0392355013083865,-0.406968202329531,0.154617607582375,0.608966013422156,8.16108675157238,2.53774175489725e-05,0.000747271609494376
"gene-LASP1|LASP1","LASP1",6.66778374140878,0.459323374960949,-0.0363921933247138,-0.247557740672428,0.145790312594528,8.15880545425286,2.54482803362544e-05,0.000747271609494376
"gene-FKBP8|FKBP8","FKBP8",4.63223611357336,0.0218955603174331,-0.0241250337639762,0.4633419116524,0.450390743872902,8.15977413091693,2.54181659638552e-05,0.000747271609494376
"gene-SCNN1A|SCNN1A","SCNN1A",0.0335348294101899,0.74953531970133,0.586691344762709,-0.610300032613045,-1.02976745158261,8.14060554688535,2.60209629442108e-05,0.000762640912048604
"gene-LOC100220807|LOC100220807","LOC100220807",-0.500831350346882,-0.022388338702825,1.38744047458035,0.182345886000409,-1.2126423487477,8.13771645114651,2.61130851573115e-05,0.000763313600290307
"gene-LOC140682142|LOC140682142","LOC140682142",4.0069652481397,0.398618430625563,0.0414766692478259,-0.213531652206464,-0.585183720442289,8.1367941038257,2.61425659550154e-05,0.000763313600290307
"gene-LOC115493947|LOC115493947","LOC115493947",2.07530266465984,1.26032627792859,-0.0832792705119803,-0.0828166804249781,0.0925322020910129,8.13307631228776,2.62617448778549e-05,0.000764939019155407
"gene-LOC140684451|LOC140684451","LOC140684451",1.85917234660357,-0.612577608910683,0.356656403076901,0.030076379720577,-0.0349344614037979,8.13197687770898,2.62970958443086e-05,0.000764939019155407
"gene-BRD3|BRD3","BRD3",7.28321610059645,4.45972842770814e-05,0.281775468476543,0.447723314578201,0.447714081365676,8.12950810082819,2.63766549907491e-05,0.000765813763568184
"gene-TRMT44|TRMT44","TRMT44",1.47932729064891,-0.468558764288303,-0.414284880948846,0.432033349191127,0.413097933825883,8.12746113052485,2.64428088697483e-05,0.00076629675516733
"gene-LOC100227298|LOC100227298","LOC100227298",3.86492303284213,0.479875608190552,0.189640970266411,-0.410296089825236,-0.456547643819631,8.12332218014816,2.65770937348249e-05,0.000767314413332863
"gene-ARK2C|ARK2C","ARK2C",-2.97553467122291,-1.63106206509485,0.898712398571186,0.57386572455227,0.421121977388172,8.12386467226132,2.65594531090916e-05,0.000767314413332863
"gene-COX5A|COX5A","COX5A",3.54889197616295,-0.391779876545937,-0.363915540254292,-0.0354296125945535,0.112588643885315,8.11933019112742,2.67072758590608e-05,0.000769637046404034
"gene-LOC115496227|LOC115496227","LOC115496227",4.92565276278755,0.345001145891208,0.0179816193547682,-0.0214420259610684,-0.432039704325033,8.10910745856054,2.70436499710534e-05,0.000777881939223143
"gene-LOC115495298|LOC115495298","LOC115495298",-2.7864936865693,1.09303779651479,0.455223890815662,0.148362302305679,-0.276311104264584,8.10707656088933,2.71109934510763e-05,0.000778372214574038
"gene-LOC115497094|LOC115497094","LOC115497094",2.22790389913306,0.59203216499977,0.368080892441233,-0.875473026814593,-0.471684597495557,8.09786594540523,2.74185868461747e-05,0.000785745613786209
"gene-ZNF618|ZNF618","ZNF618",3.6970614328617,-0.551895885240727,-0.0216684978569348,0.216855360983167,-0.191814858431409,8.09359860742924,2.75623127754094e-05,0.000788404418113605
"gene-LOC115494782|LOC115494782","LOC115494782",5.62957910326141,0.898995688622391,0.33269400647716,-0.191208087436876,0.134430426143155,8.07560345918133,2.81769832443873e-05,0.000800071221480539
"gene-CACYBP|CACYBP","CACYBP",4.62899154680722,0.361993069735663,-0.407661721042145,-0.533909154455601,-0.343989017000318,8.07641925573047,2.81488144741558e-05,0.000800071221480539
"gene-ACSBG2|ACSBG2","ACSBG2",0.860048783030257,0.390827081604602,1.58960291287658,0.78981572886718,-0.188641163164898,8.07948653213558,2.80431631945283e-05,0.000800071221480539
"gene-RND1|RND1","RND1",3.91264135838339,0.910636854694356,0.786293337239609,0.320237514061333,-0.176522604906018,8.07647494641131,2.81468925792702e-05,0.000800071221480539
"gene-SLC30A5|SLC30A5","SLC30A5",4.73362810242075,0.430561064683896,-0.324619104469276,0.0222044054136648,-0.138814949821244,8.07238574908937,2.82883713897956e-05,0.000801762907064261
"gene-LOC115492672|LOC115492672","LOC115492672",3.62768439807887,0.239214632469345,0.425183195080292,-0.178493616434539,-0.330295390170257,8.06308708311807,2.86128206004229e-05,0.000809476048979056
"gene-LOC100219450|LOC100219450","LOC100219450",1.06280409948824,-0.75525122936561,-0.556171295664498,-0.249662335432374,0.150394420648669,8.05580830804651,2.88694638102972e-05,0.00081376129774927
"gene-APOA4|APOA4","APOA4",2.12496887746243,0.608114451947096,0.25967994910748,-0.093882247860162,-0.610106415503734,8.05655466116758,2.88430393470817e-05,0.00081376129774927
"gene-STX2|STX2","STX2",4.5030748263775,-0.549667284859975,-0.324238399830418,-0.0232722923525666,0.185364807196017,8.05059354186772,2.90547883018338e-05,0.00081749608903796
"gene-SPPL2B|SPPL2B","SPPL2B",4.65392841370307,-0.376032885105596,-0.049156483502764,-0.0363293761532253,0.135388671424335,8.04758181414577,2.91623778973365e-05,0.000819034116082183
"gene-LOC116806700|LOC116806700","LOC116806700",2.67994525105327,0.469818412842347,-0.0146634721432859,-0.303180185908147,-0.338653104906218,8.04027628176929,2.94250651506778e-05,0.00082491464349047
"gene-LOC115493074|LOC115493074","LOC115493074",-0.233134334475428,-1.91517462857082,-0.726206448847143,-0.0707425143520136,0.271691320635769,8.02409799651552,3.00155002106816e-05,0.000838429360578156
"gene-UBQLN1|UBQLN1","UBQLN1",5.22589552701732,0.439805291261227,0.115807053787996,-0.120819551344191,-0.121675147243588,8.02516568170728,2.99761611118783e-05,0.000838429360578156
"gene-LEKR1|LEKR1","LEKR1",3.77468026354347,0.911785674041327,0.406092032344048,0.0617007370528828,-0.141482889960861,8.02072678631887,3.01400624569139e-05,0.000840330791737824
"gene-LOC140680470|LOC140680470","LOC140680470",4.67189183891801,0.62835488319317,0.263452287045784,-0.200456561775395,0.249703792069207,8.01932062133998,3.01921757806934e-05,0.000840330791737824
"gene-PEX19|PEX19","PEX19",2.85053686815739,-0.643567132117103,-0.172327813118843,0.0888528918978455,0.192688623987956,8.00513413882447,3.07231539669055e-05,0.000853574160929735
"gene-PCIF1|PCIF1","PCIF1",6.85147303977806,-0.123862119587814,-0.0589233990184157,-0.0758765487537829,0.301881205282259,7.99302269631601,3.1184071576417e-05,0.000864827074632711
"gene-ASNS|ASNS","ASNS",2.42744531504852,-0.703841297229256,0.667538914690506,0.54024121496415,0.433370954664508,7.98979839319764,3.13079727151584e-05,0.000865567504919399
"gene-LOC100189940|LOC100189940","LOC100189940",4.74896766868293,0.327757239027812,-0.133625313736378,-0.211513637689523,-0.135169210126365,7.98941765953279,3.1322636688521e-05,0.000865567504919399
"gene-LOC121468677|LOC121468677","LOC121468677",0.867037770481679,-0.710301597809498,0.148829626567376,0.300274044615488,0.422247450204111,7.98383219360595,3.15385758177542e-05,0.000869981213511135
"gene-HNRNPK|HNRNPK","HNRNPK",6.04347372064236,0.323552950815886,0.0327386761474937,-0.318566906353508,-0.0916226626032763,7.98213816918586,3.16043707982249e-05,0.000870244907655748
"gene-SCFD1|SCFD1","SCFD1",1.33994712998614,-0.770918840612583,-0.194148765476775,0.203270725490845,-0.174231526755416,7.98067138392314,3.16614540857571e-05,0.000870268209550782
"gene-H2AFV|H2AFV","H2AFV",5.15615628521559,-0.188709517451677,-0.155527886962566,0.0614556140445872,0.372087483522326,7.97728752824451,3.17935498184442e-05,0.00087234961602912
"gene-TMEM9|TMEM9","TMEM9",4.65194415082796,0.745461162159721,0.656273334035921,0.205860709562208,-0.153744051049138,7.97466154441642,3.18964514166503e-05,0.000872657655234777
"gene-KXD1|KXD1","KXD1",4.24585820953443,-0.0214705472308729,-0.0689747878370879,0.120540878250206,0.485711770329337,7.97412395828893,3.19175594741767e-05,0.000872657655234777
"gene-LOC140681719|LOC140681719","LOC140681719",-3.44895431812207,2.39105984042215,2.68998101903308,1.82704325120458,-0.471524775715699,7.96855342353157,3.21371322975887e-05,0.000877111326816906
"gene-PPM1B|PPM1B","PPM1B",6.28656905131536,-0.562494808907341,-0.25487160888178,-0.233691464704942,-0.0694241209334825,7.94711692020498,3.29967022866308e-05,0.000898985858953541
"gene-FKBP9|FKBP9","FKBP9",0.584105473799345,0.299666136459755,-0.308429531933372,-0.0958094094145245,-0.543586842501652,7.94348526973521,3.31446541231186e-05,0.000901429740870404
"gene-ID1|ID1","ID1",6.2683196524717,0.559665996057363,0.146363354249594,-0.443495584621303,-0.42840415854749,7.93716743056457,3.34036698084997e-05,0.000906880333836022
"gene-AZIN2|AZIN2","AZIN2",4.76555381153897,0.946948186574726,0.634224239360736,-0.320481712307219,-0.0157761135043328,7.92914317685099,3.37485346973941e-05,0.000914638484136906
"gene-LOC140684128|LOC140684128","LOC140684128",-0.129929387617786,0.472104504328453,0.0362768412194159,-0.336795509120405,-1.16883962175789,7.92395477469114,3.3952113863493e-05,0.000918547136429289
"gene-LOC100227074|LOC100227074","LOC100227074",1.46226382493876,0.966622602158235,0.174933795825162,-0.536773093028698,-0.318654064082836,7.91067200344905,3.45128176200019e-05,0.000930463157960854
"gene-MXRA7|MXRA7","MXRA7",1.87794709125986,0.801697700464564,0.299921344334979,-0.650632401555217,0.160603942199704,7.91103496519987,3.44973699683055e-05,0.000930463157960854
"gene-DOK1|DOK1","DOK1",2.08292792406438,-0.622577761142396,0.0912384361495544,0.536284596007668,0.0864830823726663,7.90497784499371,3.47560953831859e-05,0.000934433069592872
"gene-MST1|MST1","MST1",3.20259616377771,-0.167477924674634,-0.448563745294245,0.473185357250698,0.814827205964168,7.90440104979468,3.47808367098865e-05,0.000934433069592872
"gene-ZMYND19|ZMYND19","ZMYND19",2.71035804797009,0.381579808916367,-0.426952828866471,-0.92229680840807,0.114757317345079,7.89727884013723,3.50878386767668e-05,0.000941047319797169
"gene-PDE12|PDE12","PDE12",5.66168062470257,0.87272089248023,0.112926711000399,-0.0350005416428498,0.552031594176862,7.89525634337585,3.5175525737793e-05,0.000941766887183992
"gene-PABPN1|PABPN1","PABPN1",2.65319898020458,-0.449444027521942,-0.11097998392385,0.315451989066085,0.325584384749674,7.88411822115851,3.56624870864701e-05,0.000953155419107296
"gene-EMILIN2|EMILIN2","EMILIN2",3.26935523744483,0.540036820798312,-0.236752384653455,-0.222893780164381,-0.650609924753883,7.87164864712388,3.62159021162024e-05,0.000966277733186608
"gene-RAB25|RAB25","RAB25",1.63468074855533,1.12444180957193,-0.0312229789884326,0.270515014325892,0.829051708813074,7.86757535317548,3.63985894624166e-05,0.000969480502462818
"gene-LOC100222691|LOC100222691","LOC100222691",2.72835722458749,-1.21480484657187,-0.236435250455867,0.181532694133102,-0.0282028868596003,7.86376560750981,3.65703153024398e-05,0.000972380806366419
"gene-LCK|LCK","LCK",2.00246432869611,-1.22199852148587,-0.103724370804914,0.25079124353899,-0.0723280958448274,7.86051437662221,3.67175254019788e-05,0.000974620421261788
"gene-ELOB|ELOB","ELOB",4.85178377588081,-0.342231348464511,-0.102230118121057,0.168095677921358,0.271234296187519,7.84742362535373,3.73164522901725e-05,0.000988342551449989
"gene-LOC116806891|LOC116806891","LOC116806891",4.36788135661503,0.335122869668205,-0.00342901994592282,-0.357689347962992,-0.340657489619558,7.84643213828667,3.7362222461922e-05,0.000988342551449989
"gene-PIGK|PIGK","PIGK",1.54310256963534,-0.415931074482713,0.497287652664947,0.578696544354,0.0533340221286382,7.8421134757804,3.7562260647104e-05,0.000990777727355957
"gene-BRD8|BRD8","BRD8",4.36003098386181,-0.155318738711158,-0.0325492669459351,-0.000505272495600728,0.244933389171417,7.84168154501379,3.75823280102066e-05,0.000990777727355957
"gene-LOC100225953|LOC100225953","LOC100225953",-1.83404082836077,2.0522356308632,1.38498315071771,0.667677128054216,-0.122649846692439,7.83959274495032,3.76795288356588e-05,0.000991650865190169
"gene-SOD1|SOD1","SOD1",9.11206821609924,0.242294646707649,0.0552415631032108,-0.392577566824432,-0.395776118702264,7.83135966292265,3.80651767253969e-05,0.000997332411938068
"gene-WDR48|WDR48","WDR48",5.5008395868589,0.197247212300547,-0.179543961497211,-0.378220054246355,-0.221002365734066,7.83085912480009,3.80887531796703e-05,0.000997332411938068
"gene-LOC140685050|LOC140685050","LOC140685050",3.34236896529615,0.916580124730372,0.594514993885364,0.208223720288715,0.152417439799247,7.83353146015077,3.79630541406864e-05,0.000997332411938068
"gene-DIS3L2|DIS3L2","DIS3L2",2.79038413820446,-0.368011300903329,0.158125218377069,0.340522464177226,0.223985333386701,7.82141166472524,3.85365800645047e-05,0.00100735401435509
"gene-ABITRAM|ABITRAM","ABITRAM",1.32206810804179,0.106260995970421,0.484670241627399,0.673639827337018,1.00856438505997,7.80006813218923,3.9568368530493e-05,0.0010325809494256
"gene-FBXW7|FBXW7","FBXW7",1.47451556996394,-0.695379431662513,0.0207315659965046,0.401668074250395,0.136722668479524,7.79659616216526,3.97388807200573e-05,0.00103528481337186
"gene-DYNLL1|DYNLL1","DYNLL1",6.51891650591769,0.514981489161068,-0.0112800556573491,-0.0796253360644563,0.14738609295597,7.79048792455912,4.00407011195905e-05,0.00104139470558935
"gene-ZER1|ZER1","ZER1",6.1309058989801,-0.434099807663527,-0.0838892830014979,-0.0470334487180306,0.0259393279698754,7.7888998505686,4.01195568984009e-05,0.00104169487080999
"gene-MIR7644|MIR7644","MIR7644",-2.98575597090666,1.66560730477553,-0.0307582619634568,-1.00991139311514,-0.155514122272673,7.7828994148005,4.04189544241392e-05,0.00104771075328904
"gene-LOC121470213|LOC121470213","LOC121470213",1.43965898909411,0.624666384992446,-0.0986044531008112,-0.823008140703689,-0.271718180437786,7.77771749057742,4.067936200662e-05,0.001052697536877
"gene-SLC27A4|SLC27A4","SLC27A4",3.61992770735215,-0.141913479258884,0.0465343104366127,0.214447775576569,0.380691291983362,7.76956973810258,4.10923092892607e-05,0.00106160849123758
"gene-C3AR1|C3AR1","C3AR1",2.00198984647955,1.07754279959787,0.45356614672353,0.0310173569163836,0.203471936581367,7.76711396376756,4.12176181468464e-05,0.00106307106803741
"gene-TDRD3|TDRD3","TDRD3",3.59611874675609,-0.651609746065227,-0.41782813539995,0.118508339309634,-0.075380765846822,7.7617664216328,4.14918456138124e-05,0.00106836324604617
"gene-POLG2|POLG2","POLG2",6.31594282120118,0.543352395868047,0.00612431783085743,-0.637804976904736,-0.0639241591871196,7.75857699003956,4.16562963755245e-05,0.00107081592427117
"gene-ERAL1|ERAL1","ERAL1",6.50222194632448,1.02124717485305,-0.195072619869697,-0.146420986424202,0.273190463627125,7.76099144340642,4.18727938363369e-05,0.00107459616022772
"gene-AIMP1|AIMP1","AIMP1",1.35704582804481,-0.33466570832033,0.330180061881718,0.25685442483467,0.304205824320664,7.74596131982912,4.23133782771631e-05,0.00108410518019718
"gene-PEX5|PEX5","PEX5",0.736737983631836,-0.611592428811013,0.126841647569669,0.00993970788961618,0.206577743688876,7.73443835131484,4.29228698558508e-05,0.00109790315870957
"gene-UBE2G2|UBE2G2","UBE2G2",5.15246207511788,-0.50279987567718,-0.149660617885846,0.281286626710534,0.180315502995517,7.73247118194428,4.30278202243147e-05,0.00109877148180077
"gene-EHBP1|EHBP1","EHBP1",3.17605135100905,-0.890076395316871,0.00843077150668448,0.197112032511917,-0.581881371088413,7.7268472605182,4.33293212656578e-05,0.00110464785269531
"gene-UQCRFS1|UQCRFS1","UQCRFS1",4.60586171473018,0.355698292521397,0.490963682847023,0.629390110831754,0.943252847893629,7.72036582551027,4.36794928168576e-05,0.00111174366996854
"gene-MAPK15|MAPK15","MAPK15",2.96087330752064,1.18113194543724,0.744372932223748,0.104827044602031,-0.151516763601351,7.71300442302294,4.40807414257929e-05,0.00111832715043621
"gene-LOC105759170|LOC105759170","LOC105759170",2.89021586823819,0.618832133291179,0.0490194838649525,-0.00390569859128176,-0.512554254153201,7.71165049057381,4.41549524340241e-05,0.00111832715043621
"gene-CRIP1|CRIP1","CRIP1",3.07495580165337,-1.03864291364234,0.491176080995551,-0.177642540985987,-0.0129859338207088,7.71248188530629,4.41093672542758e-05,0.00111832715043621
"gene-ATF7IP|ATF7IP","ATF7IP",7.4423923034343,0.325660972553306,-0.00853966132400696,-0.125735895380041,-0.284400577997659,7.70884402488767,4.43091887301321e-05,0.00112039982940979
"gene-LOC115493884|LOC115493884","LOC115493884",-1.37516333383811,1.55879925871612,0.717540786830873,-0.63490032762862,0.0967654928182131,7.70382627182138,4.4586335395871e-05,0.00112556858116004
"gene-RAB6A|RAB6A","RAB6A",4.0499321297131,-0.399420415988406,-0.232609450613729,0.0497025352300042,0.0550091937613137,7.6976004329473,4.49326906962478e-05,0.00113246480215706
"gene-FH|FH","FH",3.2973844745645,-0.277776370821934,0.00624809210725852,0.206762636756438,0.288005461737051,7.68974862522421,4.53734541638689e-05,0.00113801329527694
"gene-HNRNPH1|HNRNPH1","HNRNPH1",10.5316827841346,0.149837488807968,-0.274789586967188,-0.362517682495456,-0.275495991204201,7.69040078946114,4.53366758557759e-05,0.00113801329527694
"gene-LOC121468582|LOC121468582","LOC121468582",2.20706834299512,0.171946256556038,1.21289623954105,0.68223327344154,1.06089423376592,7.68999414463141,4.53596046798902e-05,0.00113801329527694
"gene-UBB|UBB","UBB",10.0829726695838,0.609432843243738,-0.147082442447443,-0.331417441627254,-0.329670520798558,7.6789456943728,4.59871648249888e-05,0.00115153944282638
"gene-ATP9B|ATP9B","ATP9B",0.902405803997213,-0.649612579202159,-0.230982407626071,0.246468825784043,0.271096199588322,7.67573097576593,4.61714365302628e-05,0.00115428591325657
"gene-SIL1|SIL1","SIL1",3.08374269726091,-0.231480547485031,-0.0988293303927348,0.165361309192056,0.358300082163122,7.65838635236523,4.71788473363354e-05,0.00117756881053192
"gene-LOC115494116|LOC115494116","LOC115494116",3.58553951434249,0.445652173444715,-0.370086902345985,0.108485556316371,-0.254035850329784,7.64573771643258,4.79277501063354e-05,0.00119433483558058
"gene-LOC115496482|LOC115496482","LOC115496482",-0.330301432422328,0.810438008000865,-0.0657523751726368,-0.248399831601008,-0.440971810834703,7.62803923650679,4.89962381273203e-05,0.00121745180375327
"gene-ACTG2|ACTG2","ACTG2",2.4126863757764,1.64478762765252,0.501736492570351,0.0975595558086695,1.11333940542297,7.62776868317007,4.90127608231526e-05,0.00121745180375327
"gene-LOC115495695|LOC115495695","LOC115495695",0.497279204016603,1.09798012173766,0.729265773415136,0.33258605670532,0.448993580915521,7.62466925602128,4.92024525389503e-05,0.00122020505294913
"gene-EIF5A2|EIF5A2","EIF5A2",7.34359269576862,0.344330803606798,-0.243185576412048,-0.515426707842106,0.0732167512769122,7.6190307775811,4.95494797488336e-05,0.00122684511858112
"gene-HSPA4L|HSPA4L","HSPA4L",5.94412908320413,0.715640153798997,-0.256404181596846,-0.426923404304227,-0.696642064751286,7.67928445021739,4.99634614394508e-05,0.00123511911465735
"gene-CISH|CISH","CISH",8.57109709332951,0.474201980860885,-0.0512304642787367,-0.213399763354198,-0.37759472384136,7.60992401999615,5.0115295676441e-05,0.00123640718201423
"gene-TPX2|TPX2","TPX2",5.42125594176974,0.280464788578504,0.160134727393949,-0.795421249445648,-0.493193262110878,7.60896349450105,5.01753609243901e-05,0.00123640718201423
"gene-MACIR|MACIR","MACIR",0.731800434322185,-0.773839242552376,0.252247001969012,0.202291078160048,0.132155782191588,7.60519642368859,5.04116459509126e-05,0.00124025472351411
"gene-LOC140684997|LOC140684997","LOC140684997",-0.427644792352985,2.04191301213729,1.29738012999817,0.546498120892632,1.22212143311199,7.59738659290978,5.09051634429057e-05,0.00125040857822058
"gene-KMT2D|KMT2D","KMT2D",6.43371942014484,-0.158827515787445,-0.181347511536312,0.517869488987119,0.777102425186642,7.59227137633967,5.12310958448496e-05,0.00125642029825523
"gene-KPNA6|KPNA6","KPNA6",7.69050156128048,0.518880257974391,0.165977955782662,-0.0136696431220846,0.0341280521607983,7.58519237862021,5.16857034119977e-05,0.00126556370300738
"gene-EMB|EMB","EMB",-0.85666624944034,-1.09453128705988,-1.54611600439043,0.3584266350266,0.489817176000363,7.5819640147522,5.18944027968403e-05,0.00126866648227662
"gene-GNG3|GNG3","GNG3",0.838276039072877,0.990608096194998,0.61680300655481,-0.663722994774298,0.793494699530918,7.57931388726758,5.20663698574108e-05,0.00127086289202434
"gene-LOC121469771|LOC121469771","LOC121469771",0.632770520359652,0.551353534213721,-0.569617688469796,-0.422954100448965,-0.999374309556044,7.56296641232403,5.31402061416464e-05,0.00129143830573714
"gene-MTCH1|MTCH1","MTCH1",3.44737808422714,-0.437563876150557,-0.127534705657546,0.0984671382952027,0.166397204580264,7.5635617465331,5.31007025389098e-05,0.00129143830573714
"gene-BRCA1|BRCA1","BRCA1",0.392512432786924,0.229480393580765,-0.287767342963335,-1.17461564001153,-0.54670222668707,7.56267295286102,5.3159689871054e-05,0.00129143830573714
"gene-BAHCC1|BAHCC1","BAHCC1",5.60484868628607,-0.12796739181996,-0.571857455837633,0.184729281243223,0.755006448489101,7.54790433167953,5.41497826586618e-05,0.00131342928940876
"gene-ATXN7|ATXN7","ATXN7",6.61220484055157,0.0317522817519409,-0.411060821347527,-0.39291290453831,-0.465525653138101,7.54584169688185,5.42895649816109e-05,0.00131475902674558
"gene-UBE2A|UBE2A","UBE2A",8.59282540655801,0.263425963807858,-0.0894872104027229,-0.183663743252538,-0.04801326557455,7.53072940968857,5.53251004284898e-05,0.00133608999644555
"gene-KLF13|KLF13","KLF13",5.93756382806982,0.0212156344920871,-0.046024181939627,-0.314308936832234,-0.546268034995478,7.53047004331859,5.53430492873407e-05,0.00133608999644555
"gene-KRTCAP3|KRTCAP3","KRTCAP3",2.57630884621706,0.644703053997353,-0.340715025776691,-0.425227189099511,0.162355780808815,7.5231352796663,5.58531236338064e-05,0.00134630387575258
"gene-GPATCH4|GPATCH4","GPATCH4",0.915457221205489,0.609240999287879,-0.186291279778265,-0.637580678404281,0.798871725497423,7.52042977716804,5.60424889814776e-05,0.00134876752253245
"gene-ATRAID|ATRAID","ATRAID",1.85735094459481,-0.205726912059867,0.677370997171076,1.00417807028952,0.632994542873226,7.51394570330983,5.64990206125339e-05,0.00135764339127168
"gene-LOC116806853|LOC116806853","LOC116806853",2.85970018728895,0.45233788214012,0.108418956843007,-0.134220313243396,-0.335517611398642,7.50893615725322,5.68543530186213e-05,0.00136406374102816
"gene-CGRRF1|CGRRF1","CGRRF1",4.12142070241945,-0.342858955204808,-0.313954165093954,0.0259137972912171,0.264983347295042,7.5043145194552,5.71842102235659e-05,0.00136985395233697
"gene-GJA9|GJA9","GJA9",1.44831775296278,0.0728733774732595,-0.336021980456403,-1.27405009006271,-0.420667478775481,7.49215849413091,5.8061249807192e-05,0.00138871381880417
"gene-CWF19L2|CWF19L2","CWF19L2",3.09318598549681,-0.528551675979707,-0.189492500455275,0.00511380799978189,0.181596442091089,7.4888970661949,5.82989040004747e-05,0.00139010098521933
"gene-LOC116808088|LOC116808088","LOC116808088",-3.91522837356158,1.67277666550623,1.02728486934923,2.02567329155791,-1.46086569133077,7.48937804958507,5.82637928030774e-05,0.00139010098521933
"gene-ZNF407|ZNF407","ZNF407",4.12658567707285,-0.666021374287866,-0.426213775451198,0.0524345201833647,-0.14259385302984,7.48133962909969,5.88534554684696e-05,0.0014011649590378
"gene-THOC1|THOC1","THOC1",1.9381240628408,-0.458611677397301,0.03181834025087,0.236534227046996,0.269614257738238,7.47399431026498,5.93976448750342e-05,0.00141194862433357
"gene-ARHGDIA|ARHGDIA","ARHGDIA",4.86876700925456,-0.20756850013749,0.103454953050107,0.0328726762703413,0.215806300227402,7.47163731504553,5.95733617654367e-05,0.00141395364006155
"gene-LOC105759119|LOC105759119","LOC105759119",-4.20179264700924,3.98480593797706,3.82033179254218,1.06873917058722,2.76683634597546,7.45747172043357,6.06407525013612e-05,0.00143708368293808
"gene-LOC115497171|LOC115497171","LOC115497171",-2.39400668171415,1.50750483667585,0.506305778014774,-0.767634748945053,0.573115661089433,7.45043847309215,6.11780061166675e-05,0.00144759884503888
"gene-LOC100229115|LOC100229115","LOC100229115",3.28036359729886,0.815777232006701,0.0850928462579859,0.0551211086557957,0.502238589881782,7.44579356411406,6.1535503400374e-05,0.00145383498491723
"gene-NDUFA11|NDUFA11","NDUFA11",5.35442139154401,-0.0962077601698521,-0.0448175281906993,0.309388970686975,0.331829206140688,7.44418901069924,6.16594974641697e-05,0.00145454378545431
"gene-LOC121470339|LOC121470339","LOC121470339",2.27516212808849,1.3236965075166,1.08579339705483,0.377798661914354,-0.0394880913180531,7.43654061008554,6.22540812923615e-05,0.00146633471537183
"gene-LOC140681688|LOC140681688","LOC140681688",0.350240164367804,0.976543842334379,0.882644582019716,0.0864454833502368,0.0559533816620863,7.43502098117708,6.23729175309824e-05,0.00146690106199385
"gene-LOC100218400|LOC100218400","LOC100218400",9.41609621701665,0.514214552965024,0.322529510708272,-0.144348227089866,-0.0182844079317448,7.43373355728115,6.24737777831184e-05,0.00146704356782057
"gene-TLR2|TLR2","TLR2",0.642343710979036,0.102980156192539,0.521169404861837,-0.370127714050953,-0.69099014330342,7.42296501176254,6.33240152784892e-05,0.00148475626732518
"gene-PRPF4|PRPF4","PRPF4",4.71815852016341,-0.008262652370842,-0.252831592393036,-0.0225228148352823,0.354049782018575,7.41393326755099,6.4046300037372e-05,0.00149941980798537
"gene-KPNB1|KPNB1","KPNB1",4.98790210053203,-0.238897279947958,-0.204704355386453,0.199734871073942,0.261538682512147,7.41251444118496,6.41605342357013e-05,0.00149982517718652
"gene-GGA1|GGA1","GGA1",5.96947831542049,-0.00910184540712233,-0.149963742693307,-0.0403994386140765,0.34720633081007,7.41042409131441,6.43292170252191e-05,0.00150150020130508
"gene-LOC100218528|LOC100218528","LOC100218528",7.35592424012899,-0.0767238804952228,-0.0312656014603174,0.29590067454434,0.325205658462682,7.40406919004766,6.48448397891495e-05,0.00151125586707393
"gene-INO80D|INO80D","INO80D",4.60761554522132,0.432599341639646,0.0727871233177684,0.091232441974932,0.0360888054613078,7.3869700057592,6.62534515437143e-05,0.00154099408797002
"gene-FGFR4|FGFR4","FGFR4",4.47209508614493,1.20093071073052,0.570600407349163,0.0837664986280613,0.888383621856882,7.38617140292915,6.63200040444608e-05,0.00154099408797002
"gene-LOC100224907|LOC100224907","LOC100224907",1.24811052425017,0.544525335697099,1.49873618485442,-0.0959787280333985,-0.345018678720489,7.37708307167331,6.70822545293644e-05,0.00155408298294656
"gene-BSCL2|BSCL2","BSCL2",4.467275509973,-0.162358974409086,-0.076628388839489,0.423194157680589,0.336356903637983,7.37706044272887,6.70841636580484e-05,0.00155408298294656
"gene-SLC23A3|SLC23A3","SLC23A3",4.82691040278324,0.654511299037082,-0.090439042101452,-0.0238585690658404,0.0802168478122542,7.37515580928673,6.72450517800935e-05,0.0015554815789192
"gene-NDUFC1|NDUFC1","NDUFC1",4.63870399663612,-0.258967399569634,-0.163751503158768,-0.07659530979236,0.350462073240157,7.37375881435254,6.73633110383223e-05,0.00155589140047468
"gene-B3GALT6|B3GALT6","B3GALT6",5.05601658832898,0.369587850336869,-0.0310012458389117,-0.111860325055356,0.093715535556222,7.36878625288171,6.77859906095585e-05,0.0015615139367839
"gene-SPDEF|SPDEF","SPDEF",0.495062812990745,-0.580623071542789,-0.279020217368529,-0.447172842008297,0.594960494500937,7.36852171213392,6.78085535068681e-05,0.0015615139367839
"gene-BMAL2|BMAL2","BMAL2",3.79833698795663,-0.621526474813627,-0.277078909975174,0.208522976378526,0.426119314555818,7.36631698761129,6.79968970950899e-05,0.00156352449115381
"gene-ZNF292|ZNF292","ZNF292",5.6300988352977,0.26124171155909,-0.29172150498066,-0.33745154352748,-0.423122750003982,7.35389156470181,6.90684786996147e-05,0.00158580817192365
"gene-PNLDC1|PNLDC1","PNLDC1",0.0561943117376629,1.48970538828334,0.525377101508456,-0.107575359701829,-0.389544519479904,7.3469011361705,6.96789630054949e-05,0.00158804411268046
"gene-CDHR5|CDHR5","CDHR5",-0.0789877480403969,0.53093085054462,0.847802324106317,-0.208014195373242,-1.46125627153132,7.34717642947389,6.96548165369722e-05,0.00158804411268046
"gene-SENP5|SENP5","SENP5",4.2734803909585,-0.38350805248707,0.0854037873295663,0.151737564912634,0.0813660987579192,7.34706599778952,6.96645016634468e-05,0.00158804411268046
"gene-MEIOB|MEIOB","MEIOB",0.0460177369505516,1.36132584751896,0.946265798059716,0.27868493632377,-0.74617600268863,7.34763620101394,6.96145083467425e-05,0.00158804411268046
"gene-CCS|CCS","CCS",1.75315801744011,-0.0659360784424019,-0.0280553236015093,0.360414188349896,0.755122887194963,7.34722241245306,6.96507841267494e-05,0.00158804411268046
"gene-ERBB3|ERBB3","ERBB3",1.01660261676485,1.62511110957314,1.66957487303333,0.0354596704354265,0.359152769845121,7.34326225218676,6.99989465580786e-05,0.00159299073233274
"gene-LOC115497601|LOC115497601","LOC115497601",-2.54445143896346,1.17611121070136,0.0308482459827637,-0.0848137687061543,-0.0212523868885559,7.33898594684749,7.03769146070824e-05,0.0015968955330566
"gene-ELMO2|ELMO2","ELMO2",6.01019850373819,-0.264823701430922,-0.238956092489932,0.0209304000280826,0.277948775784171,7.33968400543424,7.03150724729227e-05,0.0015968955330566
"gene-CPNE9|CPNE9","CPNE9",2.54583743625471,0.7108696645751,-0.0818622451027422,-0.586208880989856,0.00848731803201996,7.33655889792578,7.05923666518746e-05,0.00159943905408164
"gene-PLPBP|PLPBP","PLPBP",5.55346534546857,0.120185415967259,0.0238128493781629,0.35906902169797,0.512864760923063,7.33401808776343,7.0818644611826e-05,0.0016022200663275
"gene-SPTLC2|SPTLC2","SPTLC2",1.95324626417348,-0.62275128180313,0.117645605547778,0.10491742214915,-0.019617717165672,7.33144107402613,7.10489091357312e-05,0.00160448681773987
"gene-DRG1|DRG1","DRG1",1.66983698957712,0.148620033911553,1.0844884262249,0.449378591715032,0.635249303361955,7.3305779877522,7.11262007734766e-05,0.00160448681773987
"gene-CEBPA|CEBPA","CEBPA",0.911853516612133,-0.736623252985068,0.992781435063288,0.221474124624924,-0.106995332390707,7.32313771041973,7.17960950648736e-05,0.00161724100601007
"gene-KPNA5|KPNA5","KPNA5",6.71763933913904,0.286774007807283,-0.191289141677691,-0.402662988099144,-0.149649814455155,7.32074439345769,7.20129573973142e-05,0.00161976819145848
"gene-PLEKHA2|PLEKHA2","PLEKHA2",4.05703637922991,-0.697000702862434,-0.0026644704302301,0.186891032406366,-0.495957404512572,7.31917362642689,7.2155653353154e-05,0.00162062225782302
"gene-WDR45|WDR45","WDR45",5.0066399604319,0.10647888496201,0.256289101990439,0.666063731467596,0.531596439240405,7.3102012336009,7.29763438439823e-05,0.00163667959563134
"gene-LOC140684521|LOC140684521","LOC140684521",1.26189228983267,1.14594878995439,0.764668489522455,0.299452271356633,0.298453276186095,7.3081598855805,7.31644000537706e-05,0.00163852256270926
"gene-LOC121469275|LOC121469275","LOC121469275",4.1432136250832,0.603091733060314,0.540813181094574,0.159936062915811,-0.201965399222243,7.29879157853863,7.40338576124287e-05,0.00165082701232325
"gene-SHMT1|SHMT1","SHMT1",2.50377582569367,0.730468550124543,0.101331446909272,-0.166570118143794,0.451491513987136,7.29937087365513,7.3979787079092e-05,0.00165082701232325
"gene-ZNF865|ZNF865","ZNF865",3.88250292060566,0.870808704716047,1.01614749796141,0.354159159095409,-0.100257806054274,7.30097156303348,7.38305922793259e-05,0.00165082701232325
"gene-SCP2|SCP2","SCP2",3.57989570934521,-0.404311098109431,0.00695897940727708,0.0571785812156413,0.220444918592747,7.2962199115281,7.427438446785e-05,0.00165380733761148
"gene-HSP90B1|HSP90B1","HSP90B1",5.37463899683039,0.143814073624728,-0.0840327063468145,-0.261133281410207,-0.48137619885725,7.29455944797967,7.44301138800352e-05,0.00165489369582406
"gene-MIS12|MIS12","MIS12",2.32252249618581,0.283814515272879,0.307274301818826,-0.659295987483303,-0.78190789130597,7.28374577478172,7.54525442429086e-05,0.0016728196592536
"gene-LOC115498162|LOC115498162","LOC115498162",-1.8831706293932,1.74249980932534,2.78070700069605,1.91195529187988,-0.534019362027229,7.28449896573665,7.53808642609511e-05,0.0016728196592536
"gene-USP22|USP22","USP22",3.44871092739629,-0.394118049057355,-0.359392743902929,0.00045507181373905,-0.0571936518680296,7.28088759913557,7.57251908328557e-05,0.00167496322391105
"gene-LOC121468661|LOC121468661","LOC121468661",-2.76903469472205,3.68040903566185,2.53232796986113,2.02865886018849,0.319618743049575,7.28046380865032,7.576570318176e-05,0.00167496322391105
"gene-LOC115493984|LOC115493984","LOC115493984",0.828830623961987,0.860154016266894,0.432251354156139,-0.195864323728383,-0.209852538535705,7.27697498124545,7.61000669997628e-05,0.00167995511672087
"gene-SGTA|SGTA","SGTA",2.50832303298485,-0.282108900661787,0.53016584671267,0.401707301151029,0.292688041343225,7.26305745927165,7.74490801097516e-05,0.00170487128691096
"gene-LOC116806883|LOC116806883","LOC116806883",5.29107585121964,0.538321884166741,-0.247368296031364,-0.248730526291518,-0.129140153591664,7.26388241068969,7.73684365284109e-05,0.00170487128691096
"gene-SAMM50|SAMM50","SAMM50",2.28647988408759,-0.301983035487442,0.387951636214227,0.435382898166525,0.224282840233571,7.25644016217898,7.80990947696104e-05,0.00171673791414733
"gene-LOC100227613|LOC100227613","LOC100227613",1.35604003113653,-0.69878503341368,-0.0214964664071309,0.0223704201315,-0.0665674282262003,7.25268826912291,7.84701324574591e-05,0.00172244723372933
"gene-EML5|EML5","EML5",0.660318446538334,0.842806914464024,0.44887226029165,-0.239877294945397,-0.191019488886947,7.25035806229464,7.87014871295018e-05,0.00172507863077768
"gene-LOC115494687|LOC115494687","LOC115494687",-3.54263582220831,0.933644628648724,1.45322078861382,-0.708152995182198,-2.37036647993661,7.24572804839217,7.9163262911006e-05,0.00173274610119918
"gene-ELP4|ELP4","ELP4",2.34397430694154,-0.44530808668235,0.0110147771080893,0.0960365668877428,0.00712619450242169,7.24435036588646,7.93012038813496e-05,0.0017327748825061
"gene-LOC100225139|LOC100225139","LOC100225139",4.72895696074445,-0.346962496058999,-0.133300785959884,0.113375146451285,0.170452455739913,7.24347954282285,7.93885228883249e-05,0.0017327748825061
"gene-LOC100230856|LOC100230856","LOC100230856",1.82491454356195,0.905653799135137,0.0766390372605907,-0.315213787008691,0.560570386323037,7.24132318885568,7.96051703831808e-05,0.00173437957019859
"gene-MTHFD2|MTHFD2","MTHFD2",6.52425879346119,0.397515203972333,0.120293165260214,-0.175847518342152,-0.258649853309831,7.23994280511221,7.97441758618546e-05,0.00173437957019859
"gene-LOC140682140|LOC140682140","LOC140682140",7.59284311000677,0.41023861622392,0.083771516945701,-0.0890344908145488,-0.472076016323317,7.23940627971338,7.97982716627719e-05,0.00173437957019859
"gene-MVD|MVD","MVD",3.93051821251555,0.060602274155916,-0.0583697625519517,0.161275482421088,0.74347309255739,7.23645001923502,8.00970179146819e-05,0.00173843106904587
"gene-LOC100224239|LOC100224239","LOC100224239",9.59309830021016,0.16610927849117,-0.111402877570736,-0.191075826859805,-0.384042936394613,7.23142646238685,8.06073172928339e-05,0.00174461291623301
"gene-TRMT112|TRMT112","TRMT112",1.99426774384442,-0.447768279758644,-0.0129810639043306,-0.0252361994140258,0.294961304560172,7.23245969366445,8.05020878055269e-05,0.00174461291623301
"gene-VEZT|VEZT","VEZT",3.49117185629035,-0.144968744337468,0.389692844174557,0.194002396256038,0.611324205286682,7.22908972123846,8.08458250271225e-05,0.00174733120432224
"gene-SLC25A37|SLC25A37","SLC25A37",8.78319318757563,0.376866705919795,0.291562204456635,-0.0814664282628232,-0.439400460139222,7.22619875712861,8.11419065272039e-05,0.00175128452372173
"gene-SPTBN5|SPTBN5","SPTBN5",2.24510039107819,0.15068558706083,-0.20942981906023,-1.39776583084487,-1.42119995471008,7.23640307531444,8.16313491218536e-05,0.00175694732637091
"gene-LOC115491050|LOC115491050","LOC115491050",0.571617389632181,-0.220956060033574,1.65476279727229,0.677333992249047,-0.190784395725848,7.22254144476705,8.15180734506119e-05,0.00175694732637091
"gene-BPTF|BPTF","BPTF",7.15448009286435,0.308682993988099,-0.186829593667992,-0.252338619006766,-0.139248635642333,7.21506428720228,8.22927176692053e-05,0.00176872195268188
"gene-SHLD3|SHLD3","SHLD3",4.33801029199714,0.379864379593427,0.069322938819183,-0.0522508723385515,-0.193247930088196,7.21293334178324,8.25148703543892e-05,0.00177103691918748
"gene-VPS37C|VPS37C","VPS37C",5.674157999968,0.213573475280639,-0.096491865691168,-0.281150026447232,-0.00851974454345328,7.19962182169262,8.39166414434217e-05,0.00179862884534204
"gene-TMEM127|TMEM127","TMEM127",5.32980687955553,1.01929863412549,0.528160478445412,0.388854332405443,0.249758386173132,7.19297631644611,8.46255917750392e-05,0.00181131539795122
"gene-TMC5|TMC5","TMC5",-2.75668866889458,-0.436186713286551,1.70684306974877,1.1455379040241,1.93715449100647,7.18902162755049,8.5050404070425e-05,0.00181789365053844
"gene-IER5L|IER5L","IER5L",3.59739014071484,0.679606387802264,0.118818678934547,0.0663134838256614,-0.553189714092834,7.180619750917,8.59602294743165e-05,0.00183125009609049
"gene-MMP23B|MMP23B","MMP23B",0.707783587838121,1.3073822134962,0.791925879164546,0.294649091251091,0.61910213862705,7.17997651884944,8.60302953058342e-05,0.00183125009609049
"gene-PC|PC","PC",3.03207958155859,0.31081897429977,0.410743952232751,0.784043692564378,0.943928774507672,7.1813022066549,8.58859552723402e-05,0.00183125009609049
"gene-LOC115496311|LOC115496311","LOC115496311",-0.491928854555043,0.831106208155377,0.187488465754122,-0.410890067771692,-0.526021521245255,7.17329377625099,8.67617167508251e-05,0.00184175249206998
"gene-BTG2|BTG2","BTG2",7.8341602850295,0.149125491332611,-0.0486650761273273,-0.469784157315874,-0.481804545384443,7.17359382219255,8.6728740173407e-05,0.00184175249206998
"gene-LOC140683616|LOC140683616","LOC140683616",-1.1363339284767,0.266492018592824,-0.414247848346001,-1.50433493469515,-1.2704367598654,7.16696269238732,8.74605506170644e-05,0.00185404386410832
"gene-YWHAB|YWHAB","YWHAB",4.04196825031872,-0.482761121025605,0.125420718618395,-0.0105264994783534,-0.061060510671382,7.15744334415469,8.85222258351458e-05,0.00187398282462227
"gene-LOC100226089|LOC100226089","LOC100226089",4.94151979856211,0.779516784323858,0.544905225688219,0.244586094770477,0.165141020917507,7.156140309934,8.86685789026779e-05,0.00187451674661057
"gene-LOC140685191|LOC140685191","LOC140685191",1.37265692594458,1.06313351071636,-0.07300916826094,0.401175359437008,0.393663787905546,7.14976553648317,8.93881708808877e-05,0.00188458030569719
"gene-H3-3B|H3-3B","H3-3B",9.63383452332602,0.24908505128554,0.00496563306571396,-0.43753148343594,-0.300465307345563,7.15042011527105,8.93140053112001e-05,0.00188458030569719
"gene-ART4|ART4","ART4",5.142372267709,0.487239404420571,0.298847329980803,-0.00488067311694351,-0.626931168073861,7.13590210417021,9.09739032279982e-05,0.00189733308955967
"gene-NDUFA6|NDUFA6","NDUFA6",4.48246710072333,-0.453642746358267,-0.235037224098079,0.256922465520664,0.0546708291776365,7.13749305507241,9.0790466098455e-05,0.00189733308955967
"gene-TPD52|TPD52","TPD52",3.5573921374723,-0.372925690170451,0.0669014261398164,0.0474315383409185,0.233199227629099,7.13715063911002,9.08299146074955e-05,0.00189733308955967
"gene-CCDC142|CCDC142","CCDC142",4.93382293613788,0.149481322973128,-0.0173209631230842,0.554420420178173,0.79908376359683,7.14335896597288,9.01174057840931e-05,0.00189733308955967
"gene-CIB1|CIB1","CIB1",4.84391033519121,-0.36595203581163,-0.293919689614735,0.0621658472377984,0.203315636364228,7.14220810432962,9.02490508816305e-05,0.00189733308955967
"gene-FANCD2|FANCD2","FANCD2",2.74400727470078,0.617372876573417,-0.102050716176769,-0.578224262190217,0.541576033364515,7.13723169508497,9.08205748482012e-05,0.00189733308955967
"gene-SMIM3|SMIM3","SMIM3",4.58400184446334,0.996360500450225,0.497735774978286,0.258138240148048,-0.205138686286197,7.14989527170785,9.09555330866119e-05,0.00189733308955967
"gene-LOC115498301|LOC115498301","LOC115498301",-0.563673336485668,1.29539741771843,0.609981437507258,-0.236113079351067,0.246686876096086,7.13760509800164,9.07775618634508e-05,0.00189733308955967
"gene-DCTN1|DCTN1","DCTN1",6.4652075407167,-0.108244163818671,-0.375519705360121,0.028970403570451,0.498854388461121,7.13211129015371,9.14125232517481e-05,0.00190135591037742
"gene-LOC115497033|LOC115497033","LOC115497033",1.55217008392532,0.61510642109863,0.376860537418522,-0.183009029881138,-0.35077442739393,7.13214582711952,9.14085173132727e-05,0.00190135591037742
"gene-PTP4A2|PTP4A2","PTP4A2",5.68573680485324,-0.103214522914534,-0.0652215038785737,0.323006627129256,0.26577665120036,7.12993473380194,9.16653464042247e-05,0.00190405534980588
"gene-UEVLD|UEVLD","UEVLD",2.82286585644361,-0.535366829078808,-0.210493208207861,0.0842550781194178,0.305576209303949,7.12882014101711,9.17950929746712e-05,0.00190419445547324
"gene-RCVRN|RCVRN","RCVRN",5.7848914506608,1.08794840216778,0.439683929625967,-0.0514717972857435,0.577711759482802,7.1239675296324,9.23621769315375e-05,0.00191339315664731
"gene-ZEB1|ZEB1","ZEB1",0.957516165635103,-1.13879199527658,-0.168258096606988,-0.136901654793775,-0.248292872394714,7.1201912170855,9.28059753802541e-05,0.00192001666979871
"gene-LOC100190416|LOC100190416","LOC100190416",3.53794729270181,-0.162171946710509,0.202179278792063,0.00788220441720178,0.389836750056535,7.11575735924299,9.33298504177407e-05,0.00192827694955212
"gene-PTK2B|PTK2B","PTK2B",2.16975276878698,-0.699327529813508,0.14143094236315,0.514461849444358,-0.171145475102807,7.1133313067403,9.36177831392234e-05,0.00193164692543931
"gene-ALYREF|ALYREF","ALYREF",3.70035416247208,-0.153058408963057,0.029305708875464,0.0920021492567726,0.378883879491967,7.10497219178317,9.46168902896316e-05,0.00194966228659394
"gene-STXBP1|STXBP1","STXBP1",2.86399874858132,-0.391920792452477,0.297255303446868,0.346440169267926,-0.114419333923519,7.10301730862295,9.48521222350949e-05,0.00195191036115438
"gene-LOC105759033|LOC105759033","LOC105759033",0.0375400153756336,-1.60111739927147,-0.236043146101821,-0.141699557746493,-0.418733732039084,7.09880580337949,9.53609406048819e-05,0.0019597749745824
"gene-PUSL1|PUSL1","PUSL1",3.71748848228466,0.664681786657888,0.401390785129182,0.123749985087025,0.181882905031705,7.09097412708132,9.63146123831186e-05,0.00197674884168271
"gene-DGCR2|DGCR2","DGCR2",6.09518529622206,-0.0682715265792364,-0.336563677969532,-0.578894077201859,-0.142753533073542,7.08928381215477,9.65217278106548e-05,0.00197837581174819
"gene-LRRC23|LRRC23","LRRC23",-0.69722447809139,0.620830838305035,0.117406264342668,-0.968294622771103,-0.928801495933104,7.08215719502587,9.74000069035517e-05,0.00199373691379955
"gene-ZNHIT2|ZNHIT2","ZNHIT2",5.54479577191195,0.662367668751042,0.0952426709070142,-0.0134300186060674,0.211934739759748,7.07732569096659,9.80001096865249e-05,0.00200337080237645
"gene-DDX28|DDX28","DDX28",3.04621968918677,-0.242075966666945,-0.0690416563009784,0.460039501968613,0.282071905926847,7.06705654368587,9.92882659360092e-05,0.00202680810731503
"gene-LOC140680460|LOC140680460","LOC140680460",2.32600036838127,1.04315789829386,0.782116327465586,-0.19748705376577,-0.0493923553411042,7.06610462505759,9.94085527271153e-05,0.00202680810731503
"gene-HIGD1A|HIGD1A","HIGD1A",5.59664591318143,0.566454254700007,0.274307486708849,-0.203892181753343,-0.369851198675684,7.04900666833785,0.000101594802946641,0.00206628003302067
"gene-HM13|HM13","HM13",4.38030904770656,-0.221396521385953,0.192045478413143,0.0224159096594798,0.250948484308198,7.04887697621415,0.000101611573837075,0.00206628003302067
"gene-ADGRF5|ADGRF5","ADGRF5",7.17418324696839,0.432123763836561,0.232333054522843,0.0381121499035793,-0.220582980229195,7.04401206991983,0.000102242730996515,0.00207638617082818
"gene-LOC105758560|LOC105758560","LOC105758560",7.35564260983829,0.49030391994566,0.577802221517366,-0.66020298471626,-0.324074815652504,7.0553878822137,0.000102516861447393,0.00207922468007656
"gene-LOC140682150|LOC140682150","LOC140682150",2.11297395798738,0.400645145060659,-0.198547225116378,-0.733105323350451,-0.215096985268732,7.03889975561434,0.000102910332254652,0.00208447302570777
"gene-DCBLD2|DCBLD2","DCBLD2",-0.343401542893445,-0.828846866743736,0.327302472814458,0.0468570293747228,0.392770091735083,7.02704157557115,0.000104476171141477,0.00210904191533808
"gene-PPRC1|PPRC1","PPRC1",4.87106814104439,0.768716019148624,0.298265962923314,-0.142760307993563,0.301195589659957,7.02662097386832,0.000104532158259406,0.00210904191533808
"gene-ANXA2|ANXA2","ANXA2",3.46413049720247,-0.856066465213808,0.593688398385649,0.00356122085849853,-0.331580071443498,7.02849772963526,0.000104282577714148,0.00210904191533808
"gene-EIF2D|EIF2D","EIF2D",2.40235314266805,0.552679936862777,-0.053650337027765,0.123918303838886,-0.467599916851973,7.02508025659668,0.000104737509837704,0.00211043354783655
"gene-TSC22D2|TSC22D2","TSC22D2",8.65263099363132,0.310609263735319,0.0264038483949172,-0.146059858039202,-0.241333249712669,7.01514304222968,0.00010607197841316,0.00213454338874337
"gene-LRP8|LRP8","LRP8",-2.87522262799375,-1.24841877995785,0.720157753855738,1.04736996193329,1.10666773680977,7.01386319772871,0.000106245115353822,0.00213498581995951
"gene-ST6GALNAC1|ST6GALNAC1","ST6GALNAC1",1.33400412935096,1.48107034283999,1.24705338380323,-0.221168604869091,-0.076349949050786,7.01294217179979,0.000106369891256141,0.00213498581995951
"gene-NPM2|NPM2","NPM2",1.11434208517359,1.59648203074367,1.40359116834622,0.28021531483233,0.298092978492005,7.00705198841714,0.00010717143521017,0.00214828751279453
"gene-KIZ|KIZ","KIZ",-0.835127126754187,-1.25172965034996,-0.352142240285691,-0.192809382108124,0.0685999703441623,7.00235831976672,0.000107814601609535,0.00215833854448345
"gene-TGM2|TGM2","TGM2",7.80342070124322,0.353693136874814,0.343722407229222,-0.0110790001565411,-0.637347794814898,7.00136084054809,0.000107951795375133,0.00215833854448345
"gene-LOC140683788|LOC140683788","LOC140683788",2.43533382890143,0.699261825069337,0.487804001729079,0.153198227943855,-0.132687176086276,6.99800353612858,0.000108414881199818,0.0021648003697641
"gene-ING1|ING1","ING1",4.78856816970086,0.414161989344625,0.194649627393123,-0.247336864438647,-0.165679658456175,6.99556567570314,0.000108752424589929,0.00216595079862181
"gene-CHMP6|CHMP6","CHMP6",3.16284370055206,-0.147277720860727,0.205679628048898,0.159506121628299,0.347860130331838,6.99604601162313,0.000108685832430778,0.00216595079862181
"gene-RHOB|RHOB","RHOB",0.963134934751326,0.651018277203686,0.196495341789365,0.0669982646870044,-0.769775404562193,6.9913471098001,0.000109339078018924,0.00217312117389664
"gene-ERRFI1|ERRFI1","ERRFI1",4.70389497942979,0.469901293061747,-0.179379007607931,-0.501481419860409,0.157645206330737,6.99095834512781,0.000109393304973537,0.00217312117389664
"gene-RETREG3|RETREG3","RETREG3",5.77066926102596,-0.123041613781425,-0.0525169930447511,0.0225816929478695,0.261091098164857,6.98880072812299,0.000109694763936526,0.00217631598963812
"gene-DARS1|DARS1","DARS1",2.04929922742707,-0.476509402725245,0.33328489450126,0.279308422369057,0.266127180167719,6.97776419793584,0.000111250187637752,0.00220434910844329
"gene-LOC115497886|LOC115497886","LOC115497886",1.98958016020987,0.080681938023587,0.965782634598201,-1.73100455795761,-1.45787508373369,7.02171449059755,0.000111396431577674,0.00220442426939195
"gene-LCLAT1|LCLAT1","LCLAT1",1.43752715125138,-0.321057807193289,0.186442821685855,0.329522016387599,0.236855301404762,6.96728882109945,0.00011274750995235,0.00221698566265897
"gene-ZFYVE27|ZFYVE27","ZFYVE27",4.18235493441544,0.0551364152431448,0.252041439464636,0.523621190154691,0.649838213208174,6.96808116789172,0.000112633532903747,0.00221698566265897
"gene-CYP27A1|CYP27A1","CYP27A1",0.782879234588146,-0.955877118069653,0.306636580826726,0.317042557012921,0.0551336643549887,6.96986560365041,0.000112377280117105,0.00221698566265897
"gene-COPS2|COPS2","COPS2",3.77132847349824,-0.411408412729632,-0.182449183804293,0.147033977007195,0.0168528266547652,6.96741489845618,0.000112729366116752,0.00221698566265897
"gene-LOC100223651|LOC100223651","LOC100223651",-3.40134852936767,2.1006072080728,0.467976433862299,0.574034740277007,-1.25939529721797,6.97039562394098,0.000112301282429087,0.00221698566265897
"gene-SCYL1|SCYL1","SCYL1",5.40006164709393,0.171006878220934,0.29255220919076,0.588297057235221,0.816183731241824,6.96291671275435,0.000113378562936091,0.00222656505258376
"gene-MORC2|MORC2","MORC2",3.66417964806414,-0.163355306860606,-0.174917349749705,0.191036211758509,0.263890886071016,6.95837191820446,0.000114038391994513,0.0022366845578138
"gene-CC2D1A|CC2D1A","CC2D1A",4.65122089839244,-0.0123901663089887,-0.116433674185099,0.561885850547243,0.815118336308585,6.95646699663553,0.000114316128397829,0.00223929378095747
"gene-VAV1|VAV1","VAV1",2.09942370542488,-0.223487877483328,0.43315404957175,0.641803579445476,0.361888389253453,6.95317574778224,0.000114797630785332,0.00224588285259546
"gene-SETD3|SETD3","SETD3",1.49894521457134,-0.557204251568306,0.096634159215782,-0.0605504585560517,-0.0278401514403672,6.94895543508596,0.000115418106628513,0.00225517070716697
"gene-LPCAT3|LPCAT3","LPCAT3",2.0949174772475,-0.699637696141643,0.215445236031054,-0.138297967425335,-0.071571362242723,6.94711567469047,0.000115689668998203,0.00225762626449835
"gene-TKT|TKT","TKT",2.55765101780246,-0.30024106565985,0.752688197209434,0.142810313928007,-0.338267094370593,6.94455784476986,0.000116068316019971,0.00225931722064032
"gene-LOC121468580|LOC121468580","LOC121468580",-1.21749755091738,1.16702022251372,2.49040045679826,1.86987307155232,2.40601271016825,6.94516855792542,0.00011597779375234,0.00225931722064032
"gene-UBR3|UBR3","UBR3",6.01956317345809,-0.174531282979692,-0.305431393292197,-0.0812351938025424,0.193132763627109,6.94316496199647,0.000116275046428957,0.00226049791895492
"gene-ABCA2|ABCA2","ABCA2",3.93742669978141,-0.552307261227269,0.185683386840283,0.103247477393705,-0.131626974705358,6.94186919709317,0.000116467702662047,0.00226128087207637
"gene-ENPP7|ENPP7","ENPP7",-3.60688464704199,-2.11014666311429,0.141038899378036,-0.334313207506649,0.563428509082124,6.94092986358441,0.000116607569364584,0.00226128087207637
"gene-LOC115493620|LOC115493620","LOC115493620",4.65517197762144,0.841506204797847,0.576833681842484,-0.00232016099922028,-0.180990196588544,6.93562816218799,0.000117400237527745,0.00227380309855051
"gene-CDKAL1|CDKAL1","CDKAL1",2.06132491580811,-0.760228152691474,-0.410902913413513,-0.00960977578610223,-0.353828630140423,6.93355785101904,0.000117711276438259,0.00227697750360257
"gene-EFNB1|EFNB1","EFNB1",3.6444775636673,0.951170567728065,0.539596864581706,-0.0450157303201895,0.316190201818296,6.93110001365992,0.000118081636885826,0.00228129005094652
"gene-RBBP6|RBBP6","RBBP6",8.135909000369,0.236133490719011,-0.17322679906235,-0.375125397949893,0.0134996164269694,6.92673362485897,0.000118742546494827,0.00229119813841327
"gene-RNF214|RNF214","RNF214",5.17565048654163,0.22286241433391,-0.233975656980514,-0.365565402970271,-0.147666101064153,6.91841380092495,0.000120012409723883,0.0023128169868955
"gene-ABRAXAS1|ABRAXAS1","ABRAXAS1",2.61026684571774,0.648285657408417,0.523037029775026,0.203907184661012,0.0382710147692271,6.91371890397521,0.000120735152086888,0.00232048163856519
"gene-MRPL16|MRPL16","MRPL16",3.58628767664251,0.456446881238961,0.147068007608821,0.625733264660683,1.00135208187099,6.91470398815839,0.000120583135999916,0.00232048163856519
"gene-TM2D2|TM2D2","TM2D2",1.25803106522122,0.00292222565816591,0.655028410247986,0.649947588802603,0.560402021970042,6.91291095165223,0.000120859980658064,0.00232048163856519
"gene-PPIA|PPIA","PPIA",4.65586851303297,0.235396566897111,0.202862442420121,-0.31725420543515,-0.257799953791233,6.90440490013761,0.000122182246617454,0.00234296191623929
"gene-DBN1|DBN1","DBN1",-0.00339892704030652,1.87722096064256,1.62544514000911,1.33770595479998,0.469810111845797,6.89021049019312,0.000124421987376794,0.00237566432746224
"gene-HMMR|HMMR","HMMR",0.303311704907745,0.28876687859844,-0.20291054802696,-0.753408744471675,-0.367257124054325,6.88971017900689,0.000124501697549071,0.00237566432746224
"gene-PHF12|PHF12","PHF12",6.33331366791533,-0.0195944628973148,-0.44260306249538,-0.455285054052307,-0.0181125678467726,6.8910679692735,0.000124285494811388,0.00237566432746224
"gene-LOC121468577|LOC121468577","LOC121468577",0.723076715912565,-0.14572674035256,-0.175223384909576,0.667238416410745,0.58436058183986,6.89238401516205,0.000124076307516338,0.00237566432746224
"gene-LOC140684620|LOC140684620","LOC140684620",-3.34719660387838,3.88238492546308,2.91431235232036,1.49874841698361,2.61988322888775,6.87781899158764,0.000126411750895499,0.00240914020333478
"gene-CHKB|CHKB","CHKB",0.846243233540047,-0.309295670560216,0.120889200029257,0.46892363013934,0.467744519635529,6.8677824634711,0.00012804733366641,0.0024373093339332
"gene-LOC140680360|LOC140680360","LOC140680360",3.26191779274518,0.235558561115397,-0.413535130239615,-0.756880760770164,0.0837840553225049,6.86651962060497,0.000128254666002184,0.0024382567031742
"gene-MTFR1L|MTFR1L","MTFR1L",3.88643036016431,-0.416873206920723,-0.114872978185177,0.0486251244927134,0.102791336705964,6.86485133508631,0.000128529092865558,0.00244047572036136
"gene-RPL18A|RPL18A","RPL18A",8.82461983713685,0.29429225316199,0.00650505161424775,-0.455420083678238,-0.200941800445696,6.85859234598908,0.000129564067007451,0.00245110505738423
"gene-DBI|DBI","DBI",1.53667907083548,-0.414261749205398,0.887858462527016,0.238657104641948,0.0218335078272676,6.85911209439772,0.000129477797099529,0.00245110505738423
"gene-LOC121468878|LOC121468878","LOC121468878",-4.82864757835409,2.93790352669999,3.78312111291005,1.44836936669224,-0.0821685747440739,6.85983457197751,0.000129357975501273,0.00245110505738423
"gene-ZFAND2B|ZFAND2B","ZFAND2B",5.85386373343646,-0.0386755678269388,-0.214958242928613,0.237001233180586,0.388217226489611,6.85536805913476,0.000130100569198585,0.0024582494607425
"gene-BCL11B|BCL11B","BCL11B",2.79269756693273,-1.47065528124897,-0.395026708957019,-0.132763849238652,-0.371424496646875,6.85086609308199,0.000130853493657751,0.00246783559635062
"gene-PANK4|PANK4","PANK4",3.17995010468565,-0.278292601211384,-0.0083492561537688,-0.00757478506057252,0.293172793676848,6.85042888972047,0.000130926851347584,0.00246783559635062
"gene-KLB|KLB","KLB",1.61491491832145,0.323679887760362,0.0113051275926614,-0.600875940063923,-0.380821186794454,6.84720473323812,0.000131469135071856,0.00247504241513014
"gene-MRPS6|MRPS6","MRPS6",-0.401137621913863,-1.10526757340275,-0.0260966443152993,0.0987402995471593,-0.00387713985518744,6.84196460122575,0.000132355425764809,0.00248682927022459
"gene-ZC3H6|ZC3H6","ZC3H6",7.61276976652297,0.319052351357354,0.00232833496233198,-0.356775978814685,-0.0731139824584535,6.84034251825586,0.000132631020447394,0.00248682927022459
"gene-OGA|OGA","OGA",6.65625873379759,0.160687483211042,-0.321222405751817,-0.192800190866941,-0.117271255284187,6.84044726192057,0.000132613206511474,0.00248682927022459
"gene-SPG7|SPG7","SPG7",5.93186361955722,-0.00327827864972985,-0.169871330551856,0.199132050396591,0.320599272317077,6.8397136341091,0.000132738027606172,0.00248682927022459
"gene-TXNDC17|TXNDC17","TXNDC17",3.22754207338381,-0.330440175027417,-0.246736043469798,0.219198957178218,0.270512855349145,6.83351286642923,0.000133797877769732,0.00250365436334536
"gene-SELENOM|SELENOM","SELENOM",5.0448933820324,-0.166534383301809,-0.31708188996297,0.210068163514098,0.37388849615093,6.83233212074489,0.000134000677819412,0.00250442088074323
"gene-HDLBP|HDLBP","HDLBP",6.44742333135129,-0.0602092986648959,-0.121298998077529,0.282183792019488,0.345955519926459,6.8306420471064,0.000134291508063111,0.00250682881456773
"gene-RDH10|RDH10","RDH10",1.18380442890723,0.431866622082166,-0.214713655993693,-0.451575116929734,-0.10607958324759,6.8274755175813,0.000134838157287598,0.00251097531170347
"gene-ACADL|ACADL","ACADL",3.08603556927728,-0.624821503680753,-0.089108926979149,0.0914749228345859,-0.099294057323271,6.82786439651257,0.000134770900686719,0.00251097531170347
"gene-ZNF821|ZNF821","ZNF821",4.22104528169509,-0.0287312923718952,-0.179085610855847,0.10867478814758,0.481920952338113,6.82082624346851,0.000135993503983597,0.00252720727694114
"gene-SREK1|SREK1","SREK1",5.20050218310397,-0.286708428696094,-0.383063952260589,-0.0117247238112963,0.0841470130319308,6.82058034945079,0.000136036424018867,0.00252720727694114
"gene-LOC140684313|LOC140684313","LOC140684313",0.0555645986710958,0.532595141819081,0.260336534117077,-0.0474941887574491,-1.42942322127723,6.81764848563629,0.000136549246049286,0.00253369254509916
"gene-POLR2J|POLR2J","POLR2J",5.85444630629567,0.369275981326787,0.17487012063372,-0.111752748265431,0.00902273945608378,6.81504977343508,0.000137005457054281,0.00253911311127545
"gene-NFIC|NFIC","NFIC",5.94473493440083,0.109097530192121,0.055522106511054,0.71609001076724,0.705378686659489,6.8128120655658,0.000137399548378535,0.00254337082674382
"gene-SMCO3|SMCO3","SMCO3",6.29056426594356,0.62561265985773,0.299531454966197,0.0278170899308225,-0.275233267997091,6.81133621490259,0.000137660103778979,0.00254514946950979
"gene-LYG2|LYG2","LYG2",-1.35426835302136,0.554307101729635,0.461164534298454,-0.269986861244993,-0.484038482517775,6.80627985240255,0.000138556642104359,0.00255866830139016
"gene-LOC105759311|LOC105759311","LOC105759311",-0.389794241838002,-0.229511223768847,0.22932794655117,1.07227684615626,0.864393066180092,6.80083271273345,0.000139529188252363,0.00257355683933887
"gene-PWWP2A|PWWP2A","PWWP2A",5.12140071749736,-0.207054143627141,-0.0861382019604644,0.322797927601487,0.240622550632637,6.79268084341015,0.000140997773598483,0.00259754826956729
"gene-JTB|JTB","JTB",4.83149025557856,0.116038739564927,-0.170192539385471,0.283825409071491,0.545180678443906,6.79110872773235,0.000141282818327239,0.0025997046535244
"gene-CSF3R|CSF3R","CSF3R",3.52642552066473,-0.189097406709288,1.55967921401426,0.896191849975256,-0.118257223542566,6.78933439275098,0.000142145009433775,0.00261246320782384
"gene-SLC25A38|SLC25A38","SLC25A38",6.37209616410255,0.192991535400524,-0.503727015827386,-0.00880079243064991,-0.625010154938019,6.78267062563377,0.000142822910451527,0.00261677218409702
"gene-LAPTM4A|LAPTM4A","LAPTM4A",8.92049114787825,0.138846809515526,-0.10620003555742,-0.245394426722481,-0.454440580818238,6.7819003258983,0.000142964359823862,0.00261677218409702
"gene-SPR|SPR","SPR",-1.83461769685409,2.7561882205306,2.83067345039581,2.26880219602902,1.46481096330337,6.78179269949568,0.000142984134617339,0.00261677218409702
"gene-LOC116806864|LOC116806864","LOC116806864",5.93722912431532,0.222060845512284,0.0529980504436445,-0.267183602539209,-0.142426459707353,6.78140251316205,0.000143055849288923,0.00261677218409702
"gene-GPBP1|GPBP1","GPBP1",5.19126272517401,0.664420304643953,0.107099652480797,0.0900262988561895,-0.247771806884452,6.77659571550442,0.000143942359290388,0.00262987958679899
"gene-TMEM200B|TMEM200B","TMEM200B",2.41347671291305,1.19305877888768,0.329472246584856,0.173108036833229,0.0572178202884419,6.77109202928242,0.000144964334430033,0.00264542815484051
"gene-RFESD|RFESD","RFESD",6.8636824209406,0.386769529945519,0.100958365660198,-0.0219190186489859,-0.285754486701612,6.76252863852466,0.000146569320541162,0.00267156682611835
"gene-FICD|FICD","FICD",4.71518880375849,0.316757533926867,-0.119708098641924,-0.584509204451277,-0.0488275018599014,6.76085734131087,0.000146884686663143,0.00267416532483781
"gene-LOC100221041|LOC100221041","LOC100221041",-0.0156058213918783,-0.320405370645323,0.165496563872276,0.747627065053132,0.490774723322732,6.75586278285941,0.000147831300931809,0.00268629155418488
"gene-CREB3|CREB3","CREB3",3.57261186913755,-0.567031835485335,0.0425495591496459,0.0955542980318924,-0.237614159451661,6.75551249306616,0.000147897925955768,0.00268629155418488
"gene-NAT10|NAT10","NAT10",4.3142387990461,0.715741737446105,0.249460288022305,-0.357878090766605,0.497545922117483,6.75044909559324,0.000148864438312118,0.00270067665050413
"gene-GIGYF2|GIGYF2","GIGYF2",8.21011271316243,0.170652723944675,-0.14766505925661,-0.314127923694706,-0.0968650739636843,6.74219540553115,0.000150453862647471,0.00272631560242344
"gene-PFKL|PFKL","PFKL",1.38957764248493,-0.540241846741459,0.744388434452994,0.614143628445563,0.307771963198512,6.74085597894797,0.000150713438529669,0.00272782510087325
"gene-C15H12orf43|C15H12orf43","C15H12orf43",4.49077275659131,0.296689040061898,-0.464718975578497,-0.200191226177346,0.208917781061597,6.73892936802061,0.000151087616200057,0.00273140287464472
"gene-MARF1|MARF1","MARF1",6.49008951812867,-0.322601065826889,-0.215661198093263,-0.0381887776275045,0.0952314574246715,6.726422696343,0.000153539941072278,0.00276938842838266
"gene-LOC115491011|LOC115491011","LOC115491011",-0.328458406704843,-0.613182100727916,-0.497875498836373,-0.237054531863785,0.522777113176822,6.72638848172114,0.000153546705754593,0.00276938842838266
"gene-LOC121469778|LOC121469778","LOC121469778",1.86916043930056,0.190587674794703,-0.51563255919994,-0.933213490236648,-0.543199754545854,6.71556986456827,0.000155701129706199,0.00280497669639515
"gene-ZNF830|ZNF830","ZNF830",2.57264752810469,-0.310226745593923,-0.415767093706778,0.104030607980865,0.360011236834358,6.7105295947647,0.00015671543885758,0.00281324649504481
"gene-LOC100223308|LOC100223308","LOC100223308",3.86183482003888,0.670659620005627,0.267428696052648,-0.198224318711899,0.198703794175015,6.70966260179797,0.000156890596966131,0.00281324649504481
"gene-PIGU|PIGU","PIGU",3.86661483209573,0.0693259631938443,0.352327184862656,0.271925887683304,0.565866812897677,6.709255765601,0.000156972859221543,0.00281324649504481
"gene-LOC101232941|LOC101232941","LOC101232941",5.87713588424424,0.339625319584727,1.60964437630698,0.708560293499975,-0.199336142977938,6.73388651878497,0.000156900007449209,0.00281324649504481
"gene-PLPP5|PLPP5","PLPP5",3.81270447756922,-0.188986156646151,-0.428033402319559,-0.133267256290232,0.502605227738087,6.70877986803912,0.000157069141952744,0.00281324649504481
"gene-ETV5|ETV5","ETV5",1.09514177289029,0.037972642923902,0.246899600087493,0.832854185158446,0.821323850605021,6.70183014780417,0.00015848213403031,0.00282873243843027
"gene-BCL7A|BCL7A","BCL7A",3.91957789718263,-0.444179428085904,0.231482400658414,0.313981200562578,0.35135655765703,6.70319822468325,0.000158202952239632,0.00282873243843027
"gene-LOC105758935|LOC105758935","LOC105758935",0.374750726791809,0.569744169414013,-0.344548695412574,-0.749407868106646,0.117738963638618,6.70241715318774,0.000158362282571097,0.00282873243843027
"gene-SUPT6H|SUPT6H","SUPT6H",6.63280436467171,-0.592939674121857,-0.173819523653441,0.0398922903160921,-0.0972908828827945,6.69586513140999,0.000159705338616076,0.00284728123857578
"gene-LOC140684465|LOC140684465","LOC140684465",0.221144012432093,1.00791216989021,0.662710028571028,-0.24717502650743,-0.437834478924959,6.69001178561555,0.000160915079541548,0.00286554759022491
"gene-ABCB6|ABCB6","ABCB6",7.18267450986603,-0.0456417727425444,0.152364128265805,0.43351621593258,0.492498258332677,6.6848222062212,0.000161995513884951,0.00287601492439108
"gene-RPL22L1|RPL22L1","RPL22L1",7.54356596717482,0.381298404214589,-0.0814435655049444,-0.627714219492108,-0.162724570843511,6.68618764830334,0.000161710517433425,0.00287601492439108
"gene-CENPK|CENPK","CENPK",2.0496595002409,-0.463504042833979,-0.0167949706565267,-0.0914163352557815,0.0134075229847097,6.6845115762706,0.000162060420941455,0.00287601492439108
"gene-LOC116806979|LOC116806979","LOC116806979",3.45068312260627,-0.0558324872698139,0.468346559068238,0.388178488816187,0.214867962084013,6.68235344634011,0.000162512107335046,0.00288072721765159
"gene-MASTL|MASTL","MASTL",3.6755956849644,0.910070027967387,-0.287673522787692,0.406504875411168,0.2424688912382,6.67676699916026,0.000163687344778783,0.00289823988610031
"gene-G3BP2|G3BP2","G3BP2",5.53589228496987,-0.242968479861084,-0.469984254730651,-0.235845346088377,0.121581614050435,6.67133560590027,0.000164838340280645,0.00291528378953484
"gene-LOC105759083|LOC105759083","LOC105759083",0.571917507444292,0.94578062646688,1.01644108415886,-0.182954103683012,0.143670395504672,6.66525188091662,0.000166137458093764,0.00293490543835731
"gene-GLE1|GLE1","GLE1",6.00867115219586,0.101768477561431,-0.056985335459613,-0.131289905153348,-0.616655461498731,6.65807190796223,0.000167684218312706,0.00295885208482227
"gene-RBMX|RBMX","RBMX",5.18205412655775,0.287625398272382,-0.14104509843786,-0.291657249672142,0.0661223266840185,6.64750164447741,0.00016998832440715,0.00299550123490398
"gene-PALMD|PALMD","PALMD",1.91534432845109,0.00216771047896103,0.23416120296376,-0.551652889260656,-0.736892439410147,6.64677303126042,0.000170148341549635,0.00299550123490398
"gene-RNF6|RNF6","RNF6",6.13576068294013,0.390914866409994,-0.170793775751232,-0.121594381287181,0.0825205003885925,6.64456047104223,0.000170635210956141,0.0030006589653935
"gene-LOC140680790|LOC140680790","LOC140680790",-0.44031352879459,-0.558172582531223,0.292242839621104,0.329218451801299,0.521510724656091,6.64106180402795,0.000171408010025424,0.00301082741786996
"gene-RBM33|RBM33","RBM33",8.10104757115482,0.133091478717347,-0.251079150243401,-0.435597009392542,-0.239335904582348,6.629828174954,0.000173913746296152,0.00304792211090934
"gene-CEP78|CEP78","CEP78",0.736706492479385,-0.0965123037606048,0.116687663848344,0.844469866830312,0.693706222938395,6.62992901993269,0.000173891085461022,0.00304792211090934
"gene-LOC100227296|LOC100227296","LOC100227296",2.65037706347883,0.624789247235575,0.042313784053237,-0.197043670850316,-0.0606787897958405,6.62848440723972,0.00017421599367112,0.00304976527382418
"gene-LOC100226706|LOC100226706","LOC100226706",-0.796068293515785,-0.245884790504461,0.0263166923831432,0.0159390064842793,0.91590705876669,6.62615461205654,0.000174741303762654,0.00305550471833568
"gene-MRPL21|MRPL21","MRPL21",2.22839849608306,-0.345933241906983,-0.148943753593942,0.366457754056048,0.28189074287973,6.62343276520696,0.000175357074263229,0.00306281120115515
"gene-SNX3|SNX3","SNX3",4.71888952253205,-0.359121451991908,-0.24765026489558,-0.115115847053484,0.163800383291681,6.62017547196432,0.000176096912858582,0.00307226575703107
"gene-XPO6|XPO6","XPO6",5.60623315746005,-0.0902277143144143,-0.0221211352974047,0.214919772184223,0.458382954652171,6.61433998602421,0.000177430376841711,0.00309204401083951
"gene-LOC140684310|LOC140684310","LOC140684310",-0.992017384258125,0.781928836657478,0.469703211429517,-0.0371483279711833,-0.6137884507588,6.61304924941704,0.000177726721505166,0.00309359324242663
"gene-TPGS1|TPGS1","TPGS1",3.42556905474575,0.104978503877744,0.223375190583644,0.49112182638594,0.724045266917392,6.61221254802293,0.000177919094394811,0.00309359324242663
"gene-NAGLU|NAGLU","NAGLU",3.97955517833071,0.0374218945450902,-0.0864899932733771,0.295723773258517,0.552529593790122,6.60768237039973,0.000178964387535005,0.00310795983783644
"gene-PTGR1|PTGR1","PTGR1",2.27270869070685,0.339177244821816,0.362859322498626,-0.155122459919525,-0.436663730085325,6.60689364304905,0.000179147022639748,0.00310795983783644
"gene-LSMEM1|LSMEM1","LSMEM1",3.92276227215305,0.389308061816387,-0.0365877993135837,-0.829268573707808,-0.1632595021967,6.60364447279243,0.000179901412185696,0.00311755246760767
"gene-MDN1|MDN1","MDN1",4.16777011689562,0.452793761950421,0.0463792039789466,-0.252899878928098,-0.0443834785005821,6.59977600597442,0.000180803849125362,0.00312968631455814
"gene-RPE|RPE","RPE",4.61973442679987,-0.287444559697757,-0.362400312505772,-0.117373103170098,0.412141597594871,6.59780989059928,0.000181264287043534,0.00313415066145106
"gene-ANKRD13B|ANKRD13B","ANKRD13B",-0.222538905602731,-0.756537196294326,0.451136913202614,0.518845788740957,0.227154513366945,6.59060712893194,0.000182961397547587,0.00315996386947424
"gene-NFKBIB|NFKBIB","NFKBIB",5.3854905780594,-0.0701017066826912,0.0696420649778613,0.482067511506318,0.602803640604099,6.58455457171437,0.00018440012176456,0.00318126185541423
"gene-ZBTB21|ZBTB21","ZBTB21",6.90392025468072,0.26552568869045,-0.136246958076991,-0.113108390553706,-0.283463218537233,6.58237594016627,0.000184920835409045,0.00318669257010576
"gene-WDR12|WDR12","WDR12",2.20562580749457,-0.573900440471584,0.106223617207893,-0.0726541790235955,0.0666192086783073,6.5787008573256,0.000185802642590771,0.00319765146050765
"gene-PHF13|PHF13","PHF13",2.91578469129738,-0.186895300524427,0.0437336858089665,0.118066313457592,0.371120358399278,6.57800523937022,0.000185970036475405,0.00319765146050765
"gene-LOC100232395|LOC100232395","LOC100232395",1.5404598338241,-0.305900235081307,0.935464351253565,0.0219754820475671,-0.696017650576307,6.57536811030482,0.000186606045570067,0.00320502614339266
"gene-ADAM19|ADAM19","ADAM19",3.20855459020353,0.089430419801309,1.45644238027881,0.381963916065566,-0.262533555514087,6.57282650819366,0.000187221131617761,0.00320581082012237
"gene-IL12B|IL12B","IL12B",-1.72256724452717,-1.29471814607237,0.672887237605994,0.50296609792802,0.215324990524332,6.57398588702648,0.000186940295522107,0.00320581082012237
"gene-SUGP2|SUGP2","SUGP2",3.83378979194105,0.694755326750556,0.893739862575662,0.107758897566757,-0.162757120576408,6.57261169379588,0.000187273213660137,0.00320581082012237
"gene-VSIG10|VSIG10","VSIG10",-1.2151904703873,1.49203274890546,0.0646340878154019,0.00409782266487113,-0.680093698221519,6.56799755939582,0.000188395519091461,0.00322145929054183
"gene-MYO5B|MYO5B","MYO5B",-1.89888665866985,0.394344963367485,-0.794905514869375,-1.51581765941228,-1.21584227980972,6.56668409192476,0.000188716258750323,0.00322338201342302
"gene-LIAS|LIAS","LIAS",4.36963683352358,-0.204185917145338,0.232777618693718,0.0708625297964742,0.359066471769666,6.56503601350844,0.000189119502123818,0.0032267081536561
"gene-SRP72|SRP72","SRP72",5.78494996867793,-0.133067277637505,-0.170855580426889,-0.0752208498227862,0.276559885763377,6.56340531372608,0.000189519365027061,0.00322996935439843
"gene-TAL1|TAL1","TAL1",10.5143070862307,0.121367710689052,-0.096973983005137,-0.26254140075577,-0.403735345148974,6.56084400693968,0.000190149176566964,0.00323713807191834
"gene-MAPT|MAPT","MAPT",5.83932167629758,-0.258745670625254,-0.117460846864753,0.432174769777094,0.387738330614244,6.55781767724405,0.000190896107924732,0.00324628271443432
"gene-RAD54L2|RAD54L2","RAD54L2",4.07948645761545,-0.535426939354348,-0.127718535709893,0.313185410913695,-0.0112833339392093,6.55502831032037,0.000191587224809831,0.00325445917006821
"gene-OSGIN2|OSGIN2","OSGIN2",0.768169856709691,0.369914739303804,0.812044493358251,0.144209419320098,-0.26472463256018,6.5508491712148,0.000192627499365073,0.00326382176282778
"gene-PSMB1|PSMB1","PSMB1",4.93425093029913,-0.0953461409135317,0.305787118933687,0.170347504350323,0.317982189647369,6.55008163060276,0.000192819186275147,0.00326382176282778
"gene-AUP1|AUP1","AUP1",6.39106660463938,0.0992317236137801,-0.107163834664218,0.273238661122699,0.72106135833821,6.55091890248431,0.000192610094265531,0.00326382176282778
"gene-PNRC2|PNRC2","PNRC2",7.43806242429728,0.115104198238557,-0.233238685533583,-0.215558245666722,-0.18797819061948,6.54943019820043,0.000192982029918411,0.00326382176282778
"gene-TUBB3|TUBB3","TUBB3",-1.15632562254437,2.21098961136068,2.31727051859729,2.06142648064328,0.661387611385249,6.54741469130816,0.000193486757648147,0.00326878556179593
"gene-MAEA|MAEA","MAEA",10.1537640162321,0.174623050354784,-0.0943567286187506,-0.510813673459502,-0.663676778596104,6.54307031947139,0.000194579303911052,0.00328365837298095
"gene-CD96|CD96","CD96",-1.749044122665,-2.46757793912053,-0.887782340249042,-0.623665035433507,-0.765154840367248,6.5352884782014,0.000196552201000347,0.00331333911817034
"gene-DDX18|DDX18","DDX18",2.79926495408703,0.576568755119156,0.0303637876298164,0.26859299189125,-0.173356515805399,6.53209133063912,0.000197368707588304,0.00332348286172906
"gene-JMJD8|JMJD8","JMJD8",2.11486213897375,-0.220670082743262,-0.218288896811979,0.424885485709869,0.621550112358547,6.52804577784131,0.000198406883580855,0.00333733317762362
"gene-LOC100232561|LOC100232561","LOC100232561",-1.3941935225894,1.34838509276322,-0.220639720786863,-0.238504015901951,0.231310775281684,6.52380465399725,0.00019950127438412,0.00333744285694978
"gene-DNAJC6|DNAJC6","DNAJC6",-1.01062044715004,1.44845582653753,2.20469850553463,1.02616791703311,-0.191669734659914,6.52375240154458,0.000199514796363978,0.00333744285694978
"gene-LOC115496343|LOC115496343","LOC115496343",1.51028604513213,0.268923825288968,-0.172150709673246,-0.80337702947777,-0.491128777307416,6.5230085081839,0.000199707404558029,0.00333744285694978
"gene-TIMP2|TIMP2","TIMP2",3.38796621064438,-0.0463616569970045,0.890391491385113,0.503911434584774,0.32954890106211,6.52322901564143,0.00019965029104898,0.00333744285694978
"gene-COX10|COX10","COX10",2.73480679750122,-0.196174888381086,-0.352656475996988,0.0941151412576717,0.264142713908066,6.52416754348474,0.000199407391196015,0.00333744285694978
"gene-GJD3|GJD3","GJD3",-1.29202212347082,0.189898870690014,0.107416274861822,0.459373161559925,1.41198465314819,6.52465556057859,0.000199281207809351,0.00333744285694978
"gene-ATG14|ATG14","ATG14",3.39255349886127,0.348599431919694,-0.131820050732876,0.0396242281522947,-0.237488159141344,6.52208738227248,0.000199946166474482,0.00333782839934478
"gene-HNRNPA2B1|HNRNPA2B1","HNRNPA2B1",7.84952141754558,0.227816468280096,-0.0723816390611933,-0.251034370766687,-0.0599710910642157,6.52013560292511,0.000200453050401916,0.00334268421871729
"gene-LOC115497205|LOC115497205","LOC115497205",4.95529969770564,0.445350303064957,0.139472972000413,-0.00546960293308274,0.0105110077069437,6.51648677342501,0.000201404209281223,0.00335493018151445
"gene-LOC100225363|LOC100225363","LOC100225363",5.06432715153906,0.203465839940967,-0.465518298400728,-0.432792121642497,-0.323253005542853,6.51478118892854,0.000201850402169867,0.00335874728341795
"gene-LOC140683830|LOC140683830","LOC140683830",-0.464090352900845,0.453006834300919,0.673690094467394,-0.170445977263628,-1.26053021215547,6.51122116202192,0.000202785006280179,0.00337067451362596
"gene-ZMYM3|ZMYM3","ZMYM3",3.4416109782203,0.403357523184427,-0.0492573746596121,-0.385232589510643,-0.144892995909274,6.50903061281031,0.000203362294134588,0.00337664324220252
"gene-PPP6R2|PPP6R2","PPP6R2",7.05312257049643,-0.288163242219602,-0.0779053615458665,0.111189334509096,0.27945479923247,6.50778910802401,0.000203690224500696,0.00337846326275269
"gene-LONRF3|LONRF3","LONRF3",8.34174527968993,0.229128975786452,-0.257456482771717,-0.474128571182661,-0.298838425237276,6.50684280805428,0.000203940544568776,0.00337899349807475
"gene-CCNK|CCNK","CCNK",4.40717816162834,0.227997495744377,-0.156749012371783,-0.266034512455287,-0.083520126096186,6.49889195406864,0.000206056271910328,0.00341039658589553
"gene-TWSG1|TWSG1","TWSG1",1.527777795592,0.311029233776316,-0.431097649738997,-0.79141662872062,-0.642734580272561,6.4962688829494,0.000206759210401868,0.00341837476599243
"gene-GTF2A2|GTF2A2","GTF2A2",3.64169870448527,-0.311355875972064,-0.100748392647532,-0.0804162046091728,0.401372337629564,6.49443509712908,0.000207252097037248,0.00342286681072724
"gene-EBAG9|EBAG9","EBAG9",4.66608711902406,-0.232772546024709,0.0762552658378581,0.0405862621559052,0.320323955563337,6.48251487217287,0.000210485598420654,0.00346517514421237
"gene-MOSPD1|MOSPD1","MOSPD1",3.03950516356191,-0.621166342391168,-0.178023523005534,0.108828091383379,-0.126070076635235,6.48350322072672,0.00021021553701199,0.00346517514421237
"gene-NKRF|NKRF","NKRF",7.67639273484431,0.36351689172648,-0.229943996435952,-0.293094991707241,-0.0147056422845937,6.48298621413514,0.000210356762092061,0.00346517514421237
"gene-MAPKAPK3|MAPKAPK3","MAPKAPK3",0.899513161983152,1.1535433977868,1.04641593382617,-0.618540626521948,0.0462656044842664,6.48059888873837,0.000211010147487644,0.00347011905671764
"gene-ALKBH7|ALKBH7","ALKBH7",5.38982562266961,0.168020252939013,0.22651098692916,0.865484590818149,0.878898738885569,6.47841157697043,0.000211610622021835,0.0034762997619829
"gene-BCL9|BCL9","BCL9",-0.207239918599371,0.849952055374161,0.186891575723788,-0.135195021553979,-0.319410825894244,6.47340742422582,0.000212991006466846,0.00349526598629316
"gene-FIS1|FIS1","FIS1",3.68221802665604,0.0549988621355659,0.254473146399663,0.649070740509628,0.746498041418853,6.46846209684483,0.00021436425602648,0.00351407506568832
"gene-PECAM1|PECAM1","PECAM1",4.60359650209987,-0.0241448324967513,-0.276930648007037,-1.00343081667353,-0.0890817963798165,6.46667353829005,0.000214863151667201,0.00351852621380946
"gene-POLR3E|POLR3E","POLR3E",3.05812951634941,-0.149808096333953,-7.31583096609256e-05,0.21347456991402,0.37281608902246,6.46314437951546,0.000215851068415199,0.00353096753036491
"gene-IPO5|IPO5","IPO5",2.46665726306427,-0.548602498374073,0.0411026451454575,0.0744128565340012,-0.164882560613088,6.46124097874786,0.000216385823408258,0.00353597742053093
"gene-ACTR6|ACTR6","ACTR6",1.92653348309336,-0.523591012071836,-0.095805987627499,0.103531182354188,0.135355905326537,6.45876235813347,0.000217084226076382,0.00354364809971731
"gene-LOC115493361|LOC115493361","LOC115493361",3.34348701509911,0.757178983605407,0.03639844038273,-0.639669352268928,0.226702600323594,6.45386901907932,0.000218469834165334,0.0035593609346461
"gene-BRICD5|BRICD5","BRICD5",2.71147533983412,0.540546765198075,-0.195263983773088,0.00899211581920856,0.912390247834343,6.45292982068501,0.000218736817373082,0.0035593609346461
"gene-SUDS3|SUDS3","SUDS3",7.13154947459478,0.0870572981934767,-0.329399010854081,-0.424830616695886,-0.297773934619192,6.45316622161551,0.000218669584807767,0.0035593609346461
"gene-SLC8B1|SLC8B1","SLC8B1",1.28119958172305,0.36337125398853,1.17923443663628,1.13833365601414,1.21473832276892,6.44346537652201,0.000221446033278343,0.00359966109767055
"gene-LOC100189957|LOC100189957","LOC100189957",1.96287606515675,-0.416472007060688,-0.477975920786007,0.409165692811208,0.711887069431326,6.44022535210609,0.000222381399127462,0.00360845305935436
"gene-P3H1|P3H1","P3H1",4.30812481316675,-0.0806846525768696,-0.132379997221436,0.109705808653186,0.517895252663026,6.43917174201496,0.000222686440819607,0.00360845305935436
"gene-ARF3|ARF3","ARF3",0.121407447278851,-0.987191701084959,0.413439743432618,0.247398320555193,-0.500866374478738,6.43968515577413,0.000222537743352503,0.00360845305935436
"gene-SCN2B|SCN2B","SCN2B",-1.68856759419529,-2.3958142445098,-0.496425142762397,-0.396128865798913,-0.457702266634679,6.43250324495486,0.000224627105492149,0.00363609252875629
"gene-FOXRED2|FOXRED2","FOXRED2",-0.614170748772665,0.961557601820584,0.493054696932148,0.370963679769412,-0.180410748677813,6.430737087082,0.000225143997362564,0.00364065136801011
"gene-UBE2R2|UBE2R2","UBE2R2",6.6628948080011,0.280765734583933,0.246465967112387,-0.0622201648586174,-0.457279632788565,6.4289693341858,0.000225662579936565,0.00364522800054107
"gene-BCL2L11|BCL2L11","BCL2L11",-1.16581503725485,-0.914989622179973,-0.611215583110875,0.143906608375457,0.139316187346912,6.42082799225411,0.000228066788819923,0.00368022268716195
"gene-STAT6|STAT6","STAT6",3.12541162892834,-0.286870080070285,0.488127700831255,0.486122953560197,0.161888387584816,6.41414730233888,0.000230059306742395,0.00370850809566517
"gene-SMARCD1|SMARCD1","SMARCD1",5.99970166128826,0.553412138185797,0.104097232185453,-0.161770323410916,0.273412240155805,6.4113094847647,0.000230911091074738,0.00371836538437208
"gene-LOC100220454|LOC100220454","LOC100220454",1.21273216316063,-0.662170922086129,-0.43923433978747,-0.115008711019767,0.0781361377836651,6.41045149150309,0.00023116925924285,0.00371865310476414
"gene-KDM3A|KDM3A","KDM3A",6.91119421167066,0.0417887086921329,-0.554013146923582,-0.550853352564894,-0.261223653121741,6.40941581802398,0.000231481286079548,0.00371980571347975
"gene-LOC140682214|LOC140682214","LOC140682214",4.77442676781405,0.327041985713791,-0.184669958265553,0.0579424771858417,-0.665391461202437,6.3992800989198,0.000234557904291433,0.00376086685346674
"gene-LOC115497435|LOC115497435","LOC115497435",8.59562719258738,0.539366117582762,0.294541906534244,-0.232473042955522,-0.0573271585844672,6.39891722388827,0.000234668827984711,0.00376086685346674
"gene-ENO1|ENO1","ENO1",3.52649548788089,-0.532198972193437,0.64757801771729,0.221488888243595,-0.389182900240054,6.3986008475335,0.000234765581935307,0.00376086685346674
"gene-MTMR9|MTMR9","MTMR9",4.49744953564647,0.290830409958314,-0.0887087738315415,0.00117638707099044,-0.219183577156406,6.39356378986637,0.00023631154371152,0.00377916601665343
"gene-MANEA|MANEA","MANEA",0.241332359226754,-0.92813346692924,-0.106593667370293,0.353583817683053,-0.116272593880466,6.3911391105147,0.000237059446127191,0.00377916601665343
"gene-WRN|WRN","WRN",5.47231504573852,-0.054450106515425,-0.221831634739281,-0.0824063907325767,0.405875148413027,6.39091424264984,0.000237128930673375,0.00377916601665343
"gene-SLC25A14|SLC25A14","SLC25A14",3.63912814008177,-0.180453670669211,-0.0718945072992971,0.141941991314297,0.427782073960949,6.391599628496,0.000236917210583954,0.00377916601665343
"gene-BIN3|BIN3","BIN3",2.70963118575695,-0.159017901172553,0.272512064282978,0.158644068335544,0.391112284112311,6.39176199932489,0.000236867081654671,0.00377916601665343
"gene-FOXE1|FOXE1","FOXE1",2.07144070358331,0.914986978406759,0.400553181553643,-0.334399376314598,-0.521106883853903,6.39008454600033,0.000237385489422215,0.00377936260165512
"gene-AGTR2|AGTR2","AGTR2",-1.76716942015002,-2.88919306321346,-1.25950853427371,-1.73299724733699,-1.49897712140934,6.38537585035917,0.000238846923904641,0.00379280615720237
"gene-GNAI2|GNAI2","GNAI2",5.17652418819127,-0.393326375657537,0.399752055140967,0.222191494297244,-0.319089913656192,6.38499616100092,0.000238965169839891,0.00379280615720237
"gene-DOT1L|DOT1L","DOT1L",7.7370383333525,-0.270274130403819,-0.128383244668413,0.1016275325508,0.248027740333415,6.3859140428056,0.000238679418643694,0.00379280615720237
"gene-GC|GC","GC",2.50395827019823,0.923711739165335,0.480024465388492,-0.0669846613462117,-0.0972591541552683,6.38330492492235,0.000239492599345092,0.00379728276113248
"gene-CAMK1|CAMK1","CAMK1",3.27871447134313,0.563209872422824,-0.33946422367649,-0.176532849346073,0.0167193816323601,6.3782403007236,0.000241079220237057,0.00381852705544366
"gene-MRPS22|MRPS22","MRPS22",1.55482529669048,0.0897206306758032,-0.206356408554123,-0.45534756308884,-0.226004278218356,6.37457087492737,0.000242235503798543,0.00383060489308855
"gene-LOC121468553|LOC121468553","LOC121468553",-2.44587296616805,3.825447844435,3.6820369807343,2.55018559654958,1.39335584715147,6.37425022967823,0.000242336813591838,0.00383060489308855
"gene-CASTOR2|CASTOR2","CASTOR2",5.08401234060873,0.675750272149421,0.102701358828237,-0.0080102805346387,0.238430606511205,6.37065706199009,0.000243475078234113,0.00384075110670021
"gene-LOC115492889|LOC115492889","LOC115492889",2.42951763887778,1.55582617026071,0.985532521342913,0.15818048199024,0.489019713073603,6.37109587580427,0.000243335774283349,0.00384075110670021
"gene-TM9SF2|TM9SF2","TM9SF2",5.24584895264024,-0.294327576618644,-0.0191537912020596,0.0218886656901232,0.147971991513272,6.36720027085995,0.000244575325315124,0.00385025753738713
"gene-ECSIT|ECSIT","ECSIT",1.61032581051845,-0.120516939129497,0.249132069316053,0.595602690049515,0.778861018289273,6.36758589154315,0.000244452335054576,0.00385025753738713
"gene-ILF3|ILF3","ILF3",2.72754642101181,-0.467686525420917,0.293785675089199,0.128611562098202,-0.0153873257265391,6.36037970995881,0.000246761219909559,0.00388072142083376
"gene-RASL11A|RASL11A","RASL11A",3.64254487254867,0.686218446986604,-0.49197812995032,-1.1330291472068,-0.0416520937092297,6.37082155648675,0.000247819170349788,0.00388945401740667
"gene-OPTN|OPTN","OPTN",4.40837809961485,-0.654072295837147,-0.376689314625121,-0.0798917813993727,-0.234737326416724,6.35718357149302,0.00024779243446583,0.00388945401740667
"gene-HEXIM1|HEXIM1","HEXIM1",11.4598166479079,0.32577460611396,0.14533521223562,-0.287361529605059,-0.213294539783879,6.3523106295759,0.000249373187924145,0.00390987850367391
"gene-LOC115494154|LOC115494154","LOC115494154",-1.07681472696237,0.418411630124268,-0.385332861772509,-1.01557199263431,-0.25553977766029,6.34776748177096,0.000250856290574344,0.00392915090752832
"gene-NCOA6|NCOA6","NCOA6",4.76646502517717,-0.462463522591101,0.082709456493002,-0.0103531468728519,-0.0138592911345761,6.34563110514228,0.000251556836593335,0.00393613958168035
"gene-LOC121469416|LOC121469416","LOC121469416",0.0741186529873379,-0.255381446926396,0.269497379974872,0.450805550215199,0.801907242989956,6.34339558108724,0.000252292046595718,0.00394365598087752
"gene-SKA3|SKA3","SKA3",4.24948854919296,0.248437461456651,-0.109128509384959,-0.865251143149526,-0.0551156997112763,6.33754661375581,0.000254226092870045,0.00395378714613332
"gene-LOC140684714|LOC140684714","LOC140684714",4.52339751996642,0.147961380438976,-0.129425143616795,-0.917622618498263,-0.784241381835632,6.33955504987315,0.000253560262870436,0.00395378714613332
"gene-MAPKAPK5|MAPKAPK5","MAPKAPK5",6.50521185915197,0.242580887703874,-0.0559705719587189,-0.336327723535316,0.130809843203135,6.33720405205623,0.000254339836962469,0.00395378714613332
"gene-SLC31A2|SLC31A2","SLC31A2",0.907004658575337,-0.687774640793823,-0.148865120795907,0.226259253607178,0.153243241430786,6.33775908921682,0.000254155568837113,0.00395378714613332
"gene-PPT2|PPT2","PPT2",4.96759315787634,-0.820092870018755,-0.0210073491388192,0.257402811967898,-0.20641074909362,6.33680275482725,0.000254473150083928,0.00395378714613332
"gene-MRPL17|MRPL17","MRPL17",1.7667892238924,-0.368091001976272,0.262836111816554,0.348284857482775,0.273276486531601,6.33686700622799,0.000254451800593416,0.00395378714613332
"gene-BRPF3|BRPF3","BRPF3",9.17123091984586,0.314543326273817,0.164506708276559,-0.13440077924067,-0.106022946661982,6.33597475199303,0.000254748444044991,0.00395409445496112
"gene-YIPF3|YIPF3","YIPF3",2.7912140373785,-0.16082594451276,0.244680761431747,0.404504132688915,0.271333721942494,6.33412423862278,0.000255364808356301,0.00395636649568471
"gene-CUL4B|CUL4B","CUL4B",8.73937511720751,0.228955211647349,-0.0549886428340507,-0.259668331554913,-0.194937039548627,6.33400029082322,0.000255406147282005,0.00395636649568471
"gene-C1GALT1|C1GALT1","C1GALT1",3.17627775537027,-0.337244786197859,0.197232274521542,0.293588791779729,0.158599730500837,6.32742115668516,0.000257610309281489,0.00398651953613105
"gene-TBC1D20|TBC1D20","TBC1D20",5.1151750134834,-0.291100922634836,-0.0931563179305375,0.0580536571453614,0.200956440134632,6.32457211037204,0.000258570860224297,0.0039973866752957
"gene-EIF4G2|EIF4G2","EIF4G2",8.63419070651206,0.0698202676310125,-0.255084380248405,-0.325231872954422,-0.23833852943598,6.32265476341625,0.000259219361015404,0.00399942134767036
"gene-LOC115491172|LOC115491172","LOC115491172",0.666443505368728,-0.568840655063047,-0.246350041051503,0.0125277848959082,0.263627133624552,6.32276534862016,0.00025918191261502,0.00399942134767036
"gene-C14H8orf33|C14H8orf33","C14H8orf33",6.66004497090393,0.0651222572470784,-0.396002362925185,-0.414344656384517,0.12900240198065,6.32173639846574,0.000259530569525604,0.00400023462490908
"gene-UBN1|UBN1","UBN1",5.83052679356643,-0.283984197556072,0.0478266303971644,0.0316663390808527,0.231523708854015,6.31981994409327,0.000260181239818248,0.00400229094054413
"gene-LOC140680315|LOC140680315","LOC140680315",6.55808145040766,0.315767168427619,-0.000984907611176311,0.134000322911596,0.600238605233541,6.3203202499744,0.000260011215612805,0.00400229094054413
"gene-WSB1|WSB1","WSB1",6.24463580213195,-0.627819747974947,-0.281630809067992,-0.142072877763274,0.355992162465868,6.31848702762386,0.000261113277999418,0.00401263950053723
"gene-ELOA|ELOA","ELOA",5.27882822762157,-0.0415979866781226,-0.0408595018385167,-0.100910398444488,0.329083064615848,6.31550029182719,0.000261653991400344,0.00401695983821461
"gene-ATG2B|ATG2B","ATG2B",7.19205274344741,0.212698641944246,-0.276103170056065,-0.365670643208174,-0.171478592655387,6.31401730199525,0.000262161577678767,0.00402076354269467
"gene-DRAP1|DRAP1","DRAP1",4.88113944293875,0.0772154420253885,0.14438970992578,0.559042553256933,0.476833455878042,6.3118390831283,0.000262908956302393,0.00402823376116786
"gene-OSGEP|OSGEP","OSGEP",4.70913510853429,-0.123163713051077,-0.0171903879988378,0.548933056496332,0.473597789874481,6.30874261151815,0.000263975170093862,0.00404056949278191
"gene-USP31|USP31","USP31",4.37321053523795,0.291631301040765,-0.125285172762083,0.209576615181978,0.512828918174456,6.30731901327072,0.000264466849879495,0.00404409535759405
"gene-LOC100217789|LOC100217789","LOC100217789",1.64961905831675,0.445436848566358,0.550241567428978,-0.1272242048571,-0.657053510645584,6.30631906663936,0.000264812772050897,0.00404538760857614
"gene-OS9|OS9","OS9",6.18353442261804,0.0404473865813566,0.0802890035722967,0.411451778705183,0.508087914101886,6.29629719145074,0.000268305527724384,0.00409470221058662
"gene-LOC115494886|LOC115494886","LOC115494886",5.5231967085874,0.0841318969493052,-0.17103325303403,-0.756115699882346,-0.975726105385663,6.31198666524417,0.000268729650713751,0.00409713432984759
"gene-DYNC2H1|DYNC2H1","DYNC2H1",1.12902860415535,0.78074384211584,0.403150320327222,-0.0533383689315563,0.258663957927514,6.28845530576934,0.000271071509610083,0.00412877127088192
"gene-LOC121471105|LOC121471105","LOC121471105",3.26119949615563,0.724534758584892,0.19401720537908,0.321666653545809,-0.0627085929877658,6.28479207969818,0.000272373620114338,0.004140453606355
"gene-LOC140681733|LOC140681733","LOC140681733",0.437249202083973,0.836517423936087,0.753690709611346,0.44596421440397,-0.447571664687452,6.28515496205888,0.000272244345689935,0.004140453606355
"gene-ALG1|ALG1","ALG1",2.15667726121417,0.0751831774526148,-0.00413583514435523,0.470154632783891,0.939706146670121,6.28046422890122,0.000273920257702055,0.00415987830023485
"gene-LOC140683832|LOC140683832","LOC140683832",2.59054970507164,1.11109268840271,0.383372015133932,-0.628049639168548,-0.237662125937105,6.29414148303733,0.000276268740690684,0.00418322775165198
"gene-SEMA4A|SEMA4A","SEMA4A",2.01692611459435,-0.305088444643328,0.548101849789569,0.481863482817084,0.00943891020118337,6.27538924643897,0.00027574539453384,0.00418322775165198
"gene-GNL3L|GNL3L","GNL3L",3.6016025645393,0.211391955909062,0.191700336157921,0.531413823094595,0.958083877331155,6.2741804072366,0.000276181973573828,0.00418322775165198
"gene-LOC140681732|LOC140681732","LOC140681732",3.4351862286005,0.367899382136626,-0.3576737133628,0.0249397266075686,-0.384926752135891,6.2683541096158,0.000278296153380525,0.00420980740328801
"gene-TMOD4|TMOD4","TMOD4",7.24379596745727,0.0751553296438932,-0.155590061767948,0.616588932218128,0.541895325923505,6.26679151317375,0.000278865992665515,0.0042143078481434
"gene-SMARCD3|SMARCD3","SMARCD3",1.36493101431441,0.434035231310501,-0.0467244886861915,-0.216859392743534,-0.231870378496227,6.25941983157074,0.000281570466546291,0.00425102728761352
"gene-ALDOC|ALDOC","ALDOC",4.57572541342831,-0.36081068685338,0.527972178122149,0.256257234833051,-0.376175377229645,6.25737158145531,0.000282326687482644,0.00425828995009153
"gene-UBTF|UBTF","UBTF",3.7767751644078,-0.161543450922272,0.234185969283349,0.442817475076445,0.256696280601496,6.25473334539242,0.000283303808475095,0.00426886702643826
"gene-LOC100222446|LOC100222446","LOC100222446",0.71874704762037,0.489586700342526,-0.292207800488976,-0.547656897303259,-0.684350846408274,6.25360515100903,0.000283722716480304,0.00427102046452597
"gene-CDC34|CDC34","CDC34",5.57771386598149,-0.470060444521944,-0.403180709355158,-0.122682259191601,0.0671701317081119,6.23980105288944,0.000288900116672428,0.0043447320753215
"gene-RPP38|RPP38","RPP38",2.77188244517002,-0.0208849867279413,-0.568967028878503,0.10325663632927,0.593143449480231,6.23317967793467,0.000291417887690054,0.00437834156505202
"gene-LOC100217705|LOC100217705","LOC100217705",-0.610111653860633,-0.524838652689516,1.70127526516718,0.377085064230665,-0.658172568387733,6.23118252163519,0.00029218172015999,0.0043855597667079
"gene-TLK2|TLK2","TLK2",6.97313797628327,0.186018362331247,-0.191329483397526,-0.197502792722717,-0.0490901053286885,6.2224303513411,0.000295553405183343,0.00443186913295759
"gene-SOD2|SOD2","SOD2",8.4651445249692,0.0832373060688258,-0.170491307913794,-0.425622888017609,-0.412309396159014,6.2175309508323,0.000297458271409277,0.00445611495649425
"gene-TXNDC9|TXNDC9","TXNDC9",10.2429715594706,0.252564193845355,-0.161535895468925,-0.584994170575873,-0.273786721135849,6.21618718222567,0.000297982923310111,0.0044596573870638
"gene-LOC115491142|LOC115491142","LOC115491142",-1.41843849502955,0.609496384319069,-0.732065974477566,-2.17449573826638,-0.757013324945066,6.21290600343991,0.000299268002110622,0.00447456264025302
"gene-BCORL1|BCORL1","BCORL1",3.83931718383642,-0.110036230600234,0.349631127528688,0.671351042526012,0.575246062037746,6.2107972021348,0.000300096920971945,0.00448262533980777
"gene-KATNA1|KATNA1","KATNA1",6.83491614655304,-0.293658074527223,-0.00854117617510131,0.158243449603405,0.169246695857339,6.20320713495193,0.00030309996223226,0.0045216479581597
"gene-ACTMAP|ACTMAP","ACTMAP",-1.38887059456866,-0.913677775567918,0.241527715995857,0.201337093817892,0.171644456276899,6.20272003272331,0.000303293737031972,0.0045216479581597
"gene-TNKS2|TNKS2","TNKS2",6.51834956226841,0.11559314018349,-0.343227469322227,-0.439712347415094,-0.426845529478004,6.19483605869911,0.000306447828042861,0.0045642734734969
"gene-VILL|VILL","VILL",-2.57954587125408,-2.75222908689131,0.309568426665256,-0.362209559018331,-0.520238027769553,6.19314647069563,0.000307128142892678,0.00457000770313865
"gene-LOC100225050|LOC100225050","LOC100225050",-2.37888446053859,2.40768771007601,1.91307820119155,-0.702208681685597,1.35478057373903,6.1916704258335,0.000307723743757082,0.00457447159907862
"gene-PDZD11|PDZD11","PDZD11",3.51629976912206,-0.198626384613594,-0.328905730359731,0.0443021183003012,0.340729180416756,6.19078412104941,0.00030808194769252,0.0045754012865084
"gene-DECR1|DECR1","DECR1",-0.472308096061718,-1.51668131842643,-0.115214569673103,0.0843264529474421,0.0324813037893322,6.18712942602119,0.000309563538299245,0.0045899740539128
"gene-DNTTIP1|DNTTIP1","DNTTIP1",0.535971174703942,-0.681930201385906,0.184765403046145,0.0968251421779228,-0.136196784499539,6.18690093977065,0.000309656407902098,0.0045899740539128
"gene-LOC115496564|LOC115496564","LOC115496564",1.93117298180188,0.251739620627134,-0.102426639313631,-0.63891090003591,-0.659456531590624,6.18424009009657,0.000310740035514094,0.00459283863379237
"gene-NR1H3|NR1H3","NR1H3",6.28643645510845,0.360197944626712,-0.165419344657463,-0.168441049802008,0.108845820180489,6.18452342928965,0.000310624460945206,0.00459283863379237
"gene-HINT2|HINT2","HINT2",-1.05462990698198,-0.253723575680605,0.487503918011087,0.527318681202963,0.725275231847637,6.18468982474734,0.000310556608514771,0.00459283863379237
"gene-DKC1|DKC1","DKC1",4.1132105209164,0.0183940147912729,-0.53051983717155,-0.379523392107436,0.413194313411382,6.18310565920397,0.000311203214508194,0.00459529555774265
"gene-NOM1|NOM1","NOM1",2.84262549563944,0.218826263970311,-0.436758105034196,-0.260998327031226,-0.296454893862118,6.18183985359675,0.00031172086982344,0.0045985514399597
"gene-TMEM50B|TMEM50B","TMEM50B",2.0893322891894,-0.31393685129424,0.165756652573695,0.297426942033026,-0.0396541481627213,6.18028075204979,0.000312359685144,0.00459920659143996
"gene-CAST|CAST","CAST",4.42688036960528,-0.448321983579642,0.0338409639149084,0.270992647099193,-0.0998328097130354,6.18074697436424,0.000312168517694791,0.00459920659143996
"gene-GPR137B|GPR137B","GPR137B",-0.861468271137916,-1.76103973110383,0.14912313291983,0.0674324255290267,-0.841197120550719,6.17701561971772,0.000313701877553486,0.00461457847446787
"gene-KCNRG|KCNRG","KCNRG",1.9315712118035,-0.345765215402017,0.25543706604494,0.243811019382659,0.176238437861109,6.17599175261244,0.000314123975656474,0.00461639935734466
"gene-TSR2|TSR2","TSR2",2.1408236041525,0.20282365431641,0.260004895648975,0.583973140329784,0.848155571954547,6.17399289028542,0.000314949705783626,0.00462414297628236
"gene-FOS|FOS","FOS",8.90011095860769,0.663573270642948,-0.0265008913140488,-0.0383494694504041,0.114155849808851,6.17094736373987,0.000316212101126668,0.00463827702837458
"gene-SH3PXD2B|SH3PXD2B","SH3PXD2B",-3.62131725832324,-0.447622582960137,2.49012902833594,2.71741472686393,1.19078216837435,6.16766867846012,0.000317576952614517,0.00465388574025536
"gene-SHPRH|SHPRH","SHPRH",4.39100780122298,-0.289605140059019,-0.14500604317575,0.00861420530621793,0.172172807577603,6.16504434175264,0.000318673770457524,0.0046611309998395
"gene-LOC140684541|LOC140684541","LOC140684541",-3.56342637262754,1.87733351835012,1.27957261656156,-1.32263465890153,0.0514536508664989,6.16564363626994,0.00031842295843263,0.0046611309998395
"gene-RMP64|RMP64","RMP64",0.216808605701821,-0.657516189874189,-0.468091581091079,0.113172610843995,0.229091805808184,6.15825701787678,0.000321528549811711,0.00469844599465178
"gene-PCNP|PCNP","PCNP",6.4407833203435,0.0725740615407151,-0.25267591381974,-0.514766316029048,-0.22826036818977,6.15056852453449,0.00032479411266426,0.00474168763535795
"gene-FKBP4|FKBP4","FKBP4",2.92838738144141,-0.184077214511093,-1.14554151887694,-0.622804632774889,-1.2583160935234,6.14949488004373,0.000325252828508865,0.00474390906802515
"gene-LOC121470096|LOC121470096","LOC121470096",5.16094652042601,0.432993001027077,0.332623230778301,0.00833585305709583,-0.538502094801045,6.14615278356204,0.000326685006735207,0.0047599899568579
"gene-MTA1|MTA1","MTA1",1.89164463561164,-0.661485012284187,-0.344235434153885,0.0454148291761092,-0.301045102692373,6.14548823652762,0.000326970554063971,0.0047599899568579
"gene-LSM4|LSM4","LSM4",1.77076118091781,0.00740375698512508,-0.404602729497818,-0.543254781918291,-0.416954776119662,6.14352946222239,0.000327813706368392,0.00476777923501022
"gene-LOC115497326|LOC115497326","LOC115497326",3.24699165418798,1.1097145434328,0.756021695166154,0.0621102899348696,0.316864774927462,6.14275466256082,0.000328147834042617,0.0047681574946568
"gene-MYH11|MYH11","MYH11",3.69987384329828,1.00719502652781,0.553608407142104,-0.107260158176964,-0.190791997819796,6.15304371543905,0.000329237377604758,0.00477950133061317
"gene-LOC100190031|LOC100190031","LOC100190031",1.73108329108531,0.410882322045342,-0.546354782224879,-0.326872636702765,-0.137818006339294,6.13922424065479,0.000329674740491099,0.00478136514442338
"gene-HYPK|HYPK","HYPK",5.73454915306002,0.1893682486591,-0.288907344247614,0.0955275975633763,0.423286902226152,6.13546300781753,0.000331309501949173,0.00480057541447889
"gene-GOLPH3|GOLPH3","GOLPH3",3.93036737873322,0.21928809093007,-0.032616377729874,-0.0632666301562974,-0.295501151036944,6.13458438542214,0.000331692579560698,0.00480163018587634
"gene-MFN1|MFN1","MFN1",3.97817355328375,-0.213420175980753,-0.219919764304533,-0.0437477964175983,0.291244718121706,6.13195690142723,0.000332840873663946,0.00480925538744123
"gene-ASPSCR1|ASPSCR1","ASPSCR1",4.41820400104251,-0.270345393149737,-0.349866536429417,0.295926777980428,0.013948299685862,6.13215077065644,0.000332756007313823,0.00480925538744123
"gene-DGKK|DGKK","DGKK",5.81038920438965,-0.273534457190461,-0.230727005188368,0.319977785650945,0.622969532236143,6.13110524090472,0.000333213951853368,0.00481015476206239
"gene-MPG|MPG","MPG",3.48744233397921,0.538296527284521,0.363709721320087,-0.0796940657405303,-0.214388958250189,6.12831665840619,0.000334438525457286,0.00481884188217086
"gene-NF2|NF2","NF2",2.87203367389511,-0.244595383545709,-0.074947281951522,0.172770441844978,0.194445169923624,6.12888991713701,0.000334186408714226,0.00481884188217086
"gene-SNX22|SNX22","SNX22",1.38469594496139,-0.481218779748447,0.0347847189182329,0.296353923944044,0.729007812405356,6.12650317051473,0.000335237376764669,0.00482137398274465
"gene-NECAP2|NECAP2","NECAP2",5.60307711018741,-0.186779950980376,-0.294094138021844,0.126278949935399,0.252745630914661,6.12650468537019,0.000335236708645462,0.00482137398274465
"gene-EMILIN1|EMILIN1","EMILIN1",1.16114817433959,1.51780518435315,1.4569184728505,0.836905875181306,0.400105380585857,6.120851455204,0.000337739580804923,0.0048528505227077
"gene-SART1|SART1","SART1",6.03353721298686,0.147326034389112,0.1773018551145,0.387785591083118,0.613818615776073,6.11951818549712,0.000338332654928331,0.0048568625556734
"gene-LOC115496828|LOC115496828","LOC115496828",1.57465922462372,0.401831995405678,0.361377600221435,-0.471532950008324,-0.787813409585903,6.11709684134176,0.000339412470051192,0.004867847983357
"gene-CELF6|CELF6","CELF6",-2.92498883689723,0.852307039906764,2.10161812000989,1.55342339126862,-1.72747789839022,6.11474498138018,0.000340464686567828,0.00487841761540476
"gene-SH3BGRL3|SH3BGRL3","SH3BGRL3",3.59114029169821,-0.648715910509413,0.415750230546319,0.141149225033031,-0.251285787510497,6.10962656276967,0.000342766248527026,0.0049068526327065
"gene-NR3C1|NR3C1","NR3C1",6.02468363860726,-0.32149066656741,-0.393510748211406,-0.016971840539119,0.0646300975591956,6.10356677958572,0.000345511774793004,0.004941584764253
"gene-ATP5MG|ATP5MG","ATP5MG",4.12574407409944,0.131425233010764,-0.127201065181026,0.292437927872081,0.530656461193626,6.09995221629615,0.000347160179654487,0.00496057597428734
"gene-PARD6B|PARD6B","PARD6B",0.736277093759564,0.255183029716961,0.987328190271404,-0.635747947466018,-1.11005213858037,6.09466020423119,0.00034958815746959,0.00499066119634862
"gene-CTSA|CTSA","CTSA",3.8560162058973,0.0472126379182045,0.858208461395824,0.60425191969019,0.046518114648411,6.08822008181082,0.000352566427608483,0.00502853960114403
"gene-LOC100229139|LOC100229139","LOC100229139",2.05097216088381,0.852237750889011,0.387610924626227,-0.334680909989107,-0.155418600082656,6.08707675046506,0.000353097884765001,0.00503148228981435
"gene-RESF1|RESF1","RESF1",9.64910231321797,0.166981964420106,0.060052492351101,-0.323442584774106,-0.335421966218084,6.08344161428136,0.000354793084985258,0.00505098711145066
"gene-N4BP2|N4BP2","N4BP2",4.69899929922969,-0.313100129555578,0.225227327236978,0.280777984442043,0.114994854619617,6.08029670088539,0.000356266417746549,0.00506730038109177
"gene-HPS5|HPS5","HPS5",7.59148239836789,0.412542223872048,0.0931461171501988,-0.349055613714387,-0.21916249646097,6.07941064356706,0.000356682652227463,0.00506856202315885
"gene-TUFM|TUFM","TUFM",2.80392670807867,0.113275351411703,0.613349147757761,0.142485000657788,0.768094251127764,6.07779068212776,0.000357444937171662,0.00507473431443254
"gene-TCEA1|TCEA1","TCEA1",3.57334779156661,-0.248883666815968,0.155678398405749,0.0486806397353137,0.23610469260265,6.07682121561702,0.000357901926781319,0.00507656491011999
"gene-LOC140681138|LOC140681138","LOC140681138",1.96983654585124,0.786202818125782,0.435215917460839,-0.491756160464398,-0.149065317868031,6.06684293100863,0.000362640527574704,0.00513906791595104
"gene-LOC140680416|LOC140680416","LOC140680416",0.266403833869043,0.56435115517966,-0.122639799460218,-0.685759642585876,-0.295681633041069,6.06523977162434,0.000363407839386861,0.00514052679571451
"gene-RNPEP|RNPEP","RNPEP",0.841915814976303,0.102703766312113,1.19486512410016,0.548647755775634,0.0707886239317921,6.0655223292792,0.000363272479371995,0.00514052679571451
"gene-ATF4|ATF4","ATF4",8.87021367553564,0.233751887009982,-0.277574405793493,-0.0769641009757915,-0.08238073266822,6.06153318623048,0.000365188292466971,0.00515770380650273
"gene-SNX19|SNX19","SNX19",5.38016418702836,-0.121420534003984,-0.299172396795014,0.0538138318604817,0.279888521625169,6.06132460953009,0.000365288747782035,0.00515770380650273
"gene-ARSA|ARSA","ARSA",3.35074884835869,0.155217486748463,-0.262321705403824,1.13997912379455,0.558000041098585,6.05966350339819,0.00036608978799722,0.00516430215976023
"gene-IL1R2|IL1R2","IL1R2",-0.678865576718942,0.616682940925588,1.81121195225251,0.55108301438103,-1.79231319311466,6.05874199418761,0.000366534947773124,0.00516587278396093
"gene-FRMD7|FRMD7","FRMD7",2.84879633029894,-0.18847486498204,0.00770770278608257,-0.503722519941072,0.663842246425267,6.05771298464608,0.000367032695370484,0.00516818103808757
"gene-LOC140680267|LOC140680267","LOC140680267",-5.69762881240217,1.10462717635651,3.52255164312348,-0.0926675750636159,0.482953908467925,6.04352040114016,0.000373969100079962,0.00526106529430674
"gene-P4HTM|P4HTM","P4HTM",5.39529029997398,-0.0151059790168677,-0.163383618007427,0.0377120082772455,0.542755571269549,6.03836170055512,0.000376523564274005,0.00529219087841983
"gene-MRPL35|MRPL35","MRPL35",4.34605102673145,-0.322372574126647,-0.49641138069717,-0.0142871081283777,0.215193359301579,6.02942199677362,0.000380992795796718,0.00535014838017623
"gene-AGMAT|AGMAT","AGMAT",-2.61904766708809,0.826582215157767,-0.32588460032721,1.64542605801498,2.5923354573604,6.02815397411704,0.000381631115526904,0.0053542534114042
"gene-GLCCI1|GLCCI1","GLCCI1",3.19278449559157,-0.0437932422536162,-0.300367141439111,-0.191194911130765,-0.541217060077472,6.02556247610075,0.000382939087152522,0.00536395120171719
"gene-MAP1A|MAP1A","MAP1A",0.532288228193529,0.798470433364267,1.14285173587346,0.0336610201197175,-0.347298670562272,6.02541120430266,0.000383015578539418,0.00536395120171719
"gene-NOP2|NOP2","NOP2",2.72873372668454,0.382063517830055,-0.178712786581487,-0.273636283537167,-0.072066600147831,6.01983825440335,0.000385844532257676,0.00539273219402011
"gene-LOC116808100|LOC116808100","LOC116808100",-0.2652397190916,0.651328981154367,0.133094507423333,-0.255308611043043,-1.13068533154269,6.01930540391438,0.00038611614028913,0.00539273219402011
"gene-SAG|SAG","SAG",2.18117532098239,0.317319290978119,-0.610947676211192,0.148066392000981,0.816515916103298,6.02031360131616,0.00038560240087441,0.00539273219402011
"gene-MLLT1|MLLT1","MLLT1",1.63116792669867,-0.584831146478074,0.0821651702148865,0.413617947177044,0.00888664497383651,6.01637286833741,0.000387614448375494,0.00540877690587085
"gene-ATP7A|ATP7A","ATP7A",7.96498368621324,0.455863169553365,0.194073284774471,-0.325825626556215,-0.0865474001919511,6.00931983153446,0.000391242519219318,0.00545448467109815
"gene-LOC100224348|LOC100224348","LOC100224348",-5.20001255528519,3.14051846965022,2.40360555460463,1.9390560587555,0.41770837122553,6.00451383471304,0.000393734673049179,0.00548428808770121
"gene-LOC116806961|LOC116806961","LOC116806961",-1.62249261427749,0.965799835417455,0.840124601419558,-1.59502931430781,-0.966919104183107,6.00306542383142,0.00039448893938287,0.00548985282099812
"gene-SAYSD1|SAYSD1","SAYSD1",-2.06601570688475,-1.1820555519418,0.00715731826144417,1.37074652820756,0.959234608019699,5.99882684734809,0.000396704730570664,0.00551572839674844
"gene-NPHP3|NPHP3","NPHP3",5.1077762709237,0.0677572558844508,0.123978132308047,-0.306019994342415,-0.742443561843537,5.99589023071922,0.000398247388710057,0.00551915921938507
"gene-LOC121469984|LOC121469984","LOC121469984",4.68903168945648,0.0519492536736124,-0.0941390290521911,-0.635954750254291,-0.64898014025585,5.99656047863165,0.000397894753721266,0.00551915921938507
"gene-LOC100232483|LOC100232483","LOC100232483",2.44489602045081,0.485778193022451,0.336471731329674,-0.414587950103485,0.134927901250205,5.9958830050182,0.000398251192088328,0.00551915921938507
"gene-TF|TF","TF",3.29446661759898,0.0536501299565186,1.32599274952577,0.371503574612604,-0.481193798371284,5.99502658053869,0.00039870225083462,0.00551915921938507
"gene-DENND1A|DENND1A","DENND1A",1.81405122695988,-0.429444246097875,0.41680675876845,0.228199964313605,0.18912828662715,5.99496494337757,0.000398734733910986,0.00551915921938507
"gene-CD47|CD47","CD47",8.3055475932454,0.165870740576423,-0.31675616495305,-0.296570590464139,-0.439840656583803,5.99373131982831,0.000399385431045407,0.00552322568849658
"gene-FARSB|FARSB","FARSB",1.47373891110812,-0.301139137596959,0.483660371422576,0.505066623670066,0.230147900488755,5.98919197936853,0.000401789189536234,0.0055465546013142
"gene-LOC105760330|LOC105760330","LOC105760330",6.13635310039498,-0.255878372952815,-0.281249799523065,0.849749062483324,0.473287050313627,5.99532948148196,0.000401728547692257,0.0055465546013142
"gene-EHD4|EHD4","EHD4",8.29932971038481,0.0851338018487535,-0.356376024106886,-0.352831238205864,-0.557493198394332,5.98656132272954,0.000403189018121294,0.00556091805296526
"gene-ING4|ING4","ING4",3.16861977859411,0.0405626949570785,-0.138983199823047,-0.212087392097694,0.488075845083459,5.98335783245602,0.000404900427047411,0.0055795495178617
"gene-SLC3A2|SLC3A2","SLC3A2",7.07405984184818,0.297324217315923,0.211740638960901,0.0973091944392364,-0.226989679730894,5.98199581509864,0.000405630318886489,0.00558463450602173
"gene-KLHL8|KLHL8","KLHL8",0.85799348837428,-0.502246844419524,0.118543783098001,0.43579662802023,0.131655632477154,5.98100231490141,0.000406163577852933,0.00558700565979923
"gene-DNAJB6|DNAJB6","DNAJB6",8.60673138756828,0.12075149385373,0.0614106659272178,-0.336623098536874,-0.490125800426227,5.97695574091324,0.000408343013513874,0.00560008845786274
"gene-LOC115494850|LOC115494850","LOC115494850",2.65484850169915,-0.137599719044406,0.285650269409668,0.218046055215419,0.641495650232781,5.9768200056459,0.000408416326644483,0.00560008845786274
"gene-TRMT2B|TRMT2B","TRMT2B",2.88317047158942,-0.133844336475741,-0.55386630070803,0.055974439251544,0.480670132381761,5.97655002451458,0.000408562188622103,0.00560008845786274
"gene-OSBPL11|OSBPL11","OSBPL11",2.16690903815223,-0.759013399429898,-0.337486860243476,-0.123086289065532,-0.454489160107148,5.9769004031103,0.000408372900854297,0.00560008845786274
"gene-RPAIN|RPAIN","RPAIN",2.42139522226891,0.00890189415249187,-0.093406425574674,0.109258472882241,0.642731878034522,5.97378560415686,0.00041005879539362,0.00561066300505418
"gene-SRM|SRM","SRM",1.59269936474746,-0.207386424737487,0.00907462649625379,0.258961527995405,0.479285726990912,5.97401553256017,0.000409934102039926,0.00561066300505418
"gene-BTBD9|BTBD9","BTBD9",3.02858813797413,-0.43599730425798,-0.184601277487998,-0.0527853735428332,-0.0245884809606376,5.97217105533271,0.000410935484949597,0.00561769136890019
"gene-SUSD1|SUSD1","SUSD1",4.43359016737941,0.306187180697589,0.218288909532464,0.132427200126526,-0.149751598858819,5.96637265881833,0.000414099872313692,0.00565595368407272
"gene-RAB9A|RAB9A","RAB9A",6.58483133697359,0.150262745231098,-0.190455909679369,-0.364905682283676,-0.12906369102934,5.96301081131665,0.000415945995308591,0.00567115795365679
"gene-LOC115490584|LOC115490584","LOC115490584",4.20852512251045,0.194253084956193,-0.286734253030427,-0.35857355160448,-0.241377805782093,5.96305429722185,0.000415922061625047,0.00567115795365679
"gene-RPS6KB1|RPS6KB1","RPS6KB1",6.22466745814353,0.135340386134109,-0.212163961337414,-0.396914235180268,-0.0566356467111584,5.96166015932737,0.000416690068726091,0.00567630177247911
"gene-IDH3B|IDH3B","IDH3B",5.4615204620552,-0.0473856209223857,0.020845402226227,0.214796536857741,0.47396266440964,5.95986018731072,0.000417683796702299,0.00568155296184431
"gene-ITPA|ITPA","ITPA",1.22902292341819,0.0117131267874375,-0.0746507909248091,0.320222839052283,0.669722766096117,5.95912753297982,0.000418088976622526,0.00568155296184431
"gene-NDUFAB1|NDUFAB1","NDUFAB1",5.9263944567353,0.144913163483401,-0.036959584644217,0.132452662664672,0.575017475475553,5.95896849310816,0.000418176983750609,0.00568155296184431
"gene-C2H6orf62|C2H6orf62","C2H6orf62",9.56391870978685,0.101791190921078,-0.198640067284051,-0.173254466162842,-0.317662390411121,5.95712132205428,0.000419200538137434,0.00569046344533052
"gene-LOC115492525|LOC115492525","LOC115492525",-0.609348919342769,0.266344062239561,1.00065423501904,1.37723278733751,2.00626188044994,5.95609698382145,0.000419769252612989,0.00569318946904995
"gene-NDFIP1|NDFIP1","NDFIP1",2.19830347687891,-0.669804345018936,-0.0687197889444016,0.00178480266543879,-0.169124228848487,5.954559402961,0.000420624407489317,0.0056997922118189
"gene-STIL|STIL","STIL",5.73892180874957,0.19853091236548,-0.121854840118695,-0.612564405604991,-0.84194683456301,5.96714284720795,0.000422216077666171,0.00570953589661843
"gene-LOC140680465|LOC140680465","LOC140680465",-5.14900370010755,0.0218397626460343,-1.50600783705833,0.56657885589413,-2.57591212895285,5.95242190729844,0.000421816188546889,0.00570953589661843
"gene-C26H1orf162|C26H1orf162","C26H1orf162",1.95577813539091,0.884970183207112,0.0863361976812891,-0.120351679376147,0.100095434008438,5.95128711032645,0.000422450313513932,0.00570953589661843
"gene-LOC115496849|LOC115496849","LOC115496849",-0.526249151112368,1.28696637595031,0.806648400541194,0.951998683064022,0.3085040721544,5.95014239720817,0.000423090971131503,0.00571165187314792
"gene-GALNT6|GALNT6","GALNT6",-0.14391147504034,-1.87943714482145,-0.482170717806255,-0.258642328134748,-0.642641214962531,5.94968890156133,0.000423345053214906,0.00571165187314792
"gene-INTS13|INTS13","INTS13",7.02055224718534,0.102402035266661,-0.391216909601636,-0.396042077736765,-0.146274746723741,5.94529923684514,0.000425812581770827,0.00573960360934712
"gene-LOC140680662|LOC140680662","LOC140680662",0.884860277193475,1.08664821680363,1.1124226222201,0.424528595386972,-0.094287411135151,5.94468574415496,0.000426158613708552,0.00573960360934712
"gene-MPP2|MPP2","MPP2",-2.5187913542901,2.96474643879583,3.28698882219464,2.87330289639489,1.98620031802427,5.94322914556184,0.000426981344455546,0.00574069183792317
"gene-DDX39B|DDX39B","DDX39B",6.80071181613751,0.013677788840269,-0.101713247734403,0.210236389181461,0.3870577399644,5.94382862952732,0.000426642540605083,0.00574069183792317
"gene-EP300|EP300","EP300",9.33275682900644,0.320295433187912,-0.122290997865548,-0.252271101631921,-0.00387794497905425,5.94179922746539,0.000427790591263589,0.00574657934010767
"gene-GP1BB|GP1BB","GP1BB",7.94090702716603,0.317699985326603,-0.0335209128788501,-0.261023659821113,-0.26831513634374,5.93832405645217,0.000429763896424083,0.00576308171331255
"gene-FASN|FASN","FASN",3.27154776986661,-0.580547506581627,0.314119656543584,0.0269923263964498,-0.370796953582762,5.93890060782607,0.000429435868092479,0.00576308171331255
"gene-LOC140682499|LOC140682499","LOC140682499",1.51433127880588,-0.319722603820213,-0.433937050447073,-0.993453592919431,-1.08428917057373,5.93686002971836,0.000430598009286099,0.00576926770017522
"gene-PREB|PREB","PREB",2.07895519281995,-0.50383236789578,-0.0452226218757561,0.312257791531959,0.221761667635753,5.93460822639888,0.000431884194105121,0.00578149472645047
"gene-VAMP3|VAMP3","VAMP3",4.56540585745121,-0.212057235786296,0.125706296508389,0.42073903753051,0.176296207307232,5.93394041597827,0.000432266391702806,0.00578160969023416
"gene-THNSL1|THNSL1","THNSL1",5.25337233100577,-0.685287384870109,0.248590592413809,-0.000686534156634444,-0.458128329791779,5.92518076346205,0.000437311934907296,0.00584404334429223
"gene-LOC115497667|LOC115497667","LOC115497667",-0.728727526394062,0.296795258123917,-0.885783771333507,0.0675923750098114,-0.726343925955254,5.92149115570483,0.000439455198942952,0.00586761794964813
"gene-YARS1|YARS1","YARS1",3.9779703147809,0.348117582485862,0.591140748704986,0.682991114366232,0.858419260314455,5.92023926489848,0.000440184859845499,0.00587229371216302
"gene-MLLT10|MLLT10","MLLT10",6.85794326741592,-0.529112600629876,-0.528802147523703,-0.175475128425699,0.0151054034569311,5.9178388268498,0.000441587428502273,0.00588593062538559
"gene-LOC140685091|LOC140685091","LOC140685091",0.682035401097727,0.607913376014536,0.745860439257765,-0.554982876303968,-0.786314277130849,5.91626938017671,0.000442506930784458,0.00588973066946689
"gene-RAC3|RAC3","RAC3",3.16779419627984,-0.31709882456467,-0.409021829804253,-0.213466980861467,0.0526556388215096,5.91605323878992,0.000442633716871728,0.00588973066946689
"gene-SLC1A6|SLC1A6","SLC1A6",-4.23479340754964,0.643927997128622,3.25909240764304,-0.11108326527462,-1.06665700000877,5.91509172053586,0.000443198184633977,0.00589217517801614
"gene-PTPN4|PTPN4","PTPN4",7.06423407590755,-0.460033826050383,-0.244589314514672,-0.0473734630647256,0.0557026754867804,5.91211456538174,0.000444950640123686,0.0059103958419863
"gene-SLC30A1|SLC30A1","SLC30A1",6.07291869777393,-0.16263558049216,-0.126546048331236,0.416732741592174,0.146800930860832,5.9086125578703,0.000447021148973378,0.00593280641540568
"gene-DGAT1|DGAT1","DGAT1",4.90555045179945,0.932043350299517,0.85488273471719,0.33755928727674,0.385504892979469,5.9067934005124,0.00044810059853455,0.00593694928281006
"gene-UBE3B|UBE3B","UBE3B",2.26642838536961,-0.564672648841305,0.0627385772118494,0.350722455722408,-0.0501216723693689,5.90693530022359,0.000448016302113821,0.00593694928281006
"gene-RALGPS2|RALGPS2","RALGPS2",4.80899003775443,-0.510295023060531,-0.0551569506222842,0.359411275052669,-0.151868781651753,5.90176190364438,0.000451100138017868,0.00596647404771496
"gene-LOC100227800|LOC100227800","LOC100227800",2.25417149950713,0.860579856638228,0.569977489118117,0.000694651380949152,0.330452458676822,5.90206728273291,0.000450917499396773,0.00596647404771496
"gene-LOC115496312|LOC115496312","LOC115496312",1.54759070596635,0.0949500435932571,-0.0880994531749579,-0.79773694377871,-0.348490898501743,5.90091337991973,0.000451608014837377,0.00596809054620702
"gene-LOC140684268|LOC140684268","LOC140684268",-4.08113330432363,1.90254618384179,3.12603332464247,0.73155564449434,-0.190466379243603,5.8970817247912,0.000453908739585229,0.00599337691559848
"gene-MAP1S|MAP1S","MAP1S",2.22389794709463,-0.547658589860491,0.29007115076537,0.138524478154353,-0.133611651783023,5.89195962790717,0.000457003117033221,0.00602909056785089
"gene-RPIA|RPIA","RPIA",3.8532005197762,-0.284488081728957,-0.139964309684375,0.113552049652444,0.460227854819761,5.89119665744713,0.000457465894556945,0.00603005512629363
"gene-LOC140685061|LOC140685061","LOC140685061",4.05067118646572,0.488829814306441,0.497739313751175,0.152511169507433,-0.452509212850543,5.88882320962501,0.000458908580317093,0.00604392364289959
"gene-HYOU1|HYOU1","HYOU1",6.29874931257488,0.342186526014115,-0.0874694204791746,-0.400659435333307,0.262481895693939,5.88724807306732,0.000459868594634683,0.00605141709351337
"gene-LOC115493340|LOC115493340","LOC115493340",6.0994150440166,0.532967966222512,-0.121232572638524,-0.418276616982146,-0.249449959135918,5.88572144533115,0.000460801010921385,0.00605853495667667
"gene-TCERG1|TCERG1","TCERG1",5.00686905088195,-0.0863142883666246,0.0488817989132215,0.0969712928494317,0.4074938115441,5.88434626142387,0.000461642591282553,0.00606444745339347
"gene-LOC100218250|LOC100218250","LOC100218250",-3.46094857256422,1.77491587091124,1.46183422267579,2.71756032809227,-0.607803867111196,5.88029458072691,0.000464131307993954,0.00608165282913331
"gene-COA8|COA8","COA8",5.1539884276046,-0.0360526780969934,-0.304959654188795,0.262854780573635,0.283272821522804,5.88035577773436,0.000464093615913455,0.00608165282913331
"gene-CNBP|CNBP","CNBP",8.1585771848997,0.282496231149437,-0.242223044238759,-0.416490951473157,0.0845904958388388,5.88030940402497,0.000464122177831992,0.00608165282913331
"gene-TMEM50A|TMEM50A","TMEM50A",4.78649843558217,0.306235452552212,-0.130472993813318,-0.513947482283356,-0.143888997213047,5.8788381352543,0.000465029280644459,0.00608826405919882
"gene-LOC140684767|LOC140684767","LOC140684767",-4.98748443822571,0.502147975846997,1.31790077282179,-1.75273257836335,-1.59515436923267,5.87672301933048,0.000466336533388791,0.00610021796634957
"gene-CCN5|CCN5","CCN5",-4.68316386625937,-2.6588961481468,-0.716301423772006,-0.445732851475695,-1.00722157363449,5.87574527059132,0.000466942107659089,0.0061029806723179
"gene-SYNM|SYNM","SYNM",11.1357988919812,0.413654489797151,0.146543595299095,-0.235334990297654,-0.242335552567157,5.87440505341892,0.000467773490491661,0.00610868756570334
"gene-RABGEF1|RABGEF1","RABGEF1",4.89689674998644,-0.423168444268656,-0.195242550875223,-0.02488912660269,-0.00233755925534229,5.8703164509278,0.000470319191054228,0.00613675335713674
"gene-CEP41|CEP41","CEP41",-0.313623085271816,0.79823518746057,0.815860669684355,0.351882449873719,-0.422646648795117,5.86897766776983,0.000471155848955843,0.00614249095416316
"gene-ZMAT3|ZMAT3","ZMAT3",6.96669087423354,0.0945909378150995,-0.0427976111774129,-0.330012313668603,-0.314200891047437,5.86486690008458,0.000473734387287311,0.00617090879063228
"gene-NUP107|NUP107","NUP107",2.96626306170245,-0.630980465381752,-0.509168600426779,-0.144931234213463,-0.244557576412578,5.85084058270482,0.000482642139045267,0.00627858042968634
"gene-USP37|USP37","USP37",4.52348887009416,-0.211915090418322,-0.339433359604446,-0.118046331084408,0.161164996881522,5.85057620763998,0.000482811677630161,0.00627858042968634
"gene-CEBPB|CEBPB","CEBPB",2.78398160260564,0.147543028330781,1.3540245704128,0.544269823574774,-0.221141329223832,5.84905135397345,0.000483790730247715,0.00628602984935633
"gene-DYM|DYM","DYM",4.02486787741457,-0.489643601011401,-0.484822355274635,-0.0775846064173589,-0.0890699363331189,5.84718295380559,0.000484993139920367,0.00629636647673462
"gene-MICU2|MICU2","MICU2",4.35784302849409,-1.15152534108157,-0.6398044331939,-0.267132340488121,-0.520659959772598,5.84548995813675,0.000486085316578257,0.00629997510389324
"gene-LOC115493837|LOC115493837","LOC115493837",0.931956652194781,0.766469522646741,0.751440848614433,-0.0665311641427113,-0.713012005313978,5.84571824338095,0.000485937899264164,0.00629997510389324
"gene-ZBTB34|ZBTB34","ZBTB34",5.16233024531034,-0.314543998507716,-0.206841752627989,0.10514071079021,0.0989243368911126,5.84294046510788,0.000487734797303103,0.00631606358850671
"gene-LOC115495975|LOC115495975","LOC115495975",3.00513896974881,0.408178262122225,-0.0544225854374836,-0.549016572981907,-0.529113367253044,5.84055392614691,0.000489284054918706,0.0063308283861764
"gene-YEATS2|YEATS2","YEATS2",5.09448183009606,-0.117614594969719,-0.102130616191204,0.0269223352286208,0.345412103619799,5.83771775095609,0.000491131769951129,0.00634942701753862
"gene-IKBKE|IKBKE","IKBKE",0.654194608950826,-1.43946644822256,0.593682532216723,0.138896603742914,-0.386581679024459,5.83703090110274,0.000491580315893303,0.00634992102541641
"gene-LOC115490872|LOC115490872","LOC115490872",1.4096173954683,0.658103248413666,-0.106874490462118,-0.275716276261088,0.247628550383141,5.83589630816724,0.000492322180618682,0.00635419995419024
"gene-PPP4R3A|PPP4R3A","PPP4R3A",7.03940008727626,0.186710289043504,-0.106071645545764,-0.239250442978079,-0.223265734602995,5.83397358257485,0.000493581998082536,0.00636414283894806
"gene-LOC121471059|LOC121471059","LOC121471059",3.4820504923426,0.659531452440627,0.314984592032495,-0.168558763067881,0.169423182326601,5.8334661076557,0.00049391505974647,0.00636414283894806
"gene-TRAF3IP1|TRAF3IP1","TRAF3IP1",2.60439856608931,0.679936688663863,-0.0396408718717458,-0.408544022146994,0.452390365841727,5.8306254018372,0.000495783711736301,0.0063829059393671
"gene-AMIGO3|AMIGO3","AMIGO3",3.52959162027554,0.793249498736965,0.0665932564225735,-0.353138701059258,0.554996535389681,5.82642146510104,0.000498562437476314,0.00640825504232439
"gene-SEPTIN12|SEPTIN12","SEPTIN12",3.86433458443692,-0.357211130295748,0.509826372549411,0.235810329635663,-0.515631305056308,5.82639364837185,0.000498580876960165,0.00640825504232439
"gene-VASH1|VASH1","VASH1",10.3708324525169,0.245768492292145,0.0977704491829279,-0.163716468667701,-0.232225882153617,5.82468114164324,0.000499717432696694,0.00641753300496376
"gene-MTHFD1L|MTHFD1L","MTHFD1L",0.228171695153171,-1.36438467072861,-0.643923337653091,-0.13288054235504,-0.451552689389771,5.822036608377,0.000501477781252976,0.00643236840641697
"gene-TMCC1|TMCC1","TMCC1",7.25893814506316,0.1127732230596,-0.288199985629826,-0.246407595408681,-0.149483170224898,5.82169752690279,0.000501703952603896,0.00643236840641697
"gene-LOC140682086|LOC140682086","LOC140682086",1.89193693156418,0.555562200098389,0.444873639995367,-0.113846126362593,-0.1410998996323,5.81833332100624,0.000503953597321912,0.00645586251536142
"gene-NCOA5|NCOA5","NCOA5",4.51081084809642,0.15455416302212,-0.103052251237753,0.0722874065230164,0.424477383552081,5.81759935305596,0.000504445775829732,0.00645682248218785
"gene-EIF4G1|EIF4G1","EIF4G1",7.50239598726967,0.000840836995664063,-0.107456423347443,0.22899406163572,0.359205622657663,5.81550018157486,0.00050585614656719,0.00646952385795642
"gene-AKAP1|AKAP1","AKAP1",4.01290968637174,0.504118482757653,-0.0305159235386845,0.00661927244184701,0.314864680861995,5.81420551030413,0.000506728014508854,0.00647532289390959
"gene-LOC105759491|LOC105759491","LOC105759491",-0.0501917010384445,-0.995130603608801,0.0663500731617007,-0.130619373887311,0.185268841345726,5.81358380601274,0.000507147235527794,0.0064753328958685
"gene-DHPS|DHPS","DHPS",3.773333367361,0.512145541362484,0.410854431942906,0.519824722396653,0.826620082009264,5.81271255520906,0.000507735327059584,0.00647749726813443
"gene-TMEM185A|TMEM185A","TMEM185A",5.86129307830556,0.169390209422646,-0.189470803810426,-0.422412445239558,-0.116767110787766,5.81000215760919,0.000509569315823512,0.00649553967246199
"gene-MCUB|MCUB","MCUB",3.25179077752753,-0.483286767469175,-0.308354003696933,0.364220111523133,-0.131101141101814,5.80932366086576,0.0005100294831937,0.00649605452874281
"gene-GPR162|GPR162","GPR162",-0.607711866272191,-1.86520417217004,-0.223313447277751,-0.034763717200431,-0.392913637193331,5.80554164876266,0.000512602329413242,0.0065129685967279
"gene-FANCE|FANCE","FANCE",1.37787459460212,-0.620529930407746,0.0491956260984721,0.059999253162885,0.239029055444438,5.80663444287275,0.000511857552660489,0.0065129685967279
"gene-ZC3H4|ZC3H4","ZC3H4",5.52951014162464,0.642325847819379,0.298483645931946,0.102985548601423,-0.072568875735163,5.80551562239697,0.000512620080828082,0.0065129685967279
"gene-TRAF7|TRAF7","TRAF7",4.50711865945467,-0.0423416977865303,0.143300578035179,0.129747975774531,0.442371049098276,5.8045130168496,0.000513304393479638,0.00651631295249991
"gene-SRF|SRF","SRF",5.31266740865644,0.396537944668834,-0.0890387445846921,-0.146632062158375,-0.185848505146398,5.80170323212056,0.000515227167103563,0.00653536099256364
"gene-YY1|YY1","YY1",8.09692757006683,0.228638003757801,-0.121236785051907,-0.180094350348143,-0.1460122638288,5.80026360983666,0.000516215182091788,0.00654253066574154
"gene-VPS16|VPS16","VPS16",4.45723579676932,-0.0147128567970327,0.0765078842312192,0.431892381620877,0.612140305354696,5.7979930040782,0.000517777455602042,0.00655696082278364
"gene-VASP|VASP","VASP",2.62559641690459,-0.108315830389423,0.428400481951243,0.718440376645297,0.538988387439125,5.7966023846717,0.000518736655882027,0.00656373650840095
"gene-LOC100220453|LOC100220453","LOC100220453",4.24276248840313,0.684970325072636,0.199337871342932,-0.246511539204498,-0.401276405453432,5.80148688513896,0.000520285177643391,0.00657795189871853
"gene-GLCE|GLCE","GLCE",2.01358206503958,0.2846959228715,0.511576098253476,0.118260676071277,-0.496556023258938,5.79195027228374,0.000521958793529097,0.00659372435090839
"gene-LOC105758914|LOC105758914","LOC105758914",-1.44807681948622,-2.04443787382999,-0.168401756888471,0.0653961686497463,-0.61956285655901,5.78833180842213,0.000524479202806559,0.00662015959496859
"gene-LOC100220664|LOC100220664","LOC100220664",-0.0777697304250751,-1.24420964052761,0.15600920635115,-0.0941530225523842,-0.12458761262027,5.78385240734552,0.000527616598845266,0.00665433322504522
"gene-CFAP418|CFAP418","CFAP418",-2.53026398009533,-2.21393735675072,-0.229883455029962,-0.120534058762714,-0.136412260788061,5.78078778638698,0.000529774164869329,0.00667610358416358
"gene-NDUFA2|NDUFA2","NDUFA2",5.78996578378133,0.0833923295416987,-0.13300415739419,0.231584955478463,0.464570479607938,5.77509599790286,0.000533805373124544,0.00672143055256495
"gene-ELP3|ELP3","ELP3",2.98161331479817,-0.394498126300995,-0.152329848387445,0.205266050178568,0.15571544815236,5.77161497145337,0.000536286308322917,0.00673829991243051
"gene-SYTL1|SYTL1","SYTL1",2.71243733241216,-0.762591120041114,0.493762432848737,0.273688701182152,-0.0231669419602953,5.7713839093003,0.000536451404983159,0.00673829991243051
"gene-GRIN3B|GRIN3B","GRIN3B",1.66114664227992,1.21422136093596,0.436695016108989,0.220198844879963,0.286667450234882,5.77221948474363,0.000535854622961629,0.00673829991243051
"gene-GPX4|GPX4","GPX4",2.28898892370134,-0.267887873477629,0.459103910017052,0.211248960676624,0.383278374880897,5.77055353734114,0.000537045146240213,0.00674028681108459
"gene-LOC116808554|LOC116808554","LOC116808554",4.01578371557104,0.0436543914935696,0.192833412318009,0.688467892678355,0.483610473489658,5.76970096277986,0.00053765546465375,0.00674247837562137
"gene-LOC140685228|LOC140685228","LOC140685228",7.77503391530395,0.314898848969095,0.0114846837507017,0.00850557498794924,-0.176573329686697,5.76295080281287,0.000542512783455276,0.00679788285341733
"gene-FZD4|FZD4","FZD4",-0.422073510585998,-1.0397812368592,0.602843410849927,-0.193300890792484,-0.878080630367265,5.76183754353901,0.000543318183956625,0.00680246674492619
"gene-C3|C3","C3",1.66417095978774,-0.351062459323651,1.18858562661727,0.702941100573373,-0.43713260617866,5.75970418463734,0.000544865017515582,0.00681631863060115
"gene-SNIP1|SNIP1","SNIP1",7.78906439853126,0.49115997980482,-0.342540370013244,-0.244070611395761,0.102910164306116,5.75770782385602,0.000546316610711439,0.00682895763389299
"gene-DYRK2|DYRK2","DYRK2",0.319846674948195,-1.24809315834813,-0.225952374897954,-0.404912277688155,-0.726889174526957,5.7555053785572,0.000547922656435991,0.00683247631615388
"gene-DPH2|DPH2","DPH2",2.4703424868024,0.897675239548052,0.802995169990498,0.402469524420553,0.301684392383158,5.75555644776096,0.000547885361438268,0.00683247631615388
"gene-IL1RAP|IL1RAP","IL1RAP",0.500294376598864,0.251604917248515,1.09677813782212,0.640152502939418,-0.217673644992208,5.75576179386682,0.00054773542685302,0.00683247631615388
"gene-CPNE3|CPNE3","CPNE3",6.02081950344092,-0.538592597791982,-0.435968649571561,0.159013152597149,-0.0733208009678616,5.75337587214252,0.000549480121069363,0.0068408727864428
"gene-MGMT|MGMT","MGMT",-3.4356998298641,-0.329795448142704,2.52053607422382,1.95243165545315,1.48514402623821,5.75338424363814,0.000549473989493679,0.0068408727864428
"gene-MIEF2|MIEF2","MIEF2",2.91703046365979,-0.0282376992582276,0.0857093050357487,0.192855284809779,0.448817116634316,5.75255209252434,0.000550083829513743,0.00684288365090448
"gene-TRIM66|TRIM66","TRIM66",0.337563627770706,0.251569571404318,-0.322604950353514,-0.75897452165689,-0.702205069222046,5.7512412208842,0.000551045907796332,0.00684513381009124
"gene-EIF4A1|EIF4A1","EIF4A1",3.49409721062964,0.277450803516024,-0.26261455411637,-0.203921723855006,-0.352352082466101,5.7511003692702,0.000551149384644503,0.00684513381009124
"gene-XPO7|XPO7","XPO7",6.43739128106639,0.0469743516735415,0.0519267486982127,0.243061444105093,0.441382588350058,5.74966679862274,0.000552203694263701,0.00685272828286349
"gene-GBE1|GBE1","GBE1",-0.930282419504439,-0.96109004176311,-0.145022667876018,0.460126231473284,-0.372545052077903,5.74100303497339,0.000558619594215903,0.00692679344590633
"gene-PLD6|PLD6","PLD6",2.31443373041649,-0.115660688078322,-0.703849947782308,-0.917256797454073,0.326447339716018,5.7325055061637,0.00056498670451388,0.00699453540188183
"gene-UBA1|UBA1","UBA1",7.16960888950639,-0.084938415548887,0.147497202730577,0.238737931175288,0.443629784804448,5.73301544227693,0.000564602522792976,0.00699453540188183
"gene-DONSON|DONSON","DONSON",0.81652562030897,1.14156217277105,0.0843908892611909,-0.338112331597322,0.298428862275958,5.73040813498735,0.00056656966930133,0.00700852568540215
"gene-VPS4A|VPS4A","VPS4A",5.82503925928599,-0.133864495931731,0.00845601970283916,0.0408692587445039,0.189105984249328,5.72195725797404,0.000572994109916158,0.00707668304146252
"gene-PSMB3|PSMB3","PSMB3",3.09879862571809,-0.134566984064756,0.331276548243674,0.341031110073679,0.470071718161687,5.72231460762462,0.000572720941538983,0.00707668304146252
"gene-SURF2|SURF2","SURF2",4.18063533789092,-0.163551531930935,-0.817062315734073,-0.0331011181226222,0.227567293176965,5.71787126697843,0.000576127078682724,0.00710970218709342
"gene-GPAT4|GPAT4","GPAT4",4.46671965575194,0.603067282160588,0.537006934988644,0.164187356779444,0.201154690286006,5.71494028602854,0.000578385254447265,0.00713188192236767
"gene-LRRC72|LRRC72","LRRC72",-1.61139406169227,0.44522296181591,-0.230999614662087,-0.882259448802856,-1.08024565387068,5.71242701926559,0.000580328833297157,0.00715015023509037
"gene-SKIDA1|SKIDA1","SKIDA1",-0.154610070840659,-0.396293189072138,0.368054249773339,0.610166613482877,0.552461955276899,5.70966974505206,0.000582468819487348,0.00717080746345801
"gene-BEST1|BEST1","BEST1",8.60254337866083,0.783559663229292,0.231360044013204,-0.0657006446392234,-0.136481751677305,5.7176174875338,0.000585387004610348,0.0072010046870788
"gene-G6PD|G6PD","G6PD",2.40721920649343,0.360058024878179,1.00047743095694,0.563850986048576,0.286730357107131,5.70212318349095,0.000588367385653004,0.00722710205431286
"gene-LOC140681411|LOC140681411","LOC140681411",-0.00217531752995285,-0.60077729006281,0.670772891208939,0.400982094139958,0.149522927975861,5.70202751020221,0.000588442558218688,0.00722710205431286
"gene-SH3BP5|SH3BP5","SH3BP5",7.62552201050901,-0.15077969844068,-0.389519789222068,-0.471897092135808,-0.765104214234182,5.70138980684808,0.00058894386728076,0.00722752287563026
"gene-GGA3|GGA3","GGA3",4.73004926284063,-0.233090611104812,-0.256690824585733,-0.236370983808309,0.0601286071878109,5.70072206451153,0.000589469260093454,0.00722823835177987
"gene-FRS2|FRS2","FRS2",4.74610959562345,-0.316151597874542,0.0875686216790523,0.167931761010961,0.0454311258206133,5.69830120013915,0.000591378079008511,0.00724590322458963
"gene-B3GNT5|B3GNT5","B3GNT5",8.74061307734938,0.147953964343063,0.0417302834494429,-0.232521999984678,-0.523980512993237,5.69655261929627,0.000592760754871089,0.00725709864053014
"gene-MAU2|MAU2","MAU2",7.47306795585637,0.256425395042556,-0.0868103143233716,-0.0632448964351005,0.067002850884669,5.69552162174613,0.000593577561501828,0.00726135396382671
"gene-ACTR1A|ACTR1A","ACTR1A",5.63655338726184,-0.252242903491813,0.119311478135637,0.0611964308666337,0.021039268490699,5.69460869267436,0.000594301792419477,0.00726447096184156
"gene-HOXA7|HOXA7","HOXA7",5.3569444942697,1.02081454804203,0.239455356620677,0.704096283592325,0.0065382514049448,5.71009971520714,0.000596462667238149,0.00728513005170509
"gene-LOC121470314|LOC121470314","LOC121470314",-1.36246045183348,2.20027528449176,1.6492361846444,1.4766400930534,1.55272179935442,5.68933703738658,0.000598501589361639,0.00730426821401527
"gene-LOC100220727|LOC100220727","LOC100220727",-0.67717019723993,0.64634108301295,0.176159616196827,-0.648818517101034,-0.3151632082337,5.6851438635724,0.000601863921191653,0.00732393338359379
"gene-LOC105758586|LOC105758586","LOC105758586",0.849784485203535,-0.712409807979268,1.07507469425012,0.333036459842744,-0.0481518644588469,5.68653404942694,0.000600747046909915,0.00732393338359379
"gene-FBXW4|FBXW4","FBXW4",2.58745052471044,-0.112055628800747,0.323626995125802,0.611576269631541,0.290084027481535,5.68451947358931,0.000602366248660241,0.00732393338359379
"gene-PDE4DIP|PDE4DIP","PDE4DIP",5.04881675487849,0.643456789909474,0.114579986444336,-0.396639993347258,0.191466414314636,5.68437902270705,0.000602479301926649,0.00732393338359379
"gene-MAP3K3|MAP3K3","MAP3K3",3.5530501814641,-0.452511232146594,-0.014101070051213,0.0609861373576912,-0.13924536921406,5.68458289458964,0.000602315206264849,0.00732393338359379
"gene-LOC101232863|LOC101232863","LOC101232863",0.3915216801878,-0.0440160887358662,1.24827429592976,-0.0463262153453652,-0.490358864674327,5.67744441647571,0.000608088336996306,0.00738631633831856
"gene-CNOT9|CNOT9","CNOT9",4.97545252997401,-0.087529924549024,0.0951147201761167,0.0770322659000993,0.294282385029171,5.67654406071931,0.000608820506040541,0.0073894096713548
"gene-SLC25A39|SLC25A39","SLC25A39",7.58155457486412,-0.339516546161814,0.123726689550167,0.377219326540139,0.354693822117738,5.6758982503469,0.000609346235794613,0.00738999451326147
"gene-ASAP1|ASAP1","ASAP1",4.04364028168888,-0.569258291038086,-0.465398702924835,-0.109742700974536,-0.297225001142702,5.67453987716304,0.000610453556469537,0.00739541857175533
"gene-JUND|JUND","JUND",7.77501955710653,0.734854149705959,0.182238410595357,-0.0946893756844487,-0.256836118039263,5.69118038346569,0.000611080199759505,0.00739541857175533
"gene-TIMM50|TIMM50","TIMM50",4.81277892005129,-0.12362845130422,-0.200474617133378,0.320732073120193,0.45835624583792,5.67359237655668,0.000611227163378033,0.00739541857175533
"gene-SP7|SP7","SP7",-1.80251368177753,1.98261681900463,2.66349208629579,1.17839095490012,0.457951138004439,5.67236478415851,0.000612230953007862,0.00740177656077864
"gene-CNOT6L|CNOT6L","CNOT6L",6.58214371013169,-0.412067562603655,-0.248001155264598,-0.00278351651156594,0.0642746711982811,5.67133440250229,0.000613074790795678,0.00740619234001805
"gene-EXOC5|EXOC5","EXOC5",4.69962595359308,-0.552357938356355,-0.0424823156926317,0.10934049828752,-0.135183898074745,5.66936860497917,0.000614688004624083,0.00741988835534921
"gene-UBE4B|UBE4B","UBE4B",6.03116039285795,0.295722553831768,-0.0482640652460615,-0.0772467612017049,0.012859483697329,5.66854384603929,0.000615366131700296,0.00742228440223077
"gene-LOC115493072|LOC115493072","LOC115493072",2.25057777051753,0.769868654299255,0.306207925756827,-0.233584960660418,-0.0388362152491686,5.6673620160027,0.000616339185102778,0.00742245049763851
"gene-LOC115491103|LOC115491103","LOC115491103",0.157070892289383,0.980259562761865,0.51583107133793,-0.882508102163664,-0.697664774163399,5.667394781651,0.000616312186420051,0.00742245049763851
"gene-CHST7|CHST7","CHST7",7.87076673694556,-0.465898384623316,-0.476686372619805,-0.0112449871197384,-0.19841351489158,5.6644996968254,0.000618702406325099,0.00744511493772096
"gene-ATIC|ATIC","ATIC",1.00737479614718,-0.672158978417422,0.466549640424937,0.169973962658901,-0.451452944487001,5.6639185088512,0.000619183387712238,0.00744511493772096
"gene-GRK3|GRK3","GRK3",3.58656473695897,-0.619803186078842,-0.0989380634560129,-0.0184271781235674,-0.30076800995894,5.66172210592982,0.000621004560419035,0.0074612155065874
"gene-TIMM22|TIMM22","TIMM22",4.21948864232072,0.658880538420306,0.145607273776044,-0.190214614071046,0.390021025672215,5.66074660061385,0.000621815173172461,0.00746515888661275
"gene-SNX29|SNX29","SNX29",3.9874876619442,-0.364819475853333,-0.153659653533702,0.128656433382635,0.0991685933229975,5.66007680388666,0.000622372380597868,0.00746605627112559
"gene-LAP3|LAP3","LAP3",0.201607116639507,-0.758520167366536,0.283622046455569,0.10024448839809,0.128804171421756,5.65666920740146,0.000625215119987906,0.00749434855291467
"gene-LRPPRC|LRPPRC","LRPPRC",1.86961098816655,-0.349257358800125,0.298571463192132,0.460503096705644,0.0967488276744375,5.65460670400977,0.000626942201850873,0.00750923419012558
"gene-CTDSPL2|CTDSPL2","CTDSPL2",1.54156831844614,-0.396223248747044,-0.1878530122172,0.110071157250984,0.12975102071913,5.65158948341562,0.000629477557774111,0.00753377046137229
"gene-LOC100220722|LOC100220722","LOC100220722",6.41728847297173,0.466218669447767,0.212677226551262,-0.213537963436668,-0.387419196249075,5.65066457135117,0.000630256861283109,0.00753726810537566
"gene-GPI|GPI","GPI",1.91532794581198,-0.459394442103134,0.553852051613827,0.0762254322453115,-0.510523730204889,5.64236507585846,0.000637294209755317,0.00760966658639161
"gene-P4HB|P4HB","P4HB",6.38692946214296,0.156311890875323,-0.123486700117829,-0.332092881079092,0.0122040020638412,5.64264522505405,0.000637055354733534,0.00760966658639161
"gene-DIPK2A|DIPK2A","DIPK2A",0.727486128835815,0.708414197461595,0.646085357475229,0.333571800631971,-0.0807089988087097,5.64044120136426,0.00063893698740759,0.00761752687221298
"gene-MANF|MANF","MANF",2.99712214626678,-0.0577580828955111,0.0305671765939337,0.266557231254999,0.47284183923287,5.64096107234998,0.000638492646809294,0.00761752687221298
"gene-PEX1|PEX1","PEX1",3.96433598478375,-0.634748252124489,-0.384888954806493,-0.104134325345107,-0.0219144492639032,5.63809866581244,0.000640943121710591,0.00762968831420876
"gene-KLC4|KLC4","KLC4",3.9080783662281,-0.104746848237449,0.183287561297197,0.287105719095489,0.385384316928282,5.6383416538785,0.000640734728090731,0.00762968831420876
"gene-CCDC39|CCDC39","CCDC39",-0.156462038533369,1.10255599093474,0.550325942450377,0.461409690793707,-0.0291891073880948,5.63575040967736,0.000642960640453404,0.00764782160723784
"gene-ESYT1|ESYT1","ESYT1",2.78763159504963,-0.253983381316908,0.228115243692993,0.471221022654529,0.371096744312571,5.6350376517766,0.000643574298601065,0.00764924137546196
"gene-PRPF38B|PRPF38B","PRPF38B",6.39970609516006,0.383314852870561,-0.314434744858111,-0.40018251679966,0.0756764709510511,5.63134563206509,0.000646762620277743,0.00767941392347533
"gene-FBLIM1|FBLIM1","FBLIM1",4.14293359964681,0.685531424003033,0.161761960478905,0.160876796301086,0.00430487656642731,5.63094983423853,0.000647105380045999,0.00767941392347533
"gene-EMSY|EMSY","EMSY",6.71571881265536,0.386710480358257,-0.0160473678325745,-0.208932177905844,0.124972242115166,5.62608094242741,0.000651337102431747,0.00771630890387683
"gene-ELP6|ELP6","ELP6",3.26962856276142,-0.266686744435566,0.079103862838156,0.464070842510873,0.363893856830706,5.6259617401129,0.000651441060533344,0.00771630890387683
"gene-CZH9orf40|CZH9orf40","CZH9orf40",1.36130337321861,-0.723996168701188,-0.40261520884338,-0.115313610744514,-0.226164821244399,5.62565319612666,0.000651710225354896,0.00771630890387683
"gene-AARS1|AARS1","AARS1",5.09553059750663,-0.129860249986576,0.380308400793147,0.367625978703878,0.198778645994882,5.62490602168219,0.000652362511370854,0.00771812680692964
"gene-FBXO22|FBXO22","FBXO22",6.11311923790077,0.211705439780999,-0.0801332160660042,-0.360986353989524,-0.025396991714902,5.62327833127569,0.000653785810459431,0.00772905685016019
"gene-GTF2H1|GTF2H1","GTF2H1",7.86535672157427,0.228140860084945,-0.134934643310701,-0.459245763558537,-0.218246381627397,5.6224008646202,0.000654554413404842,0.00773110806260807
"gene-GARRE1|GARRE1","GARRE1",5.74495259375556,0.24283548308572,-0.174334593311138,-0.237122273746675,-0.273850799546073,5.62193997626894,0.000654958492412225,0.00773110806260807
"gene-MEPCE|MEPCE","MEPCE",8.59155168401671,0.910217104006962,0.691038472211106,0.415904765759386,0.238803172554087,5.62026888343691,0.000656425752444825,0.00774252173710646
"gene-ABCC2|ABCC2","ABCC2",4.86832079805656,0.835158607041047,0.244532829035645,0.179903324479345,0.783501387264401,5.6195393671732,0.000657067342198128,0.0077439168050259
"gene-LOC115498277|LOC115498277","LOC115498277",-1.4671586049823,-0.193686318779611,0.79997910125509,0.884485940921559,1.0757438830059,5.6189968841319,0.000657544858274897,0.0077439168050259
"gene-LMAN2|LMAN2","LMAN2",4.8053441136958,0.0380118536631171,-0.19619915564675,0.044783160257035,0.347734985925859,5.61790762200997,0.000658504747189337,0.00774429981953856
"gene-LZTR1|LZTR1","LZTR1",3.76558236669109,-0.110810932027618,-0.115038599308528,-0.0550115015866388,0.383990839755479,5.61782426914565,0.000658578259289999,0.00774429981953856
"gene-SGK1|SGK1","SGK1",7.83267460861366,0.246761743520974,-0.142671916570394,-0.122191328304276,-0.170455190904052,5.6157404491821,0.000660418798608089,0.00775558079043811
"gene-LOC101233957|LOC101233957","LOC101233957",4.85105976478845,0.348309309901292,-0.458967580920935,-0.536707132409864,0.475605970942112,5.61560351099688,0.000660539934203388,0.00775558079043811
"gene-LOC115494498|LOC115494498","LOC115494498",1.31151145573926,0.224983529385621,-0.122194243454086,-0.457333455636195,-0.721430036520191,5.614771372198,0.000661276534839739,0.00775834296940482
"gene-USP28|USP28","USP28",2.39330919811748,-0.342380879443013,0.155002568639447,0.237457163387294,0.330191756930832,5.61114830820836,0.000664493466555565,0.00779001362345532
"gene-PPIP5K2|PPIP5K2","PPIP5K2",0.865299639197952,-0.687079284051418,0.14431654823437,0.10873330863656,-0.236782715639857,5.61059883456732,0.000664982746144393,0.00779001362345532
"gene-SRFBP1|SRFBP1","SRFBP1",0.783143321826333,-0.708291445348991,-0.455982558751439,-0.0807793361286981,-0.301181894932583,5.60990027387439,0.00066560531407278,0.00779140864998205
"gene-SPATA16|SPATA16","SPATA16",1.72271207253164,0.872563815500747,0.611304192844959,-0.0108777412703316,-0.0100344152998038,5.60497212060527,0.000670014378950593,0.00783709184751354
"gene-ATP11C|ATP11C","ATP11C",1.98180297231318,-0.849549200749119,0.168972769791791,-0.122825204627398,0.00340948656298812,5.60318196115674,0.000671623386239314,0.00783813868933136
"gene-SNRNP70|SNRNP70","SNRNP70",4.82713114880746,-0.149743026580931,-0.142916244545307,0.464219625447617,0.486550331481763,5.60356980194313,0.000671274456369574,0.00783813868933136
"gene-KIAA1328|KIAA1328","KIAA1328",2.13080907026235,-0.445854207680751,-0.191473515757184,0.12628642299025,-0.0330265906738525,5.60419382838425,0.000670713426857231,0.00783813868933136
"gene-PIK3R3|PIK3R3","PIK3R3",3.95033863213212,0.283730281438464,-0.393841414939728,-0.150061407969185,-0.238538703110582,5.59985229938427,0.000674626657736657,0.00786725510811965
"gene-BCAS3|BCAS3","BCAS3",4.7628253012461,-0.222610297334086,-0.369986298425387,0.11210198718164,0.191303497124465,5.59735264098573,0.000676890336288099,0.00788770930275477
"gene-EDRF1|EDRF1","EDRF1",7.58211325534587,0.270730912386036,-0.25896145875659,-0.236261897879455,-0.215328215642773,5.59647831091567,0.000677683963175645,0.00788857053376049
"gene-LOC140684562|LOC140684562","LOC140684562",5.01378212244129,0.0463540275913816,-0.244250197625865,-0.232575538081944,-0.63839704721155,5.59614829247443,0.000677983768006556,0.00788857053376049
"gene-CUX2|CUX2","CUX2",0.886767501053677,1.25233976471903,1.18670017313047,0.436135785148874,-0.310450449852781,5.59506561938233,0.000678968276523794,0.00789409021728453
"gene-PIK3R5|PIK3R5","PIK3R5",3.16462169747738,-0.844832979712388,0.294842783108757,0.283817407594198,-0.12561555581591,5.59030478654332,0.000683314881453806,0.00792905281826795
"gene-LOC115498302|LOC115498302","LOC115498302",-0.730055316885882,1.0610401949719,0.326843110025655,-0.200175373255854,-0.328386681206484,5.59008903709207,0.000683512533736313,0.00792905281826795
"gene-LOC115491017|LOC115491017","LOC115491017",3.04752307020141,-0.0564689958278954,0.368263525812387,0.428331817365145,0.246067482004663,5.59069426817294,0.000682958218151243,0.00792905281826795
"gene-IL10RA|IL10RA","IL10RA",-0.810821743539957,-1.5087947391836,0.150272534495303,0.655932892971976,-0.617498141865921,5.58931922464314,0.000684218251945017,0.00793129396917539
"gene-LOC115495659|LOC115495659","LOC115495659",1.07438495570745,0.533480798043852,0.381416517495583,-0.600332901318469,-0.388078331827155,5.58724331403614,0.000686125050387645,0.00794744397810539
"gene-PSMD10|PSMD10","PSMD10",5.61713091153085,-0.231709090353397,-0.323406365937469,0.200907853700117,0.252459635878212,5.58279394060486,0.000690230340651118,0.00798901609691553
"gene-FBXW9|FBXW9","FBXW9",3.87174893957041,0.104259540511876,-0.013561862102506,0.488885512460612,0.711974657663171,5.57844511832814,0.000694267202974964,0.00802973465324183
"gene-LOC101233072|LOC101233072","LOC101233072",4.8413321310148,1.1563994487669,0.345414086151699,0.190584898434951,-0.152186738671692,5.61523537898788,0.000694809146547138,0.00803000115221581
"gene-TAF7L|TAF7L","TAF7L",4.67043265491967,-0.280912057106586,-0.244267939474323,-0.0466129195999123,0.0863717474055878,5.57452653330643,0.000697925429173038,0.00805999702720355
"gene-RBM22|RBM22","RBM22",6.6955321122496,0.309813440471717,0.108355524306172,-0.190016402914198,-0.0581118376557317,5.56952373361413,0.000702624581679014,0.00810729499964158
"gene-LRP1|LRP1","LRP1",2.36486218603314,-0.43207713522477,1.50927389150307,0.627745932679537,-0.263954099740971,5.57014531111934,0.000703068813539192,0.00810729499964158
"gene-LOC116806985|LOC116806985","LOC116806985",3.94993646224069,0.257118588135985,-0.0340385423165706,-0.102622117661912,-0.294362304072557,5.5606327291562,0.000711056180881483,0.00819329441484806
"gene-PIAS2|PIAS2","PIAS2",3.39392861587911,-0.316075860772182,-0.0807479155757922,0.2859961671214,0.197420588457209,5.55980062585404,0.000711850580393142,0.00819634503838085
"gene-ADNP2|ADNP2","ADNP2",7.42323230498147,0.0469654369177634,0.063864629817906,-0.41772287967486,-0.263398000631583,5.55380571476239,0.000717600819959733,0.00825641092109805
"gene-SP4|SP4","SP4",4.50296751704977,0.270996377370668,-0.436410279361146,0.129165234603779,0.00982490694637494,5.55245420471889,0.000718903737632805,0.00826525656750941
"gene-CSF1R|CSF1R","CSF1R",1.32580427699754,-0.331765720868419,1.28201564969701,-0.0230555879055745,-1.03606834494871,5.54959965659508,0.000721663632325121,0.00829082755028303
"gene-ZCCHC7|ZCCHC7","ZCCHC7",0.619643581553373,-0.104402917858,0.333931077539331,0.456157536411149,0.480781441012183,5.54870887864793,0.000722527095693372,0.00829458961858674
"gene-LOC105758620|LOC105758620","LOC105758620",2.15842529882891,0.852478754481289,0.479068313325503,-0.133678999873685,0.105161508609906,5.54654724885159,0.000724626849654136,0.00831252816782635
"gene-ISM2|ISM2","ISM2",0.916142418372383,0.219404254502045,-1.10857524647388,-1.13185871682661,-0.584337582894972,5.54432746117896,0.000726789610024656,0.00833116238157892
"gene-DEDD2|DEDD2","DEDD2",5.14867956437781,0.764975654391946,0.36828604897554,0.10096104024612,-0.0319113007391225,5.54300680127661,0.000728079481283838,0.00833977052025714
"gene-CIBAR1|CIBAR1","CIBAR1",0.854945596153314,-0.762249240768904,-0.420918901801729,-0.443969021237501,-0.203414795765588,5.5422304447342,0.0007288388339841,0.00834229360643783
"gene-PTP4A1|PTP4A1","PTP4A1",5.25466021014017,0.206113820803891,-0.188051458340133,-0.0774639096841803,-0.157051671811902,5.53891337031903,0.000732092416800682,0.00834999380509755
"gene-LOC140684829|LOC140684829","LOC140684829",-4.88363734455976,0.908058522246046,0.545659532359746,2.47269817822369,2.91526036521738,5.54063131373103,0.00073040550104484,0.00834999380509755
"gene-PKM|PKM","PKM",3.19493745411996,-0.351409512818865,0.480162141223279,0.195888426725078,-0.335783905716609,5.54040622455632,0.000730626297783411,0.00834999380509755
"gene-VPS33B|VPS33B","VPS33B",3.80268796494885,0.337269863071329,0.198451823174084,0.537413565186181,0.935637812630847,5.53863176781419,0.000732369314197903,0.00834999380509755
"gene-LOC121471145|LOC121471145","LOC121471145",7.50482226865896,0.46793284531604,0.321742708991013,0.0414508972149417,-0.133901835226538,5.53937718860961,0.000731636582153897,0.00834999380509755
"gene-LOC140682170|LOC140682170","LOC140682170",-3.32828672592883,2.59929680240462,2.14454948422481,0.882023025822185,0.38212055750912,5.53824575440334,0.000732749052492566,0.00834999380509755
"gene-CHGB|CHGB","CHGB",4.95794312297946,0.787520429338911,0.207216044571004,-0.493765089117754,0.102676916621214,5.53732201093152,0.000735609692127029,0.00837642383051197
"gene-RHCE|RHCE","RHCE",9.01232883851024,0.230794839852287,0.0147319892108015,-0.0140700943768977,-0.263990199750118,5.53451966753786,0.000736424964998614,0.0083795414215835
"gene-NDUFA1|NDUFA1","NDUFA1",4.24569631996446,0.0886099213790557,0.0219041129501276,0.318839361497259,0.576953629496179,5.53312574360291,0.000737804974494617,0.00838505335048175
"gene-ZDHHC5|ZDHHC5","ZDHHC5",6.12903465950679,-0.00517918834682707,-0.0160739673254069,0.15775186714356,0.522659105181602,5.53293596481516,0.000737993063867926,0.00838505335048175
"gene-LOC140680661|LOC140680661","LOC140680661",4.45595446840454,0.784084423817442,0.274345572841851,-0.0477022226623003,-0.63116258536911,5.56611507430762,0.000739286017531237,0.00839358116015839
"gene-ATP6V0E1|ATP6V0E1","ATP6V0E1",6.98564356116465,0.232555436231062,-0.150736314489608,0.050397845755267,-0.364614701471133,5.52917663475579,0.000741729079689168,0.00840897985947976
"gene-SMIM15|SMIM15","SMIM15",5.95632290857418,-0.367719663642555,-0.36568407604563,-0.196719742158398,0.0463662380872609,5.5292275706533,0.000741678330284816,0.00840897985947976
"gene-HARBI1|HARBI1","HARBI1",3.6855103263964,0.436607833970616,-0.0100077359356967,-0.0369867167550346,-0.0927600059567704,5.52497542971599,0.000745927186062662,0.00845038301926771
"gene-BST1|BST1","BST1",1.89698247222668,0.208601936405694,1.42299456957467,0.427039664766253,-0.00711038738832115,5.5224486954782,0.00074846378292716,0.0084729166355507
"gene-ST6GALNAC2|ST6GALNAC2","ST6GALNAC2",7.57295669970859,0.675590997415194,0.431585069806289,0.103529902477731,0.163033366563912,5.52168913401212,0.000749228037079523,0.00847536832880527
"gene-HAUS5|HAUS5","HAUS5",4.39506454428793,-0.460021363045629,-0.266741757387938,0.465301674824534,0.591560908459661,5.53015980837285,0.00075171715854167,0.00849731411865036
"gene-LOC140684571|LOC140684571","LOC140684571",0.163484714500745,0.961450373909062,0.93566980102286,-0.336047130374714,-0.403762206663796,5.51656158759944,0.000754408240696195,0.00851529359939724
"gene-LOC121470544|LOC121470544","LOC121470544",5.50215874337284,-0.452713516182085,-0.0245007428204964,-0.163414900268966,0.0070355836370064,5.5166893596154,0.000754278711362147,0.00851529359939724
"gene-LOC115495286|LOC115495286","LOC115495286",-2.60946532329016,1.01179737994086,0.390558573106678,-0.953952743625843,-1.04052315250299,5.50857365254618,0.000762551492409415,0.00860093611154205
"gene-LOC101233542|LOC101233542","LOC101233542",0.825978280862799,0.49515171454023,1.30029772418498,0.229142525715803,0.0299825906913797,5.50404540949433,0.000767207757930336,0.00864715226072247
"gene-NDUFA12|NDUFA12","NDUFA12",4.22131627648375,-0.38223900961789,-0.223882680778809,0.0379559578355906,0.107849921335509,5.49963598351493,0.000771769866281754,0.008667009202257
"gene-SMARCA1|SMARCA1","SMARCA1",2.03030361308359,-0.863047186552916,0.0581198845947704,0.221803543354881,-0.367369744020256,5.49995438619797,0.0007714395086187,0.008667009202257
"gene-SNX4|SNX4","SNX4",0.566755808650844,-0.978440669659798,-0.287521488518212,-0.206895296142491,-0.625104390669713,5.5012436190329,0.000770103350787495,0.008667009202257
"gene-LOC115497596|LOC115497596","LOC115497596",-2.096779211668,0.665008184943416,-0.152536019890045,-0.554658969652002,-0.152219635498335,5.49975441372105,0.000771646972468456,0.008667009202257
"gene-QPCTL|QPCTL","QPCTL",1.71275341781313,0.0230799885590967,0.457552061563751,0.930933694226603,0.245530293446233,5.50134600764319,0.000769997337241995,0.008667009202257
"gene-CHMP1B|CHMP1B","CHMP1B",4.923611902878,-0.22172236820886,0.0380884595499644,0.0969798220473903,0.272317596460125,5.49893210116864,0.000772500692007792,0.00866892545962334
"gene-COMMD4|COMMD4","COMMD4",1.73209345399719,-0.0296128073865651,0.562273096012405,1.10134970666867,1.05360332592169,5.49775357897954,0.000773725915049619,0.00867638299666149
"gene-GATD1|GATD1","GATD1",1.71038787843727,-0.46256011005465,0.074388273724012,0.00866322044304346,0.168704841635093,5.49147993157448,0.000780281783581036,0.00874356307090263
"gene-ACOX1|ACOX1","ACOX1",3.25974780470094,-0.359295086964418,-0.0832327394523635,0.169660099788682,0.192418184009085,5.49064560282243,0.000781157925703381,0.00874704696111419
"gene-UBE2Q1|UBE2Q1","UBE2Q1",7.42041747601602,0.0902867825609599,-0.178093504981752,-0.362618708673327,-0.0121171418927908,5.48435526107154,0.000787796071366716,0.00881499942472881
"gene-NET1|NET1","NET1",0.470315375585146,0.0592267955392719,1.60678359318062,0.925536094838442,0.0912411642786072,5.48134854198754,0.000790989440449236,0.00884278965215769
"gene-LOC100231542|LOC100231542","LOC100231542",-5.05706559415136,3.0028092467061,3.54620232220672,1.70309660491863,1.60384837735595,5.48094172390603,0.000791422531065487,0.00884278965215769
"gene-LOC140680463|LOC140680463","LOC140680463",7.62588129974348,0.321206436372237,-0.0726879814818799,-0.157819150247266,-0.251317611751294,5.47726616090776,0.000795346502872215,0.00888022159592173
"gene-STT3A|STT3A","STT3A",4.74086367367176,0.185328126350207,-0.172283197371253,-0.0170472728051605,0.427057009268137,5.47598750610371,0.000796716246241103,0.00888910159378591
"gene-SLC4A5|SLC4A5","SLC4A5",2.86374888168472,0.537237231162799,0.55252998985504,-0.486423629204793,-0.453044414039952,5.47540669686102,0.000797339229673662,0.00888964306858783
"gene-PPIG|PPIG","PPIG",6.05630321886212,-0.0885245623081872,-0.284304117674913,-0.0413634131140528,0.260392500247051,5.46851479769683,0.000804769809239766,0.00895957755250747
"gene-LOC121468742|LOC121468742","LOC121468742",0.17110991147763,-0.77273583020098,0.569646613384319,0.165191446033162,0.00962912140736633,5.46857090243042,0.000804709033518499,0.00895957755250747
"gene-LOC115497391|LOC115497391","LOC115497391",-3.21306283712044,1.70067271025391,0.492028713492676,-0.728383760415521,0.0235583863556843,5.46074856616856,0.00081322819528795,0.00904723675203525
"gene-CHMP1A|CHMP1A","CHMP1A",5.69723708537519,-0.144022392196173,-0.183579876630557,0.102119216478895,0.346580019065975,5.45758597342191,0.00081669871577942,0.00906957295069901
"gene-MMP9|MMP9","MMP9",4.05292894498949,0.129840634398959,1.48990488137471,0.736413760273019,0.0588116543207646,5.45792210540568,0.000816329136033286,0.00906957295069901
"gene-ELOF1|ELOF1","ELOF1",3.27355373598025,0.203131577218088,0.093787729872195,0.856262793341114,0.773624535086666,5.4573173757323,0.000816994164347297,0.00906957295069901
"gene-DGCR6|DGCR6","DGCR6",6.46401050146117,-0.0766754006382495,-0.19714783535384,0.177861763940257,0.401338150414336,5.45366574233467,0.0008210217293073,0.00910775000790714
"gene-DNM2|DNM2","DNM2",5.619185225755,-0.110645482352254,0.0335359737533825,0.260328027358334,0.34033428827037,5.45168852981629,0.000823210982922223,0.00912549424120445
"gene-NECAB3|NECAB3","NECAB3",2.26545108890647,-0.0625348056471877,0.612341109370922,0.757449007040707,0.55647501366982,5.443169276333,0.000832712527125853,0.00922421356998753
"gene-CTHRC1|CTHRC1","CTHRC1",6.1796660793031,0.274530517490462,-0.252538822558004,-0.49297500536455,-0.277343914221309,5.43779380246718,0.000838765589855191,0.00928461910086487
"gene-LOC115490923|LOC115490923","LOC115490923",-1.00189220399848,0.612978121640211,0.365743450206874,-0.124988022629153,-0.194406047131573,5.435845611937,0.000840970474320492,0.00930237175847721
"gene-LOC140681749|LOC140681749","LOC140681749",3.45450658303461,0.451676143402158,-0.195888553388385,0.0402405339731904,-0.162205546637836,5.43521718122263,0.000841682973977369,0.00930360287307127
"gene-NEK7|NEK7","NEK7",2.29592717761542,-0.642818673978603,-0.196040161698502,0.178682771820014,-0.4057088669033,5.43398259414559,0.000843084521841307,0.00931244323732635
"gene-SCRN3|SCRN3","SCRN3",4.99780919099802,-0.238332912263975,-0.331983985918539,0.140937710759603,0.110301104927431,5.43256620003439,0.000844695411028192,0.00932358165881689
"gene-CABLES2|CABLES2","CABLES2",7.92418368870546,0.587917552956933,0.0123257433198765,0.157199206322637,0.0352534805160314,5.42799807180424,0.000849912353684146,0.0093744787407428
"gene-LLGL1|LLGL1","LLGL1",4.08981590081517,0.0818681076484453,0.190657016515218,0.282669698171969,0.738488448637848,5.42719803054904,0.000850829418890385,0.0093779097274421
"gene-MRC2|MRC2","MRC2",2.7420385822759,-0.693417536582589,0.149534851308769,0.113083296885659,-0.305885392392191,5.42456775147904,0.000853851591437375,0.00940452197686362
"gene-ATAD5|ATAD5","ATAD5",3.37852130650933,0.100102269327003,-0.0803677837455385,-0.803795668110629,0.0114003579948041,5.42260986480185,0.000856108332714209,0.0094226717274199
"gene-VSIR|VSIR","VSIR",2.9063233296663,-0.540165260460846,0.851879647861649,0.0111835044685975,-0.309003060046369,5.42052519970894,0.000858517926196641,0.00944247683574486
"gene-PNPLA7|PNPLA7","PNPLA7",5.84238348489777,-0.326665155232825,-0.363707790909029,-0.0941185815494698,0.0969021304477584,5.41978058094991,0.000859380289944358,0.00944524857023362
"gene-SLC40A1|SLC40A1","SLC40A1",7.93493810375705,0.0691416140576955,-0.297876219411783,-0.473207675997249,-0.499136106077581,5.41771803031324,0.00086177362683172,0.00946483099731786
"gene-ZNF609|ZNF609","ZNF609",4.08492552732275,-0.216308159182236,0.206212134823798,0.423942344349535,0.201787508189735,5.41260886817912,0.000867731653089947,0.0095179705160113
"gene-PAFAH1B2|PAFAH1B2","PAFAH1B2",5.40626129318394,0.276665660354479,-0.130476424316892,-0.276663294060622,-0.0278651580370637,5.41251450242676,0.000867842093576217,0.0095179705160113
"gene-REXO1|REXO1","REXO1",5.17569746162495,-0.219514285865894,-0.196523231210096,0.118571221063002,0.177423394475612,5.41025359504432,0.000870492447968441,0.00954027665177877
"gene-UQCRQ|UQCRQ","UQCRQ",2.17162115956165,-0.269029558442881,-0.0936337928234203,0.0872890248326694,0.370581159998228,5.40887881729309,0.000872108089858038,0.00955121917236598
"gene-SHLD1|SHLD1","SHLD1",5.83727491553446,1.15377530426724,0.76201959821976,-0.0389827909987037,0.243515861204258,5.43569831792211,0.000873566647900556,0.00956042706949158
"gene-CNRIP1|CNRIP1","CNRIP1",0.0221326885213375,-0.136954420346299,-0.617127815340007,-0.628902482165769,-1.48756190595916,5.40279720870305,0.00087929216966712,0.00961628715590013
"gene-TBCC|TBCC","TBCC",6.2667134420412,0.423911908762411,0.210378165024993,-0.0406672587302603,-0.208457219714115,5.39741363164831,0.000885702292282866,0.00967829626850747
"gene-STAR|STAR","STAR",0.751882823242284,0.442325826050931,-0.00391379409634218,-0.564133218660211,0.202117898393871,5.39698644968586,0.000886212976573511,0.00967829626850747
"gene-LOC115490831|LOC115490831","LOC115490831",0.858294361647634,0.600708526186806,0.181712284650452,-0.599707918031064,-0.542356396392615,5.3958029062579,0.000887629447377859,0.00968692926528376
"gene-OARD1|OARD1","OARD1",5.12369369559436,0.410688735628885,-0.103828277819376,-0.388093634213061,0.159697087659817,5.3934728312295,0.000890424878926254,0.00971058844354037
"gene-LOC140680449|LOC140680449","LOC140680449",1.40956693876249,0.631392225285985,0.52293269019754,-0.0544221701682606,-0.121496849919768,5.39122613813043,0.000893128821743629,0.00973321726512863
"gene-TTC31|TTC31","TTC31",6.34198803932807,-0.0219514093818622,-0.436938030097211,0.232450882222432,0.601841367913088,5.38479171007651,0.00090091945863902,0.00981120944576976
"gene-LOC100232496|LOC100232496","LOC100232496",-0.144185694931135,0.0165862429438553,0.716056076210878,0.622106504260956,0.792536211651152,5.38347127334952,0.000902526804032102,0.00981489971356063
"gene-DNAJC7|DNAJC7","DNAJC7",5.24788588651979,-0.266223069314168,-0.232705050857558,-0.167025902640383,0.138812821503068,5.38356255813615,0.000902415590075752,0.00981489971356063
"gene-TMEM192|TMEM192","TMEM192",3.37834248984187,-0.158299502870675,-0.173493666348573,0.254142752151803,0.362611339891672,5.38278177547059,0.00090336728609341,0.00981714097773561
"gene-RAB18|RAB18","RAB18",7.02382266064546,0.171241792903353,-0.123950781358355,-0.335437548709518,-0.282477755516497,5.38081147818404,0.000905773457918773,0.00981789489951788
"gene-LOC105759741|LOC105759741","LOC105759741",4.13616541945273,-0.0428483970525582,-0.493196545594945,-0.525894851819681,0.328500796250289,5.38214746624271,0.000904141202989767,0.00981789489951788
"gene-RPS6KB2|RPS6KB2","RPS6KB2",4.8035289197483,0.032518299161012,0.0102700311628947,0.811084007823842,0.752924059138094,5.38064717522323,0.000905974404944203,0.00981789489951788
"gene-PELO|PELO","PELO",5.87278239821953,0.160704823039014,-0.159631786267674,-0.407317617959877,-0.446077518427452,5.38097046188184,0.000905579059988555,0.00981789489951788
"gene-TTPA|TTPA","TTPA",8.12121052462847,0.246091645979639,0.0243345721212247,-0.335543294129951,-0.736362343238139,5.39004857796787,0.000908708055177005,0.0098406278193591
"gene-LOC115495125|LOC115495125","LOC115495125",7.81108978792437,0.609870258582351,0.644876076861745,0.554645947772904,-0.115425447964065,5.37658954649795,0.000910951521829564,0.00985161068935936
"gene-OSBPL9|OSBPL9","OSBPL9",5.67877077767131,0.157762631168433,-0.673208338200854,-0.367821677780275,-0.353519193416187,5.37570198464526,0.000912043942278848,0.00985161068935936
"gene-SNRPD3|SNRPD3","SNRPD3",3.36532608449662,-0.275750012943429,0.000220323880974593,0.0397208787737027,0.120141413327509,5.37551951105209,0.000912268699053439,0.00985161068935936
"gene-C22H2orf68|C22H2orf68","C22H2orf68",5.37032711903925,0.0993706645433408,0.0792860290936392,0.681695050832188,0.659089898191715,5.37561445294472,0.000912151749933197,0.00985161068935936
"gene-CXCR5|CXCR5","CXCR5",2.82176243358343,0.091521990003403,0.058414794201906,-0.387326346780354,-0.508640410795322,5.37367866131193,0.000914539292360829,0.00986924375821745
"gene-LOC115495440|LOC115495440","LOC115495440",0.69144570183436,0.160396146214672,0.318841069172697,0.27363953742049,1.12358814984674,5.3704370852977,0.000918551700704319,0.00990563593616679
"gene-HIBCH|HIBCH","HIBCH",2.09562224165446,-0.769848269580415,-0.284133994063035,0.0754350651266056,-0.179152688689748,5.36538018156949,0.000924847178625609,0.00995964515604127
"gene-PHETA1|PHETA1","PHETA1",5.02879816367847,0.482717699473739,0.172666101279635,-0.217142515651116,-0.503926818775029,5.36977210905546,0.000924276664034534,0.00995964515604127
"gene-LOC100226365|LOC100226365","LOC100226365",1.4638178775808,0.0935946739171598,0.0828541467467596,-0.523408348443692,-0.611259194452877,5.36247620811387,0.000928482388070147,0.00998489572994129
"gene-MST1R|MST1R","MST1R",0.427907140869094,1.83916831575091,1.4664251635997,0.835996603431454,0.953216729621853,5.36271972216976,0.00092817699410745,0.00998489572994129
"gene-IMPA2|IMPA2","IMPA2",-2.84158297163384,-0.858711575845811,1.85635108629811,0.382028583613378,0.859861891476681,5.36115112177138,0.000930146001025633,0.00999517573773943
"gene-LOC121470916|LOC121470916","LOC121470916",1.03906349835599,0.585782892076377,-0.289970763720075,-0.201164099359466,0.0622108063384087,5.36068645953697,0.000930730096160421,0.00999517573773943
"gene-LOC115497825|LOC115497825","LOC115497825",-1.52653299270242,0.989131408762411,0.434366611112212,-0.234651694759304,-0.0719609041765163,5.35717719804762,0.000935153507478076,0.0100287598948186
"gene-LOC140680829|LOC140680829","LOC140680829",1.69969729976234,0.710155407961518,0.181588006059336,0.169838000587875,-0.203907606167351,5.35723914919504,0.000935075231739868,0.0100287598948186
"gene-CSTF2|CSTF2","CSTF2",4.72915045074695,-0.00785823019259624,0.304219165163681,0.396869960152165,0.450079300113169,5.35325293806433,0.000940125550977996,0.0100707254360635
"gene-TIMM44|TIMM44","TIMM44",1.7122242083913,-0.401726017285921,-0.41622235012638,0.0351995618196914,0.180861447963865,5.35306195013338,0.00094036822327055,0.0100707254360635
"gene-LOC100228737|LOC100228737","LOC100228737",5.08462209241228,0.00681105756502998,1.02481869745731,0.1807524209259,-0.370842058954746,5.35200183874802,0.000941716385301595,0.0100781888399323
"gene-INPP4A|INPP4A","INPP4A",5.49379587798502,-0.21208323421093,0.0564547444603809,0.54738992816289,0.308556156761097,5.34944079360544,0.000944981490456464,0.010085233492975
"gene-ATOSA|ATOSA","ATOSA",8.10995000275088,0.477908753772879,0.341575288412993,0.318775694713369,-0.198230104727027,5.35094450404086,0.00094306298945087,0.010085233492975
"gene-C10H15orf40|C10H15orf40","C10H15orf40",1.25221571355109,-0.328329971558337,-0.628952388368273,-0.17475999478249,0.460254322190136,5.34945543703954,0.000944962788434042,0.010085233492975
"gene-DBP|DBP","DBP",2.1895978846306,1.21413354780863,0.975686389625033,0.854976607729377,0.442607849792458,5.34970067822499,0.000944649632335982,0.010085233492975
"gene-ATG3|ATG3","ATG3",2.72217873477534,-0.0659205596117807,0.13604649086948,0.301033078657527,0.407488126312265,5.34841222196058,0.000946296091636198,0.0100897767918515
"gene-KCNQ5|KCNQ5","KCNQ5",0.22880695143768,-1.9025285097013,-0.337533323630892,-0.355335297395239,-0.682038955307203,5.3480877325182,0.000946711205283899,0.0100897767918515
"gene-NEMF|NEMF","NEMF",5.07676325869717,-0.349794996708968,-0.349199934630252,0.0437125905365097,0.307362493628163,5.34193245790078,0.000954620986373571,0.0101643577434486
"gene-LOC115491073|LOC115491073","LOC115491073",-4.13388918049345,1.6332423955097,0.925054536769346,-0.239148159534812,-0.950504476253478,5.34162125273302,0.000955022692017723,0.0101643577434486
"gene-HDAC9|HDAC9","HDAC9",4.37025568844465,-0.0881100928281402,-0.0874390955992954,-0.115954157050838,-0.708959460791516,5.33947683080644,0.000957795439758889,0.0101798656801297
"gene-LOC115496089|LOC115496089","LOC115496089",-1.89831309993452,0.961226932969354,-0.0431260213230642,0.141596796459516,0.00760819764804355,5.3399424217833,0.00095719272802268,0.0101798656801297
"gene-SMARCA2|SMARCA2","SMARCA2",5.13143439402334,-0.323200587142843,-0.322514266866084,0.048342662792642,-0.0195701122932705,5.33887041521482,0.000958581033492025,0.0101812227133075
"gene-LBR|LBR","LBR",7.26684650001102,-0.363282671844776,-0.185985656192671,0.115104583837148,-0.0390083273501132,5.33665850303817,0.000961452103053266,0.0102047128221874
"gene-STRIP1|STRIP1","STRIP1",6.16324408826387,0.185151040369966,-0.00705074051072252,0.23589785352412,0.579084043373685,5.33414872047607,0.000964720485003664,0.0102323848563617
"gene-ADAM15|ADAM15","ADAM15",2.15475273661648,-0.363855676122105,0.515436847451196,0.458434676626715,-0.185872426362166,5.33148569554877,0.000968200880914272,0.010262266186403
"gene-TRAPPC10|TRAPPC10","TRAPPC10",3.16052077911471,-0.830529004114615,-0.326414662798409,0.348747731844885,-0.318178119648272,5.33027143888777,0.000969792102300444,0.0102720963607799
"gene-SIRT6|SIRT6","SIRT6",3.78975043615225,0.130019348145009,0.111431135269247,0.292655654679868,0.593271021739448,5.32961162826341,0.000970657874064794,0.0102742343373137
"gene-KCTD17|KCTD17","KCTD17",0.306478366284855,0.246260558136744,1.30752970675979,0.49044823486585,0.120446768568513,5.32869235839407,0.000971865416556969,0.0102793743149052
"gene-MLX|MLX","MLX",4.00035383176981,-0.0159392385562271,0.0541436273326044,0.269669988348515,0.486681739465446,5.32823103418156,0.000972471986883442,0.0102793743149052
"gene-UBP1|UBP1","UBP1",6.3293032313962,-0.130314627960033,-0.482253842483289,-0.520986263397574,-0.280804526611877,5.32353954985239,0.000978662646845165,0.0103377504845931
"gene-LOC115493573|LOC115493573","LOC115493573",1.54421866885579,0.866883463278106,0.208367219735691,-0.256762603241961,0.266746108418306,5.32182882758675,0.000980930070856459,0.010340526462196
"gene-PIGF|PIGF","PIGF",5.80755045660925,0.0912254063854281,-0.159022800372343,-0.179911047398683,-0.423252019747314,5.32199535052826,0.000980709121837923,0.010340526462196
"gene-RPL9|RPL9","RPL9",9.62988503374341,0.241168324228687,-0.057896155621652,-0.460846317026245,-0.118843281532182,5.32206299877256,0.000980619378124637,0.010340526462196
"gene-ARPC5L|ARPC5L","ARPC5L",3.67212276000166,-0.130610121260854,-0.67656313943841,-0.453460431394191,0.108382398913911,5.31662994122938,0.000987853872196069,0.0104064252363745
"gene-CCT5|CCT5","CCT5",6.44459641646378,0.396561359124558,-0.269884166435824,-0.117005342941026,0.123092538321194,5.314697516677,0.000990440197513484,0.0104194847427064
"gene-STK3|STK3","STK3",4.23900644383456,-0.451051069678961,-0.234573054533064,-0.0789344657322513,-0.154971711192457,5.31492399280204,0.000990136726946746,0.0104194847427064
"gene-KNTC1|KNTC1","KNTC1",4.15622868799309,0.203805846437841,-0.515615397246442,-0.675228251253603,-0.112046469902287,5.3126760161448,0.000993153167942837,0.0104409274958664
"gene-P4HA2|P4HA2","P4HA2",1.44346935447683,0.547269449143644,-0.411176377051799,-0.561206009698507,-0.709666799092204,5.3118929200024,0.000994206173610248,0.0104449019257424
"gene-RPL14|RPL14","RPL14",9.23595804259359,0.214290775303329,-0.279566630527096,-0.522691014729697,0.0148545540151854,5.30944653930167,0.000997503123855153,0.0104616426743663
"gene-PPP2R5A|PPP2R5A","PPP2R5A",3.93795624274363,-0.762388678834705,-0.639937624085404,-0.653705714814394,-0.516667246915959,5.30876041851322,0.00099842980880824,0.0104616426743663
"gene-THOC5|THOC5","THOC5",5.3374152205623,0.0446330622048556,0.19287143429858,0.207484929785789,0.46721573479787,5.30870566689665,0.000998503795155996,0.0104616426743663
"gene-LOC100221565|LOC100221565","LOC100221565",6.9034268389161,0.216853659191037,-0.47121124894963,-0.154692070670943,-0.507631665544123,5.30943069866341,0.00099752450851413,0.0104616426743663
"gene-TMEM222|TMEM222","TMEM222",2.82805838971021,-0.188688535404541,-0.0366321280275481,-0.540314554665487,0.286946807736685,5.30478839571615,0.00100381184645121,0.010510140949819
"gene-CRYGN|CRYGN","CRYGN",0.306679127273456,0.940647298470537,0.713952769611492,-0.863800056897723,0.736762788904273,5.30160956011021,0.00100814053884854,0.0105385139721988
"gene-ITGA4|ITGA4","ITGA4",3.67323195073028,-0.937479175016138,0.225760918608874,0.0119376783291125,-0.59093592797937,5.30091309359434,0.00100909148495796,0.0105385139721988
"gene-GGCX|GGCX","GGCX",6.20675246390981,0.580759469927172,0.0686169030808426,-0.585055300109137,0.14020653489005,5.30216598004647,0.00100738147042072,0.0105385139721988
"gene-MYCBP|MYCBP","MYCBP",4.65370521140972,0.154796753279236,-0.0463286423295584,-0.288398265798673,-0.205484153478299,5.3008001873067,0.00100924573226485,0.0105385139721988
"gene-VBP1|VBP1","VBP1",3.73089497779099,-0.28321218149135,-0.0611179131219375,0.0256916168699992,0.120290370856786,5.29959235377759,0.00101089733068769,0.0105415338223666
"gene-B3GNT9|B3GNT9","B3GNT9",2.66655748781671,-0.294996117724974,-0.214900071417718,0.125457949861146,0.685295308279316,5.29988633807064,0.00101049508003917,0.0105415338223666
"gene-DCTN2|DCTN2","DCTN2",2.94974085953312,-0.0408376248453011,0.724970919785801,0.478433287570156,0.0133849111299962,5.29821474864586,0.00101278445719956,0.0105541006566756
"gene-LOC100231450|LOC100231450","LOC100231450",5.8270246810799,-0.384089044212136,0.131205689235267,0.119914213583134,-0.551598832154256,5.2971555053641,0.00101423792725801,0.0105552804264641
"gene-SH2D3C|SH2D3C","SH2D3C",1.5756145087079,-0.510406034064302,0.548321703464928,0.550517741633077,0.101606567018125,5.2971380905706,0.00101426184130223,0.0105552804264641
"gene-VPS26A|VPS26A","VPS26A",6.46585277971826,0.199127642747416,0.031637245348068,-0.0895420755036502,-0.269558197262124,5.2953199542143,0.00101676169320253,0.0105741849477884
"gene-PTER|PTER","PTER",0.675148530761487,-0.700879680727593,-0.430012860395866,-0.0200461320462764,0.273059363538689,5.29346549947402,0.00101931798597695,0.0105936506601701
"gene-MYLIP|MYLIP","MYLIP",2.75508329192989,0.786798572692746,-0.0638732352614424,-0.374679080094766,-0.508811428088674,5.30027114178568,0.00102306752257497,0.0106254831623138
"gene-A4GALT|A4GALT","A4GALT",2.44170284139353,-0.420934900243208,0.573483121328723,0.162792930054914,-0.212219495508063,5.28810606322931,0.00102674284182094,0.0106422273792224
"gene-TRMT10A|TRMT10A","TRMT10A",4.33963792339788,0.419570656536368,-0.00511732322443681,-0.254692320740108,0.123801103594603,5.2884276463529,0.00102629576796346,0.0106422273792224
"gene-SLC9A6|SLC9A6","SLC9A6",2.59986318348126,-0.542666425982087,-0.31591909754686,0.0581042251541524,0.0422080081278233,5.28860863230716,0.00102604424395591,0.0106422273792224
"gene-LOC115490544|LOC115490544","LOC115490544",4.80708966773605,0.503937011091476,0.485425349616357,0.254546278169372,-0.350537375223894,5.28515279086887,0.0010308579073453,0.010670586030882
"gene-NUCKS1|NUCKS1","NUCKS1",5.30974537222472,-0.0282369390598145,-0.0777666929552332,0.0863080662896785,0.228650084281528,5.28517766833418,0.00103082317279947,0.010670586030882
"gene-POLR1F|POLR1F","POLR1F",1.53320833144991,-0.457338194990423,-0.496824083526321,0.332166223667112,0.0759238813325249,5.28125450704275,0.00103631563557596,0.0107095467163143
"gene-PNRC1|PNRC1","PNRC1",8.39463973942029,0.383722405674376,-0.160681229433887,0.0774904813464747,0.0849028193596553,5.28158304537998,0.00103585453047715,0.0107095467163143
"gene-LOC115490810|LOC115490810","LOC115490810",2.24493117504082,-0.820151923576856,-0.72771764616362,-1.55605760579795,-1.60285734566891,5.28048958813394,0.00103739001794864,0.0107095467163143
"gene-PAN2|PAN2","PAN2",5.52447961424421,-0.0767011943880576,0.274881016822118,0.493655879089614,0.481092753452524,5.28051299638168,0.00103735712249563,0.0107095467163143
"gene-CERS3|CERS3","CERS3",2.34433306771104,0.0799517934290637,-0.121210640247133,-0.594743335044806,-0.749218148847583,5.27962541191158,0.00103860518741642,0.0107132752152359
"gene-GADD45B|GADD45B","GADD45B",8.66346661985799,0.463047223275739,0.0185830225065651,-0.191369544355457,-0.273461093982657,5.27924840668288,0.00103913577370398,0.0107132752152359
"gene-CD9|CD9","CD9",1.92666716071272,-0.265769419254357,0.923522261877973,-0.00543227524930567,-0.393697526938456,5.27817651710964,0.0010406458381589,0.0107217006294999
"gene-KCNS1|KCNS1","KCNS1",-0.876977561568746,0.807149321477377,2.73958851828243,1.52828180726928,1.02302830232158,5.27676742806479,0.00104263436654188,0.0107350411325586
"gene-LOC105759524|LOC105759524","LOC105759524",0.960556645431983,0.0949464362670882,1.11409702525354,0.424038984984472,0.224405246954343,5.27505411364884,0.00104505746880136,0.0107528353255991
"gene-CCDC166|CCDC166","CCDC166",1.3089234914011,0.551230573976583,0.067880531753832,-0.829741815141728,0.366209184803997,5.27351218613128,0.00104724311564183,0.0107681642621643
"gene-LOC100230310|LOC100230310","LOC100230310",5.14700323007355,0.57623747210136,-0.108740281051477,-0.180392950764119,0.247629017707117,5.27269856014131,0.00104839829908273,0.0107728842485427
"gene-LOC140684267|LOC140684267","LOC140684267",-0.064924444250075,0.773868585506273,0.319960127384317,0.805481733530626,1.49470511217052,5.2717230159217,0.00104978509496505,0.0107799763401355
"gene-GALNT16|GALNT16","GALNT16",-1.61751763638319,0.77156570888015,1.37033792890486,-2.47521432064129,-0.00605175644259526,5.26972497506307,0.00105263130286223,0.0108020354189609
"gene-KBTBD13|KBTBD13","KBTBD13",0.641401729242409,1.41972651354408,0.854761058829809,0.139191677589952,0.601980832887139,5.26899408220802,0.00105367443345059,0.0108055744583485
"gene-NISCH|NISCH","NISCH",7.28467027851251,-0.0918751991397775,-0.337114772933308,-0.679432254886906,-0.405479647945098,5.26696800399868,0.00105657159437379,0.0108281095516121
"gene-HNRNPD|HNRNPD","HNRNPD",7.94980001616244,0.261379676586387,-0.079298781547271,-0.109019880129254,-0.0622606820353031,5.26625132539681,0.00105759835165808,0.0108314589622163
"gene-IL15|IL15","IL15",3.34083239225305,-0.526192360109324,-0.40242690350615,0.439611167948838,0.257853083797314,5.26203616326543,0.0010636579734866,0.0108704873761897
"gene-LHPP|LHPP","LHPP",-1.1548267479879,1.39246471060865,2.34552050704165,2.74896207393536,1.65908078817059,5.26164717928983,0.00106421895799208,0.0108704873761897
"gene-SURF1|SURF1","SURF1",1.60433576799607,0.557409887486908,-0.0604457663379425,-0.197237560600098,-0.0020882631784378,5.26270078573769,0.00106270016997307,0.0108704873761897
"gene-UTP18|UTP18","UTP18",6.4397962418476,0.240973423985014,-0.269793781477277,-0.501094725269284,0.266174498908015,5.26207062672974,0.00106360828561759,0.0108704873761897
"gene-TCF12|TCF12","TCF12",8.9527861608393,-0.0211224489658512,-0.234094955470969,-0.41278295935075,-0.511885546615888,5.25994623953987,0.00106667558095633,0.0108883935457119
"gene-LOC100230113|LOC100230113","LOC100230113",5.1124805128325,0.119898057624286,-0.306767876011947,-0.375498647341399,-0.128071711735187,5.25708779855096,0.00107081704771401,0.0109234632916112
"gene-LOC105759175|LOC105759175","LOC105759175",2.61738041019554,-0.301830487330195,0.125378577868906,0.322775906606421,-0.448297027905831,5.25608484817561,0.00107227407898005,0.0109311207985615
"gene-DNAJC2|DNAJC2","DNAJC2",5.60277893748058,0.33489777448549,-0.131924890673806,-0.259499201490431,0.31446638478725,5.25441180249696,0.0010747091100315,0.0109415286037747
"gene-LOC115497603|LOC115497603","LOC115497603",-2.70288863044754,0.623416799841561,-0.0721138018574221,-0.33349732647906,-0.501307634673932,5.25483947914547,0.00107408611034662,0.0109415286037747
"gene-ANKRD2|ANKRD2","ANKRD2",2.55435869558406,-0.115570292782512,-0.355504806126532,-0.15183189669606,0.580551832699623,5.25236959387577,0.00107768911934262,0.0109557224897647
"gene-LOC140685090|LOC140685090","LOC140685090",3.21471119853379,0.3463044407711,0.502480563269239,-0.127663241497635,-0.734637928642591,5.25200148758661,0.00107822716328993,0.0109557224897647
"gene-SLC16A5|SLC16A5","SLC16A5",-1.84919599184232,0.577643408882736,0.67688762432947,-1.27801305440104,0.412897206763706,5.25259028197292,0.00107736668166058,0.0109557224897647
"gene-LOC140681042|LOC140681042","LOC140681042",1.88197674501063,0.0661729302861704,1.21846778144651,0.91873954489728,0.410226386763901,5.24957564004373,0.00108177980271257,0.0109846079048406
"gene-PRKAG1|PRKAG1","PRKAG1",3.9547557474898,0.0286092236986759,0.124424947200787,0.471176107989411,0.622034415735868,5.24489204626923,0.00108867286863327,0.0110473525521966
"gene-MAST2|MAST2","MAST2",7.88352758246988,-0.349740866360976,-0.426155395263487,0.118245358389613,0.130922653013393,5.24404177206638,0.00108992907577023,0.0110528521936725
"gene-ZFYVE19|ZFYVE19","ZFYVE19",4.40007074117985,-0.130187885317352,-0.237482963602108,0.160641624606238,0.42262359317101,5.24282662982553,0.00109172692246734,0.0110638337427519
"gene-LOC100220534|LOC100220534","LOC100220534",0.36801145144682,-0.842095236532689,1.3852574643542,0.837493727685407,-0.348896004632254,5.23986407943791,0.00109612286756959,0.011072959406604
"gene-MTPAP|MTPAP","MTPAP",2.20269390562728,-0.680459059112023,0.109260739915074,0.237791643064255,-0.164408503764189,5.23987502044253,0.00109610659956947,0.011072959406604
"gene-LOC115493557|LOC115493557","LOC115493557",-0.331101241487206,-1.6642771436971,-0.00317903387046592,-0.4882894240126,-0.442387649614244,5.24115318683752,0.00109420781639346,0.011072959406604
"gene-SH3TC2|SH3TC2","SH3TC2",-1.93232380748928,-1.13811571649835,2.1322869399868,0.883266679207819,0.151421007315711,5.23884703842813,0.00109763616993412,0.011072959406604
"gene-LOC116809018|LOC116809018","LOC116809018",4.76447597655704,1.14335207302293,1.05382476971491,0.17003849033652,-0.28235320334033,5.28775403018443,0.00109730049122672,0.011072959406604
"gene-SEPTIN9|SEPTIN9","SEPTIN9",2.06179078447981,-1.12165308968599,-0.182374991966809,0.256239320705796,-0.501104357850578,5.23955383966791,0.00109658426096102,0.011072959406604
"gene-PTGES3|PTGES3","PTGES3",7.26886205264503,0.0510508429554735,-0.259128929776595,-0.484759614699817,-0.0363163328665221,5.2397945548039,0.00109622624838682,0.011072959406604
"gene-REX1BD|REX1BD","REX1BD",-0.740086796246323,-0.639262541119884,0.75971393319756,0.916369319716282,0.553897463604837,5.23819561473779,0.00109860657783148,0.0110755288546855
"gene-XPO1|XPO1","XPO1",4.8165189227613,0.347632603814621,-0.435371529219383,-0.144714587586554,0.0619021721840562,5.23722201843534,0.0011000585562412,0.011082946717339
"gene-LOC140681745|LOC140681745","LOC140681745",-0.0842821244295851,0.938182320401515,0.284374151537381,0.188111952590603,-0.247131750472506,5.23578745013332,0.0011022015916541,0.0110973127071224
"gene-ATF3|ATF3","ATF3",-3.43040399446345,2.56430963717362,2.73841717554774,2.48913119848182,0.782640188987564,5.23359014139846,0.00110549234646443,0.0111232081024298
"gene-TRMT2A|TRMT2A","TRMT2A",3.74549493885644,0.365155392841122,-0.132683130609734,-0.301008555727337,-0.0232898126485113,5.22798522747281,0.00111393209532647,0.0112008441684062
"gene-AMPD3|AMPD3","AMPD3",3.14033702386982,-0.441243176598836,0.584452967742005,0.0561058031435935,-0.416166678509858,5.22556910813237,0.00111759056589253,0.0112303337709006
"gene-POLH|POLH","POLH",4.13310801266105,-0.0461864689895073,-0.0361977848224848,0.170886659623332,0.510771902309105,5.22276966535943,0.00112184486053244,0.0112567601221125
"gene-MBNL1|MBNL1","MBNL1",9.9222696222292,-0.0792067990728214,-0.173200105429297,0.086501900394472,0.208212733379263,5.22325390016346,0.00112110778709327,0.0112567601221125
"gene-IP6K2|IP6K2","IP6K2",5.15281216583929,0.209443643601753,-0.223235177675862,-0.361608651203694,-0.104057767270122,5.22240343723389,0.0011224026409318,0.0112567601221125
"gene-LOC105760995|LOC105760995","LOC105760995",5.48466667994326,0.38566771683103,-0.0995250545119255,-0.417152838606836,0.126960788689595,5.22080036084381,0.00112484753757829,0.0112739738627099
"gene-PIK3CA|PIK3CA","PIK3CA",9.84430584095877,0.129962998590226,-0.106005190821831,-0.263143186921177,-0.404853792273389,5.21909001272532,0.00112746205394497,0.0112928642620055
"gene-LEF1|LEF1","LEF1",0.23933722878793,-1.89094833746057,-0.643971849921316,-0.504029550770014,-0.898648476992198,5.21810129012389,0.00112897629952549,0.0112934119167143
"gene-TALDO1|TALDO1","TALDO1",2.26745179183338,-0.558397844637507,0.618242150131099,0.174635533615769,-0.189488255085988,5.21833133421886,0.00112862379717021,0.0112934119167143
"gene-LOC115497642|LOC115497642","LOC115497642",4.49063988089467,0.760861136339725,0.462544056432706,0.0168566980400087,0.121211968996191,5.21517669063995,0.00113346758164151,0.011331014745415
"gene-TOX2|TOX2","TOX2",-0.383389586906554,-1.40859843376255,-0.266318541697854,-0.146761478109855,-0.124313952477355,5.21355289928222,0.00113596912272485,0.011348690880676
"gene-NDUFS6|NDUFS6","NDUFS6",4.26656242546601,-0.0738003953427624,-0.12937324481112,0.269927017661135,0.343212860016016,5.21208457116532,0.00113823603355053,0.0113573372695783
"gene-MARCHF8|MARCHF8","MARCHF8",1.30593996860229,-0.840454721550423,0.316035075950846,-0.00957834483362152,0.0173276824397848,5.21204160985669,0.00113830243005595,0.0113573372695783
"gene-CEBPD|CEBPD","CEBPD",2.09934261432252,0.205238010077843,1.10882443303559,0.583814935686087,-0.366021659627355,5.21078280905113,0.00114024966335178,0.0113694352708562
"gene-IQCH|IQCH","IQCH",0.724865039618168,0.449126433107573,0.320758106223734,0.191915103076311,-0.558594801043254,5.21019089142514,0.00114116647733108,0.011371249991435
"gene-LOC115493544|LOC115493544","LOC115493544",1.15302670673116,0.689602575200683,0.148868358682733,-0.178539423881625,0.144722092676299,5.20874038531133,0.00114341634268551,0.0113859997719042
"gene-MUSTN1|MUSTN1","MUSTN1",1.36462739961514,-0.399306148239974,-0.759903545953077,-0.188413726039405,0.553631882918233,5.20828846978326,0.00114411823233027,0.0113859997719042
"gene-RUSC2|RUSC2","RUSC2",-5.52092211094465,-2.98536121969105,-2.59193592453305,-1.5679797290991,-1.36588322836411,5.2055170184561,0.0011484323583875,0.0114215878830633
"gene-LOC100232309|LOC100232309","LOC100232309",1.80660412778252,0.575891090359752,0.391222076462137,0.492944447661321,1.26751223611589,5.20387834706218,0.00115099100074108,0.0114323400105701
"gene-MED1|MED1","MED1",7.23248833761613,0.378071163005916,-0.0670289448665393,-0.383823220784671,0.172061625163978,5.20433739612216,0.00115027364742608,0.0114323400105701
"gene-YKT6|YKT6","YKT6",3.73449889827951,-0.134569243409696,0.0433233419879375,0.155787976473942,0.332456327937021,5.19854168305433,0.00115936428725634,0.0115081220944784
"gene-BCL10|BCL10","BCL10",4.25071241847141,-0.128796656767434,-0.0946073520411694,0.00379304566582928,0.277219574782432,5.19720127475089,0.00116147719139133,0.0115217048312698
"gene-RAB11FIP3|RAB11FIP3","RAB11FIP3",1.86764324791016,0.590549161831134,0.107438577739533,0.32068909049387,0.0243300492684624,5.19437529856832,0.00116594475166776,0.011558613089083
"gene-RGS19|RGS19","RGS19",3.4774825161719,-0.32798423908013,0.289774069899845,0.262078881099332,-0.403067027998819,5.19381640669021,0.00116683038175168,0.0115599872968036
"gene-AGPAT2|AGPAT2","AGPAT2",0.852145403204421,-0.703027675508011,0.537811594815953,0.278468070070883,-0.376976933706963,5.19306641773428,0.00116801991065596,0.0115643685971855
"gene-C35H6orf136|C35H6orf136","C35H6orf136",5.53657753625522,-0.165396475328908,0.0299490420023325,0.469031039451997,0.527008986277679,5.19185044498372,0.0011699511591551,0.0115760832403613
"gene-LOC140683827|LOC140683827","LOC140683827",4.89762236826875,0.69350711609048,0.173232591607183,-0.186322651052681,-0.0877975118690282,5.19120735158109,0.00117097386372202,0.0115787990677944
"gene-LOC115497621|LOC115497621","LOC115497621",0.980081774225644,0.774916731783256,-0.0551877936001424,0.0874877983624918,0.0950305363490022,5.19032427202718,0.00117237970809904,0.0115844575478833
"gene-ARHGEF18|ARHGEF18","ARHGEF18",5.32703347318595,-0.27305194830743,0.0796232084907516,0.33748330532826,-0.0788092482235578,5.18990781796655,0.00117304329418631,0.0115844575478833
"gene-PUS3|PUS3","PUS3",2.35245534357562,-0.0805883618711318,0.0353242169032617,0.433540154003575,0.227584444896854,5.18842083546256,0.00117541582256274,0.0116004846008663
"gene-CD40LG|CD40LG","CD40LG",-0.177600282026423,-0.836879587045918,-0.165409080662693,-0.218742786682796,0.130308223467564,5.18659176545598,0.0011783409058743,0.0116158751700585
"gene-LOC140684932|LOC140684932","LOC140684932",-0.517308390743694,0.133730665825932,-0.431859975608346,-0.677981055715799,-0.80795259862091,5.18650708332946,0.00117847651159883,0.0116158751700585
"gene-SETBP1|SETBP1","SETBP1",0.699703748833601,-0.725031691209078,-0.0670970937693992,0.350634760557515,0.144668255800936,5.18412699199515,0.00118229441690664,0.0116460891799046
"gene-SAMTOR|SAMTOR","SAMTOR",1.51284747387897,-0.630847090456584,-0.428829809243029,-0.123484382154561,-0.112608078470876,5.18240761731185,0.00118506034712688,0.0116510856872862
"gene-ARMC9|ARMC9","ARMC9",1.41904831893082,0.456928461702439,-0.226351170489606,-0.539752208735283,-0.081137815439176,5.18258704156844,0.00118477140072861,0.0116510856872862
"gene-ALDH3A2|ALDH3A2","ALDH3A2",-1.10663989634842,-1.46378857359566,0.249954539752194,0.0679096197950558,-0.880495237144857,5.18300439824433,0.00118409956501672,0.0116510856872862
"gene-LOC115495691|LOC115495691","LOC115495691",-0.481409610090453,1.14103583223056,0.300828729030296,0.260037981898201,0.514593588724315,5.18180356738956,0.00118603364512695,0.0116532512116442
"gene-CHUK|CHUK","CHUK",5.30804142986158,-0.045609657691065,-0.215957520204744,-0.0316228631750111,0.457962085636547,5.17993250306006,0.00118905366717467,0.011669855475891
"gene-CD3E|CD3E","CD3E",2.75004621998419,-1.53927162654043,-0.0863992867016834,-0.189438852509701,-0.609854179152862,5.19127281987479,0.00118923179873862,0.011669855475891
"gene-MAL|MAL","MAL",3.79610625162882,0.726166293327184,-0.225174105017472,-0.16328081721304,0.282084266325056,5.17877426049057,0.00119092709387607,0.0116790854104767
"gene-UBE2S|UBE2S","UBE2S",9.19837509652108,0.716418983760956,0.673493937947386,0.241245171627051,-0.051438612836268,5.17786866050393,0.00119239398394301,0.0116860651687892
"gene-HDAC5|HDAC5","HDAC5",8.32076112233861,0.0726810842356151,-0.0420035932052958,0.430489904676136,0.5811639755255,5.17614430504923,0.00119519221272061,0.0117060756277541
"gene-CCDC117|CCDC117","CCDC117",9.2725774080509,0.118851661935159,-0.284755230191241,-0.451417520192763,-0.387674849218143,5.17471963749128,0.00119750919170754,0.0117204123919855
"gene-LOC115498119|LOC115498119","LOC115498119",1.33190214236733,1.4868384329369,1.03449080644944,0.455950073896513,0.485141291676172,5.17431337379512,0.00119817075309345,0.0117204123919855
"gene-JAK3|JAK3","JAK3",2.35251648424196,-0.801128177064561,0.248181318983476,0.0678663721656338,-0.27516415918915,5.17135379769346,0.00120300144966494,0.0117602321121699
"gene-TATDN3|TATDN3","TATDN3",2.20983261972201,-0.105687153203333,-0.0424880863905859,0.476081689239118,0.567677566451342,5.16928053430986,0.0012063973626643,0.0117859843353725
"gene-R3HDM1|R3HDM1","R3HDM1",3.46774399320283,-0.211298832048428,0.0128213503171191,0.279186692487162,0.297381544157532,5.16508724544546,0.00121329582938278,0.0118459009209454
"gene-LOC140684007|LOC140684007","LOC140684007",1.87519420551899,0.833606657466648,-0.0408003387181943,-0.360807211358227,-0.528866648481573,5.1649894188301,0.0012150080404791,0.0118551383520896
"gene-FUNDC2|FUNDC2","FUNDC2",4.0547540769183,-0.393970327014985,0.0461411328371568,0.122911511064074,-0.0274817808538588,5.1622487245386,0.00121798846074359,0.0118767305797146
"gene-LOC140684149|LOC140684149","LOC140684149",-5.05843525991176,-2.95051640385819,-3.59122311111607,-1.22837994045324,-3.43287626475098,5.16173431513027,0.00121884086810894,0.0118775582077997
"gene-VIRMA|VIRMA","VIRMA",6.79235383541673,0.170234158222555,-0.135876332655086,-0.347051791204211,-0.0918485711394634,5.15760372037488,0.00122570770345476,0.011936958282544
"gene-MAP1LC3B|MAP1LC3B","MAP1LC3B",5.49480056597922,-0.279791661250373,-0.157786137024119,-0.121213511408572,0.0752818772928006,5.1567500730834,0.00122713176843535,0.0119433107651176
"gene-LOC140683664|LOC140683664","LOC140683664",2.99895891373396,0.21896700283461,-0.0520556438536794,-0.0461866414439411,-0.570555919187963,5.15577185566036,0.00122876572671524,0.0119516968076168
"gene-NRK|NRK","NRK",4.30677980108554,-1.12916825687541,0.236207902834328,0.00475647277867619,-0.449053351865297,5.16110006357632,0.00124029060800132,0.0120109494110266
"gene-LOC100225286|LOC100225286","LOC100225286",1.59094046217995,-0.304804726939485,1.18610100100064,-0.0683207828394008,-0.699338400660584,5.14961769867498,0.00123909651524045,0.0120109494110266
"gene-MEIKIN|MEIKIN","MEIKIN",2.52930048216987,0.788674593253823,0.43145244943511,0.121825547651699,-0.189873436498878,5.15054976344997,0.00123752618919095,0.0120109494110266
"gene-LOC100228280|LOC100228280","LOC100228280",-4.19623464618545,-0.392348643102013,2.10233745452291,0.165165360467223,-1.80763859049323,5.15117481531392,0.00123647425494823,0.0120109494110266
"gene-UBXN6|UBXN6","UBXN6",3.65526417467243,-0.285220144777682,-0.132730493741113,0.288297246436965,0.349761022318285,5.14906934509243,0.00124002132497075,0.0120109494110266
"gene-LOC115491799|LOC115491799","LOC115491799",2.81958376868134,-0.400010355225366,0.0633947104952841,0.170043487784258,0.356730946446441,5.15087011174255,0.00123698694292821,0.0120109494110266
"gene-COL4A1|COL4A1","COL4A1",-5.15719427538096,-3.47848627114738,-3.75397173792995,-2.96386417005688,-2.68102120434688,5.14925384843959,0.00123971007734274,0.0120109494110266
"gene-LOC140682601|LOC140682601","LOC140682601",-4.9712800551234,2.06319390557836,0.703259140923407,0.00801491422618561,-0.537245283005109,5.14707437106068,0.00124339185916453,0.0120334515450726
"gene-TBKBP1|TBKBP1","TBKBP1",1.31396187371668,1.71245478679055,1.57668407628485,0.780315925286671,0.66963058716353,5.14566467275113,0.00124577921938673,0.0120490208875061
"gene-LOC140684795|LOC140684795","LOC140684795",1.35714365726642,0.849277284802956,0.75310821122774,0.0407678191060212,-0.337900333690736,5.14229380875359,0.00125150691816255,0.0120968579378922
"gene-SEH1L|SEH1L","SEH1L",4.8409892963744,-0.199049257653643,-0.249935382901278,0.54553627802153,0.0884579334655022,5.14050880735538,0.00125455086970147,0.0121125145528563
"gene-ARL4C|ARL4C","ARL4C",0.999489922667635,0.0841449038165066,1.75316635609175,0.800190755147405,0.121966683246864,5.14042607433803,0.00125469213752689,0.0121125145528563
"gene-PCSK7|PCSK7","PCSK7",6.80001666160579,-0.108273645255785,-0.204681997181897,0.0992921638712954,0.345922406182643,5.1390871238907,0.00125698068169824,0.0121270424247383
"gene-LOC115493337|LOC115493337","LOC115493337",0.154242281057694,0.571135275058433,0.160619716032544,-0.189692665162844,-0.322386790402893,5.13850268935576,0.00125798094151789,0.0121291308847286
"gene-LOC115494366|LOC115494366","LOC115494366",-0.324703174834716,-2.19001405785705,-0.708774091702402,-0.764459946615789,-1.36043768680136,5.13755709633729,0.0012596010510671,0.0121371894553321
"gene-NRAS|NRAS","NRAS",5.19501937698548,-0.000780199816749594,0.0356431557566532,0.0854671728340515,0.375333538296097,5.13674806407097,0.00126098888375333,0.0121430012296719
"gene-DOK3|DOK3","DOK3",3.75601154386387,0.830060834725665,0.0996372781129291,0.0858689590939772,0.584591461978793,5.13490146831241,0.00126416244678471,0.0121659912089511
"gene-LOC116807788|LOC116807788","LOC116807788",-0.426857529807207,1.68453999299854,0.385181514774796,0.382322543924783,1.0212816095852,5.13285742802418,0.00126768487885076,0.0121923079553857
"gene-CLINT1|CLINT1","CLINT1",4.72020765440831,-0.22741506154814,0.0324865970125341,-0.0497609720306746,0.097099643742455,5.13104474608014,0.00127081702777245,0.012214840686198
"gene-IFI30|IFI30","IFI30",2.64879307862127,-0.385918178851294,1.15015941227492,0.51838655175717,-0.0344192780199863,5.12955396571481,0.00127339889925598,0.0122320595692032
"gene-LOC101233739|LOC101233739","LOC101233739",1.97148286045687,-1.23426882227387,-0.110510029098644,-0.0907470789308484,-0.20833620241345,5.12761524985852,0.0012767645851773,0.0122326361709555
"gene-SLC25A6|SLC25A6","SLC25A6",5.88009554713498,0.286165656906315,0.112897063711899,-0.09080331750119,-0.120576286157006,5.12736219077989,0.00127720457728365,0.0122326361709555
"gene-LOC101234087|LOC101234087","LOC101234087",-2.28122663086334,-1.72230529816892,0.851643008557371,0.445025821275725,-0.956769115430645,5.12696771679341,0.00127789075626791,0.0122326361709555
"gene-SLX9|SLX9","SLX9",0.453215555808847,-0.500956272927092,0.33959470300851,0.533045402674511,0.180266993318402,5.1270121116779,0.00127781351347369,0.0122326361709555
"gene-ESRP2|ESRP2","ESRP2",-4.87680686700347,-0.0488866499400524,2.9226192729976,2.13296306353118,1.95864369547399,5.12700212726673,0.00127783088496417,0.0122326361709555
"gene-IPO4|IPO4","IPO4",5.63704469751128,0.0901976263715136,0.399016535297983,0.295147500655602,0.67000540472039,5.12678898006175,0.00127820178923652,0.0122326361709555
"gene-LOC115496385|LOC115496385","LOC115496385",-0.821907420614451,0.586003993341575,-0.0741710423895424,-0.183082581071122,-0.686195657607132,5.1246030321814,0.00128201199695315,0.0122615177088071
"gene-NRBP1|NRBP1","NRBP1",6.55652274540046,-0.116309448048268,0.00698705068540129,0.0912996102021495,0.263993014578571,5.12287779024336,0.00128502738506986,0.0122827663891019
"gene-LOC140681409|LOC140681409","LOC140681409",0.330641004180413,-0.816779820935844,0.502041731370033,0.192167474325568,-0.000631629400870359,5.12161224795591,0.0012872439250599,0.0122963578643839
"gene-TSPAN31|TSPAN31","TSPAN31",2.12366777797726,-0.171200212265875,0.133327251940591,0.142373055710868,0.467581113716552,5.1196843104571,0.00129062814914791,0.0123210799556224
"gene-PLEKHO2|PLEKHO2","PLEKHO2",4.20024800083655,-0.565584629211158,0.21558100943677,0.094206739825907,-0.566821903984988,5.11875468041061,0.0012922632392578,0.0123290836174565
"gene-TMEM150C|TMEM150C","TMEM150C",-2.44453625693552,1.25064019425955,1.45175132765263,-0.176794100205774,-0.144781547740819,5.11717980915367,0.00129503806190439,0.0123403411379128
"gene-LOC140685266|LOC140685266","LOC140685266",1.14149555550956,0.614729653629525,0.680269479450635,0.195171345956081,-0.336474125291454,5.11750200479867,0.00129446987766716,0.0123403411379128
"gene-ZNF507|ZNF507","ZNF507",6.11051333758091,0.212151014977083,-0.0314196851556314,-0.226197339225487,-0.194656160584325,5.11662770921477,0.00129601227069502,0.0123420245470802
"gene-PIK3R6|PIK3R6","PIK3R6",-0.677352106560556,-1.79727012250961,-0.720325056112077,-0.231768972292855,-0.0700017009968758,5.11490951534489,0.00129904891755044,0.0123633345627879
"gene-CFAP57|CFAP57","CFAP57",-3.57538028995298,-1.53012588936339,-0.552632687548809,0.213274532086931,0.76238659869992,5.11005638488304,0.00130766550792015,0.0124300514343147
"gene-ABHD16A|ABHD16A","ABHD16A",5.28112326697188,-0.067966703945471,0.176243255266027,0.524656306466336,0.544437499479059,5.11038369474979,0.00130708254245266,0.0124300514343147
"gene-NUBP2|NUBP2","NUBP2",4.41584093459625,-0.161668879659467,-0.285611591096965,-0.019585605134786,0.31333345462196,5.10766779509544,0.00131192785026435,0.0124629118986131
"gene-TICAM1|TICAM1","TICAM1",3.25649116145691,0.348171827062031,0.0299394398119528,-0.571707108425863,0.191707454328076,5.10599821677053,0.00131491559160303,0.0124836311534092
"gene-UAP1|UAP1","UAP1",3.6574068885425,0.564295389221484,0.00506342440386653,-0.103411835633334,0.190457320854458,5.10533692231486,0.00131610091603756,0.0124872235902399
"gene-LOC100220978|LOC100220978","LOC100220978",0.851381579194977,1.02524416567218,0.33443621045587,0.153169198997752,0.129157001498668,5.10475668851227,0.00131714184613047,0.0124872764559792
"gene-SHC1|SHC1","SHC1",4.90767753139271,0.159225354559983,0.23255303423663,0.338067171579281,0.562172206698918,5.10443442136246,0.00131772035234986,0.0124872764559792
"gene-DOCK4|DOCK4","DOCK4",-1.39094949248498,-1.40698532680227,1.31624000779416,0.227107049802112,-0.86037958830961,5.10283208009628,0.00132060060299672,0.0125069120755044
"gene-RABGAP1|RABGAP1","RABGAP1",5.28558826357499,-0.258654456365007,-0.156341140404933,-0.0850078062996378,0.0641994443066043,5.10194689776808,0.00132219450535788,0.0125143486057573
"gene-CSNK1G3|CSNK1G3","CSNK1G3",-0.0252683480823948,-0.788619664938102,-0.66464248219326,-0.308915365786566,0.0890997679098005,5.10052771706952,0.00132475406361868,0.0125309102289114
"gene-CD37|CD37","CD37",3.85373241243079,-0.179255203233279,0.247638468421239,0.406962555578603,0.281162222226222,5.10003538666808,0.00132564318936192,0.0125316605713963
"gene-SNX12|SNX12","SNX12",7.06688929727213,0.233714232454245,0.0699145169001003,-0.0335949086522493,0.0456745406498262,5.09811459010171,0.00132911790549199,0.0125568373549991
"gene-AKAP9|AKAP9","AKAP9",6.40810001879497,-0.396207108279897,-0.704354631272428,-0.0536242297116214,0.0563922867399986,5.09209734029913,0.00134006359189711,0.0126525223212982
"gene-MRPL37|MRPL37","MRPL37",0.698821106354364,-0.573295507040711,0.107136822735371,0.341962956256899,-0.280290735550919,5.09075153661991,0.00134252428383474,0.0126680263977699
"gene-SARAF|SARAF","SARAF",5.45278553659084,0.159351034478761,-0.263867165735344,-0.64487060152817,-0.140741455884851,5.08875548601398,0.00134618242270949,0.0126948037729612
"gene-LOC115496994|LOC115496994","LOC115496994",-2.74797594490554,-0.863083035568657,2.04264601990838,-0.262398048246392,0.687570184859915,5.08651393510725,0.0013503026570197,0.01271815801423
"gene-NUP42|NUP42","NUP42",3.5856241123646,-0.20204258308648,-0.644017313035405,-0.286574818773215,0.321333246011787,5.08689657150674,0.00134959841332256,0.01271815801423
"gene-RNF149|RNF149","RNF149",0.755099754353186,-0.872761787402092,0.140795477450097,-0.305884739908246,-0.955413555165402,5.08431123303554,0.00135436406318026,0.0127398977447888
"gene-IHH|IHH","IHH",-2.20914944443605,1.03789671200123,0.303465767918366,-0.784780445661688,-0.677124842415603,5.08392334248169,0.00135508056141664,0.0127398977447888
"gene-SLC37A4|SLC37A4","SLC37A4",3.25681995080799,0.279415314702397,-0.237280061732922,-0.392462431454851,0.30173245281093,5.08427331950264,0.00135443407865898,0.0127398977447888
"gene-SLC39A9|SLC39A9","SLC39A9",4.05185208705413,0.137656413227422,-0.286013119327267,-0.298187802226903,-0.0806999727065385,5.08292293937451,0.00135693026401508,0.0127495420981381
"gene-CTSZ|CTSZ","CTSZ",5.03340740778262,0.404863161404885,0.0965080008812054,0.0459097685985324,-0.137756320763511,5.08177942789937,0.00135904773491672,0.0127616891370365
"gene-LOC115493244|LOC115493244","LOC115493244",0.0382939257587661,-0.615907474204863,0.677793631145807,0.308944490419824,0.0968792923239225,5.08112954186339,0.00136025265397522,0.0127652576229634
"gene-AKAP10|AKAP10","AKAP10",2.6870199722456,-0.252438521566476,0.205980335939838,0.0437370414009677,0.266943931807277,5.07861759352939,0.00136492021836616,0.0128012971995251
"gene-LOC100221272|LOC100221272","LOC100221272",4.06666153061797,-0.749072763204472,-0.27857559570904,0.228216059728141,-0.0978025483684242,5.07724163713431,0.00136748389404125,0.012817573143724
"gene-HAS3|HAS3","HAS3",0.881189044346503,1.25345065828366,0.666790426440538,0.212983864783969,0.506185852087426,5.07627847931035,0.00136928137861171,0.012818892519066
"gene-ANAPC2|ANAPC2","ANAPC2",1.90470608681187,-0.423020990063102,0.454984290637675,0.382070706774151,-0.21935901018801,5.07661476193406,0.00136865351947822,0.012818892519066
"gene-LOC140685096|LOC140685096","LOC140685096",-1.95233988361617,0.773705110064062,0.562595935743151,0.0130541814939273,-0.51182530256566,5.07520483229703,0.0013712879144652,0.0128221634298181
"gene-VSTM2L|VSTM2L","VSTM2L",0.220717004186083,1.26319184695832,0.310125262282516,-0.18083459196426,0.558021697807941,5.07539691520936,0.00137092871023343,0.0128221634298181
"gene-CYGB|CYGB","CYGB",-2.63945374410913,2.01451426449543,2.82996947898899,1.45606082956417,0.198602260442562,5.0732999310131,0.00137485539223411,0.0128477579678882
"gene-RBM27|RBM27","RBM27",6.10765080678665,0.0609964161431229,-0.178961788464521,-0.0786336884792993,0.249137544025555,5.07142992730944,0.00137836675855136,0.0128727975791082
"gene-VAPB|VAPB","VAPB",5.58705550072921,-0.114861462935945,0.173339637773053,0.296714566124108,0.232131948475577,5.0707551637022,0.00137963603739617,0.0128768803852266
"gene-MCM3AP|MCM3AP","MCM3AP",5.94082927163369,0.0587618997687054,-0.524300483919028,-0.252383559681377,0.159103811894869,5.06978574276842,0.00138146168309322,0.0128783852685949
"gene-BCL2L1|BCL2L1","BCL2L1",9.56353537503106,0.108018252124726,-0.0279391945446239,-0.298674902481862,-0.356027018258924,5.07015420796994,0.00138076748593387,0.0128783852685949
"gene-RMND1|RMND1","RMND1",5.77733017210966,-0.257395301596077,-0.421419184908875,-0.0705944511943386,0.0856060503038654,5.06909429137744,0.00138276535861792,0.012882777799285
"gene-PRKD3|PRKD3","PRKD3",4.33970366219396,-0.55588100541857,-0.364493549453349,-0.168140522839201,-0.236667248125825,5.06549865263202,0.00138956498044304,0.0129383381903466
"gene-PPWD1|PPWD1","PPWD1",2.05867246826408,-0.194604790424024,0.146031747986498,0.0739763977532069,0.250577011011385,5.06111436754427,0.0013979023390844,0.0130081411288822
"gene-MCRS1|MCRS1","MCRS1",5.70399085467217,-0.00438711001714243,-0.0600336163042527,0.181915480535009,0.312995876827283,5.05930574545312,0.00140135660530668,0.0130324479970678
"gene-POLG|POLG","POLG",1.68805830041616,-0.240714876715608,0.244905138077493,0.452113194279393,0.386849585725153,5.05809285779274,0.00140367797995871,0.0130408211987187
"gene-LOC115491449|LOC115491449","LOC115491449",1.81490870886455,0.917765888616375,0.667328002576377,-0.0395062708443399,0.279635963910477,5.05795484975851,0.00140394236620778,0.0130408211987187
"gene-BFAR|BFAR","BFAR",7.19981783264631,0.223445819794155,-0.0909284292223012,-0.301302049939188,-0.345685680937022,5.05748203435469,0.0014048485399113,0.0130414104109942
"gene-ANKRD54|ANKRD54","ANKRD54",6.82282146948401,0.344314692992514,0.156420217392404,-0.151404881909378,-0.122499908872006,5.05629846988852,0.00140711952555596,0.0130546610659344
"gene-BCL2|BCL2","BCL2",-0.101992937812707,-1.06140651298316,-0.133421961948498,-0.0844846685096237,-0.103934238949,5.05342350315492,0.00141265158784282,0.013090289414292
"gene-PSMD2|PSMD2","PSMD2",6.56211696637607,-0.0570365805205624,0.191212463209962,0.243838486627729,0.265898044741527,5.05367885113054,0.00141215934286348,0.013090289414292
"gene-NFAM1|NFAM1","NFAM1",1.21820608926103,-0.201712910998323,1.34589818111696,0.474951458349517,-0.124902205952528,5.05242523713312,0.00141457767361876,0.0131002929379116
"gene-LOC140682073|LOC140682073","LOC140682073",2.03730612212107,0.466153317079162,0.128683780853369,0.0540833000048726,-0.26338886062006,5.05161407590928,0.00141614473356519,0.0131069615741156
"gene-LOC115493148|LOC115493148","LOC115493148",5.21406542966528,-0.263174667096254,-0.0100716044547147,0.135298046351552,0.140362783570397,5.04916843772178,0.00142088016118711,0.0131429291657923
"gene-EPHX2|EPHX2","EPHX2",-2.48705288172502,0.327617679331691,2.16669919121956,1.71497966204196,1.54752827152915,5.04803313071828,0.00142308393462796,0.0131475963512643
"gene-ACSS2|ACSS2","ACSS2",3.02275228437903,0.0453950088511346,0.586321446110823,0.448787619290036,0.32371106863794,5.04826230577518,0.0014226387953192,0.0131475963512643
"gene-LOC140684013|LOC140684013","LOC140684013",-0.154427707911111,0.98363779597331,0.557890902387169,0.125021327810908,-0.284884147602135,5.04558317547527,0.00142785153797721,0.0131837724046524
"gene-DBNL|DBNL","DBNL",2.7763453613297,-0.385987489326255,0.422057101827765,0.369597610818506,-0.0332698483356189,5.04201833426228,0.00143481793277994,0.0132401952950325
"gene-LOC140684209|LOC140684209","LOC140684209",3.82701302820628,0.377110908079821,0.138545612620547,-0.0491517975516342,-0.721375635764895,5.04087712059925,0.00143705543252747,0.0132433777490317
"gene-CCDC92B|CCDC92B","CCDC92B",-2.55854676099314,-0.373692073989293,2.39873825214935,2.79228591740268,0.720915052462364,5.04041229600798,0.00143796780596716,0.0132433777490317
"gene-LOC115490725|LOC115490725","LOC115490725",-1.95978156567489,-2.30681705031545,-0.462826200343863,-0.538783428467697,-0.85008639593766,5.04009752947873,0.0014385859771323,0.0132433777490317
"gene-TUBA1B|TUBA1B","TUBA1B",3.20651768370002,-0.486015869161631,-0.0159328248624844,0.218646559154404,-0.10810279555829,5.04065443480653,0.00143749245375762,0.0132433777490317
"gene-CDCA2|CDCA2","CDCA2",0.205336959599903,0.558194401273985,0.216121933170609,-0.299223422000489,-0.447403672216016,5.03630495046004,0.00144605566205138,0.0133026460720026
"gene-CKS2|CKS2","CKS2",5.87265164392416,0.206033741058358,-0.126158962154105,-0.604522937468278,-0.437161435292243,5.03595679993213,0.00144674334986626,0.0133026460720026
"gene-LOC100220107|LOC100220107","LOC100220107",2.33517418331782,0.532691736777896,0.335085462032533,0.258320013716784,-0.217081970074346,5.03218532023202,0.00145421449829442,0.0133544130931519
"gene-METAP1D|METAP1D","METAP1D",-0.944482940742452,0.355649187036829,0.593759657400368,1.009791436737,1.45888327041101,5.03180895458195,0.00145496222779025,0.0133544130931519
"gene-CRKL|CRKL","CRKL",6.39653257081857,0.0387141719872055,-0.344140515042591,-0.298076888349342,-0.312646273451887,5.03253465332906,0.00145352082670112,0.0133544130931519
"gene-SLC4A7|SLC4A7","SLC4A7",-0.0337050769728959,-1.64246569404826,0.20464108943629,-0.338519761804899,-0.689149456001526,5.02853110256803,0.001461491035644,0.0134001093423886
"gene-PAG1|PAG1","PAG1",-0.0230209464557601,-0.63368075604298,0.818946223987673,0.0113613435145503,-0.962284516375167,5.02844012567856,0.00146167267010998,0.0134001093423886
"gene-LOC140683700|LOC140683700","LOC140683700",3.08490424953392,0.436729661708967,0.107692407375662,-0.256196437600437,-0.266951842145716,5.02487129479665,0.00146881607133871,0.013447157086467
"gene-WTAP|WTAP","WTAP",7.57693284150901,0.0436126640033923,-0.30769633077088,-0.25977145492458,-0.135272584268614,5.02327720196434,0.00147201835893216,0.013447157086467
"gene-DEPDC1|DEPDC1","DEPDC1",2.68425752666086,0.0363366635242377,0.360873092246753,0.411642151441528,0.706646603325975,5.02363400470891,0.00147130097670351,0.013447157086467
"gene-LOC115496478|LOC115496478","LOC115496478",-0.896385419356251,0.436920343008167,0.218859198250383,0.458710536411558,-0.483535115519651,5.02337640954747,0.00147181885772365,0.013447157086467
"gene-PPP3CC|PPP3CC","PPP3CC",1.57580555765891,-0.374233369263653,0.224287611294193,0.183335878999841,0.306079489138325,5.02486956787937,0.00146881953658847,0.013447157086467
"gene-ERCC6L2|ERCC6L2","ERCC6L2",2.44624133143746,-0.112750628578958,-0.0374999033509069,-0.40812385042398,-0.870686808938687,5.02438866654502,0.0014697848438595,0.013447157086467
"gene-ZDHHC12|ZDHHC12","ZDHHC12",1.83584442521835,-0.212883815083779,-0.0230311691293774,0.119214475462056,0.584368531130978,5.02014021698708,0.00147834096887919,0.0134969477837201
"gene-ILF2|ILF2","ILF2",2.62008245687952,0.0790048206975942,0.379861792761401,0.450820509123986,0.53003738025501,5.01688450623899,0.00148493227667006,0.0135491314749229
"gene-LOC121470571|LOC121470571","LOC121470571",1.17378935266832,-0.35557827466665,1.18573987899789,-0.143627167872515,-0.534131447665451,5.01395385610557,0.00149089121616735,0.0135954870773068
"gene-CADM4|CADM4","CADM4",0.401939109739234,1.40648904698979,1.26190658129825,0.40958930799351,0.518495947239762,5.01241223365428,0.00149403564301658,0.0136081233523729
"gene-PNKP|PNKP","PNKP",4.26861380730169,0.0530322871780902,0.148006017268333,0.514400776361389,0.593174542990319,5.01249228452529,0.00149387219731823,0.0136081233523729
"gene-SLC25A25|SLC25A25","SLC25A25",4.00779238754713,0.125855856257789,-0.108824479224015,-0.024542334288749,0.489667711779127,5.01106370854623,0.00149679177854769,0.0136171973974283
"gene-STIP1|STIP1","STIP1",6.29990146047457,0.90147236514736,0.564935306854145,-0.0208465404724301,0.244911707371402,5.01296795475217,0.00149620916606868,0.0136171973974283
"gene-KEL|KEL","KEL",8.98770820003241,0.289777782553282,-0.0364969987765775,-0.224988660461339,-0.162362017356733,5.00966936362932,0.00149964703503441,0.0136271508321535
"gene-LOC100223967|LOC100223967","LOC100223967",-0.8998295482142,1.71023211879758,1.88097846478356,0.75384963944732,0.944031851992122,5.01009701861165,0.00149877071629152,0.0136271508321535
"gene-ISY1|ISY1","ISY1",5.82319253953345,-0.00538709639972712,-0.487530535705711,-0.280039967755286,0.138685357573541,5.0077434740521,0.00150359992925592,0.0136550521744339
"gene-ENO2|ENO2","ENO2",-1.23492860334881,1.10069226620685,0.593298242602122,-0.0319157961353842,-0.647823913259963,5.00704223165707,0.00150504187903062,0.013660130837536
"gene-USP7|USP7","USP7",8.90609260743639,0.153495780903796,-0.28154603799571,-0.331054884208962,-0.189649904292349,5.00607014716353,0.00150704309735358,0.0136702766304494
"gene-DQX1|DQX1","DQX1",5.64194520611567,0.162568451604606,0.148739778205622,0.476827861303054,0.526005445316189,5.00430333748646,0.00151068738450925,0.0136953059609143
"gene-GUCY2C|GUCY2C","GUCY2C",-5.35138690879211,0.557829884838259,-0.514725570835235,-0.641197202598718,-2.1893964772502,4.99909879458175,0.00152147498520738,0.0137850265785036
"gene-PSMC3IP|PSMC3IP","PSMC3IP",3.21973362707259,0.197872178440203,0.0969048957993626,0.28036249592672,0.919743971293795,4.99775630483305,0.00152427037359854,0.0138022726924736
"gene-TMEM167B|TMEM167B","TMEM167B",2.75377743200641,-0.00272331282916305,0.142275450256498,0.409679444067887,0.85166355940023,4.9964419512344,0.00152701226933533,0.0138190145426691
"gene-TMEM9B|TMEM9B","TMEM9B",4.96055756381321,-0.108254436023665,0.037994805876636,0.209182003339911,0.289459345809772,4.99192838489265,0.00153646659836594,0.0138964468788503
"gene-PPTC7|PPTC7","PPTC7",7.29945233329173,0.0491118940262432,-0.414101921854828,-0.367644950502532,-0.065828129930166,4.99093927786977,0.0015385464206519,0.0139071295908809
"gene-COMMD7|COMMD7","COMMD7",2.15936480849141,-0.497724886022638,0.175134548622511,0.287573706331285,0.250534698311704,4.98902469030232,0.00154258046829334,0.013935454026176
"gene-LOC140684168|LOC140684168","LOC140684168",-1.23725113911985,0.306727889027239,-0.943865716914315,0.0582708550035302,1.05691611725292,4.9876277145909,0.0015455307356304,0.013953960404831
"gene-ATRX|ATRX","ATRX",10.1995164361507,0.0935089569748584,-0.0842508801121156,-0.492889614793391,-0.385513759428177,4.98690524697811,0.0015470587774155,0.0139596120002943
"gene-RRP7A|RRP7A","RRP7A",1.75742727574426,-0.154269038552953,-0.609446353630628,-0.202916377151235,0.339511094413564,4.98423998101504,0.00155270928765308,0.0139698698990881
"gene-LOC105759171|LOC105759171","LOC105759171",-0.900436038187974,-1.31324532785297,-1.32024029618169,-0.52983463365433,-0.251244783379983,4.98472163146503,0.00155168660054611,0.0139698698990881
"gene-PATL1|PATL1","PATL1",4.79843328431415,-0.0551993491694915,0.00329557851996309,0.18533913164713,0.33642393459586,4.98532962177262,0.00155039664081058,0.0139698698990881
"gene-SLC38A7|SLC38A7","SLC38A7",1.68773897950873,0.548390990171515,-0.294697632082932,-0.0504080199139878,0.103081255093913,4.98571032949041,0.00154958946051455,0.0139698698990881
"gene-EEF2K|EEF2K","EEF2K",0.951448757872437,-0.669986602380361,-0.414591940283359,0.185191518101787,-0.0740348674206115,4.98430883988499,0.00155256303754074,0.0139698698990881
"gene-LOC121470097|LOC121470097","LOC121470097",8.08332648791318,0.383707300040896,-0.0930336076644211,-0.0350123645538432,-0.375046596023723,4.98300287386929,0.00155533919706823,0.0139854003919993
"gene-VCF1|VCF1","VCF1",7.38027436552324,0.220425461643538,-0.146071935309992,-0.166235761628518,0.214467326182819,4.98136363684781,0.0015588310013985,0.0140086583894552
"gene-SERPINF1|SERPINF1","SERPINF1",3.06572894835673,0.691347843468819,0.158066733132034,-0.388802303672295,0.558988632866358,4.97767762956297,0.00156671205182454,0.0140692479974147
"gene-AP3M2|AP3M2","AP3M2",5.7899763805864,0.126011548566409,-0.554814774175507,-0.355492905062836,0.029562235669915,4.97736073478716,0.00156739150549551,0.0140692479974147
"gene-LOC140683988|LOC140683988","LOC140683988",-0.976182861020768,1.44597304842269,0.656290236525225,0.669639104420628,0.619348049441442,4.97656252057949,0.00156910429256691,0.0140764573492596
"gene-STAMBP|STAMBP","STAMBP",5.4978613221203,0.31443058665164,0.00557574429288277,0.0702877944403228,0.604417251489914,4.97539260394468,0.00157161813143816,0.0140908404310577
"gene-STING1|STING1","STING1",1.00479050377616,-0.0973444948289541,1.02362042614576,0.5028336559003,-0.483920023196612,4.97363949960595,0.00157539280469128,0.0141165047206703
"gene-KRR1|KRR1","KRR1",6.04010726509973,0.424254228833059,0.0427738994192852,-0.308650744863826,0.149766928091447,4.96655507110087,0.0015907413148548,0.0142457881061216
"gene-LOC121470668|LOC121470668","LOC121470668",1.68879003038234,0.638921591788785,-0.168697670923386,0.0331157809873805,-0.24887030257536,4.96415518714561,0.00159597533319852,0.0142678903993339
"gene-SLC5A1|SLC5A1","SLC5A1",1.60957853298985,-1.25784966527485,-0.14556591777463,-0.004997176329125,-0.667085417011298,4.9647224165491,0.00159473664759712,0.0142678903993339
"gene-RHOT1|RHOT1","RHOT1",3.41906759325278,-0.359225265012409,0.0862914035963938,0.0964105231022998,-0.0012647530888712,4.96423145417682,0.00159580872799823,0.0142678903993339
"gene-ABHD6|ABHD6","ABHD6",1.05324298702645,-0.424679093803975,0.594152840393739,0.623032002531227,0.142961559621823,4.96332774958685,0.00159778401392272,0.0142758127110012
"gene-MICU1|MICU1","MICU1",4.8448777350556,-0.194043015117634,-0.128430012620667,0.146429813557363,0.100667648300512,4.95971201526889,0.00160571223010978,0.0143383708949503
"gene-RAC2|RAC2","RAC2",5.71423010029969,-0.490548356804512,-0.0621234341532473,0.157034031791425,-0.421301005122411,4.95832712696125,0.00160875952770011,0.0143452439739176
"gene-SRSF3|SRSF3","SRSF3",5.44526913334826,0.281623777213369,-0.254074820085992,-0.241928582190699,-0.00629274842129579,4.95817996626701,0.0016090836866827,0.0143452439739176
"gene-MARS1|MARS1","MARS1",4.78567834634669,0.472665256994807,0.334635025335892,0.823513419599427,0.771449414872516,4.95809861585459,0.00160926291041815,0.0143452439739176
"gene-GLA|GLA","GLA",3.66910417293856,0.581582210663578,0.383419129676928,-0.204141116654921,-0.0288167756822202,4.95641070509468,0.00161298617352539,0.0143701560364452
"gene-CAPNS1|CAPNS1","CAPNS1",5.8768033403393,0.145943846659882,-0.0564833360725352,0.48472498274888,0.623977278476517,4.95435438789774,0.00161753399905794,0.0144023812631885
"gene-TRAPPC11|TRAPPC11","TRAPPC11",3.55143231517528,-0.42120969128996,-0.103268337125151,-0.157776364994495,-0.0105945848657276,4.95263835815259,0.00162133927770003,0.0144196697255218
"gene-PRKAR2A|PRKAR2A","PRKAR2A",5.16587023319547,0.118166777098858,-0.0680615982778772,-0.591034777663102,-0.80680975519677,4.95827924241234,0.00162048801966293,0.0144196697255218
"gene-ACAD10|ACAD10","ACAD10",2.11459641681385,-0.373015310990417,0.342502383287799,0.448042066574325,0.0952575174851473,4.95115725646655,0.00162463097209951,0.0144406457744055
"gene-MICAL3|MICAL3","MICAL3",7.55398773917765,-0.176467501859184,-0.360131247916952,0.164982395412159,0.0954535711521975,4.94747587068271,0.0016328423796424,0.0145053018513009
"gene-VSTM4|VSTM4","VSTM4",-5.59485916909202,0.39840456852125,1.98676896884371,2.36855769338164,2.33467980235622,4.94661882672484,0.00163476012217516,0.0145056839969384
"gene-MYSM1|MYSM1","MYSM1",3.8831272845358,-0.487519445590002,-0.218986179229402,-0.0144622018985014,-0.0776587269087194,4.94690250647667,0.00163412509831682,0.0145056839969384
"gene-LOC140685012|LOC140685012","LOC140685012",-3.11657023797467,1.84811891627131,0.947235884265813,3.24534076927298,2.78542741365479,4.94563150179235,0.0016369722423861,0.0145169887970916
"gene-USP36|USP36","USP36",4.10138373422492,0.117332280900735,-0.264376194384465,-0.0647359923045365,0.595492581090391,4.94357912154464,0.00164158044803277,0.0145495174303019
"gene-MEP1B|MEP1B","MEP1B",-2.34213947151196,-0.292554165811563,-0.180429806889226,-1.84197228253988,-2.42478700257911,4.94266745637977,0.0016436316648061,0.0145593589083425
"gene-LOC115496608|LOC115496608","LOC115496608",5.39363262540892,0.687181090291175,0.390775087462536,0.274388635176741,-0.039262648087937,4.94100104452985,0.00164738781930133,0.014575944255968
"gene-TTI1|TTI1","TTI1",4.59965766080823,0.799438645899753,0.249341837542307,-0.0604747187936843,0.107635704510605,4.94132548757663,0.00164665582446597,0.014575944255968
"gene-IRF5|IRF5","IRF5",1.72658071717923,-0.298021844510209,0.535427746777281,0.374485426059317,0.272861502128797,4.93886814627527,0.00165220827353672,0.0146102417331319
"gene-SLC29A1|SLC29A1","SLC29A1",6.72746944070975,0.397037617879299,0.549217252538363,0.332473849983384,-0.12710477518462,4.93616249796629,0.00165834394933168,0.0146561237098274
"gene-THRA|THRA","THRA",0.125770607953628,-0.309635732735692,0.519950409411014,1.00126878576679,1.0260339372289,4.93568344214602,0.00165943274550454,0.014657375420481
"gene-TNPO2|TNPO2","TNPO2",4.80001885875874,0.587455413503907,0.474841491132056,0.84939202330831,0.929459929645586,4.93447677734909,0.00166217849194654,0.0146732528025515
"gene-LOC115497384|LOC115497384","LOC115497384",-5.41473796832717,2.01652607335618,0.759599641020794,-0.269622249008324,-0.548207646355808,4.93174055795653,0.00166842195463554,0.0147199713500484
"gene-URI1|URI1","URI1",0.474513824258675,-1.41443455849785,-0.189853857670225,0.00708262683762029,-0.538955094429698,4.92791634611115,0.00167718821950776,0.0147888818785656
"gene-IL20RA|IL20RA","IL20RA",-1.17462910504803,-2.59301904807801,-0.819348861906782,-0.60026225492298,-0.721851491093138,4.92338789333779,0.00168762980680808,0.0148724779386988
"gene-TXNDC5|TXNDC5","TXNDC5",-1.73591828685486,-1.96384421671947,1.33611184949066,0.969509361076058,-0.605701993503599,4.92187400620952,0.00169113530630483,0.0148948883694179
"gene-LEMD2|LEMD2","LEMD2",4.90964242443475,0.0534571847866321,-0.147227391703675,0.291553902313089,0.305786840841731,4.91412540458858,0.00170919470733208,0.015045385720116
"gene-ETS1|ETS1","ETS1",4.49651601977806,-1.34739833879267,-0.291161509597052,-0.217431202665869,-0.578344266130507,4.92886996694673,0.0017139518523916,0.0150786838634224
"gene-LOC100218848|LOC100218848","LOC100218848",1.08271412314395,0.756220322273919,1.40288362906946,0.462417382121524,0.290238210979987,4.91125651455742,0.00171593108973865,0.0150875190986964
"gene-FLII|FLII","FLII",6.6150609852052,-0.175421717025214,0.0674002672692113,0.133739228176554,0.31036930960822,4.91041417144894,0.00171791413376398,0.0150963777512763
"gene-COL1A1|COL1A1","COL1A1",-3.41408929852057,1.58837291156277,2.23901583417093,2.96172814337064,0.4287919692337,4.9091559149572,0.00172088069006732,0.0151138641763858
"gene-FGD5|FGD5","FGD5",1.69692468080655,-0.985138097580925,-0.171570884316695,-0.407145971490413,-0.57754315479985,4.90859863536262,0.00172219624722403,0.0151168388688553
"gene-TMEM201|TMEM201","TMEM201",4.76822808850094,0.299027755512709,-0.365019547889201,-0.187192858391712,0.468565217119027,4.90528784597673,0.00173003319956479,0.0151770202739598
"gene-GINS4|GINS4","GINS4",3.75176392334371,0.598783050480288,0.544177975155744,-0.0567361095737864,0.15082822957913,4.90287161090106,0.00173577568516378,0.0152101521675592
"gene-JAK2|JAK2","JAK2",8.65873777967557,-0.457486108486306,-0.260779115762903,-0.100477550666477,-0.0043860850104469,4.90314452227281,0.00173512610111809,0.0152101521675592
"gene-RO60|RO60","RO60",5.93324147645782,0.241642918985258,-0.25835251974751,-0.0886041524015955,0.0535375580761546,4.90078996080798,0.00174073862714684,0.0152191696356482
"gene-KLHL22|KLHL22","KLHL22",5.025265713609,-0.244380070903946,0.0444051793601812,-0.101437253784057,0.158511916661364,4.90178391964153,0.00173836708282268,0.0152191696356482
"gene-ANAPC7|ANAPC7","ANAPC7",4.81704362707905,-0.369582745031506,0.0494180660211461,0.0209518786086145,-0.00220512564790987,4.9010545360305,0.0017401070385415,0.0152191696356482
"gene-GOLGA1|GOLGA1","GOLGA1",5.42647325867858,-0.163301530546025,-0.591451749715857,-0.30998261694009,-0.0339342171474915,4.90114040998687,0.00173990209238602,0.0152191696356482
"gene-SLC45A4|SLC45A4","SLC45A4",7.10219762650879,0.240011073541725,-0.137422000572871,-0.096828246694777,-0.24401505110377,4.89905078427474,0.0017448961974777,0.0152384866624289
"gene-OSTC|OSTC","OSTC",6.08464759802372,0.159702075556885,-0.190015965024084,-0.330084618329932,-0.11752035028735,4.89904188258112,0.00174491750344582,0.0152384866624289
"gene-IGFN1|IGFN1","IGFN1",0.0707094359648416,1.33720878400446,1.86330461755503,0.57933662774695,-0.552145687395493,4.8979667625724,0.00174749273346418,0.0152523688947311
"gene-CHST4|CHST4","CHST4",1.6312472432216,0.762652922291407,0.218998403698617,-0.000506854941457968,0.294906341161863,4.89640137556143,0.00175124925342139,0.0152765401334251
"gene-PMAIP1|PMAIP1","PMAIP1",-0.740931359415804,1.08342752067707,1.12585130531402,0.641252687151251,-0.0564367585573322,4.89437680893385,0.00175611994241972,0.0153103978078564
"gene-ABCB8|ABCB8","ABCB8",0.785882126770295,-0.550381012298845,0.384673621768405,0.367248423269132,0.0663011991197516,4.89193493697132,0.00176201302899385,0.0153523413971554
"gene-RNFT1|RNFT1","RNFT1",1.29329273032468,0.044371447494526,-0.153188108592079,0.00614146632951673,-0.577251721665105,4.89156190417897,0.00176291506705946,0.0153523413971554
"gene-USP48|USP48","USP48",9.1637177875663,0.174830696606953,0.0864378108418542,-0.139654195037169,-0.201497687529882,4.89033748657976,0.00176587917810244,0.015369505219986
"gene-LUC7L|LUC7L","LUC7L",7.3369248440845,-0.0480696165653827,-0.157813601864484,-0.059442233100949,0.461919188444888,4.88909271557336,0.00176889778914472,0.0153871238263151
"gene-NBEA|NBEA","NBEA",-4.95543173909273,-0.387210225957171,2.23055539589263,2.36691825467861,-0.632799999419756,4.88464482087362,0.00177972729103297,0.0154433188527684
"gene-LOC121469303|LOC121469303","LOC121469303",1.9554525824115,-0.618068675534976,1.04956973324376,0.768513982766323,-0.18144183572908,4.88398250188947,0.00178134566411578,0.0154433188527684
"gene-LOC101232903|LOC101232903","LOC101232903",0.533790169562101,1.80417232791505,1.76617552625114,0.053236834489297,1.30985644414332,4.88504248257515,0.00177875632957752,0.0154433188527684
"gene-DCAF1|DCAF1","DCAF1",7.32796811969115,-0.211363242996026,-0.379922620650673,-0.0368925920368985,0.11670285333902,4.88407319287964,0.00178112397219113,0.0154433188527684
"gene-ARPC3|ARPC3","ARPC3",3.9215172472249,-0.376580647197028,-0.127399107180711,0.49735950286722,0.274328566672312,4.88586438068448,0.00177675123731362,0.0154433188527684
"gene-CSTF1|CSTF1","CSTF1",6.18205841440047,0.0886193097949208,-0.199301997772059,0.10000950524763,0.456100909490639,4.88541778378462,0.0017778404623942,0.0154433188527684
"gene-PLXND1|PLXND1","PLXND1",1.0050995296957,-0.358757243433377,0.98745949637625,0.550704343071781,-0.301567839305164,4.88238573816518,0.0017852535424395,0.0154685322336234
"gene-GPR65|GPR65","GPR65",1.07951052612954,-1.13958818260075,0.593660880416089,-0.0678185197251846,-0.228901105625501,4.88143242872093,0.00178759082825563,0.0154801164338309
"gene-CD2|CD2","CD2",0.260187428103343,-1.28848501613251,-0.348796433782801,0.172779899432923,-0.250746987828756,4.87956481323432,0.00179217885272775,0.0155111676431555
"gene-UBASH3A|UBASH3A","UBASH3A",1.2262555195211,-1.57713201817517,-0.306521363872079,-0.404768186820663,-0.553735378540566,4.87760325061419,0.0017970106444556,0.0155442927461993
"gene-CDK5|CDK5","CDK5",1.44537351459083,-0.341236657810235,0.306648370267617,0.328855427460438,0.481153566705607,4.87646886750185,0.00179981097876841,0.0155598183779001
"gene-MRAS|MRAS","MRAS",1.90970254757548,-0.99200895934359,0.0350557368504045,-0.260555604993719,-0.557045554383366,4.87453674700795,0.00180459088833335,0.015591976708833
"gene-GRAP|GRAP","GRAP",-0.696777449395243,-1.73904816879881,-0.203502559211664,0.115036319451587,-0.5014308425849,4.87415135685598,0.00180554586508748,0.015591976708833
"gene-C30H19orf53|C30H19orf53","C30H19orf53",6.05438956074915,0.0301181004906583,-0.31186523476291,0.125770463253539,0.471734615430034,4.87259608851308,0.00180940499611452,0.0156165880172182
"gene-ELP5|ELP5","ELP5",2.36788156772331,0.484577376361901,0.502043729328687,0.269724269933232,1.1975317983804,4.86933022239725,0.00181753617352212,0.0156780224555489
"gene-PHKB|PHKB","PHKB",4.60977171666557,-0.0878865924986467,-0.179494156973406,0.0238582230504552,0.314227820644612,4.86851651028273,0.0018195679219308,0.0156868042294591
"gene-PPP4R2|PPP4R2","PPP4R2",7.24263420602468,-0.0800158248387932,-0.349844736190287,-0.639285977593014,-0.228735010798331,4.86402006320198,0.00183083702323099,0.0157751686717704
"gene-JPT1|JPT1","JPT1",4.68767904319776,0.237131321012141,0.0127578749061561,-0.332746591681913,-0.172791820160857,4.86297977533324,0.00183345437332909,0.0157801481797929
"gene-LOC140681791|LOC140681791","LOC140681791",-2.93285471520598,-0.446698900085979,0.905319320751493,0.770888491775612,1.18851367946479,4.86330875228456,0.00183262625815795,0.0157801481797929
"gene-PDCD6IP|PDCD6IP","PDCD6IP",3.75682526173895,-0.545052841159936,-0.134001682645076,-0.150245069818102,-0.49144110139495,4.86184633886886,0.00183631044223906,0.0157959444656195
"gene-NHEJ1|NHEJ1","NHEJ1",1.25550261967242,0.970135297479786,0.360969956705428,0.0734172185163683,0.254599496623812,4.86022264202647,0.00184040981805843,0.0158224121858078
"gene-CGAS|CGAS","CGAS",-0.144962385666271,0.118626892554593,0.152206759296486,-0.799604481961165,-0.59972265099741,4.85583625768578,0.00185153107677914,0.0159026600228429
"gene-LOC100225248|LOC100225248","LOC100225248",2.95004667836881,0.108952525277343,-0.459048435973131,-0.278384896470352,-0.695169236291316,4.85573082027339,0.00185179924789421,0.0159026600228429
"gene-KCNJ10|KCNJ10","KCNJ10",-3.37477767539265,3.4743755745027,2.1339337105096,1.03465407517381,1.08856132557137,4.85236906622134,0.00186037044915682,0.0159674058240165
"gene-SRSF7|SRSF7","SRSF7",5.31895165066287,0.0481199719308449,-0.437052370388285,-0.12834279445268,0.273564495365572,4.85161745516386,0.00186229231854886,0.0159750408146029
"gene-NHP2|NHP2","NHP2",5.47848801509481,0.10489427245467,-0.0182625713320403,0.228925092929175,0.464582482140957,4.84975426479885,0.00186706525975941,0.0160071107450287
"gene-XRCC2|XRCC2","XRCC2",4.22034209815451,-0.441685959728297,-0.023069910102457,0.174616363406619,-0.113100382826258,4.84600845040319,0.00187669883437547,0.0160733328215581
"gene-EIF4EBP1|EIF4EBP1","EIF4EBP1",4.73306101229192,0.302483174232087,-0.172457692236555,0.0208508469999327,0.546117849918264,4.8459433482092,0.00187686671460779,0.0160733328215581
"gene-MNT|MNT","MNT",4.90533963175022,0.240832738076928,0.109983311497911,0.327639151156252,0.521295883427666,4.84517611567656,0.00187884634920952,0.0160783829432488
"gene-LOC100227429|LOC100227429","LOC100227429",0.207049585732918,-0.605208673359958,0.725031744455947,0.363082049159212,0.0315797906596392,4.84490964891116,0.00187953439381823,0.0160783829432488
"gene-SRP9|SRP9","SRP9",6.45711702231783,0.257391132440641,-0.210416109755742,-0.361745043316872,-0.0664110342383673,4.83960050610107,0.00189329701072155,0.0161747205040039
"gene-LOC100228631|LOC100228631","LOC100228631",0.140752619721277,0.327099602956889,0.00325562062236823,-1.55199784422887,0.354189526625648,4.83965546167923,0.00189315402541546,0.0161747205040039
"gene-POMGNT1|POMGNT1","POMGNT1",3.31810963933808,0.269126095975737,0.0509696557216044,0.512946564276062,0.568449899398491,4.83935660587016,0.00189393173203586,0.0161747205040039
"gene-KICS2|KICS2","KICS2",5.64492296803972,0.246318425200558,-0.0271281521830167,-0.351873766952457,-0.241325740797654,4.83821421768609,0.00189690756025434,0.0161822737017287
"gene-TTLL4|TTLL4","TTLL4",4.91465646122067,0.575695713378085,0.222410688116665,0.172987281393591,0.416008923602748,4.83841369456905,0.0018963875947157,0.0161822737017287
"gene-RAB24|RAB24","RAB24",2.227893675179,-0.116199198115314,-0.136395227573002,-0.0411831742808326,0.513635787838381,4.83758708147909,0.00189854323237296,0.0161873038683039
"gene-POP5|POP5","POP5",2.91847294720573,0.466390805171606,0.0363217180770286,-0.051950263762448,0.243134923653767,4.83708937415461,0.00189984236005125,0.0161894606397539
"gene-TAF11|TAF11","TAF11",4.63505452602308,0.0578601631909939,-0.147690672839982,0.174143977577052,0.540826159573462,4.83128938025946,0.00191504886637729,0.0163100612037361
"gene-LOC140684701|LOC140684701","LOC140684701",2.07603293116328,0.566193821366722,0.558439951457238,0.224575379474302,-0.276618565886908,4.830090035473,0.00191820883014914,0.0163279877043773
"gene-SLF2|SLF2","SLF2",2.10373694426707,-0.479103686922617,-0.00870370410545762,0.228384185663411,-0.0921641218465328,4.82929832622168,0.00192029770185519,0.0163367822628967
"gene-TONSL|TONSL","TONSL",-0.173978629832194,0.255431046034659,0.660799723290264,1.34354231345949,0.872372358178598,4.82877072018596,0.0019216910469395,0.0163396532699938
"gene-USP21|USP21","USP21",4.98373675662916,-0.00598362135349007,0.0415402269493663,0.37800311714303,0.424008717089546,4.82718516326712,0.00192588454259815,0.0163663170218047
"gene-ADAMTS3|ADAMTS3","ADAMTS3",3.72631794403521,0.936956205657943,0.969989891491423,0.203477374311649,-0.168880006890804,4.83858780021532,0.00192897722770216,0.0163836018653627
"gene-MRPS36|MRPS36","MRPS36",3.78528463234349,-0.0986085556990415,-0.0565414090428775,0.058226985587936,0.351984260345975,4.82031110945794,0.00194417365424941,0.0165036134391166
"gene-EVA1B|EVA1B","EVA1B",0.258237859911908,1.54892804274487,1.24859164630983,1.45930042406175,2.57719604247823,4.81873853564806,0.00194838255913497,0.0165302741790645
"gene-HECA|HECA","HECA",3.29046964169535,-0.694942769544992,-0.127495054236391,-0.245788787951978,-0.479368571835832,4.81606256453863,0.00195556608228635,0.0165821288347295
"gene-LOC140684414|LOC140684414","LOC140684414",5.55734216999759,0.682077193552952,0.221995411664481,-0.513535309967087,-0.278439501107335,4.83775628696085,0.00195693648863007,0.0165846616437844
"gene-LOC115496485|LOC115496485","LOC115496485",-1.18945167495158,0.388759760056005,0.0448550882370489,0.0957316647476594,-0.487950114346815,4.8138078737187,0.00196163972572845,0.0166063319232209
"gene-PCLAF|PCLAF","PCLAF",-0.253237980449781,-0.838926538043553,-0.237293868287801,-0.000381247750305874,-0.044504833617941,4.81400450709491,0.0019611092712675,0.0166063319232209
"gene-LOC115496315|LOC115496315","LOC115496315",-0.79003437310758,0.761867330900657,0.203464021020319,-0.110614326288659,0.0838046134594925,4.81173921907714,0.0019672292018626,0.0166210147984851
"gene-FAM219B|FAM219B","FAM219B",1.76536003909958,-0.547356540623682,0.0165723124855888,0.16965996538218,0.106813219049385,4.81159199860005,0.00196762760999339,0.0166210147984851
"gene-NDOR1|NDOR1","NDOR1",3.56436446503663,-0.0401661234092856,0.17194656681221,0.367453643798118,0.531688987746459,4.81157619643381,0.00196767037872858,0.0166210147984851
"gene-DOLK|DOLK","DOLK",6.01540823849558,0.157266387707648,-0.0276258220451444,-0.538743323924273,-0.366872612011777,4.81250148738686,0.0019651676703389,0.0166210147984851
"gene-TBC1D23|TBC1D23","TBC1D23",4.29141915002836,-0.381030879888196,-0.261797909929322,-0.155969479744078,0.0127253679527648,4.80982552082737,0.00197241449471477,0.0166519990756744
"gene-DNAJC5|DNAJC5","DNAJC5",4.07545849062224,-0.524266608983998,0.158309470048111,0.044486717574193,-0.190526046891409,4.80916423853788,0.00197420953160629,0.016658065704257
"gene-PCBP3|PCBP3","PCBP3",-0.930535571666787,-0.792296735840986,1.18280786319925,1.02031210791862,0.319028125695663,4.8015310926009,0.00199505092172942,0.016824748236383
"gene-LIF|LIF","LIF",-3.16196342344604,0.95481958755758,0.938879217106193,-0.258185984386806,-1.26640750933264,4.80029500444537,0.00199844702561792,0.0168442089986042
"gene-HEXB|HEXB","HEXB",-1.1026691633956,-1.48524375658136,0.597972317106384,-0.320282667966045,-0.419827760447546,4.7991886761548,0.00200149163398544,0.0168606875535791
"gene-TLE3|TLE3","TLE3",5.96551206887416,0.422625652469605,-0.139241805208963,0.173215709884551,0.0779090809559628,4.79625362870225,0.00200959187658176,0.0169185693887576
"gene-LOC140682053|LOC140682053","LOC140682053",3.84092396695508,0.227262134595178,0.291676679768101,-0.138292707742671,-0.418292384713152,4.79590754582495,0.00201054921524557,0.0169185693887576
"gene-ABCC3|ABCC3","ABCC3",0.72762127739309,-0.44873989875935,0.968554601295197,0.152559268257548,-0.528114399921717,4.78907703990655,0.00202953960088285,0.0170690898498164
"gene-NCEH1|NCEH1","NCEH1",1.74570523858415,-0.524991192379674,0.383375957788218,-0.0220298092325981,-0.660122137306654,4.78842012534816,0.0020313756194805,0.0170752513370237
"gene-ZNF106|ZNF106","ZNF106",4.87546671537653,0.315788753644762,-0.306394948369428,-0.35231533666566,0.286463931185088,4.78760717040894,0.0020336501095779,0.0170850898185223
"gene-MEX3A|MEX3A","MEX3A",-0.316081434434918,1.15922932611382,0.539955616485592,0.131155733273587,0.278556986334757,4.78701030153455,0.00203532169096434,0.0170898552184879
"gene-SHISA5|SHISA5","SHISA5",3.20885347290457,-0.770854243308456,0.0062531914018713,-0.0130377633926506,-0.52762220460315,4.78633603275651,0.00203721172786821,0.0170964487466163
"gene-GCFC2|GCFC2","GCFC2",1.4817233424095,-0.592939876331783,-0.575057771290927,-1.116282761415,-0.372679385803559,4.78486626003117,0.00204133785885835,0.0171155718575006
"gene-IREB2|IREB2","IREB2",8.78636497424998,0.129248257137899,-0.0380397119841636,-0.225505175120347,-0.175534123134382,4.78473652943494,0.00204170246519846,0.0171155718575006
"gene-LOC100218944|LOC100218944","LOC100218944",-4.44145672894711,1.55331514007752,3.38445339714139,1.03796114799126,-0.251567736932036,4.78099532516916,0.00205224578376834,0.0171891337161593
"gene-ENKD1|ENKD1","ENKD1",-0.166859188325438,-1.01245867105724,0.0454591753571748,-0.047558507598952,-0.0920313124965922,4.78083489872885,0.00205269913456946,0.0171891337161593
"gene-LOC140681410|LOC140681410","LOC140681410",0.150280133272541,-0.626434653064267,0.619020859173364,0.274986019173079,0.0158003560594481,4.77774866826769,0.00206144051364612,0.0172529972680767
"gene-DBF4B|DBF4B","DBF4B",2.33937556269436,-0.140576232895901,-0.166036055353994,0.534965890613768,0.709936943352005,4.77692338618924,0.00206378447189671,0.0172632782176224
"gene-FRMD5|FRMD5","FRMD5",-1.39057081896446,1.4176648566202,0.158123355884953,-0.223608070609299,0.170913027363264,4.77636310999486,0.00206537731627637,0.0172672684869675
"gene-LOC101233672|LOC101233672","LOC101233672",3.41999876039681,-0.0443706872716723,-0.403358058586274,-0.0346590605970252,0.386256051494727,4.77525531748779,0.0020685304310206,0.0172842918034793
"gene-LOC115492926|LOC115492926","LOC115492926",2.19976395732966,0.457137213716344,-0.0994902755662879,-0.360428143523117,-0.372718712837357,4.76978023095182,0.00208418664430471,0.0174057141503591
"gene-FAR1|FAR1","FAR1",2.87526818857162,-0.929517391535985,0.22494449753372,0.0487212787540821,-0.43155226143534,4.76921373605584,0.0020858134609201,0.0174099046967306
"gene-LRRC8A|LRRC8A","LRRC8A",5.7128039613381,0.183157581672438,-0.212375744073635,-0.363174862795157,0.126955890907211,4.76792862444673,0.00208950876239747,0.0174313466836123
"gene-WDR5|WDR5","WDR5",3.32630962993589,-0.153766140753083,-0.31280103306312,0.619750121577861,-0.056908103058193,4.76645477524387,0.00209375501723598,0.0174573593166632
"gene-ZNF346|ZNF346","ZNF346",4.57352550386637,0.614606857160712,0.463015126021961,0.0843764078106037,0.383433555826094,4.76458042747964,0.00209916788563942,0.0174930657136618
"gene-PTPN23|PTPN23","PTPN23",5.61277876971831,-0.172073659104031,-0.0491690219669465,0.18972287491429,0.468986787914959,4.76268090700571,0.0021046680515994,0.0175155460067947
"gene-LOC115496949|LOC115496949","LOC115496949",-2.99470838305174,1.95639649288662,0.349211414391605,-0.50615538703614,-0.709032550597699,4.76247639579073,0.00210526110323994,0.0175155460067947
"gene-LOC116808958|LOC116808958","LOC116808958",4.25396210505539,0.172390790361786,0.072888381713482,-0.61115490267928,-0.424015136122099,4.76288415102033,0.00210407884391899,0.0175155460067947
"gene-MTURN|MTURN","MTURN",-1.3222418924673,-1.08639382774683,0.680978871226424,0.539336632023741,0.222515829292412,4.76087952806559,0.00210989765954893,0.0175258541500374
"gene-LOC100230674|LOC100230674","LOC100230674",-0.958664962571581,0.91370567698249,1.06310725065142,-0.546543521646651,0.237337674279593,4.76127770328769,0.00210874056864798,0.0175258541500374
"gene-SLC39A5|SLC39A5","SLC39A5",-1.30947922193701,1.58598405027042,0.156890022260201,-0.291341672682892,-0.0255252833141615,4.7612043509132,0.00210895368071365,0.0175258541500374
"gene-SKP2|SKP2","SKP2",1.73349562189842,0.137342387157141,-0.35131361019648,-0.320365104228896,0.400689121320781,4.7600497132729,0.00211231117536366,0.0175364889692879
"gene-YRDC|YRDC","YRDC",1.53883152133473,0.269069496863767,0.269008821768653,0.389545215443481,0.863102208291011,4.75710018831472,0.00212091274463971,0.0175984582966753
"gene-CD14|CD14","CD14",0.3380925214772,0.798170738998715,1.158572979981,0.247521347989866,0.132884917327414,4.75506844166521,0.00212685866634512,0.017638337546458
"gene-LOC121470309|LOC121470309","LOC121470309",-0.807124697841823,0.674343342889367,0.816436126199179,0.0633648227200574,-1.73655135784547,4.75330630558759,0.00213202937385846,0.017671748559432
"gene-KIAA0513|KIAA0513","KIAA0513",-0.935812213052451,-0.71977368487022,1.07857601088321,0.804474681257702,-1.06115063783401,4.75252153526808,0.00213433629312971,0.0176813994305044
"gene-KTN1|KTN1","KTN1",1.39626482081358,-0.622608184461556,0.632377923219525,0.0350926474339948,-0.306443583961968,4.75095474243267,0.0021389496930875,0.017700666577823
"gene-TNIP1|TNIP1","TNIP1",4.58416458135118,-0.465625284572901,0.172472080548312,0.0774309520366732,0.0762558826077697,4.75121177496611,0.00213819216564911,0.017700666577823
"gene-HCK|HCK","HCK",2.03918578206791,-0.25424322761179,1.08886738660559,0.490083654205929,0.0481761573240294,4.75039034474803,0.00214061405163685,0.0177049719129237
"gene-ERN2|ERN2","ERN2",2.99279803573677,0.159328249752967,-0.0664265855343533,0.116756302635364,0.702265293932694,4.74909064851593,0.00214445177855431,0.017727238927953
"gene-LOC100225408|LOC100225408","LOC100225408",0.343431210273074,-1.51269302507121,0.402949639375671,-0.657120483558493,0.119769661909061,4.74944040673764,0.002146906293592,0.0177285885236586
"gene-LOC140681743|LOC140681743","LOC140681743",3.80361009740807,0.267139494638887,-0.0484295544315767,-0.242498386286464,-0.550130086870387,4.74839884427167,0.00214649739819095,0.0177285885236586
"gene-MAN2C1|MAN2C1","MAN2C1",1.15385852254905,-0.151096485232659,0.412667946545457,0.919084239402937,0.799847933448012,4.74570095209592,0.00215449397203585,0.0177817569158693
"gene-PIN4|PIN4","PIN4",1.84934859303374,-0.515518468540932,-0.284361490974012,-0.0170656525868949,0.0586053722123236,4.74459271021823,0.0021577876312559,0.0177994475446082
"gene-MACROD2|MACROD2","MACROD2",-0.810393454620132,-0.666879617655093,0.235524074526762,0.315388281494465,0.322584151993923,4.74355959322014,0.00216086265908232,0.0178153168083639
"gene-RSF1|RSF1","RSF1",7.85639409185382,-0.0306155146122631,-0.42695623396634,-0.2308611252779,-0.446716866120023,4.74217817489073,0.00216498139426576,0.0178354958564254
"gene-DSE|DSE","DSE",3.99690264264328,-0.705797550147907,-0.614165239756014,-0.135219706076737,-0.571289373669967,4.74196580357024,0.00216561529655724,0.0178354958564254
"gene-JADE1|JADE1","JADE1",8.75176149113088,0.215072174039763,-0.186316921363176,-0.244665200344061,-0.120066021088514,4.73829661138547,0.00217659740215834,0.0179164068076597
"gene-LOC121470124|LOC121470124","LOC121470124",1.51466208664966,0.249967019220629,0.801511935748138,-0.988130545858107,-0.612715659437223,4.73449000886734,0.00218805098496038,0.0180011105753652
"gene-FBXO34|FBXO34","FBXO34",6.45899745214043,0.0816555596405228,0.0069229884715778,0.61741575280707,0.375967423190174,4.73300703906582,0.00219252971794308,0.0180283726807488
"gene-LOC100223160|LOC100223160","LOC100223160",1.44718428796619,0.652801817743065,0.771885706512016,-0.380185984560559,0.192973331641487,4.73215537782571,0.00219510606586735,0.0180303961620474
"gene-LOC115495655|LOC115495655","LOC115495655",-0.358464617069128,0.860389279610183,0.112475141439662,-1.81579951623188,-0.355899471061349,4.73221502206573,0.00219492553618494,0.0180303961620474
"gene-CD4|CD4","CD4",0.0512541892097467,-1.6131333338903,-0.228863097867897,-0.824847075402055,-0.559173541628644,4.72912098143428,0.00220431056456591,0.0180772156792038
"gene-CCDC13|CCDC13","CCDC13",1.18761846318335,0.286485531460291,0.302567301508983,-0.701776042554159,-0.966735960396124,4.7294898364402,0.00220318958064138,0.0180772156792038
"gene-DDI2|DDI2","DDI2",8.44343941318752,0.112199127669069,-0.237949263488542,-0.249096690926358,-0.213426133001843,4.72976218978097,0.00220236224818502,0.0180772156792038
"gene-DNAJC12|DNAJC12","DNAJC12",5.51686846366283,0.821294632520543,0.527451699248377,0.182237414026402,-0.115667853620786,4.73860883541106,0.00221211154608915,0.0181315816608738
"gene-PEX14|PEX14","PEX14",3.07827567227035,-0.287918991321214,0.0808216639399313,0.176081445040615,0.0669442774565088,4.72559895410663,0.00221504374282138,0.0181460041927797
"gene-TMCO3|TMCO3","TMCO3",6.8670665521429,0.12103821253894,-0.132714975679127,-0.157867985869128,-0.306163392182087,4.72322049496592,0.00222232217829992,0.0181678286664245
"gene-LOC115495104|LOC115495104","LOC115495104",0.659557394902587,1.12255412900268,0.657106474285557,0.303357544928398,-0.0397189894116433,4.72395395738606,0.00222007507099977,0.0181678286664245
"gene-LOC100222881|LOC100222881","LOC100222881",3.72928632104753,0.875436239486442,0.337220409163955,-0.467222735616609,0.487245601249702,4.72281096465162,0.002223577867154,0.0181678286664245
"gene-EHMT1|EHMT1","EHMT1",3.60358292169274,-0.0284102249375655,0.270899733410029,0.552933268296568,0.362368227372487,4.72302139878368,0.0022229325501049,0.0181678286664245
"gene-RASAL3|RASAL3","RASAL3",1.38631003220478,-1.03545747913079,0.0709848511822162,0.0737744343093079,0.169699982352165,4.72401117441286,0.00221989987303413,0.0181678286664245
"gene-TMEM164|TMEM164","TMEM164",2.84300574240477,-0.507495922211763,0.16022052669463,0.0959059428972457,-0.328531636240108,4.72222488257657,0.00222537615559262,0.0181729266531904
"gene-LOC140682237|LOC140682237","LOC140682237",0.243161953370667,0.722232147119353,-0.62590008332921,-0.10921785610247,-0.303989666467265,4.71958001258642,0.00223350998471411,0.0182237628274605
"gene-LOC115497190|LOC115497190","LOC115497190",8.22137550583484,-0.218395888577684,-0.151657590480209,-0.12579294936312,0.221645335350102,4.71905304562887,0.00223513420656025,0.0182237628274605
"gene-B3GALT4|B3GALT4","B3GALT4",-1.19726070502212,0.753827330933957,1.68879250478113,2.0078057072287,1.72816186674439,4.7192145891442,0.00223463616749378,0.0182237628274605
"gene-TENT4B|TENT4B","TENT4B",3.20824692967397,0.172801611715741,0.0814857763302128,0.423375233652458,0.543257131138683,4.71759924038981,0.00223962140180302,0.0182400281226084
"gene-IQSEC1|IQSEC1","IQSEC1",-0.157858229735027,-1.31010833316997,0.66336743963671,-0.529412802739576,-0.385053292850978,4.71774010139553,0.00223918622913974,0.0182400281226084
"gene-MKS1|MKS1","MKS1",-0.517324850940135,-0.700639101970674,0.115528362082168,0.110429763036438,0.198336763084402,4.71726149810727,0.00224066516711332,0.0182400281226084
"gene-QSOX1|QSOX1","QSOX1",0.991775733318788,0.914089363361314,2.24550108759891,1.55094599155919,0.716590364724393,4.71511426904729,0.00224731264878061,0.0182845232596635
"gene-LOC116806917|LOC116806917","LOC116806917",7.85020982433824,0.598466067039385,0.380518718434168,0.012783054532445,-0.0374520153301647,4.71196068485236,0.00225711222279166,0.0183546041238576
"gene-LOC100224551|LOC100224551","LOC100224551",0.532323980104439,0.942922257483861,0.0673269151204262,-0.318178891494547,-0.147102173521342,4.71151105517428,0.00225851297468138,0.0183563488882324
"gene-PTPRU|PTPRU","PTPRU",0.0636054014459802,-0.963514772030137,0.720142739387903,-0.268828986850663,-0.484535579024657,4.71107289402368,0.00225987885326934,0.0183578085324635
"gene-FKRP|FKRP","FKRP",3.54064504584555,0.432315676849323,0.272927975243182,0.593221135198527,-0.144584243092951,4.71055866158877,0.00226148294601056,0.0183612007290206
"gene-PDK2|PDK2","PDK2",6.39531753426758,-0.0721431771689156,0.120919248647124,0.114980660014872,0.498691824073584,4.71005021174365,0.00226307014522859,0.0183644522797128
"gene-NDUFAF2|NDUFAF2","NDUFAF2",0.788288826830736,-0.360058503197167,0.085828643222177,0.137699104002707,0.263699552472877,4.70637791535124,0.0022745676185823,0.018448078562663
"gene-LOC140685251|LOC140685251","LOC140685251",3.52232006329822,0.710245752188104,0.0855343338068755,0.0393255648298192,-0.20634823249186,4.70530341943159,0.00227794300416627,0.0184657768410021
"gene-RC3H1|RC3H1","RC3H1",8.28342231804089,0.317831074460296,0.181431574851008,0.142608817754819,-0.120942329335392,4.70454269198719,0.00228033582405181,0.0184658277745692
"gene-MYO1F|MYO1F","MYO1F",3.23949783338779,-0.470091944349716,0.73104026975078,0.277798270486361,-0.151457981758945,4.70478870997769,0.00227956170904667,0.0184658277745692
"gene-TAS1R3|TAS1R3","TAS1R3",2.48013617395568,0.58103926219873,0.193083098090956,-0.231941829730515,-0.0241905701416587,4.70393988388555,0.00228223374361876,0.0184715309531906
"gene-PHETA2|PHETA2","PHETA2",3.67882208283379,0.634180412153821,0.267988033816129,-0.043936196269649,0.404694565839118,4.70198063272166,0.00228841353812237,0.018502653573441
"gene-INTS5|INTS5","INTS5",5.03910615638907,-0.028486460181627,-0.315728353001383,0.434165091034205,0.335404180481679,4.70196264051342,0.00228847036766178,0.018502653573441
"gene-KLHL36|KLHL36","KLHL36",1.12068112047771,-0.727256529861134,0.364511210894017,-0.00444101853056522,-0.514356680036934,4.7009375577014,0.00229171054137347,0.018519175262535
"gene-LOC100221772|LOC100221772","LOC100221772",-0.163575983363038,0.630461533924675,-0.21313660915556,-0.0537724333139834,-0.00999968503171367,4.69969960708285,0.00229562982030793,0.0185411646499296
"gene-POLR2G|POLR2G","POLR2G",4.02251492421501,-0.42454156428716,-0.311573896845111,0.09502373814371,0.000377951878331118,4.6988701212226,0.00229825975751231,0.0185527228729802
"gene-GRAP2|GRAP2","GRAP2",2.84870899261082,-1.59760185087326,-0.571782924195141,-0.51795528538144,-0.637249594167014,4.70923476216835,0.00230125839261274,0.0185575683302147
"gene-SYNRG|SYNRG","SYNRG",2.29535569592134,-0.617562019057555,-0.171525208229126,0.13328534462534,-0.286392973150419,4.69825530302444,0.00230021106501541,0.0185575683302147
"gene-VMA21|VMA21","VMA21",3.50007638683171,0.330613111371194,0.219892921658786,0.0277527238779141,-0.105538923171021,4.69543759133049,0.00230917560063821,0.0186083623602878
"gene-RPL23|RPL23","RPL23",9.70680426247666,0.272660754547818,-0.0983027100208798,-0.391358957624952,-0.00379940839852821,4.6951909024782,0.00230996213855333,0.0186083623602878
"gene-DDX11|DDX11","DDX11",-0.10273740904721,-0.403834228430251,-0.491622808935522,0.431934038430866,-0.0357620658819322,4.69462705836829,0.00231176091675523,0.0186131634686718
"gene-MIER1|MIER1","MIER1",7.84891460390578,0.0285427236722082,-0.144832339341973,-0.318501412049629,-0.460058364770143,4.69200641977077,0.00232014010562945,0.0186678114946089
"gene-WDR6|WDR6","WDR6",4.50875265274166,0.703681641946514,0.118111148508509,0.103971567187551,0.711905079040723,4.69116910652819,0.0023228238582562,0.0186678114946089
"gene-LOC116809029|LOC116809029","LOC116809029",-1.34196657350911,0.155943030738116,0.209675155578929,-0.208857938446719,1.20149301746155,4.69099774340682,0.00232337350168767,0.0186678114946089
"gene-ABCG4|ABCG4","ABCG4",-0.87608109793077,3.02420958629983,2.17462177740504,1.85183512100064,1.94134631790528,4.69145982991218,0.00232189167348082,0.0186678114946089
"gene-ALCAM|ALCAM","ALCAM",0.212359780689904,0.077765557826282,1.45920817091681,0.319330361429496,-0.022680018560579,4.68935598768977,0.00232864614122476,0.0187004665466804
"gene-PLD4|PLD4","PLD4",1.55774279596073,-0.612067922671762,1.20659523178802,0.181378581588885,-0.86885924410826,4.68783750944142,0.00233353375445795,0.018729997328961
"gene-ST3GAL6|ST3GAL6","ST3GAL6",-0.16784421102976,-1.08789394320632,0.331313551875142,0.247006233356595,-0.0717629074031573,4.68673290747018,0.00233709578903413,0.0187488633153464
"gene-RBM34|RBM34","RBM34",4.10465921588923,-0.28282602354418,-0.252184970981054,-0.167966775884557,0.133044889717931,4.68555249966699,0.00234090842098214,0.0187697190749734
"gene-IL17RA|IL17RA","IL17RA",3.83418429627486,-0.365782540745044,0.146058057517541,0.257087851820443,-0.0440769972573993,4.68354463869607,0.00234740828049286,0.0187829075184214
"gene-ENTPD3|ENTPD3","ENTPD3",-1.86996642372292,2.60300485295117,-0.803637507271322,-0.257408409657512,1.3970685904091,4.68449756313975,0.00234432117049585,0.0187829075184214
"gene-LOC140683515|LOC140683515","LOC140683515",-0.0728018842652944,1.05943576669383,0.727847201047721,0.431884158433827,0.219114828878102,4.68377102642556,0.00234667449481383,0.0187829075184214
"gene-LMNA|LMNA","LMNA",6.47658894545228,-0.242984326056297,0.229934917116054,0.391398795754641,0.118227304883144,4.68355824185439,0.00234736418224494,0.0187829075184214
"gene-LOC140683561|LOC140683561","LOC140683561",1.41283805039658,0.189499488380337,-0.245224902114261,-1.14655163123662,-0.623041782439619,4.68023912859203,0.00235814911634365,0.0188534392644365
"gene-TRAPPC14|TRAPPC14","TRAPPC14",5.17602253110097,0.150802955760629,0.0892228712481646,0.465950134419479,0.704170750537064,4.68008238784585,0.00235865967146682,0.0188534392644365
"gene-FN1|FN1","FN1",4.82609929564787,-0.826723320787558,1.26253720321965,0.512155149564118,-0.393373511669786,4.71951303449362,0.00236052699133381,0.0188586242596235
"gene-B3GALT9|B3GALT9","B3GALT9",1.50558205435806,0.944035115665588,0.714340985379002,0.278235820128472,0.469733714422277,4.67592539359273,0.00237224166317973,0.0189424353651735
"gene-CCDC9|CCDC9","CCDC9",4.74377620168987,0.140731927690996,-0.0417772515791004,0.491086812258967,0.548878534016787,4.67478995316413,0.00237596532873634,0.0189623844570371
"gene-LOC100190204|LOC100190204","LOC100190204",1.0855882579193,-0.68955471645335,1.15713360225953,0.165691507415776,-0.577875595875294,4.67415257878263,0.0023780582096797,0.0189693045333986
"gene-ERLIN2|ERLIN2","ERLIN2",6.48326702708167,0.341362088624584,-0.212557001414781,-0.0358407368488152,0.249701921723647,4.673110942488,0.00238148258165227,0.0189868330505249
"gene-PPIB|PPIB","PPIB",3.38924988357474,-0.356720962771758,0.44888478560821,0.0779724773232835,0.044647120803111,4.67197549903736,0.002385221086829,0.0190068467140467
"gene-IL10RB|IL10RB","IL10RB",5.90154097958719,-0.182832517620018,-0.367384543419179,0.241065250691705,-0.00150700365023138,4.6698386458177,0.00239227306292122,0.0190336378656586
"gene-LOC100231572|LOC100231572","LOC100231572",-1.05036136344967,1.79061616446638,0.886512732573861,0.657166562041917,1.21236724556746,4.66999997066514,0.00239173992066144,0.0190336378656586
"gene-FBXL21P|FBXL21P","FBXL21P",2.41705836907678,-0.413778521212822,0.0808141719393394,0.125244784683681,0.106972061843122,4.67010139882654,0.00239140478564015,0.0190336378656586
"gene-HMGN3|HMGN3","HMGN3",2.30476532245276,-0.93949754998206,-0.198734781220736,-0.0600750111815445,-0.0670865448314131,4.66634015285339,0.00240386472643936,0.0190946365549787
"gene-FAM120B|FAM120B","FAM120B",0.0376682032676932,-0.963297065486504,-0.185646517945196,0.080673783580649,-0.404534967068528,4.66616318361894,0.00240445260741094,0.0190946365549787
"gene-RPAP2|RPAP2","RPAP2",1.00254311039589,-0.856888046748682,-0.342781840949367,-0.156774403524504,-0.356523515350452,4.66598476972114,0.00240504543624203,0.0190946365549787
"gene-KHSRP|KHSRP","KHSRP",5.33615677680486,0.131262640730919,0.162917862216044,0.427091248482591,0.609406190547571,4.66573379967774,0.00240587960558484,0.0190946365549787
"gene-LOC121468700|LOC121468700","LOC121468700",0.308107132897046,-0.609518221045586,0.712633301980941,0.505830922838768,-0.0795239635320625,4.665664711554,0.00240610929125741,0.0190946365549787
"gene-ATP23|ATP23","ATP23",0.876960926824312,0.136631179101977,0.696919530296987,0.568824270054705,0.672175285004182,4.66054640192903,0.00242318777031164,0.0192129395486775
"gene-ITPKA|ITPKA","ITPKA",9.18170898836781,0.077523422216041,-0.181347163203466,-0.212399672221872,-0.481445756053292,4.6604532591662,0.00242349970914498,0.0192129395486775
"gene-SSBP2|SSBP2","SSBP2",6.4674632176904,-0.534572750050703,-0.268868307281811,-0.115294915212155,-0.244212607644884,4.65832730535068,0.00243063078534591,0.0192596064532657
"gene-LOC115498270|LOC115498270","LOC115498270",5.49524074971162,0.435460548580201,0.378238348794308,-0.303875847220036,0.251997380010386,4.65326604004783,0.00244769420641387,0.0193749707643246
"gene-MTA2|MTA2","MTA2",4.36668029983877,-0.0934964893287722,0.224949777222712,0.276623376545015,0.264734231944571,4.65352042410017,0.00244683366699028,0.0193749707643246
"gene-PDCL|PDCL","PDCL",4.94281884310962,-0.171109422934265,-0.726485422247408,0.0389458863618808,0.0456422668128162,4.6487052704155,0.00246317514346493,0.0194875436324743
"gene-LRP4|LRP4","LRP4",1.49317257066725,-0.836958564452662,1.30882532456529,1.03397407829356,1.17989502194516,4.68444164394667,0.0024646790081486,0.0194894775938168
"gene-PHTF2|PHTF2","PHTF2",4.00654005187655,-0.0225204878599059,0.205607178882323,0.577089986625568,0.802958874264158,4.64654812082969,0.00247053213438825,0.0195257838506937
"gene-CARHSP1|CARHSP1","CARHSP1",0.824195147963869,-0.962441922897261,-0.0147822604923766,0.148470161477139,-0.183981404839944,4.64499212600322,0.00247585281889787,0.0195578470507629
"gene-EIF2A|EIF2A","EIF2A",5.30379563329961,0.0651986835562868,-0.197273845560201,-0.185182452582853,0.294290708864708,4.64384441823264,0.00247978488113271,0.0195789137936371
"gene-VXN|VXN","VXN",-2.76192988732982,1.36998351286824,0.449070429615069,-0.631443258576094,-1.21297533185912,4.64284751364934,0.00248320546958111,0.0195959228157918
"gene-TMPO|TMPO","TMPO",6.78623957712751,-0.226587373032494,-0.193319450455378,0.00642800160722956,0.184833699352621,4.64178742831,0.00248684813576462,0.019604673917961
"gene-GLUD1|GLUD1","GLUD1",3.81099142162081,-0.538346943753692,0.0172908978146857,-0.0919427502286583,-0.55085135821365,4.64188681418807,0.0024865063940164,0.019604673917961
"gene-KCNJ9|KCNJ9","KCNJ9",-4.50664238519335,2.72017683794466,1.67607467718755,0.117135031782982,0.528082601784976,4.64020535404764,0.00249229462173248,0.0196376065536202
"gene-LRCH2|LRCH2","LRCH2",6.74488484588578,-0.306389788805877,-0.366028701919051,-0.17567823327107,-0.0627177489057438,4.63896880577371,0.00249656007984038,0.0196612047000152
"gene-FIP1L1|FIP1L1","FIP1L1",4.4077168982126,-0.0997808451993354,-0.270255462642313,0.0936043888079201,0.226564094854308,4.63806541858319,0.00249968101924932,0.0196757699760342
"gene-DUS1L|DUS1L","DUS1L",2.12365484459103,0.14787018325384,0.448876989200802,0.350706763369361,0.608943607832159,4.63646082140172,0.00250523427046312,0.0197094561949247
"gene-ANGEL1|ANGEL1","ANGEL1",6.34760804821335,-0.0863424851349031,-0.0427962695758461,0.315172962976118,0.218073200944537,4.63434235447519,0.00251258526141108,0.0197278741165929
"gene-COL26A1|COL26A1","COL26A1",-3.9272783831678,-2.15689224042699,0.144536852921219,-3.17153575724019,-0.799850991381141,4.63470043860443,0.00251134117799886,0.0197278741165929
"gene-SPC24|SPC24","SPC24",2.6557473639939,0.174822489433461,0.103027456032962,0.529406194324258,0.903891748357196,4.63431663880712,0.00251267462900191,0.0197278741165929
"gene-KLF4|KLF4","KLF4",-0.150348092069339,-0.789112946095995,1.01684174846407,0.38645926072,-0.479560887880111,4.63443578837229,0.00251226058545591,0.0197278741165929
"gene-DNAJB13|DNAJB13","DNAJB13",-0.24920231673877,0.359517973624893,-0.320903316904344,-0.189433680874338,1.22872943391566,4.63271086219522,0.00251826149554578,0.0197589840153395
"gene-BICDL1|BICDL1","BICDL1",1.36949408771461,0.956684996176058,0.223947969432541,-0.179705496852537,0.225926719417141,4.63244415505325,0.00251919065992019,0.0197589840153395
"gene-RMI1|RMI1","RMI1",2.69989640321871,0.434821997132882,0.0494456904293741,-0.116744948614424,0.0263136057851057,4.63156253747685,0.00252226456673386,0.0197730720213812
"gene-ARHGAP22|ARHGAP22","ARHGAP22",1.89898791268034,-0.410969505305137,0.0165709189070724,0.134510529810629,0.263273180452913,4.6304515063553,0.00252614382272725,0.0197834390975224
"gene-ITGB2|ITGB2","ITGB2",3.56670842526077,-0.421063912112421,0.575295502721373,0.000363446920770283,-0.601432774776377,4.63059827251353,0.00252563102731515,0.0197834390975224
"gene-DGLUCY|DGLUCY","DGLUCY",3.42739629650346,-0.498364644589633,-0.518693378560948,-0.163170906938648,-0.0475910524465282,4.62818116069422,0.00253408989404287,0.0198356303036486
"gene-SIN3A|SIN3A","SIN3A",5.10576801003798,-0.0703033871582077,-0.0975985568558864,0.0865050829475864,0.288171132775559,4.62409992360434,0.00254843827312228,0.0199378575715709
"gene-FOXI1|FOXI1","FOXI1",-5.14690730788091,-0.546795323678913,-0.138212487054442,1.2520949194517,2.02624098566806,4.62309513237519,0.00255198353196054,0.0199555053850881
"gene-ARL8B|ARL8B","ARL8B",5.73744524430375,0.220451179843143,0.0387887153161754,-0.112881029852975,-0.098647236744486,4.61991764296364,0.00256322804911747,0.02003331013136
"gene-STX18|STX18","STX18",0.574567559297752,-0.685278020123347,0.0188329189012602,0.305724594212102,-0.341013692400318,4.61844380187463,0.00256846086472171,0.0200640746499588
"gene-ANKRD22|ANKRD22","ANKRD22",0.0051613493915982,0.390348786304256,1.24131068199155,0.165120152188906,-0.29131836707706,4.61687539533061,0.00257404142378235,0.0200723663694409
"gene-MFF|MFF","MFF",6.3426008779157,-0.452043767919537,-0.328813532667461,-0.166408576155109,0.127352147320224,4.6166875450437,0.00257471064577319,0.0200723663694409
"gene-YPEL2|YPEL2","YPEL2",8.78831190559596,-0.036395953742181,-0.0967977529394481,-0.595206008465258,-0.349199239476391,4.61762216965745,0.00257138277662682,0.0200723663694409
"gene-DLL3|DLL3","DLL3",1.56677140792301,-0.293882735692814,-0.503339914500343,0.481735200551591,1.11212816380456,4.62335769534238,0.00257281854432867,0.0200723663694409
"gene-LOC105758514|LOC105758514","LOC105758514",-1.42519981102957,0.621636247598325,0.09157173130045,-0.185402335630712,-1.37956713300827,4.61551015461307,0.00257890918468205,0.02009497463895
"gene-WNT5B|WNT5B","WNT5B",4.10849948480753,0.627722337073526,0.387970879955203,0.375326571890384,0.386033807449771,4.61275227843724,0.00258877110081502,0.0201586842143311
"gene-LOC140683531|LOC140683531","LOC140683531",3.52000776785734,0.310047085983602,-0.279885535219903,-0.371083264544569,-0.0674898385658298,4.6124956493797,0.00258969074107207,0.0201586842143311
"gene-LIN54|LIN54","LIN54",5.44980686946261,0.124253334530818,-0.333454901168605,-0.127064667514948,0.0753223021358282,4.61044914741947,0.00259703641886123,0.0202057006444834
"gene-XPO5|XPO5","XPO5",6.64271149626452,-0.118769332836951,-0.138660188853437,-0.0773307367388032,0.388538919215732,4.60916498219516,0.0026016566486995,0.0202162997674987
"gene-UBR7|UBR7","UBR7",6.38194357277734,0.148669807456736,-0.102892743575845,-0.184948323260092,-0.262131199107197,4.6089813885906,0.00260231787637204,0.0202162997674987
"gene-STK39|STK39","STK39",-3.69004586604215,-2.12822907106534,0.783961578616224,0.432811298175305,-0.361025033451064,4.60900107127957,0.00260224697930811,0.0202162997674987
"gene-YARS2|YARS2","YARS2",3.6920184818344,0.318276639928961,-0.297648226944787,-0.0846270732325132,0.0588598850385833,4.60699659206066,0.00260947726099245,0.0202617464193969
"gene-LOC100231318|LOC100231318","LOC100231318",0.878655961798031,0.433447065998567,0.973687109282143,0.382503632108199,-0.0750935464579494,4.60468531148055,0.00261783968431719,0.0203164840094326
"gene-ZRSR2|ZRSR2","ZRSR2",6.20205209179398,0.112675591899511,-0.087834283088065,-0.225222516778646,-0.156553611668193,4.60069950730362,0.00263232508043074,0.0203783133108171
"gene-CCNI|CCNI","CCNI",5.27333103680487,-0.296199226017281,-0.25191273188334,0.317212969053712,-0.142359717610637,4.60133507146347,0.00263000980560997,0.0203783133108171
"gene-UPRT|UPRT","UPRT",0.914674879486516,-0.742853843630234,0.293421241875932,0.0284587015874329,-0.684243891379919,4.60112627479936,0.00263077019416766,0.0203783133108171
"gene-GPR88|GPR88","GPR88",-3.7611035188783,0.196558760508889,1.9095746000254,2.23669481218425,1.7732394633637,4.60068146299166,0.0026323908438335,0.0203783133108171
"gene-VMA12|VMA12","VMA12",1.4672318359143,0.0619100797806347,-0.000543824515729208,0.32232330347503,0.7049181547578,4.60158592725896,0.00262909654456176,0.0203783133108171
"gene-PTPRCAP|PTPRCAP","PTPRCAP",1.88100193169075,-0.743779779738024,-0.201501025929782,0.220458947361293,0.00499649523132684,4.59873816576362,0.0026394831248271,0.0204230006783496
"gene-TCP11L2|TCP11L2","TCP11L2",8.19158417085447,-0.25302493006143,-0.373578290957457,0.0509908367774514,0.181421112564685,4.59707547554495,0.00264556679933692,0.0204598431882752
"gene-PPP1CB|PPP1CB","PPP1CB",8.94953698046811,0.144801846999403,-0.119148249889165,-0.269257557569983,-0.334918455151184,4.59597181577655,0.00264961292900193,0.0204808991390134
"gene-LOC140683709|LOC140683709","LOC140683709",-0.0380785698997592,0.39760589861068,0.0737512794717893,0.0413279793669647,-0.427087601335732,4.59528774124937,0.00265212399025818,0.0204894462030946
"gene-MSN|MSN","MSN",5.55708116544684,-0.591628249985917,0.0236164491335993,-0.0616408140304312,-0.640663190728197,4.59408828147157,0.00265653276992609,0.0204894462030946
"gene-RNF34|RNF34","RNF34",3.36698686050623,-0.291706027276674,0.10469928882757,0.161564616065562,-0.0554378485192903,4.59386920105267,0.00265733883874707,0.0204894462030946
"gene-SGSH|SGSH","SGSH",-0.842221604983312,-0.58375862969222,0.669008443661799,1.10004372382124,0.355905751652599,4.59453814161065,0.00265487836993802,0.0204894462030946
"gene-CSAD|CSAD","CSAD",3.33388687754886,0.605696542275449,0.267470871970804,0.0139949083388657,0.12980078531098,4.5940592795634,0.00265663946312134,0.0204894462030946
"gene-C18H17orf75|C18H17orf75","C18H17orf75",3.1690745641155,0.247498780794172,-0.027398466078485,-0.392792974607126,-0.274484761393136,4.59319012312506,0.00265983897795282,0.0204985100517032
"gene-PPP1R12C|PPP1R12C","PPP1R12C",6.23000852376442,0.225647273686582,0.377047570816018,0.86521495498585,0.599928910034717,4.59281436102206,0.00266122344203804,0.0204989710132099
"gene-LOC100224487|LOC100224487","LOC100224487",3.43715298174552,0.34594874838145,0.0704517577878372,-0.893628118999286,0.337664653081725,4.59171334166193,0.00266528429751442,0.0205200370666844
"gene-LAMP3|LAMP3","LAMP3",-0.132913706177625,-1.73059387596324,-0.132854037195931,0.301213617045362,-0.760238361131744,4.59006265739666,0.00267138433185195,0.0205567740106459
"gene-PDE8A|PDE8A","PDE8A",-0.929583406301302,-1.11737020608295,0.844509085590864,0.0682633815995594,-0.646898787857137,4.58959919820651,0.00267309958963264,0.0205597495773186
"gene-SLC12A9|SLC12A9","SLC12A9",2.33525721629263,-0.430849281503134,0.693661536623862,0.544390598344881,0.15381092422732,4.58858182426135,0.00267686882836248,0.0205761665305557
"gene-SMAP2|SMAP2","SMAP2",5.57892413932893,-0.256440413943997,-0.0297597940123975,0.0901985631188147,0.125634183482012,4.58794714688758,0.00267922297635346,0.0205761665305557
"gene-DNAI1|DNAI1","DNAI1",-3.29622945724789,1.21686565697454,0.299794348546643,1.24750888790108,-1.01874185251466,4.58812055651471,0.00267857955465697,0.0205761665305557
"gene-LOC116806862|LOC116806862","LOC116806862",6.41405430982381,0.131508425328839,0.0423873023346415,-0.0258358766185758,-0.251526959938976,4.58612444641879,0.00268599551383947,0.0206179467146159
"gene-SKIC8|SKIC8","SKIC8",2.47959815504691,0.492108860314663,0.218427619380692,-0.0712921908115982,-0.122549789055715,4.58547003184572,0.00268843136258468,0.0206264131561715
"gene-VRK1|VRK1","VRK1",3.84546759225283,-0.317552867899588,-0.123756053326366,0.102842638135787,0.246212653802746,4.58434645202758,0.0026926187949264,0.0206483031969703
"gene-SIPA1L2|SIPA1L2","SIPA1L2",-0.307207019362577,-1.2190195005661,0.673368085482426,-0.10253784788711,-0.993433713432819,4.58181831472446,0.00270206521285818,0.0207002273113764
"gene-SNAI1|SNAI1","SNAI1",-5.14216148009324,2.37862557227184,3.10745895446989,1.15460614496353,2.78205442932438,4.58191762696102,0.00270169349313222,0.0207002273113764
"gene-MPEG1|MPEG1","MPEG1",2.10059439769062,-0.655685708365443,0.945681672618857,-0.263001064231625,-0.543802091150017,4.58003344729039,0.00270875478145364,0.0207412074433424
"gene-LOC140684976|LOC140684976","LOC140684976",-3.15134075427984,0.924060320225255,-1.36458368295998,-0.86620957275215,-1.42906535603035,4.57944590242628,0.00271096056227657,0.0207478312073343
"gene-SMPDL3A|SMPDL3A","SMPDL3A",-0.3866444349492,0.506343174360589,2.21888739562878,0.990671168018962,-0.366765646404039,4.57760796218953,0.00271787247806952,0.0207904481453909
"gene-CHRNA3|CHRNA3","CHRNA3",-2.14261895158311,-2.09192242988083,-0.669905296795457,-0.61976972567125,-0.528606517756024,4.57693596528305,0.00272040414065255,0.0207995326465406
"gene-ABRACL|ABRACL","ABRACL",0.959418652758955,-0.749654448091422,-0.260683858011049,0.108159741089253,-0.285414393148054,4.57610191516207,0.0027235496697591,0.0208118239697672
"gene-GRN|GRN","GRN",3.22753811967947,-0.250121921110824,0.514196122765063,0.581656908522699,-0.00404403893402616,4.57579675475327,0.00272470147739892,0.0208118239697672
"gene-PDPK1|PDPK1","PDPK1",7.12300663106292,-0.358565074026566,-0.125870551041169,-0.0797950345011094,0.0156415546015163,4.57490724650802,0.00272806170779705,0.0208272101273603
"gene-LOC116807936|LOC116807936","LOC116807936",-3.1830065468913,2.20036797661036,2.80261733172255,0.658908009544078,1.19367175606864,4.57370227701132,0.0027326203876065,0.0208517260839303
"gene-RNF24|RNF24","RNF24",1.41175441690032,0.681106078454954,0.56002565715462,0.178163926539139,0.160787367224588,4.57238362784767,0.00273761806483132,0.0208656370344715
"gene-RAD9A|RAD9A","RAD9A",5.29084488459724,0.682268564715726,0.0680464009771065,0.0680244251972422,0.562274554902906,4.57282595651858,0.00273594060006736,0.0208656370344715
"gene-LOC100222906|LOC100222906","LOC100222906",-2.96598032404491,0.824249004164942,-1.01813173992862,-0.394527661304007,-1.41506866742165,4.57215422523659,0.00273848845344178,0.0208656370344715
"gene-CAMK2G|CAMK2G","CAMK2G",7.45979579873249,-0.13573885806907,-0.290535714735821,-0.367230241176285,-0.420092118626648,4.57081350117621,0.00274358102419669,0.0208675478493912
"gene-TRIM33|TRIM33","TRIM33",6.0525466203428,0.0571955600377816,-0.354770519999329,-0.30853435204912,0.00875887745232617,4.57088024612437,0.00274332727322419,0.0208675478493912
"gene-ISYNA1|ISYNA1","ISYNA1",-0.3407378714259,1.39402296578746,0.472092759063011,-0.320204222899686,0.316313856591548,4.57066830609386,0.00274413310975839,0.0208675478493912
"gene-PPP1R14B|PPP1R14B","PPP1R14B",4.58446621019166,-0.0811981952240277,-0.136679829981377,0.0350506573795366,0.375030967018875,4.5709119121148,0.00274320689383579,0.0208675478493912
"gene-FLOT1|FLOT1","FLOT1",2.53038075338106,-0.251732316568304,0.279593895777857,0.432748043036745,0.16275488931673,4.56856299027119,0.00275215106977046,0.020918240572052
"gene-EXOC7|EXOC7","EXOC7",5.06010739047091,0.411869309908154,0.0479661394698265,0.00633482407776054,0.15740174577596,4.56428729503386,0.00276850853566455,0.0210322383845895
"gene-RNF146|RNF146","RNF146",7.02656223034844,0.177287195916981,-0.184590256841525,-0.263620733646286,-0.252478444956463,4.56348552395517,0.00277158690292875,0.0210452930926508
"gene-LOC115491367|LOC115491367","LOC115491367",2.61500023132373,0.587295229249,0.33421005801551,-0.218876563512961,-0.210347802093723,4.56269741180962,0.00277461623584982,0.0210579628493261
"gene-TAF10|TAF10","TAF10",5.80464540600208,0.652532308787849,0.248365501898483,0.346506121396725,0.371616915526463,4.56107815003327,0.00278085094910512,0.0210949355085303
"gene-LOC115496454|LOC115496454","LOC115496454",-2.83635493612841,-1.38012859761403,0.0188877757001786,0.203717280863649,0.527374715768197,4.55902052694809,0.00278879416073178,0.021144825887959
"gene-ATXN7L3|ATXN7L3","ATXN7L3",5.13877097922902,-0.176382678468046,0.0985925050295586,0.237237032712518,0.291560250164347,4.55838139075206,0.00279126618657263,0.0211532048174395
"gene-REEP1|REEP1","REEP1",3.11157759696244,-0.458229868867602,-0.197702990082521,0.380829867556586,-0.506856115621476,4.55668633376289,0.00279783310955707,0.0211730945952213
"gene-B4GAT1|B4GAT1","B4GAT1",3.09468040281142,0.175081896043403,-0.0374705358620351,0.861859885285903,0.449495185785132,4.55664450089912,0.00279799537623441,0.0211730945952213
"gene-LOC121468853|LOC121468853","LOC121468853",2.4502348132302,-0.421063324271616,0.453689997448901,0.43874059350194,-0.156434424617693,4.55734888622848,0.00279526439775699,0.0211730945952213
"gene-WBP1|WBP1","WBP1",4.7262649685616,0.161494376892704,0.0677555553711091,0.45442198878599,0.588503318990885,4.55412271792428,0.0028077949735746,0.0212368656970024
"gene-SLC24A2|SLC24A2","SLC24A2",-3.61325002061685,-0.271168274714237,1.35191141399224,1.58442521600722,1.59270159925045,4.55337500468366,0.0028107073068914,0.0212485078525376
"gene-SLC25A24|SLC25A24","SLC25A24",7.13582892142052,0.138164686175306,-0.146278979632999,-0.184073036984448,-0.230498221855994,4.54982243738914,0.00282458673583237,0.0213430076840849
"gene-SF3A1|SF3A1","SF3A1",7.10531788207825,0.121972544656462,0.0336889832099256,-0.134070082457518,-0.134032356687884,4.54889187344972,0.00282823389085978,0.0213601363889971
"gene-ARPP21|ARPP21","ARPP21",-2.06725436446612,-1.52631359402285,0.133746710047465,-0.112272565189965,0.170780370536903,4.54835727620002,0.00283033131108242,0.0213652528194564
"gene-SMC1A|SMC1A","SMC1A",3.7419208011937,-0.0582066499297076,0.570003686922207,0.31948527533741,0.383090109399261,4.54778002626474,0.00283259785784469,0.0213652528194564
"gene-MARCHF2|MARCHF2","MARCHF2",9.60611349746102,0.376310569048627,0.12457256922597,-0.0370422486385369,-0.0403110792142094,4.54766410700542,0.00283305323331338,0.0213652528194564
"gene-TOE1|TOE1","TOE1",3.70224018888279,0.0339996271487117,-0.0392306570738836,0.121624607584647,0.459946699747712,4.54462796608854,0.00284500703535585,0.0214241856644154
"gene-MRPL54|MRPL54","MRPL54",1.98352731331354,-0.322965066810908,0.53333919177326,0.446084899259042,0.0291111573533951,4.54479424563182,0.00284435103270996,0.0214241856644154
"gene-LOC140681737|LOC140681737","LOC140681737",0.210603697567516,0.793127684437167,0.674142576537833,0.389281773474556,-0.129137913469739,4.54462440120466,0.002845021101155,0.0214241856644154
"gene-KLHL26|KLHL26","KLHL26",-1.73508885835632,-1.12332079505732,0.580008244402839,0.286284669287249,0.060940674499631,4.54295395713689,0.00285161991877851,0.0214582020426366
"gene-MAP3K11|MAP3K11","MAP3K11",1.83616238374485,-0.0828171358566103,0.562459762511036,0.769764140974996,0.292158021676401,4.54277909831111,0.00285231157361574,0.0214582020426366
"gene-RRM2B|RRM2B","RRM2B",1.87476672440187,-0.679561363914924,-0.24156424261079,0.444441382120468,0.0123839338657712,4.54192422495825,0.00285569549689239,0.0214732205123468
"gene-BAD|BAD","BAD",4.65184719632344,0.265719856854914,0.0283244115889936,0.563016935387322,0.710845620123743,4.5389786744319,0.00286738658399173,0.0215506592458825
"gene-KIAA0040|KIAA0040","KIAA0040",2.33458036797099,-1.29837118222024,0.184820587089258,-0.118038238576893,-0.755340432796454,4.5382099070982,0.00287044591168258,0.0215631798462563
"gene-LOC140684476|LOC140684476","LOC140684476",-5.20892427389139,1.2341573497322,0.277946987025607,-0.287579561471667,-1.4334484867404,4.53498173140325,0.00288332895856451,0.0216494496039717
"gene-CSRP2|CSRP2","CSRP2",-0.90136068260647,-0.56916638808601,0.95014056639479,-0.0409967743110257,-1.46786636885949,4.53372612574062,0.00288835578898193,0.0216722935106786
"gene-LOC100224284|LOC100224284","LOC100224284",-5.4166633834976,-0.765086940472069,-1.16570973334492,1.68204575917821,1.44218936010306,4.53352238501197,0.00288917231098739,0.0216722935106786
"gene-HDX|HDX","HDX",-2.35259571007831,-2.57153772039382,-0.422198033876022,-0.536331503461694,-1.66990927045169,4.53210095868477,0.00289487545890686,0.0217045531621045
"gene-ZBTB4|ZBTB4","ZBTB4",2.783512801514,0.673522084870415,1.09923768636169,0.429403366486649,-0.147365868726668,4.53129070372436,0.00289813156673124,0.0217184435811941
"gene-NACAD|NACAD","NACAD",-1.43447862944193,3.08316623638509,2.37886426724127,1.22704298919088,0.860654981469411,4.52858869295442,0.00290901699240558,0.0217894665815471
"gene-ETF1|ETF1","ETF1",7.35188589050771,0.326963479837722,-0.0914961470717168,-0.157359147752691,0.1035316740768,4.52796850236464,0.00291152140464855,0.0217976747638782
"gene-IFT57|IFT57","IFT57",1.45136222560263,0.643764792802135,0.766841736739028,0.0721826193475572,-0.568074190598129,4.52616715860296,0.0029188079675272,0.0218311035753907
"gene-PARN|PARN","PARN",3.68454108419793,0.390597736930457,-0.0718976667835842,-0.114284844133254,-0.0376263788365794,4.52623639266338,0.00291852756690733,0.0218311035753907
"gene-MRNIP|MRNIP","MRNIP",4.12662851537978,0.278688367357047,-0.103538911939162,-0.0184896636293788,-0.283258260309573,4.52280557739931,0.00293245566168748,0.0219225852002965
"gene-CLK4|CLK4","CLK4",7.4341503901625,0.0192334509405852,-0.334570639543586,-0.44316301036887,-0.286996450437498,4.5210478656278,0.00293961773828721,0.0219655164171871
"gene-PTDSS2|PTDSS2","PTDSS2",-0.00968656534943037,-0.853338226321904,0.177836041332471,-0.00379359080328906,-0.600858381503781,4.51904508017369,0.0029478001902172,0.0220160269998124
"gene-HACL1|HACL1","HACL1",1.62407913426356,-0.452713159420236,0.192517119183695,0.310796267072949,0.195722851419825,4.51734871750424,0.00295474893825214,0.0220572792182595
"gene-PPP1R18|PPP1R18","PPP1R18",2.14555577049291,-0.63478272576158,0.223285906414546,0.0861964752429452,-0.0108160160712512,4.51536672221598,0.00296288891249155,0.0221073799039569
"gene-UBAP1|UBAP1","UBAP1",5.52722775535501,0.0549539068022504,-0.0597782252178103,-0.258795065012926,-0.242773351887561,4.51484810644032,0.00296502262515221,0.022112638614087
"gene-TRMU|TRMU","TRMU",-1.82812020279469,-0.905436702259558,0.460309874120797,0.341204559643301,0.695463409199204,4.51236825521294,0.00297524705994379,0.0221782024338296
"gene-NAA10|NAA10","NAA10",4.49990917707547,0.0765456096934267,0.0606931135308431,0.345873863123195,0.430878262256378,4.51116161056403,0.00298023507838518,0.0221940028094373
"gene-LOC140681043|LOC140681043","LOC140681043",1.19147589117365,0.117963847331692,1.21594922496039,0.910488572244464,0.354856048126442,4.51132370511259,0.00297956451680936,0.0221940028094373
"gene-ATXN10|ATXN10","ATXN10",1.09307775737539,-0.440289833631837,0.58753085277657,0.423041360262503,-0.225860417834006,4.51025777034374,0.00298397696122387,0.0222090016497467
"gene-LOC100227898|LOC100227898","LOC100227898",4.71671980897947,-0.148942916120635,-0.214851467578106,0.190493930193615,0.289494364653803,4.50983762933637,0.00298571797126537,0.0222090016497467
"gene-TAF6L|TAF6L","TAF6L",2.86175054991486,0.3918502746496,0.566062860395306,0.990567880139628,1.03957158166664,4.50963582291037,0.00298655459987871,0.0222090016497467
"gene-UBXN2B|UBXN2B","UBXN2B",1.61406948047654,-0.580296126919318,0.0648611934211876,0.275439479326695,-0.075050663383321,4.50877062189832,0.00299014417749169,0.0222145103390242
"gene-EXOSC4|EXOSC4","EXOSC4",3.4630740429182,0.630661335156302,0.127779634489829,1.03060673463898,1.15148575819611,4.50876526893985,0.00299016639975362,0.0222145103390242
"gene-NUDT8|NUDT8","NUDT8",4.54525076736854,0.3950832183489,-0.178779463409151,0.267940420133218,0.884337248185714,4.50841111143004,0.00299163702345131,0.0222147710834496
"gene-NDUFB4|NDUFB4","NDUFB4",2.697802112376,-0.72608193054421,-0.575431387732065,-0.080478890160578,-0.348117881565016,4.50457986727462,0.0030075934049299,0.0222904731519589
"gene-PACSIN2|PACSIN2","PACSIN2",2.9086055960173,-0.487255599343723,-0.0247197879863239,-0.340855772465983,-0.701410577801796,4.5046797860554,0.00300717616071811,0.0222904731519589
"gene-AK9|AK9","AK9",3.13645514409237,0.096487719175665,-0.00540987825827166,-0.371225096942435,-0.499459649706929,4.50501531876406,0.00300577546451931,0.0222904731519589
"gene-R3HDM2|R3HDM2","R3HDM2",5.29152760966773,0.0788184461276273,0.0100287724501031,0.285076553215069,0.426383030292605,4.50472441713869,0.0030069898078404,0.0222904731519589
"gene-TRMT61B|TRMT61B","TRMT61B",1.92754115985581,0.157907642732151,-0.324281558778007,-0.476928811287517,-0.363573052602716,4.50373836738362,0.00301110971550305,0.0223058510518955
"gene-ACO2|ACO2","ACO2",5.10530920666865,-0.349773075834952,0.0657623085742598,-0.0334660864290939,-0.049307206284511,4.50270859439001,0.00301541846262242,0.0223270816789866
"gene-ANXA6|ANXA6","ANXA6",3.68401477333306,-0.76624954873198,0.259343035722993,-0.0271901500169305,-0.368538764542417,4.5009652769132,0.00302272716324256,0.0223704939508267
"gene-POLR3A|POLR3A","POLR3A",5.03142279884258,0.223142411846787,-0.234582016640366,-0.120040872392716,-0.0119206195410042,4.49966693648768,0.00302818209192769,0.0223963660126377
"gene-DSTYK|DSTYK","DSTYK",4.91221813565826,0.0484682017148526,-0.42234940446057,-0.166636629119386,0.311963945670263,4.49944452622787,0.00302911754859133,0.0223963660126377
"gene-UBE2J1|UBE2J1","UBE2J1",5.55559438266843,-0.115654525288809,0.0544401363850113,0.295206580211753,0.191862224147874,4.49807542979667,0.00303488246724576,0.0224282742027833
"gene-ZNF326|ZNF326","ZNF326",5.58664880471608,0.152688507941587,-0.246145134500454,-0.424862267505715,-0.0264817440558378,4.4966514566691,0.00304089034793942,0.0224619466035143
"gene-STX17|STX17","STX17",2.47667591237507,-0.650005360409472,-0.304695769301923,0.0907720033239015,-0.165167932525664,4.49626465362695,0.00304252440459676,0.0224632944471064
"gene-FPGS|FPGS","FPGS",2.5714559527726,0.305276317531616,0.518573639791346,0.273219741102369,0.821691104221805,4.4957000755787,0.00304491108514233,0.0224701950608381
"gene-CMTM3|CMTM3","CMTM3",0.126257534936862,-1.47945757900843,0.0795096251972368,-0.228032235461881,-0.621795584015185,4.49514458059655,0.00304726123460711,0.0224768196403932
"gene-HDAC3|HDAC3","HDAC3",5.21625185400892,0.0639473988450723,-0.0973677671754984,0.111415052459277,0.463983646758853,4.49351763085782,0.00305415508543849,0.02251693661132
"gene-BRK1|BRK1","BRK1",4.71020555382489,-0.17484320203323,-0.0896396665760708,0.29570580496982,0.146694597192196,4.492752080493,0.00305740445031742,0.0225301589850772
"gene-ARHGEF38|ARHGEF38","ARHGEF38",0.65354058765689,1.19890484981753,0.463977200479823,-0.30729938450119,-0.430032269588047,4.49143645232418,0.00306299686124613,0.0225606265720056
"gene-NAPB|NAPB","NAPB",4.34839031047957,0.303112813867684,-0.0424341820622107,-0.42455718317759,0.318112673158438,4.49041475513524,0.00306734705070971,0.0225700797576464
"gene-BLNK|BLNK","BLNK",1.12590976409742,-0.652481226800405,0.651188601609892,0.210078007420341,-0.3177514803705,4.48976561507299,0.00307011424167015,0.0225700797576464
"gene-SLC44A2|SLC44A2","SLC44A2",3.78670759548255,-0.536635325113135,0.163929640241853,0.116023881273042,-0.128036445411595,4.49074754666004,0.00306592939608236,0.0225700797576464
"gene-LOC115491620|LOC115491620","LOC115491620",4.73006515126954,0.153861468778919,0.425441761476803,0.506137100145684,0.660069658105161,4.48988564704864,0.00306960237049795,0.0225700797576464
"gene-SSBP3|SSBP3","SSBP3",8.56657506941,0.205625929469877,-0.0080834666068661,-0.099596302504553,-0.177631880601153,4.48834774085208,0.00307616730645458,0.0226038409626708
"gene-LOC121469420|LOC121469420","LOC121469420",-3.97166927666407,1.0655784090384,1.22727283997555,0.316103138531011,-1.28609520360694,4.4879446149155,0.00307789052097185,0.0226057692510866
"gene-RASSF6|RASSF6","RASSF6",-3.00890774160594,1.22476948881653,2.19164018249712,1.10592463221107,-1.38138727385918,4.48423801370956,0.00309378115541018,0.0227116998956227
"gene-MED21|MED21","MED21",6.67422266568638,0.35475298440395,0.106063274391043,-0.0865427181353962,0.0757640991910922,4.48389212859691,0.00309526827341601,0.0227118428312531
"gene-RASL10B|RASL10B","RASL10B",-4.09330951373491,3.20134507612687,1.52705931451813,0.346324638471452,1.12339718180857,4.483203878781,0.00309822954566798,0.0227120332634827
"gene-SLC39A14|SLC39A14","SLC39A14",-1.2207960121901,-0.858895809019181,-0.322635978126239,-0.215421889231826,0.0832846899001898,4.48320951084007,0.00309820530136179,0.0227120332634827
"gene-LOC140682196|LOC140682196","LOC140682196",-4.88931884602381,0.121605863217735,2.07510389975494,0.77699368815975,2.2185212759398,4.48280321646524,0.00309995477272173,0.0227139205056197
"gene-LOC100189937|LOC100189937","LOC100189937",9.67984653652006,0.255338713167923,-0.144409348870365,-0.256996921361278,-0.0956950569721222,4.48221012202299,0.00310251040195979,0.0227218875865252
"gene-SLC66A2|SLC66A2","SLC66A2",3.83470052795595,-0.574845940085215,-0.0249766426345035,-0.319091898332672,-0.770533679264692,4.4797417403755,0.00311316973238151,0.0227891682159905
"gene-SPAST|SPAST","SPAST",5.77916633045794,-0.322168203478179,-0.449674466665232,-0.323944654530242,0.0162551064076402,4.47280319970677,0.00314333355128397,0.0229990953693236
"gene-HPCAL1|HPCAL1","HPCAL1",1.8670066723224,-0.670410210168349,-0.0440994665723644,0.212859439477211,-0.127151407436738,4.47231915871671,0.00314544892091472,0.023003696621529
"gene-SDHAF2|SDHAF2","SDHAF2",2.74720779759733,0.0483625861879848,0.0379210245316064,0.227210384477617,0.535236309049314,4.47143696140817,0.00314930806491394,0.0230094833771323
"gene-SPRED1|SPRED1","SPRED1",0.879513635687957,-0.348120766500418,-0.556930226846074,-0.401998470149504,-0.959154069700518,4.47111884849755,0.00315070082559893,0.0230094833771323
"gene-TELO2|TELO2","TELO2",5.91850829017959,-0.116939575135308,-0.082752788684961,0.0905989961379889,0.281469897751555,4.47129450185352,0.00314993170301548,0.0230094833771323
"gene-TPT1|TPT1","TPT1",9.86837638518926,0.242299425342726,-0.0852174907789909,-0.347803979914847,-0.123452443942035,4.46923587753662,0.00315895773293534,0.0230487002340368
"gene-RRP8|RRP8","RRP8",7.1612140583512,0.708308195180732,0.214084105118838,0.382962570082362,0.364241994861608,4.46921494635815,0.00315904964112388,0.0230487002340368
"gene-FCHO1|FCHO1","FCHO1",2.32425657171544,-0.79472451635208,-0.0460844410398087,0.292219381161046,-0.0580305389725337,4.46869008174099,0.00316135519924063,0.0230546520774028
"gene-CCDC69|CCDC69","CCDC69",1.39657098845805,-0.90317414975996,0.425618109803692,0.142541512208997,-0.408198384825761,4.46635683046822,0.00317162522452381,0.0231186530143692
"gene-LOC100229022|LOC100229022","LOC100229022",6.40367821318765,0.069514142730605,-0.349677550227748,-0.436359443341015,-0.0483847525586176,4.46595317159736,0.00317340542127788,0.0231207386507887
"gene-LOC121469191|LOC121469191","LOC121469191",0.185303832180073,0.667770334133582,0.82196218341812,0.37029959553884,-0.206665294539618,4.46534546394949,0.00317608742879677,0.0231293896285317
"gene-FERMT1|FERMT1","FERMT1",2.71602320301465,-0.657945118511896,0.353055917933849,0.0898309922840186,-0.462990299236896,4.46367966046001,0.00318345102599049,0.0231721094201331
"gene-WDR11|WDR11","WDR11",2.19049321372339,-0.361886007306708,0.279009255625043,0.335197944052353,-0.277979832685085,4.46100411368924,0.00319531464988871,0.0232475290112966
"gene-LOC100224093|LOC100224093","LOC100224093",5.04098175682187,0.144441215311492,-0.451574669635876,-0.175417383232543,0.552291168531425,4.45798457230577,0.00320875782139671,0.023330805601642
"gene-NANOS3|NANOS3","NANOS3",0.778854381125709,2.00577561929743,0.9007372954229,1.54473624564461,1.40475327461744,4.45775637829607,0.00320977609860394,0.023330805601642
"gene-LOC121470955|LOC121470955","LOC121470955",2.18038855594529,0.46886466683587,0.382177395859349,-0.420578347315176,-0.305773504346359,4.45556577549148,0.00321956809862566,0.0233909935803906
"gene-PLXNC1|PLXNC1","PLXNC1",3.19022232008374,-0.821114064541282,0.732549489961808,0.104362829219346,-0.398729215549039,4.45489213392055,0.00322568913300933,0.0234244670733549
"gene-C5H11orf16|C5H11orf16","C5H11orf16",3.75401937740525,-0.349630599650229,-0.402296464368597,-0.0580134919166397,0.282975967385441,4.45316561469301,0.00323033185122892,0.0234361863093143
"gene-TARS2|TARS2","TARS2",2.85783243896693,0.0737565798586659,0.33145910289088,0.547409482598683,0.654853201671376,4.45344351433734,0.00322908370468904,0.0234361863093143
"gene-MTRR|MTRR","MTRR",2.02210843723203,-0.327262566529005,0.153539687871202,0.435001639228425,0.049532366842008,4.44398520097859,0.00327184252352129,0.0237049349694553
"gene-LOC100219353|LOC100219353","LOC100219353",1.53569187451649,0.534268178582738,0.303987644777231,-1.14900960881542,-0.129855541511863,4.44395711622219,0.00327197034538007,0.0237049349694553
"gene-TGM1|TGM1","TGM1",1.10040398394815,0.284132811745376,0.150086007147214,-0.153216938954204,-0.470154226857003,4.44444694916813,0.00326974170472395,0.0237049349694553
"gene-SMOC1|SMOC1","SMOC1",5.40937772698232,0.462042446515373,0.133400233340341,-0.584334010574863,0.192447079309315,4.44152672645521,0.00328305108907788,0.0237723102353261
"gene-FOXRED1|FOXRED1","FOXRED1",1.2200770514439,-0.300989818951951,-0.315981477006014,0.19768344139546,0.289643616707596,4.44124403337135,0.00328434244155911,0.0237723102353261
"gene-DCTN4|DCTN4","DCTN4",4.68746367389701,0.166102631934844,0.257983892875031,0.0404024144687112,-0.344786649490949,4.44032971069037,0.00328852265414143,0.0237803215293638
"gene-LOC100221315|LOC100221315","LOC100221315",-5.10728145712535,0.133150932354213,0.0674410379914638,2.01470284151758,-1.71521249436457,4.44056915060641,0.00328742742857569,0.0237803215293638
"gene-MPHOSPH6|MPHOSPH6","MPHOSPH6",2.34477220784093,-0.20735645808436,0.158977969527148,0.373317868318979,0.276479397188606,4.43985791428941,0.00329068179532849,0.0237848205430679
"gene-TNPO3|TNPO3","TNPO3",6.15684841391403,0.0240174966888516,0.0544024247022818,0.167735009043498,0.409914521193865,4.43927882095585,0.00329333395186186,0.0237928771732317
"gene-SON|SON","SON",8.91010557919901,0.272524120646853,-0.128209645606532,-0.196301597417756,0.0476862202339632,4.43886597078821,0.00329522607341436,0.0237954379309786
"gene-ARB2A|ARB2A","ARB2A",2.17126156935042,-0.637619022766657,-0.489720072588003,0.177670953695049,-0.13407265564447,4.43789363541996,0.00329968674217957,0.0238165356041179
"gene-SHC3|SHC3","SHC3",-2.1025819990579,-0.522044070929393,0.844093596101088,0.979881199123789,0.972799894788843,4.43716338049652,0.00330304090072568,0.023822083268906
"gene-LOC140682174|LOC140682174","LOC140682174",6.37794239441272,0.123359025110288,-0.243086661288783,-0.178831697109381,-0.412525762498263,4.4370560598484,0.0033035341321533,0.023822083268906
"gene-SEPTIN7|SEPTIN7","SEPTIN7",4.0931060154638,-0.452435983342538,-0.246748954105428,-0.0757670331324141,-0.203859662846767,4.43458793981539,0.00331489805981012,0.023892895889875
"gene-LOC100228937|LOC100228937","LOC100228937",1.99939575188389,0.541425470210441,0.630631697828873,-0.223486646148677,-0.822385041530593,4.4348514396819,0.00332605557915433,0.0239398651569364
"gene-MKNK2|MKNK2","MKNK2",9.38995007378648,0.375070769066468,-0.326450556519404,0.0366830042312962,0.0566409690534702,4.43282416368976,0.00332304343497163,0.0239398651569364
"gene-ARHGEF1|ARHGEF1","ARHGEF1",4.75591504530768,-0.401640477290259,0.310580441840413,0.308484212834809,-0.117722601108219,4.43249914860995,0.00332454663044139,0.0239398651569364
"gene-PTGR3|PTGR3","PTGR3",4.45037110697923,-0.0773969031988155,-0.690012828384257,-0.274505490719306,-0.309303360971837,4.42935426082413,0.00333912765431516,0.0239922793274229
"gene-HTT|HTT","HTT",6.08905200939552,-0.0153617595657822,-0.279938731051499,-0.403774183277349,-0.289201322665526,4.42994448567618,0.0033363861545414,0.0239922793274229
"gene-LOC116808499|LOC116808499","LOC116808499",5.81195621472592,0.283729366805104,-0.28904919006592,-0.0682111502187341,-0.122960976713594,4.42974956407099,0.00333729127987913,0.0239922793274229
"gene-PSMB2|PSMB2","PSMB2",2.81728228777754,-0.37598153407703,0.396464536428655,-0.138381148081986,-0.0548132227054303,4.42926569309772,0.0033395392356232,0.0239922793274229
"gene-ATP1A1|ATP1A1","ATP1A1",3.00357822195646,-0.526737742893367,0.116232533902679,-0.241461191938364,-0.70874708815755,4.4281727386605,0.00334462254805894,0.0240176491560149
"gene-UBE2D1|UBE2D1","UBE2D1",3.2247670927557,-0.269264567703507,-0.26660915162368,-0.00366931609217369,0.234605772525737,4.42691393488496,0.00335048701362283,0.0240486022893382
"gene-LOC100218025|LOC100218025","LOC100218025",3.99786919121003,-0.430234636889787,0.0559713507040538,0.0972420131023606,-0.271762023648842,4.42463569464574,0.00336112749954129,0.0240837407150562
"gene-KCTD9|KCTD9","KCTD9",3.03912302497878,-0.0480944646604411,-0.228245076289949,0.113761344857085,0.381877808609699,4.42453304153162,0.0033616077508576,0.0240837407150562
"gene-LOC121471032|LOC121471032","LOC121471032",-0.570588343542857,2.21861157574123,1.94576863710724,1.13892734822564,0.405483593517765,4.42542207127382,0.00335745084589179,0.0240837407150562
"gene-BDP1|BDP1","BDP1",6.04281125441945,0.219868932622475,-0.270056752504708,-0.328291979396742,0.108189285218615,4.42497217992289,0.00335955378123545,0.0240837407150562
"gene-PRRC2A|PRRC2A","PRRC2A",5.32010462725213,-0.156803296733401,-0.0340490070029524,0.427052644096299,0.534466702063221,4.42323132413224,0.00336770377349558,0.0241162498356521
"gene-ENTPD1|ENTPD1","ENTPD1",6.53399833837502,0.405726460251461,0.462314340711384,0.197444837819363,-0.0332905535406667,4.42231579659109,0.00337199800505767,0.0241358321592357
"gene-ATG12|ATG12","ATG12",4.71261232108321,0.545818014360485,0.262805572980667,0.113397572693931,0.274794645787253,4.42089784160961,0.00337865988249339,0.0241723354977278
"gene-EIF3K|EIF3K","EIF3K",4.6818617073037,-0.0701662667080294,-0.276906128681943,0.213495939046323,0.296656198423335,4.42036508946314,0.00338116634572109,0.0241790892791284
"gene-BTBD1|BTBD1","BTBD1",4.13487435864822,-0.376824992401687,-0.190367578047192,-0.202108630419632,0.0672388881151811,4.41896035398301,0.00338778437487275,0.0242152254970697
"gene-C1H12orf57|C1H12orf57","C1H12orf57",2.27121627619202,-0.432549191738107,0.222110387902694,0.17252943470431,0.196601776597661,4.41834709317449,0.00339067773217706,0.0242209565830175
"gene-PGGHG|PGGHG","PGGHG",0.154949975723803,0.172838517678948,0.0641232420286894,0.425442251152187,1.33173908877239,4.41812705067474,0.00339171650503385,0.0242209565830175
"gene-ECHS1|ECHS1","ECHS1",3.16828588770964,-0.988856453345915,0.0828700654109795,-1.28448847374641,-0.192553359515887,4.42444523841034,0.00340183300456303,0.0242819952701167
"gene-CSNK2B|CSNK2B","CSNK2B",4.1690222943291,-0.0596131038693262,-0.0213237159003512,0.265581829586861,0.318668069657234,4.41413038802099,0.00341064053053296,0.0243336386399251
"gene-RP2|RP2","RP2",3.00188669258939,-0.332049102498545,0.480390479622158,0.194234569433477,-0.270092325870274,4.41369815158084,0.00341269360074046,0.0243370661158796
"gene-PDE3B|PDE3B","PDE3B",7.46948125240406,-0.466983955083962,-0.088261743017803,-0.111672627181306,-0.307656803146286,4.40754537557952,0.00344205572832045,0.0245268742008135
"gene-MTF1|MTF1","MTF1",6.41378920110837,0.308863044516768,-0.116162176958656,0.0973074480447336,0.182881705300926,4.40745696107259,0.00344247953241789,0.0245268742008135
"gene-STK17B|STK17B","STK17B",5.03702235099208,-0.00126592241305712,0.169284919679898,-0.61704275592338,-0.697132512581383,4.40595731003861,0.00344967604624234,0.0245555367137075
"gene-TAOK1|TAOK1","TAOK1",6.88638491095162,-0.156887720499544,-0.176020457857627,0.256263717678198,0.114473537834759,4.40628115328533,0.00344812069061704,0.0245555367137075
"gene-LOC115495437|LOC115495437","LOC115495437",-3.36235561173583,0.539151459740545,0.731966220019063,1.2478103117187,2.41005979714186,4.4054664645434,0.0034520348465806,0.0245610295406137
"gene-ZFAND2A|ZFAND2A","ZFAND2A",9.33539303145409,0.0803994960712249,0.0490113790122813,-0.18352377078913,-0.418380641608652,4.404903346318,0.00345474298798574,0.0245690017183269
"gene-TREM1|TREM1","TREM1",1.22288902372576,-0.211056564027351,1.66624520779196,0.703958222900444,-0.176785164955693,4.4041600541682,0.00345832094095986,0.0245831495458676
"gene-SIRT7|SIRT7","SIRT7",4.00439489020316,-0.0269411328147351,-0.0762816708215759,0.216245303143788,0.368943129837775,4.40112953403187,0.00347294802232114,0.0246757900116711
"gene-LOC140683520|LOC140683520","LOC140683520",-3.53980932511581,0.963045555328084,2.29147520044513,0.864206654597638,-0.94544030102748,4.40079714681976,0.00347455615825443,0.0246758864382686
"gene-TNFRSF8|TNFRSF8","TNFRSF8",1.24514945367912,1.25045429344399,0.641506641961369,-0.68386088825911,0.917288302630247,4.39913269711211,0.0034826204412537,0.0247218125359638
"gene-LOC140680462|LOC140680462","LOC140680462",0.106183824176694,0.0342318630537652,-1.0319790719041,-0.649068931026857,-0.643213611184618,4.39790719872871,0.00348857021007571,0.0247522181372966
"gene-ORM2|ORM2","ORM2",0.936700054095502,0.782054843016473,1.75878453220695,0.838706970265102,-0.340341929167539,4.39759188181879,0.00349010274478716,0.0247522181372966
"gene-CTTNBP2NL|CTTNBP2NL","CTTNBP2NL",-0.0986118149650851,-0.539504791842116,0.0821678441868047,-0.2725884467141,-1.34735121572217,4.39681788142664,0.00349386753355212,0.0247643032888317
"gene-PSMA5|PSMA5","PSMA5",4.56641382252513,0.0934084040342764,0.361751018389383,0.319184052327645,0.464230659371077,4.39658371998672,0.00349500732683738,0.0247643032888317
"gene-JADE2|JADE2","JADE2",6.01752809997065,0.0274749405583785,-0.582324939141445,-0.434223179845627,-0.251271407728498,4.39621520487561,0.00349680186258889,0.0247656790954522
"gene-KAT14|KAT14","KAT14",2.90144026794114,-0.0126826468003491,0.27871720805362,0.518847864362983,0.198380725513173,4.39562686464079,0.00349966881732047,0.0247746454474082
"gene-LOC121468784|LOC121468784","LOC121468784",1.84136842388772,-0.326297367823602,0.224891419555369,0.501682701215481,0.212105979825262,4.39452805097825,0.00350502971289757,0.0248012504833516
"gene-LOC140682498|LOC140682498","LOC140682498",5.84220611579155,0.627416464987536,0.509823672893706,-0.0480657502903226,-0.158879360153059,4.39503761026946,0.00351830658523377,0.024870292654131
"gene-AKIRIN2|AKIRIN2","AKIRIN2",7.64770090167573,0.206249599656517,-0.0889816664130905,-0.127419979116821,-0.0550770232877973,4.39154852477754,0.00351960845961531,0.024870292654131
"gene-LOC115495410|LOC115495410","LOC115495410",-2.43018055737295,2.83662174103389,2.47860734341038,2.0723024245544,1.49205762677106,4.39162877810508,0.00351921497202651,0.024870292654131
"gene-UBE2N|UBE2N","UBE2N",2.68096669828547,-0.589323801830566,-0.0631801725395436,-0.0208281311323422,-0.344503250030787,4.38950133975175,0.00352966114857925,0.0249299435300155
"gene-TRA2A|TRA2A","TRA2A",7.08832069196624,-0.187578596822576,-0.5724633878001,-0.161418194699021,0.0484596989821497,4.38870629699752,0.00353357309838481,0.0249461878182048
"gene-AKAP13|AKAP13","AKAP13",3.18818769725657,-0.717893119089255,0.126658437653917,-0.0267708144766217,-0.77723468149518,4.38747995266457,0.00353961591672978,0.0249774538583645
"gene-ZC3H13|ZC3H13","ZC3H13",6.40477004279016,-0.26310724814924,-0.339722255711145,-0.313614657017909,0.0370804758654151,4.38680870564961,0.00354292795622589,0.024989430320235
"gene-LOC140684450|LOC140684450","LOC140684450",-4.88471749991694,0.423409496609585,-0.105685528743046,0.526423623255744,2.7495417787457,4.38563096089718,0.00354874678293243,0.0250190690049564
"gene-BEAN1|BEAN1","BEAN1",-0.0558529931320178,1.36604329411388,1.14862499698097,-0.168540926046128,0.474553273634796,4.38502543439504,0.00355174227482073,0.0250287849284384
"gene-TOR4A|TOR4A","TOR4A",1.914966254678,-0.674369478104999,0.065759653210125,-0.0179026540764431,-0.583293326533757,4.3844162598678,0.00355475841768492,0.025038637466397
"gene-MAST3|MAST3","MAST3",4.62375564179067,0.480943925623963,0.882160675746914,-0.0114892857072473,1.04744245923554,4.38402220847185,0.0035567108361385,0.025040991896835
"gene-OTUD7B|OTUD7B","OTUD7B",5.90865834172099,-0.0565891895511026,-0.222264664189538,0.113185456986938,0.230242650687597,4.38236485453118,0.00356493456961301,0.0250677122128078
"gene-LOC115498499|LOC115498499","LOC115498499",-4.35414210543168,2.08215081839142,3.81784409691798,2.49592863835008,0.264212223996357,4.38278623012468,0.00356284188001572,0.0250677122128078
"gene-LOC100227220|LOC100227220","LOC100227220",4.80994720054873,-0.0591613296355531,-0.112487728827061,-0.0119723865063053,0.28738936314782,4.3822780703618,0.00356536572409628,0.0250677122128078
"gene-LOC115492572|LOC115492572","LOC115492572",0.548865065192449,0.8568759512983,0.308123258836629,0.116831575263874,0.29427563652191,4.38144877247117,0.00356948846411078,0.025073914653706
"gene-THUMPD3|THUMPD3","THUMPD3",3.86716564051243,-0.50536790124097,-0.204473814317482,-0.00183742303746026,-0.172078205835704,4.38145486122113,0.00356945817700432,0.025073914653706
"gene-SERPINH1|SERPINH1","SERPINH1",1.17374535920018,1.30876712040449,0.411280156701289,0.346213271474496,0.614844538580671,4.37856675832016,0.00358385387963223,0.0251519903797318
"gene-KRI1|KRI1","KRI1",5.19893373872475,0.414404650319983,0.175562462684743,0.350217304690275,0.983798462122094,4.37884739943269,0.00358245243270385,0.0251519903797318
"gene-RNF38|RNF38","RNF38",0.244949719801155,-0.333411191575438,-0.0322880909839576,0.123666637310904,-0.810091831882286,4.37794426224746,0.00358696445681618,0.0251624093242205
"gene-IDUA|IDUA","IDUA",2.76827222828762,-0.418226242440069,-0.175729734589091,0.300443662781096,-0.201576414245607,4.37658321835917,0.00359377511846079,0.0251987630077846
"gene-TRIAP1|TRIAP1","TRIAP1",2.07194415900041,0.39488257446362,-0.219322675752726,-0.36508746279498,0.190612907794503,4.37538818195443,0.00359976596147262,0.0252293379772594
"gene-PRP4K|PRP4K","PRP4K",4.43265790645671,-0.552913520488533,-0.493279755258423,-0.218932040929513,-0.1413252597376,4.37473687454666,0.00360303532479025,0.0252294654803254
"gene-PIGV|PIGV","PIGV",4.00010092508002,-0.0186188307330029,-0.155090539880805,0.307314864385088,0.473328113943157,4.37473498226359,0.00360304482788492,0.0252294654803254
"gene-THYN1|THYN1","THYN1",3.30262491700009,-0.453076786342292,-0.43204144314158,0.224453785491383,0.0732877345274607,4.37392436485745,0.00360711812340989,0.0252465639799946
"gene-ULK3|ULK3","ULK3",0.670144007074604,-0.278889162490501,-0.114093399769193,0.17281889501538,0.515591428637557,4.37275452717667,0.00361300476351405,0.0252649113038318
"gene-PM20D1|PM20D1","PM20D1",-0.991957603059334,-1.23561229749118,0.260659596484272,-0.0681702770448095,-0.0356699690514402,4.37283230760828,0.00361261306712169,0.0252649113038318
"gene-NAP1L1|NAP1L1","NAP1L1",2.47828806758295,-0.893051862057246,-0.300795817432118,-0.424721749116816,-0.457918631050239,4.37193164092016,0.00361715141297864,0.0252731218378319
"gene-CHDH|CHDH","CHDH",2.05196880740211,0.125902423519171,-1.07172230437385,-0.63391606516801,-0.382257625326806,4.37187337143794,0.00361744522589969,0.0252731218378319
"gene-LOC100232689|LOC100232689","LOC100232689",0.346207817792926,-0.264300904943985,-0.0572466453011826,0.618477135103863,0.562150555309575,4.3709907001385,0.00362189891075046,0.0252928184313463
"gene-RBM24|RBM24","RBM24",8.45427599429314,0.00360865301675872,-0.215279779990226,-0.290560055242265,-0.483391893375387,4.3689213475856,0.00363236217473043,0.0253430138205381
"gene-TRMT9B|TRMT9B","TRMT9B",0.000555406515882124,0.282510144344482,0.116998408361755,-0.607009097672967,-0.569471010658337,4.36921748054769,0.00363086294848281,0.0253430138205381
"gene-GEMIN8|GEMIN8","GEMIN8",1.78539487357244,-0.123517406335439,0.268658958213781,0.626803290261545,0.0518413174383567,4.36852346913099,0.00363437750064414,0.0253456475089987
"gene-LOC121468895|LOC121468895","LOC121468895",-4.76206235162154,-0.483887900711498,-0.218267837477031,1.37641899889433,1.23312443543056,4.36798579380715,0.00363710273622291,0.0253532274067791
"gene-TARS1|TARS1","TARS1",4.99917285528636,-0.21613638058211,0.203550280256623,0.274024903452392,0.010880215370551,4.3675896222114,0.00363911208729774,0.0253558124947918
"gene-BCKDHB|BCKDHB","BCKDHB",-1.81222535247076,-1.49893636912306,0.220395414231498,0.146514641420178,-0.550433536839182,4.36634481929661,0.00364543300576687,0.0253655916206126
"gene-PMPCA|PMPCA","PMPCA",4.00997939718455,0.254800583622755,-0.128517042757576,-0.239122221101762,0.276870650180246,4.36637861731919,0.00364526123667261,0.0253655916206126
"gene-AGO4|AGO4","AGO4",3.71625648142423,-0.47400454599514,0.0180154193510718,0.225705629656391,-0.196634008911042,4.36637947055212,0.00364525690045936,0.0253655916206126
"gene-CYBC1|CYBC1","CYBC1",3.40744194894701,-0.193733025505308,0.42035420099862,0.262476617471235,-0.0613025000624243,4.36351414607416,0.00365984847916261,0.0254544517820411
"gene-UQCC5|UQCC5","UQCC5",2.68421542988455,-0.166488836726156,-0.242943068348728,0.130154171870734,0.40438169989838,4.36196096032098,0.00366778293339844,0.0254682257836186
"gene-ARVCF|ARVCF","ARVCF",4.31765151382719,0.79662948629885,0.656688348335365,0.49059013800917,0.142092664871804,4.36202244225106,0.00366746851927562,0.0254682257836186
"gene-DIDO1|DIDO1","DIDO1",7.5728579536908,0.17858865001144,-0.192807028414596,-0.263141929844993,-0.128277271069283,4.36183797140917,0.00366841197232218,0.0254682257836186
"gene-FKBP2|FKBP2","FKBP2",4.65833183879418,-0.103245464932122,0.167970400498883,0.383508249049334,0.295343984624912,4.36262324067111,0.00366439752729407,0.0254682257836186
"gene-ITGB1|ITGB1","ITGB1",5.06542166275787,-0.580388898089692,-0.138132429922697,-0.0710915073215181,-0.727672684678724,4.36104099503466,0.00367249085611537,0.0254851103131773
"gene-OSBPL8|OSBPL8","OSBPL8",6.51869732626617,-0.443875376562258,-0.00749320561896916,-0.0552610264775844,-0.345682078270324,4.36043467816695,0.00367559705456025,0.0254952328190587
"gene-LOC115490864|LOC115490864","LOC115490864",0.874456759392373,0.628776311081034,-0.207061435627213,-0.799700682384259,-0.459792005511304,4.35985677160577,0.00367856020122596,0.0255043544417436
"gene-CAV2|CAV2","CAV2",-4.63050698759278,-2.98879259296312,-3.15207424536605,-1.04302961539523,-1.67053780719483,4.35735990208285,0.00369139065021369,0.0255803493743522
"gene-TMEM170B|TMEM170B","TMEM170B",-3.14659568148376,-0.286299046303992,2.78326561711358,1.25415459128266,1.64783454139235,4.35708089911091,0.00369282717300826,0.0255803493743522
"gene-LMBR1L|LMBR1L","LMBR1L",4.86247569479753,-0.135786329943171,0.0667286790791106,0.26930608216912,0.448109561456587,4.35658230899042,0.00369539572107028,0.025586688493764
"gene-ASXL1|ASXL1","ASXL1",6.66233775575329,0.172275640627154,-0.294546101426243,-0.233671406041975,0.157553442841572,4.3562373552348,0.00369717385969331,0.0255875516452388
"gene-BIN1|BIN1","BIN1",-1.00421395483499,-0.226949258618777,0.388411298128852,0.237383092236773,0.609642349598335,4.35562055189101,0.00370035548271976,0.0255981229750059
"gene-BUD23|BUD23","BUD23",3.47332572706862,0.147818809681544,-0.049688344752175,0.10057864805134,0.54860234633446,4.3550452786815,0.00370332540164437,0.0256072209966249
"gene-HORMAD1|HORMAD1","HORMAD1",-1.14231015978272,1.02156104119025,1.44286589307301,0.194886211639868,-0.234851987670355,4.35401438253246,0.0037086536177179,0.0256326104216992
"gene-LOC100227542|LOC100227542","LOC100227542",1.85596825128035,-1.13721712768073,0.117869541393541,0.0368279938048293,-0.430112800540748,4.35210311088655,0.00371855278861734,0.0256895555374345
"gene-MGAT3|MGAT3","MGAT3",4.5468308254793,-0.278310011950793,-0.0928373957329791,0.468535310066188,0.0635000011294657,4.35134571317825,0.00372248308376436,0.0257030219447421
"gene-ADAMTS7|ADAMTS7","ADAMTS7",1.85034958392116,1.45788074742246,0.416898430716343,1.12249491877265,1.04899285307973,4.35076779744723,0.00372548486087603,0.0257030219447421
"gene-RILPL2|RILPL2","RILPL2",3.87180930290214,0.167340365352576,-0.113727588151443,-0.40481234637246,-0.138755147070699,4.35077818752801,0.00372543087150527,0.0257030219447421
"gene-STAM2|STAM2","STAM2",5.49084232423021,-0.0834602560702375,0.244574705733776,0.434079369192258,0.249487161919066,4.34916559196396,0.00373381987094977,0.0257375779523153
"gene-FAM131A|FAM131A","FAM131A",0.318407695863804,1.01511876651051,-0.214452906393338,0.457072358650483,1.18709182663841,4.34922613316109,0.00373350457718313,0.0257375779523153
"gene-PIAS4|PIAS4","PIAS4",4.76671262650117,0.0498940689971104,-0.163852820588508,-0.199181356094417,0.316011145027211,4.34721124824947,0.00374401254942372,0.0257848661336591
"gene-LOC100219508|LOC100219508","LOC100219508",5.18995221719008,-0.306075086421452,0.16402422577396,0.220952609426751,0.0496286767608201,4.34735955151552,0.00374323809429397,0.0257848661336591
"gene-ASAH1|ASAH1","ASAH1",3.9096541384206,0.10544823336483,0.83164295364959,0.242104439002368,0.168802420741437,4.34673694821611,0.00374649049166142,0.0257904538961123
"gene-BCL11A|BCL11A","BCL11A",1.37161063300541,-0.677170111527038,-0.332423396932962,0.396254302324272,-0.0399943365960924,4.34460760031261,0.00375763573898631,0.0258556749936919
"gene-PALB2|PALB2","PALB2",2.09856012183249,0.274410500450411,0.740823599772465,0.682915261882145,0.578960514506128,4.3439690304403,0.00376098467668478,0.0258557253983549
"gene-DNAJC16|DNAJC16","DNAJC16",3.79725202082813,-0.0638448211325557,0.196316049828912,0.547930242478552,0.176786038055404,4.34404051197661,0.00376060964511545,0.0258557253983549
"gene-RCC2|RCC2","RCC2",1.07596710863766,-0.685811772956302,0.316894602114123,0.430558918374615,-0.402914982221367,4.34299254513704,0.00376611168105497,0.0258794752505887
"gene-DGUOK|DGUOK","DGUOK",0.696072805277478,1.49694391970218,0.81623319344898,0.314876544298895,0.986079494155825,4.3410508450255,0.00377632771788914,0.0259381586481733
"gene-LOC115490748|LOC115490748","LOC115490748",-0.805695336563939,1.02100410976345,0.719641006723493,-0.314237211725195,0.11133916838,4.33948678252994,0.003784577419894,0.0259756787810403
"gene-MRPL4|MRPL4","MRPL4",1.14007030859434,-0.367925444599396,0.363020217828207,0.5252011740401,-0.0219331007298882,4.33937885288309,0.00378514737649407,0.0259756787810403
"gene-LOC115490769|LOC115490769","LOC115490769",0.880092944190795,1.04649241263804,0.768275261264405,0.575527271049275,0.37024445208161,4.33891243585718,0.00378761144636522,0.0259810669913572
"gene-NXT2|NXT2","NXT2",5.23858446630216,0.195360248008645,-0.0948184027704517,-0.25758357567135,-0.0455069938809034,4.33461889435898,0.00381037115830999,0.0261140361713229
"gene-PRKRIP1|PRKRIP1","PRKRIP1",4.69471517025734,-0.273709822349798,-0.0781550930025352,-0.0531236191322737,0.0570850643717469,4.3349362812163,0.00380868394942943,0.0261140361713229
"gene-LOC115497306|LOC115497306","LOC115497306",3.09075760904482,0.510890813909691,-0.0708269690059851,-0.193735945903588,-0.430774512395741,4.33405904304932,0.00381334915277187,0.0261228765556196
"gene-WDR20|WDR20","WDR20",6.25470709923973,0.106954949124671,-0.229218220646045,-0.245961430864319,-0.235640114409051,4.33055517960996,0.00383204113893428,0.026239308241154
"gene-LSM12|LSM12","LSM12",3.68707485680231,0.383928757445121,-0.287403723127223,0.134615263001267,0.50991014133864,4.32806807493507,0.00384536575928152,0.0263189009840254
"gene-BAG1|BAG1","BAG1",2.51051851656766,0.250751047390973,-0.525071286979619,-0.0649921674133322,0.396548922272759,4.32751833770122,0.00384831734170423,0.0263274583832329
"gene-IER3|IER3","IER3",2.21705541445202,0.93733598023246,-0.16951225832462,-0.188914112101969,0.498254330106789,4.32682803009477,0.00385202693198519,0.0263411916802788
"gene-LIMK1|LIMK1","LIMK1",2.29562548653792,-0.185335167185738,0.531456655114165,0.327192782362542,0.153917265127716,4.32607552832186,0.00385607489980471,0.0263572257396104
"gene-KCTD3|KCTD3","KCTD3",3.98441823681409,-0.518948234545864,-0.26458938262758,0.150229032586574,-0.15201724260479,4.32452998346296,0.00386440254023701,0.0263791924614767
"gene-RPS24|RPS24","RPS24",8.39322467737658,0.214252475280469,-0.218429807718719,-0.289739548974161,0.00996294774529716,4.3248903840117,0.00386245900567614,0.0263791924614767
"gene-SKIC2|SKIC2","SKIC2",6.44696255413694,0.169600582539981,0.238567261996357,0.576442880461864,0.772194162272255,4.32473000771175,0.00386332374486955,0.0263791924614767
"gene-OAZ1|OAZ1","OAZ1",9.77482070873323,-0.212920422578105,-0.495507603399915,-0.567906286086687,-0.31221740783988,4.32416972942551,0.00386634628205272,0.0263808239483095
"gene-FCF1|FCF1","FCF1",4.37977801524833,0.122025709586057,-0.402911496783171,-0.287513548408172,0.00137686284492489,4.3224579450951,0.00387559581403772,0.0263973790590818
"gene-METTL25B|METTL25B","METTL25B",3.95973185651871,0.0229523913146141,0.0788210637266711,0.286253323397799,0.567002017064248,4.32338121803719,0.00387060415819038,0.0263973790590818
"gene-TMEM183A|TMEM183A","TMEM183A",9.09845838277962,0.302580165462119,0.00706621250181705,-0.11739851039442,-0.13505070871873,4.32252420659046,0.00387523735394696,0.0263973790590818
"gene-GNG2|GNG2","GNG2",-2.85615757960225,-2.40933721015125,-0.478619217897021,0.311100220003557,-0.746269380087452,4.32251443571705,0.00387529021009265,0.0263973790590818
"gene-TMEM116|TMEM116","TMEM116",0.128729010426057,-0.0659308080281342,-0.633134976448006,-1.00573060526381,0.369307508913008,4.32166012802679,0.00387991448578636,0.0264151679135697
"gene-SH2D1B|SH2D1B","SH2D1B",-2.17932473364879,-1.39199748018237,-0.938378243878548,-0.379725298318813,0.0959145571464188,4.3206081897149,0.00388561625093755,0.0264191175234001
"gene-LOC105759208|LOC105759208","LOC105759208",2.40541119017798,0.901011098832992,0.298236623850841,-0.0444917774433404,0.718851857616866,4.32080059370904,0.00388457273528014,0.0264191175234001
"gene-RNF41|RNF41","RNF41",5.62281081853484,0.073795103339056,0.000401837920128045,0.176315612623229,0.456209873813146,4.32074237383868,0.00388488846438101,0.0264191175234001
"gene-REEP5|REEP5","REEP5",2.04793463589473,-0.542080489994559,0.0151106987008034,-0.0295589418213593,-0.700302354227635,4.31893420391351,0.00389470730175729,0.0264692997341652
"gene-NHLRC3|NHLRC3","NHLRC3",0.773313618591339,-0.0645377632969599,0.235011960299932,0.783334516301463,-0.370500150432376,4.31809412231621,0.0038992777773937,0.02648872853607
"gene-TOP2B|TOP2B","TOP2B",5.28950080643807,-0.46264884724811,-0.603297285428818,-0.4257755314855,-0.241768350093338,4.31673691320087,0.00390667325888988,0.0265273228088288
"gene-ENOPH1|ENOPH1","ENOPH1",3.53020703232859,0.204705711982662,-0.144827868287151,-0.272294940310896,-0.128648967166903,4.31579843553056,0.00391179542629973,0.0265504536061353
"gene-FSTL1|FSTL1","FSTL1",-1.66029995203677,-0.581703423873938,1.31532811375036,1.46675939828896,0.521708798171136,4.31524275283185,0.003914831546135,0.0265594117389036
"gene-IGBP1|IGBP1","IGBP1",6.19147114331373,0.358728181549669,-0.08235603630105,-0.117185461519781,0.356977319324855,4.31483072863922,0.00391708430194175,0.0265630497688644
"gene-LATS1|LATS1","LATS1",4.84310601809783,0.450749429841566,0.383397773201576,0.0904166087888143,-0.0094615759740666,4.31390891393227,0.00392212914550472,0.0265856103927664
"gene-THRAP3|THRAP3","THRAP3",6.97960088671347,-0.0926967263517602,-0.251385929945163,-0.105632676477799,0.232763694222858,4.31109971559024,0.00393754405643324,0.0266784125539861
"gene-FAM187A|FAM187A","FAM187A",-1.13675488203348,1.74960631094526,1.78201035948279,1.19847240618139,0.409866547355745,4.31049601976587,0.00394086477762876,0.0266892264480547
"gene-TMEM140|TMEM140","TMEM140",7.46077664390307,0.376622343717112,-0.181639283799842,-0.00616671067933794,-0.116960091873693,4.30931526064672,0.0039473679863554,0.0267215746232939
"gene-ARHGAP45|ARHGAP45","ARHGAP45",5.71256495304267,-0.443779582895007,0.145358987438009,0.162624063098886,-0.345633976536397,4.30782435489604,0.00395559501918776,0.0267655587765328
"gene-LOC100226244|LOC100226244","LOC100226244",1.73542921828866,-0.763243662308427,-0.0151997547202343,0.0557624670479897,-0.631417517917865,4.30568381373074,0.00396743743587662,0.0268339573077757
"gene-ADAM33|ADAM33","ADAM33",4.28480050106495,-0.750294934877634,0.210462455894612,0.105631870150225,-0.197117907142827,4.30388290432712,0.00397742887776217,0.0268897823867932
"gene-LOC115493999|LOC115493999","LOC115493999",-3.11988110381391,-0.660184620602097,0.655408493886105,1.36398618161763,1.1242154229012,4.30202966772736,0.00398773743582656,0.0269432390678606
"gene-LOC140683525|LOC140683525","LOC140683525",4.84463940392984,0.403403296593105,0.303774476778267,-0.0803505736403265,-0.275398158362141,4.3018356657891,0.00398881813922253,0.0269432390678606
"gene-TNFSF11|TNFSF11","TNFSF11",0.348954430518114,-1.02507011993519,0.0122383848130611,0.0772357226038004,-0.128492172952781,4.30071081078426,0.00399509012648989,0.0269709912845531
"gene-CYP2D6|CYP2D6","CYP2D6",-0.0867069848462163,-0.0976896519447567,-0.0133025517622835,-1.16054012682106,-0.447167774538545,4.30047388343992,0.00399641247272893,0.0269709912845531
"gene-DUT|DUT","DUT",-0.641556729315682,-0.891891555247352,-0.137428654027457,-0.262326002652943,-0.0424142483509067,4.30006231998503,0.00399871056515705,0.0269747367026178
"gene-PCYT2|PCYT2","PCYT2",5.31888540734588,0.126358377991452,-0.402188142602426,-0.0589980317266425,0.460166105237591,4.29962837511225,0.00400113509150166,0.0269793313904088
"gene-DUSP14|DUSP14","DUSP14",0.696439187432665,0.204886968016136,0.891409829092707,1.56990157028256,2.04416975999809,4.31066563086108,0.00400606744814968,0.027000824808413
"gene-NFXL1|NFXL1","NFXL1",3.13813673881342,-0.129250373710822,0.00118517745687718,0.206396804983316,0.341202060132974,4.29643010561087,0.00401905071223797,0.0270765388645549
"gene-PASD1|PASD1","PASD1",-0.793364790570007,0.0364816036418938,0.508200228778189,0.939904278607344,0.803278148914812,4.29563195116847,0.00402353445026328,0.0270949502253369
"gene-CBX4|CBX4","CBX4",1.00233587831198,-0.939149879302635,0.238453482185077,0.244736129427612,-0.159157618045117,4.2944242894946,0.00403032835429613,0.0271288957297662
"gene-CUX1|CUX1","CUX1",2.96822018386367,-0.28640256720557,0.470104529392457,0.362548992115541,-0.100282981503511,4.29396745402775,0.00403290140925314,0.0271344127426923
"gene-CYTH3|CYTH3","CYTH3",0.540075590036291,-0.510505964577233,0.0380073438504769,-0.278029087563092,-0.990483172280296,4.29327815763454,0.00403678693691153,0.0271418494250847
"gene-CRTC2|CRTC2","CRTC2",5.02170689653221,0.135186119632677,0.0883768647514138,0.298650890963598,0.566685351812779,4.2931491568756,0.00403751453160227,0.0271418494250847
"gene-ARFGEF2|ARFGEF2","ARFGEF2",7.33227183649503,0.149014107468332,-0.245095221211472,-0.39928832357404,0.0704623782127145,4.29263550833604,0.00404041295771289,0.0271495399568419
"gene-TSEN54|TSEN54","TSEN54",4.51005223461027,0.455873682063246,-0.31388181310231,-0.00260304641997156,0.360185167799809,4.29129184243901,0.00404800506620257,0.027188749305332
"gene-IPO8|IPO8","IPO8",0.998586971164239,-0.81004062656502,-0.10843726858629,0.0334160127717129,-0.437731273832888,4.29013975960074,0.0040545262629772,0.0272207348891853
"gene-PABPC1|PABPC1","PABPC1",11.3353074398777,0.248386103552253,-0.0419978039429267,-0.183517853783188,-0.203281106961288,4.28901141084656,0.00406092350566183,0.027251860906382
"gene-GORASP1|GORASP1","GORASP1",5.26644586630223,0.290099917159351,-0.264556012601385,-0.0684213451866285,0.066382067343377,4.28813708649884,0.00406588762189052,0.0272733467484854
"gene-NPC2|NPC2","NPC2",6.45155860968605,0.118266295693512,0.488549841529123,-0.161284407553755,-0.212426719309896,4.28551743565756,0.00408079820331981,0.0273615044178397
"gene-SIPA1|SIPA1","SIPA1",3.28371940570387,-0.290218082383882,0.325262995264397,0.530531494856849,0.427732907183996,4.28442851087624,0.00408701257014889,0.0273913033880702
"gene-VPS41|VPS41","VPS41",4.72072563037401,-0.379472456245161,-0.155257645462381,0.0238308148189708,-0.010742265436849,4.28303042496588,0.00409500544129657,0.0274329909974305
"gene-PTGES2|PTGES2","PTGES2",1.25719055971426,-0.146603857195325,0.346576411679371,0.392003295691884,0.475578435269127,4.28209552474999,0.00410035917085559,0.0274569702159196
"gene-GPR174|GPR174","GPR174",2.3249642717588,-0.703169061532013,0.103855663663992,-0.677717342775608,-0.466883968062542,4.28155195658479,0.00410347520983763,0.0274659510693068
"gene-LOC140683595|LOC140683595","LOC140683595",-2.74591591590337,-2.7173027733482,-0.809983833707808,-0.824796692018651,-1.75533577696433,4.280329881327,0.00411048965786989,0.027496115685126
"gene-OSBPL10|OSBPL10","OSBPL10",0.315155736877898,-0.80623706736806,0.394470002095714,0.672025145738409,0.00358314442910307,4.2801478561594,0.00411153548920075,0.027496115685126
"gene-PHF3|PHF3","PHF3",9.3412788008185,-0.0160623290512021,-0.20547275196917,-0.40558920229029,-0.567228492796477,4.27781293043843,0.00412497497803336,0.0275740767970049
"gene-PSAP|PSAP","PSAP",8.37881931433025,0.0756984950127251,0.0706075643921231,-0.219780517033078,-0.341002548843354,4.27720085550338,0.00412850539931343,0.0275823342290438
"gene-PRMT1|PRMT1","PRMT1",2.35153957161962,0.361431051018325,0.501599284851006,0.0762294129301262,-0.0818323582785578,4.27698087009845,0.00412977501833243,0.0275823342290438
"gene-CCT2|CCT2","CCT2",6.09122208169766,0.425081700514989,0.0597694456805362,-0.0514506712644653,0.155936541896986,4.27470510673103,0.00414293270697268,0.0276415635782109
"gene-ZDHHC15|ZDHHC15","ZDHHC15",0.403494390969871,-0.746977618848488,0.0322778468553447,-0.449781844704503,-0.3299713709885,4.27488368221762,0.00414189869986919,0.0276415635782109
"gene-UBTD2|UBTD2","UBTD2",-0.24225097652133,-0.742058445746488,0.617923076072455,0.0466454681382855,-0.621872007495905,4.27452052356685,0.00414400177715343,0.0276415635782109
"gene-STX3|STX3","STX3",0.639430753466552,0.538916851939277,0.632281451913166,-0.306256537654872,0.0398976530922937,4.27204373284846,0.00415837412624193,0.027719330370255
"gene-CEP131|CEP131","CEP131",5.84291553696948,-0.138089067818629,-0.669908645399738,-0.317063346360666,0.384244316620927,4.27189428303737,0.00415924298027347,0.027719330370255
"gene-NKAP|NKAP","NKAP",4.29458930076215,0.103893583728099,-0.352866395508618,-0.136804407393857,0.182403112232354,4.26491505419397,0.00420002495677526,0.0279790728394736
"gene-CSK|CSK","CSK",3.86631526518578,-0.349968222453018,0.116698207322472,0.150688129305085,-0.298416556487107,4.2642473685984,0.00420394778482801,0.0279811148258982
"gene-ZNF653|ZNF653","ZNF653",4.85745753021236,0.229704042288714,0.252934794200593,0.7626176772014,0.680447657098462,4.26454353506011,0.00420220726813532,0.0279811148258982
"gene-PLEKHA7|PLEKHA7","PLEKHA7",-4.87414535228904,3.18887861335419,0.831861375269883,0.806344969585649,1.6854638704658,4.26302715206314,0.00421112653634728,0.0280048058229369
"gene-PI4K2A|PI4K2A","PI4K2A",4.6287040157108,0.0640698332528533,0.0943165735136899,0.296539229455101,0.4389562973395,4.26330090636865,0.00420951490369183,0.0280048058229369
"gene-CENPT|CENPT","CENPT",6.1494835716687,0.139432145322593,-0.307076738799549,-0.189818026203389,-0.00951877101624365,4.26245731640919,0.00421448326323648,0.0280150895612477
"gene-TGFBR2|TGFBR2","TGFBR2",0.788575600418344,-0.865547960398905,0.22805348232886,-0.134652483874215,-0.4881515628273,4.26097441509922,0.00422323137849535,0.0280611874547942
"gene-UBC|UBC","UBC",6.33365943522172,0.45315818038526,0.164030970254512,0.237013622902554,-0.231313553101441,4.25810260094805,0.00424022584858036,0.0281620150243695
"gene-TBC1D22B|TBC1D22B","TBC1D22B",7.62190444262387,0.30865696716809,0.0937668777947831,-0.172625469381418,-0.223473656556726,4.25747998713556,0.00424391946811133,0.0281744546413654
"gene-LOC115497123|LOC115497123","LOC115497123",2.60915117243414,0.558160386291871,0.207386724663335,-0.267457048970524,-0.228452044061348,4.25436682662868,0.00426243739968767,0.028269669725176
"gene-FGR|FGR","FGR",-0.452851661506993,0.961229701654187,2.38773326054984,1.397867882516,1.36455727940309,4.25414800460461,0.0042637421091154,0.028269669725176
"gene-TYROBP|TYROBP","TYROBP",-0.115463964542475,-0.594978073035047,1.15144629269844,0.801319744084018,0.100419373575847,4.2544137308394,0.00426215778995559,0.028269669725176
"gene-RGS21|RGS21","RGS21",-0.569339612555888,-0.272184943033791,-1.13379245641433,-1.09205299500243,-1.3895841514122,4.25262874929209,0.00427281179084312,0.0283176712904913
"gene-GPD1L|GPD1L","GPD1L",4.15004701636027,-0.649273615491015,-0.245562756042147,-0.104153626404351,-0.134724013161786,4.25126598317772,0.00428096400200647,0.0283585284232996
"gene-LOC116806605|LOC116806605","LOC116806605",7.88082098525911,-0.373633773088128,0.0326545439224981,0.129664353212093,-0.0853833509515711,4.25068000220185,0.00428447427810497,0.0283585284232996
"gene-LOC140682102|LOC140682102","LOC140682102",6.27042101324464,0.0100890595461758,0.0816944327464189,-0.222516971595139,-0.473567617601381,4.25098180106739,0.00428266600761644,0.0283585284232996
"gene-FAM83H|FAM83H","FAM83H",8.33052393448738,0.412673890544411,0.467105905062841,-0.0184131649250059,-0.301842844446103,4.25031814412806,0.00428664342850314,0.0283607554750261
"gene-TMEM208|TMEM208","TMEM208",4.8585692407387,0.17307456288653,-0.339650215675909,-0.322781962235952,0.232760728615061,4.24959225523039,0.00429099813169906,0.0283774342256594
"gene-CLDN20|CLDN20","CLDN20",-0.611270948452923,0.126947233589828,-1.25190037565665,-0.0875934945223078,-0.922091013077407,4.24782519812103,0.00430161781193582,0.0284233713235298
"gene-LOC100232037|LOC100232037","LOC100232037",-0.752733553518869,-1.71912710107314,0.0597473140011742,-0.217332177943608,-0.176518708844611,4.24811114436395,0.00429989751262529,0.0284233713235298
"gene-RRS1|RRS1","RRS1",3.9432646363393,0.820082304329038,0.511180157861263,0.36302386794601,0.447958038993775,4.24624613188888,0.00431113038243646,0.0284376567213147
"gene-CEBPG|CEBPG","CEBPG",6.7754379422889,-0.335248042710712,-0.2085012145092,-0.195035662308949,0.0362724499270284,4.24699453525763,0.00430661919814745,0.0284376567213147
"gene-KIAA0753|KIAA0753","KIAA0753",4.10215478373233,0.136677269952227,-0.479096123762659,-0.275656889226384,0.225337263408499,4.24642233978961,0.00431006781261201,0.0284376567213147
"gene-LOC121468062|LOC121468062","LOC121468062",0.192348838653975,-0.586397400776594,0.6597254080745,0.420264994404669,0.0710599942982061,4.24639625661967,0.00431022508263752,0.0284376567213147
"gene-ZCCHC17|ZCCHC17","ZCCHC17",0.3026082572947,-0.317059474804862,0.270716045104452,0.177034848747986,0.345030452054274,4.24345791812616,0.00432797949196326,0.0285366351248962
"gene-LOC116806879|LOC116806879","LOC116806879",7.74466284484828,0.104931875262252,-0.416038633446741,-0.263514007981099,-0.330887237715052,4.24305137983246,0.00433044179758691,0.0285407098882698
"gene-C4H4orf50|C4H4orf50","C4H4orf50",4.62245802811615,0.425566266825791,0.318455139967839,-1.01090072387692,-0.154252720738583,4.2543615785606,0.00433239987268856,0.0285414593571117
"gene-LOC140682432|LOC140682432","LOC140682432",3.15076443880785,0.21156289706312,0.0939600555483917,-0.473792863843009,-0.248195911133607,4.24128360349157,0.00434116542352202,0.0285502508420331
"gene-LOC140684280|LOC140684280","LOC140684280",-1.81351780825728,0.46054701068914,-0.715308619895691,-1.029082665637,-1.08738397002306,4.24183000134264,0.00433784799420374,0.0285502508420331
"gene-USP24|USP24","USP24",2.64077938564713,-0.965867656127939,-0.56672407424653,-0.398227087440136,-0.864406143511197,4.24183132232246,0.00433783997706967,0.0285502508420331
"gene-COPB2|COPB2","COPB2",6.77262713686638,-0.207349745640479,-0.185645576187832,-0.175469731550288,0.0459090541641274,4.24139926753157,0.00434046295880884,0.0285502508420331
"gene-INPP1|INPP1","INPP1",-0.415108331666753,-1.05928983111839,0.201314472984029,-0.0830864574203309,-0.120496881816991,4.24098836991605,0.00434295899723075,0.0285502508420331
"gene-URB2|URB2","URB2",1.38620732008038,-0.0530709743039572,-0.268517190544206,-0.40387783552328,-0.519118333775211,4.23987064575487,0.00434975613388958,0.0285706605144063
"gene-NCOR2|NCOR2","NCOR2",2.56191227703513,-0.541470749744427,0.616070447258624,0.436177115212054,-0.12082491143496,4.23995988205481,0.0043492130691884,0.0285706605144063
"gene-MITF|MITF","MITF",6.89323824737309,-0.413985312928724,-0.393845572436297,-0.188174362926294,-0.0497869994806583,4.23701683145837,0.00436716009223519,0.0286609615607087
"gene-KCNAB2|KCNAB2","KCNAB2",0.89588984279072,-0.931690469402905,0.180812427188669,-0.0656043426929027,-0.350524226204411,4.23700895415434,0.00436720823005823,0.0286609615607087
"gene-CTDP1|CTDP1","CTDP1",3.20574564817304,-0.395554841386509,-0.230877542101337,0.0628225200165122,-0.0169123424422359,4.23621607546221,0.00437205624290618,0.0286806148194036
"gene-LOC115490883|LOC115490883","LOC115490883",0.60955322919203,-0.518831137124202,1.2256737170311,0.096293794253752,-0.818021797587826,4.23469369836466,0.00438138012617062,0.028729600615462
"gene-TEKT1|TEKT1","TEKT1",1.83783350086555,-0.758783187817475,0.563730986766619,0.194710858185057,-0.482486349178765,4.23353010870326,0.00438852026765894,0.0287642317416442
"gene-NAV1|NAV1","NAV1",-0.863751293149713,-1.021323510337,0.908466999690131,0.923117131223106,-1.0254445730234,4.23286002252796,0.00439263750479015,0.0287790285294782
"gene-MEF2D|MEF2D","MEF2D",3.1045604954803,-0.157200126798574,0.645922973890539,0.512631996221425,0.147502925007414,4.2307152323829,0.00440584232801962,0.0288533262911992
"gene-TNKS1BP1|TNKS1BP1","TNKS1BP1",5.6811935541141,0.288481516867669,-0.140395986302465,-0.264281664850346,0.664040158196541,4.23008394901723,0.00440973665472534,0.028866613676766
"gene-GPN3|GPN3","GPN3",1.17315223751374,-0.441273159853576,-0.0209297326222235,0.265392398741241,0.115229082219285,4.22918372192065,0.00441529614296952,0.0288907855443777
"gene-LOC116808970|LOC116808970","LOC116808970",1.65894775901734,0.497122920344675,0.241707329919071,-0.242078470400236,-0.212480370678952,4.22862101821493,0.00441877483455179,0.0289013273730723
"gene-GGNBP2|GGNBP2","GGNBP2",5.18451144396859,0.185989502758638,0.000946147659233176,-0.140665943290187,-0.0244915440882503,4.22818212339611,0.00442149006721382,0.0289068689438673
"gene-TRERF1|TRERF1","TRERF1",2.15967670568736,-0.647994066681988,-0.120863278000267,-0.0652494767977934,-0.543502997120154,4.22514132142808,0.00444034884925676,0.0290179047475711
"gene-PHACTR4|PHACTR4","PHACTR4",6.62021278180103,0.056747086836686,-0.145272359302687,-0.416046618647138,0.13928513962213,4.22301019558971,0.0044536147758975,0.0290923126454259
"gene-LOC115497019|LOC115497019","LOC115497019",0.0528360047446215,0.703724783946527,-0.0263628850677904,-0.319114564574558,0.165881290338241,4.22230637120078,0.0044580048460389,0.0290958871046135
"gene-SF1|SF1","SF1",7.99037750531703,0.680136543115247,0.271533206007818,0.0808216337006638,0.0688668079691288,4.22201836642276,0.00445980253390263,0.0290958871046135
"gene-LOC140681746|LOC140681746","LOC140681746",1.31787278459718,0.774865089241649,0.478474891066817,0.333201688245573,0.215458376527413,4.22218868969415,0.00445873930918968,0.0290958871046135
"gene-NPFFR2|NPFFR2","NPFFR2",5.64041437465248,0.286306735304256,-0.0287859900327261,-0.733911147547106,0.437785217839881,4.22065849161912,0.0044683006846018,0.0291267704693399
"gene-GRHL3|GRHL3","GRHL3",-4.34643181437423,2.85875585642869,2.52117285772603,1.83013278849505,1.39598490580238,4.22094749915185,0.00446649323344388,0.0291267704693399
"gene-MPC2|MPC2","MPC2",3.96332866984308,-0.219328091525062,0.0870938278855675,0.142299101298531,0.235137514350543,4.21968218615933,0.00447441201009525,0.0291420563367946
"gene-LOC100190592|LOC100190592","LOC100190592",-0.79393037708287,-0.702368505021405,1.12422865355199,0.199789114209059,-0.505417533969266,4.21985153307506,0.00447335134782624,0.0291420563367946
"gene-KMT5A|KMT5A","KMT5A",7.20885084861454,0.0214946137559338,-0.111614004470905,-0.272698292404235,-0.289363440960154,4.21863092617931,0.00448100205549243,0.029172699540911
"gene-SEMA4B|SEMA4B","SEMA4B",4.56810904212103,-0.155404491135875,0.272314821574809,0.511620688466506,0.564443232249218,4.21393564080301,0.00451055648838354,0.0293527593178029
"gene-LOC100222416|LOC100222416","LOC100222416",2.41755168774994,-1.19343878300266,-0.0794868390085326,-0.0644686934459298,-0.332745410969789,4.21159815956098,0.00452534378005012,0.029436609918569
"gene-PTCD1|PTCD1","PTCD1",4.18925019464896,0.365476394325931,-0.0222422581508752,-0.20128734113537,-0.13700568611527,4.21114348528877,0.0045282258627137,0.0294429811871826
"gene-LOC140683773|LOC140683773","LOC140683773",-4.84429617706377,0.644779708861681,-1.82286351741783,-1.71562098748131,-1.31732531483234,4.2092064664915,0.00454052519733927,0.0295105533090404
"gene-LOC115497404|LOC115497404","LOC115497404",-3.90343191193745,-0.153770705055123,2.70843610986226,0.330237120769082,1.00380400718846,4.20718543080114,0.00455339432474159,0.0295817704346667
"gene-RAP1A|RAP1A","RAP1A",6.11643712006414,-0.286646768053799,-0.0624129966496447,0.0186357695149102,0.0667755111659218,4.20665385977727,0.00455678532497686,0.0295913776349211
"gene-OGDHL|OGDHL","OGDHL",-0.239834545803599,-0.15119671696709,-0.712305772267223,-1.73659988277794,-0.821211241857373,4.20530284465908,0.00456541532064699,0.0296101433725952
"gene-HMGA1|HMGA1","HMGA1",0.932351607590066,-0.273411883752728,0.316129976352982,0.34873996017253,0.149239471202284,4.20552867958091,0.00456397157620144,0.0296101433725952
"gene-SEMA6B|SEMA6B","SEMA6B",-1.98848687491848,-0.693448820812163,1.12564741962393,1.02715919953649,0.511515373445806,4.20544725621216,0.00456449205555763,0.0296101433725952
"gene-LOC140682313|LOC140682313","LOC140682313",-5.30685887161323,1.51273421654983,0.775245039691788,1.73660026733551,-0.880608780424418,4.20436718024617,0.00457140191126759,0.0296326192489301
"gene-ZNF512|ZNF512","ZNF512",3.74150504829074,-0.359716967768807,-0.117692248904119,-0.0953432756660275,-0.00684705207853575,4.20416282514502,0.00457271048571535,0.0296326192489301
"gene-MLKL|MLKL","MLKL",0.0568381723672747,0.908804572883075,1.36413618038226,0.791387603667246,0.225650098955349,4.20249091250446,0.0045834308242721,0.029669754581924
"gene-LOC121468619|LOC121468619","LOC121468619",-2.65116361205806,1.61016751956626,1.29301071277535,0.490565385020695,0.00405787877197827,4.20237223259158,0.00458419277579194,0.029669754581924
"gene-RPL17|RPL17","RPL17",7.45584248271404,0.320926610411695,-0.47999165802409,-0.468982824830135,0.251164961760207,4.20268050771661,0.00458221384863704,0.029669754581924
"gene-TIMP3|TIMP3","TIMP3",7.2490156063413,-0.101002563621075,-0.426638557343677,-0.23446188498676,-0.593186172142209,4.20175726505217,0.00458814307372493,0.0296829072181828
"gene-SPI1|SPI1","SPI1",2.7112818894921,-0.244273180814321,0.720668895504192,-0.00929202484341518,-0.426588959670967,4.20047555243518,0.00459638742689169,0.0297238175642077
"gene-DNAI4|DNAI4","DNAI4",1.56459111341791,0.0801704228530553,0.381969173064775,-0.424385327416914,-0.633658002883343,4.19891614179763,0.00460643838808316,0.0297763717859594
"gene-CHMP2B|CHMP2B","CHMP2B",4.53107652133411,-0.44933405517184,-0.281701093807216,-0.0480139725887483,0.0959391506933764,4.19804908898667,0.00461203654613456,0.0297776800105837
"gene-RAB3IL1|RAB3IL1","RAB3IL1",7.56338739196915,0.32818535927805,0.108397178838066,-0.0421872572185142,-0.0423423560812788,4.19799074353139,0.00461241350470883,0.0297776800105837
"gene-LOC140681760|LOC140681760","LOC140681760",-3.16744578124191,2.16472723934701,1.50830430852517,1.42606932495636,0.68668398689341,4.1979916189999,0.00461240784824586,0.0297776800105837
"gene-TBC1D16|TBC1D16","TBC1D16",1.6963317558515,-0.582355070067772,0.840581873244173,0.486440645731959,-0.150990990050144,4.19736383147201,0.00461646584370688,0.0297914132324287
"gene-SOCS1|SOCS1","SOCS1",2.50375601049185,0.415606901122842,-0.561152622637536,0.129940204932603,-0.82833858627995,4.20242256853869,0.00462218620956373,0.0298158947865772
"gene-MCTP2|MCTP2","MCTP2",0.133788273714208,-1.03949560662459,0.476969205585197,0.0675338277510153,-0.58516599874662,4.19550821520018,0.00462848177447163,0.0298316349270923
"gene-WDR77|WDR77","WDR77",3.4509574792992,0.538459314870605,0.414851821798583,0.367743549374234,0.854886460360727,4.19570722837802,0.00462719155147434,0.0298316349270923
"gene-CRTC1|CRTC1","CRTC1",1.240881729205,-0.725338998014956,0.0231130906831905,0.13054819217823,-0.199988319408741,4.19348332052343,0.00464163024797753,0.0299039250988561
"gene-ZBTB12|ZBTB12","ZBTB12",-0.394227284857173,-0.0490975320887945,0.712516892934877,0.740389718805534,0.530610099809859,4.1922822047186,0.00464944757599974,0.0299418232370354
"gene-TXN2|TXN2","TXN2",4.41330668078479,0.345658269030635,-0.163732917189704,-0.0247336287176338,0.214753014182403,4.19059826169744,0.00466042993981017,0.029987589737448
"gene-ERGIC1|ERGIC1","ERGIC1",3.91221258775709,0.156928159475199,0.14118467867044,0.313176135324662,-0.475788179179826,4.19065780732181,0.00466004114355656,0.029987589737448
"gene-LOC116809303|LOC116809303","LOC116809303",0.862992376530829,0.233742732569476,-0.246949964435433,-0.865598883703758,-0.523537459038879,4.18768180263582,0.00467951315747972,0.0300978662144633
"gene-HERPUD2|HERPUD2","HERPUD2",2.17215225719513,-0.364213676049695,-0.0247736590414562,-0.0822394641250388,-0.0185294358435302,4.18670018625952,0.00468595405653476,0.0301165957902246
"gene-MBP|MBP","MBP",-0.641890168199412,-0.790371686339292,0.665213326904486,0.658516854473818,-0.101925597066585,4.18634853801928,0.00468826360314385,0.0301165957902246
"gene-LOC121469679|LOC121469679","LOC121469679",-0.326746004890573,-0.359294740610821,0.801721851940385,0.649981060695964,0.370778178269886,4.1864528317942,0.00468757850403496,0.0301165957902246
"gene-PDS5A|PDS5A","PDS5A",5.2555593425537,-0.225200228452082,-0.0749136104232386,-0.0502689398302989,0.151199614928466,4.18381278907322,0.00470495222773684,0.030211259636609
"gene-PET117|PET117","PET117",-1.06227054730899,0.720026304487634,0.556969375779774,1.16875246163882,0.139137244495023,4.18316048517651,0.00470925504713345,0.0302263466836956
"gene-PRKAR1A|PRKAR1A","PRKAR1A",6.7176785574022,-0.227289446521371,0.00318534919041458,0.191551544398846,-0.0497208978294283,4.18089015965928,0.0047242621967785,0.0303100984639914
"gene-BLVRA|BLVRA","BLVRA",6.46195853805047,-0.557710566342214,-0.342544224763876,0.0222421346976738,-0.109771375776528,4.18000510424298,0.00473012572996138,0.0303351411815799
"gene-AHCYL2|AHCYL2","AHCYL2",4.93375864590719,0.100689260363658,-0.0251431775515902,-0.0496058468869833,0.538712623142774,4.17808635491151,0.00474286302541006,0.0304042275551867
"gene-LOC100228479|LOC100228479","LOC100228479",3.08390148687911,-0.256523336087656,-0.0531707409491022,-0.143066065592042,0.362260658157727,4.17710953831665,0.00474936088548913,0.0304248613722588
"gene-LOC121468273|LOC121468273","LOC121468273",3.7749530806398,0.0909395719365951,0.884201208683651,0.956382610813737,0.22633382064799,4.17701144693718,0.00475001389824732,0.0304248613722588
"gene-BBS1|BBS1","BBS1",-1.98330302547963,1.70518595440096,2.74765849548702,2.27987809921794,2.61379091476295,4.17563686445114,0.00475917438736736,0.0304583224336269
"gene-LOC140681086|LOC140681086","LOC140681086",0.176949846173372,0.00140958209237124,0.709396377379646,0.833265980485763,0.815339911121114,4.17566223455552,0.00475900515294651,0.0304583224336269
"gene-LOC115498553|LOC115498553","LOC115498553",-0.460079373600675,-1.71136292522733,-0.809527265637835,-0.439806570866942,-0.449295918212419,4.1739639954582,0.00477034701827547,0.0305172055013695
"gene-HENMT1|HENMT1","HENMT1",-0.980714813586039,0.763469541963673,-0.2120076989677,-0.915232599003094,0.20333043926384,4.17349178525255,0.00477350561683193,0.0305247931489563
"gene-SCAF11|SCAF11","SCAF11",5.22998399400986,-0.262138226980906,-0.232570133428746,-0.118042540105103,0.116985143952133,4.17123820437666,0.00478860913964372,0.0306087263263059
"gene-MRPL2|MRPL2","MRPL2",3.462294022272,0.0674551841352082,-0.111496859145833,0.57077655627947,0.449825159836091,4.17089511407095,0.00479091280390102,0.0306108074485418
"gene-INO80C|INO80C","INO80C",2.08745986556643,-0.537669588269243,0.244846643131905,0.214353746324508,0.048442077200705,4.16953247210348,0.0048000733614733,0.0306440327016499
"gene-METTL5|METTL5","METTL5",4.04739860076162,0.0471069670377862,-0.182493182057457,-0.13831155127312,0.535379560982324,4.16980935729362,0.00479821051630428,0.0306440327016499
"gene-MTHFS|MTHFS","MTHFS",-2.65256811791072,-0.176302287559721,-0.355800194011593,0.915034638177458,1.58376073779496,4.16863382050134,0.00480612444615882,0.0306700106409516
"gene-KCNH2|KCNH2","KCNH2",-1.26338030842881,2.29389127239611,2.97564370582782,2.86880701078755,2.59665127711059,4.16787629924891,0.00481123126765298,0.0306899438857914
"gene-LOC100228682|LOC100228682","LOC100228682",0.765133866128473,-0.80335353188638,0.907806106367816,0.0740928843242517,-0.359255389776506,4.16694518415466,0.0048175159496125,0.0307173709601374
"gene-CEMIP2|CEMIP2","CEMIP2",3.26006986771731,-0.178559660414091,-0.0479846986746044,0.231479064833354,0.250979621388167,4.16408620638787,0.00483686533987156,0.0308280441245933
"gene-ACOX2|ACOX2","ACOX2",-1.39133639849304,-0.546607157414621,1.22110700564835,-0.404820087449302,-0.610407585890563,4.16292425956827,0.00484475195208923,0.0308523467731757
"gene-HINFP|HINFP","HINFP",5.87375737483297,0.547458828922479,0.255552718124069,0.190912363885474,0.32585947663512,4.16319944661282,0.00484288296025051,0.0308523467731757
"gene-MAPKAPK2|MAPKAPK2","MAPKAPK2",1.70846970833785,-0.480686173684182,0.418115157014371,0.338083399712003,-0.2771788824328,4.16264351436436,0.00484665945108821,0.0308523467731757
"gene-ANGPT1|ANGPT1","ANGPT1",-0.572165511147093,-0.190267014809776,1.2023710757584,0.0983436434547247,-0.843496413589748,4.16161183843193,0.00485367566249201,0.0308677244779395
"gene-CTU2|CTU2","CTU2",4.0290232708957,0.410292011731255,0.111420166787232,0.219007334003363,0.72252696944562,4.16140857766655,0.00485505921675636,0.0308677244779395
"gene-NDE1|NDE1","NDE1",1.62278948132098,-0.683818592404615,-0.0892580002498726,-0.17721661090018,-0.772278175860907,4.161570362741,0.004853957946355,0.0308677244779395
"gene-SNX2|SNX2","SNX2",2.99462924258631,-0.0388605264607897,-0.0597569578689225,-0.185505536566892,-0.703154805796794,4.16094290720788,0.00485823045570522,0.0308752017667508
"gene-MYCBP2|MYCBP2","MYCBP2",9.31358783205714,-0.0759810972579533,-0.416454296777932,-0.384633956078261,-0.404502413992056,4.15828354422083,0.00487638135568845,0.0309778331195725
"gene-VTI1B|VTI1B","VTI1B",2.93379018902997,0.0649668559855248,-0.549610882665404,-0.335938107951046,0.0917780164932118,4.15793515684776,0.00487876431332531,0.0309802534873653
"gene-REXO4|REXO4","REXO4",4.34650764063688,0.095098752877,-0.153989781430751,-0.240210253472957,-0.227659397869412,4.15707458803193,0.00488465566329705,0.0310049410949638
"gene-LOC115496771|LOC115496771","LOC115496771",-5.75879587539514,2.50135524741298,1.50302112786167,0.830036430925297,0.395951807909964,4.1554517689487,0.00489578502589541,0.0310628426714766
"gene-PURB|PURB","PURB",6.42318527385197,0.326879987365824,0.068935245412237,0.108392685541379,0.705658469859242,4.15363119883835,0.00490830134291831,0.0311294931482216
"gene-SEC14L1|SEC14L1","SEC14L1",7.64180851630443,0.180911943300774,0.0688634486952369,0.0936269213425476,-0.346746865585628,4.15212969435885,0.00491864864313041,0.0311695691041945
"gene-COA3|COA3","COA3",3.15852489877262,0.79488518533838,0.682781298826476,0.412960897675381,0.380482062698561,4.1522209131049,0.00491801939453707,0.0311695691041945
"gene-THEMIS|THEMIS","THEMIS",-0.740502600366238,-1.66138172788937,-0.234803402964224,-0.214827301011855,-0.522835229843167,4.15164456235333,0.00492199657815489,0.0311780176205268
"gene-BEND2|BEND2","BEND2",1.77695485540941,-0.103898450566478,0.026877577571714,-0.0271618968547027,-0.576540615335022,4.1504551708884,0.00493021449649578,0.0312016571378777
"gene-PRPF38A|PRPF38A","PRPF38A",3.31152292773844,0.114319978115434,0.0143909047214423,0.579961571051856,0.535144686488036,4.15009344627234,0.0049327165499361,0.0312016571378777
"gene-TAS1R1|TAS1R1","TAS1R1",3.3162389731086,0.602051678397271,0.288311770572214,0.0727595521377196,0.236448295493906,4.15053197941988,0.00492968337751062,0.0312016571378777
"gene-LOC121468880|LOC121468880","LOC121468880",-3.97010071777976,1.98410146966946,0.268152785208841,1.17384611602267,0.543663860749152,4.14993780235057,0.00493379353902337,0.0312016571378777
"gene-LSM2|LSM2","LSM2",-1.44186033284422,-1.45177165378439,0.3446964945831,-0.0390211477199882,-0.925120030302598,4.1456124472856,0.00496381921748124,0.0313787182967819
"gene-PRPSAP2|PRPSAP2","PRPSAP2",3.32156289632402,-0.444550877422027,-0.500542332278005,-0.300291130667992,-0.136130148734157,4.14446846123168,0.00497179162166671,0.0313906845517673
"gene-LOC115498215|LOC115498215","LOC115498215",3.35718970024108,0.559939406694604,-0.0582298748674259,-0.369657929335071,0.0599321031326867,4.14491401743802,0.00496868500337315,0.0313906845517673
"gene-GADD45G|GADD45G","GADD45G",1.47527675050462,0.513705604024592,-0.643593793268589,0.00182045792849661,-0.0489151784697601,4.1444676043019,0.00497179759847378,0.0313906845517673
"gene-PBRM1|PBRM1","PBRM1",5.24980499903398,-0.155241096386192,0.17263821074507,0.187015156969697,0.17516937346933,4.14147761306273,0.00499269647436235,0.0315097789317934
"gene-HERC1|HERC1","HERC1",9.72351075424306,0.0984658187453284,-0.0611816711525375,-0.380478360444554,-0.298202221646626,4.14099382656281,0.00499608636034539,0.0315183189671198
"gene-NOCT|NOCT","NOCT",3.63316798024665,0.0296875234725111,-0.376417109865224,1.12669313388121,0.148715888591934,4.13947129000409,0.00500677007217876,0.0315471363464847
"gene-ZNF710|ZNF710","ZNF710",2.58240558650533,-0.0372073329524909,0.519445275220713,0.44463959261884,-0.0150346563028512,4.13959790591481,0.00500588071522081,0.0315471363464847
"gene-TMEM175|TMEM175","TMEM175",0.0512917508781299,-0.928534441758905,0.212980191348827,-0.261758536504432,-0.418900610579123,4.13989388466794,0.00500380237264579,0.0315471363464847
"gene-SLC26A6|SLC26A6","SLC26A6",-2.57551511775548,1.67743733491484,1.09007680227091,-0.155492403515193,-0.0172081330562226,4.13825407506042,0.00501532807567296,0.0315881977904107
"gene-GCC2|GCC2","GCC2",3.27426509429757,-0.528335038647152,-0.225504383350626,0.0743078655023135,-0.284056108710219,4.13485066668805,0.00503933599533891,0.031726494925903
"gene-SAR1A|SAR1A","SAR1A",5.73254322279892,0.00117455546158407,-0.169981720037741,-0.450479188284879,-0.0779659131240455,4.13423141416324,0.00504371683236121,0.0317411622532695
"gene-GABARAP|GABARAP","GABARAP",9.6085214371287,0.381865050965395,0.194346634751865,0.162288217319659,-0.0715271974919673,4.13331078927859,0.00505023687252201,0.0317563655433881
"gene-LOC100220412|LOC100220412","LOC100220412",-2.66100546133997,2.21953032887779,4.45534913828704,2.24800030160394,1.65010094783598,4.13352654961159,0.00504870804657862,0.0317563655433881
"gene-LOC121471026|LOC121471026","LOC121471026",5.18495582708626,0.155551629479303,-0.321353624318829,-0.933850441751455,-0.950587389524293,4.15843994186456,0.0050527192217588,0.0317590698443207
"gene-KIT|KIT","KIT",1.94596323687381,-1.21569187606821,-0.471391283999857,-0.879979775863811,-0.716303071416337,4.13152046358722,0.00506294090629011,0.0317845884482108
"gene-PSMC3|PSMC3","PSMC3",7.70832723124711,0.365828764350328,0.188248180385362,-0.189656227565626,0.0307379457069317,4.1316774435499,0.00506182568518243,0.0317845884482108
"gene-GNB1|GNB1","GNB1",4.39019564080617,-0.353405156630151,0.213743751263036,-0.0257594898769771,-0.240059592768468,4.1317409331977,0.00506137471149567,0.0317845884482108
"gene-CAV1|CAV1","CAV1",-3.52309941022772,-3.02819191112509,-0.7130400077203,-1.05657947110457,-1.56955738526948,4.13050518495456,0.00507015972486784,0.0318169998955109
"gene-SLC25A5|SLC25A5","SLC25A5",0.316228508798267,0.440884955273334,0.18071480639326,-0.555699020530431,-0.210405220769348,4.12815569561472,0.0050869052817121,0.0319091443998762
"gene-PINK1|PINK1","PINK1",3.20607789181858,-0.324828192566246,-0.125937863364625,0.407164579490985,0.266702668761588,4.12729266335021,0.00509307053296209,0.0319348729730909
"gene-CFAP54|CFAP54","CFAP54",-4.83902957655228,2.53985923852333,2.73107779081997,0.6857801812113,0.862579690972887,4.12676210749699,0.00509686444886803,0.0319400460313431
"gene-PPP1R3G|PPP1R3G","PPP1R3G",0.45900175329488,0.018622638647101,0.68211837303409,0.613881218990416,0.939749391945877,4.12631170257057,0.00510008747938279,0.0319400460313431
"gene-FTH1|FTH1","FTH1",13.7327750306341,0.277506287359907,0.0725947768000506,-0.083182489581981,-0.115860230833656,4.12647128172023,0.00509894531724435,0.0319400460313431
"gene-DNAJC3|DNAJC3","DNAJC3",4.92849540159058,-0.162144077502433,0.0509214682171049,0.0583049510657379,0.113275010525935,4.12520859458801,0.00510798993192335,0.0319556172106181
"gene-SULT6B1|SULT6B1","SULT6B1",-2.58499037628952,1.78484081559493,1.28276461541884,0.868287241929893,0.928642984221614,4.12535851842887,0.00510691517413322,0.0319556172106181
"gene-PSRC1|PSRC1","PSRC1",-1.36749340329829,-0.780586237073026,0.689071077272424,0.792935721042133,0.487423468803025,4.12481204704229,0.00511083377035733,0.0319556172106181
"gene-RNF113A2|RNF113A2","RNF113A2",3.88992583425267,-0.0211200589377252,-0.250129293461459,-0.136586938755443,0.306714566025829,4.12486616664345,0.00511044555688684,0.0319556172106181
"gene-SDCBP|SDCBP","SDCBP",2.99724751009305,-0.38675461034277,0.13649997699228,0.284205610781059,-0.137687860007268,4.12400888142036,0.00511659861281028,0.0319787413300643
"gene-DEAF1|DEAF1","DEAF1",2.11259998934336,-0.179832813145697,-0.0894278490495917,0.222436778207611,0.264841696950643,4.12259486065894,0.0051267640694861,0.0320277145485328
"gene-TBC1D12|TBC1D12","TBC1D12",4.00391776736494,-0.265275589315299,-0.38236914220543,0.0149598126632124,0.103966337161411,4.12234345184478,0.00512857361235957,0.0320277145485328
"gene-ABCD2|ABCD2","ABCD2",3.40732808789811,-0.367964642278105,-0.0743036931807346,0.277440283158111,-0.499345368571466,4.12038774172855,0.00514267229794733,0.032102805087025
"gene-SOX6|SOX6","SOX6",9.69449275697914,-0.113957674312848,-0.294149594371275,-0.241977649616112,-0.556019756552599,4.11863299738215,0.00515535584210344,0.0321690047002221
"gene-C2H1orf35|C2H1orf35","C2H1orf35",3.19555570185316,0.233042762218815,0.0691190439265488,0.45419364083171,0.584650320326807,4.11489454368917,0.00518248433932699,0.0323252499601311
"gene-LOC100221249|LOC100221249","LOC100221249",-0.0634900280549002,-0.809631173587378,0.806945130958236,-0.0838128728175058,-0.046438978040857,4.11407929930353,0.0051884195453275,0.0323338862091767
"gene-CPLANE2|CPLANE2","CPLANE2",-0.53144873638443,-0.346121028777238,0.631268229209245,1.05958382673128,0.328685604127769,4.11384354251977,0.00519013721121776,0.0323338862091767
"gene-BECN1|BECN1","BECN1",6.01579647857153,-0.0371770444124673,-0.353197526413547,-0.205181089206325,0.293728094766224,4.11393696247628,0.00518945650710402,0.0323338862091767
"gene-PAN3|PAN3","PAN3",8.01652752002064,-0.0851861273118644,-0.453944749212942,-0.246746146422565,-0.248292184568636,4.11277052719124,0.0051979622606162,0.0323696040173182
"gene-EWSR1|EWSR1","EWSR1",5.90700806758577,0.0168616793206313,0.298811275847584,0.229890277287591,0.447993037082866,4.11231987693488,0.00520125224736445,0.0323770629637831
"gene-LOC140680217|LOC140680217","LOC140680217",2.72345330205522,0.370059651357606,0.272059334164913,0.0496881042293116,-0.331363244394319,4.10757348769026,0.00523603255993274,0.0325673648974916
"gene-GNL2|GNL2","GNL2",4.83482754995839,0.146272602446871,-0.18171583498674,-0.082907323582532,0.417999583220499,4.10768510491937,0.00523521194265923,0.0325673648974916
"gene-SCARF1|SCARF1","SCARF1",3.10728428788582,0.798012561157143,0.34295570087002,-0.011974137468858,0.328273479969871,4.10530482493013,0.00525274035685045,0.032658158707216
"gene-LOC140682193|LOC140682193","LOC140682193",-2.26579430401684,-0.724289911091756,0.992567369867372,0.923174858227252,0.5515134109278,4.1049411814966,0.00525542349340385,0.0326617182973592
"gene-CIAO1|CIAO1","CIAO1",3.74377605016879,0.580915876193782,0.445596955498811,0.45395388954113,0.127630514525354,4.1042949817481,0.00526019491320144,0.0326782482062594
"gene-LOC121469260|LOC121469260","LOC121469260",-0.681048833131424,1.01661116562068,-0.0368352889761264,-1.57191694864127,0.374822069081973,4.10386617324792,0.00526336359245595,0.0326848120358169
"gene-GPR22|GPR22","GPR22",-2.81252352941402,-0.0125481490440196,1.6683505691904,1.8368819339427,1.44749956002208,4.10226760246509,0.00527519337809625,0.0327451333838907
"gene-LOC121469438|LOC121469438","LOC121469438",0.822972332447229,1.18820567185521,0.610273057297778,0.376392585543576,0.566367843018274,4.10169469318444,0.00527943962841258,0.0327583513430973
"gene-UCHL3|UCHL3","UCHL3",0.957640718612408,-0.404972050583101,0.278763460896394,0.0531460311114613,0.114021006641334,4.10020109459209,0.00529052616534889,0.0328008383047973
"gene-NSUN4|NSUN4","NSUN4",0.0544420612615842,0.122659892665647,0.865560331103222,1.22306086475434,0.83882178504981,4.10038183385148,0.00528918333103293,0.0328008383047973
"gene-RALGAPA1|RALGAPA1","RALGAPA1",0.39791146552713,-0.744306134550156,0.384413772044106,-0.0362882711667164,-0.604439853820162,4.09987544611672,0.00529294650523754,0.0328027021099523
"gene-LOC115491942|LOC115491942","LOC115491942",6.31532674071179,0.0515337311860637,0.0007464845420877,0.484089688379654,0.437414193559511,4.09923923222041,0.00529767833811944,0.0328188840201755
"gene-LOC140683833|LOC140683833","LOC140683833",0.65533935679529,0.510632376951418,0.166224333340298,-0.506679751335821,-0.423707613755011,4.09849637009534,0.00530320882112309,0.0328399986021928
"gene-ATOSB|ATOSB","ATOSB",5.55609858003968,-0.0549108293503258,-0.13667868505751,0.218758125742434,0.312118323484528,4.0964657241203,0.00531835667721805,0.0329206278319797
"gene-RAE1|RAE1","RAE1",7.76842841843428,-0.0447005190929053,-0.319359572588723,-0.466545284781001,-0.326577258305303,4.09531337123892,0.00532697239795274,0.0329607748333941
"gene-LOC140682520|LOC140682520","LOC140682520",3.1613149077808,0.170252394934336,-0.604770427831206,-0.37230572767941,-0.126410867924262,4.09411222096089,0.00533596809780684,0.0329903382724995
"gene-WDR37|WDR37","WDR37",2.93054734083442,-0.464767040957844,0.106290453459347,-0.0657213735796018,-0.405812930136211,4.09382174689968,0.00533814585036115,0.0329903382724995
"gene-VAMP2|VAMP2","VAMP2",1.24341497532406,-0.644941257167821,0.286081637708557,0.279839354144173,-0.277028309327917,4.09397082423102,0.00533702806934191,0.0329903382724995
"gene-INSM1|INSM1","INSM1",-3.16535696725709,1.52126279970244,-0.149172495021143,0.256239783878084,-0.575566473060242,4.09300568454168,0.00534426890976244,0.0330054921250209
"gene-ZNRF1|ZNRF1","ZNRF1",3.7332268060824,0.368794383141159,-0.163419386969216,-0.055218429872411,0.053967078369991,4.09264248434108,0.00534699636558497,0.0330054921250209
"gene-MAG|MAG","MAG",-2.52125086855092,3.18920214389097,1.46458279835404,1.15357053981622,1.39761801650436,4.09267923146991,0.0053467203481465,0.0330054921250209
"gene-DERL3|DERL3","DERL3",5.53758652453741,0.064548182437675,-0.0905731941992043,0.118609042235668,0.504439765901509,4.09145717356853,0.00535590734087281,0.0330473150319006
"gene-ERF|ERF","ERF",1.93968599921715,0.0793636512075999,0.0406364735925175,0.477490270150262,0.656669575788807,4.09066165622911,0.00536189639625401,0.0330710827947512
"gene-LOC140683609|LOC140683609","LOC140683609",-4.25750495669027,0.301293466971618,2.9682375858726,-0.202379347467259,-0.40190624503812,4.08927940098851,0.00537231894421373,0.0331178814451132
"gene-NME2|NME2","NME2",3.03655827271157,-0.529657279003347,-0.0478935314017677,0.0402859820967296,-0.121711437159966,4.0890879504336,0.00537376415564971,0.0331178814451132
"gene-LOC140681830|LOC140681830","LOC140681830",6.38373359910105,-0.503806194554777,-0.05253488621541,0.118006483068583,-0.250052673676939,4.08868032072782,0.00537684256813298,0.0331236619195294
"gene-SGPL1|SGPL1","SGPL1",1.2568361463618,-0.750897106035585,0.500222981547533,-0.0278588658038872,-0.445762947219666,4.08788806604638,0.0053828308026309,0.0331473564149276
"gene-NEURL1|NEURL1","NEURL1",-0.408930261544995,-1.54135703105969,-0.0107105785935947,0.0300871298331847,-0.81328250029133,4.08501828325707,0.00540457891963272,0.0332283904574161
"gene-C11H16orf87|C11H16orf87","C11H16orf87",2.76503513139457,0.509832520785848,0.156563772466865,-0.00788653813278017,0.164556397245246,4.08541957748695,0.00540153240961058,0.0332283904574161
"gene-MIR451|MIR451","MIR451",1.0743100602001,0.580496641488297,-1.17924169743666,0.711655738877122,0.464174385875225,4.08511811868047,0.00540382083434452,0.0332283904574161
"gene-LOC140682062|LOC140682062","LOC140682062",3.33153707021972,0.409465577328545,0.260216548088496,-0.0370839507499059,-0.106058016157798,4.08570286873078,0.00539938279785219,0.0332283904574161
"gene-CDC42EP2|CDC42EP2","CDC42EP2",-0.621009238536752,0.870231182917748,1.46190436681371,0.803425457917712,0.516760633567863,4.08282377663062,0.00542126997239141,0.033317773162334
"gene-CD86|CD86","CD86",-3.27276036415929,1.39992674068963,2.66269885381879,0.978278154036061,-0.0925444369761426,4.08048710441036,0.00543910005353359,0.0334140823058484
"gene-STOML2|STOML2","STOML2",3.38452531211249,0.275007184435754,-0.20681722075409,-0.00787256820748938,0.465523836671407,4.07961721129812,0.00544575306303715,0.0334416780359126
"gene-MAP2K4|MAP2K4","MAP2K4",0.357792696076733,-0.265831322804475,0.461171900125896,0.458876710354224,0.322906243057218,4.0789237511219,0.00545106263873141,0.0334610052893172
"gene-NACC2|NACC2","NACC2",-1.82446768783173,-1.03584636949713,1.75401159378137,0.598622006770034,-1.23683665393857,4.07661597288684,0.00546877048153404,0.0335430928266901
"gene-PHLDB1|PHLDB1","PHLDB1",6.99706017127502,0.0835082986616857,-0.268513475240187,-0.573812824994346,0.539902305433079,4.07677171858199,0.00546757358519177,0.0335430928266901
"gene-RPSA|RPSA","RPSA",8.53863297927818,0.253386573400324,0.0814889914052195,-0.272578880221387,-0.164400637020625,4.07614282812738,0.00547240820821311,0.0335521065856172
"gene-ATRN|ATRN","ATRN",2.57449259339453,-0.518205240693526,-0.103376518504962,-0.0136733786083618,-0.529407146338302,4.07201978319279,0.00550421235999286,0.0337233492171608
"gene-CLUH|CLUH","CLUH",6.04493793098954,-0.240294127078942,0.361595605069941,0.173692304126772,0.15735922852449,4.07195719277736,0.00550469661535045,0.0337233492171608
"gene-SCNN1G|SCNN1G","SCNN1G",3.66507629361003,0.0486079661914927,-0.473095946607867,-0.571362609546856,-0.158292061371199,4.06649878506094,0.00554709511453669,0.0339696465759617
"gene-LOC115496092|LOC115496092","LOC115496092",-0.433061538349869,0.53482899406085,0.121101145219299,0.0383523947336252,-0.51040143664885,4.06529655320285,0.00555647814161064,0.0340054440389362
"gene-LOC140681031|LOC140681031","LOC140681031",0.769043027338087,1.13958616222122,-0.415166661261576,-0.180782910400838,-0.20471641392953,4.06500693465721,0.00555874093551777,0.0340054440389362
"gene-NADK2|NADK2","NADK2",0.988324446529748,-0.565069197934398,-0.791727277563204,0.0444916887296087,-0.284592934215012,4.06490558344447,0.00555953301573562,0.0340054440389362
"gene-COMMD3|COMMD3","COMMD3",-0.159153101720478,-0.489743767400348,0.494242796922223,0.366011807825541,0.113251540699377,4.06223508053717,0.00558044501582946,0.0341198682812963
"gene-TJP3|TJP3","TJP3",0.4705662840721,0.90376238430877,0.603604863732034,0.530982870365597,0.23891635579649,4.06082737678157,0.005591500606102,0.0341739620376889
"gene-PSMD7|PSMD7","PSMD7",6.34583919248781,0.148310218743272,-0.175778486840201,0.150399357095816,0.342450978696658,4.05947399044931,0.00560215064483744,0.0342255354239477
"gene-RUNX1T1|RUNX1T1","RUNX1T1",3.6654477642921,0.582189751012527,-0.522578602759851,-0.313527373481644,0.0942971008889795,4.05798989453985,0.00561385301703441,0.0342834946482271
"gene-GUSB|GUSB","GUSB",2.32591157543054,-0.149760940130096,0.569590237650659,0.373680225258322,0.0418427113652715,4.05739710032114,0.0056185342667163,0.0342985474467199
"gene-PDE1B|PDE1B","PDE1B",-6.0268001746605,1.82148811049937,0.917551982077794,1.63939687056428,-0.520447576964293,4.13409189286178,0.00562627909350829,0.034318750087521
"gene-CCDC120|CCDC120","CCDC120",1.2994318250505,0.39540524629928,0.751470405223059,0.937504521097448,0.744377660305584,4.05659470412079,0.00562487706171385,0.034318750087521
"gene-NACC1|NACC1","NACC1",1.66369025013565,0.734822743228766,0.527288148798424,-0.0619206195567401,0.0614894755134308,4.05518690206704,0.00563602310998208,0.0343646405149617
"gene-TMC7|TMC7","TMC7",3.09350795370648,-0.737195795347564,-0.322262755466274,-0.140315167885022,-0.648281470615886,4.05441329725553,0.00564215757871547,0.0343884948919346
"gene-UTP14A|UTP14A","UTP14A",5.87076440347955,0.34232524358407,-0.116223667983224,0.215320845247073,0.523753731013527,4.0536269568033,0.00564840000812743,0.0344129882384929
"gene-SLC25A32|SLC25A32","SLC25A32",7.07170928380857,0.0988230770823693,-0.225815766318791,-0.301278791070434,-0.637052016558268,4.04905427821175,0.00568484026743426,0.034594142012798
"gene-MCM8|MCM8","MCM8",-0.82535270778796,1.36508753086933,1.55819321500354,0.410988062819133,0.649676560225476,4.0491209563374,0.00568430718410889,0.034594142012798
"gene-TRAF2|TRAF2","TRAF2",5.48017610831788,0.290442215014663,-0.2040869158195,0.0273739114311224,0.16337892063471,4.04916851538028,0.00568392698658562,0.034594142012798
"gene-ANKRD49|ANKRD49","ANKRD49",3.59217900889266,-0.185987640959039,-0.378491742271015,0.310346921291623,0.360807742098556,4.04797556158713,0.00569347155224963,0.0346180307024724
"gene-LOC100220779|LOC100220779","LOC100220779",-0.28673360710873,-1.59422489503912,0.169798230998597,-0.227593682798431,-0.204225014082341,4.04772516745062,0.00569547697373148,0.0346180307024724
"gene-LOC105759403|LOC105759403","LOC105759403",-0.847606013440354,-1.24585350488659,0.319846845582186,0.187004761082817,-0.735932567546348,4.04808286818278,0.00569261234754734,0.0346180307024724
"gene-PRDX3|PRDX3","PRDX3",5.36184160476629,-0.344251841508116,-0.439083184462795,-0.365201824366585,0.192944956080118,4.04715636355603,0.00570003523197855,0.0346321339673609
"gene-PLPP6|PLPP6","PLPP6",4.67859005709174,0.819703335326171,0.280603596269659,0.600478673441943,0.268436846786567,4.04645481729662,0.00570566237413168,0.0346527179119653
"gene-LOC140681701|LOC140681701","LOC140681701",1.09669488877618,0.414358112696012,0.305544731721581,-0.53692454656935,-0.0683815495663002,4.04565085129932,0.00571211798919305,0.0346783153718174
"gene-PTX4|PTX4","PTX4",-3.42953853231202,2.80445019050228,1.7756126045164,1.00844835747408,-0.464498895435279,4.04410980521515,0.00572451295076503,0.0347399364365054
"gene-DHX8|DHX8","DHX8",5.83836714794945,0.132226918595337,-0.284826358128167,-0.295608745986436,0.0418485755744706,4.04371863417497,0.00572766358006212,0.034745430772819
"gene-YWHAE|YWHAE","YWHAE",5.37058952562889,-0.0866017414933058,-0.313759635363512,-0.246546795978631,-0.370390304787573,4.04176873222849,0.00574339514309751,0.0348190983534623
"gene-LOC100219073|LOC100219073","LOC100219073",-1.65840940974822,-0.533007255328129,1.29279974575887,-0.0116465218458952,-1.12262261306827,4.04154725042898,0.00574518481152895,0.0348190983534623
"gene-MICAL1|MICAL1","MICAL1",4.28739743554267,-0.346365121652847,0.171014028524066,0.367401043381096,0.00131217628681846,4.04137742086413,0.00574655749239048,0.0348190983534623
"gene-LOC105759121|LOC105759121","LOC105759121",4.74049518286637,-0.0946026472249839,-0.229641007989934,-0.425083195729908,-0.609126389729692,4.04103123391105,0.00574935665114517,0.0348224243352139
"gene-EXOSC1|EXOSC1","EXOSC1",3.98218925231404,0.280009930420492,0.175282734158316,0.430796272193107,0.774488620458163,4.04030834811133,0.00575520615681958,0.0348442156794926
"gene-ABCF3|ABCF3","ABCF3",6.23211663006666,0.276322880115174,-0.0451989219249898,0.0147901102455599,0.282377750635201,4.03772272628417,0.00577617836296739,0.0349029129898166
"gene-LOC121470407|LOC121470407","LOC121470407",1.89308907621071,0.465396009342353,-0.279044182715302,-0.493853087745709,0.455470117549718,4.03797892509907,0.00577409684207162,0.0349029129898166
"gene-PTPN1|PTPN1","PTPN1",5.81455530508385,0.535730215694157,0.569500042455621,0.166091520676363,0.0839938931466202,4.03828413158696,0.005771618149077,0.0349029129898166
"gene-NT5C3B|NT5C3B","NT5C3B",4.33411270756761,-0.142566964679378,-0.0508675999150325,0.108508874875662,0.293897225263026,4.03790040346058,0.00577473472022041,0.0349029129898166
"gene-PIP4P1|PIP4P1","PIP4P1",0.553659109396104,-0.419672199196794,0.0623138402894371,0.593956002586834,0.410780024237396,4.03850897875503,0.00576979277670551,0.0349029129898166
"gene-DNMBP|DNMBP","DNMBP",4.46496429480702,0.290144704376135,0.274218574723598,0.849997418263002,0.613841342025438,4.03659640387251,0.00578533838684307,0.0349446180860251
"gene-NELFE|NELFE","NELFE",4.27623992316606,0.130475739221087,0.243158309767765,0.334456830215797,0.528227040710047,4.03523994201371,0.00579638970364264,0.0349977099741981
"gene-LOC115492366|LOC115492366","LOC115492366",2.82350714911294,0.168321386795876,-0.627069954086705,-0.389564474494619,-0.0290587423034858,4.0337422734722,0.00580861643233077,0.0350578546374098
"gene-BCOR|BCOR","BCOR",5.52133608545107,0.559501057311105,0.0240703482893592,0.126228802928908,-0.0377426958857159,4.03249387618185,0.00581882822212289,0.0351057959989675
"gene-G6PC1|G6PC1","G6PC1",0.546361805812977,1.96739889357825,1.42566982809353,0.782740768507103,1.47155546605978,4.0318558174576,0.00582405455042796,0.0351236337365053
"gene-BRMS1L|BRMS1L","BRMS1L",4.99129540280118,-0.497440721464711,-0.325212191472954,-0.061110370651229,-0.152475618367919,4.03065689466529,0.00583388784245125,0.0351508283467613
"gene-PDZK1IP1|PDZK1IP1","PDZK1IP1",3.28842295037282,0.332012326236217,0.298597929283608,-1.317989763487,-0.50945237210777,4.04526540510779,0.00583667854842288,0.0351508283467613
"gene-RHBDL1|RHBDL1","RHBDL1",-3.26612914538746,2.56125868220872,0.767254230768772,1.11884835430417,2.5880815792689,4.03066389250541,0.00583383039872564,0.0351508283467613
"gene-MIIP|MIIP","MIIP",2.84052323863579,0.99155892086458,0.210758288261375,-0.667169169532429,0.714284457130807,4.03104221000023,0.00583764968343628,0.0351508283467613
"gene-LOC140680461|LOC140680461","LOC140680461",0.651749357975086,0.631690838071192,0.57840230192231,-0.0538386117151778,-0.452105763511485,4.02871161205377,0.00584987859757493,0.035210762853937
"gene-NEFL|NEFL","NEFL",8.19809984509649,0.983302901757157,0.57595061315983,0.349513059351533,0.206670627496402,4.03942495203652,0.00585617239503908,0.035234940829405
"gene-CACFD1|CACFD1","CACFD1",0.917980992946701,0.448138820496997,0.0710200675727556,-0.694812639604057,0.518138433958115,4.02727516303303,0.00586171524820305,0.0352545835468101
"gene-LOC115498294|LOC115498294","LOC115498294",2.20766205067908,0.494377122981463,0.294684982321277,0.196671516179847,-0.184793979837214,4.02654671159019,0.0058677271642155,0.0352770310280633
"gene-FZD8|FZD8","FZD8",-0.254414482077522,0.812526318137493,0.0913896284963919,-0.42950475906167,-0.584361322386597,4.02610880750395,0.00587134421221053,0.0352850686151293
"gene-LOC100222462|LOC100222462","LOC100222462",2.55500406226432,-0.51670452499543,-0.0234125855303313,0.225371608194417,-0.0881619762849133,4.02232945689103,0.00590265582962895,0.0353920718269732
"gene-DIPK2B|DIPK2B","DIPK2B",6.07497066217525,0.256848085226497,0.425252305799381,-0.0976446596303591,-0.237762073175704,4.02316069442421,0.0058957545359685,0.0353920718269732
"gene-SMIM13|SMIM13","SMIM13",-0.277891311898197,-0.776955285424575,0.627955795942293,-0.00557863406707657,-0.341295915325932,4.02230348889535,0.00590287155963927,0.0353920718269732
"gene-LOC115495198|LOC115495198","LOC115495198",-1.1924784987635,0.0910420938700235,-0.0552041598342313,-1.14170524936707,-1.29615712890049,4.02276542136553,0.00589903523860798,0.0353920718269732
"gene-HAX1|HAX1","HAX1",5.81850653828613,0.127228169534296,-0.0387536432460776,0.0898114838591528,0.421316941980594,4.02267389803183,0.0058997951325613,0.0353920718269732
"gene-LRIG2|LRIG2","LRIG2",5.96236882212102,-0.130868409505029,-0.165005379713079,0.0455806119932074,0.137925042987376,4.02309957809721,0.00589626167015948,0.0353920718269732
"gene-CDK7|CDK7","CDK7",3.37271356585814,-0.098161454168185,-0.377390573489236,-0.268449901459368,0.17698989193074,4.02164583129162,0.00590833775022209,0.0354111257492978
"gene-CAPN3|CAPN3","CAPN3",-0.202467067876197,0.461630890053975,1.59001837023594,0.713649834035606,0.765580089107086,4.02111616139689,0.00591274390509216,0.0354161138195193
"gene-SLC49A4|SLC49A4","SLC49A4",2.9844970217814,-0.0770671603609259,0.341058450183277,0.526884238546186,0.378508708896812,4.02099560866034,0.00591374721225447,0.0354161138195193
"gene-RIPOR2|RIPOR2","RIPOR2",3.96401234689958,-0.922511671027774,0.12707878442699,-0.110678794309649,-0.545435416245256,4.01991768177271,0.00592272603122332,0.0354561645389481
"gene-DUSP11|DUSP11","DUSP11",6.97987239554346,0.139388710468016,-0.139705376862549,-0.0163543258237748,0.424642810711081,4.01834928662777,0.0059358151115635,0.0355207806850136
"gene-LOC140680441|LOC140680441","LOC140680441",-4.08722210908032,2.1687604343084,1.57878346963855,0.50689742941474,-0.399444573773602,4.0177517254968,0.00594080981938975,0.0355231962732057
"gene-LOC140681828|LOC140681828","LOC140681828",2.18329596410265,0.734266529430481,0.446539862280163,0.261160808585317,0.225053755535003,4.01798120827033,0.00593889118423669,0.0355231962732057
"gene-PLP1|PLP1","PLP1",2.0775934164319,0.858235644486506,0.962753437866835,-0.00157383892300933,0.712067616146893,4.01646181236937,0.0059516061399892,0.0355602722070784
"gene-NIPBL|NIPBL","NIPBL",6.73641873847242,-0.157029238670794,-0.463772071803053,-0.356545258110845,-0.349370858455864,4.01673381942969,0.00594932783283363,0.0355602722070784
"gene-SPC25|SPC25","SPC25",-3.01682974909559,-1.26428057836872,0.902828241251824,0.547587346608136,0.222582498332586,4.01487559926817,0.00596490983083855,0.0356260052613765
"gene-EEIG2|EEIG2","EEIG2",6.27100162908659,0.208645745290333,-0.363971781273,-0.202280797049751,-0.201341734272013,4.0093143209195,0.00601179238472253,0.0358543853343833
"gene-NCKIPSD|NCKIPSD","NCKIPSD",4.29392894034869,-0.0270574421376626,0.21145414366576,0.762455116266289,0.396888325729211,4.00933857673198,0.0060115870913097,0.0358543853343833
"gene-LCMT1|LCMT1","LCMT1",3.9343380729659,0.0321986551023197,-0.0231631841392623,0.0854457527364869,0.457260569933902,4.0097589381304,0.00600803042102733,0.0358543853343833
"gene-LOC140680411|LOC140680411","LOC140680411",-4.2845248036785,1.74300161831892,1.17527674747365,0.104795894691066,-1.03117044818496,4.00924070320087,0.00601241550518415,0.0358543853343833
"gene-LOC140683887|LOC140683887","LOC140683887",-2.79072085355269,1.06247117188519,1.64812215587313,-0.550947784605495,-1.43779643454082,4.00879360542251,0.00601620127570406,0.0358587168187079
"gene-LOC115491394|LOC115491394","LOC115491394",5.90112835818385,-0.445142090671929,-0.249812807498503,0.513577858062601,-0.121632179874429,4.0086076852205,0.00601777625707168,0.0358587168187079
"gene-C1AH12orf50|C1AH12orf50","C1AH12orf50",-4.60354959947613,2.60859290195978,0.733048796274426,-0.516159311591694,0.901189354993248,4.00755866292463,0.00602667068584504,0.0358978940967867
"gene-LIMD1|LIMD1","LIMD1",0.864372320111309,-0.94427816496224,-0.210428083790554,0.0371216546557536,-0.452751673643915,4.00220412081749,0.00607227966599423,0.0361151519915436
"gene-NFKB2|NFKB2","NFKB2",1.6973894994486,-0.609740721301103,0.108677432081418,0.0300118522951034,-0.114700106499896,4.00218071087087,0.00607247983728571,0.0361151519915436
"gene-LOC100220064|LOC100220064","LOC100220064",1.64523500299313,1.09599898693935,0.69413745515017,0.410066024886863,0.450673600119805,4.00295250275276,0.00606588402051268,0.0361151519915436
"gene-LOC140681735|LOC140681735","LOC140681735",3.67358803529017,0.358833286753639,0.0498573439915542,-0.0544738888875118,-0.231230939108162,4.00250523763747,0.00606970550714843,0.0361151519915436
"gene-LOC140684412|LOC140684412","LOC140684412",-5.23773967938073,1.8968703716201,0.72458558621546,1.7708601157194,-0.400609249438504,4.00125600630626,0.00608039208007755,0.0361382122082622
"gene-GLMP|GLMP","GLMP",4.61343120165748,-0.269466275541211,0.054047591073358,0.470845348628776,-0.0214568983448418,4.0011817674828,0.00608102776027882,0.0361382122082622
"gene-LOC121468851|LOC121468851","LOC121468851",3.24906208666176,-0.564216860058202,0.0948548627309584,0.140333616601922,0.197999546446216,4.00060860405659,0.00608593783006476,0.0361535078388684
"gene-SLC37A1|SLC37A1","SLC37A1",1.58862864789228,-0.710079580424364,-0.00326260883894558,-0.06109749832234,-0.292972643735441,4.00025870471889,0.00608893726688134,0.0361574459727508
"gene-CREB3L3|CREB3L3","CREB3L3",1.518906213063,0.71069631176363,-0.0357680044776059,-0.235844371386494,0.621287498230065,3.99963211168482,0.00609431236281149,0.0361754828594199
"gene-LOC121468399|LOC121468399","LOC121468399",1.55072547090801,0.00786476278601334,-0.48832689586502,-0.229852990321,0.636567363256898,3.99822458499955,0.00610640415639714,0.0362333605522415
"gene-C2CD2L|C2CD2L","C2CD2L",5.12408853516987,0.327715279836325,0.162970680477577,-0.103665862096093,0.349595682119701,3.9976264089954,0.00611155036690698,0.0362499969060504
"gene-MED10|MED10","MED10",4.34799620377356,0.234216009969899,-0.208914669776558,-0.316652857901293,0.0953457459330886,3.99637101502456,0.00612236510029899,0.0363002298571367
"gene-C15H22orf15|C15H22orf15","C15H22orf15",2.60504005560531,0.513051911228868,-0.169947938985196,-0.00709005229957871,0.0600568636767074,3.99533534393624,0.00613130167373154,0.0363392927617754
"gene-LOC140682076|LOC140682076","LOC140682076",2.08774305256011,0.436520261518119,0.318296193945588,0.0420060189375053,-0.143447808132498,3.99423740473356,0.00614079004941679,0.0363815949520386
"gene-SLTM|SLTM","SLTM",3.55669456570314,0.144415615999101,-0.0624697835203132,-0.139497065607329,-0.185551154739123,3.99317682664055,0.00614996974748988,0.0364081032296885
"gene-HGS|HGS","HGS",5.67439832028106,-0.106820547894558,0.0113568870980911,0.139730840326087,0.257861133329048,3.99335973418213,0.00614838561818114,0.0364081032296885
"gene-LOC115494559|LOC115494559","LOC115494559",-2.02143384710187,-1.6390774175086,-0.204686732287092,-0.897170885307749,-0.605399027974725,3.99047171242408,0.00617344683742537,0.0365319694758013
"gene-CBX8|CBX8","CBX8",4.59924303351182,-0.0635788070043333,-0.0563587758661592,0.366844631150068,0.249683707144696,3.99004091945149,0.00617719400905405,0.0365319694758013
"gene-CHEK1|CHEK1","CHEK1",2.31768321217882,0.432216798574572,-0.742804197795959,-0.381324854453381,0.493855120210217,3.98995115908767,0.00617797506417913,0.0365319694758013
"gene-SLC2A10|SLC2A10","SLC2A10",-3.99748637334563,-1.08726269059868,2.0980998269874,0.314804308110943,-0.911473868737096,3.98913291858207,0.00618509967028575,0.0365601288761161
"gene-LOC115495129|LOC115495129","LOC115495129",1.44213331196741,-0.323156579170904,0.165650921385082,0.867780800447147,0.634292518870762,3.988479703576,0.00619079336641778,0.0365658501317997
"gene-YWHAQ|YWHAQ","YWHAQ",4.48778590888447,-0.45795154655105,0.102552669458974,0.0312272336961419,-0.395271281697695,3.98865008260882,0.00618930775702133,0.0365658501317997
"gene-SEC24A|SEC24A","SEC24A",5.73697289292884,-0.0472962392638729,-0.337618130003017,-0.289656537935685,0.0822465313170211,3.98756412488114,0.00619878291799197,0.0365990712155382
"gene-KCTD12|KCTD12","KCTD12",3.35734929686273,-0.199236808769692,1.03952054732638,0.43100452260827,-0.36258839935216,3.98643869148796,0.0062086180953049,0.036604152731867
"gene-PUF60|PUF60","PUF60",6.47362099700106,0.242694015990478,0.17518417096,-0.143177322579341,0.147626416695938,3.9861126388326,0.00621147044096173,0.036604152731867
"gene-LOC140683990|LOC140683990","LOC140683990",-1.94629829494839,-0.486075514162889,-2.22043683646206,-1.36705159743027,-1.33568970473744,3.98614733517241,0.00621116685001725,0.036604152731867
"gene-LOC100225628|LOC100225628","LOC100225628",-2.50552737777919,-0.59947771075041,0.393879649907968,0.758460175959482,1.40643019407465,3.98684665326033,0.00620505107749316,0.036604152731867
"gene-LOC140682072|LOC140682072","LOC140682072",1.64927132376479,0.557167818108882,0.0372460207708014,0.0553430921457418,0.133015345443313,3.98654701640748,0.00620767075176472,0.036604152731867
"gene-FAM241A|FAM241A","FAM241A",3.20935737069107,-0.595773740452441,-0.0184735931810969,0.123321092556432,0.0932628924093901,3.98498791689879,0.00622131987926073,0.0366350810350946
"gene-SNAPC3|SNAPC3","SNAPC3",1.96581994486756,-0.222806261123639,-0.0517111563342483,0.139277594794964,0.40552136428957,3.98497267066427,0.00622145350308424,0.0366350810350946
"gene-FAF1|FAF1","FAF1",4.49436906808207,-0.236509205792844,-0.450311696380989,0.13315404874584,-0.0625218520187669,3.98354228681049,0.00623400293961871,0.0366879164037084
"gene-LOC115496402|LOC115496402","LOC115496402",2.58791027023401,0.484909830323239,1.09722341116429,-0.0878200597410346,-0.211178245717509,3.9834096763304,0.00623516769898244,0.0366879164037084
"gene-FAM20B|FAM20B","FAM20B",1.28438200118534,-0.338796211532707,0.239986704090352,-0.187789922268418,-0.424736461847761,3.98211866536881,0.00624651863730913,0.0367407358085742
"gene-KCNK13|KCNK13","KCNK13",-2.39210733447165,-1.00092667784166,1.87549907064914,0.740252202613729,0.645528931126451,3.98129306279038,0.00625378859863108,0.0367495043060485
"gene-RHBDF1|RHBDF1","RHBDF1",0.295189380594938,0.550049987609976,1.37436237168775,0.446896552258546,0.0704165063183113,3.98114041298301,0.00625513372162402,0.0367495043060485
"gene-WDR41|WDR41","WDR41",-0.902307623912931,-0.294930529230452,0.177595066761464,0.231869648459321,0.503877978334504,3.98153857971509,0.00625162576480309,0.0367495043060485
"gene-LOC140681168|LOC140681168","LOC140681168",-0.772918782656379,-0.955823594653013,-0.177982903354214,0.477373163468679,-0.207486794309481,3.98002215444553,0.00626499660424276,0.0367934810059418
"gene-HOOK1|HOOK1","HOOK1",3.26916176805479,-0.269362867771436,0.297658310801698,0.401995980567956,0.32434055044765,3.97912448036757,0.00627292541837568,0.036812104986486
"gene-RAB11A|RAB11A","RAB11A",4.33063787366965,-0.145108789103293,0.194500172754812,0.397976489159666,0.137504418834344,3.97927696202667,0.00627157788587225,0.036812104986486
"gene-NME3|NME3","NME3",3.66753242155724,0.162966801607052,0.263165638340812,0.683001570926743,0.500930285121873,3.97869011727017,0.00627676564950381,0.0368206779477147
"gene-MBTPS2|MBTPS2","MBTPS2",3.1348158561572,-0.549003284877489,-0.147111256708929,0.171218346488772,-0.325143157969548,3.9764485869577,0.00629662123794391,0.0368622187978596
"gene-VEGFA|VEGFA","VEGFA",2.16968578063839,0.0841433708307691,0.117538997244172,0.413310280657808,0.63478416636364,3.97598757244609,0.00630071284957362,0.0368622187978596
"gene-SNX5|SNX5","SNX5",3.9427104956291,-0.134795452145762,-0.350874248600578,-0.317125572994307,0.194053819500253,3.97391250075272,0.00631916313456378,0.0368622187978596
"gene-NDUFS8|NDUFS8","NDUFS8",3.94805778845542,-0.0106146564655152,0.064992088977867,0.498295622235529,0.401424624697092,3.97494618355277,0.00630996538572267,0.0368622187978596
"gene-PTPRC|PTPRC","PTPRC",5.41009217899254,-0.685759169204633,-0.107690950158529,-0.0927612589686477,-0.641072930697008,3.97533247824997,0.00630653162026019,0.0368622187978596
"gene-XRN1|XRN1","XRN1",6.81612859872391,-0.316356434622784,0.0921525193074162,0.0374904520693766,0.0403211920820237,3.97617609873853,0.0062990393075986,0.0368622187978596
"gene-ZFAND6|ZFAND6","ZFAND6",7.13900977626307,-0.242240632985147,0.072565474385522,0.022167716006547,0.121182651509989,3.97590632320529,0.00630143423610546,0.0368622187978596
"gene-PRKCD|PRKCD","PRKCD",1.00500299747357,-0.804417122898149,0.297938533409265,0.184798968779567,-0.57748972474719,3.97471640778015,0.00631200876048814,0.0368622187978596
"gene-ALKBH2|ALKBH2","ALKBH2",1.26611272867555,0.226770887833077,-0.451773199170609,-0.386782955328253,0.412088794570552,3.97482510196602,0.0063110420691627,0.0368622187978596
"gene-LOC115497712|LOC115497712","LOC115497712",-4.84817442914615,1.40653331910236,-0.391896153202697,-1.67825229774773,0.113958372758248,3.97449285305038,0.00631399745864571,0.0368622187978596
"gene-LOC100219821|LOC100219821","LOC100219821",-2.07558215270072,0.22132804888267,2.24906493128201,-0.294314428296333,-1.2694898513274,3.97704759089453,0.0062913089783205,0.0368622187978596
"gene-FOSB|FOSB","FOSB",0.715282377455567,0.893766136310914,1.15525250658985,1.75536462677709,0.123963810202906,3.97416574886018,0.00631690846166683,0.0368622187978596
"gene-SUPT5H|SUPT5H","SUPT5H",6.78014198612292,-0.0643069508377074,0.034870266603674,0.258613972038552,0.38288601380994,3.97475761006684,0.00631164230278824,0.0368622187978596
"gene-LOC115490934|LOC115490934","LOC115490934",1.36134394848864,-0.496734331190825,-0.101469923615217,0.0366144895169114,-0.0519001903979461,3.97386593483457,0.00631957780101593,0.0368622187978596
"gene-KIF2A|KIF2A","KIF2A",2.27921753076486,-0.0509295665120222,-0.199424214073391,-0.320654734057197,-0.375537339559068,3.97428038455626,0.0063158881270888,0.0368622187978596
"gene-LOC121469592|LOC121469592","LOC121469592",-1.30319017057109,-1.69300067195645,0.478400084594448,-0.385846743623499,-0.0249067982150573,3.97314425210778,0.00632600788113315,0.0368858221403675
"gene-CIMIP4|CIMIP4","CIMIP4",0.117699788877921,0.430471784655094,0.269739364657891,0.0934341757179716,-0.359122784568543,3.97250846309143,0.00633167818027392,0.0368910842770101
"gene-FOSL2|FOSL2","FOSL2",2.5362060253599,-0.214692030074278,0.851760172178898,0.228475855542561,-0.409864347130346,3.97274219001166,0.00632959308009668,0.0368910842770101
"gene-SPATA7|SPATA7","SPATA7",-3.23592274867251,-0.348278606712417,2.2126882933616,1.64061505081549,0.346091690473225,3.9711611200287,0.0063437115979321,0.0369472852758747
"gene-RBM6|RBM6","RBM6",4.94912228477636,-0.092282024664633,-0.210175877042581,-0.0289202119902363,0.292754282727385,3.96893243613206,0.00636366759566265,0.0370495696173361
"gene-CUBN|CUBN","CUBN",0.424502705291303,-0.736120229906149,0.420175034787945,-0.0491936189229567,-0.228108183574925,3.96847113231484,0.00636780616165169,0.0370499167092672
"gene-LPGAT1|LPGAT1","LPGAT1",2.48787210291831,-0.946467766193459,0.0314793052853437,-0.230920937569712,-0.659579515477306,3.96839208899745,0.0063685155700582,0.0370499167092672
"gene-LACTB2|LACTB2","LACTB2",3.00164740631942,-0.324126648245075,-0.309398316081626,0.325412931442463,0.222383481457298,3.96761469377511,0.00637549692764976,0.037076593369177
"gene-LRRC10|LRRC10","LRRC10",-1.57979925128518,2.71218102548801,1.67363096973728,1.28553151086884,1.47616746172258,3.96693934620257,0.00638156817544021,0.0370915411614713
"gene-LOC121469287|LOC121469287","LOC121469287",-4.87000050140339,0.342614761647609,0.24280204538438,-1.66215275961068,-1.81978195760987,3.96679561971773,0.00638286100891748,0.0370915411614713
"gene-LOC140684291|LOC140684291","LOC140684291",-3.33903045275326,-0.834277585922944,1.38647629894166,1.30186191778029,1.03828846375822,3.96284924296035,0.00641846340569399,0.037284429881049
"gene-KIF21B|KIF21B","KIF21B",3.55533967203042,-0.202619613228981,0.462699495598716,0.91937939757505,0.703937036321515,3.96837213638082,0.00643166983695609,0.037347125976321
"gene-MSL2|MSL2","MSL2",6.41728680263404,0.235398036740404,-0.0084700674253364,0.016534111861044,-0.0393452113908861,3.96093276254779,0.00643582586934232,0.0373572413083542
"gene-LOC100218233|LOC100218233","LOC100218233",0.589450443450716,-1.93798668935219,-0.556978359016815,-0.446073542171822,-0.749083609118262,3.9598480477315,0.00644567408562806,0.0374003773809877
"gene-NOXO1|NOXO1","NOXO1",-2.07942282119852,2.23306462227494,2.20827460558699,1.30407705623841,2.07363526748563,3.95908302198927,0.00645262904185312,0.0374266995587245
"gene-VTI1A|VTI1A","VTI1A",2.58388827595233,-0.149649917070184,-0.354931740823422,0.0985688758755838,0.134798881321701,3.95534547406106,0.00648671760083671,0.0376103240438172
"gene-TNFRSF21|TNFRSF21","TNFRSF21",2.89092509523264,-0.756186926261388,0.70190412515782,0.14983171233182,-0.342307652523251,3.9546399867108,0.00649317258398492,0.0376336500888265
"gene-MKRN2|MKRN2","MKRN2",5.47924589122705,0.153775430528743,-0.257044395025035,-0.233677491254481,0.127908647050193,3.95269527201742,0.00651099997418761,0.0377087292666741
"gene-AANAT|AANAT","AANAT",1.36494227072055,0.98384770678041,0.326128326928137,0.0107602508360971,0.281688503436399,3.95273815656016,0.00651060631065488,0.0377087292666741
"gene-REXO5|REXO5","REXO5",4.6450688418687,0.345071992644576,0.108262464214654,0.495988728230687,0.623192344358572,3.95239573414902,0.00651375029180397,0.0377105446186556
"gene-OPA3|OPA3","OPA3",1.29903834847496,0.102090622478526,0.568784450294554,0.735597673582156,0.546622906258796,3.95171293491408,0.00652002408627845,0.0377327497139712
"gene-LOC121469426|LOC121469426","LOC121469426",0.733422807646397,0.37555764845471,0.106502275445075,-0.380665133413708,-0.452984033470227,3.95125884931594,0.00652419978616081,0.0377428006320892
"gene-ECD|ECD","ECD",3.07701595890636,-0.461093366448155,-0.447104159167148,-0.0131946590752001,0.312352935056306,3.95052594137457,0.0065309452358354,0.0377677046055878
"gene-LOC116809227|LOC116809227","LOC116809227",2.73789523472039,0.0513070236773854,-0.81090980841855,-0.694290701528609,-0.131554469729416,3.94954166816456,0.00654001534079448,0.037806028165407
"gene-LOC121471063|LOC121471063","LOC121471063",7.55707324350302,0.223717654687778,-0.103268631051217,-0.304052547341459,-0.0453433491393849,3.94840078108019,0.00655054469252246,0.0378399236836167
"gene-IKZF4|IKZF4","IKZF4",6.2251563111212,1.12793017552934,0.734318344630859,0.47940602832537,0.519811579826048,3.95629375944673,0.00655076934076957,0.0378399236836167
"gene-HSPA13|HSPA13","HSPA13",3.89034740777841,0.216214912856399,-0.151489927579963,-0.236584200926708,-0.082151354214743,3.94757266819613,0.00655819822871847,0.0378687005930665
"gene-RPS6|RPS6","RPS6",7.87806592759647,0.283561961752141,0.0429214750304538,-0.104979798817084,0.00744377145701325,3.94672330857616,0.00656605758568221,0.0378999407454055
"gene-THAP11|THAP11","THAP11",6.91141872827691,0.124744801065788,-0.19829348486939,-0.316689527501315,-0.101856898671032,3.94639810242809,0.00656906934456874,0.0379031872137216
"gene-CFDP1|CFDP1","CFDP1",4.29966534036489,0.303254301313546,-0.0197185955861068,-0.134688753601806,0.410905423353379,3.94544811473799,0.00657787530844002,0.0379115904648452
"gene-VAT1|VAT1","VAT1",3.61851659058301,-0.31569437111164,0.524927747595187,-0.0896757357707791,-0.21604921486319,3.94569052700612,0.00657562711324096,0.0379115904648452
"gene-CD63|CD63","CD63",4.15270599501963,-0.044528503388563,0.482977029748069,0.415613927229999,-0.0205523559513017,3.94582872521218,0.00657434577673578,0.0379115904648452
"gene-LOC115497063|LOC115497063","LOC115497063",5.06476940643406,0.304243248627767,0.208773458657664,-0.234020804035625,-0.274734020349011,3.94514316287077,0.00658070462354413,0.0379137766378799
"gene-MAP7D3|MAP7D3","MAP7D3",1.6556983257988,-0.54887442243802,0.350716863045329,-0.0801216049787115,-0.211204899338291,3.94368480633319,0.00659425225558954,0.0379776902326937
"gene-TEX10|TEX10","TEX10",4.84842704505174,0.276669753024737,-0.136864341341382,-0.208915554952366,0.130391032781979,3.94327619990376,0.00659805315782993,0.0379854436820752
"gene-LY86|LY86","LY86",4.26496875447431,-0.731591996485328,0.926209761253088,0.147823853436655,-0.386077980624799,3.95758900054908,0.0066007647861325,0.037986922672146
"gene-BRPF1|BRPF1","BRPF1",3.57928549562774,0.490578155302523,0.555409703494121,0.345514887053888,0.163780326460261,3.94254390680018,0.00660487060943465,0.0379964210710041
"gene-HEXA|HEXA","HEXA",1.18936940240909,0.00130780043460521,0.443884244793684,0.253500270732431,-0.480886251552131,3.94190548673053,0.00661081997810437,0.0380023919617998
"gene-FAM234A|FAM234A","FAM234A",6.4026066465955,0.155145039916317,-0.0853678723538192,-0.11582681023831,0.348220228889904,3.94204130785612,0.00660955381889766,0.0380023919617998
"gene-SNRPA1|SNRPA1","SNRPA1",3.10298971184195,0.371239204313579,-0.0272436247286927,0.190538214733623,0.558284769056883,3.94049767167691,0.00662395853945548,0.0380355318731256
"gene-C12H3orf18|C12H3orf18","C12H3orf18",0.654368138873823,-0.480160901592492,-0.223169949526809,0.269919215688966,-0.123726583647347,3.94075921519151,0.00662151565243358,0.0380355318731256
"gene-CLTCL1|CLTCL1","CLTCL1",0.627839744825752,0.380955430905007,-0.654181587809103,0.0303413530901722,0.655136330885307,3.94098627760826,0.00661939557177361,0.0380355318731256
"gene-ALG11|ALG11","ALG11",1.51965492614091,-0.594730105747698,-0.0104879668138109,0.00521088235422806,-0.0620958984002868,3.9379946078785,0.00664738427934079,0.0381134759995549
"gene-APBB1IP|APBB1IP","APBB1IP",2.60856606273993,-0.662018717441949,0.422546251317557,-0.143820970902985,-0.534170059180917,3.93849231303006,0.0066427196365061,0.0381134759995549
"gene-MTHFSD|MTHFSD","MTHFSD",3.07929188546074,0.092782660289453,-0.0593097408391245,-0.191884429982644,-0.216712733184564,3.93860143185123,0.00664169738734533,0.0381134759995549
"gene-GUCD1|GUCD1","GUCD1",3.6964062948426,-0.305540607334242,-0.201062108082992,0.00982900674030551,0.0295933705233962,3.93815113595045,0.00664591689176823,0.0381134759995549
"gene-RB1CC1|RB1CC1","RB1CC1",6.09421977834806,-0.536896186081696,-0.504337385754437,-0.123398994364233,-0.290567774502913,3.93744131052586,0.00665257386239011,0.0381291038964767
"gene-FAM110B|FAM110B","FAM110B",-4.64387821639444,0.389454661279672,2.61769532258632,2.30092364414113,1.59073119325824,3.93661264596123,0.0066603539311891,0.0381595620455947
"gene-LOC140680779|LOC140680779","LOC140680779",-3.44412202035315,1.90193496957637,1.19637632977854,1.78287053574404,-0.490485275250221,3.93518331769379,0.00667379520936707,0.0382224207494283
"gene-LOC100221408|LOC100221408","LOC100221408",-0.62893574206136,-1.32046720520127,0.873121479926514,0.0766022525279262,-0.610188420160222,3.93372010361362,0.00668758374515499,0.0382872210345074
"gene-KCTD4|KCTD4","KCTD4",-5.17707211212144,1.58110176441743,1.36714634631751,2.21661158117273,-0.298305499726906,3.93203857584304,0.00670346536079654,0.0383497694855181
"gene-LOC100225817|LOC100225817","LOC100225817",-1.93646983321414,1.39367604742952,0.892218383499684,-0.457280831983826,-0.644928423186995,3.93211050017517,0.00670278526803659,0.0383497694855181
"gene-GMFB|GMFB","GMFB",2.73198392780685,-0.807356272444307,0.227573247891375,-0.0942656501976646,-0.44378009872689,3.93106297552636,0.006712697255546,0.0383883924721265
"gene-DNAJC24|DNAJC24","DNAJC24",2.12685165970509,-0.178649374292284,-0.146395848962567,0.188099305676591,0.279684440875811,3.93024227595736,0.00672047337824128,0.0384186647684831
"gene-LARS1|LARS1","LARS1",4.7888565619185,-0.0525524126005399,-0.209573456039064,0.144017954850375,0.207825490111354,3.92988880765239,0.00672382531184954,0.0384236324597015
"gene-RPL35|RPL35","RPL35",6.92214768883069,-0.0134158038821397,-0.495625743918977,0.0107601141346265,0.152317252907712,3.92956315122168,0.00672691501183289,0.0384270984895216
"gene-LOC100218724|LOC100218724","LOC100218724",1.2971843315268,-0.253526795866817,1.19625042712369,0.213654712202013,-0.508655150150412,3.92763852091789,0.00674520467296734,0.0385031509827258
"gene-MRM1|MRM1","MRM1",6.06386457823448,0.709435408073785,-0.0807826228493829,0.437443237086695,0.353218277100322,3.92776635939905,0.00674398826296717,0.0385031509827258
"gene-LOC121469455|LOC121469455","LOC121469455",-0.193234082769821,0.193205456343762,-0.573782723480546,-0.538516500605573,-0.569309135255906,3.92414298648499,0.0067785520820383,0.0386364985154853
"gene-PPP1R3D|PPP1R3D","PPP1R3D",-5.66694187122425,-0.979652796759637,1.99659165466319,0.435509763189874,-0.0630185461080721,3.92471602099407,0.00677307385503487,0.0386364985154853
"gene-ATP5F1D|ATP5F1D","ATP5F1D",5.24654782307733,-0.102428910491167,0.0741578664658737,0.169398430903875,0.292268106003723,3.92434580406877,0.0067766126245255,0.0386364985154853
"gene-LOC115493267|LOC115493267","LOC115493267",-0.429214810047162,-0.51592256246608,0.717666977148392,0.110629071527435,-0.0749894003176839,3.92414475623774,0.00677853515620956,0.0386364985154853
"gene-CRYBB2|CRYBB2","CRYBB2",-0.137103896260571,1.51456565132639,1.29588211331714,-0.198454028790941,0.474619903909817,3.92071196485238,0.00681144720900055,0.0388097001322841
"gene-HIF1AN|HIF1AN","HIF1AN",6.51308419930857,0.0108986190596863,-0.274519436594247,-0.473579313185705,-0.374671980970302,3.91981009337055,0.00682012088826518,0.0388448180882973
"gene-LOC100190722|LOC100190722","LOC100190722",5.72601209064224,-0.132889843379327,-0.434107587778382,-0.286399329075276,0.0461001125677845,3.91894694548404,0.00682843267258569,0.0388675098879722
"gene-NT5C1A|NT5C1A","NT5C1A",-4.5754875216598,0.893062178675799,-0.305038390898491,1.47900385784793,-1.57243832133973,3.91887476274398,0.0068291282316896,0.0388675098879722
"gene-FGF8|FGF8","FGF8",0.778943866544257,0.123569004272782,-0.756014450863634,-0.849702517991506,0.278664059210411,3.91716970442866,0.00684557930347961,0.0389325026539313
"gene-LOC115493242|LOC115493242","LOC115493242",0.131150591359972,-0.76622600568695,0.527889867644972,0.35439183777623,-0.125466242130244,3.91729447860564,0.00684437406681998,0.0389325026539313
"gene-RHOD|RHOD","RHOD",0.185656735261726,2.24151314743509,1.24942161740452,0.577137071841085,0.579769548661426,3.91594985657045,0.00687362389358547,0.0390632867253893
"gene-CS|CS","CS",6.73248937842992,-0.106263741039064,0.0126892609476181,0.440158740524963,0.26090372154569,3.91438593108186,0.00687252495884497,0.0390632867253893
"gene-NSUN5|NSUN5","NSUN5",1.01658461877694,-0.256962449029788,-0.160020717535571,-0.398036306748631,0.265801531200197,3.91367641050853,0.00687941003795867,0.0390818173044825
"gene-LRRFIP1|LRRFIP1","LRRFIP1",4.43437057640912,-0.593657950445502,-0.000424836798591066,-0.0473635394860841,-0.315280059392754,3.9132908737676,0.00688315417025787,0.0390887379026571
"gene-PSMC5|PSMC5","PSMC5",6.84001347890718,0.267577204624021,0.0267536051417157,-0.0121071022545198,0.459623083610699,3.91172012414986,0.00689842991969335,0.0391611162902621
"gene-LOC140682172|LOC140682172","LOC140682172",5.91381194636483,0.34803871030438,0.149021741756526,-0.139329304091791,-0.2113484905007,3.91135771244041,0.00690195931705224,0.0391667841699243
"gene-LDHB|LDHB","LDHB",2.73453841367012,-0.927957626846542,-0.25503091576178,-0.141315960864777,-0.622795937508898,3.90980827938496,0.0069170694212697,0.039238141236858
"gene-ZCCHC14|ZCCHC14","ZCCHC14",3.38519490668614,0.442527147483644,-0.0417253654963079,0.135421073462398,0.00577915679075014,3.90921171610069,0.00692289609019371,0.0392568035895008
"gene-LOC115498493|LOC115498493","LOC115498493",0.87320260445127,0.849705638206724,1.24271062790476,0.406096713676235,0.303703914950664,3.90593557892333,0.00695498345636111,0.039424310984318
"gene-ESRP1|ESRP1","ESRP1",-0.953730255842321,1.92473804465772,1.82846746775471,0.726006642211858,0.41205219685801,3.90457926889097,0.00696831177613518,0.0394567789432146
"gene-ERO1A|ERO1A","ERO1A",3.60634554938338,-0.588837733365811,0.131696895029614,0.466141512947853,0.720994550234936,3.92408176440246,0.00696836037814575,0.0394567789432146
"gene-EPHA10|EPHA10","EPHA10",-1.23202160555203,2.32866827792137,1.54191296459819,1.53067768244914,2.18478766323326,3.90468539394868,0.00696726795948805,0.0394567789432146
"gene-LSM8|LSM8","LSM8",4.86382389426902,0.0968745699905353,-0.101058867798537,-0.372967396425513,0.329794493448303,3.90417094123951,0.00697232945785843,0.0394648128604094
"gene-FAF2|FAF2","FAF2",5.3003112876321,-0.133188694034207,-0.19992575282345,-0.0678732037737451,0.199377646540544,3.90335323483727,0.00698038225108278,0.0394959471062179
"gene-UBR5|UBR5","UBR5",7.44563771391078,0.0457311208190649,-0.309559094386096,-0.348807848021961,-0.0834988188041983,3.9018664926412,0.00699504797916362,0.0395540084211529
"gene-APOOL|APOOL","APOOL",0.965294197849153,-0.330912676185599,0.0451932282222663,0.716329195031249,0.269034866213594,3.90179481707661,0.00699575580282361,0.0395540084211529
"gene-LCA5|LCA5","LCA5",1.96567461334229,0.375028840023612,0.316876434094194,0.0464593549051833,-0.142367590300357,3.9001133120885,0.00701238223440271,0.0396046040428401
"gene-ACBD6|ACBD6","ACBD6",1.54850482529715,-0.11018501580148,0.300197380454785,0.307150636012506,0.328126620779381,3.90027896095064,0.00701074254324771,0.0396046040428401
"gene-AMZ1|AMZ1","AMZ1",-3.21981537127002,2.1054413679748,1.0106066660441,2.02498737284511,0.28536128410102,3.90060897734124,0.00700747700702361,0.0396046040428401
"gene-LOC105758956|LOC105758956","LOC105758956",0.258734405994971,-0.786167174327833,-0.311011510463739,-0.0260060552773186,-0.170464901692096,3.89951965926149,0.00701826176949447,0.0396103509608603
"gene-PTPRE|PTPRE","PTPRE",1.60449362202214,-0.453088780087183,0.490072992428521,0.160575182985741,-0.475213598954443,3.89949369313926,0.00701851905232175,0.0396103509608603
"gene-ATP1B4|ATP1B4","ATP1B4",2.15044823220577,-0.097100965873969,-0.285467225806278,-0.356282017913231,0.442675886938805,3.89800650585258,0.00703327073058478,0.0396791339977395
"gene-RAB11FIP2|RAB11FIP2","RAB11FIP2",-0.67269050354771,-0.447363719881022,1.42313747740876,0.825321518894746,-0.491967201980233,3.89760005155607,0.00703730791028124,0.0396874416587472
"gene-MRPS9|MRPS9","MRPS9",0.297255290084863,-0.600935345349567,0.363258675336228,0.834922667292087,0.129426286207452,3.89571690834037,0.00705604335607785,0.039713166615039
"gene-TMEM214|TMEM214","TMEM214",4.28766963514803,0.166281844269436,0.124116605153677,0.311202796869244,0.562255055741248,3.89601745150005,0.00705304984365019,0.039713166615039
"gene-EYS|EYS","EYS",2.04059064964337,0.192567203307477,-0.293770118422212,-0.235274701478636,-0.344610211734685,3.89559408522313,0.0070572670882945,0.039713166615039
"gene-NCKAP1|NCKAP1","NCKAP1",3.60182757635823,-0.29152647445781,0.175165344147556,0.170470021890381,0.0381240611952434,3.89579667675161,0.00705524870948746,0.039713166615039
"gene-TMEM161A|TMEM161A","TMEM161A",0.121384771903873,-0.133668775994995,0.493702308942055,0.466498310497942,0.636509506655283,3.89590393259052,0.00705418037884164,0.039713166615039
"gene-LOC121468728|LOC121468728","LOC121468728",4.36322240940725,0.445528021159435,0.703700671654402,1.13227177144767,1.16988250475332,3.90173666704381,0.00704971174069226,0.039713166615039
"gene-NPHP1|NPHP1","NPHP1",2.71115968120248,-0.129301344894829,-0.0741032534902595,0.431576221497401,0.867928737371901,3.89455338068446,0.00706764468325991,0.039757107042329
"gene-USP14|USP14","USP14",3.40359245570181,-0.134118811727601,0.240830712186815,0.28248120655328,0.194390692073268,3.8927042350762,0.00708612212907615,0.039846562480906
"gene-BEST3|BEST3","BEST3",-5.44928858939183,1.6554301557938,1.89508940497189,1.03807937910291,-0.766671138646501,3.89081230062488,0.00710507800937911,0.039925796351542
"gene-MTMR14|MTMR14","MTMR14",4.34109810942647,0.141671116604869,-0.22345807320125,0.0273562058787364,0.425539751532688,3.89052582825652,0.00710795275919212,0.039925796351542
"gene-CYFIP2|CYFIP2","CYFIP2",2.47417400210549,-1.161584747168,-0.257087660372898,-0.246926929951714,-0.645129518295183,3.89062849791039,0.00710692233332895,0.039925796351542
"gene-MATCAP1|MATCAP1","MATCAP1",1.49731385689237,0.237946046077179,-0.25791411412912,-0.0748007820777625,0.755897168751849,3.88913611110405,0.00712191537267711,0.0399897098665378
"gene-SMARCC1|SMARCC1","SMARCC1",5.18048116195877,-0.247966876561146,-0.0357562169097392,-0.0323219892382234,0.0937247155759522,3.88798061253585,0.00713354601551696,0.0400259697571156
"gene-FKBP11|FKBP11","FKBP11",-1.07040460305543,-1.09801107648227,-0.290296237309337,0.222125191005819,0.0409067240919798,3.88808369575273,0.00713250764930493,0.0400259697571156
"gene-ZFAND4|ZFAND4","ZFAND4",5.16064784765099,-0.196893421630314,-0.354095288394459,-0.231512253379989,0.0794651341193564,3.88698817758334,0.00714355077034305,0.0400675781700104
"gene-CTSD|CTSD","CTSD",7.58781074714679,0.103901246488405,0.201127985034657,-0.00573826319044901,-0.236098954135967,3.88483535377323,0.00716530252484746,0.0401750204971067
"gene-RAMAC|RAMAC","RAMAC",5.52713213097115,-0.341319253968495,-0.34890120507463,-0.137138825330743,0.0268642261433776,3.88456760990662,0.0071680124691024,0.0401756584423613
"gene-LOC140681287|LOC140681287","LOC140681287",-0.671689242159393,3.09007765384969,3.52312123837906,2.99662275310568,2.09483465791186,3.88361551528529,0.00717765745402559,0.0402151517382498
"gene-DOCK11|DOCK11","DOCK11",3.94297090329714,-0.519091917614432,0.318295243179542,0.01151914243954,-0.289268664951152,3.88312520126143,0.00718262962163924,0.0402284449492824
"gene-TRUB1|TRUB1","TRUB1",-0.975615631737819,-1.2935436431954,0.0777307200805685,-0.495640016132029,-0.968198959961932,3.88159477860981,0.00719817185356603,0.0403009078993974
"gene-RABGGTA|RABGGTA","RABGGTA",4.45874480631598,-0.142898123103199,-0.048047589341988,0.44967541791561,0.336949266756367,3.879958310842,0.00721482888358759,0.040379557675775
"gene-CHCHD4|CHCHD4","CHCHD4",4.27966299417299,0.0523492220061028,-0.137950036499407,-0.0907055890344841,0.401540587287334,3.8794682374449,0.00721982479425312,0.0403929098666186
"gene-PRKCA|PRKCA","PRKCA",-2.23326806736608,-2.37248252645478,-1.2290124155668,-0.810039912791787,-2.34871545484822,3.87868719240749,0.00722779420556808,0.0404082786601033
"gene-LOC140680536|LOC140680536","LOC140680536",3.33802104712281,0.247600256007407,-0.312457132412879,-0.400764940328673,-0.0828651268239189,3.87878980343341,0.00722674670116088,0.0404082786601033
"gene-ITM2A|ITM2A","ITM2A",10.6299616955363,0.130453016947982,-0.127911609396095,-0.328209199142522,-0.44334769949179,3.87694373637102,0.0072456158988617,0.0404932849530101
"gene-SWS2|SWS2","SWS2",-2.7643394401933,2.78937666484144,2.91962300302219,2.57038556903503,2.96007059916212,3.87646508031503,0.00725051656125677,0.0405060446878875
"gene-WWP2|WWP2","WWP2",6.43076147172544,0.088301947445176,-0.0514016560895607,0.180455513352876,0.462841685686255,3.87620826692107,0.00725314730401511,0.0405061185599545
"gene-ADCY7|ADCY7","ADCY7",2.98353591752814,-0.847404540138943,-0.123888667396997,-0.341225074348204,-0.786187584152477,3.87447095031461,0.00727096953389542,0.0405910005544847
"gene-SLC38A1|SLC38A1","SLC38A1",2.79598264974374,-0.641368163758012,0.123788041762642,0.022837976995727,-0.700421202157155,3.87384895833561,0.00727736105111198,0.0406120311092527
"gene-PTGER3|PTGER3","PTGER3",2.13355699460499,0.716636477436881,0.392234869424553,0.293279499980323,0.190573083533931,3.87255267571627,0.00729069987449825,0.0406718026524371
"gene-PPP1R3E|PPP1R3E","PPP1R3E",-2.15158066552158,0.788769640102486,2.55979440398117,1.37064296277675,0.265409003361811,3.87110656313932,0.00730560980853253,0.040725616637983
"gene-LAMA5|LAMA5","LAMA5",2.69671237418103,0.698296502702421,0.0765194682648191,-0.186897633713083,-0.0302881428353263,3.87119364879856,0.00730471104740082,0.040725616637983
"gene-HSPBAP1|HSPBAP1","HSPBAP1",2.03518472843684,0.0686180490642685,0.844109940333589,0.919654144700068,0.586878803524708,3.86919015554372,0.00732541645182425,0.0408213250241197
"gene-DYNC2I1|DYNC2I1","DYNC2I1",-1.41996678317884,-1.36187389463402,0.467915521318763,0.0184151648631579,-0.991443307488654,3.86628006451368,0.00735559761501904,0.0409356516840586
"gene-DNAJC1|DNAJC1","DNAJC1",0.95727805759065,-0.696142750394748,-0.0771888752587877,-0.235281788490533,-0.382455211825547,3.86628470380879,0.00735554939939179,0.0409356516840586
"gene-ALS2|ALS2","ALS2",0.214180601664932,-0.616496299377148,-0.230670157719407,-0.0933724540367064,0.162736385420294,3.8661919384482,0.00735651355950675,0.0409356516840586
"gene-SLC1A1|SLC1A1","SLC1A1",-3.5880463207661,2.78868053478307,1.49348660398791,1.79201779017537,0.838039917836186,3.86663269640035,0.00735193367122229,0.0409356516840586
"gene-ERP44|ERP44","ERP44",4.58934954868094,-0.183222081830739,0.0506120546122126,0.170515402414305,0.0498261624065437,3.86478048200842,0.00737119945150242,0.040988485125662
"gene-LOC140683908|LOC140683908","LOC140683908",2.71628902408719,0.466185042397581,0.607353401859161,-0.264131852745535,-0.367068348268988,3.86401853151953,0.00737913976875712,0.040988485125662
"gene-KIFAP3|KIFAP3","KIFAP3",1.88840853176142,-0.0715298459709697,-0.292640180485613,-0.242925385971161,-0.539808801394041,3.86439587458774,0.00737520637433636,0.040988485125662
"gene-LOC121471016|LOC121471016","LOC121471016",1.18317474760708,0.80324864472741,0.340404312312461,-0.221814328322595,0.0929401142296173,3.86421726319974,0.00737706793948089,0.040988485125662
"gene-PNPO|PNPO","PNPO",3.11200723607379,-0.0760806123801876,-0.0102070926017404,0.601193554350646,0.299416306795415,3.86400779967526,0.00737925166785746,0.040988485125662
"gene-EMP1|EMP1","EMP1",-0.983829775533234,-1.3765078060205,1.0171808255802,0.493705963048503,-0.927461282749217,3.86119592182879,0.00740863018847307,0.041121025832963
"gene-ZNRF3|ZNRF3","ZNRF3",2.2811203653477,-0.263253085965039,-0.0397691075450917,0.174482475644288,0.0127869554153,3.86143847879824,0.00740609126950606,0.041121025832963
"gene-SPATA2|SPATA2","SPATA2",5.29102778480978,0.0444782829299522,-0.365259136603391,-0.201945284844081,-0.0314450869048164,3.86096147633533,0.00741108504349814,0.041121025832963
"gene-DNAAF2|DNAAF2","DNAAF2",1.39894388585741,1.21696284860628,0.986214920704223,1.56719787297769,0.990106596216983,3.86053960696578,0.00741550447903501,0.0411257863892915
"gene-SIGMAR1|SIGMAR1","SIGMAR1",0.670439508627116,-0.475498133602347,0.236972282118555,0.324833730745954,0.0118449249063605,3.86037227671205,0.00741725814620437,0.0411257863892915
"gene-LOC115495990|LOC115495990","LOC115495990",-3.47311496876414,2.51546610485312,3.31840992001894,1.93738003193579,1.74806285407613,3.85677643747407,0.00745504563391597,0.041320498275376
"gene-LOC115497597|LOC115497597","LOC115497597",-0.236044384624233,0.231310770653699,-0.643466300889001,-0.721748531253374,-0.875078514095822,3.8549309064548,0.00747451568836115,0.0414135804788359
"gene-NHSL2|NHSL2","NHSL2",3.31684779410148,-0.299875654281108,0.659558567657407,0.263779336771707,-0.196652961506973,3.85350603534081,0.00748958322232518,0.0414525394726331
"gene-SNORC|SNORC","SNORC",3.80071113719988,0.18790711455477,-0.382697079712563,-0.467345027224493,0.116571743819854,3.8537563437673,0.00748693405963363,0.0414525394726331
"gene-IQCG|IQCG","IQCG",-3.86070447665123,-0.499579578750057,2.47605398214188,0.0755294232948476,0.724527311429853,3.85353207486226,0.00748930758618363,0.0414525394726331
"gene-BIN2|BIN2","BIN2",4.95824097236852,-0.51752857520901,0.0187690962340019,0.0663283304295845,-0.364786035961592,3.85293551979223,0.00749562489059397,0.0414711459356245
"gene-MSL3|MSL3","MSL3",7.38332149394303,0.322219815000997,-0.038573411145034,-0.0747753874322434,-0.199116647776132,3.85223584118642,0.00750304114273475,0.0414825157855735
"gene-C1QC|C1QC","C1QC",2.05592176977286,-0.517042632526411,1.35155330700659,0.8283046845326,-0.253667060268879,3.86017872338741,0.00750276498514345,0.0414825157855735
"gene-TLE5|TLE5","TLE5",4.95417440309197,-0.174499107981975,0.278760078095859,0.447019014684285,-0.0856372247367974,3.85133706331886,0.00751257870184234,0.0415204126467894
"gene-GAPDH|GAPDH","GAPDH",4.93933155663011,-0.312137281323531,0.304026691416118,0.0648439343779073,-0.441375299117139,3.85002095365933,0.00752656711294249,0.0415532023092347
"gene-ACSL1|ACSL1","ACSL1",-1.07976986937538,-0.814589461804422,-0.0874142463137436,-1.59068568594064,-0.922591399489297,3.85014967950995,0.0075251977685856,0.0415532023092347
"gene-KNOP1|KNOP1","KNOP1",-2.19234112360071,-1.5480785642297,0.539570697280014,0.0719981859165282,-1.00109201862417,3.850153658658,0.00752515544372101,0.0415532023092347
"gene-LOC121471102|LOC121471102","LOC121471102",2.75871411759878,0.943882505653877,0.387554679128939,0.705085022716731,0.190806203432807,3.84915932670418,0.00753573935204175,0.0415890037349665
"gene-MDFIC|MDFIC","MDFIC",10.3553130468549,0.184689770872165,-0.0134684575300543,-0.120953505945362,-0.376030608999443,3.84781812732049,0.00755003938823481,0.0415937556187019
"gene-LOC115493976|LOC115493976","LOC115493976",-4.54218165725842,2.7108925721114,1.34213006813521,-0.267680987490048,1.43884493111499,3.84840329648963,0.00754379685034344,0.0415937556187019
"gene-GPRC6A|GPRC6A","GPRC6A",-1.37452553165994,0.294914405306011,-1.46930821378532,-1.23030437220049,-0.430691841186384,3.84823715757612,0.00754556867317469,0.0415937556187019
"gene-SLC38A8|SLC38A8","SLC38A8",3.17412996188831,-0.284929090073324,0.0119640188721855,0.274410150031851,0.487380737004132,3.84801525565581,0.00754793585232024,0.0415937556187019
"gene-LOC115491258|LOC115491258","LOC115491258",3.94305427969895,0.107715122173292,-0.0057829266835121,-0.0192928782867083,-0.497389866243723,3.84793600066136,0.00754878150244658,0.0415937556187019
"gene-NCOR1|NCOR1","NCOR1",7.87880508521633,0.225627469395453,0.00290819553079036,-0.211917336421191,-0.393261072255785,3.84741181218204,0.00755437701587072,0.0416028413952311
"gene-SUCLG2|SUCLG2","SUCLG2",0.739647092959131,-0.855235351915028,0.255219416779276,-0.150096181330224,-0.860467470231148,3.8466062896751,0.00756298388647456,0.041635423565704
"gene-PUM3|PUM3","PUM3",-0.621696622283016,-1.49445496807688,-0.4709219960598,-0.059361602246237,-0.568338631761717,3.84586858725742,0.00757087485965748,0.0416640428354194
"gene-LOC140684773|LOC140684773","LOC140684773",-3.14549926048358,-1.15931325132865,-0.610416144183386,-2.31046803473453,-0.424975559517134,3.84555612545776,0.00757421969020996,0.0416676323163879
"gene-FAT2|FAT2","FAT2",0.254245804481556,2.62754786097336,2.3192329724146,1.11171849657771,1.35118994435122,3.84358381264244,0.00759536754981626,0.0417691232528098
"gene-TMEM135|TMEM135","TMEM135",0.885407764812686,-0.570936574199931,0.0341551541813023,0.0643383876097237,-0.80611378643288,3.8430754847351,0.00760082775404511,0.0417843017740135
"gene-RECQL4|RECQL4","RECQL4",1.1494042631449,1.6821512684559,1.4916783746886,0.658438083317174,0.670368871080224,3.8416597315426,0.00761605611816267,0.0418382919519231
"gene-UIMC1|UIMC1","UIMC1",4.54551223449537,-0.0827140716393062,-0.0415108294804476,-0.0523442357169204,0.245686437690285,3.84186987941623,0.00761379373048668,0.0418382919519231
"gene-CCNQ|CCNQ","CCNQ",3.14323535421562,-0.0615789059925973,0.109067819465923,0.695764483323714,0.229345949903407,3.84089973431347,0.00762424372431239,0.0418684072511477
"gene-TLDC2|TLDC2","TLDC2",-3.63725242314661,2.55085111625498,1.96746209322674,2.76627132513419,3.13125291790042,3.84030819766426,0.0076306226647625,0.0418885724502305
"gene-LOC105760998|LOC105760998","LOC105760998",-5.16036993485087,0.890202716797128,2.51664657333813,1.74302978158492,-0.693791685694578,3.83994607640867,0.00763453034165006,0.0418951620698705
"gene-LOC116808205|LOC116808205","LOC116808205",-4.03615843037211,2.12000385511298,3.34366988310272,1.84302621249585,0.500565394362558,3.83824697812162,0.00765289262925898,0.0419810398574203
"gene-FXYD6|FXYD6","FXYD6",1.44384884288833,-0.641896859283396,0.357350343063835,0.316071447101046,0.459214199822424,3.83641639470726,0.00767272615296053,0.0420749245985344
"gene-LOC100224152|LOC100224152","LOC100224152",3.59438879856047,0.133768319702661,0.0151431154089861,0.582295590482625,0.373296154730514,3.83549532373549,0.00768272528984404,0.0421097467332878
"gene-CAMSAP1|CAMSAP1","CAMSAP1",2.31601347451953,0.011325251940133,-0.0314680777878809,-0.554893565045479,0.34792800399942,3.83533026514822,0.00768451856379998,0.0421097467332878
"gene-DNMT3A|DNMT3A","DNMT3A",1.85935713109105,-0.315532922821313,0.518685834445439,0.424438199240536,-0.210818023898462,3.8338078058295,0.00770107936000355,0.0421110258289947
"gene-TIAM2|TIAM2","TIAM2",0.707220404851409,-0.91224330973571,-0.270935053934976,-0.461055658450786,-0.431050194178143,3.83497835377917,0.00768834331541915,0.0421110258289947
"gene-ARPC5|ARPC5","ARPC5",4.57550422580425,-0.418348524974877,0.296336774325371,0.18994639000256,-0.228557919486915,3.83412270980228,0.00769765096681173,0.0421110258289947
"gene-DCUN1D1|DCUN1D1","DCUN1D1",4.50900645627154,-0.1538767258359,-0.13580849432178,0.0260504219789919,0.245546737171706,3.834469224455,0.00769388021833372,0.0421110258289947
"gene-LOC100231218|LOC100231218","LOC100231218",5.52656335215168,-0.0164432909619707,-0.0987477262463274,0.292203666268137,0.308211084441319,3.8339489638465,0.00769954236561637,0.0421110258289947
"gene-SBNO1|SBNO1","SBNO1",10.0715977654371,0.134874946271413,-0.124164484951994,-0.232744049527492,-0.0846755415776563,3.83472029093519,0.0076911493038446,0.0421110258289947
"gene-ZEB2|ZEB2","ZEB2",7.32636706934174,-0.330119659899119,0.166084671643273,-0.0310369454841899,-0.47509235390054,3.83345785701198,0.00770489111179904,0.0421169869145497
"gene-NDUFB6|NDUFB6","NDUFB6",5.00037270388576,-0.233269903032915,-0.184246454386934,0.400031631159241,0.212290635197633,3.83300577517537,0.00770981816869768,0.0421290381923011
"gene-LRWD1|LRWD1","LRWD1",2.82681352306668,0.58157825975792,0.183320418504422,0.0232977671647654,0.41584201796798,3.83240874028852,0.00771632992023447,0.0421497372098935
"gene-GPAA1|GPAA1","GPAA1",3.54303849763253,0.81681865396921,0.738980842527667,0.963678062743443,1.06066549439918,3.83115837182534,0.00772998559070426,0.0422094308455005
"gene-MAD2L1BP|MAD2L1BP","MAD2L1BP",3.4035491247042,0.122118273050266,-0.229433039666893,-0.437518245622536,-0.375601679850727,3.83078035345939,0.0077341188851136,0.0422100984902498
"gene-TBC1D24|TBC1D24","TBC1D24",1.59578357225465,-0.725291484737859,-0.377283017722376,-0.033596383836578,-0.386742137780199,3.83064831640351,0.00773556312234885,0.0422100984902498
"gene-LRRC52|LRRC52","LRRC52",-3.94604753598737,3.30318926832122,0.826176686292531,1.12390340039533,1.70888120592255,3.83026594305793,0.00773974711537861,0.0422168457966161
"gene-KIF7|KIF7","KIF7",-0.579990727027977,-1.22137472321467,0.061753996592414,0.092616512854608,-0.532523949563075,3.83003677701434,0.00774225579132773,0.0422168457966161
"gene-GLB1|GLB1","GLB1",0.394771417686936,-1.12823783394486,0.0292586354580475,0.218504877378879,-0.669964821165979,3.8282875590752,0.00776143170732735,0.0423065007646674
"gene-COMMD5|COMMD5","COMMD5",1.89948258473555,-0.22560791253984,0.0314940855013153,0.070790474001885,0.140127271565975,3.82641959517105,0.00778196271385229,0.0423982392786298
"gene-LOC101233427|LOC101233427","LOC101233427",1.1429343232998,0.27014205819393,0.713980281709809,0.113512170511384,-0.225588216647781,3.82619928219576,0.00778438783720599,0.0423982392786298
"gene-SLC7A6OS|SLC7A6OS","SLC7A6OS",1.76595955873771,-0.128042159035872,0.0583559579968389,0.230962549457638,0.313900981746074,3.82551176222552,0.00779196074367839,0.0423982392786298
"gene-ZMYND8|ZMYND8","ZMYND8",6.3635586247592,0.103961290141294,-0.13441650514386,-0.13303188009239,-0.17882460151954,3.82573956321877,0.00778945072798669,0.0423982392786298
"gene-LOC115492167|LOC115492167","LOC115492167",-0.186694704003725,2.44195076864465,2.00987320888873,1.68894470144001,2.46937239908401,3.8257479943423,0.00778935784578492,0.0423982392786298
"gene-CDC6|CDC6","CDC6",3.77635002343917,0.20886434553695,-0.36099970059381,-0.412841009114079,0.482094240614731,3.82448662950727,0.00780326630763122,0.0424448316733192
"gene-RPP25L|RPP25L","RPP25L",3.78406063626059,-0.0403540342406119,-0.273374126584254,-0.222773167918278,0.184935769304436,3.82368506685807,0.00781211787243678,0.0424780478130567
"gene-LOC140684167|LOC140684167","LOC140684167",0.270692893823882,0.780042988747924,0.331950682613599,-0.430598935246731,-0.024651331885135,3.82253945554826,0.00782478645402907,0.0425060924530442
"gene-HEATR5A|HEATR5A","HEATR5A",2.56117569592263,-0.80760006212887,-0.0346681826923994,-0.470970959385653,-0.84510359742403,3.82247355641036,0.00782551582544252,0.0425060924530442
"gene-LOC140682064|LOC140682064","LOC140682064",0.43322605613283,0.515745653224289,0.299309963243749,0.125488383322305,-0.181667508801097,3.82291550868565,0.00782062562180272,0.0425060924530442
"gene-SLITRK3|SLITRK3","SLITRK3",-5.86668839614833,0.220928390757316,0.421836926034895,-1.03767657683418,-2.01504994828826,3.82192924892411,0.00783154286291574,0.0425167328030745
"gene-LOC140682088|LOC140682088","LOC140682088",3.48456139340471,0.229967200056768,-0.679364548642968,-0.0935354967820876,-0.66671483778111,3.82230812228539,0.00783296964275059,0.0425167328030745
"gene-LOC100228109|LOC100228109","LOC100228109",-0.946312267085386,0.910373754987817,0.584089595143051,-0.920245321503774,0.922597307875946,3.8215230565366,0.00783604364725277,0.0425185047129161
"gene-PSMD3|PSMD3","PSMD3",5.6105459818658,0.110069054038902,0.409388430035587,0.28520542869222,0.447087476811513,3.82041014219218,0.00784838869092637,0.0425705625629462
"gene-USP4|USP4","USP4",7.23695818884388,0.106371799903751,-0.311656204812879,-0.222834649735234,-0.135790874765343,3.8184265505482,0.00787044081045745,0.0426752177791973
"gene-PDCD2L|PDCD2L","PDCD2L",1.27429022392922,-0.271225378833096,0.20128898565619,0.795405510833759,0.0461911987348564,3.81762408935605,0.00787937987593316,0.0426937687605272
"gene-IK|IK","IK",7.0633522615582,-0.158706606544113,-0.0747874921056075,-0.220959641402903,0.10315657691975,3.81771921971066,0.00787831962640744,0.0426937687605272
"gene-TUT1|TUT1","TUT1",3.08836153450631,0.223597424961047,0.444035165617003,0.615272314964202,0.951958835941041,3.81683231735222,0.00788820998642004,0.0427266536716311
"gene-BDH1|BDH1","BDH1",3.33828876841039,-0.196671682388905,-0.00256609758714399,0.676707402218113,0.422574314637392,3.81627278139859,0.00789445618852972,0.0427326414510313
"gene-LOC140681027|LOC140681027","LOC140681027",6.67901163393299,0.492431494387552,-0.0180874429351521,-0.442208544475514,0.00316317481859851,3.81623857093008,0.00789483824933753,0.0427326414510313
"gene-CHURC1|CHURC1","CHURC1",7.55769398634456,0.285695155173563,0.131508347095173,-0.101935227776068,0.00879112211285804,3.81549025745166,0.00790320008182808,0.0427629444987027
"gene-LOC140680276|LOC140680276","LOC140680276",2.62008224293341,0.277220552531672,-0.14333549416649,-0.120180083194292,-0.287794611311533,3.8150974557776,0.0079075929444203,0.0427717584113611
"gene-SACS|SACS","SACS",1.5022418661808,-1.36323976525215,-0.805725703760103,-0.649972180347394,-1.14942589138851,3.8144981857074,0.00791429961143719,0.0427930770394796
"gene-LOC140682080|LOC140682080","LOC140682080",3.0940983968332,0.589523402827107,0.281164428243365,0.148958612531258,0.121818217352107,3.81388203930367,0.00792120117825211,0.0428154342415129
"gene-TCAF2|TCAF2","TCAF2",-1.76654452297248,0.380707085368207,-0.940779013376895,-0.500921844936683,-1.42029659341804,3.8122684859,0.00793930389005382,0.0428683627699173
"gene-PLEKHA3|PLEKHA3","PLEKHA3",4.53996355967937,-0.742247663420422,-0.779544043858567,-0.120749423495639,-0.344473502752996,3.81260633991224,0.00793550997379179,0.0428683627699173
"gene-LOC115498208|LOC115498208","LOC115498208",0.619483875029902,0.939024470874723,0.853695749479216,0.935527844075155,1.52453601834537,3.81233409965825,0.00793856693906796,0.0428683627699173
"gene-GPR87|GPR87","GPR87",-4.32043714364211,1.3951992130938,1.31527261332278,0.698329553988902,3.21615793365348,3.81192974679895,0.00794310959683637,0.0428739522187104
"gene-AGBL2|AGBL2","AGBL2",4.26344395533019,0.643878662332193,0.274989428795184,-0.172206926270707,0.452812965068343,3.81130779311927,0.00795010202670043,0.0428967325185457
"gene-FBLN7|FBLN7","FBLN7",-0.071231542042584,0.46197034956765,0.547622896926425,0.0713231642358303,-0.702541347017378,3.80832997081083,0.00798366756301917,0.0429580165291104
"gene-PNPT1|PNPT1","PNPT1",1.47933266626355,-0.565228193582096,-0.071872751066369,0.0966021766990881,-0.035918444173034,3.80859731469332,0.00798064822743502,0.0429580165291104
"gene-PMS1|PMS1","PMS1",3.14175764839028,-0.568650355596913,-0.69635578613944,-0.278115775410264,-0.12334674422392,3.8092286785559,0.00797352232057242,0.0429580165291104
"gene-LOC116808825|LOC116808825","LOC116808825",-3.12548821645271,1.78179558064777,1.81261473325251,1.73728212136526,0.586175169779672,3.80879342569387,0.00797843412188283,0.0429580165291104
"gene-LOC121470730|LOC121470730","LOC121470730",-1.45867235988869,0.691654682402806,0.359795421115233,-1.31042711122024,-0.145014989198811,3.80965911330358,0.0079686679148723,0.0429580165291104
"gene-INPP5J|INPP5J","INPP5J",3.11764480007376,0.32169506972099,-0.595377612844973,-0.0186486814296973,-0.125545047585233,3.8084698290226,0.00798208788372355,0.0429580165291104
"gene-CLPP|CLPP","CLPP",4.14649339288116,-0.0619081991046726,0.171752761681806,0.241854961963449,0.444264426896293,3.80959585300198,0.0079693811706619,0.0429580165291104
"gene-LOC115491968|LOC115491968","LOC115491968",3.19656386597443,0.774799103405211,0.649934137119195,0.150494187459494,0.193034427231127,3.80916332921628,0.00797425958759173,0.0429580165291104
"gene-PCYOX1|PCYOX1","PCYOX1",-0.642042882829866,0.483505585585763,0.909972617913202,0.20807701206996,-1.25729840269302,3.8080400035924,0.00798694371562703,0.0429607069862107
"gene-LOC115498404|LOC115498404","LOC115498404",0.513610266032717,0.0100030533953863,0.640256805755091,-0.0767324046194386,1.57837624982131,3.80864002794717,0.00800040514253417,0.0430181617723128
"gene-TBL2|TBL2","TBL2",3.8579541620759,-0.0645943385890497,-0.167271926834001,-0.0136452573351837,0.28758762625741,3.80503849847261,0.00802093619259156,0.0431135767906754
"gene-IPP|IPP","IPP",5.12030651333677,0.137046095750184,-0.112441225521362,-0.419775214310439,-0.306020084384938,3.80428990180314,0.0080294370504209,0.0431442841511331
"gene-CDYL2|CDYL2","CDYL2",1.38298592372329,-0.69210347074803,0.284873338576288,-0.0924323948265822,-0.504686449605136,3.80366273935083,0.00803656598573724,0.0431676010514696
"gene-LOC105760050|LOC105760050","LOC105760050",0.25607979237964,0.325703457600304,0.61577939629031,-0.0448425876215564,-1.3298423648219,3.80318271278005,0.00804202677943771,0.0431819446258843
"gene-BMAL1|BMAL1","BMAL1",0.756131262526712,-0.620377540592691,0.234363559132394,-0.248256988838311,-0.304933248242268,3.80207976051618,0.00805458828679263,0.043219401434853
"gene-CCDC86|CCDC86","CCDC86",2.88828308940277,0.367897077744675,-0.161147788412239,-0.218133682444588,0.48911722978067,3.80222626882884,0.00805291855755973,0.043219401434853
"gene-CAAP1|CAAP1","CAAP1",3.04831005276898,0.335729889002824,0.15269052226199,-0.0231343120334335,0.0350785534114473,3.80169223425262,0.00805900655179508,0.0432281200655213
"gene-SH3KBP1|SH3KBP1","SH3KBP1",1.05659118445602,-0.909306742051479,0.121953998995301,-0.408714154622326,-0.706668368952206,3.80018129768543,0.00807625658805447,0.0432924539338349
"gene-FUT7|FUT7","FUT7",0.964640968002734,-0.345010222772275,0.84365762134101,0.178137005883579,-0.571730619091491,3.80015164998258,0.00807659544471608,0.0432924539338349
"gene-CCDC59|CCDC59","CCDC59",6.08077362845023,0.404605298676298,0.070694431548918,-0.202183344233157,0.32527507847707,3.79976877953803,0.00808097273854554,0.0433009186734738
"gene-AKNA|AKNA","AKNA",1.84993124054938,-0.541158522037057,0.374932614545645,0.384227145757505,-0.302002550392979,3.79854949418808,0.00809492870095642,0.043360685928453
"gene-MKLN1|MKLN1","MKLN1",6.42414134353348,0.208455495269026,0.179205639588221,-0.155384065464785,-0.151320956986463,3.79747316195196,0.00810726878028494,0.0434063656207266
"gene-BUD13|BUD13","BUD13",5.5326586296502,0.259684703212195,-0.366552855426455,-0.327510579993698,0.0630111289246775,3.79731650546451,0.0081090664303406,0.0434063656207266
"gene-COMTD1|COMTD1","COMTD1",-0.437810628802434,-1.06227997854917,-0.199677277404324,0.31069073022393,0.0999549961664336,3.7947845452283,0.00813817721239712,0.043547127372699
"gene-ARID2|ARID2","ARID2",6.00347544743055,-0.234600906783384,-0.0317518206934935,0.161196631880786,0.0138394647526452,3.79419738117082,0.00814494319268841,0.0435682668188224
"gene-LOC100224002|LOC100224002","LOC100224002",-5.48633901234749,0.554868600489933,2.32413968622237,0.430440342944307,-1.05804828019581,3.79128884995734,0.0081785430538355,0.0437026774026603
"gene-ELMO3|ELMO3","ELMO3",3.3136109212428,-0.0144993614899587,0.17898473007123,0.491965774191565,0.513956134424494,3.79171958650972,0.00817355823547771,0.0437026774026603
"gene-SMARCC2|SMARCC2","SMARCC2",7.24621174583451,0.0666309350894858,0.0702160834980763,0.207908949503855,0.483230582046925,3.79133478924143,0.00817801126152358,0.0437026774026603
"gene-MYBL1|MYBL1","MYBL1",1.9190397619796,0.421023756189291,-0.20683600150208,-0.624431147976457,0.488193708298817,3.7900481846991,0.0081929182740999,0.0437218951671163
"gene-ETFDH|ETFDH","ETFDH",3.13926546697951,-0.394131159680601,0.183588259670589,0.0740820698441835,0.117311614323569,3.79064596395949,0.00818598877958388,0.0437218951671163
"gene-COX18|COX18","COX18",3.36567297897583,0.424038002858543,-0.385376431264721,-0.426290882896736,0.194540284910963,3.79000313156226,0.00819344077445152,0.0437218951671163
"gene-IP6K1|IP6K1","IP6K1",7.18056256313462,-0.01852319181722,-0.00813811298180234,0.086908011153362,0.24303768838503,3.79019920633071,0.00819116705918472,0.0437218951671163
"gene-CIAO2A|CIAO2A","CIAO2A",8.73039049390051,0.0477622784985918,-0.333121406594296,0.17399743461047,0.247712846793638,3.78631108751542,0.00823637430701428,0.0439358470875719
"gene-LOC140684006|LOC140684006","LOC140684006",0.373250870887942,0.908020594370225,0.62409288334087,0.513126922911344,0.0973873734649211,3.78448549078622,0.00825768797969438,0.0440343630205963
"gene-LARP1B|LARP1B","LARP1B",10.5327657113311,-0.106425922040888,-0.472967963866877,-0.371191729944041,-0.304044141826092,3.78090535799415,0.00829964862115851,0.0442428737211257
"gene-TRAPPC3|TRAPPC3","TRAPPC3",5.07432094333312,-0.285746515138353,-0.146947104943828,-0.0580057264416167,0.0389675780373517,3.77830019159886,0.00833031843110639,0.0443910735955136
"gene-DMAC1|DMAC1","DMAC1",4.75885134479592,0.356464132139393,0.271758706426206,0.599608829349583,0.844079967021796,3.77784008931333,0.00833574702890093,0.0444047109370884
"gene-PDE4C|PDE4C","PDE4C",2.3135385271987,1.3018356436369,1.14701038603952,0.687495691061017,-0.0655404194622573,3.78977482734408,0.0083447581529185,0.0444374165231982
"gene-CUL2|CUL2","CUL2",3.82928712512841,-0.14197679790445,0.0277647066499904,0.0718556738387486,0.210988809606956,3.77515083475922,0.0083675486794178,0.0445136205569803
"gene-PHF19|PHF19","PHF19",-0.223310711838323,-1.48623221223692,-0.513519261947513,-0.562607195764181,-0.56720674398126,3.7748955275302,0.00837057420489904,0.0445136205569803
"gene-ARHGEF10L|ARHGEF10L","ARHGEF10L",-1.27241278045283,-0.19761765864529,1.76655315278476,1.22357556528405,0.575732138901701,3.77514494593344,0.0083676184525883,0.0445136205569803
"gene-PAQR7|PAQR7","PAQR7",1.38337782827823,0.545844112960652,0.534318978440017,-0.287283216645486,-0.779519128960995,3.77499804404887,0.00836935919644206,0.0445136205569803
"gene-IDH1|IDH1","IDH1",4.20890573884643,-0.141818221171897,-0.208537814748995,-0.483093901245053,-0.536698791438105,3.77426835193779,0.00837801128842285,0.0445378648877855
"gene-TEX14|TEX14","TEX14",-3.20223656116016,-2.6093989106353,-0.990946080083536,-1.53849946460662,-1.25291271808422,3.77341803542156,0.00838810511617834,0.0445762110827128
"gene-CFAP73|CFAP73","CFAP73",-3.82446108594109,2.26639146962518,0.360632327847917,1.51446155827187,0.162870932876103,3.77298102594053,0.00839329751973067,0.0445884926597433
"gene-ABR|ABR","ABR",3.21698672210481,-0.463990474376105,0.179852968643917,0.132757295704921,-0.200972311564253,3.77126023452825,0.00841377517813369,0.0446819392181259
"gene-GTF2F1|GTF2F1","GTF2F1",5.47411303144689,0.55977970503181,0.367129936439242,0.628942375184974,0.546607115866957,3.7695962876884,0.0084336246685176,0.0447719868766071
"gene-GNAI3|GNAI3","GNAI3",4.68570557593036,-0.192292765368232,0.0968532075143065,0.12316853614407,0.0366401526030868,3.76825451533774,0.00844966554654572,0.0448417607451286
"gene-FAM193B|FAM193B","FAM193B",5.26417405832247,0.137604581792001,0.0365988512187014,0.275620309541775,0.532401130818023,3.76724268819613,0.00846178243785839,0.0448752855469015
"gene-SPPL3|SPPL3","SPPL3",5.18653260639867,-0.0302934354127142,-0.437438569556191,-0.256802229610573,-0.106690263173797,3.76727147109137,0.0084614375113436,0.0448752855469015
"gene-PEX3|PEX3","PEX3",3.88336965050766,-0.371841365509528,0.148988761312085,-0.0824501601565459,0.0366097515085242,3.76643746716128,0.00847143778543664,0.0449110995990517
"gene-ADIPOR2|ADIPOR2","ADIPOR2",9.02531142920898,-0.0688728323354422,-0.268313964365165,-0.253986418338052,-0.387819921510692,3.76600724450758,0.00847660114306474,0.0449230831126462
"gene-ABRAXAS2|ABRAXAS2","ABRAXAS2",5.07111063670119,0.290290013726903,0.155299052384762,-0.0715524003676142,-0.0434436375822056,3.76575317019748,0.00847965194186176,0.0449238664157175
"gene-ATG2A|ATG2A","ATG2A",6.03318348233919,0.191037532128772,0.276225833991507,0.55540635014633,0.862480065141255,3.76385694555741,0.00850245614160181,0.0450292637889418
"gene-TERF2|TERF2","TERF2",5.88246184931313,0.0515570457964687,-0.0497673558131559,-0.0537202177749849,0.449038202651893,3.7635143346093,0.00850658306060625,0.0450357074453923
"gene-LIN7C|LIN7C","LIN7C",5.91328253590852,0.138767642097525,-0.044293431768768,-0.215755581542657,-0.173896464135655,3.76253516650199,0.00851838885327578,0.045082786424228
"gene-FRG1|FRG1","FRG1",4.67783676138015,-0.0668007832779596,0.0406555325328801,0.191797829478531,0.397808760842688,3.76110476183801,0.00853566512505102,0.0451587753197144
"gene-LOC105759048|LOC105759048","LOC105759048",3.58572556239706,0.83866104096031,0.184379894759266,0.0294097973588698,0.577883984774872,3.76035457629192,0.00854474001482453,0.0451913368863327
"gene-ATP1B2|ATP1B2","ATP1B2",0.747208553281755,0.414409341353073,0.814957912438748,0.737901704490341,-1.08499507910493,3.75963648576036,0.00855343584054447,0.0452218720985397
"gene-ARHGEF5|ARHGEF5","ARHGEF5",-2.96676634071173,-1.99262430044696,0.97007700400852,-0.840211599219833,-0.957151290400694,3.75909092668349,0.00856004838198931,0.0452413759259852
"gene-LOC100219809|LOC100219809","LOC100219809",0.653826602638226,-0.937020192122448,-0.057236911414132,-0.0460444379259917,-0.497654857081338,3.75608857290654,0.0085965319977293,0.0454186864680303
"gene-LOC100224972|LOC100224972","LOC100224972",4.26674391468854,-0.341471954998804,0.427792036494901,0.0246687061078772,-0.353769440052541,3.75483013077533,0.00861187113421572,0.045429780431328
"gene-MAPKBP1|MAPKBP1","MAPKBP1",1.91401019332056,-0.545078598452585,-0.261818380154045,0.157896608255091,-0.194512792967022,3.75449204704211,0.00861599677080732,0.045429780431328
"gene-SUCNR1|SUCNR1","SUCNR1",-4.04841644567857,1.07618211402445,1.77525926182023,0.905855568927824,-0.83679723194908,3.75449109943181,0.00861600833732035,0.045429780431328
"gene-PES1|PES1","PES1",5.79456621298646,0.128036791546955,-0.109267831561267,-0.263099866375959,0.409554622101946,3.7544716355132,0.00861624591702407,0.045429780431328
"gene-LOC100218088|LOC100218088","LOC100218088",-4.90743481283628,1.81206596779929,0.717655412546315,-1.05949229518009,-0.219982104670644,3.75474413866571,0.00861292030572338,0.045429780431328
"gene-RAB13|RAB13","RAB13",2.23122570815953,0.181478936439982,0.0516632833197175,0.052969724913984,0.783415670375144,3.75512833857536,0.00860823377006876,0.045429780431328
"gene-AP4E1|AP4E1","AP4E1",3.39281081084167,-0.426765134000371,0.115681812751546,-0.18663120315047,0.224173089508404,3.7534993439196,0.0086281223400538,0.045438532412786
"gene-EXOSC2|EXOSC2","EXOSC2",4.17856377289938,0.185703694938463,-0.26399290371436,-0.192130855536893,0.276528759041088,3.7533743083669,0.00862965084078696,0.045438532412786
"gene-DHRS7C|DHRS7C","DHRS7C",-1.90772921922373,1.7181860423101,0.380622960957847,0.66894796980513,-0.19636872349668,3.75388690015154,0.00862338639539435,0.045438532412786
"gene-DHX29|DHX29","DHX29",3.78289696633918,-0.229660810522951,-0.0390174381196533,-0.0798517048994722,0.188691644797797,3.75359615531363,0.00862693905534085,0.045438532412786
"gene-KIF3B|KIF3B","KIF3B",3.05591023262784,0.325891180954764,0.130624944137177,-0.0576531816622414,-0.0964556758092168,3.75286144546839,0.00863592322774096,0.045456092499759
"gene-ARID1B|ARID1B","ARID1B",3.53209485936055,-0.0846900932307868,0.0468508221813972,0.436243643012945,0.218414217617366,3.75091760516775,0.00865973875990202,0.0455529826074952
"gene-PKD2L1|PKD2L1","PKD2L1",-1.79995318563661,2.65529584898181,1.70482670845683,3.22261596109109,2.0405313885433,3.75087853829032,0.00866021808279489,0.0455529826074952
"gene-LCP1|LCP1","LCP1",4.01104156899576,-0.790709568233948,0.406497801583203,-0.0457462835990707,-0.56395508451862,3.75011412555059,0.00866960231186646,0.0455713640543932
"gene-GMPPB|GMPPB","GMPPB",4.18901986350561,0.410079904559766,0.0997018031986108,0.0355682984819632,0.871016371797666,3.7502189463488,0.00866831487976787,0.0455713640543932
"gene-HMGN2|HMGN2","HMGN2",3.34995150590521,0.0804106016088157,-0.736945350332893,-0.413672213716633,0.196012636066823,3.74910145302607,0.00868205018918475,0.0456212993812
"gene-KBTBD11|KBTBD11","KBTBD11",1.55987476704091,-0.0218644195743232,1.00607193926098,0.064460874043321,-0.0246163599382057,3.74844380550547,0.00869014378731852,0.0456483282785995
"gene-LOC121470626|LOC121470626","LOC121470626",0.0537210284921661,0.712578263126746,0.255986539324302,-1.0795000159558,-0.193117826670086,3.74796572938782,0.00869603223147754,0.0456637593424211
"gene-SKP1|SKP1","SKP1",10.6527116590124,-0.10787958122042,-0.331322063961609,-0.442818699558899,-0.461412857771805,3.7474667809177,0.00870218208348519,0.045665061967424
"gene-CFAP251|CFAP251","CFAP251",2.36446799170843,0.204734543021855,-0.657640643250548,-1.09209948597159,-0.0483770253652005,3.74764849658537,0.00869994181269903,0.045665061967424
"gene-EHBP1L1|EHBP1L1","EHBP1L1",-1.45261406142188,2.07840332475875,2.50467665923362,1.88027177822818,2.87140095308928,3.74680778253034,0.00871031142467685,0.0456922268802963
"gene-MFSD6|MFSD6","MFSD6",7.16327803741466,-0.392523149900577,-0.252555061388625,-0.0218133699401237,-0.123121362013694,3.74600202724487,0.00872026163174568,0.0457134311488023
"gene-LOC100229443|LOC100229443","LOC100229443",0.884148818729738,1.09992032254226,0.31807965523566,0.879285273115234,0.389166356682978,3.74602610218834,0.00871996416487995,0.0457134311488023
"gene-LOC115493545|LOC115493545","LOC115493545",-0.824890955778755,0.831129655575666,-0.394345553238988,-0.0924485074732531,0.481304257537694,3.74455468711889,0.00873816373432102,0.0457143623355706
"gene-GCN1|GCN1","GCN1",7.37038591230001,0.235960538385235,-0.161514345521072,-0.253627222880596,0.0420592265207924,3.74476365269067,0.00873557674115298,0.0457143623355706
"gene-LOC100220938|LOC100220938","LOC100220938",1.01783054984239,0.998941437662704,0.284117151280946,0.0962995476139173,-0.0989073302008477,3.74489191047235,0.00873398929562698,0.0457143623355706
"gene-UBE2J2|UBE2J2","UBE2J2",6.76614762949912,-0.180334665332501,-0.185364773140027,0.0203262361266772,0.0453098792640283,3.74463022115471,0.00873722853335108,0.0457143623355706
"gene-TNFRSF4|TNFRSF4","TNFRSF4",3.06544678588314,0.392567184455996,-0.283484282554348,-0.228110430508837,0.332196680061229,3.74492710326678,0.00873355376594742,0.0457143623355706
"gene-LOC140682038|LOC140682038","LOC140682038",0.13969124710757,-0.142821512493445,-0.724143791737169,-0.76159334481219,0.548935649356628,3.74522768723564,0.00872983477741298,0.0457143623355706
"gene-LOC140682266|LOC140682266","LOC140682266",2.0297643035767,-0.488296107172149,-0.154066420082142,-0.197056107320115,0.182395303242198,3.74431071044511,0.00874118514989445,0.0457147144963219
"gene-SLC15A2|SLC15A2","SLC15A2",2.04391677971222,1.25421537233277,1.53957089755139,1.18183645708545,0.095714236917281,3.75019173843685,0.00875612943030612,0.0457773996398605
"gene-LOC100224227|LOC100224227","LOC100224227",1.16187643023,-0.616759377939177,-0.217826982617281,0.271923751613467,-0.00386285052418911,3.74138714295908,0.00877747339461741,0.0458734889502548
"gene-ADCK1|ADCK1","ADCK1",1.26523381281665,0.414209955238081,-0.0407647337261393,0.688657979946631,1.23196495952826,3.73862118983431,0.0088119461939538,0.0459915235586627
"gene-STMN1|STMN1","STMN1",2.65260790763795,0.293319698519793,0.29391662806093,-0.354641653278577,-0.77107115629223,3.73893828783058,0.00880798714704563,0.0459915235586627
"gene-LOC115498361|LOC115498361","LOC115498361",-1.43229500699009,0.427464585093778,-0.377681841026907,-1.50019695201061,0.386559990147733,3.73884359466488,0.00880916922533418,0.0459915235586627
"gene-LOC121471180|LOC121471180","LOC121471180",-3.26285516247519,-2.28168247554549,0.189244779833631,-0.565588852725011,-0.74124645795998,3.73884020996515,0.00880921148036455,0.0459915235586627
"gene-PLA2G10|PLA2G10","PLA2G10",0.531957082938348,0.643005239626408,0.0932856969091888,-0.00370174019492364,0.0918978082433857,3.73820153686642,0.00881718844504599,0.0460033685728546
"gene-NRP1|NRP1","NRP1",4.90760019467953,-0.543901487640252,-0.414957128559108,-0.423282297423568,-0.812473134355954,3.73784394712584,0.00882165791063498,0.0460111749804773
"gene-RABIF|RABIF","RABIF",4.31713705337947,-0.169718374425678,0.116167881195687,0.167514299542524,0.0893991127567189,3.73632267453356,0.00884069783254309,0.0460864191343577
"gene-ITGA3|ITGA3","ITGA3",1.26563717648303,-0.557643121899058,-0.0428797593221635,0.35203700283843,-0.0836374293055073,3.73621551367337,0.00884204060807161,0.0460864191343577
"gene-LOC140684278|LOC140684278","LOC140684278",1.27555098411533,0.357859622595379,0.00286055599686086,-0.207120594643447,-0.397319552650381,3.73433984998562,0.00886557713313647,0.0461935374192885
"gene-ANAPC16|ANAPC16","ANAPC16",3.70150857160276,0.0880161190178517,-0.17211581711426,0.0844514081634435,0.405408759557617,3.73288403733297,0.00888388908150658,0.0462695401267974
"gene-CLCNKA|CLCNKA","CLCNKA",-4.24695500456986,1.78792204480273,1.68823311469151,1.67749994028709,-0.267237019068466,3.73270500699726,0.00888614366764729,0.0462695401267974
"gene-SCUBE3|SCUBE3","SCUBE3",1.43785471885149,1.19263812873576,0.799246707021931,-0.0164138432465905,0.27769293511121,3.73071052705945,0.00891130013768271,0.0463849208310259
"gene-EEF1B2|EEF1B2","EEF1B2",8.62672449993138,0.393861469403779,-0.0468812002303363,-0.050122644034964,0.0354532510315355,3.72996037910244,0.00892078050378742,0.0464186544371588
"gene-ZNF648|ZNF648","ZNF648",-5.43619139508278,-0.862949892774466,1.55257129831108,-0.862099443097502,-1.79972339790714,3.72936153093553,0.00892835609878026,0.0464424573541595
"gene-GLYCTK|GLYCTK","GLYCTK",1.04129514479331,0.0601585790815218,0.608725028722511,0.524507986303368,0.597720222274017,3.72858203308817,0.00893822675415344,0.046478178434316
"gene-EEF1A1|EEF1A1","EEF1A1",12.0406574284977,0.407480107544005,0.0514322194090333,-0.0621928502316536,-0.175461869890714,3.72673537191448,0.00896165499367316,0.0465823985702931
"gene-TOMM40L|TOMM40L","TOMM40L",5.62768573419962,0.194083048227554,-0.135598107703725,0.248844829976246,0.527755884492136,3.72652800675382,0.00896428968932684,0.0465823985702931
"gene-CYRIB|CYRIB","CYRIB",3.08238929283521,-0.526793904991066,-0.1313106426164,-0.0360401066724259,-0.21329835798353,3.72421742224444,0.00899370030848753,0.0467076741517396
"gene-SAP30|SAP30","SAP30",4.20920629929817,0.128036901210312,-0.137667211406492,0.174666265242088,0.347758732572117,3.72415986516945,0.00899443418237053,0.0467076741517396
"gene-UBE2D2|UBE2D2","UBE2D2",7.72997228773993,0.328211470781746,-0.132256501057389,-0.0955164310345324,0.0452139805126484,3.72383225181724,0.00899861253196049,0.046713696387819
"gene-LOC116808502|LOC116808502","LOC116808502",-4.46379400144253,0.712981454374589,2.73046887311784,1.95506176931747,-0.537787350697012,3.72288744056699,0.00901067361222118,0.0467525832026762
"gene-TRIM8|TRIM8","TRIM8",2.10367377080709,-0.416589705418939,0.091441009286449,0.306305181999163,-0.139945966858379,3.72253578235376,0.00901516693226402,0.0467525832026762
"gene-HNRNPA0|HNRNPA0","HNRNPA0",2.09698783718168,-0.18587030696412,0.0678762474625976,0.0362219042574861,0.271074144703863,3.72263589421895,0.00901388751912399,0.0467525832026762
"gene-BASP1|BASP1","BASP1",1.71896446792406,-0.200193049723892,1.13762365937173,0.108853763639175,-0.347648804604694,3.72199000506645,0.00902214512120267,0.0467549305421679
"gene-FAM53B|FAM53B","FAM53B",2.71224522564193,-0.580576444479114,-0.00393167626268331,0.282157258345391,-0.570432317916856,3.72179157819592,0.0090246835237128,0.0467549305421679
"gene-MAP2K7|MAP2K7","MAP2K7",6.35346643895796,0.31472275527289,0.0645858084531579,-0.145781843655221,0.534123933352887,3.72190240137007,0.00902326571386828,0.0467549305421679
"gene-RAB30|RAB30","RAB30",0.889783936772146,0.682353250349177,0.39219252177439,0.0104130913073371,0.183296908451153,3.71940483862019,0.00905527312198897,0.0468977080196718
"gene-RCN2|RCN2","RCN2",0.829574949540829,-0.9688665967518,-0.127255793799159,-0.32874140621155,-0.302542979015688,3.71906739815964,0.00905960641138443,0.0469044527320756
"gene-ELOVL6|ELOVL6","ELOVL6",-1.87429627683381,-2.2549837600916,-0.218088666731689,-1.08896824372703,-1.41760055655248,3.71861080979108,0.00906547310933085,0.0469115692989825
"gene-NOS1|NOS1","NOS1",-3.58073222934207,1.36084117482534,1.85056755509448,2.16506503707407,-0.415875543882005,3.71848861348905,0.00906704386256909,0.0469115692989825
"gene-CIPC|CIPC","CIPC",4.40786382070889,-0.0158619082234059,-0.482770296139353,-0.0891016983425139,-0.240716450618326,3.71803570905998,0.00907286806346576,0.0469118115780686
"gene-AP3D1|AP3D1","AP3D1",7.22480116179934,0.11891659620646,-0.269920197901783,-0.306313507214222,-0.118518482195759,3.71801351215244,0.00907315360601999,0.0469118115780686
"gene-FARSA|FARSA","FARSA",4.54835412142063,0.256233717157695,0.064862632912412,0.20377210368617,0.620766855252222,3.71427848742894,0.00912133146815856,0.0471451584735316
"gene-IFNGR2|IFNGR2","IFNGR2",5.74636193317451,-0.10165040695199,-0.194751939936344,0.240750305249032,0.178417894017429,3.7137417598248,0.00912827600956066,0.0471652992480638
"gene-AAMP|AAMP","AAMP",5.53927226747811,-0.0466642552156964,-0.361977420533709,-0.369566108245224,-0.0276382906302617,3.71328279434206,0.00913421867250554,0.0471802516545472
"gene-POLD4|POLD4","POLD4",6.4065950500929,0.398079263758805,-0.29948661917856,-0.0123027366633224,0.114161143450848,3.71225384216831,0.00914755578136256,0.0472333752808094
"gene-BAG6|BAG6","BAG6",7.66734253153642,0.0788637316267335,0.24103673419578,0.473844157022894,0.601716548130385,3.71193504900827,0.00915169193846591,0.0472389702294063
"gene-LOC121470910|LOC121470910","LOC121470910",-0.728091319396442,-1.07576907390986,0.24599401272104,-0.375604856691651,-0.965480888568552,3.71012114560468,0.00917526247134625,0.0473448438626486
"gene-GPR152|GPR152","GPR152",-0.182563880417712,2.0205825711397,1.56328684190195,0.681534220865385,0.955461650568051,3.70898833956263,0.00919001384460745,0.0473893582956682
"gene-MEGF9|MEGF9","MEGF9",-0.634220109542108,-0.894153890231714,0.175877582980782,0.361784527910217,0.0117607183498881,3.70900765385168,0.00918976213263267,0.0473893582956682
"gene-C8G|C8G","C8G",0.395272657335376,0.0605299376724763,1.07374134218046,0.443732929333385,0.0245988184874526,3.70700126923356,0.00921594764399063,0.0475072584246352
"gene-FAM174A|FAM174A","FAM174A",0.711587822495216,-0.0230868343758009,0.0559318306719188,0.287224895859961,0.545042304181628,3.70621253902841,0.0092262621766484,0.0475445911367413
"gene-SREBF1|SREBF1","SREBF1",0.498286041608271,-0.0374134427835979,1.24663490869718,1.37728904690905,0.0629090889822003,3.70505514997369,0.00924141903726375,0.0476001940135627
"gene-RPS6KA1|RPS6KA1","RPS6KA1",3.38327618672985,-0.451157032397714,0.282664126446446,-0.228492122432751,-0.286439056990174,3.70491897035014,0.00924320407177744,0.0476001940135627
"gene-PDHA1|PDHA1","PDHA1",4.4209964932617,-0.265750954598377,0.0561052952204397,-0.122930076525528,0.098557972075084,3.70410359001479,0.0092538993580645,0.047623466581097
"gene-POLR3B|POLR3B","POLR3B",3.62072603081421,-0.110661236791808,-0.221594940540422,-0.256503663387095,0.261354759487151,3.70420361032717,0.00925258672257065,0.047623466581097
"gene-FSCN2|FSCN2","FSCN2",-0.634446866216417,2.33590578542355,1.90794888864173,2.11239597175867,1.5916582845132,3.70387076819191,0.00925695557195088,0.047623466581097
"gene-OTOGL|OTOGL","OTOGL",-2.90843775928161,1.94982793952314,1.82377997060023,0.841585102590895,-0.530798924409919,3.70159084214505,0.00928693801856791,0.047752948365544
"gene-C4H2orf81|C4H2orf81","C4H2orf81",0.398635488840481,0.909494456502567,0.364397748877104,-0.293433353767659,0.37673771213143,3.70138286142431,0.00928967799917278,0.047752948365544
"gene-SCNM1|SCNM1","SCNM1",3.96353658384018,0.0357339142139144,0.178490261839569,0.540084061485518,0.344893930592606,3.70125359285772,0.00929138142349938,0.047752948365544
"gene-NAA16|NAA16","NAA16",5.22784916776449,0.0495674854515169,-0.321658183588585,-0.279593561117863,-0.112072995481023,3.7003086445417,0.00930384303059914,0.0477607636328463
"gene-LCT|LCT","LCT",1.39031139950708,0.852185101505267,0.0806902616273981,0.315277698239901,0.43508077105544,3.70048831775266,0.00930147226453214,0.0477607636328463
"gene-COPRS|COPRS","COPRS",-2.78601487403458,1.02624500489915,1.09855847422431,0.303769088245997,-0.464383262949989,3.70020223923977,0.00930524732491318,0.0477607636328463
"gene-PCMTD2|PCMTD2","PCMTD2",5.91473131044171,-0.0759551960167899,-0.244098373735409,-0.422804335158109,-0.415396999173493,3.70036575347176,0.00930308941871453,0.0477607636328463
"gene-CCDC25|CCDC25","CCDC25",6.03942967558356,0.149135723580782,0.060339114780195,0.233395664988885,0.506463733805265,3.6999582546532,0.00930846814805396,0.0477614537769015
"gene-WFS1|WFS1","WFS1",3.39358481260329,-0.326881716773929,-0.704961254118672,0.33616602305655,-0.0551173209621223,3.69745392673369,0.0093415931343113,0.0478996533311688
"gene-PQBP1|PQBP1","PQBP1",4.25938710873865,0.449706385931087,0.522267883811835,-0.147804469385557,-0.123757305293945,3.69753443504095,0.00934052638282587,0.0478996533311688
"gene-EXOSC9|EXOSC9","EXOSC9",2.20053250022019,-0.77600745182666,-0.260176457247396,-0.66666646330559,-0.0558120168065317,3.69669271366762,0.00935168548075597,0.0479355193158989
"gene-RHOG|RHOG","RHOG",1.74710213058523,0.142955111349545,1.01570656480017,0.637571864491005,0.196719127360396,3.69391532488142,0.00938860278113917,0.0481088172311685
"gene-LOC100218379|LOC100218379","LOC100218379",5.75864670549503,-0.20789951006506,-0.370244988069782,0.232208466289749,0.0739971811722802,3.69340635033523,0.00939538414766559,0.04811170406523
"gene-EPO|EPO","EPO",-5.68867008618551,-0.700778042979137,-1.03502121701584,1.45076058041291,-1.99398728996677,3.69342463430708,0.00939514045345645,0.04811170406523
"gene-PSMD1|PSMD1","PSMD1",6.13796869322044,-0.256381809973151,0.0523938848512167,0.00303572820976772,-0.0102055438885342,3.69262228648199,0.00940584042634163,0.0481493154474484
"gene-EMC6|EMC6","EMC6",3.73653606331105,0.0243886353861456,0.374048675623136,0.338470637733169,0.299769574244872,3.69050874327678,0.00943408555584754,0.048277934516118
"gene-CPSF6|CPSF6","CPSF6",6.50535423667116,-0.307859793458936,-0.0704750944464063,-0.0186656886472178,0.112310285878747,3.68986047429923,0.00944276619358971,0.0483063824283639
"gene-PAPOLA|PAPOLA","PAPOLA",7.4233064792957,-0.10355862285644,-0.336245456841847,-0.493422203674076,-0.221500903503891,3.68950541182239,0.00944752409110799,0.048314750598115
"gene-DYNLL2|DYNLL2","DYNLL2",2.69562029139999,0.132364786054846,0.0932212338441034,-0.0702706651757379,-0.45711229744366,3.68766404642062,0.00947223778333174,0.0484251336957578
"gene-LOC115497779|LOC115497779","LOC115497779",-0.859741930358794,0.698145605325656,-0.0583226748525132,-0.0338552533587224,0.275751907335833,3.6873439450995,0.00947654068373442,0.0484311317968263
"gene-HIP1R|HIP1R","HIP1R",-0.166278683600584,-0.896717278745324,0.17148269719429,-0.0402229324980015,0.0466214767643021,3.68694615587082,0.00948189065525038,0.0484424753681082
"gene-PODXL|PODXL","PODXL",7.24375534712366,0.351252919178168,-0.0436029920540708,-0.322887769200888,-0.438928719263568,3.69202484257924,0.0094919212905875,0.0484550137140076
"gene-RCOR3|RCOR3","RCOR3",1.54888639371262,-0.492128602060624,0.103334633943831,0.108444201976123,-0.298357291245868,3.68618352189663,0.00949215609841932,0.0484550137140076
"gene-ENTR1|ENTR1","ENTR1",5.73004288333359,0.215140462348968,-0.313966802272423,-0.0525354763291723,0.286973845396918,3.68592264523339,0.00949567022189383,0.0484550137140076
"gene-LOC140680560|LOC140680560","LOC140680560",-5.04279221220505,-0.33091280633957,2.13445490771555,-0.0682978205952187,0.896722049560077,3.68583363212575,0.00949686956992472,0.0484550137140076
"gene-HMGXB4|HMGXB4","HMGXB4",2.86793078306739,0.0588589860444895,0.343351673884507,0.448156184082199,0.509426132059684,3.68504095041781,0.00950755682076575,0.0484775755523394
"gene-EVL|EVL","EVL",2.69701966645607,-0.928276852936679,-0.0441156556873636,-0.254786411883679,-0.483909714864583,3.68515836042412,0.00950597308200364,0.0484775755523394
"gene-DRC7|DRC7","DRC7",-2.48309681987933,0.322067272025629,0.582141117849709,-0.0802535204623291,-1.59283746524619,3.68348949254656,0.00952850955494631,0.0485330003449661
"gene-ORAI2|ORAI2","ORAI2",2.70885115251559,-0.0592035698004363,0.11756759250199,-0.234841102149762,-0.322758895871788,3.68362410827284,0.00952668968748472,0.0485330003449661
"gene-LOC115498310|LOC115498310","LOC115498310",1.15818263366169,0.640835818465808,0.349161762137256,-0.372499841876083,0.100415229590582,3.68358688632755,0.00952719285495033,0.0485330003449661
"gene-LOC140682084|LOC140682084","LOC140682084",2.75215524396995,0.529472226240894,0.0990362780270124,0.0901950068293216,-0.0182251887222797,3.683307404319,0.00953097176402921,0.0485330003449661
"gene-HYLS1|HYLS1","HYLS1",2.69356221187927,-0.285173808120311,0.00426888618991494,0.161483957762287,0.309854173880721,3.68188758794966,0.00955019278988529,0.0486148794156167
"gene-QSER1|QSER1","QSER1",1.1239900077682,-0.880789417121078,-0.422799480059525,-0.749738499319524,-0.84052100709093,3.68153298112775,0.00955499948565552,0.0486233531866225
"gene-KPTN|KPTN","KPTN",5.42640070515293,0.497473140727607,0.184687327761105,0.507931958162056,0.710851517008792,3.68083428905946,0.00956447744775058,0.048655584649553
"gene-DIS3L|DIS3L","DIS3L",0.0334582511642781,-0.626934616098665,0.234572295611861,0.263017266292681,-0.370725050805058,3.68035419282505,0.00957099562709939,0.0486567533933519
"gene-LIMD2|LIMD2","LIMD2",3.76608180741938,-0.38811086962373,0.0890280847344607,0.19258069633771,-0.246789067472667,3.68054477859712,0.00956840753892907,0.0486567533933519
"gene-LOC115494503|LOC115494503","LOC115494503",0.216166224750013,0.464474146183062,0.118170676468751,0.38640506304206,-0.28703896301503,3.67976880799424,0.00957894939444325,0.0486811960193791
"gene-FABP3|FABP3","FABP3",2.18719143541893,-0.0106863766612788,1.3216414867248,0.60903919149544,0.0243576526902198,3.67922205940559,0.00958638426403723,0.048687002456835
"gene-LNPEP|LNPEP","LNPEP",2.34055650527862,-0.701002348397767,-0.216827859779339,-0.188007475747187,-0.751856491841716,3.67942033903542,0.00958368731451523,0.048687002456835
"gene-LOC140681383|LOC140681383","LOC140681383",1.81759386691969,0.866236153821636,0.881120592518743,0.635924426279602,0.18024419371354,3.67881020872443,0.00959198861643578,0.0486994828869238
"gene-NOB1|NOB1","NOB1",5.76808696139357,0.292450040353453,0.00623168048425438,0.261217798389322,0.602976776849532,3.67768500935109,0.00960731699265787,0.0487613087771009
"gene-KNG1|KNG1","KNG1",-3.72482783947725,2.59940901527693,2.72589296663083,0.729281036068795,1.61982675940353,3.6752763891065,0.00964021283494807,0.0489122274166627
"gene-TBCCD1|TBCCD1","TBCCD1",4.19143194557573,-0.117301091324229,-0.0867176498196711,-0.215151931329912,0.16115305516897,3.67458406375136,0.00964968944721217,0.0489442622732246
"gene-UBR1|UBR1","UBR1",5.87784422513562,-0.393205029928026,-0.177331082554347,-0.0932354836886589,-0.0437363409293985,3.67391757975644,0.00965882127734607,0.0489584864942452
"gene-LOC140682068|LOC140682068","LOC140682068",0.340138791743746,0.463166221191519,-0.80099387008901,-0.495275716049252,-0.442761442995683,3.67393791253405,0.00965854255807242,0.0489584864942452
"gene-IKZF3|IKZF3","IKZF3",1.9879085246456,-0.709265023705981,-0.21341413278925,-0.783517042693285,-0.186882574757859,3.67222601026923,0.00968203773588037,0.049060096254993
"gene-SH3GL3|SH3GL3","SH3GL3",5.17491929206095,0.100460277866534,-0.225889023979557,-0.205038588330583,-0.41206160204933,3.67188024168757,0.00968679031259517,0.0490681113215745
"gene-LOC140685126|LOC140685126","LOC140685126",2.35955908964891,-0.291871176276539,-0.876183720412094,-1.13447091888154,-1.52631411415477,3.6805498573847,0.00970406709296597,0.0491074029639138
"gene-RAB9B|RAB9B","RAB9B",2.483640147967,0.230271026965026,0.446558393436177,-0.22329661552482,-0.517918024514919,3.67077600382182,0.00970198389082973,0.0491074029639138
"gene-FBXO31|FBXO31","FBXO31",3.73579326484074,0.268176378100248,0.0852299110097756,-0.178956549571147,-0.0992746216440392,3.67066759912885,0.00970347677107196,0.0491074029639138
"gene-FLNA|FLNA","FLNA",7.77543803763198,-0.103279073653701,0.359339882264042,0.72437048694799,-0.189933999778798,3.67034113706459,0.00970797400736313,0.0491111140124042
"gene-ORC3|ORC3","ORC3",4.7876077717718,0.210704867627804,-0.177866824287308,-0.481266809630084,-0.411995424735593,3.66957711863755,0.00971850715349103,0.0491322764456954
"gene-PTPN7|PTPN7","PTPN7",2.0309634840818,-0.706131899320348,-0.00252008809748494,0.157336531163747,-0.194892946541908,3.66969430907209,0.00971689075346222,0.0491322764456954
"gene-OTULIN|OTULIN","OTULIN",8.18501967687872,-0.265206582259037,-0.462657159179201,-0.218117687196097,-0.0299450497863791,3.66815282138703,0.00973817423069495,0.0492095763806206
"gene-INO80|INO80","INO80",6.3696401799999,0.156909714136266,-0.21784740654033,-0.1860916140625,0.130641346054756,3.6678315511212,0.00974261599946502,0.0492095763806206
"gene-PKIG|PKIG","PKIG",-0.932076292544126,-1.12814585876292,0.144378298760334,-0.0552755953792279,-0.517303518265673,3.6677794065129,0.00974333712634711,0.0492095763806206
"gene-SESN3|SESN3","SESN3",2.00647813553029,-0.448088050101329,0.306765728725517,0.221616994197559,-0.180610215873745,3.66568979104859,0.00977227983137263,0.0492914049512684
"gene-IDH3A|IDH3A","IDH3A",2.5966815308235,-0.227398758898106,0.269489235439158,0.41750759655396,0.395499306134213,3.66570217884542,0.00977210799433846,0.0492914049512684
"gene-MRPL58|MRPL58","MRPL58",1.08061408816489,0.0473225144041437,-0.167953384452653,0.653121856953255,0.432538367363045,3.66608162577113,0.00976684599118185,0.0492914049512684
"gene-ZBTB46|ZBTB46","ZBTB46",2.03775534077364,-1.06647973127302,-0.19780410664088,-0.491834515050203,-0.63480706051541,3.66580110287286,0.00977073588207379,0.0492914049512684
"gene-ZNF831|ZNF831","ZNF831",2.90872954805192,-0.546078667072738,0.17851745368175,-0.0546930611072933,-0.597639757558072,3.66501010276814,0.00978171281533779,0.0493229083797173
"gene-WEE1|WEE1","WEE1",2.40795807883248,0.473019847542874,-0.195826588825018,-0.32036946980501,0.322788402067385,3.66388892743694,0.00979729314017216,0.0493853782880014
"gene-VGLL1|VGLL1","VGLL1",0.262805519463304,0.0380338788439267,-0.27371752431316,-0.175137045852152,0.537757765794408,3.66314585826064,0.00980763302418831,0.049421400537061
"gene-IRF8|IRF8","IRF8",3.18098461670726,0.31733330658576,0.612727512770574,0.457115511591354,-0.599933878533533,3.66289279654326,0.00981115693271118,0.0494230643013364
"gene-PURA|PURA","PURA",4.33113481027716,0.64204663992475,0.362797761287851,0.394780765089962,0.43469577843143,3.66040661044964,0.0098458457417305,0.0495816670528082
"gene-UQCRB|UQCRB","UQCRB",5.71789592636358,-0.278146406203237,-0.247989244897508,-0.240128694244562,0.0897105138011565,3.65976100697085,0.00985487395120682,0.0496109871161111
"gene-LOC101233484|LOC101233484","LOC101233484",9.16437961049832,0.110001570366924,0.0412838738185535,-0.2837881202683,-0.342003096906387,3.65868912369641,0.0098698818833043,0.0496703811850842
"gene-LYPLA1|LYPLA1","LYPLA1",1.88085643882693,0.125704385280114,0.260714334408516,0.0136489357555569,-0.32786022763223,3.65828356868911,0.00987556629508764,0.0496828310846818
"gene-TTC8|TTC8","TTC8",-1.132087360293,-1.24183681627784,0.398965989272435,-0.424743324493552,-0.713085027517491,3.65680929511232,0.00989625828766486,0.0497707497567806
"gene-TRDMT1|TRDMT1","TRDMT1",3.56919079450048,0.283828617717294,0.321595851611,0.344409807733173,-0.0809882711138394,3.65607894186231,0.00990652537367868,0.0498061988816367
"gene-ATP1B1|ATP1B1","ATP1B1",1.18898319219389,-1.20440624866482,-0.28588104804811,-0.489101318153927,-0.579626511120354,3.65526132352701,0.00991803203665962,0.0498478550722013
"gene-LOC100227638|LOC100227638","LOC100227638",1.82164543728304,-0.631126805726945,0.311638674902142,0.121243981175489,-0.251332001626778,3.65499304149887,0.00992181063065913,0.0498506556848864
"gene-EEIG1|EEIG1","EEIG1",2.09296130297094,-0.459168651850707,-0.137293292061412,-0.0236748143866108,-0.0700108714616277,3.65387618695649,0.00993755658103672,0.0499135631585664
