"","Control","Heat","Heat_2-HR_Repair","Heat_24-HR_Repair","Heat_2-WK_Repair"
"gene-LOC140684310|LOC140684310",-1.15939386725011,-0.420916044627729,-0.680250633198935,-1.16470523940576,-1.64675316892638
"gene-LOC140684313|LOC140684313",0.025055112315273,0.70952878150966,0.326422630104102,-0.00871055935617913,-0.904529441625773
"gene-LOC100221041|LOC100221041",-0.0792665503891516,-0.443105991023464,0.0487390922968823,0.550551308662236,0.392728227398221
"gene-CMSS1|CMSS1",0.0754331682107048,-0.466740895409942,-0.0252534968755929,0.135806456021971,0.633434493802471
"gene-DCBLD2|DCBLD2",-0.222357839133369,-0.990749765148567,0.168283687429043,-0.00828663535674665,0.197413479130256
"gene-TBC1D23|TBC1D23",4.49366934186665,4.12027383194336,4.2188616261201,4.25891378954698,4.51931411270487
"gene-TXNL4B|TXNL4B",2.58765464625109,2.84036709734991,1.98649415882894,2.05279746296904,2.05462908318445
"gene-PCNP|PCNP",6.58246488759343,6.65995933589989,6.32887738526636,6.06058770968192,6.3652550644687
"gene-SH2D1B|SH2D1B",-1.41610444595647,-2.49022763709679,-2.10023795021347,-1.74470511283517,-1.58334933898336
"gene-CD96|CD96",-0.462567200805877,-2.48917040985891,-1.33081494994573,-1.02919471041516,-1.45182086438851
"gene-CD47|CD47",8.42493549906966,8.62710954029093,8.10826544509715,8.12143185687468,7.93732884890989
"gene-IFT57|IFT57",1.19328838045433,1.89434530805489,1.98241543061683,1.24976491943325,0.665895884299924
"gene-LAMTOR1|LAMTOR1",5.59619427921861,5.59943669772577,5.69612507651766,6.04955203865972,5.96050120882535
"gene-EMSY|EMSY",6.61056961214746,7.00896330245726,6.59529381623425,6.38533262918565,6.70385079977272
"gene-THAP12|THAP12",5.36683805120011,5.26105271114563,5.10305728170301,4.99572778148196,5.62879907017521
"gene-GBE1|GBE1",-0.547726287491673,-1.51582511012822,-0.708331953690708,-0.115481250938431,-0.886431553254607
"gene-CHMP2B|CHMP2B",4.73196492260595,4.27576489508834,4.44679796992475,4.56679345077833,4.86168106158485
"gene-BCL9|BCL9",-0.435804535091988,0.401541710999751,-0.250344493183278,-0.358048450267164,-0.747284607741466
"gene-CD2|CD2",0.799304974360077,-0.490511360997583,0.37902477844534,1.05031170738931,0.454107255223581
"gene-DCAF6|DCAF6",6.07073475359964,5.25047203924216,5.38986061331147,6.00957433647816,6.0730293730456
"gene-MPC2|MPC2",3.96466631472863,3.75402985208132,4.0446871600995,4.05239855953845,4.20668986794115
"gene-LOC115493573|LOC115493573",1.21784516666428,2.04986099161699,1.42610454110101,1.07823821846059,1.53924517379966
"gene-RAB6A|RAB6A",4.19869138954018,3.80074041697895,3.95568166378574,4.2581739860741,4.26003551555875
"gene-DNAJB13|DNAJB13",-0.368578975351997,-0.0975046274767394,-0.760394114345086,-0.624483379643083,0.625388731653647
"gene-SOD1|SOD1",9.14202063221288,9.41224842230758,9.1968114138663,8.75092387224133,8.7969278316374
"gene-PGM2L1|PGM2L1",7.27576247257321,7.15754213407125,7.11349949933596,7.32670572926629,7.75283361490408
"gene-ATG3|ATG3",2.5980115555369,2.53582946513265,2.74693240889232,2.92360928784477,2.99913248053572
"gene-GTPBP8|GTPBP8",3.46032338609183,3.62878728267804,3.68025990585398,3.65142472403051,4.17487916571806
"gene-TAF13|TAF13",3.2517912312469,2.6377097015803,2.88479342558986,3.06525997051238,3.47364756714
"gene-RMP64|RMP64",0.484462710615331,-0.152979557088419,0.0194932886656445,0.546123546501728,0.635882481711034
"gene-CCDC191|CCDC191",-1.82939564847404,-3.12779626901658,-1.91624234126674,-2.19927530208045,-1.17547579617952
"gene-NDUFB4|NDUFB4",3.12331667100042,2.40628486343816,2.53136978437122,2.87993694480447,2.81700817525934
"gene-GTF2E1|GTF2E1",1.68501056114208,1.17368003394196,1.92089388083573,1.93540583970778,1.87193126861849
"gene-SCNN1A|SCNN1A",-0.0876981868839631,0.719651791667303,0.579209073105531,-0.541283977613899,-0.871323654812015
"gene-VAMP1|VAMP1",2.1425675697704,3.23545472120044,2.91270236841108,2.07975544519652,1.67037545083745
"gene-NOP2|NOP2",2.70855483779708,3.08768978366658,2.54646992200862,2.40890618636999,2.57297680432479
"gene-LOC115497825|LOC115497825",-1.77232447086358,-0.836634763940905,-1.32841734108019,-2.03131517117888,-1.77597204899844
"gene-ING4|ING4",3.14934400181126,3.16406820928014,3.01831459744346,2.91074792767512,3.6060551568442
"gene-LOC116807936|LOC116807936",-3.7503981217836,-2.3350142902221,-1.76939583267367,-3.24477451487471,-2.92068467047027
"gene-GPR162|GPR162",0.16516407575372,-1.45330406825237,-0.088762787141693,0.228517875158904,-0.433236810594836
"gene-LRRC23|LRRC23",-0.586852870520358,0.0617192274547307,-0.435893501849849,-1.35852756019541,-1.37121695756881
"gene-ENO2|ENO2",-1.352454365839,-0.432583041285364,-0.883758922877258,-1.54438800498566,-2.00388973469651
"gene-USP5|USP5",3.49381691474499,2.88432079996274,3.69699739680793,3.81267909555286,3.88456802471068
"gene-TPI1|TPI1",4.84344517876746,5.58338884041394,5.2391873955147,4.79228067124722,4.27931792869023
"gene-PEX5|PEX5",0.922906115220034,0.289664302710278,1.03518803059889,0.808834323534125,1.15061629533806
"gene-GSTK1|GSTK1",-0.538403977160989,-0.402444745062762,-0.0657005412746753,0.849839431641737,0.689325389212745
"gene-LOC101233739|LOC101233739",2.50012514667288,1.2390324828317,2.35306134788166,2.30433827886417,2.21361686691636
"gene-KEL|KEL",8.96102948040301,9.25829841727218,8.92457139237557,8.73487684577347,8.81020798953546
"gene-LOC140683561|LOC140683561",1.70537328209617,1.94573816974412,1.41372733980446,0.61441972662908,0.972726550591453
"gene-FKBP4|FKBP4",3.46506279935451,3.36628035712494,2.32684725427526,2.9469650540852,2.10631162378256
"gene-C3AR1|C3AR1",1.52717712964403,2.61468353222121,2.0384670463921,1.53074724178834,1.79199386782003
"gene-FOXJ2|FOXJ2",6.29353892596427,6.15146358549682,6.24257157579736,6.44214372918685,6.54153690922511
"gene-RIMKLB|RIMKLB",-0.279350161434287,-1.20837240880919,-0.862718542914079,-0.883568422776333,0.160621258151301
"gene-CLNS1A|CLNS1A",4.60598595118448,4.2092953531965,4.74016028883251,4.85851987841696,4.92970108843306
"gene-INTS4|INTS4",3.24064096025871,2.67543145169708,2.90609452531577,3.28145849462725,2.86053654229986
"gene-RSF1|RSF1",8.0540616259073,8.05616775131424,7.62720773254108,7.82495692638949,7.51751373188725
"gene-AAMDC|AAMDC",4.5170413728947,4.27930707819721,4.21160499275244,4.63528376999635,4.58612115754216
"gene-CCDC83|CCDC83",-0.243642193335027,0.480240581548947,-0.377616763685876,-1.62898231792913,-1.24279091585317
"gene-PCF11|PCF11",8.23074348380101,8.47193757435204,8.00792095956984,7.79199115098071,8.12144097274989
"gene-LOC140683700|LOC140683700",2.96503363795611,3.44750122804802,3.14688510297757,2.73302118263247,2.8307503703383
"gene-RAB30|RAB30",0.525277696108129,1.24877082540622,1.01044636939266,0.671407582543833,0.768583766910808
"gene-LOC100225953|LOC100225953",-2.52565206698,-0.679864166177227,-1.31153144273192,-2.00971734234153,-2.6128635690979
"gene-CHORDC1|CHORDC1",6.59922931846833,7.34239663462382,6.36306451220748,6.21826411322389,5.94978578603713
"gene-SMCO4|SMCO4",3.57028902822166,2.9196997806959,3.17051237976914,3.55964446616571,3.25068209741826
"gene-ANKRD49|ANKRD49",3.64781113610162,3.43434471098936,3.23006780572452,3.85044196567685,3.91652973855792
"gene-MTMR2|MTMR2",1.02618467079031,1.38514452766805,1.28810574229801,0.817053634141934,0.796870319557401
"gene-DYNC2H1|DYNC2H1",0.754888545149234,1.53464107056518,1.1857566625315,0.833149476498513,1.048873916686
"gene-CWF19L2|CWF19L2",3.25531421194168,2.72763671690631,3.07534225863971,3.2174590498786,3.53508214350154
"gene-NDFIP2|NDFIP2",4.20862294185315,3.66154695781676,4.23014394332181,4.37805783533756,3.95382357319728
"gene-TDRD3|TDRD3",3.86921541891692,3.24550437897168,3.43152770275379,3.96132201703742,3.78482340811391
"gene-SUGT1|SUGT1",4.9588537056825,5.38605084533034,4.8024701288452,4.8870386965585,4.65455275325889
"gene-ELF1|ELF1",7.04696860388375,6.47605712012969,7.00038184238534,7.0409630957094,6.78789430265494
"gene-LOC115495129|LOC115495129",1.27321126245593,0.886585031643042,1.51721224616422,2.21618702154014,1.90215628430368
"gene-LOC115495125|LOC115495125",7.41029330051817,8.06445783298229,8.05517705947889,7.95761819480236,7.36499237945775
"gene-TSC22D1|TSC22D1",8.1622999355409,8.44838458742558,8.03540030505784,7.863470401379,7.71192029492571
"gene-NUFIP1|NUFIP1",1.56376703802301,2.16830599776848,1.56887460362437,1.69614972362404,1.6342647999366
"gene-KCTD4|KCTD4",-4.76357544515569,-3.94296912893359,-4.18899932966755,-3.67434920529495,-4.37497893775647
"gene-TPT1|TPT1",9.88088274472874,10.1505901884025,9.79566285459666,9.53262686716581,9.72101812324196
"gene-ZC3H13|ZC3H13",6.61286478992597,6.34243546304221,6.27308662110635,6.27597222059731,6.56409791673143
"gene-LRCH1|LRCH1",2.28909819200968,1.83666762641318,2.09987426573027,2.54648420914441,2.11537695925284
"gene-MLNR|MLNR",3.58275913499913,3.90671018017741,3.9791774311249,4.20846354172431,3.16370518686973
"gene-RNASEH2B|RNASEH2B",3.30386792066208,2.59321428777698,3.43119832892738,3.84863967402324,3.26161133272874
"gene-KCNRG|KCNRG",1.95455092504446,1.58858396204,2.22484271443416,2.14884457730912,2.11820266854079
"gene-PROSER1|PROSER1",1.11050727728967,0.951412584566544,1.23274045225389,2.08068095938467,0.947482518584907
"gene-NHLRC3|NHLRC3",0.673782290109996,0.630269550883165,0.920568480474716,1.49513165180402,0.387060423135009
"gene-B3GLCT|B3GLCT",-1.55664570109895,-2.01326239222488,-1.89742336713115,-1.64244348187824,-1.10192520037682
"gene-HSPH1|HSPH1",3.38670699742863,4.21310547095654,2.25510533399106,2.97701676638135,2.01360919210364
"gene-USPL1|USPL1",5.7209550619445,5.43292775377858,5.49987251481107,5.67453441696349,5.77470022285911
"gene-HMGB1|HMGB1",4.51654484251552,3.80462123057567,4.45317028902936,4.5494265158511,4.47474871041556
"gene-RASL11A|RASL11A",3.72235203447541,4.38731482900545,3.22146058046095,2.571602861046,3.61244975485615
"gene-SACS|SACS",2.36817260926078,1.06267905184918,1.60472213321389,1.78831554094883,1.15416798575522
"gene-MICU2|MICU2",5.00643052021742,3.83270806846911,4.35590310178332,4.71859715402488,4.35625173322924
"gene-SKA3|SKA3",4.36470665542292,4.60197035735437,4.24335108346417,3.52998566492718,4.19789851898304
"gene-LOC140684450|LOC140684450",-4.46303101062441,-4.02920594706811,-4.49507024957253,-4.08603699242099,-2.56029249065931
"gene-DNAJC3|DNAJC3",4.95204525110554,4.78513901539933,4.99729760676885,4.99524778441234,5.05332102088344
"gene-IPO5|IPO5",2.64735840348193,2.10413109653196,2.68594109130668,2.75743366076615,2.51377856918521
"gene-LOC140684476|LOC140684476",-4.18879735338905,-3.44278927022561,-3.96895080588159,-4.57997270738962,-5.02387445930374
"gene-TM9SF2|TM9SF2",5.32985996905953,5.0197904914192,5.30016984897509,5.32538496044832,5.46671676012967
"gene-SLC25A6|SLC25A6",5.79482996478823,6.10234856418319,5.90661873537128,5.72156666973915,5.68023871716106
"gene-CHST7|CHST7",8.13527336856765,7.69236708704441,7.65857343908308,8.12148710165879,7.88610184104305
"gene-INPP4A|INPP4A",5.40580757601431,5.19447828290144,5.47280388617581,5.93503204443553,5.73157852530732
"gene-MGAT4A|MGAT4A",2.57296429440839,2.43708336603206,2.60776501942821,2.76095904509454,2.19041382284363
"gene-IL1R2|IL1R2",-0.577727189328268,-0.263173485829644,0.928262485443965,-0.630222204333481,-2.20022710736314
"gene-LYG2|LYG2",-1.44544644082202,-0.886239295808765,-1.01962740286042,-1.61861881040083,-1.77081479971392
"gene-TXNDC9|TXNDC9",10.3306425327663,10.6044110874965,10.1686946211869,9.74605780766166,10.0324572271695
"gene-GCC2|GCC2",3.53483522320122,3.01084791679206,3.30209432659895,3.60848355846413,3.17040060948005
"gene-ING1|ING1",4.69090173003967,5.09111520452744,4.89515777892805,4.44699929150519,4.5624549375671
"gene-TMCO3|TMCO3",6.92896811759707,7.06498431612728,6.79644448904132,6.76767311284207,6.59333390542842
"gene-ADPRHL1|ADPRHL1",4.67694435970176,5.18148081965772,5.49195683819379,4.72282679818833,4.3987299102473
"gene-LOC100226687|LOC100226687",6.88593543285039,7.88022032825519,7.92751393605433,6.8760281761258,6.4104673060824
"gene-PCID2|PCID2",7.08831567644604,7.28463609378658,6.99030995142226,6.4948078477318,6.81174782931636
"gene-PROZ|PROZ",1.54622476216925,2.20287749947066,1.95278110885259,1.1199343542741,1.58422762389645
"gene-LOC100224152|LOC100224152",3.37478779761903,3.50604456941186,3.38906072522676,3.92502958308046,3.84824419651509
"gene-GEMIN8|GEMIN8",1.66118847123771,1.52431469972385,1.95224302564773,2.28268498157604,1.80176072572816
"gene-RAB9A|RAB9A",6.65488096879223,6.79906364577766,6.46435766449138,6.28847060797224,6.51404187877092
"gene-LOC115496564|LOC115496564",2.11250827592058,2.36143469094465,2.04925045900688,1.50381417863694,1.29708801471716
"gene-ZRSR2|ZRSR2",6.24568524464387,6.36916387705724,6.15772245936517,6.02387129774418,6.0609475862794
"gene-BEND2|BEND2",1.93415788585245,1.83610889393162,1.95826009665367,1.83485499397492,1.32917707738766
"gene-MBTPS2|MBTPS2",3.40604561647756,2.8444952002215,3.24226012701432,3.53048451855536,2.94044197925671
"gene-SAT1|SAT1",9.44316304681813,9.71411228147947,9.43584313899279,9.18818320194803,9.09525276717396
"gene-LOC140685228|LOC140685228",7.70243154082234,8.01556280374025,7.71424022865675,7.70829318506044,7.51275707043031
"gene-LOC115496828|LOC115496828",1.62161187308005,1.96811261502798,1.99428699003221,1.32211064705792,0.719394623203894
"gene-DDX3X|DDX3X",10.9263020668266,11.1360887137658,10.8067353667308,10.4668350959361,10.4413446829538
"gene-LOC115496967|LOC115496967",5.83296770111091,6.58593463552708,5.96332324574422,5.37307548957538,5.35310520311056
"gene-DIPK2B|DIPK2B",5.97497634844456,6.19806089302209,6.40041904629167,5.8830269486145,5.84239683911963
"gene-TRAPPC10|TRAPPC10",3.50712072409691,2.66082220371922,3.17618305380697,3.87071789233095,3.05840642242798
"gene-UBASH3A|UBASH3A",1.94669692962125,0.474908617380614,1.65458357214015,1.5457952519195,1.3336754841142
"gene-ZBTB21|ZBTB21",6.90353404920798,7.19221439682901,6.76763487850104,6.80225367896021,6.5821237144675
"gene-LOC140680461|LOC140680461",0.387664065385818,1.01909744610364,0.994036861469323,0.41209293858495,0.270539876116959
"gene-LOC100220727|LOC100220727",-0.71890976619929,-0.123488387211708,-0.550154862407022,-1.30691056977955,-0.90249948056995
"gene-STIM1|STIM1",5.02963952674232,4.98919038477462,4.86769839708501,5.1222193090037,5.45415552369815
"gene-LOC115497224|LOC115497224",3.46997089994546,4.89895621165113,4.66661548130885,3.36841675155835,3.40456580493653
"gene-LOC100222525|LOC100222525",2.87420046420102,2.14843378778163,2.0401367916664,2.62542137783773,2.42562381050281
"gene-MRPS6|MRPS6",0.0619521528482016,-1.07317805669463,-0.018748851523756,0.0650215192120015,-0.152133954904651
"gene-DONSON|DONSON",0.518685379642724,1.65805130978454,0.68884001272647,-0.22682055053658,0.742133291720188
"gene-ITSN1|ITSN1",6.43689139279893,6.23279123809055,6.34721873515335,6.53743572269397,6.56034445754042
"gene-TMEM50B|TMEM50B",2.13089135292988,1.81854881557033,2.31676646147465,2.36843723204004,2.11236501453067
"gene-IFNGR2|IFNGR2",5.75669532949677,5.64806713202208,5.55678862788322,5.97608692396557,5.86638107143781
"gene-IL10RB|IL10RB",5.980873905301,5.80373236078087,5.6169992050905,6.22706020676827,5.941078839945
"gene-LOC100223643|LOC100223643",0.386037775147241,2.09037589517982,1.93300430244199,0.220461568488583,0.29151827236413
"gene-LOC100220722|LOC100220722",6.31128722768783,6.84005054959876,6.52393807130696,6.11226451253787,5.93110864543935
"gene-TYMP|TYMP",-3.91805092047626,-3.68976117882978,-2.52787742468752,-1.71128055586418,-3.06388146782651
"gene-TNPO3|TNPO3",6.04615920032558,6.05988239430857,6.09941065278557,6.19472224397264,6.46760900537577
"gene-LOC115492572|LOC115492572",0.144441957974056,0.965896863995866,0.477557425211904,0.302462819642695,0.576751289733956
"gene-CHKB|CHKB",0.777431245735401,0.440452016940476,0.864826817848036,1.23603306531276,1.36669183773882
"gene-LMF2|LMF2",4.30652982494602,4.14526422783639,4.44558572377534,4.91088927252103,4.54274643666623
"gene-PPP6R2|PPP6R2",7.09586417495931,6.8212040835355,7.01705273327435,7.19336125114323,7.34435847544576
"gene-ARSA|ARSA",3.05048970436458,3.17953977007272,2.77912854675369,4.08338142376287,3.77428783312147
"gene-AHCYL2|AHCYL2",4.83031754798833,4.92432853833794,4.79622877267713,4.71148337364839,5.40594297800913
"gene-LOC105758620|LOC105758620",1.81643896219863,2.65511100232679,2.27199873529376,1.71965076330415,1.93094039237536
"gene-LOC100223967|LOC100223967",-1.76370975645139,-0.311913258082211,-0.123576343829015,-1.1648678296736,-1.06858626379035
"gene-CEP41|CEP41",-0.638921317096394,0.103851021225036,0.178984045971593,-0.289427712247825,-1.03274280796746
"gene-TUBAL3|TUBAL3",-3.00416113351727,-3.69372709366699,-3.15030006594586,-1.16352280016485,-3.32058978455293
"gene-EXOC4|EXOC4",2.82868154810076,2.08227930306629,2.6482763864983,2.84634312254684,2.96837925344883
"gene-PODXL|PODXL",7.22137325801978,7.59079173010484,7.17573484236071,6.90916030512547,7.00371304654225
"gene-MKLN1|MKLN1",6.396939210454,6.61960400642831,6.57735990034917,6.25559190451405,6.11235007517269
"gene-LOC121471105|LOC121471105",2.92418715454886,3.65644155010079,3.15972261962492,3.23589783963271,2.98046688911851
"gene-ITIH5|ITIH5",-2.80110099473469,-4.48858076489975,-4.15531223933274,-3.80011578104891,-4.4770299163849
"gene-TAF3|TAF3",4.73839352004804,4.15452036533272,4.57208424044832,4.73938619149674,4.93781041172466
"gene-ECHDC3|ECHDC3",0.956848193851955,0.127289419859413,0.616601662976326,1.03918386566391,0.485567510313768
"gene-CDC123|CDC123",7.49245770328138,7.28882780384767,7.11047626464908,6.86200485130247,7.01972284094975
"gene-OPTN|OPTN",4.76017826074328,4.09841573574581,4.36591991269923,4.62224149040688,4.47680187100127
"gene-PHYH|PHYH",1.39282632130973,0.540975267198217,1.291017819174,1.61377848292914,1.54769870732409
"gene-SEMA3D|SEMA3D",6.69573638692673,6.05682759776536,6.54192583393371,6.89795739103577,6.67512758810195
"gene-PHTF2|PHTF2",3.75495636480027,3.66205983468394,3.95583944811993,4.36155849001118,4.61361521451002
"gene-LOC140680777|LOC140680777",0.567663965466182,1.7344530253313,1.04674870256762,0.199124279787552,0.174420240705004
"gene-LOC140680780|LOC140680780",-0.0959539726813916,0.677574037868069,0.234916555543902,-1.42275876082494,-0.558283672607511
"gene-KMT2E|KMT2E",9.21100803774351,9.55852483975317,9.21678265510101,8.80154482847712,8.91725676697751
"gene-PIK3CG|PIK3CG",2.0617845410862,1.35136720579154,2.21533874471347,2.82152220187468,2.43322705593109
"gene-ABCD2|ABCD2",3.56545843619418,3.19662939943471,3.50301378019481,3.85310228683056,3.13197486052409
"gene-TRMU|TRMU",-1.50529460533007,-2.33428431103197,-1.23454982902314,-1.28405754667805,-1.2594730308466
"gene-LOC100221272|LOC100221272",4.32506953719369,3.60595907264473,4.07400621739117,4.54361964880215,4.20991989617762
"gene-BRD1|BRD1",5.0193749488483,4.71634647181848,4.63418378725848,4.86082824174117,4.89416267167822
"gene-LOC115490906|LOC115490906",2.2753950263214,3.28466087856485,2.95948663712675,2.26041857334385,2.43145173766164
"gene-LSM8|LSM8",4.87816397390647,4.97051606178032,4.76850868484864,4.45755208762742,5.14378768656251
"gene-CAV2|CAV2",-2.4680101373084,-4.48575316966602,-4.46524549883257,-3.08689349348125,-3.60354673018437
"gene-SAMTOR|SAMTOR",1.83604293871925,1.21185456939775,1.39910470731075,1.70594059379778,1.72379588799384
"gene-TMEM168|TMEM168",1.12688675111658,0.545862218340358,0.943117380550782,1.25556028043521,0.973836392056747
"gene-MDFIC|MDFIC",10.3740513537219,10.5870681333756,10.3597722432224,10.2526514929818,9.99500638527619
"gene-LOC140681692|LOC140681692",2.72367718861856,3.10187687454752,2.81373238609037,2.11907400895231,2.14794498349788
"gene-LOC105758560|LOC105758560",7.24916717167298,7.7914480214937,7.82677492590487,6.60225649213778,6.96457667635734
"gene-LOC140681701|LOC140681701",1.02379640505813,1.41920619168908,1.34534808663456,0.467102342053058,1.03823296369439
"gene-LSMEM1|LSMEM1",3.96414672170577,4.3662015625316,3.92143295353276,3.09933699374523,3.87458647315905
"gene-IFRD1|IFRD1",9.61440806322701,9.68118445462403,9.39135256669704,9.09805524814609,9.4195732880686
"gene-ARID2|ARID2",6.05515665212478,5.82575575822686,6.02494674201679,6.22335464111393,6.05252825334264
"gene-SCAF11|SCAF11",5.3590465362799,5.10337281188917,5.12948594397702,5.23393440179143,5.43185124185953
"gene-ATP23|ATP23",0.539691730617807,0.625815535850743,1.247377775907,1.12110528816339,1.19842471392439
"gene-LRIG3|LRIG3",-2.14119734265613,-2.00774866625573,-2.51829907169395,-1.12608665547861,-0.809262724440774
"gene-KICS2|KICS2",5.67292964066352,5.93210595900714,5.64331276056701,5.34705751769409,5.37366481865617
"gene-RPL18A|RPL18A",8.83252049854986,9.15465038128392,8.83897846331356,8.37744162035725,8.62425311430984
"gene-LOC115493544|LOC115493544",0.953874967634564,1.66958987785578,1.08646229567396,0.597107242983837,1.05192725511344
"gene-DYRK2|DYRK2",1.00005093066681,-0.265349864054646,0.774786098334898,0.591906957063688,0.201600289294057
"gene-NUP107|NUP107",3.3540240422866,2.71091200720966,2.83466160280374,3.15416311365747,3.01293576240186
"gene-CPSF6|CPSF6",6.60823359413871,6.29904003540514,6.53731992562417,6.56072175367668,6.71191959118088
"gene-BEST3|BEST3",-4.76044316534051,-3.74525328065171,-3.66485966009916,-4.06949087213025,-5.21814389523316
"gene-FRS2|FRS2",4.79851438155081,4.49670355753134,4.8801312589839,4.96516689365055,4.83337355049579
"gene-LRRC10|LRRC10",-2.64475338471791,-0.437627164743791,-1.50490968286703,-1.76935705384494,-1.4958794876412
"gene-RAB3IP|RAB3IP",1.19235393313828,-0.258729259846672,-0.340332067920938,-0.244556190540233,-0.731734598385826
"gene-RAB21|RAB21",7.02590625171044,7.17640006807578,7.02887502459564,6.84363676696565,6.71787663621511
"gene-KRR1|KRR1",5.93558297361977,6.36018411699945,5.97278199813815,5.59320872141626,6.04624550892472
"gene-OTOGL|OTOGL",-3.10791859365286,-1.6347254788876,-1.4668311580496,-2.47407459047491,-3.85075677883973
"gene-LRRIQ1|LRRIQ1",-0.380394342666642,0.135180952314543,0.13475929709564,-0.245175502373693,-0.29617909112266
"gene-C1AH12orf50|C1AH12orf50",-4.3947643401859,-2.51799022548135,-3.95194018975029,-4.8279372265223,-3.80551966829079
"gene-BTG1|BTG1",7.70176295591715,8.19944229914265,7.73422702703969,7.41060020056493,7.59164231603771
"gene-NDUFA12|NDUFA12",4.3545486520657,3.97589051063939,4.14538003252361,4.3784194617825,4.47349325730334
"gene-VEZT|VEZT",3.36469116667186,3.2024044770312,3.74777658282906,3.52882785673979,3.91145084921267
"gene-SNRPF|SNRPF",0.756894933380281,0.224357250309525,0.605245213682896,1.10361398668628,0.676031387968746
"gene-CFAP54|CFAP54",-4.81503721434304,-3.24250964687861,-3.0315288005784,-4.50669924254665,-4.48714246009356
"gene-LOC115492672|LOC115492672",3.54203382897874,3.82020863518726,4.00263916420772,3.37491304113345,3.27494149197203
"gene-TMPO|TMPO",6.87596797105903,6.63313924516995,6.68215486697226,6.869382469061,6.99924306140254
"gene-SLC25A3|SLC25A3",7.19122555700677,7.50344200426958,7.1450618399556,6.92761528590414,6.94713576556554
"gene-ACTR6|ACTR6",2.0828041886394,1.55826191186728,1.97958416246541,2.15099951463634,2.23747259618086
"gene-LOC140682196|LOC140682196",-4.40972012053274,-4.48907875719866,-3.12574265356334,-4.13122626686797,-3.22536758717804
"gene-ART4|ART4",5.01187460589282,5.53867959536488,5.3245856882726,5.07110662766403,4.43215718043959
"gene-SMCO3|SMCO3",6.07077511535539,6.69651797480685,6.37360603929369,6.12494178907327,5.83204180947752
"gene-LOC100224417|LOC100224417",4.16765959501771,4.7183147192738,4.48440823199374,3.9344543774795,3.84449370911187
"gene-LOC100227298|LOC100227298",3.77666077913179,4.26843551246124,4.02928112858163,3.44612080266559,3.46840880071129
"gene-LOC121469107|LOC121469107",6.50310016458841,6.97132067482401,6.5472749458459,6.07347820354341,6.18149439319127
"gene-LOC140682197|LOC140682197",7.52732079366527,7.98890852402509,7.41638372719374,6.69126007572652,7.00176302718797
"gene-LOC100225375|LOC100225375",7.29190277200438,7.81229707753841,7.33686038507337,6.84290536524724,6.96156690138484
"gene-LOC100226305|LOC100226305",6.07290571589523,6.57013859500521,6.19014345258684,5.803246921269,5.94951266266603
"gene-LOC115493340|LOC115493340",6.04229466750443,6.57392122913449,5.93068454869917,5.63268982819894,5.87593181969842
"gene-LOC140682199|LOC140682199",1.34574143393066,1.7778931748387,1.53142392930953,0.993827795306399,0.976358581639368
"gene-LOC140682198|LOC140682198",0.908836887352281,1.27972939518882,0.983734025886261,0.524529561523226,0.226422719057514
"gene-LOC100226365|LOC100226365",1.57315251135516,1.65988678237716,1.689192564036,1.12268499581034,1.17620525948744
"gene-LOC100223493|LOC100223493",3.15256203597614,3.57027445654681,3.23482775290179,2.77522818582995,2.82052179587835
"gene-LOC115493339|LOC115493339",0.860497277277851,1.27327082802364,1.08034134357229,0.408239834477553,0.214490738211971
"gene-LOC140682288|LOC140682288",1.57937776030271,2.09999782893205,1.85910692826027,1.07454403866148,0.980453806353124
"gene-LOC115493337|LOC115493337",-0.00595494236474572,0.604682920110005,0.217732138158693,-0.170577567866938,-0.131521216886465
"gene-LOC100231060|LOC100231060",2.51333416859974,2.93226513413984,2.60188094548157,2.13208856197933,2.09469495179209
"gene-LOC140682201|LOC140682201",1.26456115645979,1.85216393748329,1.56422236457283,0.930703790568371,0.902213266118681
"gene-LOC115493336|LOC115493336",2.41590192074866,2.8903874174577,2.71644660019214,2.35487329545766,2.12415832735931
"gene-LOC100229276|LOC100229276",3.24940245760955,3.64856990689942,3.36805797761115,3.02229757984844,3.05135688686155
"gene-LOC100232209|LOC100232209",2.81944226046237,3.30885317416113,2.90794482835354,2.5658562074042,2.61159853010718
"gene-LOC100218691|LOC100218691",3.15744668159793,3.62813619381104,3.31078827338211,2.94304630892369,2.92784012313832
"gene-LOC100220543|LOC100220543",2.99955567593003,3.4003386671872,3.00235871125834,2.54973465629873,2.60431093439264
"gene-LOC140682202|LOC140682202",-0.388632035374784,0.0420472633646538,-0.156193294744495,-0.738402357064123,-0.963683048086448
"gene-LOC100221480|LOC100221480",4.56395498035184,5.14426573313622,4.64064261451312,4.12214158722643,4.28962273043405
"gene-LOC101233594|LOC101233594",3.12182773982676,3.56770194551124,3.34574708769888,3.04992124201738,2.83327496320367
"gene-LOC100229139|LOC100229139",1.73938196539501,2.64611916777889,2.12792327592669,1.51294339013365,1.74698212769046
"gene-LOC121469108|LOC121469108",0.596645098703214,0.992548207301933,0.578688142747424,0.140872853768799,-0.0460017133528275
"gene-LOC140682203|LOC140682203",1.34358466808118,1.93511993876488,1.67279686377562,0.867938259267893,0.842213282200964
"gene-LOC100227296|LOC100227296",2.44605879484748,3.06403127610506,2.53759375728761,2.31810047596115,2.52766916555379
"gene-LOC100224416|LOC100224416",3.44829252830036,3.90416534024576,3.61713363788668,3.24045566215032,3.0952675699266
"gene-GUCY2C|GUCY2C",-3.95547079896413,-3.68255361787779,-4.3595355134074,-4.48139283556188,-5.19418860937887
"gene-LUC7L2|LUC7L2",6.89793139803789,7.16070092645818,6.68521150649736,6.51744418354486,6.75479234915102
"gene-ATF7IP|ATF7IP",7.40404103378996,7.74767949806266,7.39555271551974,7.28896359437087,7.09715579828082
"gene-RRP7A|RRP7A",1.89684650203062,1.71510551552066,1.29869747256265,1.69947486863182,2.21353513944912
"gene-CYP2D6|CYP2D6",0.190746028245521,0.125331981765524,0.186293212731311,-0.741852344933956,-0.175337148122143
"gene-NDUFA6|NDUFA6",4.60094715545814,4.14825779718181,4.36403788985156,4.83830845863202,4.75648868882217
"gene-PHETA2|PHETA2",3.37375959516211,3.99021075732997,3.63754640693184,3.34075071952333,3.77912504966469
"gene-XRCC6|XRCC6",3.10482560795313,3.08538144404694,3.15455158762266,2.94624779390709,3.66444724451646
"gene-LOC140682209|LOC140682209",0.0357276298263724,1.13699757996589,0.356576702121326,0.0642074582121142,0.00321004638274531
"gene-ZC3H7B|ZC3H7B",9.73848231590203,9.98593523952986,9.54986930164779,9.07689303203332,9.08143405769473
"gene-GRAP2|GRAP2",3.67165465510056,2.09730661333227,3.08999022278335,3.16778624258741,2.9506286165213
"gene-EP300|EP300",9.2966085588567,9.63762615547899,9.17422668327161,9.04413892616353,9.22117497977349
"gene-LOC140682214|LOC140682214",4.78308958372217,5.10849593795537,4.61430062167289,4.89514472915374,4.16059376436287
"gene-MGAT3|MGAT3",4.54838718448865,4.25101522916207,4.45610431934833,5.074271635833,4.66820104427643
"gene-LOC100229115|LOC100229115",2.90590162969217,3.72018850193695,2.96831076271045,2.94333728249445,3.45262001144249
"gene-LOC115493361|LOC115493361",3.18346716588549,3.94879906994689,3.24532729349563,2.50792343382262,3.29320426336402
"gene-MAFF|MAFF",4.59871356796631,4.88235909751213,4.54178598667427,3.95585589863966,3.94295666763441
"gene-GGA1|GGA1",5.95375623349757,5.94356484859494,5.80208550524964,5.88416695029444,6.27264831646908
"gene-MICALL1|MICALL1",4.64732633417482,5.1214743802528,4.96569264136321,4.51788153688581,4.82338874412339
"gene-ANKRD54|ANKRD54",6.73407226298865,7.09930872546416,6.88988240931956,6.59131479241213,6.55873593644521
"gene-RAC2|RAC2",5.92555362126032,5.417207046132,5.86031163606652,6.08103527955344,5.57181440365326
"gene-CIMIP4|CIMIP4",0.00400003254562585,0.463546337935067,0.281858187822125,-0.0212813278280132,-0.286031248542396
"gene-FOXRED2|FOXRED2",-1.019680151776,-0.0287259912411346,-0.538459612318639,-0.669945537825675,-1.08080729593817
"gene-HMGXB4|HMGXB4",2.65173866471321,2.67747891612995,3.00391656531128,3.14061316597184,3.07173859270741
"gene-TIMP3|TIMP3",7.48451637802072,7.39096116466663,7.05743561903824,7.24767671537851,6.9185713762234
"gene-POLR3B|POLR3B",3.70759370288891,3.61663910251189,3.44834281084138,3.38860922018807,3.94071558065924
"gene-TCP11L2|TCP11L2",8.2976489410279,8.03060596815575,7.92384645745132,8.34528647004601,8.47913743084585
"gene-HSP90B1|HSP90B1",5.46760472747527,5.62216506252217,5.39027622776211,5.23066370575462,4.94488072311055
"gene-ETFBKMT|ETFBKMT",5.99986769626471,6.28132433374783,5.98386011921842,5.93778984499152,5.59642048930832
"gene-RESF1|RESF1",9.70381312432805,9.88480611350568,9.76305419565785,9.38043190982274,9.31285641846968
"gene-SLC13A4|SLC13A4",1.81611409783961,1.34060943269883,1.97219812807785,2.50659497881966,2.29291950512695
"gene-LOC100222446|LOC100222446",0.824744544172614,1.36296759380199,0.55969068532892,0.261000763342762,0.0980034522179774
"gene-NDUFB2|NDUFB2",3.35099434655422,3.62126027583875,3.71942564500436,3.71808988875383,4.11358690431034
"gene-KIAA0930|KIAA0930",5.24118940434296,4.72630494488981,4.83837420863646,5.47050732212306,5.1836022490604
"gene-SAMM50|SAMM50",2.20923534077343,1.93298522758788,2.59272651825098,2.59910778794551,2.47788866529274
"gene-LOC116807714|LOC116807714",4.23326395154681,4.78571873985214,4.40686601339291,3.98649249044144,4.04654949184025
"gene-BMAL2|BMAL2",3.98678790996273,3.31596749480871,3.68084945794617,4.11151499668882,4.33047663376555
"gene-MED21|MED21",6.52818919714599,6.90287237032034,6.63529876237974,6.43871848568594,6.65778430730996
"gene-MICAL3|MICAL3",7.61972488592018,7.443576560645,7.25934765916398,7.78114707585579,7.73682432301341
"gene-HDHD5|HDHD5",4.51569443539824,4.69990248000372,4.71573187010593,4.86433280848231,5.22493400728319
"gene-WNT5B|WNT5B",3.69766571946102,4.32423044802575,4.07732009271893,4.08852108751336,4.16615052303962
"gene-ADIPOR2|ADIPOR2",9.20358771086476,9.15203038393803,8.93525645135173,8.95024370224482,8.7626702400302
"gene-LOC100225050|LOC100225050",-2.81387271148533,-1.03255766226257,-1.57786417601462,-3.65409018025075,-2.11978995923585
"gene-DDX11|DDX11",0.0343244590654884,-0.309345222662927,-0.473265494447405,0.433096606063403,0.116095755748929
"gene-LOC140682266|LOC140682266",2.22383739649518,1.77892482097824,2.04582025717957,2.02990109651879,2.3360827036571
"gene-SMARCD3|SMARCD3",1.30900860977599,1.74586069342026,1.28511498306444,1.13869950844871,1.05562544351519
"gene-CHPF2|CHPF2",4.38207815752578,4.88938860625913,4.3992216784915,4.28963690544829,4.49797960051138
"gene-CDK5|CDK5",1.38471052378979,0.997629577580872,1.68603786884198,1.70125998739235,1.94751536841585
"gene-KCNH2|KCNH2",-2.59239849955,-1.01288312866193,-0.51820201964892,-0.40493792566136,-0.67075373833648
"gene-LOC115494107|LOC115494107",-2.15782955354739,-1.36774243095714,-0.998414452585481,-0.372790218152693,-0.782414866637858
"gene-NACAD|NACAD",-2.54172745010301,-0.107740922335015,-0.740918860185683,-1.58506244852531,-1.82487208548501
"gene-PTPN23|PTPN23",5.56483995798754,5.35826701847475,5.50994840597901,5.74404389547572,6.10870328868992
"gene-ELP6|ELP6",3.23243528695045,2.9538432868713,3.30461275217943,3.65056054417324,3.51059375534041
"gene-SMARCC1|SMARCC1",5.25708521032039,5.00152269955686,5.21999306318512,5.22999082450551,5.36285348049632
"gene-LOC105758956|LOC105758956",0.606098408139976,-0.223577081124165,0.294652447824124,0.661832752628305,0.53195013065089
"gene-C2H1orf35|C2H1orf35",2.93824718754118,3.13903763503073,3.01018236635438,3.37462746232168,3.56411725963036
"gene-CCDC13|CCDC13",1.36899920830322,1.65843179602554,1.74772564455173,0.754660072328831,0.279381321893973
"gene-HIGD1A|HIGD1A",5.456536575619,6.02657250532796,5.73819091966383,5.27950134067702,5.11312279789114
"gene-GARS1|GARS1",1.77153304850352,1.23223410251256,2.01448237533198,2.36716422650292,2.03761112522531
"gene-VILL|VILL",-1.44221260064151,-3.4006420388148,-1.14680188815882,-1.92833905676871,-1.90223201383242
"gene-WDR48|WDR48",5.56555538313787,5.77036300302285,5.38837005101478,5.20312756041289,5.32620343060651
"gene-CRYGN|CRYGN",-0.0067293869120547,0.87075416085373,0.671631329511792,-1.16907166075575,0.803026354612551
"gene-XRCC2|XRCC2",4.36884234733404,3.89628019934271,4.34770130615594,4.52815494016894,4.27310084379638
"gene-LOC115494116|LOC115494116",3.53256850201238,3.9752964392677,3.16894312341232,3.60837331416423,3.26292937278657
"gene-RBM33|RBM33",8.21494310737852,8.36377719536485,7.96398826708241,7.77922119944462,7.93368381567799
"gene-DNAJB6|DNAJB6",8.69637070453642,8.85094657896596,8.75750495112191,8.36235097713862,8.16216849379058
"gene-LOC115493620|LOC115493620",4.29873560355129,5.18259514143279,4.90133335711015,4.37234221976922,4.07792139254077
"gene-KLF6|KLF6",5.47071599596455,5.12460801700722,5.04801089129505,5.13401513100504,4.82511643422248
"gene-FZD8|FZD8",-0.468264414248879,0.392520835581522,-0.24267950541388,-0.671174030187833,-0.602283327463118
"gene-LOC121469416|LOC121469416",0.00344456251741719,-0.286432494430927,0.205289777963484,0.399205532515441,0.552109646123934
"gene-CUL2|CUL2",3.84630276056828,3.69486413124088,3.85341689705286,3.86320891567371,4.02210135671125
"gene-NRP1|NRP1",5.3560439409271,4.81674227313465,4.93922707003464,4.94623730569852,4.56972542297993
"gene-EPC1|EPC1",6.06917006746198,6.3914084817283,5.95724272303847,5.85264375168843,5.87755962263208
"gene-ZEB1|ZEB1",1.41919173151713,0.299626165113772,1.24959062152597,1.31541181828577,1.21221230489058
"gene-ZNF438|ZNF438",1.88214918531921,1.13825332659629,1.93523021831895,2.23276264218045,1.63347456310882
"gene-MTPAP|MTPAP",2.38469516384384,1.7507363845345,2.48619859040518,2.69169989688725,2.17015763968711
"gene-RAB18|RAB18",7.09087501632321,7.28093799374107,6.96715045736922,6.74818953136772,6.79602320789571
"gene-LOC100231542|LOC100231542",-5.30120086702959,-3.53467115812962,-3.16273684748208,-4.37232240657873,-4.27663693156815
"gene-LOC121469420|LOC121469420",-3.64340420570057,-2.93525270848925,-2.91047326521797,-3.33358983902586,-4.2968240266578
"gene-OTUD1|OTUD1",8.55369382016496,9.26793003670367,8.38779750780493,8.33295678327891,8.19594925403531
"gene-MLLT10|MLLT10",7.16809652435862,6.62837371599308,6.63778011772782,6.95219220674537,7.08910018953772
"gene-SKIDA1|SKIDA1",-0.231646642916706,-0.68516131388284,0.123601093661107,0.359928023025608,0.364874131071027
"gene-PTER|PTER",1.02292862882983,0.312414878630792,0.648382806788344,0.57946437160525,1.19953951824993
"gene-LOC121469426|LOC121469426",0.74369859887232,1.10974005597352,0.886386230557666,0.503902253546955,0.205343742368641
"gene-TRDMT1|TRDMT1",3.39321048464538,3.68043396081781,3.7158957192005,3.7434086260988,3.24015570967996
"gene-LOC140682601|LOC140682601",-4.50432807707713,-3.04457239115786,-3.94690084190697,-4.57603017526593,-4.57517791948634
"gene-RPP38|RPP38",2.74073397541577,2.71789000294546,2.17755207038629,2.86124203485464,3.37415447982886
"gene-AKAP9|AKAP9",6.6666759726866,6.26307942903703,5.9577582345111,6.57285062292403,6.66737699728149
"gene-PEX1|PEX1",4.23436398997876,3.60786478704268,3.85062081718582,4.12615733349174,4.32201019729553
"gene-LOC121469438|LOC121469438",0.265667204325358,1.43384657775602,0.901340347306924,0.229818349189269,0.801072382443692
"gene-ASNS|ASNS",2.34951936815119,1.64757339856643,3.01579062232166,3.01727384157391,2.90243465892293
"gene-C1GALT1|C1GALT1",3.1588503986306,2.80438273005148,3.35286161257308,3.52842034051579,3.40614472526212
"gene-GLCCI1|GLCCI1",3.3919796627368,3.34243446360563,3.07226182893092,3.18775542166025,2.83881032393703
"gene-LRRC72|LRRC72",-1.31547319947795,-0.920056852429927,-1.53318903140186,-2.13982537998097,-2.04885382639351
"gene-HDAC9|HDAC9",4.54969651090363,4.4698476913815,4.47087491523808,4.43652103465274,3.85208371029435
"gene-POLR1F|POLR1F",1.68878587911074,1.27512501788601,1.18765367720944,2.02331706751275,1.74247152088739
"gene-LOC105759741|LOC105759741",4.28080090075586,4.24031087755153,3.7803106708399,3.73334993398472,4.52525361050278
"gene-NUP42|NUP42",3.741785751489,3.52290179037875,3.09321312914553,3.45869386273383,4.13167666323228
"gene-HNRNPA2B1|HNRNPA2B1",7.84692173779614,8.07638793628852,7.77491466198917,7.59560598350748,7.74276015664916
"gene-CBX3|CBX3",6.43660976778377,6.65627346433812,6.52801636412763,6.04220611791529,6.08002876401912
"gene-HOXA7|HOXA7",4.86041628445203,5.82215373119155,5.10497119500994,5.53788796934341,5.01974840670996
"gene-JAZF1|JAZF1",1.3826817366806,0.59315860342461,0.562817611251636,1.76863515000615,1.74911235931354
"gene-HACL1|HACL1",1.68427006036207,1.18341809388429,1.87485368794175,2.02297184005426,1.82899864714455
"gene-TOP2B|TOP2B",5.67409504100094,5.19682360218644,5.06744323602451,5.22304485273001,5.35101675273933
"gene-GPD1L|GPD1L",4.45647712570264,3.80076523203926,4.2254975293288,4.34969299007559,4.24851573112099
"gene-RPL14|RPL14",9.30245810159757,9.52244213201961,9.02275965614767,8.77937353352063,9.27384930125612
"gene-SH3BP5|SH3BP5",7.9530497976838,7.81587921556735,7.56416244002395,7.48469681575241,7.13317212093901
"gene-DNAJC13|DNAJC13",3.98201111489226,3.29598142086318,3.53513621246323,3.82824318878177,3.91687459453771
"gene-NPHP3|NPHP3",5.22160933309386,5.2855132976726,5.35535692595726,4.97483615122858,4.57105039237936
"gene-LOC100217789|LOC100217789",1.54808987147116,1.98093187438365,2.15074060504662,1.43517707024473,0.940343742939107
"gene-SLC25A38|SLC25A38",6.49664926042567,6.69372680408018,5.99426294637155,6.47696737461068,5.8735732830077
"gene-RPSA|RPSA",8.51515769817095,8.79709380336003,8.59657889600457,8.24841559248408,8.30951166003272
"gene-LOC115494153|LOC115494153",0.300170245816703,0.821492339104741,0.529705057068873,-0.251404779441187,-0.122293769128045
"gene-LOC100224551|LOC100224551",0.263924459671747,1.19014521212861,0.353360447699714,0.0935937578285679,0.286520584180594
"gene-ZDHHC3|ZDHHC3",2.92743056969895,2.11399187810049,2.49163779846288,3.14287088236599,3.00202430105868
"gene-FKBP9|FKBP9",0.652072662517925,0.963393683625772,0.358541656412283,0.531914322849146,0.15223113724607
"gene-SEPTIN7|SEPTIN7",4.32786840726046,3.89060255045306,4.08812943051017,4.24277608448616,4.10634727895198
"gene-ARPP21|ARPP21",-1.52691171158469,-2.59248754028433,-1.34131486763229,-1.71903505597786,-1.36701218122459
"gene-UBP1|UBP1",6.58563474821253,6.46374677383872,6.1050616753477,6.05415927916697,6.29628664325734
"gene-LOC116807760|LOC116807760",1.02374718075177,1.66204023672017,1.4881472749693,1.46411020574095,1.29419606617852
"gene-BLVRA|BLVRA",6.72305621641083,6.16602892442234,6.37865307236695,6.72734109526,6.57445868573242
"gene-VPS41|VPS41",4.89830569362616,4.51614954290972,4.73245697911408,4.8543450770696,4.79307552526637
"gene-BCL2|BCL2",0.389344087373396,-0.652262020433958,0.262103678198257,-0.039439483464903,0.213375922437387
"gene-VPS4B|VPS4B",6.04707030225956,5.83115501502496,5.69597548462674,5.99290833106971,6.16452298168055
"gene-LOC140682313|LOC140682313",-4.69949426557991,-3.7736927293234,-4.16845005549588,-3.82240965449038,-4.97922390112282
"gene-PRP4K|PRP4K",4.77913024175411,4.21124708999017,4.28380876724665,4.44902238923734,4.63096100085653
"gene-PPP1R3G|PPP1R3G",0.142352467871863,0.0266372811773722,0.789701709224773,0.847269563199697,1.03194890305465
"gene-LYRM4|LYRM4",5.32069943707902,5.02145759206314,5.52795825083438,5.55850185050889,5.96383527021865
"gene-LOC115493763|LOC115493763",3.2612360355518,3.82025152886559,3.60148199290251,2.86914348633798,1.89126432432357
"gene-HIVEP1|HIVEP1",5.21669846899762,4.74267919864682,4.78786464172276,5.46110538677172,5.09291355732482
"gene-MYLIP|MYLIP",2.6796491002289,3.41340972949342,2.58979384224404,2.26498074800419,2.24754780037943
"gene-JARID2|JARID2",5.49940235262094,5.33896677978141,5.51563228180122,5.92810920893227,5.74286746362965
"gene-LOC100189937|LOC100189937",9.67050765776293,9.93207495956489,9.52579072117032,9.41370927437877,9.61491853478047
"gene-PAK1IP1|PAK1IP1",5.33995812566649,5.77942548626555,5.75612055721407,5.17970024433836,5.21614240552209
"gene-LOC100229913|LOC100229913",8.47278802210409,8.79648490267179,8.38972587653732,8.14906365301405,8.1168409058812
"gene-RBM24|RBM24",8.60948940363896,8.64968587540578,8.39437507885768,8.31741053073836,8.11898799803287
"gene-CDKAL1|CDKAL1",2.44120949161082,1.69502113476902,1.99994735512382,2.43431344467585,2.09627157028904
"gene-NRSN1|NRSN1",0.422131606441536,-0.738150415507137,-0.666874697689847,0.241493307234607,-0.202205430397077
"gene-ATP9B|ATP9B",1.07922367326993,0.436019327985468,0.842694589728488,1.28590053047561,1.36661228632335
"gene-CTDP1|CTDP1",3.37070604942496,2.96166220821982,3.13124630787058,3.44079603771898,3.35260678208754
"gene-ADNP2|ADNP2",7.51748263621558,7.57013153014475,7.58149681027416,7.1055885113619,7.22593737214294
"gene-BRD9|BRD9",4.37867996347875,4.28043039650994,4.37206109891322,4.31510387754822,4.63044000913317
"gene-ATPSCKMT|ATPSCKMT",2.14534671785047,3.09266103234141,2.19451653836007,2.26023520693456,2.32660796775939
"gene-MTRR|MTRR",2.0406291745781,1.69822580181816,2.2074293332309,2.44521033725701,2.06629126404894
"gene-SRD5A1|SRD5A1",0.964605485591422,1.32620043637539,0.732319941286518,0.20789136889752,0.486162310021399
"gene-IKZF1|IKZF1",4.78042293099345,4.03052382429598,4.79206606706525,5.37293059876974,4.88414922578474
"gene-ZNF830|ZNF830",2.6502035178452,2.35579373133883,2.25177753108881,2.77896257439126,3.01499792828529
"gene-FH|FH",3.31599033621828,3.00103582932396,3.29865574819898,3.54160387178353,3.61154240931453
"gene-NDUFS6|NDUFS6",4.1963992400892,4.12562223005951,4.07511603615751,4.49599205218724,4.55511352025863
"gene-ABITRAM|ABITRAM",0.963705052353105,1.0499646555236,1.4043078148195,1.58244968203741,1.92770114732075
"gene-STX17|STX17",2.75854478966134,2.10322243528834,2.4645505190422,2.79882673067912,2.62069727548159
"gene-C2H6orf62|C2H6orf62",9.65439041564661,9.75592918467988,9.45558054132074,9.48136415972934,9.28887849509339
"gene-ZNF407|ZNF407",4.4213302123203,3.78698786626769,3.99487180242882,4.45700220286125,4.2738286404079
"gene-CNDP2|CNDP2",2.82399439522087,3.34912745065297,3.10199724102487,2.57135409829812,2.33499639665397
"gene-CYB5A|CYB5A",9.98940371106821,10.2411405450937,9.81708021609188,9.3941719182276,9.59679485011944
"gene-LOC115493837|LOC115493837",0.677229283102979,1.40155632849528,1.41032892028261,0.789134746916006,0.128620425925903
"gene-SEH1L|SEH1L",4.85539550619053,4.65330844370468,4.59270782866536,5.36927496126678,4.88373813655789
"gene-TWSG1|TWSG1",1.68875709386589,2.05956184947313,1.32760273596848,0.953138218249188,1.17103067458953
"gene-ANKRD12|ANKRD12",7.5151570182948,8.05890906367074,7.20660423758386,7.03395780074874,7.10740660501159
"gene-LPIN2|LPIN2",9.65332618175096,10.3205472979213,9.70191435475537,9.54682351059162,9.04567440887671
"gene-EMILIN2|EMILIN2",3.2516375148088,3.85762609128975,3.03079071410577,3.02712088938511,2.64422520476251
"gene-THOC1|THOC1",1.9957958679676,1.49851848055148,2.03780054816017,2.28859013490691,2.31611915029229
"gene-MEP1B|MEP1B",-1.10815047366967,-1.60293972905783,-1.53189580807686,-3.17197497483072,-3.25288405802667
"gene-LOC115493884|LOC115493884",-1.77674042644057,-0.253445065586092,-0.995198745543175,-2.41641996054324,-1.78874036814564
"gene-RB1CC1|RB1CC1",6.43368688617408,5.90623367190633,5.92746034024931,6.28740490596462,6.07099370514552
"gene-TCEA1|TCEA1",3.591010950264,3.35411128900168,3.74706304507839,3.57318517055732,3.82799704079573
"gene-LYPLA1|LYPLA1",1.8311730926105,1.98867080941545,2.10888645007646,1.87547829113967,1.56601109870884
"gene-LOC100218250|LOC100218250",-3.76384568247231,-2.51120059856346,-2.91521343151263,-1.84482998643678,-3.81291479672523
"gene-CHCHD7|CHCHD7",5.11921617252695,4.60694067942173,4.79184999387927,5.12062929527073,5.17920794151972
"gene-TTPA|TTPA",8.20168300318479,8.45423161902683,8.22598528423784,7.86724114820167,7.56828662890939
"gene-YTHDF3|YTHDF3",6.30248695065038,6.52657752028158,6.28399323617981,6.03732785815464,6.13928135429216
"gene-RRS1|RRS1",3.43449012812387,4.24687563558173,3.9369587878246,3.82958811134895,4.00481920497636
"gene-VXN|VXN",-2.60444403688616,-1.59621644900859,-2.1585996715498,-2.68889098136925,-3.09246452411427
"gene-LOC140682432|LOC140682432",3.1824392589075,3.40107520062177,3.30120737115219,2.7836811297258,2.89288499840593
"gene-LACTB2|LACTB2",3.08292819530455,2.74389120128364,2.7742292676443,3.35633879263144,3.27969723442925
"gene-RDH10|RDH10",1.2142410942048,1.61318403629698,0.982266294599246,0.742158767363061,1.0274623918805
"gene-JPH1|JPH1",5.77135679964732,5.22269413543807,5.36186914373398,5.98630475589287,5.89312382019382
"gene-TPD52|TPD52",3.62555063913513,3.25362471736534,3.67459125827324,3.63061491796703,3.90013781205652
"gene-LOC100223994|LOC100223994",-0.0220413956663198,-1.95082007711685,-1.95709299981295,-1.58324104065756,-0.674402599775191
"gene-CPNE3|CPNE3",6.26084899249511,5.73822281543636,5.81926874885286,6.39833662442795,6.12395293308596
"gene-OSGIN2|OSGIN2",0.543753280964592,0.919061477029984,1.36492647368288,0.776475056125435,0.253402894945963
"gene-DECR1|DECR1",0.138465918526978,-1.2894426932163,-0.0161839872292719,0.0869148925870697,0.0602887129136253
"gene-LOC115493947|LOC115493947",1.68613026107955,2.9269688111389,1.57759443145162,1.59335557454663,1.82137685781059
"gene-CIBAR1|CIBAR1",1.30013405339776,0.552405368744316,0.871063155522954,0.728334135189737,1.17627720007716
"gene-VIRMA|VIRMA",6.84096803936748,7.01091374239123,6.70509861962271,6.48647751695702,6.7141909149773
"gene-ESRP1|ESRP1",-1.71036423514747,-0.209675131529441,-0.244519436888985,-1.32693049749292,-1.0643024243713
"gene-CFAP418|CFAP418",-1.6059928758606,-3.2391538756418,-1.70923341430022,-1.71723845057288,-1.82339430313639
"gene-UQCRB|UQCRB",5.90055472297595,5.62220924932821,5.64608314294237,5.59698855024662,5.90523820202436
"gene-MATN2|MATN2",-0.788650977191659,0.344744948451203,-0.336471775503882,-0.713911927166026,-0.563659818554861
"gene-LOC115494154|LOC115494154",-0.877813415762604,-0.48875142804071,-1.24439601994975,-1.82956809465247,-1.13813545326652
"gene-STK3|STK3",4.46122513318589,4.02142719944258,4.22028497659289,4.37077646003513,4.32295776364624
"gene-PABPC1|PABPC1",11.3240092526496,11.5958278951536,11.281893179502,11.138292236714,11.0967634435366
"gene-RRM2B|RRM2B",2.0347454129484,1.36996583886782,1.76749419969484,2.42884202688483,2.26392359473947
"gene-CTHRC1|CTHRC1",6.25417701545134,6.51745598852651,5.99809866328829,5.77616219997229,6.03242953723505
"gene-SLC25A32|SLC25A32",7.21376613045846,7.32891171463693,6.98692845222018,6.9249795474804,6.66523389274918
"gene-LOC115493976|LOC115493976",-4.64977022204709,-2.84268236687673,-3.69702078734558,-4.89479442299514,-3.2032308315602
"gene-EBAG9|EBAG9",4.69253107941536,4.43537797409048,4.74976955393848,4.69061463688394,4.98382856120766
"gene-LOC121469287|LOC121469287",-3.79771508776612,-3.56166936268268,-3.48715913467677,-4.7911484504098,-4.3924778235076
"gene-LOC115493984|LOC115493984",0.537914746219015,1.3934185408079,1.01156378116228,0.381945994527062,0.426739814122003
"gene-FBXO32|FBXO32",9.26974232064383,9.82320787993378,9.27794212948522,9.17936553826542,8.79355551128576
"gene-NSMCE2|NSMCE2",1.4761196194945,0.731413814983338,1.46423169353063,1.78048364692414,1.50451935138698
"gene-LOC115493999|LOC115493999",-2.91400724634088,-3.39954345735835,-2.46036848357783,-2.11631962503962,-2.16487248274146
"gene-ASAP1|ASAP1",4.37333883893573,3.81130871159843,3.91263482040185,4.24554028130025,4.08020208153062
"gene-LOC121469275|LOC121469275",3.8547498239343,4.49461372405581,4.41192814864908,4.05560600790982,3.61898802045082
"gene-KHDRBS3|KHDRBS3",2.86366555427769,2.72708605729422,2.81172627180084,2.04272893698791,1.48516403642574
"gene-CHRAC1|CHRAC1",4.16751531771524,4.24731430217829,4.23336622574953,4.30918700433069,4.86165785852414
"gene-SLC45A4|SLC45A4",7.09411473899307,7.36235575969187,6.956213895924,7.0010335540934,6.84962175727557
"gene-LOC100224284|LOC100224284",-4.08174391889315,-4.82800356424529,-4.99225406527064,-3.33840050141806,-3.42157876999882
"gene-RECQL4|RECQL4",0.248581749005915,1.88981243609327,1.61392674543073,0.770001435747354,0.870092883837972
"gene-TONSL|TONSL",-0.693957897047604,-0.41559029496389,-0.0644703831474718,0.61717072053477,0.117280086106517
"gene-DGAT1|DGAT1",4.32997231163787,5.22003168525767,5.18025283688433,4.71211310108337,4.83531185769425
"gene-EXOSC4|EXOSC4",2.8007404227193,3.48483608557719,2.9233986117773,3.86097069959201,4.18791262207744
"gene-GPAA1|GPAA1",2.81242978541141,3.59538824232296,3.51543672034654,3.80407320242063,3.95237850768359
"gene-LOC100223160|LOC100223160",1.17315101025896,1.79770209653569,1.98902803080308,0.755700253810129,1.31795212627676
"gene-CCDC166|CCDC166",1.25001712156133,1.79600118655973,1.32350779967427,0.269292192686849,1.52969355315044
"gene-EPPK1|EPPK1",4.18319525587441,5.21797180131915,5.73186273522573,4.17477485110544,3.91406513077808
"gene-LOC115492384|LOC115492384",6.91115021448096,7.73925191481151,7.56046182740772,6.69515265799794,6.82679116638716
"gene-LOC140682498|LOC140682498",5.56558173920407,6.23097740153309,6.07496869626005,5.539617045661,5.47624130363679
"gene-PUF60|PUF60",6.37171009414842,6.61601893322712,6.54709258879578,6.23661397246121,6.47748252885488
"gene-MAPK15|MAPK15",2.49220397226924,3.69724511892016,3.24314641261637,2.61485795568196,2.14744512636617
"gene-FAM83H|FAM83H",8.22055195695129,8.6577125698889,8.68731167680587,8.20526204499005,7.62352107232533
"gene-LOC140682499|LOC140682499",2.06489189869721,1.71927820713941,1.65632156540825,1.03484308818773,0.982658126701382
"gene-ZNF512|ZNF512",3.89812552830579,3.54678709094846,3.79347143129802,3.81427982299778,3.84617290552564
"gene-ATRAID|ATRAID",1.57582205095357,1.27265960705324,2.20583641479949,2.5423926273226,2.29941577847615
"gene-PREB|PREB",2.14973707121928,1.62656607470709,2.10518005108359,2.41904746084608,2.54344170140074
"gene-KRTCAP3|KRTCAP3",2.46508436273187,3.10436945825241,2.1345318556895,2.02582043044856,2.65845702270316
"gene-NRBP1|NRBP1",6.52873747666914,6.4291333604947,6.53542272315953,6.62488315076136,6.77852316419662
"gene-PPM1G|PPM1G",8.04124685911026,8.35085044432805,7.93147890306168,7.4234181588878,7.74200134613123
"gene-CLU|CLU",0.894920882609719,1.40762492230441,2.43207108509596,1.51137585444622,0.136229811224593
"gene-EMILIN1|EMILIN1",0.291398613682392,1.67702383167093,1.65487956915216,1.08168246524002,0.780747644471758
"gene-AGBL5|AGBL5",2.73551095970417,3.52507845541076,3.52313343454987,3.41390553845274,3.34232784982044
"gene-TMEM214|TMEM214",4.06405048068037,4.212708540753,4.19474029586064,4.372314755072,4.66033628596442
"gene-LOC140683599|LOC140683599",0.378246375466171,1.26664706921106,1.19155005701395,0.429862850061718,0.685674307692779
"gene-PTK2B|PTK2B",2.32809850421125,1.60463747089132,2.4644087748214,2.85705642367376,2.16965490778539
"gene-ELP3|ELP3",3.08648000382444,2.64754679380644,2.91027415737805,3.25594269015459,3.32049120952173
"gene-MTMR9|MTMR9",4.44790701840101,4.73610955161085,4.35591172856319,4.46045204641073,4.26450073048973
"gene-LOC115494687|LOC115494687",-3.03188613795728,-2.32423666511997,-1.92221193703133,-3.59787581831623,-4.24167393693912
"gene-LOC105759121|LOC105759121",4.99088543152301,4.90813912433808,4.77739031734897,4.57905079161854,4.30564837174959
"gene-LOC100224630|LOC100224630",0.0674365836444085,1.87956435470386,0.739558659318618,0.132223407150129,-0.841155777544542
"gene-LOC140683616|LOC140683616",-0.689347596489335,-0.347229273636309,-0.941318512435729,-2.13823859102113,-1.70860283993407
"gene-LOC105759119|LOC105759119",-5.0133934358551,-2.50720212839428,-2.42921173993692,-4.50918766553496,-3.65796627384759
"gene-MEP1A|MEP1A",1.73265257420795,2.77428012420177,2.12634850399601,1.58394413224095,1.55946897555337
"gene-ADGRF5|ADGRF5",7.01860132797152,7.4652465520576,7.25054957390355,7.07827582353229,6.80499220904344
"gene-GCFC2|GCFC2",2.04230927132039,1.44066230885832,1.47287203106776,0.896944293055714,1.64669939334092
"gene-ITSN2|ITSN2",6.55789313260951,5.94327489530491,5.7895007799884,6.12627498659294,6.09414933061294
"gene-APOB|APOB",-4.94438058836363,-4.72737699653857,-4.80565151946126,-3.38843960059254,-4.01751502073798
"gene-RHOB|RHOB",0.777117800221046,1.47339480484862,1.02133975573395,0.975294628449141,0.204618001605335
"gene-LAPTM4A|LAPTM4A",9.01078752996844,9.16800992841699,8.90453252655596,8.76575324375812,8.52932109584539
"gene-MATN3|MATN3",4.50329833081499,5.26201015091129,4.22528645763416,3.70540140748306,4.33956850707445
"gene-HPCAL1|HPCAL1",2.09938398288345,1.40877888764016,2.06575478981354,2.31552389280968,1.92280169041902
"gene-COLEC11|COLEC11",2.21172436709343,2.98883716676757,2.95178037289481,2.10998286280598,2.06464443792864
"gene-LOC140683664|LOC140683664",3.00892456068408,3.28404548535681,2.94254998411481,3.03042506065287,2.48735263344756
"gene-PHF3|PHF3",9.54614824753006,9.56511580012693,9.34018148242058,9.14072421378114,8.91290117831804
"gene-ASRGL1|ASRGL1",0.0111661559016426,-0.726604489253778,-0.410562394779215,0.54764382030725,-0.285937686163689
"gene-KCNQ5|KCNQ5",1.02290192284046,-0.64234567649379,0.721079356427169,0.758997167216486,0.596884801751052
"gene-CGAS|CGAS",-0.00818229781975827,0.175549222178238,0.223991616214017,-0.732263162385336,-0.451266566124469
"gene-EEF1A1|EEF1A1",11.9382688677111,12.3721355486397,11.9893082565682,11.8666547199013,11.7334920520216
"gene-HMGN3|HMGN3",2.71601333138468,1.75393076796645,2.51223858071414,2.50891055104623,2.58534402431727
"gene-LCA5|LCA5",1.82132095513696,2.15884993648723,2.1122340043962,1.91730670781245,1.69855878766365
"gene-LOC140683680|LOC140683680",5.33048891548918,5.92986040435431,5.19381212338303,5.04654518754803,5.21454588571112
"gene-ZNF292|ZNF292",5.70940994941286,5.99950017147256,5.42431520439183,5.42279643182861,5.24461299866859
"gene-ORC3|ORC3",4.88180390136813,5.1456489616979,4.72424050143696,4.42976766041068,4.43411897165527
"gene-RNGTT|RNGTT",3.58987955421496,2.67267763589881,3.05411492143204,3.82210940040853,3.57708057491994
"gene-UBE2J1|UBE2J1",5.52250202687016,5.38747248007202,5.57445265339802,5.79819134414107,5.65161796165711
"gene-MDN1|MDN1",4.05328537721897,4.52422625737248,4.11992791210256,3.85500343854038,3.96920205309943
"gene-MANEA|MANEA",0.566995801263604,-0.368186750050236,0.460751737676332,0.802075317232713,0.46314508065185
"gene-USP45|USP45",6.12716357363386,5.52847467275077,5.8250284129968,6.01613425478467,6.22858527799261
"gene-ASCC3|ASCC3",3.50152407551153,2.55506283206936,3.07004206205356,3.54216018100711,3.39791260600699
"gene-SEC63|SEC63",4.91233130443376,4.58681877054791,5.01942838077788,4.95586004183677,5.14070655047838
"gene-SNX3|SNX3",4.87163281357294,4.5333035741049,4.6101408920061,4.7258807069294,5.0151124333604
"gene-AFG1L|AFG1L",2.58786703086842,2.49490217229102,2.91650139278312,2.87766742906632,3.02118078676074
"gene-LOC115494307|LOC115494307",7.35354447312847,8.3549237980239,8.47599772283252,7.66494611948546,6.89469150167723
"gene-AK9|AK9",3.28175709972805,3.36668098323987,3.28238148730652,2.88644290317746,2.68981545263251
"gene-HDAC2|HDAC2",5.08584964217165,4.44452760670876,4.98837791543743,4.99260854493602,4.9748579292635
"gene-DSE|DSE",4.46060266283975,3.75171902501115,3.83402594812079,4.31586703155437,3.83625836202239
"gene-KPNA5|KPNA5",6.75320170577068,7.05857856238562,6.5611853303838,6.33283398153113,6.56129874649587
"gene-ECHDC1|ECHDC1",0.409678718323563,-0.0176943626996017,-0.174107272076227,0.390372545311358,0.511942062017448
"gene-RNF146|RNF146",7.08687231726655,7.2898121724389,6.90243973382413,6.83262089564983,6.77288426556472
"gene-LOC100220807|LOC100220807",-0.596909299734171,-0.510094073175248,0.833187331139076,-0.300261564473675,-1.48728785811945
"gene-SGK1|SGK1",7.82180934461882,8.06490069112145,7.67931895449446,7.69532855418613,7.67831449051545
"gene-LOC140683709|LOC140683709",-0.123748545462821,0.303803106873769,0.0224299966589055,-0.0544167441620816,-0.480404465980548
"gene-PNLDC1|PNLDC1",-0.510967541052656,1.06376755923426,0.186353980000886,-0.536980646526896,-0.609095822958833
"gene-MRPL18|MRPL18",4.29402971997755,5.310135180369,4.62390387401427,4.46135966727818,4.30293472409733
"gene-TCP1|TCP1",5.04707148068847,5.85304852833995,4.79465303542426,4.64873813172391,4.72248758553452
"gene-MIR7644|MIR7644",-3.05673321769731,-1.55313553395445,-2.9856390432642,-3.80081392956012,-3.08061427696611
"gene-SOD2|SOD2",8.60694740344445,8.71904905866912,8.43650143449298,8.18141730128096,8.15085338387346
"gene-LATS1|LATS1",4.61068072393536,5.08717250250528,5.0157724757374,4.73099370202191,4.57376921927314
"gene-KATNA1|KATNA1",6.88903376612899,6.56317402043571,6.88038718131395,7.03653052009578,7.05584370926294
"gene-MTHFD1L|MTHFD1L",0.875358634221669,-0.412420651203808,0.25962866679579,0.854141743885966,0.306711942328196
"gene-RMND1|RMND1",5.93052190653285,5.68194594341424,5.50679502174043,5.8665603863349,5.96227957811973
"gene-MYCT1|MYCT1",3.12776985884647,2.90412236965131,2.92022338030875,3.01969171088196,2.3983469215635
"gene-ARID1B|ARID1B",3.44363622059343,3.3341090104789,3.48981034783552,3.86800299681056,3.71165007300978
"gene-LOC140683525|LOC140683525",4.70696705160917,5.10662957504712,5.0143101220008,4.67442680994141,4.50754701750614
"gene-ABRACL|ABRACL",1.3130584014393,0.517429068228688,1.02802664885527,1.42208831516748,1.00629692261885
"gene-IL20RA|IL20RA",0.0612715704154516,-1.92513861864196,-0.772187067410832,-0.684692368584112,-0.697712739401345
"gene-LOC115494366|LOC115494366",0.80116922172364,-1.09454072070418,0.0672447016903153,0.217668107398705,-0.300191936340804
"gene-SHPRH|SHPRH",4.48908811561962,4.21183349609287,4.33691445704303,4.46710625758898,4.61278736485742
"gene-RBM34|RBM34",4.25217581903904,3.96270656277662,3.98480651357573,4.09872068088109,4.34923451192724
"gene-ABCB10|ABCB10",6.455071096517,5.87349677231908,6.43369624110064,6.74631821444366,6.49915326383598
"gene-URB2|URB2",1.59236320140391,1.55873599576193,1.35978940821896,1.2463266876016,1.07284994138869
"gene-GNPAT|GNPAT",3.00558250838595,2.17856189574816,2.69573963404164,2.95260198379308,2.72982820896392
"gene-PSMB1|PSMB1",4.84286191930481,4.75358478917699,5.1411952103655,4.9856711203684,5.1359228791501
"gene-FAM120B|FAM120B",0.436162457959709,-0.549702283101263,0.302708554989323,0.51285780073302,0.211128997031806
"gene-LOC140683515|LOC140683515",-0.627067017839004,0.384774121734665,0.108481509304356,-0.0949321510936399,-0.354545121272028
"gene-LOC140683516|LOC140683516",1.97389336371707,2.40230480431804,1.66280664098958,1.37712874793326,1.5745076608917
"gene-LOC116808052|LOC116808052",6.00458970174061,6.24046471684526,5.76142302427181,5.55424015687785,5.59565251030045
"gene-SPAST|SPAST",6.03368703585613,5.69351827256417,5.57716017066391,5.65239511556148,5.99852162349466
"gene-PRKD3|PRKD3",4.66008687308618,4.10421086535685,4.2917508300583,4.48084118326933,4.37602959305714
"gene-NDUFAF7|NDUFAF7",2.86282819819436,2.8320236256354,3.15345822486273,3.1989524348399,3.71918912276466
"gene-SULT6B1|SULT6B1",-3.00773352373195,-1.81710786436678,-2.25694991417484,-2.59958408431766,-2.64060234726238
"gene-YIPF3|YIPF3",2.70879019353284,2.53226713154825,2.94363964293964,3.09306311584553,2.94791933295374
"gene-XPO5|XPO5",6.66627276721304,6.55427158487596,6.52746048610002,6.5300861482465,7.00492774373437
"gene-POLH|POLH",4.03510350974976,3.99577290239968,4.00604771098958,4.19957566697878,4.54843445498271
"gene-GTPBP2|GTPBP2",7.2342736857423,6.86680557453851,7.18622793899185,7.35312236198126,7.49334210263392
"gene-MAD2L1BP|MAD2L1BP",3.51438912784828,3.67560553322558,3.30456968119732,3.13196513821203,3.15125653133976
"gene-HNRNPU|HNRNPU",5.9682232408457,5.79495625009568,5.97902112710682,6.11394690029086,6.19146248049576
"gene-VEGFA|VEGFA",1.9573532876114,2.00701629011309,2.06818120153594,2.3810319393838,2.60517987081368
"gene-SLC29A1|SLC29A1",6.45134879616424,6.86853736454932,6.9992913311233,6.794809612946,6.42504092580499
"gene-LOC105759083|LOC105759083",0.12449571608982,1.05796934886782,1.18863164417025,0.0202108755216103,0.206841809731887
"gene-HSP90AB1|HSP90AB1",3.45108265463747,4.84180277914764,3.59226435115569,3.29753608096359,3.53148892645217
"gene-ZFAND3|ZFAND3",3.70740753009736,3.16812582328461,3.52524426342876,3.8276451415396,3.86533385522421
"gene-BTBD9|BTBD9",3.21911419227965,2.7915357511929,3.0344624433746,3.10217263779049,3.22716649220584
"gene-SAYSD1|SAYSD1",-1.84499275619152,-2.88014266110809,-1.88803960500888,-0.539817321421553,-0.755489387987323
"gene-KIZ|KIZ",-0.29677070389672,-1.43248895238855,-0.613308321138568,-0.759453512174301,-0.121163801675559
"gene-NAPB|NAPB",4.2905833965708,4.58740081045971,4.25028179219814,3.85767865574336,4.53843175484438
"gene-ZC3H6|ZC3H6",7.58573433456491,7.92171705756256,7.58810109839588,7.22815399098975,7.46038514785704
"gene-BCL2L11|BCL2L11",-0.718238301372015,-1.66131215297772,-1.35844305752358,-0.588131413169284,-0.682721098631317
"gene-NPHP1|NPHP1",2.56634866327907,2.37563957823481,2.55301389791867,3.00950721687604,3.36721084090038
"gene-BCL11A|BCL11A",1.54725808456402,0.863095801437431,1.20496255799379,2.0374015392087,1.71934319330786
"gene-LOC121469604|LOC121469604",-2.92911384304117,-3.6571314746199,-2.99317868336993,-2.41592586935091,-2.01825805910212
"gene-LOC100225817|LOC100225817",-2.12900921779503,-0.86537885140005,-1.14909765810116,-2.41391093432742,-2.51401113113425
"gene-LOC121469771|LOC121469771",0.753336050802075,1.40162386047962,0.232454161475914,0.366516058707295,-0.210388750743931
"gene-AHSA2P|AHSA2P",4.62408679795057,5.15431209196243,3.77683962892895,4.19722068349913,3.89742388190488
"gene-SNX5|SNX5",4.10867034166122,3.95799257029072,3.74665882355271,3.71853008145932,4.1576323290918
"gene-KAT14|KAT14",2.74532221337509,2.73864868362069,3.01529088572558,3.26777781875375,2.91788386148261
"gene-PET117|PET117",-1.60877859518919,-0.900424795758643,-1.04388774934697,-0.348355104699595,-1.20631872061923
"gene-SEC23B|SEC23B",3.53619944474804,3.05269438192048,3.24960917549025,3.44067404067718,3.67329993535518
"gene-LOC121469778|LOC121469778",2.11276628080228,2.29804244808751,1.67316511354088,1.18919139398709,1.7126121662746
"gene-FBXO11|FBXO11",5.29471384916026,4.89691451476346,5.11788228719081,5.23078720985287,5.21684302146793
"gene-TRMT61B|TRMT61B",2.10336645835813,2.26632605963734,1.74223960945517,1.59096683118326,1.65190704218738
"gene-LBH|LBH",7.98168738267902,8.49677278153661,8.1102730232628,7.21909606589062,7.35369029461349
"gene-LCLAT1|LCLAT1",1.42720239382516,1.09027539949865,1.58693814871273,1.80636649159314,1.65969419369498
"gene-LOC100226843|LOC100226843",1.78385827125113,3.0427523597985,2.53553879380911,2.09905719721991,1.90341491332182
"gene-LOC140683788|LOC140683788",2.10673236412053,2.81925673121043,2.63428859146866,2.29048228639486,2.0297105243613
"gene-LOC115494487|LOC115494487",-0.812822167261077,0.987498974550329,0.43781440654927,-0.250087935162402,-0.141762379669101
"gene-MRPL2|MRPL2",3.27940302323531,3.328926969926,3.1418842352631,3.89949853808634,3.76385839822189
"gene-KLC4|KLC4",3.79766396346597,3.67812165983464,3.97257185652052,4.06000827872357,4.25533108437328
"gene-SRF|SRF",5.24026802173918,5.64094208585336,5.15242159865762,5.10514481949998,5.11689558490519
"gene-COQ8A|COQ8A",2.39611574125289,1.86622845530592,2.74840700567296,3.05462872812261,2.49323880674948
"gene-SRP9|SRP9",6.47031042884572,6.73790876667738,6.26002467034155,6.1146347588011,6.43198354402562
"gene-ENAH|ENAH",4.63906746554282,4.04111922884813,4.35239718254314,4.7898501946318,4.38080652697065
"gene-LOC115494498|LOC115494498",1.43721457898752,1.66594952446311,1.34519226561517,0.929736998418663,0.927599707795698
"gene-LBR|LBR",7.39511409080272,7.02437767960652,7.20869006727916,7.51761517101887,7.40180306756558
"gene-DEGS1|DEGS1",6.86334071030457,7.60197728721952,7.02454702369731,6.14559359623513,6.15950738963051
"gene-PIGF|PIGF",5.91411730765284,6.02895832255789,5.7523962368034,5.73053419296448,5.40965533145823
"gene-PPM1B|PPM1B",6.57213636733475,6.01640652876683,6.31496404405523,6.31160326135677,6.46556647337143
"gene-LRPPRC|LRPPRC",1.82305534033062,1.50206173706165,2.13897143372024,2.35395089853445,1.92993197640703
"gene-ZFP36L2|ZFP36L2",6.7898655639029,7.34825268154294,6.75210115189219,6.69557298437136,6.77287557276252
"gene-MTA3|MTA3",-3.89728479898466,-4.41625412956992,-3.66273583648335,-2.66380058771914,-4.2235129754659
"gene-BICRAL|BICRAL",7.5016695510369,7.8962438209454,7.60899280574078,7.33770182853351,7.36047350685002
"gene-TBCC|TBCC",6.11707278434195,6.56398319618935,6.3266551141489,6.09804275633963,5.96831091390976
"gene-SLC30A1|SLC30A1",6.05044208944164,5.89140143362837,5.91947137354313,6.46292679369956,6.19057420019063
"gene-PPP2R5A|PPP2R5A",4.48705059521925,3.70983902728036,3.85525438310784,3.8553626887354,3.98917492544485
"gene-ATF3|ATF3",-4.17268000585513,-2.54440570457541,-2.37427627005879,-2.56660649399244,-3.40707527540774
"gene-TATDN3|TATDN3",2.13419668953107,1.97479238994244,2.06882320258377,2.53209078974608,2.56980088592209
"gene-LOC116808088|LOC116808088",-3.78458745784987,-2.82642740721294,-3.34077792496901,-2.569725805385,-4.36991156520727
"gene-KCTD3|KCTD3",4.21140392742829,3.67849321870217,3.9231165094742,4.36939324977752,4.01856273389495
"gene-DISP1|DISP1",3.49995538091733,2.90654271811538,3.62542034418367,3.84693201205044,3.84106711487774
"gene-SOCS5|SOCS5",1.527874952991,1.06546831348968,1.79003207791018,2.11002245143586,1.76959557972591
"gene-PPP1CB|PPP1CB",9.02271525148165,9.18567241771509,8.90352614510719,8.75428960076537,8.66466384962283
"gene-MACROD2|MACROD2",-0.653940601570899,-1.29544903271773,-0.433639417152379,-0.472853009760573,-0.426557910321403
"gene-CNRIP1|CNRIP1",0.493291082120302,0.446879190772398,-0.185386792670369,-0.12849958209491,-0.718689548317991
"gene-PLEK|PLEK",7.7581684564702,7.62115313963127,7.72849556405303,7.67072207532218,7.20981949025383
"gene-EHBP1|EHBP1",3.51631202603787,2.6672040235161,3.52193869175584,3.73031995905032,2.95539167471624
"gene-LOC105759051|LOC105759051",1.54721336799956,1.04909653073641,1.12553780422166,1.16492861931878,1.55617898371905
"gene-MCM8|MCM8",-1.49146086290428,-0.278730118451239,-0.0601635431435393,-1.1984041564763,-1.0361300605151
"gene-CHGB|CHGB",4.76751739972899,5.52706922162011,4.99427176804651,4.32355202194736,4.67462499994057
"gene-SHLD1|SHLD1",5.2979097586953,6.47883083256047,6.06735681373079,5.36263190886739,5.42873985864989
"gene-LOC140683827|LOC140683827",4.66784791798559,5.40776034203188,4.86535130444377,4.58634825381447,4.50439249729253
"gene-LOC140683830|LOC140683830",-0.518639382136939,0.0141799420620196,0.178458329636801,-0.672563614046231,-1.36990897872305
"gene-LOC121469813|LOC121469813",2.19513812992171,2.86033960110202,2.52491895632781,1.96278521301824,2.1521707225851
"gene-LOC140683832|LOC140683832",2.29435011298083,3.39410189053346,2.73045862503057,1.7512399514787,2.11122611278639
"gene-LOC140683833|LOC140683833",0.616901100450138,1.10419799859592,0.784061383565657,0.155178923403444,0.335618585924315
"gene-DHX57|DHX57",5.21346348193624,5.58257696266969,5.060762997311,4.93767305169651,5.14118792643166
"gene-LOC115494782|LOC115494782",5.29216277726067,6.22229352595869,5.62374743506003,5.1148158635629,5.36421065585095
"gene-SPR|SPR",-3.10654233066443,-1.04909568020805,-1.02726218834188,-1.37699941639099,-2.00793660898651
"gene-WBP1|WBP1",4.48746452522547,4.62905652176532,4.55088307390975,4.89514595932064,5.14431823272654
"gene-DCTN1|DCTN1",6.46307468189721,6.38083979099252,6.08702496287243,6.5027742771108,6.93216251638753
"gene-VPS16|VPS16",4.28480873921381,4.23758993895505,4.37063168318215,4.70026326985802,4.88884902766695
"gene-IDH3B|IDH3B",5.3423294625895,5.29724208457555,5.35395699228167,5.55232626136908,5.90223256112595
"gene-LOC115494850|LOC115494850",2.52268578693816,2.35730515234758,2.78753287402083,2.70147885147828,3.21205137733453
"gene-C4H2orf81|C4H2orf81",0.0445776809669216,0.928929351910814,0.459265410923981,-0.0981361884264812,0.321340057869804
"gene-LOC115494853|LOC115494853",9.55574452372284,8.96164207570089,8.92483242869809,9.74347885711727,9.80352379081613
"gene-CCDC142|CCDC142",4.65355335653041,4.77951868620398,4.6351550981746,5.183406874475,5.53152614552289
"gene-TTC31|TTC31",6.27244154862022,6.23499577411664,5.82772439154653,6.45017022731666,6.97135195922455
"gene-DQX1|DQX1",5.3929581599363,5.54786634078126,5.53945811210518,5.87030223295707,5.93654445617315
"gene-DOK1|DOK1",2.19792919063037,1.55683869276805,2.27799976039229,2.69899609322098,2.21313888095265
"gene-AUP1|AUP1",6.20430162053079,6.29338849841923,6.09521062914238,6.45757347471477,6.96497948437451
"gene-HTRA2|HTRA2",3.23936172567984,3.58204277657132,3.15227309998335,3.45441266562679,4.31484353840268
"gene-RNF24|RNF24",1.05778725318717,1.72535592038673,1.60445062190184,1.19910744467809,1.26636622154161
"gene-SUCLG1|SUCLG1",3.93618952444628,3.41748153846342,4.07111941619936,4.01677036707133,4.02794457928885
"gene-RPIA|RPIA",3.90258925503438,3.58714513857505,3.74645006014155,4.00532449444364,4.26390344289178
"gene-CD8A|CD8A",-0.87851973905033,-1.69474496027582,-1.88843406636209,-1.52171555430195,-0.526077499724376
"gene-KDM3A|KDM3A",7.13647321421388,7.18907698564745,6.58186824108484,6.5568886345364,6.80983789529813
"gene-REEP1|REEP1",3.27402050785536,2.83690554035909,3.06855268924655,3.70308089296658,2.93673905089189
"gene-MRPL35|MRPL35",4.51450778440267,4.18770050186753,4.00485826217029,4.46183739923802,4.67702223059773
"gene-IMMT|IMMT",5.89773059928886,5.4830604090113,5.54128821380334,5.81993056530192,5.90912327557227
"gene-POLR1A|POLR1A",3.15592937053428,3.86278776241721,2.92610543021117,3.13056333207208,3.17601144806949
"gene-LOC115494886|LOC115494886",5.80386338577072,5.91815551869778,5.63389543116325,5.03396638971654,4.88543974827382
"gene-MAEA|MAEA",10.3168294769436,10.5109812357394,10.2218765101827,9.80623995398738,9.59835466455586
"gene-NELFA|NELFA",5.87444261647429,6.19683604881165,5.82790599714665,5.83189303109632,5.71827267197082
"gene-MFSD10|MFSD10",2.61177918781015,3.20498786955324,2.83125502113923,2.68198831084975,2.56674087860619
"gene-NOP14|NOP14",5.56014762399252,6.04547170521385,5.3931002215708,5.26853789697037,5.6536864304501
"gene-HTT|HTT",6.25199958465545,6.2418716256303,5.97289836580133,5.83223395706835,5.99922007796637
"gene-TRMT44|TRMT44",1.58337156619003,1.10045879396526,1.13220994904064,1.97062017826237,1.9742546135548
"gene-LOC115494818|LOC115494818",6.45865437191186,7.25641998843193,6.86056539120869,6.5080988246412,5.96359640050186
"gene-MSX1|MSX1",-0.0606620733990376,1.44275065312664,0.662808370600615,-0.131427076698257,-0.192249577593596
"gene-JAKMIP1|JAKMIP1",7.6624874235277,7.95613494776104,7.90593480888055,7.29979004021338,7.39134706219859
"gene-LOC140683908|LOC140683908",2.48235110779338,3.02518829214004,3.14745521710718,2.41190816869453,2.30920166440118
"gene-C4H4orf50|C4H4orf50",4.62879403553907,5.11033204652032,4.98238407089351,3.54479641315656,4.45036175231607
"gene-LAP3|LAP3",0.381400642720811,-0.347142762395493,0.624851136414832,0.590418196713639,0.44720052538369
"gene-TAPT1|TAPT1",3.57421388688079,3.24663116714614,3.26619055618312,3.3802402755703,3.54317710688873
"gene-KLF3|KLF3",7.49361305837564,8.14522455327075,7.3704626114941,7.35389319759817,7.15275240343468
"gene-KLB|KLB",1.69117550073327,1.99605700558307,1.65748812823522,1.14641861010023,1.29619413411458
"gene-RPL9|RPL9",9.65912435001892,9.91184888645733,9.60075279432715,9.19780115563785,9.52340663751247
"gene-LIAS|LIAS",4.3442989004737,4.11798475847434,4.56787812240795,4.3834386332034,4.68797405704152
"gene-PDS5A|PDS5A",5.33851736708225,5.11706869133035,5.266513917235,5.25501512067673,5.43014586127337
"gene-N4BP2|N4BP2",4.70711341971778,4.39487058289462,4.91381512579247,4.97798318694987,4.80215414005279
"gene-NFXL1|NFXL1",3.0958544700638,2.96799020299089,3.09932003015299,3.25353901040036,3.43976559801821
"gene-FIP1L1|FIP1L1",4.44781886259464,4.33588829020474,4.16722542151737,4.51492597864641,4.62014385219219
"gene-CHIC2|CHIC2",5.51229959330413,5.09930063465636,5.25469162122222,5.44830736827953,5.24724271299376
"gene-TRMT9B|TRMT9B",0.068704171688773,0.390442200495408,0.174739574227967,-0.310160158255302,-0.463481902250359
"gene-VPS37A|VPS37A",5.35791266645836,5.03856190440503,5.06048243807218,5.26901293130867,5.63954987705349
"gene-FRG1|FRG1",4.59460713574252,4.53634769967575,4.63270708208888,4.76309244175085,4.99100974371167
"gene-TRAPPC11|TRAPPC11",3.73788703957285,3.32824580093892,3.60994962171442,3.57470720597282,3.72560025374856
"gene-LOC101233484|LOC101233484",9.21921008884756,9.36201317423608,9.26058009911696,8.93564320897914,8.87646742702689
"gene-TMEM192|TMEM192",3.3738050679215,3.2127942006844,3.17083106756114,3.56156052783357,3.71514072429623
"gene-APELA|APELA",-4.67444711872077,-4.23376687787407,-4.41172946486968,-2.79697445123304,-3.70537350446659
"gene-PLRG1|PLRG1",4.67393526282826,4.82792884544379,4.79687663808054,4.59506382744064,4.4609860418652
"gene-LOC100219691|LOC100219691",2.48514456366829,2.77777737809147,3.26976800607874,2.442102568188,2.07363773294429
"gene-TLR2|TLR2",0.708796330741486,0.823382826813922,1.25333213161993,0.408814515979258,0.0202323219001497
"gene-FBXW7|FBXW7",1.62099757923714,0.901378436563083,1.62165244857551,2.03280341674068,1.78630235732315
"gene-SH3D19|SH3D19",0.928732037081726,1.5016900076072,1.23413846461126,0.666938895513026,0.270568576574509
"gene-SRP72|SRP72",5.83068980204335,5.68198439848258,5.65841674805342,5.73420774376273,6.10204709217958
"gene-SARAF|SARAF",5.57214227464397,5.73491009056666,5.307150445671,4.94134903383483,5.4433942849789
"gene-MCUB|MCUB",3.43232628037785,2.94384519254344,3.08992083441104,3.75803975175853,3.31175627039385
"gene-COL25A1|COL25A1",-3.32602462969324,-4.21714916170237,-3.58733107728338,-3.67039127643327,-2.95386857549915
"gene-LEF1|LEF1",1.1887152543795,-0.643612862531441,0.558666704525099,0.851963234256956,0.281943608977475
"gene-OSTC|OSTC",6.14480243536344,6.31687475261378,5.95578457512128,5.81473203042988,5.97129654071131
"gene-AIMP1|AIMP1",1.33941466128309,1.00302884908379,1.677929193465,1.61656884406411,1.55763641802411
"gene-ARHGEF38|ARHGEF38",0.182426379154862,1.57534577645439,0.766495221068595,0.211556662192565,-0.136131710141276
"gene-H2AZ1|H2AZ1",7.66119107159041,7.73303758013393,7.22409204496289,6.90944607114347,6.93223895413313
"gene-DNAJB14|DNAJB14",5.97108704041383,5.64615361148051,5.74138169153684,5.84697048336307,5.914564358082
"gene-LOC140683988|LOC140683988",-1.6489557244028,-0.286183185748853,-1.0477667961905,-1.13985311987554,-1.04538687172756
"gene-TRMT10A|TRMT10A",4.2364106939343,4.68628589716129,4.23735936691249,3.93756624913463,4.28554229654769
"gene-TMEM150C|TMEM150C",-2.61604519744018,-1.69321595277015,-1.46549831014922,-2.7649687516004,-2.88250705130838
"gene-HNRNPD|HNRNPD",7.91436072059203,8.17342973245795,7.83530858731061,7.80322157557324,7.81054586828921
"gene-HNRNPDL|HNRNPDL",8.78620941337881,9.05141886555009,8.71426583260974,8.43402967606121,8.59204824334848
"gene-NOCT|NOCT",3.46154575812158,3.46531001098521,3.08227547137638,4.59782673277955,3.6700679506537
"gene-ELF2|ELF2",6.15425204527661,5.75050769929594,5.88156254287014,6.14115134979203,6.202899542418
"gene-NDUFC1|NDUFC1",4.71322727696622,4.45338169383571,4.5425977062587,4.56482674860022,5.08239356442199
"gene-IL15|IL15",3.50233213325145,2.98867953896795,3.1075622421226,3.8910365769848,3.52471851180609
"gene-KLHL8|KLHL8",0.943939654649995,0.45659727219214,1.05605932227608,1.20073422559632,1.09611902957328
"gene-ABRAXAS1|ABRAXAS1",2.27639307150703,2.91260053788555,2.80156070478376,2.50927289966414,2.32329056382288
"gene-LOC140684007|LOC140684007",1.74085167849029,2.64185857635061,1.77544157455259,1.59381790065514,0.97789841896502
"gene-HSPA4L|HSPA4L",5.9432170504762,6.67188300035787,5.7041266355931,5.63039867679315,5.09510467241626
"gene-SCLT1|SCLT1",3.52193134417556,4.53184661821007,3.91346704407678,3.4432924218889,3.04606887153325
"gene-LOC140684006|LOC140684006",-0.0969031563651313,0.741176984138007,0.492162068898502,0.373912242417481,0.170700400605129
"gene-LOC121469922|LOC121469922",-3.62423430240031,-2.10355311039732,-2.00853641299552,-2.99349166597183,-3.39410464970172
"gene-CCNI|CCNI",5.37864425552297,5.07435979348474,5.1080167788267,5.72275850840565,5.24929257463037
"gene-GC|GC",2.10022355290098,3.02104239370501,2.62679509822998,2.08131671857797,2.26758202738605
"gene-LOC115495104|LOC115495104",0.133857888724416,1.19565151791037,0.800654524256602,0.460513329068219,0.360911638204895
"gene-LOC140684013|LOC140684013",-0.563017526268744,0.388381989778204,-0.0226982225083204,-0.389969670216431,-0.452005092476553
"gene-WRN|WRN",5.47488216680326,5.40209082878821,5.25201596804341,5.36313191456834,5.91386660166157
"gene-NPFFR2|NPFFR2",5.63621705348558,5.8756890894885,5.62146831843073,4.85134317180422,6.0068159897778
"gene-CNOT6L|CNOT6L",6.74212947876734,6.35055270977173,6.49204593523274,6.70409041492419,6.82281998601493
"gene-ADAMTS3|ADAMTS3",3.22231237422045,4.14892865776969,4.19025146932345,3.43302889014655,3.31802643409504
"gene-G3BP2|G3BP2",5.70670859913247,5.4643867778502,5.23387953257665,5.47914556997441,5.83263532455116
"gene-RASSF6|RASSF6",-3.15146254263979,-2.24851944181156,-1.5741531301182,-2.17872077141979,-3.46776175300374
"gene-LOC116808100|LOC116808100",-0.378991168376452,0.34142578881534,-0.0551929711182009,-0.489404172653549,-1.01415558638479
"gene-LOC140684128|LOC140684128",-0.0869656910128964,0.388711013912523,0.0518980469986482,-0.27210539189913,-0.956315786307337
"gene-VGLL1|VGLL1",0.259024369404484,0.273561600061317,-0.000775977655631366,0.09415181474105,0.775705320727203
"gene-CD40LG|CD40LG",0.189989954339379,-0.603424286720647,0.0234814535067085,-0.0442368868985107,0.135361442117814
"gene-RBMX|RBMX",5.15131824739104,5.43941768021893,5.02400807933878,4.84033209350574,5.21171357429538
"gene-LOC115495298|LOC115495298",-2.99109128817061,-1.98983089604771,-2.54962274386807,-2.78732901080928,-3.21328659789627
"gene-CSTF2|CSTF2",4.54646128549398,4.5199126283799,4.83908820071187,4.91244178700765,5.03272370088459
"gene-ZNF711|ZNF711",1.92552271073432,1.12558639918612,1.99866081683454,1.90561858356596,1.93492999020988
"gene-LOC140684149|LOC140684149",-2.43806321643555,-4.41367426292499,-4.87716270869718,-3.23377772226896,-4.58923543774138
"gene-APOOL|APOOL",0.910170524639652,0.551647979818501,1.03483271207238,1.66431837965306,1.13219993989611
"gene-LOC100218233|LOC100218233",1.53184782204124,-0.239747547788325,0.984171508902327,1.16646446017712,0.751966996634867
"gene-CHMP1B|CHMP1B",4.94685482606297,4.69665618514222,4.97323931285552,5.02411941201948,5.19126976250281
"gene-ITM2A|ITM2A",10.7218104769632,10.8893002530912,10.5934273668002,10.3941347277859,10.3141764142285
"gene-PDZD11|PDZD11",3.55879460994724,3.34803942277437,3.24888478690423,3.64259096369853,3.92097451463431
"gene-LOC100222691|LOC100222691",3.171940286562,1.94661681309293,2.90384399613174,3.29923385908118,3.07154526940837
"gene-LOC100232309|LOC100232309",1.32288778668288,1.83714361136552,1.69099643645724,1.67862734889061,2.50960752279379
"gene-EFNB1|EFNB1",3.14808739506763,4.12783713150626,3.68089802793418,3.20332358967232,3.64427120418184
"gene-STARD8|STARD8",2.84701294955316,2.27176374289677,2.20137769199819,3.01685916520406,2.54298540287577
"gene-SLC9A6|SLC9A6",2.84502542931927,2.25602609620135,2.5093124501398,2.83720438454412,2.87700441855628
"gene-MOSPD1|MOSPD1",3.28764057822333,2.64591638702208,3.10055696701868,3.38973237072623,3.15241943314727
"gene-FRMD7|FRMD7",2.90817091589738,2.71814673911363,2.93248027509144,2.31047132521004,3.52272677972828
"gene-AGTR2|AGTR2",0.00115674081769521,-2.47489247309759,-1.17870113344947,-1.71501225656702,-1.54915960001437
"gene-LONRF3|LONRF3",8.44103043664762,8.70662593163805,8.18363647962449,7.9706104935919,8.063096584138
"gene-LOC105759171|LOC105759171",-0.139493730558721,-1.28816587968658,-1.37235150657782,-0.522752467028946,-0.381950295145117
"gene-SLC25A5|SLC25A5",0.31287463792174,0.742787595322995,0.47284118616261,-0.153938751351371,-0.029315531217072
"gene-LOC140684167|LOC140684167",0.106378023243295,0.861997453410805,0.402256634516376,-0.329256520667213,-0.0582690754284004
"gene-ATP1B4|ATP1B4",2.26872808462165,2.17073304096331,1.96023561574318,1.78728392520169,2.56174414823918
"gene-UBE2A|UBE2A",8.55780949799551,8.83133884377371,8.46834723810658,8.37475085030626,8.50514616011611
"gene-NKRF|NKRF",7.65042884172415,8.03400010371287,7.42037788561901,7.37011371154002,7.56034021270378
"gene-NDUFA1|NDUFA1",4.03605172371932,4.1230188553385,4.0393415848074,4.37714210860151,4.75069409453978
"gene-CUL4B|CUL4B",8.75039584323279,9.01087570412956,8.69537722517493,8.49100369808797,8.50081900188382
"gene-LOC121469984|LOC121469984",4.90103409919303,4.96574559326385,4.8180109671932,4.27660601722249,4.25383521924032
"gene-LOC140684168|LOC140684168",-1.3259569821786,-0.950539228834121,-2.18631585716153,-1.23840849618798,-0.31503783435768
"gene-VBP1|VBP1",3.81207126067332,3.54129663316498,3.74760200830986,3.83024337818705,3.9064239073186
"gene-PSMD10|PSMD10",5.65449648633776,5.41590675191718,5.33129763509439,5.83390779325526,6.00559627993244
"gene-NXT2|NXT2",5.24244340163873,5.43584210073153,5.14420007171686,4.95863776678495,5.22861786486403
"gene-IRS4|IRS4",10.6713390876905,10.8921784921759,10.4063630732775,10.1009621583271,10.1602381501506
"gene-LOC105759170|LOC105759170",2.75837140793819,3.38544446868144,2.78916564414995,2.75938060928453,2.32618013962054
"gene-PASD1|PASD1",-1.12218710526277,-1.11589617052339,-0.65249451083753,-0.10843157101748,-0.369794624512023
"gene-VMA21|VMA21",3.38679477064859,3.70582255247541,3.60410739636592,3.40128012546161,3.24065296975534
"gene-TMEM185A|TMEM185A",5.93490155396232,6.10751995840423,5.74411553270641,5.50110445237069,5.78799627589354
"gene-RBM11|RBM11",1.81291349573991,2.48464602295681,1.34630666959073,1.07232477570516,1.83074655885659
"gene-HDAC8|HDAC8",3.48303033117759,3.18035971078748,3.50996696473289,3.66238696339867,3.65419357628051
"gene-DGKK|DGKK",5.77816482785422,5.4498376193871,5.54544593823822,6.06664432224909,6.51275007638511
"gene-PIN4|PIN4",2.08351113091691,1.5538930507422,1.80545802888981,2.07549818749252,2.03206228347104
"gene-LOC115495286|LOC115495286",-2.36249357007105,-1.56095457323621,-2.12527944796508,-3.02028563688163,-3.19016513806081
"gene-SLC25A14|SLC25A14",3.63886860394256,3.43387207078709,3.54897366206141,3.73822566423314,4.02313795165962
"gene-BCORL1|BCORL1",3.62342036300222,3.49605627661185,3.93409066645114,4.31095875071616,4.16201352290887
"gene-RBMX2|RBMX2",4.48479715938002,4.56847593765878,4.34141611594735,4.39519967403792,4.95748825177685
"gene-VAMP7|VAMP7",3.3617712035108,3.09657722621736,3.11992076497201,3.63613826653575,3.77391885078716
"gene-LOC100189957|LOC100189957",2.00261347578519,1.56017282107283,1.48653784707998,2.27200555916777,2.85242922429487
"gene-SLC16A2|SLC16A2",-3.24323666241284,-4.21695627788147,-4.44260286336935,-3.21195022376171,-3.30102763796157
"gene-ATRX|ATRX",10.33604866597,10.4569144405597,10.250614549457,9.8428485826324,9.88473852528289
"gene-ATP7A|ATP7A",7.85843317852103,8.33068107681731,8.05238175083609,7.53452623146973,7.72913161911211
"gene-ZMYM3|ZMYM3",3.41646889184951,3.821645340796,3.38200677386642,3.03901752006561,3.21478598621764
"gene-RAB9B|RAB9B",2.43565872661727,2.68249609875437,2.90932354899216,2.31856117711344,1.96660007178564
"gene-PLP1|PLP1",1.56607737604188,2.32571029989116,2.51448602062771,1.60397966102143,2.23856981577702
"gene-TRMT2B|TRMT2B",2.92917435053217,2.78630547767485,2.37706524203244,2.95312149546268,3.42790374044484
"gene-PRPS1|PRPS1",7.36244851941473,7.80231014959195,7.33401070676538,6.77108863164992,6.84318296749034
"gene-GLA|GLA",3.45792929413283,4.04947693368755,3.83327203290369,3.28886676039923,3.40291319831694
"gene-TAF7L|TAF7L",4.80824273734687,4.51746210630834,4.55614570557427,4.74855678091883,4.85366367160677
"gene-DKC1|DKC1",4.20598322426129,4.2165997907414,3.68607889008576,3.78049247164857,4.54968475435739
"gene-FUNDC2|FUNDC2",4.16790842039309,3.77124971908436,4.20673761549064,4.27056818039341,4.13646208921562
"gene-SNX12|SNX12",6.9807880393842,7.22498227305079,7.05053271894773,6.94692326456148,6.98836363183939
"gene-SLC7A3|SLC7A3",5.94896810699358,6.9040813025696,6.43781617750083,5.88373114912512,6.32691316146836
"gene-LOC105759175|LOC105759175",2.71727290923135,2.41352193448365,2.8439642966869,3.01607789053517,2.32632131727438
"gene-LRCH2|LRCH2",6.95060950927954,6.65608627703399,6.583304676267,6.76071459242381,6.83879350394427
"gene-LOC100224227|LOC100224227",1.37192412437554,0.757146064988111,1.17700708100754,1.53077352236926,1.42967444988026
"gene-LIN7C|LIN7C",5.94170033191118,6.09742201830174,5.89533745163104,5.70804229815969,5.75878532496993
"gene-ELP4|ELP4",2.45130894147188,2.0353606741605,2.47132221652583,2.5411020661936,2.54015178481336
"gene-DNAJC24|DNAJC24",2.1755074237983,1.967970890253,2.0071383077389,2.25852381232555,2.3894216966865
"gene-LOC115495379|LOC115495379",4.93302051873822,5.48024511844746,5.00846266510385,4.61553954429744,4.7215905533144
"gene-LOC121470096|LOC121470096",5.06120117691983,5.54493728247186,5.42133107013894,5.08819985581857,4.37446260560283
"gene-CAPRIN1|CAPRIN1",7.13889613747154,7.53640571730736,7.03749296799402,6.9014657433856,7.0089195265435
"gene-NAT10|NAT10",4.03589454918636,4.75790508585872,4.3008296160382,3.63734601211582,4.44633427190706
"gene-LOC115495655|LOC115495655",-0.270374281650469,0.590897113381841,-0.234568673762463,-1.76479790552246,-0.454327199977653
"gene-LOC100228631|LOC100228631",0.242761561600647,0.54549542678865,0.23286565712558,-1.17056588517005,0.69891586170945
"gene-LOC100222881|LOC100222881",3.36900120856879,4.23959796752513,3.73501783265884,2.99007417601409,3.867429940072
"gene-BEST1|BEST1",8.34343301426062,9.15269856238458,8.57442940106045,8.27831682757435,8.16631636311132
"gene-RAB3IL1|RAB3IL1",7.46231116869786,7.80956339669404,7.5711854373223,7.42516258541833,7.32872485030311
"gene-FTH1|FTH1",13.6516132142854,13.9613944750976,13.7244301063767,13.5622152750086,13.5576408416866
"gene-LOC115495659|LOC115495659",0.997978618150784,1.5428781722888,1.4144249481352,0.48060455618972,0.630458290355298
"gene-LOC121470097|LOC121470097",8.04073715612041,8.49583185074145,7.94790507458424,8.00676838038643,7.54122594539364
"gene-LOC115490544|LOC115490544",4.55849166768881,5.0726788113375,5.05934180219611,4.84199111306057,4.29503200973983
"gene-LOC140680234|LOC140680234",5.37253008923475,5.75996281079925,5.58092074490633,5.31130190926654,4.7398676876894
"gene-LOC140684209|LOC140684209",3.81020997591289,4.26010167862591,3.97314467270794,3.75808275556288,2.9723747356628
"gene-GPR152|GPR152",-1.16159419451075,0.644752268919727,0.248860189664321,-0.576537616287048,-0.455847195840184
"gene-RHOD|RHOD",-0.611281315649761,1.32394992323286,0.426512534580284,-0.629467517948023,-0.210341294241676
"gene-LOC115495410|LOC115495410",-3.43186928390156,-1.43208093840577,-1.79557849827944,-2.09813404024256,-2.38826712622722
"gene-STX3|STX3",0.466681071233731,0.944600327311716,1.09109419338526,0.103356239602363,0.461169617093235
"gene-RPS6KB2|RPS6KB2",4.52148854874322,4.50328652564407,4.54929245363076,5.32888002223014,5.36551446480146
"gene-PTPRCAP|PTPRCAP",2.12811456697741,1.37287279918132,1.91310645580967,2.36325228223827,2.13479130455811
"gene-OSBP|OSBP",4.70421445149482,4.62451967918389,4.73764502764559,4.84326956580145,5.35647666413157
"gene-PATL1|PATL1",4.73898757580892,4.67559448134555,4.7343755727207,4.90147305552589,5.05107660867724
"gene-MRPL16|MRPL16",3.15021719467663,3.56668593268187,3.27030895360955,3.73533100924648,4.20768395454044
"gene-LOC100231572|LOC100231572",-1.93704796447723,-0.300885844587315,-1.11531501148654,-1.35264084180048,-0.832491505081032
"gene-VPS37C|VPS37C",5.66921962544783,5.87407711120065,5.57451329712637,5.37847363224438,5.68740806934453
"gene-DDB1|DDB1",5.97141871321042,5.7186852882749,5.91335533417815,6.00157372918935,6.17396273116122
"gene-SDHAF2|SDHAF2",2.5974120371918,2.64010559906692,2.59954171633035,2.81173781699494,3.19109503873921
"gene-TMEM258|TMEM258",1.81984019818203,0.919552611943807,1.14126170957224,1.63119454214753,1.6504307518908
"gene-DEAF1|DEAF1",2.09999647488642,1.92622394546747,2.02936425737279,2.33288832949939,2.36830007437849
"gene-BUB1B|BUB1B",0.275335735084427,-0.244386272783978,-0.053089349676096,0.0401501557450733,0.388318843956474
"gene-SIRT3|SIRT3",2.3286778717642,2.14900771783596,2.3607871723209,2.65625482638568,2.74283535990795
"gene-LOC100232561|LOC100232561",-1.65916129349418,-0.405882290789763,-1.80634065471428,-2.05914162226864,-1.52918093555008
"gene-LOC115495440|LOC115495440",0.39114304449527,0.458377935667609,0.697955666887724,0.655989360173785,1.5712732299943
"gene-CTNND1|CTNND1",4.09294321997047,3.82928069557038,4.13056042701429,4.42242651492012,4.40346008329549
"gene-DNAJC17|DNAJC17",3.62811823608046,3.24257747353461,3.33839797123338,3.59723651427486,3.95373005207407
"gene-MRPL21|MRPL21",2.27156072181864,1.93030909728927,2.08264193363471,2.55705069193241,2.58682809733564
"gene-IGHMBP2|IGHMBP2",1.96582285607785,1.22615401216761,1.7348853252682,1.97926848618335,2.18702367999443
"gene-PGGHG|PGGHG",-0.156246529935716,-0.00791014567343241,-0.00886173145162829,0.265985445085341,0.977037138281891
"gene-LOC115495437|LOC115495437",-3.29711485109835,-3.12359809002667,-3.15529744243023,-2.91986567811578,-1.95453220039928
"gene-PSMD13|PSMD13",5.54117045293903,5.26515744460281,5.55346282156488,5.71904969520197,5.7502844301936
"gene-TNKS1BP1|TNKS1BP1",5.55764721205153,5.82927166743392,5.42006856596142,5.25038760404477,6.19216317143824
"gene-ZDHHC5|ZDHHC5",6.0310912400516,6.01206036437049,6.01452565627439,6.15467963988795,6.52871445720305
"gene-ZFP91|ZFP91",5.73365337333657,5.70070372357114,5.53273358060289,5.72254956402444,6.00453514338636
"gene-CDHR5|CDHR5",0.00868191686464555,0.398469700479971,0.765580280821363,-0.194356041450994,-1.34256673979182
"gene-NDUFS8|NDUFS8",3.75653663118565,3.73068346187686,3.80363753031173,4.26446010770212,4.37606487028571
"gene-C5H11orf16|C5H11orf16",3.92815440015467,3.57433128636956,3.5104301039721,3.72414186159951,4.18110007709352
"gene-TMEM9B|TMEM9B",4.90818433384234,4.80735239739536,4.94207392736723,5.06527281255343,5.22050179687898
"gene-GATD1|GATD1",1.8588730990139,1.38055101796105,1.91977476951372,1.88359385419467,1.87303601835495
"gene-LOC100232483|LOC100232483",2.28089645271904,2.77724207570257,2.64184146056415,1.89445677047493,2.37866211048615
"gene-CHURC1|CHURC1",7.43835913943426,7.7334913167381,7.56966269376895,7.33797866828473,7.55273493887144
"gene-AGBL2|AGBL2",3.98333671460124,4.61029022119048,4.27080423703004,3.78838462565807,4.36098688964815
"gene-NUDT8|NUDT8",4.26294619060411,4.60125249715322,4.06210687268923,4.47336750145877,5.23454702128957
"gene-NDUFV1|NDUFV1",6.30841534661201,6.41708891621812,6.4002128833485,6.52910186403437,6.71559187251319
"gene-EIF4G2|EIF4G2",8.75130063524555,8.82903604113779,8.49621482419278,8.42611410195678,8.47949377087318
"gene-LOC115495695|LOC115495695",-0.0885762329050416,1.02509208995678,0.65249042478998,0.267560218748839,0.282151045277895
"gene-CTR9|CTR9",6.02980313304912,5.52160210134364,5.7789650749028,5.98843309062187,6.16449187684851
"gene-TRIM66|TRIM66",0.614558811591864,0.87967461771603,0.290990250517693,-0.549773239349409,0.0543511563266824
"gene-LOC100190416|LOC100190416",3.50075204991551,3.31726380927342,3.7048245724861,3.50555252823065,3.88922919972424
"gene-C5H11orf58|C5H11orf58",5.20559853692926,4.92012378060163,5.17069622794538,5.20121003245132,5.53069867308615
"gene-SOX6|SOX6",9.9082857114798,9.82168803266418,9.6145530879222,9.66716811413937,9.33848056997816
"gene-HPS5|HPS5",7.55333710927377,7.99067397546384,7.6466131444913,7.19919699903681,7.2146407670588
"gene-GTF2H1|GTF2H1",7.9442772107439,8.16550028934871,7.80916028153631,7.47987573709809,7.65286275286247
"gene-UEVLD|UEVLD",3.0120140060476,2.43577667799018,2.78097405789898,2.97766250531581,3.27339060863555
"gene-LOC140684267|LOC140684267",-0.669536392330569,0.0375217565190557,-0.378518272468054,0.101179114186826,0.641431015892147
"gene-LOC140684268|LOC140684268",-4.32743476385814,-2.93553612008892,-2.10134719459342,-3.82895891136872,-4.00568314497188
"gene-CTSD|CTSD",7.55785092209022,7.67514414769376,7.75899919272045,7.55995484214591,7.32639202684468
"gene-MOB2|MOB2",5.52136945004139,5.1005506517856,5.35433017563703,5.69110158307588,5.6039316569064
"gene-LOC115495691|LOC115495691",-0.985603707193994,0.17031848509955,-0.677490653820802,-0.844051769710022,-0.453345927769287
"gene-KMT5B|KMT5B",6.45117854159894,6.68398572074964,6.1743141138465,6.25593123925293,6.23662023508016
"gene-LOC105759311|LOC105759311",-0.604748053506622,-0.869742081314799,-0.329710069842655,0.349786012501182,0.176374056775833
"gene-LOC140684277|LOC140684277",-4.56430689447456,-4.85897939843219,-4.61400395947204,-4.19290200448399,-3.32640289747733
"gene-RAPSN|RAPSN",0.98377135008325,1.01909878186265,0.889717146581402,0.81478082003202,1.46886787629461
"gene-PSMC3|PSMC3",7.58922851481925,7.97782985891462,7.77781990098151,7.41069255901751,7.55118859592203
"gene-LOC100220107|LOC100220107",2.09956426361257,2.62601579958534,2.44782438119854,2.35701307412562,1.92562390333039
"gene-HARBI1|HARBI1",3.57155046562508,4.01317478471503,3.55125639593719,3.51825433753285,3.47673647965239
"gene-PEX16|PEX16",2.43364985202351,1.83492150970242,2.23659185867012,2.57100753693842,2.59179629841377
"gene-ZFYVE19|ZFYVE19",4.39767132997263,4.25066978686482,4.13509127058559,4.53069051681126,4.80121369670142
"gene-ITPKA|ITPKA",9.30029282306085,9.40250852595509,9.11914631360361,9.08855251553263,8.79333326899592
"gene-MAPKBP1|MAPKBP1",2.11960211398089,1.60984343920664,1.89838566475339,2.33469051261516,1.92071703137292
"gene-SPTBN5|SPTBN5",2.68364112651126,2.89765770206257,2.51270329836547,1.37681038815079,1.2461697359523
"gene-EHD4|EHD4",8.46680884381194,8.57698507312469,8.11053729892893,8.11620700261326,7.95783367251025
"gene-LOC100220978|LOC100220978",0.404381242495086,1.41691234725449,0.72491035072515,0.686057435112585,0.599939501192955
"gene-TMEM62|TMEM62",2.97626873373936,2.32963084724833,2.56488200309242,2.8348571793221,3.02025675545266
"gene-UBR1|UBR1",6.05210943958238,5.65984194234887,5.87276893228074,5.93647576431181,6.06619865464513
"gene-SMOC1|SMOC1",5.29605567598966,5.74249127732074,5.44775514247317,4.71151450326665,5.5568197930761
"gene-GALNT16|GALNT16",-1.49074504783375,-0.750772785558565,-0.201922897957498,-3.47626899488382,-1.41687365656772
"gene-EXD2|EXD2",7.86382517225863,8.29737678516948,7.82046642766615,7.31993878809602,7.35538753765351
"gene-GPHN|GPHN",1.78525843093676,1.31100534760312,0.965886290080517,1.64237179919967,2.01202432467958
"gene-SPRED1|SPRED1",1.32555073603367,0.959590786755359,0.762596064979778,0.856262040025998,0.493148438667859
"gene-SCFD1|SCFD1",1.60837893865496,0.86199023328234,1.42712253726073,1.87455387444424,1.42913905924232
"gene-DTD2|DTD2",2.45918737135738,1.53129135425957,2.1959727599786,2.42588940968661,2.13880711463854
"gene-LOC100232496|LOC100232496",-0.436692969226422,-0.483727357137032,0.29591082610288,0.202819451627611,0.229525822484287
"gene-BRMS1L|BRMS1L",5.23886743400069,4.77524109508796,4.90652280180681,5.16928994508566,5.05721710992565
"gene-FAM161B|FAM161B",3.80259539627261,4.32950316902378,4.22298471684034,3.81393973109288,3.49366790691988
"gene-DLST|DLST",4.35137285588581,3.68828515242801,4.63901923172342,4.6554043782327,4.34736250846829
"gene-FOS|FOS",8.65799565781203,9.32866928800239,8.6315541915885,8.61802281176053,8.85207548364781
"gene-LOC121470124|LOC121470124",1.52670691477896,1.80111750307851,2.38770292730797,0.714350810220329,1.05049496592085
"gene-VASH1|VASH1",10.3371321817355,10.6083803621207,10.4342525033504,10.1725717867286,10.0944875733279
"gene-ANGEL1|ANGEL1",6.29280283145318,6.21690188013964,6.24743543371645,6.58619809481359,6.50408943092318
"gene-NOXRED1|NOXRED1",3.01979201032986,4.02023928470803,2.54647635819084,2.45202347861967,2.99820692555549
"gene-VIPAS39|VIPAS39",4.5478716245114,5.3053420253174,4.32614815774958,4.26781717414501,4.68549782636473
"gene-AHSA1|AHSA1",6.31534594619747,6.97512700724521,5.80910729023869,5.81245051422821,6.0453203708542
"gene-SPTLC2|SPTLC2",2.11860800705436,1.49710562528543,2.24000731423136,2.2298567649862,2.15917947060508
"gene-ADCK1|ADCK1",0.867613382071097,1.16635482012468,0.805060331118407,1.47016654162229,2.13371425690657
"gene-ALKBH1|ALKBH1",2.07546037436347,2.48918833325176,2.46225470866452,1.9860966879844,2.16628176594187
"gene-EML5|EML5",0.367983456046964,1.28372239227987,0.846311353802514,0.17997950595631,0.191836019927031
"gene-DGLUCY|DGLUCY",3.74655949594652,3.21893065470064,3.21159416594314,3.47550060180489,3.66370210047893
"gene-PPP4R3A|PPP4R3A",7.08197330489323,7.28148764524509,6.97583193392895,6.8409520842941,6.79363408452176
"gene-UBR7|UBR7",6.41592600393998,6.59298247039516,6.31457483929094,6.24613313785901,6.14522047065334
"gene-ATG2B|ATG2B",7.26240749102644,7.48526265765413,6.98589334816208,6.87827445194193,7.06490695069587
"gene-PAPOLA|PAPOLA",7.63555460153961,7.54996293579895,7.29938209292137,7.14048168084796,7.36561490309553
"gene-VRK1|VRK1",3.92378222364861,3.59250156017055,3.79139819232738,4.03809827205488,4.11444544323948
"gene-BCL11B|BCL11B",3.43646259260976,2.00796111856951,3.02460264869784,3.31721720636254,2.93865871636187
"gene-SETD3|SETD3",1.69942694146767,1.13722652577377,1.7679490142295,1.65284764489142,1.64243122551568
"gene-CCNK|CCNK",4.40538275189343,4.6500702761151,4.26670584732205,4.13595496332268,4.35200670796004
"gene-YY1|YY1",8.09796422349203,8.3419332341766,7.97677961600032,7.92054462171077,7.91543537696477
"gene-HSP90AA1|HSP90AA1",7.29461505907814,9.12973989903228,7.73537220333628,7.10602878464175,5.82191722288674
"gene-LBHD2|LBHD2",-0.644594171103343,-2.33133114958717,-1.9444021701365,-1.67405331325054,-1.08881253160277
"gene-EIF5|EIF5",9.56094561962731,9.78301077754775,9.21508304436157,9.30651562630393,9.22131607388551
"gene-LOC115495699|LOC115495699",0.654483669801346,1.45630075478428,0.659171805987772,0.508982000895923,0.20005378081078
"gene-COA8|COA8",5.1284180506443,5.10945866711367,4.80857813582633,5.34664753677486,5.38644014862364
"gene-HSPA2|HSPA2",10.8790999617144,11.8905942175021,11.1315665943703,10.589800689935,10.5023219729034
"gene-EXOC5|EXOC5",4.88787183974132,4.33883498151983,4.81943447085489,4.96835452434053,4.82616520186038
"gene-FBXO34|FBXO34",6.2595596190642,6.34335191944947,6.26435471201021,6.87164981156759,6.64239835423933
"gene-ATG14|ATG14",3.31670429979645,3.70193097631589,3.18645360030237,3.39572157868551,3.07753079773623
"gene-MAPK1IP1L|MAPK1IP1L",6.95071408977321,6.82440830941691,6.63601105593485,6.46558876163154,6.82001870361775
"gene-CGRRF1|CGRRF1",4.24773556794699,3.8800530154934,3.92496759604189,4.21855844866971,4.54173512269781
"gene-ERO1A|ERO1A",3.54213597417679,3.0801969889513,3.64931845615501,4.0069832039041,4.24983897563547
"gene-LOC140684358|LOC140684358",-1.96287163769629,-3.09655444958357,-2.30504106387076,-1.75444256001397,-1.75177296585155
"gene-SOS2|SOS2",2.85156953463226,2.30748569001736,2.9048048503674,2.83934317696409,2.71659139933128
"gene-NEMF|NEMF",5.21271006830301,4.8364623826831,4.86670239883461,5.20979922043436,5.45785979558706
"gene-KLHDC2|KLHDC2",5.30485899626229,4.81887949112176,5.12010093369995,5.33823280864297,5.29883953452119
"gene-DNAAF2|DNAAF2",0.513090911519202,1.63529244399415,1.36603476770332,1.96307817886565,1.37598731620282
"gene-DNAJC12|DNAJC12",5.16576160258376,5.96532059306726,5.70151574199137,5.32782162352634,5.04271569229235
"gene-SIRT1|SIRT1",8.4568229077485,9.04290652438456,8.58132878397569,8.3761896408709,8.27069340270432
"gene-HNRNPH3|HNRNPH3",6.05552785215065,6.2726321219789,5.93971029117753,5.61615694942701,5.85539716090134
"gene-VPS26A|VPS26A",6.45809036742527,6.67086568837331,6.48826227802691,6.38365144462648,6.14781466471223
"gene-PSAP|PSAP",8.44725171444923,8.53697243618084,8.51781235542039,8.23322836223658,8.03084591800598
"gene-LOC140684410|LOC140684410",-3.62905549384734,-3.38034932619966,-2.59166738522658,-2.43222123672497,-1.5625661157914
"gene-LOC140684412|LOC140684412",-4.81961207704813,-3.60426337964693,-4.26249690825044,-3.90042150765238,-4.87051168665719
"gene-SAR1A|SAR1A",5.86104137128341,5.85920047440458,5.6871088914578,5.39582614811868,5.74369681449859
"gene-DDIT4|DDIT4",6.66597669999968,7.12718117100411,6.46302074130276,6.10347726748584,6.36590662649625
"gene-MICU1|MICU1",4.89040393252491,4.67970407809382,4.7577265273522,5.0314612722276,5.01005851164062
"gene-LOC140684414|LOC140684414",5.4298307555012,6.16663898352025,5.64563072532694,4.94091374955644,5.068270843756
"gene-CHUK|CHUK",5.29758090850828,5.24089084835126,5.07631777396088,5.199118026292,5.7671863351905
"gene-ECD|ECD",3.26191451371279,2.79070072668261,2.78173913400396,3.16906645085575,3.62905022103969
"gene-SGMS1|SGMS1",7.26983478999991,7.78987237890275,7.77543603739884,7.24653573263189,7.15786437666658
"gene-LOC100219353|LOC100219353",1.52806994849754,2.15337254659939,1.8625614310552,0.290772966577032,1.38970676013115
"gene-UBE2D1|UBE2D1",3.35032549831136,3.07306467210966,3.0678202812668,3.24174475921393,3.52698043549125
"gene-OGDHL|OGDHL",0.331423068696675,0.234225672758925,-0.18035870699286,-1.49575139668947,-0.310178988277638
"gene-COMTD1|COMTD1",0.0347123807496413,-0.951978819723535,-0.198344437273052,-0.0539957033126361,-0.175748845356234
"gene-CAMK2G|CAMK2G",7.68740623890367,7.55928272691031,7.39716315518178,7.31216424259974,7.24798169059688
"gene-HIF1AN|HIF1AN",6.68437679521038,6.71028887337891,6.40746942350697,6.19243727916445,6.38442938097351
"gene-ZFAND4|ZFAND4",5.32400909069815,5.11882539297562,4.96944864434708,5.05327169931199,5.36017581993134
"gene-VSTM4|VSTM4",-5.1084089818529,-4.90404756694747,-3.93308083240913,-3.86705395975709,-3.65553829304903
"gene-ARHGAP22|ARHGAP22",2.04258992335775,1.56774399629101,2.04768790725916,1.98756278302414,2.20177607093889
"gene-TNKS2|TNKS2",6.67419592763901,6.80244577477585,6.32961115139896,6.238849146764,6.27373678359624
"gene-TBC1D12|TBC1D12",4.13572653286694,3.86449957740957,3.74279839326032,4.14284134233947,4.24228242703048
"gene-CPEB3|CPEB3",4.03082953504754,3.62113425689681,3.83203238629143,4.22617625412818,4.19682703932806
"gene-LOC101234170|LOC101234170",5.97487456575976,6.53460340423786,5.92742641931002,5.72817615198452,5.75989019943632
"gene-DNTT|DNTT",-0.304886876565235,-1.88036221642217,-1.35463115064993,-0.476752509728927,-1.20362987638709
"gene-ENTPD1|ENTPD1",6.29017195015959,6.68292794208994,6.75149299662146,6.50814181740137,6.3265955693109
"gene-DNMBP|DNMBP",4.10071170185375,4.38399428024028,4.37303141479265,4.92111600216181,4.61678020752322
"gene-ABCC2|ABCC2",4.4049068659964,5.24925593403799,4.64777549092006,4.56772862417897,5.11232665261377
"gene-SLC25A28|SLC25A28",3.54934138584083,3.50141203259553,3.85542714277057,3.96524927950606,4.38318723418089
"gene-R3HCC1L|R3HCC1L",1.9362844830381,1.55014333755929,1.99539684728831,2.38165095041462,2.37793968416993
"gene-ZFYVE27|ZFYVE27",3.93470241892788,3.97162744419315,4.17713072234314,4.43585166535613,4.589888662762
"gene-PI4K2A|PI4K2A",4.47050963252737,4.5322106063917,4.55850795793784,4.74728531592512,4.92075247345309
"gene-SLIT1|SLIT1",-4.27093256434852,-2.43012253875856,-2.18559035787889,-1.41586395054924,-2.59633092868941
"gene-ANKRD2|ANKRD2",2.6164545938378,2.46191912995379,2.24139187376276,2.36861889377546,3.16148558642439
"gene-EXOSC1|EXOSC1",3.67702477012414,3.91395753474978,3.85020671069041,4.06777736792898,4.45994933276726
"gene-LOC121470213|LOC121470213",1.41772149999084,2.04992254477467,1.38250987164165,0.745913447273967,1.11339132524747
"gene-PPRC1|PPRC1",4.53727365746642,5.30256338175062,4.86262479566862,4.43824972338472,4.83078504208375
"gene-FBXW4|FBXW4",2.4375353478485,2.32105558080524,2.77474954677223,3.03175324659916,2.65575123141943
"gene-LOC116808554|LOC116808554",3.7353060250789,3.79924526863746,3.92732232613967,4.46868870423268,4.34402247304525
"gene-SLF2|SLF2",2.23895917173798,1.75947159849133,2.24674816136561,2.49668188089383,2.13575994620655
"gene-NT5C2|NT5C2",2.11786726365069,1.48593623564192,2.46893049888549,2.67995386366337,2.19252216647411
"gene-TAF5|TAF5",4.15768794545028,4.54867397314341,4.3382780865911,4.11621751189543,4.13377412482874
"gene-PDCD11|PDCD11",4.73704989161435,5.18012306785937,4.71136042012206,4.59479584617921,4.99705788803004
"gene-MXI1|MXI1",10.4064772087434,10.5133868133307,10.3131261533215,10.0670019441769,9.97755826882585
"gene-SMNDC1|SMNDC1",8.25995937523488,8.39593410439836,8.01581934847797,7.59237182346693,7.69775453039997
"gene-LOC115495805|LOC115495805",1.67581235942151,2.49142300750399,2.57727049111268,1.44992663779545,1.01951176710072
"gene-VTI1A|VTI1A",2.65550239721973,2.52955161606623,2.29236562804501,2.73314730754791,2.7526609795006
"gene-LOC140684465|LOC140684465",-0.115093647233849,0.884939646461391,0.536546677137691,-0.317926603318355,-0.277209083880229
"gene-EIF3A|EIF3A",6.24608446968175,6.11020096744497,6.09315520454107,6.28205995701492,6.26671388688059
"gene-PRDX3|PRDX3",5.57934998640797,5.22732360634925,5.1555340949647,5.17735971237407,5.77374203778197
"gene-MCMBP|MCMBP",4.64181200634401,4.47112745741855,4.59338920582629,4.83610392866014,4.70734496425332
"gene-LHPP|LHPP",-2.13517554369196,-1.26572039831986,-0.438729855736399,0.0188964581949566,-0.961930201196527
"gene-ABRAXAS2|ABRAXAS2",4.95439517830618,5.24084859451002,5.09748740198592,4.92199660562849,4.99511029219405
"gene-EDRF1|EDRF1",7.63426612478486,7.9053098922583,7.3753953196714,7.3789764936531,7.30581917059151
"gene-TRAF3IP1|TRAF3IP1",2.40184898884453,3.06618197479674,2.38841347608388,1.96010749194538,2.79332739598815
"gene-LOC140684541|LOC140684541",-3.61035407904013,-2.11030213869924,-2.65034221212598,-4.46372304305729,-3.5111098552272
"gene-OSBPL11|OSBPL11",2.5514868158781,1.80071990214014,2.21154693384024,2.4475137592649,2.1908268389782
"gene-SNX4|SNX4",1.07105823178876,0.0753631775339634,0.805852489560456,0.953364834475736,0.502561296092118
"gene-UMPS|UMPS",3.86006303512625,3.70677918930038,3.66447646609276,4.10175955477299,4.29593600005805
"gene-SLC49A4|SLC49A4",2.79619287302855,2.76741126798233,3.13839749381995,3.34172374114363,3.10904397438129
"gene-SLC15A2|SLC15A2",1.08792895878065,2.40602251916816,2.70211618919095,2.31719955483406,1.50217984185619
"gene-PTPN4|PTPN4",7.25205595233341,6.81669668685747,7.00703926438792,7.18609944999343,7.27743159830939
"gene-BIN1|BIN1",-1.08391943220146,-1.30886369662781,-0.754039525661658,-0.716992415255388,-0.534891309658494
"gene-MAP3K2|MAP3K2",4.14415767823197,3.69876868642508,4.22807865079689,4.36713838841393,4.50162314610133
"gene-USP37|USP37",4.6501649172112,4.43900242379601,4.30197368949205,4.4970607583939,4.78935959307928
"gene-CNOT9|CNOT9",4.92950546164336,4.86390456511486,5.01851942394038,4.96888084314965,5.20566796660135
"gene-CYP27A1|CYP27A1",1.01818127086961,0.0277018826435868,1.34690978983892,1.323932907792,1.04220584267288
"gene-TTLL4|TTLL4",4.60713429488269,5.15914458454131,4.80944578811166,4.72658724443521,5.04519673725324
"gene-BCS1L|BCS1L",4.01410720831877,4.00030254620753,3.91936149916829,4.02822747484338,4.3072573016274
"gene-IHH|IHH",-2.19344956942097,-1.23596445411906,-1.91782065390733,-2.57994591128159,-2.67069175899607
"gene-NHEJ1|NHEJ1",0.856313498379264,1.86077631589934,1.26796588681726,0.947046523905375,0.871650053346594
"gene-SLC23A3|SLC23A3",4.62923361579146,5.30985400127315,4.55832587085369,4.5790676271547,4.60201975715484
"gene-ZFAND2B|ZFAND2B",5.79989126589232,5.76523582205884,5.5816027121051,6.01417414619395,6.16347142085748
"gene-ABCB6|ABCB6",7.02641498075253,6.97356157799734,7.17856968213218,7.45058406689922,7.47305035646208
"gene-PPIG|PPIG",6.10419723776419,6.02407723537147,5.82106677580177,6.07667828697455,6.26315500019074
"gene-METTL5|METTL5",4.01191948038413,4.03590193239213,3.80644018139916,3.84279345297345,4.53534266579406
"gene-UBR3|UBR3",6.12472224842526,5.95490082227512,5.81518385366352,6.02018469659722,6.22277778137788
"gene-LOC140684521|LOC140684521",0.639989601468677,1.79045895393443,1.4081744289925,1.07351380562973,1.00900668567597
"gene-METAP1D|METAP1D",-1.43076388425564,-1.13004928810792,-0.86950521583766,-0.391146916308221,-0.286627687010553
"gene-ITGA6|ITGA6",7.14563553069577,7.15208509171622,7.09070848169989,6.9461766757283,6.71737161020962
"gene-LOC140684562|LOC140684562",5.16208650298556,5.24815356456339,4.92257869352091,4.93661851638187,4.58425541721503
"gene-SCRN3|SCRN3",5.10337077707312,4.8765162949157,4.75529165325026,5.22463417679928,5.1186867642279
"gene-PLEKHA3|PLEKHA3",5.02165588916968,4.27436115051145,4.23033702347749,4.82288507877801,4.56528476202206
"gene-NFE2L2|NFE2L2",10.1592346587831,10.2841827520742,10.1725809976357,9.85318570101316,9.75028949710721
"gene-LOC115495975|LOC115495975",3.01912273925449,3.46967840031561,3.02841294653005,2.53632023296124,2.57828724858333
"gene-LOC140684571|LOC140684571",-0.266621866019701,0.787533147622447,0.856249450052274,-0.245869853527108,-0.620246384864767
"gene-LOC101233194|LOC101233194",3.0406297310361,3.44551540425339,2.93612955740116,2.43579553463652,2.62546889063066
"gene-PIKFYVE|PIKFYVE",6.53755246762068,7.0406090731822,6.55811853569247,6.37450341261447,6.44615762575423
"gene-IDH1|IDH1",4.4368419359292,4.32139754897596,4.25041301055879,3.96858347638882,3.97834218311956
"gene-INO80D|INO80D",4.4331093000857,4.87201933264686,4.51166960381257,4.53003737217964,4.449709746929
"gene-LOC115496092|LOC115496092",-0.585454236721364,-0.00241949848860858,-0.435889603417934,-0.438557534416578,-0.848277111557602
"gene-WDR12|WDR12",2.36887750645363,1.82685432734685,2.50915944396143,2.311112231052,2.41604319284887
"gene-ALS2|ALS2",0.451592999485563,-0.189411857470593,0.22419528787513,0.484450873229436,0.60522442833029
"gene-LOC100220453|LOC100220453",4.15460727133291,4.87807992452327,4.38797915047308,3.74953098221274,3.49491731003049
"gene-STK17B|STK17B",5.25212980651238,5.26130244384445,5.41716493241304,4.63383401083418,4.4619847351403
"gene-CAVIN2|CAVIN2",-0.253044469117576,-1.7946729322797,-1.34183037347878,-0.740822904167822,-0.938147130957967
"gene-LOC115496003|LOC115496003",2.81027788133813,4.16675110796447,3.24995448031094,2.75856412107942,2.66120928057423
"gene-HSPE1|HSPE1",5.19207518628234,6.23264464670852,5.66257440702518,5.26005911334264,5.42999543458083
"gene-HSPD1|HSPD1",6.75921579958711,7.47687304402644,6.56661683777091,6.19820895865107,6.38301591638767
"gene-HIBCH|HIBCH",2.44405688741987,1.68950932796434,2.13720592935698,2.46608694397845,2.14860216350426
"gene-NAB1|NAB1",4.43892930762619,4.07796012872097,4.15893073583333,4.15056019341653,3.79890769882942
"gene-MFSD6|MFSD6",7.36067978524651,6.98196403153002,7.10736373647221,7.33465544573364,7.19033882350873
"gene-PMS1|PMS1",3.51777440674427,2.95622525259959,2.81478395089458,3.19586691582426,3.37576421151453
"gene-SLC40A1|SLC40A1",8.14952733274002,8.22447393385812,7.85180967942906,7.67737552872631,7.50324323931154
"gene-SLX9|SLX9",0.544139130494474,-0.0104096462143564,0.871969658903809,0.945324559903717,0.492360427759889
"gene-UNC80|UNC80",0.727849238761367,1.56806468420811,1.26425406628307,0.385145416111939,0.359065059681731
"gene-RPE|RPE",4.72883578850905,4.42425142964608,4.37314855488624,4.5439052311723,5.18578598544802
"gene-KANSL1L|KANSL1L",6.08847763765869,6.19742755696545,5.67947806597624,5.46609366283654,5.68419135222477
"gene-ACADL|ACADL",3.30276583808383,2.67349781084754,3.21953449426943,3.41198982270076,3.22489945643625
"gene-DDX18|DDX18",2.56747574370153,3.19428841036488,2.63002571335539,2.85571020850684,2.39899258936416
"gene-ACTR3|ACTR3",6.01635338484326,5.49895356952354,6.05573912342057,6.11949726310245,5.927165554266
"gene-R3HDM1|R3HDM1",3.43151238368097,3.23723727185277,3.43115530499958,3.73757363610281,3.7185777648552
"gene-UBXN4|UBXN4",6.0046350003233,5.7679580199795,5.81697455166947,5.60713515225456,5.88249755434484
"gene-DARS1|DARS1",2.09007208340153,1.57564520086243,2.4101857700197,2.36466446092445,2.30625261320101
"gene-ACVR2A|ACVR2A",6.47408438763188,6.73279114095707,6.30599805905144,6.25795175264694,6.35253496769573
"gene-RND3|RND3",0.265651459896241,1.243709785193,0.871850264519685,0.459084093087224,-0.21717940480219
"gene-STAM2|STAM2",5.35653304909725,5.27344629994003,5.59704998918055,5.79716256631609,5.63964666992768
"gene-NR4A2|NR4A2",2.61323824640223,3.51992714391947,3.15613727049929,3.05866276508139,2.67470477510076
"gene-LOC115496148|LOC115496148",1.30434827404072,2.21188743866227,1.93685579383194,1.37622618089766,1.47524774360365
"gene-LOC121470339|LOC121470339",1.58552104916142,2.88252689323809,2.66970547692409,2.03695105907562,1.73319120702511
"gene-PTGER3|PTGER3",1.74477177219144,2.44398242513704,2.14813059277383,2.04847197577707,2.0403202417667
"gene-DNAJC6|DNAJC6",-1.8868598005765,-0.443661773957695,0.147322967187193,-0.827198089952477,-1.66003664669945
"gene-DNAI4|DNAI4",1.64327160121423,1.69701194720919,2.04060655598577,1.26223352523135,1.16457484253082
"gene-DEPDC1|DEPDC1",2.43532221137415,2.48537679186601,2.78605359413885,2.75545495716943,3.17199880363957
"gene-MIER1|MIER1",7.98368193761511,8.03180091594487,7.8390857038532,7.65851956244749,7.56653838938421
"gene-JAK1|JAK1",6.9740734510535,6.64515657490741,6.74165995103224,6.80288984042969,6.87759352906812
"gene-LOC121470314|LOC121470314",-2.52460598853227,-0.663186566393661,-1.10749203266167,-1.36128496077847,-1.12325954939291
"gene-TM2D1|TM2D1",3.03276621831449,3.11069253010468,3.17602765937369,2.99965894241717,3.52784712372327
"gene-NFIA|NFIA",3.73426986903827,2.77092010918341,3.2165618521577,4.55520335943521,4.34559682256646
"gene-MYSM1|MYSM1",4.10936013860523,3.62343565675768,3.87871561293736,4.03757844147291,4.00968891689597
"gene-USP24|USP24",3.22692414725159,2.29695803150317,2.69175580524247,2.88640930422593,2.44270567516226
"gene-MRPL37|MRPL37",0.872648671271881,0.288998404940791,0.949832574075415,1.2316479316357,0.640337908702951
"gene-SSBP3|SSBP3",8.54331961698562,8.76720679829374,8.5352273099802,8.44532544868417,8.35848416472684
"gene-LRP8|LRP8",-2.53452786224711,-3.36746281193468,-2.09974165337136,-1.79829625131293,-1.77358840967846
"gene-SCP2|SCP2",3.70132750826517,3.26920570662591,3.69651097233806,3.68129807246708,3.85462827154241
"gene-LOC100218379|LOC100218379",5.84717032564619,5.6510195384138,5.47015451297845,6.0426070746084,5.85302698725091
"gene-PRPF38A|PRPF38A",3.08680179115085,3.1856928811222,3.1020561850884,3.63979055834999,3.65110259136971
"gene-CC2D1B|CC2D1B",4.16983739423705,3.6957050813967,4.11758175965729,4.41168667154273,4.50091922643561
"gene-EPS15|EPS15",4.78339055451926,4.11812595165765,4.82374524115963,4.82404502061705,4.67938608502045
"gene-LOC115496227|LOC115496227",4.84794642423086,5.22663799949817,4.86820438819225,4.86368127702646,4.55028410044767
"gene-FAF1|FAF1",4.64344438711706,4.41564576091376,4.17556188687614,4.75975541133405,4.52298600934345
"gene-STIL|STIL",5.95259217163219,6.13678907926106,5.84262313885884,5.35804997922847,5.06015167043339
"gene-NSUN4|NSUN4",-0.392037625910146,-0.313113165938352,0.431456012348319,0.675996450859778,0.405809396540801
"gene-TAL1|TAL1",10.5943506848167,10.7278416272111,10.4972104811968,10.331575651379,10.2267686071563
"gene-PDZK1IP1|PDZK1IP1",3.35634797398087,3.78557230273051,3.70836672135514,2.22608652250225,2.98737809826976
"gene-LOC100228937|LOC100228937",1.80644183202827,2.43473752967978,2.53593133975259,1.8331856630078,1.10967830303972
"gene-POMGNT1|POMGNT1",3.03507047464591,3.31161977762911,3.08278081902217,3.52669799046047,3.63145103312352
"gene-MAST2|MAST2",8.01440917323296,7.68771927116801,7.58837276951319,8.12866855993263,8.14581937062746
"gene-LOC100225066|LOC100225066",4.31805146548075,5.73733697934541,5.26595451276446,4.37621275943071,3.71848760548296
"gene-TOE1|TOE1",3.5797362075673,3.60493741152276,3.56704188267925,3.755608816761,4.08928641095209
"gene-IPP|IPP",5.25103960850932,5.37887456919991,5.13986383501251,4.74417247143859,4.86100782374555
"gene-UROD|UROD",5.06470768258605,4.66559211649653,5.46399530178199,5.5963819775989,5.46721844403302
"gene-KIF2C|KIF2C",1.74334802021256,2.34092034879391,1.36221917651652,0.204342219964568,1.63572657842931
"gene-PLK3|PLK3",1.63161531020227,2.17818816311374,2.18623935729918,1.42965612375976,1.54011006198467
"gene-LOC115496315|LOC115496315",-0.976421567368447,-0.274122468468429,-0.814192042152641,-1.2450716644915,-0.850424390312705
"gene-LOC115496312|LOC115496312",1.73843732653062,1.83092727977561,1.66140039000997,0.907057442882444,1.4078213677787
"gene-DMAP1|DMAP1",6.40677967321044,6.93463722375813,6.54050223307677,6.19530099386432,6.15755686578055
"gene-KLF17|KLF17",10.049562991348,10.4214677246908,10.1120835750092,9.97901516593432,9.7162674387564
"gene-DPH2|DPH2",1.91505138906379,2.80188253823336,2.75402092555699,2.26729062890259,2.37176092858299
"gene-CFAP57|CFAP57",-2.62120702999847,-3.93018604176299,-3.14003130499362,-2.83267470576439,-2.09867851224524
"gene-PIGK|PIGK",1.4960034817253,1.07666612943598,1.990495817705,2.07400105306073,1.59643545561348
"gene-ZZZ3|ZZZ3",4.3044588082593,3.84385033740193,4.3099590428216,4.3831753842773,4.4763225022341
"gene-FUBP1|FUBP1",5.56876960321994,6.51774876744929,5.93814667125821,5.44106264384996,5.51551553424352
"gene-DNAJB4|DNAJB4",9.45648560147589,10.4044240024345,9.57711254421054,9.16051428281308,8.80828941559713
"gene-BCL10|BCL10",4.27539519656919,4.14001119859493,4.17223541888366,4.25825998557316,4.50696903982838
"gene-RPAP2|RPAP2",1.46008341888808,0.616579545700998,1.12665948898358,1.24234686538353,1.00383010739145
"gene-DIPK1A|DIPK1A",1.13022231999186,1.77700897759219,1.45353008060001,0.894887599070165,1.14676529743901
"gene-PALMD|PALMD",2.07916954465864,2.11124893712751,2.32363583098861,1.63755282017645,1.33269971393439
"gene-GPR88|GPR88",-3.87918293419569,-3.8657114612936,-2.66603609487139,-2.26535473518526,-2.81291920066977
"gene-SLC25A24|SLC25A24",7.18213640532987,7.32355202710149,7.0360971033241,6.99781895805133,6.96165109093026
"gene-NEK7|NEK7",2.59271140794011,1.91638843249193,2.39739588474173,2.7986568001961,2.15748044430499
"gene-CDC73|CDC73",6.97383760416815,6.64394704528149,6.68784300385606,6.97924483957632,6.79353268438823
"gene-RC3H1|RC3H1",8.14476551905819,8.48778787199639,8.3261454825606,8.28787219520596,7.99136163119818
"gene-LOC115496323|LOC115496323",-2.96054891662403,-1.79132437885521,-3.00476646661422,-3.39525800144504,-3.55179505913817
"gene-LOC115496310|LOC115496310",-3.24985065822971,-1.89614698585132,-2.37760540117061,-3.33857302271273,-3.42453949777521
"gene-LOC115496311|LOC115496311",-0.666423055924367,0.230714662482752,-0.43976974349783,-1.05164117486801,-0.93415811049336
"gene-HEBP2|HEBP2",2.94476372939999,3.96335890716421,3.25219351226226,2.90496727299307,3.0312346192589
"gene-SWT1|SWT1",2.83091192175498,2.25842294377579,2.78932170633841,3.03581499442932,3.36745830228314
"gene-LOC140684620|LOC140684620",-4.50089645685567,-1.80090744012996,-2.58840728395845,-3.58324532495327,-2.63345613292139
"gene-CACYBP|CACYBP",4.71060156997715,5.11832575782148,4.31292549979696,4.16891509504365,4.36840358746139
"gene-LOC121470309|LOC121470309",-0.669217719390041,-0.128807582000832,0.0850692983913512,-0.672614736452565,-2.13318972515204
"gene-HSD17B7|HSD17B7",3.55022716249875,4.13707444235864,3.59039550730807,3.0535789928413,2.91270267904419
"gene-DDR2|DDR2",2.36853578209715,3.5502735483319,3.14341114230266,2.19761986344177,2.59630363837734
"gene-MTA1|MTA1",2.23127722318563,1.53486728926143,1.88884909265502,2.25934568320322,1.90528980922635
"gene-PDE4DIP|PDE4DIP",4.85646069663404,5.52086024064121,4.96738596439416,4.39748038230368,5.07361545917153
"gene-LOC100232391|LOC100232391",0.919597749595916,1.95414954811569,1.01151454087186,1.09442960799554,1.06880527031062
"gene-LOC140684632|LOC140684632",3.13871797539851,3.61486331535113,3.45425877216832,2.88796204406869,3.09816827215937
"gene-ITPA|ITPA",1.06971262444562,1.07678077993225,1.01416609166623,1.37292766448628,1.7914209422818
"gene-VAMP4|VAMP4",3.6013362684615,3.39971614431315,3.56119618258319,3.55464359872904,4.10528642881096
"gene-KIFAP3|KIFAP3",2.09934744935018,2.02654590116003,1.83954429226065,1.87810330293672,1.5102702745746
"gene-NUF2|NUF2",0.287583631494395,0.51658496958837,0.0572875706008275,-0.211959695401136,-0.518441313203199
"gene-CEP350|CEP350",7.55821549274709,7.99628994696347,7.33870113893387,7.16763505507738,7.51410980014709
"gene-RALGPS2|RALGPS2",4.95931704865046,4.44234276550806,4.89815246200325,5.27954958601297,4.80999044742299
"gene-COPB2|COPB2",6.89429095610023,6.70009067198612,6.70855006747191,6.71265799019282,6.90772370215994
"gene-MRPS22|MRPS22",1.68345460563295,1.78681780313014,1.47287655963866,1.1618256517587,1.50029080853706
"gene-LOC105759491|LOC105759491",0.345273546790133,-0.660470308873353,0.355334122222628,0.217894488212805,0.288964308609512
"gene-YEATS2|YEATS2",5.10053077864084,4.98165485244042,4.99696721161965,5.08424457665038,5.40500731870261
"gene-ETV5|ETV5",0.7684551984701,0.829838769427667,0.965902612374116,1.51417784052324,1.69852976730277
"gene-ING5|ING5",8.05733098885341,8.18170002739664,8.17292017251898,7.83144716211935,7.92285113894037
"gene-UBE2G2|UBE2G2",5.27407796606907,4.73983325973165,5.09701526291008,5.53841089061658,5.48311487256565
"gene-LOC115496454|LOC115496454",-2.2319318042802,-3.3170711871659,-2.12381885036956,-2.25152691164425,-1.86616795632536
"gene-HDLBP|HDLBP",6.38691305839087,6.34372097801265,6.26530799614946,6.65863104720124,6.65933421247174
"gene-TRA2B|TRA2B",4.57906742009227,4.25004035510101,4.20318736610889,4.27316783079595,4.667119331353
"gene-PFKL|PFKL",1.30763852789189,0.690423641955373,2.05244660737126,1.9756382933794,1.684885323246
"gene-TBCCD1|TBCCD1",4.25198768826171,4.15096788182792,4.1704376151504,4.01271171753756,4.41315274384878
"gene-LOC115496478|LOC115496478",-1.07921620965895,-0.608835483057557,-0.764560636802597,-0.540045156894258,-1.43748307237881
"gene-GIGYF2|GIGYF2",8.25329354968581,8.43256060957125,8.10570166219756,7.9368824993819,8.11196562785436
"gene-FARSB|FARSB",1.34255695466447,1.09110212449278,1.82285884232958,1.8866441138731,1.66049989755943
"gene-COL4A4|COL4A4",0.86113947900567,0.182336254845748,0.674788973552456,0.977381479078177,0.685436147834734
"gene-MFF|MFF",6.57627644416606,6.12110498738449,6.2456675256566,6.3655981717585,6.59582704641602
"gene-LOC140684701|LOC140684701",1.78008007865272,2.35556197849154,2.31240925808474,2.04726463309298,1.69711279066762
"gene-TRIP12|TRIP12",9.92826040597437,10.0610803970197,9.96636875530796,9.66364556339972,9.67419781110301
"gene-ATP1B3|ATP1B3",5.9133456273033,5.57352185093513,5.90849887244584,6.21005372930042,6.08461815973334
"gene-PAQR9|PAQR9",-4.68532877329355,-2.48579487915464,-2.10307093262545,-2.84965148920706,-3.8063132118323
"gene-DIPK2A|DIPK2A",0.326420787725667,1.06335405322392,0.965058815167562,0.73762895278744,0.363321473378763
"gene-DLG1|DLG1",3.86865072988398,3.28638100974138,3.00831819908906,3.03144349779037,2.84628658397966
"gene-BDH1|BDH1",3.21828052630758,3.00640821659247,3.18302227671178,3.92632136921194,3.65742217028048
"gene-LOC100232689|LOC100232689",0.267579736680808,-0.00143059686760444,0.21109902052109,0.860504457837687,0.829599188203758
"gene-OPA1|OPA1",4.43744247352627,3.95763902911053,4.37051353583189,4.74459188786903,4.5668784340104
"gene-GMNC|GMNC",-2.06623677591903,-3.34233876307375,-3.51638773594538,-1.95560617826579,-3.69904980172533
"gene-LOC115496343|LOC115496343",1.67070793927632,1.96877144666352,1.52747306701568,0.944359301002806,1.08730929861452
"gene-LOC101232903|LOC101232903",-0.316005028602441,1.2192203688314,1.22141066578114,-0.391878299939408,0.719992404853211
"gene-LOC115496371|LOC115496371",1.36847096505228,2.29971179183261,1.42934643955835,0.997978402421432,1.32555425722524
"gene-ARMC9|ARMC9",1.41370697868013,1.84759542905155,1.1960939141725,0.938301783447896,1.3530062202598
"gene-DIS3L2|DIS3L2",2.80125960978331,2.39190323963345,2.94759886225664,3.17346398799837,3.03420995547207
"gene-LOC100230674|LOC100230674",-1.22062126888113,-0.418945054634626,-0.133042795845396,-1.96218640913082,-1.1508879280492
"gene-CAPN10|CAPN10",2.78980975526848,3.37536505046451,2.81431308297062,2.10292087190328,2.62871177638638
"gene-EIF4G1|EIF4G1",7.42663471559981,7.43306598404165,7.31885488588046,7.65161895807792,7.7266476991706
"gene-PSMD2|PSMD2",6.46922856811342,6.40715149503652,6.66105658652552,6.70431050246943,6.71972594971004
"gene-SENP5|SENP5",4.36753000032953,3.96972292412347,4.42808114908501,4.49237995966686,4.40613753826338
"gene-KNG1|KNG1",-4.2487190811344,-2.53324515896569,-2.19139102324706,-3.93180053943277,-3.32677473069402
"gene-EIF4A2|EIF4A2",9.15913321983284,9.24007761734995,8.8580237282756,8.82789079884726,8.69047738261284
"gene-LOC115496485|LOC115496485",-1.20705015679455,-0.759726307676655,-1.14901995190245,-1.22993852890113,-1.65102363924848
"gene-LOC115496482|LOC115496482",-0.43975784988241,0.382530382852264,-0.483432802288317,-0.683495203685608,-0.873997807925577
"gene-LOC115496474|LOC115496474",-0.282638461229673,0.792135957562629,-0.313485110184039,-0.591976134421368,-0.793708424930297
"gene-LAMP3|LAMP3",0.585915459992436,-1.05374549700426,0.409240882371141,0.937979847178322,-0.152006190451962
"gene-DCUN1D1|DCUN1D1",4.55080567215781,4.39717316576935,4.41526272737759,4.53096308129524,4.74837506549083
"gene-B3GNT5|B3GNT5",8.80067653217243,8.96252105262019,8.84232995437024,8.56875166714669,8.33960367953056
"gene-FXR1|FXR1",10.0269758142234,10.2542640174371,9.72864881718953,9.50225868290638,9.54392603747966
"gene-CCDC39|CCDC39",-0.558230619207178,0.462427860456746,-0.142181843393966,-0.354240472042108,-0.555144786310046
"gene-MFN1|MFN1",4.07029821986671,3.84668038366127,3.82312591251554,3.97260786037998,4.29013704310636
"gene-PIK3CA|PIK3CA",9.9309779067339,10.0898775449715,9.82412479298055,9.66756807140471,9.48611205727006
"gene-LOC140684714|LOC140684714",4.75244510190326,4.9137596853921,4.6493590976248,3.84961829874291,4.1206096499716
"gene-ZMAT3|ZMAT3",7.04793446971409,7.16407787215257,7.00546867109758,6.70827207352785,6.73509113633132
"gene-EIF5A2|EIF5A2",7.33513884477484,7.6950751566954,7.09186246442678,6.85012746829216,7.40520114637047
"gene-RPL22L1|RPL22L1",7.57242670962109,7.95388198851497,7.4907777309039,6.95848794703366,7.36854217769088
"gene-SLITRK3|SLITRK3",-4.33379788759941,-4.24661620120406,-4.17918831306399,-5.06043243642944,-5.20761503112202
"gene-LEKR1|LEKR1",3.4417559595661,4.37143236530398,3.86164075368803,3.51677767530898,3.16582640437549
"gene-MFSD1|MFSD1",8.14931924058464,8.62083087378857,8.55128909319074,8.04423832289889,7.85727047883436
"gene-GFM1|GFM1",4.07357204772656,4.5071507890078,4.37119401371946,3.61875649445617,4.00594348509027
"gene-MLF1|MLF1",11.0401077168936,11.4086605590916,11.114356429458,10.4931663057323,10.4982783851594
"gene-LOC140684730|LOC140684730",0.787824606015174,1.76946978042981,2.33738726134601,1.16396640876331,0.841557302539821
"gene-SUCNR1|SUCNR1",-3.92524686712412,-3.12026557822051,-2.67489416012052,-3.35002112512937,-4.2164341160243
"gene-GPR87|GPR87",-4.22026811055944,-3.44855463647648,-3.62106757837337,-4.12753047316038,-2.63897608461175
"gene-MBNL1|MBNL1",9.91568826886768,9.84695313455582,9.74289362210029,10.0025209633948,10.1532872195772
"gene-EIF2A|EIF2A",5.30242585956596,5.35390556879123,5.10981510608894,5.08642274526314,5.60550674444152
"gene-LOC115496385|LOC115496385",-0.871146379764555,-0.241720639597737,-0.824087004030611,-0.945139568625963,-1.41726886003326
"gene-TSC22D2|TSC22D2",8.59623742606877,8.93192127436578,8.62258415824235,8.45158907697634,8.40683294249872
"gene-COMMD2|COMMD2",5.0083660133158,5.56534171832754,5.125218119333,4.92022349026525,5.16528584495671
"gene-LOC121470544|LOC121470544",5.69897836575438,5.24237220240128,5.67311801337269,5.51640057552174,5.63408173475272
"gene-HERC1|HERC1",9.82840856573343,9.93604929970651,9.76674657452248,9.4481409256491,9.45142186149278
"gene-ACSBG1|ACSBG1",5.73392814203167,6.93610765569904,6.13745888880498,5.49054552133442,5.4977002531554
"gene-DNAJA4|DNAJA4",9.44091938320207,10.4952617837259,9.36560470301381,8.87308897500206,8.91686324290365
"gene-SKIC8|SKIC8",2.28174667348402,2.82026814622048,2.5133385730561,2.23047188899081,2.27611804950133
"gene-CHRNA3|CHRNA3",-1.07847983552975,-2.6800806459936,-1.7305306134526,-1.68321873261864,-1.55054488111285
"gene-LOC140684795|LOC140684795",0.988428409927612,1.78831707634678,1.83270981427908,1.04121193143029,0.866417031504816
"gene-IREB2|IREB2",8.81945249268941,8.94792967720079,8.7813965174118,8.5933638491403,8.644102506366
"gene-PSMA4|PSMA4",6.73442027138297,6.49891328248141,6.5150746210802,6.6938474006641,6.71616574366832
"gene-FBXO22|FBXO22",6.1231579735546,6.32356052611532,6.04391889291717,5.77230718729877,6.10844312569291
"gene-ETFA|ETFA",3.37660656278365,3.002414276615,3.20925985730329,3.5474461212608,3.69008045078389
"gene-LOC140684831|LOC140684831",-0.0298930867109233,0.358827203199182,0.520855917975902,0.667911454179501,1.12023515981811
"gene-LOC140684829|LOC140684829",-4.67762399733623,-4.29711087372748,-4.53311314539785,-3.23607268275872,-2.97266285569376
"gene-SIN3A|SIN3A",5.07850357970286,5.01997787964845,4.98948001158987,5.17430542713431,5.33638326930758
"gene-MAN2C1|MAN2C1",0.849724341480232,0.682674483126236,1.23914024196261,1.77524915668198,1.73935373906692
"gene-COMMD4|COMMD4",1.27495311318313,1.19613362013527,1.80098592327579,2.37934825596409,2.56032587502089
"gene-COX5A|COX5A",3.71921944399613,3.33660110208364,3.36322643582498,3.67033041246643,3.83992601025911
"gene-FAM219B|FAM219B",1.93266817159056,1.32020609406365,1.93937482695421,2.04112176485435,2.05690410399129
"gene-ULK3|ULK3",0.750499764851735,0.458134389853102,0.635361781529235,0.468161330163673,1.28555926978075
"gene-LOC115496608|LOC115496608",5.05649435852288,5.72243887150046,5.44957764338517,5.38403112758164,5.06914867514072
"gene-CELF6|CELF6",-2.94014221316419,-2.31369684992113,-1.37710168602018,-1.86634002289889,-3.90725994440006
"gene-PCLAF|PCLAF",0.182375661076304,-0.703790330339556,-0.0956192034536365,-0.227693967128484,0.157040650641384
"gene-SNX22|SNX22",1.38252439300914,0.819606086800058,1.42315724216545,1.7294032166233,2.15424743164588
"gene-SNX1|SNX1",4.52715484305151,4.14788562972783,4.54680366241628,4.78116682287145,4.88850215317146
"gene-ZNF609|ZNF609",4.01082493676413,3.7851840934411,4.21269807411106,4.46010433437365,4.24736662790121
"gene-LOC100220663|LOC100220663",5.02246741536204,4.50024903978666,4.62151447720057,4.73256940677162,5.37760641655997
"gene-GTF2A2|GTF2A2",3.74332706428515,3.38995545747327,3.64112288828962,3.57192576221496,4.10041347372715
"gene-KLF13|KLF13",6.07010599916102,6.10981228613033,6.02491418705581,5.74939296829556,5.58972003618362
"gene-MAPDA|MAPDA",5.23800774841815,4.35768257095421,4.57715135531968,4.66948883901332,5.36747571076751
"gene-LRRC49|LRRC49",2.41972129715123,1.76089273747602,1.89039768344726,1.94441280815175,2.51899818589182
"gene-MYO1E|MYO1E",1.00804569212105,1.84378355612782,1.28461508777673,0.358550502371701,0.39534589727125
"gene-SLTM|SLTM",3.56076493697621,3.72532295665126,3.5174125976464,3.45580699374051,3.38086146725988
"gene-CCNB2|CCNB2",5.48465001233956,6.03784867912933,5.21933169260955,4.64645338826115,5.09062549587556
"gene-TCF12|TCF12",9.15062929418085,9.15471287084291,8.91644260687008,8.73862232892752,8.61846050722201
"gene-ATOSA|ATOSA",7.85751480552793,8.34590110044812,8.19899560306121,8.17964217396138,7.76481653871116
"gene-LEO1|LEO1",6.31270827657292,6.01549744445648,6.10503403781576,5.93177130068736,6.28288102864263
"gene-DUT|DUT",-0.199475652780837,-1.092237818255,-0.360817421737324,-0.475934731721193,-0.387095172352812
"gene-COPS2|COPS2",3.92676410435227,3.48807530454825,3.74190080915296,4.05595463884304,3.90663747062013
"gene-LOC140684798|LOC140684798",-4.01726149671968,-2.26940960547946,-2.52520099921506,-2.6640526656447,-3.26515039954572
"gene-RAMAC|RAMAC",5.73344802673097,5.38230209226635,5.37726176682053,5.55958887059162,5.70156072444792
"gene-C10H15orf40|C10H15orf40",1.46140397441284,1.14102614263546,0.846810919036978,1.05480709770688,1.87583597228095
"gene-BTBD1|BTBD1",4.32509521687459,3.96477397975748,4.1242664128229,4.07808233781084,4.34241263715672
"gene-EFL1|EFL1",3.36488440866252,2.64644215446308,3.03181431752221,3.4943673156388,3.11779736295657
"gene-MTHFS|MTHFS",-2.47969027767042,-2.68238900114395,-2.88910447999484,-2.01566129004267,-1.55043210047964
"gene-POLG|POLG",1.62032081455765,1.32654440690507,1.83648182708035,2.09142395707693,1.95558936655592
"gene-CERS3|CERS3",2.57794606175683,2.69869227633496,2.49795123958235,2.00341356436686,1.6743339938978
"gene-LOC140684767|LOC140684767",-3.90893861312862,-3.59929054025078,-3.00931126292227,-5.04496153070974,-4.63604859078223
"gene-SYNM|SYNM",11.0535078418223,11.4936528494558,11.1989185247875,10.8152624382277,10.8019671948925
"gene-RASL12|RASL12",1.42505025097468,2.5460372950855,2.09583918594465,1.3144742535819,1.61068632533797
"gene-UBAP1L|UBAP1L",3.42157559743981,3.87819464800005,3.53803765639002,2.90398857309327,3.17003228043566
"gene-KBTBD13|KBTBD13",0.0399742314491942,1.38168926637089,0.824436311034992,-0.113523284031151,0.533714711330764
"gene-RAB11A|RAB11A",4.25558134234892,4.09444796849965,4.44480384209478,4.64417431330163,4.44545935078291
"gene-AAGAB|AAGAB",2.45066726598261,2.1469873761976,2.81312384170968,2.87281596473737,2.82137971641746
"gene-IQCH|IQCH",0.573296752738254,0.987707499270014,0.927634998052581,0.785917060543301,0.236050351410841
"gene-MAP2K5|MAP2K5",1.87221373507345,0.831935509177951,1.40471651855272,1.94210750912635,1.12169115607452
"gene-LOC115490584|LOC115490584",4.28419584696222,4.46829587077702,4.00935086965847,3.98123810863823,4.05399938969452
"gene-GLCE|GLCE",1.87153691108758,2.15866139167045,2.41584891745643,2.09780991145891,1.47413145637424
"gene-CTDSPL2|CTDSPL2",1.65621174715068,1.30476351120214,1.47675814667518,1.74500611132961,1.78246407278087
"gene-FRMD5|FRMD5",-1.77440617346084,-0.410538980722997,-1.56195526376951,-1.9491012283222,-1.50489249040806
"gene-SEMA4B|SEMA4B",4.40970066159952,4.2233015005435,4.67330658406524,4.8589453437179,5.00318372033764
"gene-CIB1|CIB1",4.95195341445538,4.63470617498782,4.66422042622511,5.01324741686419,5.13090869372964
"gene-VPS33B|VPS33B",3.42629749021936,3.74260981353095,3.62348334815237,3.91526950045995,4.3527496165619
"gene-MAP1A|MAP1A",0.15193589086167,0.935599835473436,1.34066035595996,0.262531354405244,-0.181736754491099
"gene-FES|FES",4.71735369910201,5.48455173396551,5.40034895880625,4.95458254068473,5.26996125279616
"gene-LOC140684778|LOC140684778",1.71915040013342,2.13754256865364,1.74510951705388,1.33700769023437,0.828741739827858
"gene-DDX28|DDX28",3.02951863019663,2.74900883483038,2.94502251663636,3.45756766230268,3.32543122853305
"gene-PRMT7|PRMT7",1.73343189869402,1.98054831230524,1.84177479586386,1.96022906086001,1.53009550349003
"gene-SLC7A6OS|SLC7A6OS",1.75183126671901,1.62448826691841,1.81727993498516,1.83475165231411,1.97513721715586
"gene-SLC38A8|SLC38A8",3.16138645698414,2.85100763677306,3.17596124984904,3.31008385320065,3.68081856610184
"gene-OSGIN1|OSGIN1",10.9427899324529,11.2423632194588,10.8968062590808,10.6074328370611,10.4706338689049
"gene-B3GNT9|B3GNT9",2.70049977006401,2.34399372989301,2.50174623561995,2.77099503233,3.31538671148885
"gene-WDR59|WDR59",4.86691361131457,4.5992645918958,5.00287589390184,4.95302452732219,5.16981616322809
"gene-LOC116808825|LOC116808825",-3.56477378296526,-2.410279720386,-2.39245678177446,-2.63661069542981,-3.33943955389043
"gene-MLKL|MLKL",-0.603778405604604,0.258456970418825,0.761831156340314,0.239340690534456,-0.309266570647351
"gene-TPPP3|TPPP3",0.0224504504351492,-2.78614286968437,0.0235069966555071,-0.129196785486746,-0.249099395158414
"gene-EXOSC6|EXOSC6",2.26159395897069,2.77701011746389,1.7807515268732,1.99463238494563,1.93016149066593
"gene-LOC100223250|LOC100223250",0.697596329313959,0.235798187570311,1.22353512046041,1.22252917583975,1.63717218088955
"gene-ELMO3|ELMO3",3.13335817887532,3.13082334154763,3.33122540441177,3.59620178875304,3.5579732090056
"gene-E2F4|E2F4",5.32950188446554,4.78319609164241,5.1564948758132,5.53344086790973,5.3882939312188
"gene-LOC100227074|LOC100227074",1.28363994585302,2.28643904576276,1.41120961760866,0.731011791796084,0.9217752521806
"gene-HERPUD1|HERPUD1",4.47031512608819,5.164965741947,4.83711798254153,3.92731824268518,4.01186362924244
"gene-LOC140680217|LOC140680217",2.64358310492445,3.00615514304235,2.909075822589,2.66000598394236,2.18710087910445
"gene-MPHOSPH6|MPHOSPH6",2.32696728512077,2.09184129259852,2.46037982914159,2.61378920354874,2.49926815937155
"gene-USP10|USP10",3.47641567433191,3.10120415401281,3.48779977556759,3.60595974128585,3.50179780407873
"gene-MTHFSD|MTHFSD",3.14096369835257,3.2167503277977,3.08703262492325,2.95010424663052,2.89583310214858
"gene-IRF8|IRF8",3.05425525739634,3.34992580383656,3.68767087624584,3.44665477157479,2.28437729932798
"gene-GSE1|GSE1",5.60761453285506,5.20271816232489,5.65468552765504,6.05779556100221,6.00540661868089
"gene-FBXO31|FBXO31",3.66512625244757,3.94087134748485,3.77398840503369,3.51235841962035,3.61698539047375
"gene-MAP1LC3B|MAP1LC3B",5.61954094589988,5.35596038583993,5.46158970556326,5.4846853866169,5.6770271047514
"gene-CTU2|CTU2",3.73563445043447,4.11428686099859,3.84368801118713,3.89452247074028,4.47064404810001
"gene-MVD|MVD",3.77516782921683,3.80259028551563,3.70617499701149,3.93530219597612,4.53611540769426
"gene-CDH15|CDH15",-2.76595984925578,-1.81933050773208,-1.69222363517795,-1.50905182519893,-0.943034128173084
"gene-SPG7|SPG7",5.87351155995616,5.87824814298159,5.70151718831317,6.061856715502,6.17176242741083
"gene-TUBB3|TUBB3",-2.27084719543431,-0.46199563329239,-0.448944386136987,-0.57201214140493,-1.739429884459
"gene-CHMP1A|CHMP1A",5.70216388232082,5.52916194400954,5.51772287105174,5.77154156457734,6.10170804272184
"gene-CDK10|CDK10",6.62890658361229,6.83454789401076,6.37380500149034,6.07164667341729,6.55933197222325
"gene-LOC115496849|LOC115496849",-1.23449151645289,0.004388169521604,-0.482421151275147,-0.318580299696645,-0.82174050883449
"gene-TANGO6|TANGO6",4.08169248250106,4.03600268895479,3.86670282033401,4.56291610899317,4.95048636801814
"gene-HAS3|HAS3",0.28185293469541,1.48720032898743,0.928535965008981,0.540524021233063,0.724261769069094
"gene-VPS4A|VPS4A",5.82864600733471,5.69359890698394,5.83669534765467,5.86149363071322,6.02674021595443
"gene-TERF2|TERF2",5.81016320525937,5.84299247053753,5.75860047190002,5.71454077328871,6.31159296324997
"gene-WWP2|WWP2",6.30621340748933,6.39236742645047,6.25410005761165,6.47378422914597,6.74592824777333
"gene-ZNF821|ZNF821",4.18321780834872,4.13084653248832,3.99814336426893,4.22513403229256,4.63444309654749
"gene-DHX38|DHX38",7.24418506431684,7.2098278225166,7.11766876838118,7.21115314677438,7.51476613498218
"gene-CHST4|CHST4",1.33676353059228,2.05533584333878,1.52716475157113,1.32001359136249,1.57452453453441
"gene-TENT4B|TENT4B",2.98034976468763,3.11822894237741,3.07292400138582,3.43781161990745,3.51542495660992
"gene-PHKB|PHKB",4.6320737518346,4.53464465232524,4.43824549949831,4.60629721159437,4.89393331492971
"gene-LOC100226706|LOC100226706",-0.831895656313727,-1.08401492229924,-0.812907117345942,-0.718743429084964,0.0123375139570069
"gene-UQCRFS1|UQCRFS1",4.13729086713328,4.4868287582473,4.59392228051116,4.75422059767524,5.16926007979933
"gene-URI1|URI1",1.07374560089213,-0.289438147031778,0.875892635077435,1.12022386102804,0.625334252200322
"gene-LOC140684873|LOC140684873",0.563588606535833,1.71116787987745,1.1546301774352,0.724859615916501,0.0507423217873965
"gene-ZNF507|ZNF507",6.12845053253756,6.34683295838873,6.09746796187247,5.8875943995125,5.88033631094679
"gene-RGS9BP|RGS9BP",5.65833971137313,6.28137887679808,5.39120246789846,5.10802013688728,4.9181453741848
"gene-CEBPG|CEBPG",6.94721339437437,6.62838652317874,6.73915097248123,6.75003276717114,6.94244610219078
"gene-LOC101233672|LOC101233672",3.45108824604778,3.3758294334544,3.03347681926679,3.36646619018917,3.8879538828424
"gene-GARRE1|GARRE1",5.77627676251412,6.04327282891438,5.60593841537888,5.49518768263719,5.52442877537882
"gene-PDCD2L|PDCD2L",1.17830071432501,0.927497985321117,1.36075377978878,1.908506851676,1.38477770475227
"gene-NAE1|NAE1",3.05870347764254,2.7627136361621,2.96416006091193,2.94290440514384,3.40279806969612
"gene-BEAN1|BEAN1",-0.668610240373104,0.665260029862885,0.4952928554902,-0.854048991748075,-0.280212147474817
"gene-LOC140684932|LOC140684932",-0.227896600457066,-0.110849988624024,-0.516262516057573,-0.832583198282774,-1.0205959294381
"gene-LOC115496914|LOC115496914",3.16149025972192,4.27940892488627,3.79476843887338,2.79693036598481,2.91535359271052
"gene-TRH|TRH",2.57269396891122,3.36356348589453,3.22045803782449,2.21864862503484,2.33619754754506
"gene-LOC105759267|LOC105759267",2.21686059639104,2.97289692487749,2.12096669265421,1.87307221442831,2.2495525079858
"gene-THUMPD3|THUMPD3",4.12135591724021,3.5794196139429,3.91100234032659,4.11917704970451,3.87837333200316
"gene-RPL32|RPL32",9.18590247778407,9.5025647479105,9.25480260512347,8.94941206367562,9.24669550927718
"gene-LOC115497033|LOC115497033",1.36058039985292,1.96775152917297,1.70204715695976,1.26409040479804,1.16610027011582
"gene-ARL8B|ARL8B",5.69114483289295,5.92220549959532,5.72890981219121,5.58168908481807,5.59886205403653
"gene-IL5RA|IL5RA",-1.16653442570964,-2.73073136954212,-2.34341313134709,-1.75498058944865,-1.62865192271068
"gene-PPP4R2|PPP4R2",7.48636473433456,7.39992272239618,7.13660754715369,6.83140710999774,7.20765978478614
"gene-LOC100223651|LOC100223651",-3.33370430443247,-1.75368761128354,-2.84439223409091,-3.18217241537279,-3.82262333239642
"gene-MITF|MITF",7.14292002022291,6.70411130866283,6.74968472304284,6.94403964104456,7.08251977550032
"gene-ATXN7|ATXN7",6.81266875991805,6.86067469222334,6.40200519226022,6.42537362054754,6.31718426149684
"gene-PRKAR2A|PRKAR2A",5.35528558165027,5.50890332576723,5.31021167032783,4.81528660725914,4.55043120614514
"gene-P4HTM|P4HTM",5.36375367811476,5.32642049403277,5.19646726887245,5.37747484625686,5.75791708282741
"gene-IMPDH2|IMPDH2",5.57128685303527,5.4117847372942,5.33722709238346,5.29523656392909,5.81186945993236
"gene-QARS1|QARS1",3.39627711096698,3.48293640239639,3.76531444701523,3.88701615651407,4.02994578714771
"gene-CRELD1|CRELD1",4.72878007117734,4.68700777648728,4.77639332909851,4.96891150856712,5.22895837889193
"gene-CPNE9|CPNE9",2.4472018075346,3.116911888252,2.37081196812886,1.76048989483865,2.52968939472599
"gene-BRPF1|BRPF1",3.24818647985209,3.7117367375409,3.80059024829024,3.60410561023824,3.44718506129824
"gene-SETD5|SETD5",5.81407717738621,5.37151792964229,5.79761155468078,5.98299827544834,6.21506320799559
"gene-SLC6A6|SLC6A6",9.04797307261191,9.27251095240269,8.79664924780199,8.80170200051391,8.65463679260582
"gene-CHCHD4|CHCHD4",4.24551989075496,4.31885465435822,4.11058377493306,4.13794462163089,4.54074257680157
"gene-SLC41A3|SLC41A3",5.02748019159193,5.34379862905676,4.91641678447417,5.02981916016656,4.90049067849687
"gene-MCM2|MCM2",0.838179306789298,1.61631776116129,1.61108948755611,1.28427618085988,0.860565089360449
"gene-LOC121470636|LOC121470636",-1.88154420763102,-3.29183112042652,-2.91818371154375,-2.25230490476913,-3.47831505141226
"gene-RAB7A|RAB7A",5.30943420441056,4.91768501398492,5.05652982267142,5.31731602910807,5.41122862867966
"gene-COPG1|COPG1",5.17583495418896,4.76837435042901,5.34317565773924,5.25877842686106,5.16556552093269
"gene-SLC26A6|SLC26A6",-2.79873755859974,-1.59523872467071,-2.09172321308745,-2.99295179880761,-2.59508656802805
"gene-NCKIPSD|NCKIPSD",4.07261930769733,4.0289436067806,4.28754049941327,4.84123839737516,4.48533550794533
"gene-IP6K2|IP6K2",5.20305316231373,5.40157527811693,4.9790225811368,4.79683580908458,5.14633677741766
"gene-PDE12|PDE12",5.24610169055799,6.15402220351609,5.35828235359495,5.26987911033907,5.80982515087217
"gene-BRK1|BRK1",4.69716697576029,4.5106567913499,4.59762399182649,5.0029592834151,4.91663036627845
"gene-FANCD2|FANCD2",2.57121026609085,3.21560273663982,2.4712757827049,1.96422508290052,3.069882978957
"gene-LOC115496949|LOC115496949",-2.73813094461152,-1.41886366851285,-2.64289951019575,-3.46210103024679,-3.3395752087849
"gene-PPM1M|PPM1M",2.48669135096055,1.98019471449855,2.32692908692765,2.56798283097354,2.79590850095399
"gene-NISCH|NISCH",7.56096725568838,7.48485684880014,7.22383659505701,6.87385161331686,7.09453916244703
"gene-UQCC5|UQCC5",2.69447785188319,2.52145626324794,2.43571328841865,2.73979136140352,3.17466359376236
"gene-NEK4|NEK4",3.36113064681717,3.45144200467371,3.28525795365587,3.2385005700762,3.80693735204597
"gene-MUSTN1|MUSTN1",1.64318896905475,1.16179817282868,0.852046739862363,1.27810011398875,2.0849209292486
"gene-LOC140684960|LOC140684960",-1.49881213853263,-3.06319936994601,-2.75326150419665,-1.87881125062784,-2.92370646769783
"gene-AMIGO3|AMIGO3",3.24264666068649,4.02768629760649,3.31238543748645,2.85244595966561,3.75653637834317
"gene-GMPPB|GMPPB",3.8887742010493,4.27230064546543,3.98026922535949,3.87953977705003,4.83698821013704
"gene-IP6K1|IP6K1",7.12882081883914,7.11599971638682,7.12042042335718,7.21080909322836,7.37983693467983
"gene-MST1|MST1",3.13151359793433,2.92552881784021,2.68708907833404,3.5133935514689,3.97072300968294
"gene-MST1R|MST1R",-0.56415502061699,1.06927162386794,0.748336697432069,0.153054730734724,0.491387690926347
"gene-RAD54L2|RAD54L2",4.21689789033894,3.67553656955688,4.09446242600625,4.55184780393455,4.23324107014244
"gene-RBM6|RBM6",4.98546335569988,4.87165430608175,4.76830093600491,4.90818098133084,5.26825566598021
"gene-DCAF1|DCAF1",7.44789130133337,7.23284482614171,7.06812832061368,7.41020612892544,7.54130750902156
"gene-MANF|MANF",2.89588683276812,2.81865695069454,2.90207135853689,3.1545143488921,3.38406228301041
"gene-MAPKAPK3|MAPKAPK3",0.44659742910661,1.55141843772899,1.49703691599402,0.075910817074847,0.539345969469613
"gene-CISH|CISH",8.50522322229362,9.00241543021268,8.45410746135732,8.2932451137419,8.20103437150352
"gene-C12H3orf18|C12H3orf18",0.844517087341259,0.352339550448021,0.647508599226327,1.0373797084585,0.756591863132467
"gene-LOC105759033|LOC105759033",0.684610852538405,-0.756730933458685,0.417120341053475,0.533950261689302,0.268936042794116
"gene-LOC100226935|LOC100226935",2.53310839580283,2.38218377262454,2.3106542046399,2.89375420724381,2.88436419428084
"gene-ATG7|ATG7",3.44264642150922,2.94782210424054,3.33291620052645,3.90870179859232,3.88927211685607
"gene-CNBP|CNBP",8.15553256441278,8.43658047683699,7.91333303372989,7.74453758091533,8.26870037960464
"gene-ACAD9|ACAD9",3.34301055708046,2.59701100625683,3.39979391083081,3.10099919962886,3.7808134420643
"gene-HDAC11|HDAC11",1.60861595351225,1.07505249214514,1.25378317436911,1.67516186625695,2.18984898051843
"gene-LOC121470626|LOC121470626",-0.0145616582708753,0.665587961298421,0.250280077223033,-0.64771625025409,-0.133459384061335
"gene-CCDC25|CCDC25",5.85096809358875,5.98163238731287,5.91172788391402,6.09161494955642,6.4027049839215
"gene-LOC115497052|LOC115497052",2.11624036631628,2.77365349952198,2.49650261698457,2.12859802438873,1.89051603447319
"gene-EGR1|EGR1",6.75813552754294,7.28201537486297,6.87273175930483,6.28120770471219,6.19751999388317
"gene-P4HA2|P4HA2",1.49049236959643,2.07967839037814,1.11031958513532,1.06215169722627,0.941880366384843
"gene-MEIKIN|MEIKIN",2.16881485951664,3.02536875665214,2.64473630436351,2.33949998048566,2.06319484494269
"gene-LOC140685050|LOC140685050",2.86994526926492,3.80662361313025,3.47120272202279,3.13258200641483,3.04257710823134
"gene-LOC115497123|LOC115497123",2.49027095788564,3.05743306319734,2.71426173613829,2.18436216520154,2.23347659481917
"gene-SKP1|SKP1",10.8916088139672,10.8023181060458,10.5598335612106,10.4493783292865,10.4165775160483
"gene-FBXL21P|FBXL21P",2.50094020854286,2.10378544364715,2.57990865236283,2.65621205073775,2.57109931823359
"gene-HNRNPA0|HNRNPA0",2.08945755794202,1.86628648487519,2.16000452952394,2.19000626536309,2.42797923055865
"gene-LOC115497063|LOC115497063",5.05695146711462,5.34023632522453,5.27656335010772,4.81379636953565,4.61423288099567
"gene-HNRNPAB|HNRNPAB",10.2110537368498,10.4209361110694,10.0170351470262,9.84441845145584,9.81511897004741
"gene-CLK4|CLK4",7.61915961811733,7.62870953810551,7.2849050027288,7.15783814308302,7.29093688370452
"gene-HNRNPH1|HNRNPH1",10.6375236789151,10.7895093896687,10.3622289545568,10.2763466522567,10.3439139882724
"gene-LOC100220427|LOC100220427",5.79190971214369,6.348856894479,6.00196940051197,5.57109052624599,5.34844215994811
"gene-LOC100219450|LOC100219450",1.41158087651468,0.700098182836058,0.885333065673773,1.14168458847582,1.55785608874538
"gene-SQSTM1|SQSTM1",8.44080404766858,8.725889692457,8.38580494965723,8.18376292695833,8.01598944082546
"gene-MRNIP|MRNIP",4.07496204887434,4.39251787548125,3.98560895209369,4.06038387784724,3.87491171494489
"gene-RBM22|RBM22",6.61964493450803,6.94094174668769,6.72700462115852,6.44045934188002,6.53332029347796
"gene-DCTN4|DCTN4",4.6333392091813,4.83732820394751,4.88476074745089,4.69499338212805,4.27777061237718
"gene-SMIM3|SMIM3",4.18521658329078,5.17727630079202,4.65221082663367,4.42974650162027,3.95612238822697
"gene-LOC100223308|LOC100223308",3.61780563604281,4.26557102434004,3.87137999309072,3.40736431306892,3.79506180200027
"gene-FAT2|FAT2",-0.972913292182037,1.17436413938782,0.900650601924277,-0.203724200981471,0.166558504944051
"gene-G3BP1|G3BP1",7.30796787866493,7.2462626000605,7.05811265641264,6.82833949273783,7.07010131735222
"gene-LOC100225213|LOC100225213",-3.04972973764288,-4.23591714407392,-3.63244562092403,-1.87644055785071,-3.2962997566741
"gene-ITK|ITK",2.32875687884693,0.665545566041132,1.48716356821699,1.91532840509237,1.46975449943653
"gene-CLINT1|CLINT1",4.7833750382987,4.54426426733686,4.81716605520588,4.72629826231994,4.9033863952681
"gene-KIAA1191|KIAA1191",7.63992547481987,7.71894882182602,7.44753462103977,7.21570929994644,7.19244001165901
"gene-FAF2|FAF2",5.37080117498877,5.23291981811703,5.16936338782212,5.2513295529995,5.52826742753196
"gene-DBN1|DBN1",-0.979046518274481,0.712313701782125,0.519320111478154,0.25796089237631,-0.762513142677245
"gene-LMAN2|LMAN2",4.74968348138948,4.78579746568342,4.55413548744289,4.77538649675076,5.1593081691917
"gene-RAB24|RAB24",2.23058253373472,2.0745133003799,2.10411632137281,2.15308851197995,2.73493149958122
"gene-PDLIM7|PDLIM7",4.95894354059711,5.71846997727876,5.28854435131092,5.08041004437156,4.90524041693314
"gene-UIMC1|UIMC1",4.56243819448811,4.48382852982491,4.51260604324621,4.47236218267204,4.75464746935983
"gene-ZNF346|ZNF346",4.22416707330579,4.84107375838633,4.67215466667988,4.33108447484848,4.57460296003286
"gene-FGFR4|FGFR4",3.86211132232862,5.0369636885879,4.41735345627283,3.9086500650685,4.62878950027237
"gene-LOC140684997|LOC140684997",-1.46602309593941,0.467171787792482,-0.243749902565424,-0.959734637484978,-0.471341711971163
"gene-PRELID1|PRELID1",4.58712574871717,4.53201824618259,4.32260533836271,4.43091300705615,5.17018229392411
"gene-FAM193B|FAM193B",5.0934451324874,5.20772700252505,5.11778326980578,5.33524547806245,5.60666130419734
"gene-NHP2|NHP2",5.32182683399346,5.41855529940448,5.29333516265646,5.56066113457559,5.83677424249602
"gene-BRD8|BRD8",4.39143130980145,4.22649896779335,4.35770044740721,4.3697846497823,4.58162694424444
"gene-KIF20A|KIF20A",3.73667798152752,4.21229037024877,3.6540871768036,2.52689010674746,3.23951586936915
"gene-SH3PXD2B|SH3PXD2B",-3.61665818385423,-4.13781205886782,-1.86731828202854,-1.6757019080838,-2.63367920710974
"gene-CREBRF|CREBRF",10.1739977678453,10.5590933302709,10.0877660386549,9.66573527846565,9.66924546297173
"gene-ATP6V0E1|ATP6V0E1",6.98880368943361,7.24365111259709,6.83720937371766,7.05561937935093,6.55711331087511
"gene-ERGIC1|ERGIC1",3.8521768859082,4.01457403900521,4.00618204524794,4.21580575557671,3.40016836436821
"gene-IL12B|IL12B",-1.43310680448383,-2.44846680625793,-0.784975189392324,-0.954443202658692,-1.22790702517593
"gene-PWWP2A|PWWP2A",5.11059904768299,4.90146503080293,5.00928896868418,5.43508670101602,5.34155784386024
"gene-UQCRQ|UQCRQ",2.21588821035116,1.9503093018476,2.09365122063451,2.19550214122525,2.62683061527329
"gene-HSPA4|HSPA4",7.10401053913848,7.58066254070383,6.61972276225806,6.70977713667395,6.9112183673259
"gene-NDFIP1|NDFIP1",2.45357489266196,1.78762929483339,2.37744921214704,2.37242773407702,2.4202269649885
"gene-NR3C1|NR3C1",6.18368842145578,5.87311760524908,5.7912111151145,6.16173338909624,6.22898705516659
"gene-LARS1|LARS1",4.78424953153677,4.72680845216673,4.57406484727348,4.87622109124703,5.02243491630889
"gene-RBM27|RBM27",6.09594533243462,6.16427450821842,5.91551105250428,6.00111291405329,6.29328602021522
"gene-TCERG1|TCERG1",4.95760795644997,4.85404693574506,5.00782006454961,4.99005260725277,5.36685018997382
"gene-PTTG1|PTTG1",5.97240061808705,6.03260733333475,5.72741495730251,4.9114266103937,5.10043433803463
"gene-HMMR|HMMR",0.458481776006054,0.71707492835043,0.288834781019091,-0.17823911739271,-0.0154362756798496
"gene-FOXI1|FOXI1",-4.19975387172131,-4.57786071720356,-4.33029769354743,-3.60418422947968,-3.22354459296749
"gene-CD14|CD14",-0.172184252875309,0.608706185196154,0.968308442830686,0.207521362360192,0.0369659075018079
"gene-IK|IK",7.15392642352671,7.00353700383484,7.07941982409195,6.91649450737886,7.21987708914625
"gene-NDUFA2|NDUFA2",5.64963513663653,5.74082259095026,5.51554369150286,5.88413233265938,6.17914287303895
"gene-LOC115497094|LOC115497094",2.12275469472615,2.76221371506777,2.53302848436894,1.4725885274326,1.83939025009062
"gene-LOC140685012|LOC140685012",-3.86086164911462,-2.757167523453,-3.2050356859508,-1.57267796682653,-1.76259001505242
"gene-LOC100225858|LOC100225858",-1.25463300566621,-2.07151730025097,-1.60064583509065,-1.54439477116411,-0.516206893527321
"gene-SIL1|SIL1",3.09849082429289,2.84973205037,2.98289002740495,3.23411714674437,3.47130186460111
"gene-HDAC3|HDAC3",5.12346439017041,5.1643057484246,5.02108999847822,5.17520944611502,5.62826427940763
"gene-LOC115497171|LOC115497171",-2.61784233839697,-1.33969628738603,-2.27262127244998,-3.28434250607752,-2.30144318972166
"gene-LOC115497170|LOC115497170",-2.03104042967316,-0.917190997391303,-1.85234054644111,-2.25152068962611,-2.03143549743605
"gene-LOC140685096|LOC140685096",-2.1294372666803,-1.39875618846901,-1.54607170423186,-2.04665919577134,-2.40747441691283
"gene-PDPK1|PDPK1",7.27922623008872,6.93363229938514,7.15304595948263,7.18995755523759,7.23364408663687
"gene-LOC116808970|LOC116808970",1.50903299895537,2.03621122821967,1.79921543121248,1.41942408389966,1.25800137462768
"gene-TMC7|TMC7",3.51506923222237,2.75284988963299,3.19531066499407,3.3771925611962,2.96189492525096
"gene-TMC5|TMC5",-2.88471395605433,-3.28297048210911,-1.59936351423411,-2.22432976493023,-1.14150369078759
"gene-REXO5|REXO5",4.34592892013322,4.65703703509547,4.4499745936539,4.792066394059,4.95590276727979
"gene-EEF2K|EEF2K",1.22744255623817,0.535301650375543,0.815587392484204,1.41158848360646,1.21220426147186
"gene-POLR3E|POLR3E",3.01369811424705,2.86577109907143,3.02439773865036,3.19722537620059,3.3767398004369
"gene-BHLHA15|BHLHA15",2.0139653429336,2.50983052704619,1.51918980813915,0.993209140947778,1.30585227617515
"gene-SUN1|SUN1",8.94441751655193,9.38231493847713,8.81187153478521,8.55491287117847,8.70027936529674
"gene-GPER1|GPER1",1.36732402189272,1.673407644447,1.69177531711121,0.243716373896369,0.644962106344456
"gene-ZFAND2A|ZFAND2A",9.39446671749728,9.48977123708031,9.44331312209034,9.21049203828695,9.01100874564503
"gene-LOC100226089|LOC100226089",4.53824125170446,5.32302333494895,5.08667674149432,4.8033233232126,4.63253984194696
"gene-MAFK|MAFK",9.4370682946748,9.73335228275574,9.37524312398627,9.25639839539359,9.16677785099663
"gene-AMZ1|AMZ1",-3.54551795928188,-2.0863518618016,-3.15329109174867,-2.28266525874403,-3.35147047448823
"gene-LOC115497274|LOC115497274",-2.37935190458454,-2.08851676919661,-2.22667731914122,-2.03150730499782,-1.0310551813074
"gene-PTCD1|PTCD1",4.09861356967721,4.51417168532609,4.10460911643344,3.97765043585478,3.95893377895035
"gene-USP22|USP22",3.65226372703456,3.25680303568554,3.27791863727216,3.63779755201973,3.58759168445183
"gene-PLD6|PLD6",2.63210742698824,2.47383278743357,1.92685658282552,1.58651732265784,2.80120175782566
"gene-LOC121470730|LOC121470730",-1.37586152081836,-0.761730749979735,-1.03322776944178,-2.31147774182043,-1.59200465720903
"gene-PRPSAP2|PRPSAP2",3.64226749401389,3.18600706086442,3.13337894249311,3.32704470165296,3.43694162087569
"gene-SHMT1|SHMT1",2.21280906470136,2.94065892090424,2.31528874501975,2.02660731738954,2.6378685952526
"gene-LLGL1|LLGL1",3.87558770046822,3.92665879816034,4.04909424885094,4.11368676932312,4.63576811711037
"gene-FLII|FLII",6.59323272393606,6.41282389567043,6.66100427956862,6.70672445334205,6.88960497554152
"gene-MIEF2|MIEF2",2.81164094429626,2.76867640681292,2.89063274583483,2.99321744717625,3.27123037689489
"gene-LOC100230856|LOC100230856",1.51506627888537,2.41045147171752,1.59854566324669,1.1112925233225,1.98386839694015
"gene-GRAP|GRAP",-0.0336499431550607,-1.55586889422369,-0.244388059193876,0.182034017966453,-0.264441686101836
"gene-LOC121470738|LOC121470738",6.02874748450982,6.45871417117396,5.94453919529264,5.38232658449359,5.44839913403017
"gene-LOC140685124|LOC140685124",1.25554459319872,1.98357488482867,1.53207241309678,0.712964130617218,0.651938753798372
"gene-TRAF7|TRAF7",4.41415600054239,4.36012425705173,4.53970336966812,4.49330034275834,4.8702442950795
"gene-MEIOB|MEIOB",-0.557781404179849,0.996202188348289,0.454168182599168,-0.324221343518503,-0.720709167109237
"gene-LOC115497190|LOC115497190",8.29648658045397,8.07991802172211,8.14485791263477,8.16404479674778,8.54170260888983
"gene-NOXO1|NOXO1",-2.98914439807601,-1.3724845104465,-1.43459378010301,-2.28398235967081,-1.69935456760178
"gene-LOC140685095|LOC140685095",2.29563656554732,3.09408187715209,3.17311588930067,2.37673837568525,2.04624570737176
"gene-BRICD5|BRICD5",2.44730562163955,2.95599248040107,2.2665524482698,2.36851251013279,3.27718014792213
"gene-ARHGAP17|ARHGAP17",4.9192060300209,4.74005080359905,4.87172380664124,4.93915575535255,5.28569326265874
"gene-LCMT1|LCMT1",3.85393761720195,3.88033387717553,3.83487289349058,3.85457756793798,4.29585485456869
"gene-ERN2|ERN2",2.81002621281456,2.9753124327648,2.74866738730583,2.87413730218655,3.56585817230283
"gene-RBBP6|RBBP6",8.16103025611288,8.39532064314532,7.9879353995392,7.78419872415203,8.10330582332111
"gene-NDUFAB1|NDUFAB1",5.75637905450392,5.88232612698204,5.7156682862281,5.90526181334646,6.39335605352475
"gene-UBFD1|UBFD1",4.81272901336665,4.74224623961562,4.67240247900483,4.81331601115252,5.0924726627468
"gene-COG7|COG7",5.89918970985837,5.6969113859918,5.67233201677511,5.98081239334879,6.19538090924203
"gene-ARL6IP1|ARL6IP1",8.9359131240779,9.2737950200844,8.95562318296281,8.1439621909591,8.47053937079475
"gene-MYH11|MYH11",3.325309865671,4.34064086908301,3.88158062056496,3.22626839912992,3.18207119321605
"gene-MARF1|MARF1",6.62144082785224,6.30163266333195,6.40394477509639,6.5751793029378,6.71085946413895
"gene-SNX29|SNX29",4.12088282345991,3.75276138788258,3.95594280648101,4.20648783254866,4.11873840105119
"gene-LOC115497283|LOC115497283",3.52864971834344,4.17989532323775,3.89773935239934,3.15863512921734,2.91569262247929
"gene-LOC121470714|LOC121470714",9.22736047029057,9.52264787819321,8.90392420740403,8.841090597651,8.50429647191157
"gene-BFAR|BFAR",7.25883852139842,7.49111703759657,7.16862749782908,6.95025120714893,6.86600180898744
"gene-SNN|SNN",9.22695943748269,9.65772961658162,9.13940350751971,8.99886479466491,8.79279059973642
"gene-LOC121470715|LOC121470715",3.78091174696657,5.02348386877797,4.77546018922241,4.02912235003025,3.23267994381949
"gene-LOC140685090|LOC140685090",3.09642714878208,3.52007995491027,3.68890070568806,3.05705577421334,2.50382158193409
"gene-LOC140685091|LOC140685091",0.486423060854879,1.19899704635921,1.37523432839312,0.135485896247047,-0.0469934880737857
"gene-HAPSTR1|HAPSTR1",9.51111440692123,9.87647645058855,9.59419977585263,9.21275044151889,8.93147968485856
"gene-USP7|USP7",8.99289612190855,9.17096228421783,8.71143414337291,8.66209595995434,8.73553576948497
"gene-GTF3C1|GTF3C1",5.15387987931929,5.02479690643139,5.39439737780368,5.28350066728693,5.4918054682858
"gene-LUC7L|LUC7L",7.32128680407333,7.24966727500947,7.16356602489202,7.24311194357306,7.76907870721501
"gene-PTX4|PTX4",-3.93858581718812,-1.66335437590124,-2.65707253735087,-3.1285992850969,-3.43578628700724
"gene-MGRN1|MGRN1",4.17241846558557,3.88983359869043,4.04453969639587,4.51285439595605,4.70114680842131
"gene-MPG|MPG",3.31124775583372,3.8811016851518,3.69149394211088,3.24981230813244,2.98401769645151
"gene-NPRL3|NPRL3",7.31522100844694,7.98672199598069,7.69337649194982,7.09917296077917,6.57753681676545
"gene-LOC140685061|LOC140685061",3.85340437119193,4.36805562502873,4.38858808705905,4.0164804552565,3.38493212629335
"gene-HBAP|HBAP",2.61812033277922,3.3072479099563,3.52929113320383,2.47757482129482,1.76706622470048
"gene-LOC140685058|LOC140685058",2.69435431971238,3.63492060858113,2.97665326070397,2.22291609520327,1.83205769001178
"gene-TRAP1|TRAP1",1.53283873881633,0.714585310197902,1.71798612272657,1.60177775723809,1.36185076799869
"gene-LOC115497306|LOC115497306",3.02407043058263,3.54270985320972,2.97679893012803,2.89960530132516,2.61387070764162
"gene-TFAP4|TFAP4",0.503016830719294,0.392777553485648,0.484711378423778,0.395778248781683,0.805095953738968
"gene-RAB11FIP3|RAB11FIP3",1.63588059987806,2.21856988027892,1.75196724676432,1.87521539937271,1.57056948976544
"gene-MSS51|MSS51",-0.63187532189565,-0.138813726852551,0.642685007017702,1.57869085277196,0.091865015501127
"gene-LOC100231218|LOC100231218",5.45165293100161,5.43604207186416,5.34975244490813,5.71141356153456,5.75089395036729
"gene-XPO6|XPO6",5.5314417135598,5.44318156180423,5.50565930324614,5.72379344110313,5.96681085633687
"gene-JMJD8|JMJD8",2.05886938942383,1.81146697287187,1.8361003323733,2.44866082165994,2.70094275824349
"gene-UBN1|UBN1",5.87550735249775,5.58758381974112,5.92747013672367,5.87459001489021,6.11836444639792
"gene-NDUFB6|NDUFB6",4.97573606897559,4.74828777802932,4.77783388676706,5.4065429060725,5.30309952756725
"gene-NUBP2|NUBP2",4.48213793455127,4.30244077981271,4.18824338232359,4.39572935981022,4.79665530257334
"gene-NME3|NME3",3.40929180150416,3.49789042699454,3.65500173761666,4.0286258652756,3.91001084097932
"gene-ALG1|ALG1",1.95136002253623,1.95561422345611,1.91959459878071,2.22198416314435,2.92629675243578
"gene-VRK3|VRK3",3.02501135346493,2.35372796113938,2.93369099856207,3.41746006941398,3.55674949574548
"gene-TBC1D24|TBC1D24",1.96419531212519,1.27266053424966,1.61181166097761,1.94970396260633,1.52458688958071
"gene-C14H8orf33|C14H8orf33",6.76160768881473,6.82539772665369,6.36555725551257,6.3350563492065,6.83575847402888
"gene-LOC116808958|LOC116808958",4.33745277474495,4.5379309897777,4.42804661734937,3.80622286824384,3.93059161334851
"gene-ATP6V0C|ATP6V0C",8.32665570462378,8.73496814089342,8.30109658825992,7.99461942959228,8.09808511544482
"gene-LOC115497205|LOC115497205",4.77476668608189,5.22457865517123,4.91627624035561,4.78819887567807,4.83122901768098
"gene-TELO2|TELO2",5.92442358392587,5.79963688765348,5.84290000700031,5.97218176841024,6.15516249596037
"gene-GLYR1|GLYR1",7.15084954614341,6.8556834795004,6.94963276513309,6.98700278859979,7.06296220767137
"gene-MORC2|MORC2",3.66612656654936,3.50438568710457,3.50544533026257,3.84154145634685,3.94274048089693
"gene-SELENOM|SELENOM",5.05315010141934,4.86349276648921,4.73944636294842,5.22017016019974,5.4853344527421
"gene-DGCR6|DGCR6",6.42138646992068,6.31968688271275,6.22372868876603,6.59395382242532,6.86883266268271
"gene-LOC115497326|LOC115497326",2.67122845266914,3.81640580896337,3.42946003636951,2.77321095326776,3.06923059413604
"gene-SCARF2|SCARF2",4.30186605104636,5.50738167068219,5.16558855285083,4.11902195321584,4.61474414871375
"gene-LOC115497435|LOC115497435",8.42703995119244,9.00757681125353,8.72134485684927,8.18988997232061,8.27449319846692
"gene-THOC5|THOC5",5.18026164350305,5.20971260257898,5.37726082861575,5.35608303435695,5.68621675315113
"gene-LOC115497384|LOC115497384",-4.61847886353564,-3.38185131914789,-4.15974421352807,-4.98691282994916,-4.87788585352092
"gene-PES1|PES1",5.75629040248149,5.85150943675134,5.64932783439763,5.46852905909418,6.18405441335512
"gene-SF3A1|SF3A1",7.11208739643864,7.23955579118716,7.14562081493659,6.97506095279443,6.93852002891622
"gene-LIF|LIF",-2.99729107021719,-2.28779745146838,-2.2550548918815,-3.21168399209582,-3.54133595635153
"gene-LOC115497391|LOC115497391",-3.32152051450844,-1.89128549499382,-3.03115865319477,-3.96700312428489,-2.9258644455104
"gene-NF2|NF2",2.89502555971286,2.6695952585942,2.82339077372718,3.0805817525157,3.08897949881379
"gene-EWSR1|EWSR1",5.75246646025469,5.74099178698052,6.05285751896668,5.94050321934122,6.21462421011108
"gene-NOS1|NOS1",-3.56438042568877,-2.85830013313236,-2.66803428967642,-2.16093694251189,-3.78743103803387
"gene-LOC100225628|LOC100225628",-2.2675062654704,-2.80134981241452,-2.13038016711037,-1.90087674391097,-1.2158822083246
"gene-DERL3|DERL3",5.42770485491345,5.46846645969872,5.33910717031406,5.52839089212566,5.96981573999098
"gene-CRKL|CRKL",6.53920056623584,6.60348610037495,6.19346244931871,6.24080569149483,6.2008915752897
"gene-KLHL22|KLHL22",5.09148107824291,4.86400113650159,5.12859968597944,4.96697308059444,5.23518069598543
"gene-SNRPD3|SNRPD3",3.44900918166413,3.15194504123019,3.44254714282971,3.45867734833168,3.53809844051539
"gene-GUCD1|GUCD1",3.8488476834458,3.54202811887142,3.64273530558356,3.80136855504621,3.7916366247387
"gene-DEPDC5|DEPDC5",6.04108435412249,6.07747064279628,5.62930232472428,6.14908496868473,6.63115930209622
"gene-DYNLL1|DYNLL1",6.32808660628528,6.84818161784111,6.31201232001373,6.24899643431003,6.54189129433107
"gene-BICDL1|BICDL1",1.02531136546154,2.00524752538021,1.24955841432254,0.78324012954324,1.27172701483788
"gene-VSIG10|VSIG10",-1.4231520922956,-0.0725567089641215,-1.22740047472656,-1.57857439636086,-2.04571219899954
"gene-DDX54|DDX54",2.20637370312667,2.1209373114287,2.42854109357629,2.82565148194618,2.65423631455596
"gene-TPCN1|TPCN1",4.97870733000154,4.60502843115329,5.11515766384672,5.32047593414164,5.2200789595239
"gene-SLC8B1|SLC8B1",0.606066296179393,0.932264785316388,1.76162162417597,1.72452374459882,1.82179562840612
"gene-SUDS3|SUDS3",7.2696413334742,7.3656621498964,6.9393734017387,6.84791398533121,7.00628543923272
"gene-LOC100227652|LOC100227652",-2.58779788356048,-3.1506399946532,-3.61386293730684,-3.04144504750322,-1.958882924115
"gene-DGCR2|DGCR2",6.29854684991288,6.2373781152096,5.96279371518399,5.71751968932239,6.12057692536166
"gene-LOC101234247|LOC101234247",-0.434050199704434,-0.302252119585932,-0.363351307573899,0.156436683147139,0.337237656045146
"gene-SLC25A1|SLC25A1",2.31358597028881,1.79933039586088,2.67361877510287,3.00999601298804,2.73570526667402
"gene-MRPL40|MRPL40",3.45178912815535,3.84683293559536,3.76647440113012,3.33594585846309,3.43423437809078
"gene-GP1BB|GP1BB",7.92309106189345,8.24459197471876,7.8895296304492,7.65834136187364,7.71113566752531
"gene-ARVCF|ARVCF",3.85219733823591,4.66322327095971,4.50137747280093,4.32967882695432,3.95745114145884
"gene-TRMT2A|TRMT2A",3.70656110178074,4.05715961669174,3.59240751501813,3.45622238253521,3.6306947382124
"gene-PGAM5|PGAM5",1.89072009360242,1.28683242600163,1.54579784779007,2.03891922494274,1.60178509276672
"gene-ZNRF3|ZNRF3",2.35910114710752,2.08557676742061,2.32025339099136,2.49343337330716,2.35665304250916
"gene-LOC115497382|LOC115497382",3.49617454950761,3.8959404515784,3.46043669185805,2.71889219203258,2.83767171440743
"gene-XBP1|XBP1",7.49731747260916,7.65412706330644,7.45016579467867,6.73054577818116,6.88227980762174
"gene-CCDC117|CCDC117",9.41158813681374,9.56476853310067,9.12680994269774,8.96109390021857,9.0213280508568
"gene-GRK3|GRK3",3.84924501924669,3.2233322510055,3.75463368928442,3.87269005035443,3.58916224474999
"gene-CRYBB2|CRYBB2",-0.825000315112321,0.703952077932183,0.56184209056484,-0.908747576387811,-0.638960725258468
"gene-KIAA1671|KIAA1671",9.87789370734459,10.2391881863446,9.79941404486041,9.60985819981921,9.45111146626206
"gene-LOC116809018|LOC116809018",4.2171435320809,5.42365370181107,5.23868234786825,4.42609152662873,3.98020740900029
"gene-UBE3B|UBE3B",2.38740126263023,1.82962849132322,2.45473976904533,2.75324932955996,2.35234456468499
"gene-ISCU|ISCU",10.7646291180926,11.1949923859122,11.0609497706058,10.2383684707269,10.264158724804
"gene-SART3|SART3",8.09509818839927,8.57657019167102,8.07030227797088,7.45640473050481,7.90400680456908
"gene-FICD|FICD",4.74046195517546,5.07034071776453,4.64691274174132,4.166075952661,4.63143508754028
"gene-TMEM116|TMEM116",0.425365777129818,0.27160717325966,-0.22261283225805,-0.638163640912763,0.796756533027697
"gene-MAPKAPK5|MAPKAPK5",6.4764237167154,6.7232914860694,6.42028015965309,6.12285842969615,6.58001534093417
"gene-CUX2|CUX2",0.296252920879758,1.47288835258236,1.38369171792813,0.760384144159456,0.178571884836813
"gene-SH2B3|SH2B3",9.51629765846568,10.0538166592915,9.57538857394421,9.24733216833724,9.28619322743715
"gene-PHETA1|PHETA1",4.96317984937958,5.41732497797787,5.13304249903556,4.77604633046889,4.52044151944504
"gene-VPS33A|VPS33A",7.71752280868015,8.36043983795808,8.0337741267789,7.30608216701658,7.28799320619023
"gene-BCL7A|BCL7A",3.95461134365036,3.49060360975708,4.17857192613208,4.17377273056486,4.22254449811708
"gene-SETD1B|SETD1B",6.18779002475245,7.08018357228909,6.5360533820475,6.36819248790582,6.33896130038457
"gene-RHOF|RHOF",6.49698286846554,7.00525311624922,6.64613985775442,6.39828238141153,6.2277715499665
"gene-ARPC3|ARPC3",3.9300871815873,3.5410492577246,3.78245808832882,4.41029306113361,4.28274616815565
"gene-GPN3|GPN3",1.29175980191531,0.823026560645282,1.27804499894311,1.45692255492774,1.4086714995703
"gene-OGFOD2|OGFOD2",2.80477562863048,3.21440116007688,3.06449724552274,3.38719976156786,3.62555105822612
"gene-ATP6V0A2|ATP6V0A2",3.172064726554,2.86519198054155,3.0824348214178,3.08970596486055,3.17340407557252
"gene-KMT5A|KMT5A",7.32331217518168,7.34692116951555,7.212214449872,7.05004009082855,6.9888187361917
"gene-RILPL2|RILPL2",3.94906471782748,4.1047687928818,3.83784988229184,3.52405684623986,3.7402687388891
"gene-UBC|UBC",6.17773860396754,6.63034546536882,6.34130943881762,6.44019397391601,5.81448122379274
"gene-STX2|STX2",4.72578805331667,4.1885655407476,4.40108723799475,4.6247098166343,4.85457709571048
"gene-SFSWAP|SFSWAP",6.28320888290791,5.99928094197277,6.23679162461704,6.33665121071533,6.46808861355489
"gene-LOC115491911|LOC115491911",1.93774134309415,1.85767735996855,1.96443248955647,2.0224491860036,2.45870598891729
"gene-TUFM|TUFM",2.54613958362345,2.61826422836555,3.14683983795899,2.65166336394389,3.27996684082235
"gene-ELOB|ELOB",4.90810358929735,4.56206098557437,4.7970667351798,5.01052656445773,5.24146561962784
"gene-THOC6|THOC6",5.28812507428111,5.60081759976074,5.3462115229685,5.42293948480651,6.2983799042845
"gene-LOC100232025|LOC100232025",1.85374922587244,2.21377742944046,3.84738133734639,2.47322595848575,1.21796694299793
"gene-RABL6|RABL6",2.55672753407507,2.10175356574077,2.3035360274975,2.66928925648647,2.24385551066457
"gene-NDOR1|NDOR1",3.41718763719147,3.34440822902974,3.58216101029302,3.73794697129337,3.95248522215581
"gene-ZNF618|ZNF618",3.86535564898092,3.30987412248014,3.85228817807231,4.10043785135335,3.73300640193146
"gene-RGS3|RGS3",-1.49587125489791,-3.11203726524012,-1.52920389795661,-1.55782437319322,-1.34375350615996
"gene-PRPF4|PRPF4",4.7103986613956,4.68170702691855,4.4459367862209,4.65250604932344,5.1112573680913
"gene-FKBP15|FKBP15",6.01997617853561,5.60919644005198,5.83106475783701,5.97119266516842,6.2405515823982
"gene-LRSAM1|LRSAM1",3.33656565739731,2.72272398601543,3.79891299373336,3.91631485103769,3.95988760258441
"gene-ZMYND19|ZMYND19",2.79993813633098,3.13436306747513,2.38312789245119,1.97286629916417,2.87195734214886
"gene-PNPLA7|PNPLA7",6.01352037998776,5.68241176851878,5.64539233660323,5.87593964852968,6.12144862514737
"gene-TUBB4B|TUBB4B",5.73371153715495,6.14518501171384,5.82700367680381,5.42172469959471,5.13767652355063
"gene-EHMT1|EHMT1",3.40519728419352,3.36688369321667,3.68418930449282,3.96727386413386,3.82789874509519
"gene-SLC31A2|SLC31A2",1.12653064554573,0.392567190787792,0.970574603970465,1.26071024717307,1.33955138046734
"gene-STXBP1|STXBP1",2.93245876922923,2.51586179414596,3.22989785642729,3.27254154144883,2.73966829133827
"gene-TMEM268|TMEM268",2.83119133773201,3.03465617200137,2.83785903135291,2.99896076863697,3.46502059602255
"gene-SLC25A25|SLC25A25",3.90540050648914,4.03772333611416,3.80796558360259,3.88965471687951,4.36033227499812
"gene-DPM2|DPM2",3.25469563088877,2.63870797554398,2.91169920793312,3.42650761033792,3.41068492776442
"gene-FPGS|FPGS",2.21159450927199,2.48188532305517,2.71355344475238,2.52667873979563,3.04445805473385
"gene-SLC27A4|SLC27A4",3.57372439051051,3.42758102764471,3.62663059686666,3.7348428747926,3.92223803998312
"gene-GOLGA2|GOLGA2",4.88520272863187,4.56627583181605,4.58346548604911,4.76897522093115,5.11198218014752
"gene-PTGES2|PTGES2",1.1225222829123,0.927623348212635,1.44423167745993,1.55604269210085,1.61539804296222
"gene-IER5L|IER5L",3.40185335034273,4.05806209804648,3.55080108166384,3.60822269800641,2.96310853095936
"gene-GLE1|GLE1",6.117854702591,6.23340297300146,6.06675735057178,5.98906895064907,5.44225484670038
"gene-ZDHHC12|ZDHHC12",1.82477323822373,1.58105044480898,1.80063010420099,1.92125685456617,2.32130702454879
"gene-ZER1|ZER1",6.29970315311856,5.88163071555179,6.21531909676228,6.24225308702527,6.2504893670031
"gene-DOLK|DOLK",6.13242999802467,6.30159433075444,6.10520382601984,5.59740619678598,5.69420762227102
"gene-NTMT1|NTMT1",6.2375157742341,5.95040690062666,5.8530812058288,6.22750746714191,6.1689509326574
"gene-USP20|USP20",5.2493900538414,5.07203574994463,5.17437134712919,5.12197934421261,5.31105984955064
"gene-GFI1B|GFI1B",8.06261428767165,8.7510822081396,8.2769056474695,7.84176180941124,7.4368211829452
"gene-LOC115497602|LOC115497602",-2.35718583489965,-1.43155940184942,-1.50200150981858,-2.21224355738903,-2.38281528291896
"gene-LOC115497603|LOC115497603",-2.58608666073114,-2.02593608560685,-2.67073878095041,-2.89113013196511,-2.9480010345212
"gene-LOC115497601|LOC115497601",-2.7119473339496,-1.61342658464855,-2.63270408671513,-2.93476092468032,-2.77017911419713
"gene-LOC115497596|LOC115497596",-2.0539091147529,-1.42977288483889,-2.20969580452385,-2.58506625192397,-2.157220198453
"gene-SURF1|SURF1",1.49420688101439,2.05198427926911,1.41934650586321,1.23895113372871,1.44581564282386
"gene-SURF2|SURF2",4.36394406057215,4.17739498094823,3.52403351783857,4.32976668240219,4.45378130279505
"gene-CACFD1|CACFD1",0.87827768274934,1.28112394866232,0.928661468050674,0.0982501424956963,1.1615865001376
"gene-REXO4|REXO4",4.42975859546141,4.53564269473004,4.26551131352392,4.17020791027978,4.16022702210894
"gene-BRD3|BRD3",7.08674739526886,7.07779376300372,7.36894051886925,7.53372877567202,7.54326601360305
"gene-WDR5|WDR5",3.32653733988439,3.18653110108137,3.00964781110003,3.96931208610397,3.24905042076192
"gene-SNAPC4|SNAPC4",6.24666432451004,6.5748775794688,6.01313691553703,5.87493081963943,6.24998868841553
"gene-CAMSAP1|CAMSAP1",2.37498502177944,2.36868605754828,2.34301085121675,1.91021751808714,2.56938269741545
"gene-B3GALT9|B3GALT9",0.97568812082138,1.90900620372122,1.64881183697604,1.28721876619463,1.41593142080797
"gene-RABGAP1|RABGAP1",5.39875181329823,5.14611138781885,5.23442090264398,5.29691891416098,5.47582134685544
"gene-RC3H2|RC3H2",5.83444954661084,5.72182408482275,5.80688488282984,5.74265826987969,6.19161295797995
"gene-NR6A1|NR6A1",0.839822426262578,0.370550099967105,0.834349296086507,1.46940219641059,1.25755223708064
"gene-LOC116809029|LOC116809029",-1.50045240816462,-1.34983978275092,-1.3372828140061,-1.63105861113747,-0.424362563460121
"gene-ARPC5L|ARPC5L",3.86250151607722,3.75435525132217,3.17122741003421,3.4600721243432,4.00019022325198
"gene-HSPA5|HSPA5",7.86357407123587,8.21926148062867,7.66540815892931,7.12986404388153,7.31216174820068
"gene-MVB12B|MVB12B",7.18005054284259,7.0345731067278,7.13678010167706,7.32155249705745,7.30294746401986
"gene-ZBTB34|ZBTB34",5.26639387281865,4.9342903925596,5.04993817026251,5.37929013920129,5.3798170612834
"gene-RALGPS1|RALGPS1",3.07206989342781,2.61390051087677,2.95770961180185,3.18588631497356,3.29504441963146
"gene-SLC39A11|SLC39A11",1.81214147284909,1.71467153561512,1.71396540416905,2.50857697025652,2.40549488912572
"gene-CHMP6|CHMP6",3.0976338960792,2.94926526837154,3.29903573041821,3.26545083995816,3.42494815595197
"gene-BAHCC1|BAHCC1",5.57558968886302,5.40947994697407,4.98858262401898,5.72115093273991,6.4469671128017
"gene-TEPSIN|TEPSIN",5.13177026453493,4.86237071644488,5.10342070891224,5.50107867436549,5.80181058932432
"gene-CEP131|CEP131",6.00792260359727,5.86742951836935,5.33050339667628,5.61889926670217,6.31919887484954
"gene-SGSH|SGSH",-0.872050044649305,-1.44847541651645,-0.328738232696423,-0.011965895001419,-0.336701045049734
"gene-CBX8|CBX8",4.52938807137443,4.45288331615435,4.46709490510346,4.87100048626428,4.80040761009312
"gene-ENPP7|ENPP7",-2.51231493886334,-3.91848267966567,-2.3896846345912,-3.11880138305801,-2.48117565033184
"gene-CANT1|CANT1",3.59924367828392,3.48194162798446,3.57022115849901,3.95701988645002,4.1832150055357
"gene-USP36|USP36",4.01541308132587,4.12168635277291,3.75569800825583,3.92919135044689,4.64068948374564
"gene-SYNGR2|SYNGR2",4.66585985026243,4.43285874023442,4.79538650592365,5.039940927044,5.11513769977681
"gene-HGS|HGS",5.63457427400239,5.528091680947,5.64273880607128,5.7509856124913,5.94695012307284
"gene-P4HB|P4HB",6.41693954742557,6.5828581078137,6.29508138117961,6.09135660941272,6.36461868092562
"gene-ARHGDIA|ARHGDIA",4.87449670348327,4.66623508996408,4.9745895684668,4.89776744821275,5.12850474206557
"gene-ALYREF|ALYREF",3.67591254620607,3.50545208239163,3.7099392866983,3.75414890175949,4.04390562238039
"gene-SIRT7|SIRT7",3.92780338091463,3.88932750477711,3.84169773958166,4.12761864692281,4.33197784630595
"gene-ASPSCR1|ASPSCR1",4.52359477725664,4.22796843988436,4.16176631749784,4.80013762057604,4.53003285130428
"gene-LRRC45|LRRC45",5.01848835723522,4.4516102564384,4.58083391292285,5.45938273128162,5.07690584533311
"gene-RAC3|RAC3",3.38751114374388,3.05853449178652,2.97410013357587,3.12651407117752,3.38715404285793
"gene-DUS1L|DUS1L",1.82376667124377,1.97361728153706,2.27316845367869,2.23964911824921,2.49258278206864
"gene-PRKAR1A|PRKAR1A",6.76056663432951,6.52642422263674,6.7633614445868,6.96189502811669,6.75421961839533
"gene-WIPI1|WIPI1",6.46869193268043,6.15636017005452,6.2436074599855,6.63941355688644,6.72043125370385
"gene-ARSG|ARSG",2.63027908494211,1.44070771837858,2.69368378501824,3.41457849863632,3.11062009685008
"gene-PRKCA|PRKCA",-0.795030376275372,-2.54752985160233,-1.90398961290149,-1.39952519781572,-2.54022335600514
"gene-PECAM1|PECAM1",4.83777941326152,4.84924951889399,4.58640454352233,3.84980875814948,4.67830403156009
"gene-BPTF|BPTF",7.15286782334567,7.47902389589631,6.96625605147454,6.8967631412386,6.96761990451057
"gene-KPNA2|KPNA2",3.81916388369507,4.27071037990305,3.75149641822712,3.15018382202217,3.59560419445518
"gene-POLG2|POLG2",6.28169406405213,6.8116635887331,6.29236397008418,5.62957454900254,6.11790931151447
"gene-MILR1|MILR1",2.086331959694,2.69730751631787,2.59758448253184,1.65657736953965,1.98135762457365
"gene-C18H17orf75|C18H17orf75",3.23611011361273,3.48114951992403,3.22591616867449,2.7928073600738,2.85070697986967
"gene-LOC140685251|LOC140685251",3.25050355448512,3.95263159020315,3.35409913941668,3.31041193865387,3.35483050132879
"gene-ATAD5|ATAD5",3.50004413793006,3.61184467674535,3.44401007468365,2.72285084551278,3.42510181371506
"gene-COX10|COX10",2.79981150598384,2.58603010631969,2.44761467402225,2.91616685519122,3.05168206054763
"gene-LOC140685266|LOC140685266",0.858235545616682,1.40700539851853,1.56482985024391,1.12676644817819,0.631790400263315
"gene-LOC100227898|LOC100227898",4.70899685525488,4.54568111013053,4.49344417850898,4.85991742240251,5.11277035564657
"gene-PIK3R6|PIK3R6",0.0704463898496829,-1.36884165009528,-0.5248790933642,-0.0694539511745616,-0.0823972257002632
"gene-ELAC2|ELAC2",2.58076718886505,3.04221181580557,3.16866213705512,3.14100556548105,3.53080821928845
"gene-SEPTIN9|SEPTIN9",2.49645227772649,1.43370539216525,2.30454370139343,2.83167825198137,1.87732143040973
"gene-HEXD|HEXD",2.2640312129003,2.76914048451287,2.28783660327621,2.10277620235959,2.08789076065697
"gene-SEC14L1|SEC14L1",7.59952408317266,7.79374151477048,7.66835625303625,7.69691169156859,7.31720238855772
"gene-MXRA7|MXRA7",1.66829081044814,2.45048891565117,2.00055635748047,1.1290312618445,1.6853189554379
"gene-METTL23|METTL23",5.09943963033819,5.53233731247188,5.05173950862017,4.62917157446411,5.01373160865637
"gene-JMJD6|JMJD6",6.58029389322567,7.47422826249955,6.23685315860495,5.98352333795891,6.23816171538613
"gene-ST6GALNAC1|ST6GALNAC1",0.652367543270515,2.16814706134711,1.94432943893059,0.626779603299278,0.676051819560694
"gene-ST6GALNAC2|ST6GALNAC2",7.2401310092107,7.91263337829906,7.67179228495107,7.34434627709408,7.40086908362453
"gene-LOC105760995|LOC105760995",5.41692032735759,5.78904249780552,5.32168649552318,4.9475402777843,5.66118940433625
"gene-CYGB|CYGB",-3.19108107829419,-1.84406258150316,-1.10828509653153,-2.2136229361064,-3.27638235417469
"gene-LOC115497642|LOC115497642",4.11534814845111,4.94175960423048,4.56830053380727,4.17049526104905,4.26632693250177
"gene-ACOX1|ACOX1",3.33305016533543,2.95619311923633,3.25839852193149,3.47864513763931,3.56108158848208
"gene-UNK|UNK",6.69270460362075,6.58001598998147,6.67230300680671,6.69820398833072,7.04268275856871
"gene-H3-3B|H3-3B",9.67690624842998,9.90118431513051,9.68113375568963,9.23895368139394,9.43529434942311
"gene-TMEM94|TMEM94",3.33379394437028,2.88785605802991,3.83321724405308,3.85754143217075,3.5419009818166
"gene-GGA3|GGA3",4.89130992280673,4.64937094489729,4.63268377240034,4.61550202285846,4.92955264835783
"gene-MRPL58|MRPL58",0.912794752593169,0.985991133894662,0.730695616286364,1.53502198474916,1.36254193436592
"gene-JPT1|JPT1",4.70029973045398,4.91395499684639,4.72537486770506,4.40063154860941,4.50403451502866
"gene-SLC16A5|SLC16A5",-1.90213687515881,-1.30534941473608,-1.23217728279062,-3.00648996144571,-1.54285085473497
"gene-TOB1|TOB1",9.81030792584239,10.0981874174196,9.73477195137794,9.30829696908528,9.42462990313091
"gene-UTP18|UTP18",6.45509929573098,6.66550400823695,6.18419951056869,5.916335221718,6.75083507772246
"gene-COPRS|COPRS",-2.87837035835042,-2.04254791858556,-1.99715194166663,-2.55161067352298,-3.28176494923155
"gene-LOC115495198|LOC115495198",-0.76861204234294,-0.701333210201102,-0.734513042338682,-1.85130223178417,-1.63906418640534
"gene-TXNDC17|TXNDC17",3.30725749721297,2.99029012092112,3.04461680159744,3.5055606361257,3.5009791852062
"gene-CCDC92B|CCDC92B",-2.78455994416179,-3.25550705312076,-0.989592109704801,-0.57717346030139,-1.92638754557744
"gene-LOC115497794|LOC115497794",1.783239130212,3.12404889744826,2.88044605803421,1.44297815093413,1.33538985831067
"gene-LOC140680309|LOC140680309",4.60091906161542,5.97860709705154,5.85344168964896,4.09047178280237,4.12281780342818
"gene-MNT|MNT",4.65096221043152,4.90343818465307,4.75850728372157,5.00182019591069,5.20391184598909
"gene-TNFAIP1|TNFAIP1",4.52783709853471,4.2129882080731,4.57292247413673,4.43497845154229,4.66953801834368
"gene-WSB1|WSB1",6.47676353384824,5.79285903160195,6.19586446951854,6.24919378563412,6.91220379311236
"gene-DYNLL2|DYNLL2",2.7005362186841,2.85150131715938,2.76738535124629,2.66190659983117,2.38714429158398
"gene-SYNRG|SYNRG",2.54854203536083,1.93660856358113,2.38916831715221,2.65840353709581,2.30728548361586
"gene-DUSP14|DUSP14",0.0379908406681298,0.0208531171991622,0.792692055181449,1.51255507475138,2.07990012040898
"gene-GGNBP2|GGNBP2",5.15567987705222,5.34296968700319,5.15939321476502,5.01624798783472,5.10709911046576
"gene-BCAS3|BCAS3",4.85340245620985,4.63773419309989,4.47034899181166,4.9069190276907,5.0344283280468
"gene-LOC105758514|LOC105758514",-1.23106924925221,-0.577421942833835,-1.12414666143108,-1.70539572727493,-2.51133511937002
"gene-RNFT1|RNFT1",1.4065436500991,1.50765636773645,1.24943308587647,1.29711774172143,0.869230443956277
"gene-MED13|MED13",7.51902977510494,8.17937100817242,7.31465439512361,7.20891325809926,7.32302093848197
"gene-RPS6KB1|RPS6KB1",6.29695978445823,6.43675416993727,6.08313041007561,5.87758075001499,6.22579467546034
"gene-YPEL2|YPEL2",8.96831554278223,8.96255791885032,8.87137777895785,8.37271663199188,8.61841639697725
"gene-VPS53|VPS53",5.50940792935785,5.16222206205747,5.23696335464746,5.43900272652917,5.69182499068788
"gene-TLCD3A|TLCD3A",-0.548452533903013,0.5579183799655,-0.0849833738404756,-0.716965238542605,-0.257491581928532
"gene-AKAP10|AKAP10",2.66631210938435,2.43343220717878,2.87166157786953,2.73578825057072,2.99782785950431
"gene-TIMM22|TIMM22",3.92159383089975,4.58768543410462,4.05125928403071,3.81414507080117,4.38299391008142
"gene-UBB|UBB",10.007630733918,10.613032359408,9.86102265300462,9.67575924529716,9.7583230128183
"gene-NCOR1|NCOR1",7.91078774419068,8.1444206868389,7.91379483134215,7.70478371682723,7.48536685579061
"gene-FAM222B|FAM222B",5.47219489797446,5.13683607941632,5.4136510010085,5.46807498465212,5.6228565703069
"gene-TAOK1|TAOK1",6.90481457802253,6.75866741669878,6.72819629386037,7.15595945769558,6.98464626567331
"gene-LOC115497775|LOC115497775",2.90487216364513,3.68203100762704,2.94767052142929,2.95341109679585,2.57916980703463
"gene-ANKRD13B|ANKRD13B",-0.087088516397325,-0.861401229075188,0.287108663995666,0.356564781947965,0.0380972027895112
"gene-PHF12|PHF12",6.4927758590347,6.48288966596095,6.05012325971007,6.03310385522251,6.44652551307118
"gene-ERAL1|ERAL1",6.17321696543343,7.17203180080296,5.98111679889268,6.0033654479874,6.5282533859128
"gene-NEK8|NEK8",3.68294824748441,4.82100630211,3.74218393778652,3.20250406241453,3.79079302165539
"gene-SUPT6H|SUPT6H",6.87186457553432,6.28890709008488,6.69767449361287,6.91043733224034,6.71266973606376
"gene-VMA12|VMA12",1.30536121332313,1.33568047666954,1.30302884219086,1.48584824185978,2.06295599822425
"gene-POLDIP2|POLDIP2",4.67067960306887,4.35766694612555,4.85699256089352,4.99711479131655,4.82743428454949
"gene-SERPINF1|SERPINF1",2.80828150296271,3.48894507072524,3.00495052671602,2.41841506745956,3.23995002206823
"gene-SERPINF2|SERPINF2",4.10348396390798,4.92292953019853,4.41346184392249,3.70443048706931,4.45473904657918
"gene-SCARF1|SCARF1",2.74957550020196,3.54443078828739,3.11237592280561,2.69638598745434,3.05913002382975
"gene-PITPNA|PITPNA",2.16026416385684,1.01309497269934,2.36696677654499,1.90299421137954,1.98391814851964
"gene-YWHAE|YWHAE",5.56291620279133,5.47821479694383,5.24719326435956,5.27964138254701,5.17921568708035
"gene-RABGEF1|RABGEF1",5.08902096626385,4.65705559225104,4.88853467419854,5.03870448740415,5.03107658408868
"gene-LOC100225248|LOC100225248",3.0928806443289,3.28612859918392,2.68243395565597,2.91123667495002,2.46915961601963
"gene-LOC100230978|LOC100230978",2.58217079928166,3.28259090312709,3.15376772530553,1.9519775989286,1.25582114675282
"gene-RASL10B|RASL10B",-4.26768443107378,-2.12552014555792,-3.38999034438928,-4.23966675904661,-3.45120392277055
"gene-POLR2J|POLR2J",5.72339980606939,6.07989933413518,5.899717568575,5.60081453397659,5.77251846979743
"gene-PRKRIP1|PRKRIP1",4.81014312911151,4.53248600774917,4.72217390725213,4.74065730180676,4.8224324583563
"gene-RABEP1|RABEP1",3.95089995108937,3.55894035942997,3.98001900894722,4.04038715301868,4.02770066319522
"gene-RPAIN|RPAIN",2.33852629249743,2.30883969023731,2.250107912333,2.33260702950725,2.98803435584843
"gene-MIS12|MIS12",2.37801402081349,2.70038859592143,2.76218614538131,1.8046147718354,1.70526080835469
"gene-CASTOR2|CASTOR2",4.80222003907717,5.4956924924292,4.89879953879772,4.79189281201295,5.04699366603763
"gene-MKS1|MKS1",-0.32364132929404,-1.03117203798572,-0.1426530311152,-0.236066011454436,-0.114424404644726
"gene-BUD23|BUD23",3.34474502616904,3.46302441146087,3.28069161581866,3.39035033942987,3.89087278456201
"gene-MTMR4|MTMR4",3.31513129105588,3.21123684994978,3.22624852267625,3.66827682969378,3.70345889888072
"gene-LOC140680315|LOC140680315",6.34233653560025,6.65177231552281,6.34189190844481,6.46667288158412,6.88332822666983
"gene-NSUN5|NSUN5",1.15991979213657,0.907686513621975,1.01279419541657,0.761164766436736,1.41221136739498
"gene-FZD9|FZD9",4.57035559355191,3.94968719357749,4.22537413357593,4.71853114359207,4.74306392909253
"gene-TBL2|TBL2",3.85504704879695,3.7722351371446,3.71642135579286,3.85515187760545,4.16398092924297
"gene-TLDC2|TLDC2",-4.45685679479876,-2.7921409451141,-3.24242348552573,-2.90979878438684,-2.4646517809053
"gene-CPNE1|CPNE1",7.60792098703195,7.06081844250839,7.2829745430878,7.50624097808468,7.92393831371208
"gene-RBM12|RBM12",6.67216092591399,7.11781082176868,6.46357571956326,6.30852051012448,6.33367828907041
"gene-RBM39|RBM39",8.33384060339932,8.57979168592786,8.26799719463906,7.96915219032994,8.16447935607801
"gene-LOC140680360|LOC140680360",3.37922242229755,3.62266787307998,2.97624576401465,2.54912010949452,3.44475749508073
"gene-PIGU|PIGU",3.663570055729,3.723018039633,4.00043225863423,3.90593142517889,4.19268332435328
"gene-NCOA6|NCOA6",4.91763210564584,4.45398008507062,4.98547893132819,4.87845637407563,4.90536307037811
"gene-EIF6|EIF6",3.35056252931698,4.1322052662523,3.36245539240294,3.56582157286978,3.61545507446367
"gene-LOC121470955|LOC121470955",2.08695963128076,2.61048428742969,2.50571752175216,1.73616857591055,1.64472772799545
"gene-NECAB3|NECAB3",1.96707873552602,1.8853779911212,2.59093212180528,2.76498415118937,2.52821615788016
"gene-TOX2|TOX2",0.24181124777373,-1.03338932799618,-0.0330411788796923,0.0924452017950533,-0.0593084622120318
"gene-LOC100227800|LOC100227800",1.85975640662312,2.69955532073202,2.42377024729895,1.86196581262807,2.07526771467387
"gene-CCN5|CCN5",-3.18854778586424,-4.69922002373525,-3.57789443759204,-3.56492772654554,-3.86927864923278
"gene-LOC100224907|LOC100224907",0.862895390073174,1.46997716023663,2.39103782101248,0.970615553344455,0.545400654896535
"gene-ELMO2|ELMO2",6.10291280680759,5.84457846655544,5.8596329981538,6.08629620348136,6.29380289204312
"gene-NCOA5|NCOA5",4.39600177054768,4.55122589917487,4.28923449828154,4.44170173149592,4.82359629714022
"gene-PCIF1|PCIF1",6.86896786521317,6.7357772981808,6.8104943581971,6.77309890265508,7.1702723282401
"gene-PLTP|PLTP",1.55515700102102,2.42931004609419,2.2258459088698,1.6783056329341,1.58484699597573
"gene-VSTM2L|VSTM2L",-0.285846336008315,0.963544855020051,0.0990959479422485,-0.579602699103043,0.373003400603742
"gene-TTI1|TTI1",4.24731991694506,5.08832794887716,4.47425051393126,4.18362940348122,4.55941889865595
"gene-TGM2|TGM2",7.75326128631565,8.14880920922732,8.09708605209959,7.74599489548626,6.99125592790141
"gene-COMMD7|COMMD7",2.21398510119924,1.67449939614628,2.33430673168004,2.45162989275902,2.61312935504363
"gene-KIF3B|KIF3B",2.96180061333067,3.28621553786418,3.10675079665522,2.89404635566809,2.84618023057722
"gene-TPX2|TPX2",5.52422973022382,5.82188562639018,5.70121547271122,4.7766881522835,4.95361674015808
"gene-BCL2L1|BCL2L1",9.63625275208836,9.77475751467211,9.60825300234992,9.33826395855406,9.2747209192617
"gene-ID1|ID1",6.15911799899775,6.70765689556211,6.3050940492318,5.72584972481616,6.05429568041168
"gene-HM13|HM13",4.38211728427578,4.14184053446028,4.56959418034895,4.35904759422407,4.68938716481912
"gene-TBC1D20|TBC1D20",5.19456857545068,4.89928340305613,5.10367112825977,5.18232275401312,5.39326360339678
"gene-CSNK2A1|CSNK2A1",5.97789406644947,5.87171224912815,5.94611358665712,5.89862106137012,6.08664991570571
"gene-TCEA2|TCEA2",3.88903272232709,3.43170167702172,4.10267392259674,3.71608217112248,4.02223949372049
"gene-PCMTD2|PCMTD2",6.11429041810173,6.04668149759603,5.86845504851833,5.71868683494433,5.70464931976481
"gene-LOC100218088|LOC100218088",-4.24976175497858,-3.06392790897664,-3.91267296707988,-4.96131298546485,-4.2314983296445
"gene-CABLES2|CABLES2",7.70204326220826,8.28484999208423,7.71495591780903,7.86146403550494,7.71272395999526
"gene-CTSZ|CTSZ",4.89341726434674,5.30601295218191,5.00424306197862,5.00642196746623,4.71332098212223
"gene-VAPB|VAPB",5.50909865718483,5.38921870003211,5.68104523128764,5.8277205077656,5.71870289509669
"gene-RAE1|RAE1",7.96945383065958,7.94702753548753,7.65024231103107,7.49984532259113,7.60368864666885
"gene-CSTF1|CSTF1",6.11257139389251,6.17427555378299,5.9101858867488,6.17924099810364,6.51580645495848
"gene-AURKA|AURKA",5.75882473227511,5.86821961245651,5.47604144953047,4.79521106331937,5.19137590005434
"gene-ADNP|ADNP",6.63283580204892,6.89014840032524,6.3045641145344,6.27450384514702,6.45798513184825
"gene-PARD6B|PARD6B",0.781657583639111,1.01903603761257,1.76418948865857,0.259176418433743,-0.170284197617873
"gene-LOC115497886|LOC115497886",2.28025288597488,2.40561578331243,3.21956841396605,0.666393890773184,1.20690258036202
"gene-PTPN1|PTPN1",5.50953276978056,6.05472518490024,6.08105979508246,5.68541409301947,5.55526232943848
"gene-UBE2V1|UBE2V1",2.61350153330348,2.02639767288994,2.78095148339301,2.77837818107153,2.68906411027057
"gene-SNAI1|SNAI1",-5.1711394680397,-3.93622235753348,-3.54219535825734,-4.71090504198693,-3.63955941623534
"gene-STAU1|STAU1",3.86013082810841,3.53661880220517,3.95696921454024,3.97154984636346,4.23284357835791
"gene-UBE2J2|UBE2J2",6.83711064930262,6.66454485723895,6.65087899298119,6.86145208273925,6.89798916431502
"gene-B3GALT6|B3GALT6",4.93949354791392,5.32775992869776,4.90985828028499,4.80408157341798,5.04402312717348
"gene-LZIC|LZIC",2.83872746559928,2.45085895520104,2.63095961341318,2.95016893009525,2.74543049575093
"gene-UBE4B|UBE4B",5.95540058849867,6.2558310207512,5.90775352956362,5.86291206503998,5.96154979485748
"gene-PEX14|PEX14",3.13426282652584,2.8439686479401,3.19975558282176,3.28429957709045,3.16951517620683
"gene-PUSL1|PUSL1",3.39256578306526,4.05878911931732,3.79580368115026,3.48895596034711,3.56324874388154
"gene-TARDBP|TARDBP",6.73543420435836,6.98206282762588,6.78945047911251,6.63230364806981,6.34980361464902
"gene-TAS1R3|TAS1R3",2.33455217311001,2.87000135740138,2.51684578993882,2.03577941075374,2.32407274817124
"gene-LOC100224487|LOC100224487",3.42878237449098,3.75500062377835,3.55501824983658,2.49070310754047,3.69681752335697
"gene-LOC140680411|LOC140680411",-3.86367227965438,-2.44655457228944,-2.90996629505595,-3.58865017915513,-4.89997033581111
"gene-MMP23B|MMP23B",0.0141143754830374,1.29904223515135,0.795833911697535,0.336003852027543,0.674324148495208
"gene-PANK4|PANK4",3.23798593225692,2.93836492616517,3.25052036457872,3.17699597714732,3.53627229705933
"gene-ACOT7|ACOT7",5.61590213090132,5.19786088584612,5.60937084419299,5.74916672453637,5.7146028172081
"gene-TAS1R1|TAS1R1",2.98116016263441,3.60600255057959,3.27800841106406,3.16672684344202,3.30009473408952
"gene-PHF13|PHF13",2.89352149031092,2.71801278941324,2.9533065680133,3.03633498477256,3.17894596948262
"gene-VAMP3|VAMP3",4.52010829324641,4.28853117789048,4.63189308755607,4.93254579555428,4.71609423185558
"gene-ERRFI1|ERRFI1",4.62691814043135,5.10478018366543,4.48369789818562,4.15321063161489,4.77387513291151
"gene-TNFRSF8|TNFRSF8",0.69080080270241,2.00525169206062,1.38989289799511,0.0541800916869618,1.50057489474906
"gene-MIIP|MIIP",2.44739101486326,3.53191718262097,2.7135334227511,1.78293937518524,3.11772632174083
"gene-UBIAD1|UBIAD1",4.37272632826573,4.79454368103038,4.21754185078478,4.04465060769277,4.34133150469971
"gene-SRM|SRM",1.52568532188478,1.28678826054661,1.5134054042375,1.83574906157068,2.12038775886181
"gene-PHC2|PHC2",4.94524912627032,4.99541258630618,5.02881923786891,5.21677796785468,5.51170385273082
"gene-SVBP|SVBP",3.02795139336466,2.79344388504868,2.90449758448466,3.28279186655934,3.52440882193045
"gene-USP48|USP48",9.15023642907439,9.35049426263875,9.23643612124244,9.01081713693394,8.91003423203063
"gene-SH2D5|SH2D5",-0.592598417698663,-0.906218527723697,-0.514451423257562,-0.76597064554184,0.423704859655717
"gene-HP1BP3|HP1BP3",4.87596729546474,4.42266883559863,4.89357919497609,5.03578743464378,5.1567763671114
"gene-FBLIM1|FBLIM1",3.85943410114096,4.50914809649115,4.04610501583589,4.10241056896253,3.86734666704057
"gene-DDI2|DDI2",8.51550679159662,8.64989432560026,8.27762989994202,8.26642591380048,8.30577180413994
"gene-NECAP2|NECAP2",5.64124215179938,5.45202592114869,5.33655056062117,5.73306991078721,5.96478191792155
"gene-LOC140680416|LOC140680416",0.333898332214561,0.813929416210874,0.179703020825215,-0.383298532554052,0.0255521746174946
"gene-PINK1|PINK1",3.22445152252616,2.8706854639927,3.07642010115013,3.56622506533308,3.59857470617473
"gene-AGMAT|AGMAT",-2.92639103437218,-2.45465337482654,-3.23491881333928,-1.74850678840478,-0.963362168720443
"gene-DNAJC16|DNAJC16",3.66571956353936,3.58588155229668,3.86507482664542,4.20287056809231,3.87445294249039
"gene-C21H1orf50|C21H1orf50",2.32628276921947,2.4163847340334,2.46893440339602,2.90386129437216,2.81507609749352
"gene-P3H1|P3H1",4.26394457592597,4.15765335922579,4.12265162479493,4.31239739909099,4.808173998448
"gene-LOC100225139|LOC100225139",4.81771216801413,4.46423164707304,4.68173441865509,4.93304870639022,4.98720698996247
"gene-TM2D2|TM2D2",0.948668288322847,0.957130023785023,1.6021684505725,1.58307776099758,1.56844820108973
"gene-PLEKHA2|PLEKHA2",4.33795859885835,3.63133856125724,4.34831833020715,4.54942685391672,3.8396902467292
"gene-NKX6-3|NKX6-3",3.12183656662911,4.15495180276841,3.43964095723262,2.60096907807735,3.46745053135477
"gene-GPAT4|GPAT4",4.12250901919345,4.72494148265024,4.67530559166439,4.27983954955104,4.32617632790559
"gene-GINS4|GINS4",3.47424672369757,4.04159034294341,4.04473792752935,3.36557229551189,3.61227317260822
"gene-PLPP5|PLPP5",3.91053189220838,3.69469872811136,3.49725747927196,3.72675764810035,4.31971720230816
"gene-STAR|STAR",0.682808844040698,1.10532738818652,0.709149039091163,0.082812964756566,0.944693860308012
"gene-PLPBP|PLPBP",5.35194696106924,5.49136039962246,5.36823417678215,5.69083014265251,5.90540422671876
"gene-BIN3|BIN3",2.6508991189384,2.47250356018845,2.90337342086837,2.73132180639686,3.04519109565208
"gene-SLC39A14|SLC39A14",-0.767124798125887,-1.63151117624749,-1.08147153657986,-1.24868140813945,-0.643429661583593
"gene-PPP3CC|PPP3CC",1.60434537601809,1.18376513042142,1.80103872661135,1.78476279708631,1.93535982488594
"gene-XPO7|XPO7",6.2965300822979,6.32683418214592,6.34936609935021,6.55062547540918,6.75598690322288
"gene-NPM2|NPM2",0.243120876366321,1.84385528981428,1.63822153905087,0.637002764978031,0.699610426798338
"gene-LOC115498119|LOC115498119",0.506519684166111,1.95060802870127,1.57067445480057,1.03858479930239,1.1352038665424
"gene-KCTD9|KCTD9",3.03753439271972,2.96560801112584,2.80194940565909,3.07743382226804,3.37297466483433
"gene-CDCA2|CDCA2",0.127613367701815,0.652291382541083,0.341389438297358,-0.086474347721012,-0.251858254002056
"gene-LOC121471026|LOC121471026",5.47085296913856,5.63192105406571,5.15435656400179,4.44921773530932,4.81834956593245
"gene-LOC121471027|LOC121471027",3.9652914006127,4.47476483826133,4.5266286604185,3.86042752455185,3.21930306458368
"gene-SLC25A37|SLC25A37",8.68859958745576,9.08727361703652,8.97986947713374,8.60904575695243,8.2975375813292
"gene-LOC140680452|LOC140680452",8.10691961198539,8.44918239617838,7.98083372726384,7.66119587016436,7.67204825328298
"gene-LOC121471032|LOC121471032",-1.62041393310371,0.351167337224121,0.0852797476070922,-0.711573925842958,-0.997564694573613
"gene-NEFL|NEFL",7.66425709316793,8.69749319926274,8.23882871402432,8.01340792766048,7.93179468514064
"gene-LOC121471016|LOC121471016",0.871793183229305,1.66955910735846,1.20773547235779,0.660309219545485,1.1486813096929
"gene-LOC140680441|LOC140680441",-4.07486762605053,-2.50912673040086,-3.164456688245,-3.96724244168365,-3.64132390921954
"gene-LOC115498162|LOC115498162",-2.66538800365833,-1.36397938103491,-0.351483260476632,-1.16647851879004,-2.65469716254383
"gene-TMEM127|TMEM127",4.77497124386643,5.7871110582673,5.30851759650993,5.25434697016816,5.11436431275281
"gene-CIAO1|CIAO1",3.34744933189884,3.92732957886853,3.79582367698924,3.85421979604464,3.64548478945217
"gene-SLC4A5|SLC4A5",2.71052065992661,3.27848858506727,3.27647681473937,2.27116295831645,2.47524465909269
"gene-MTHFD2|MTHFD2",6.42643248590751,6.84549401164381,6.54805287326545,6.27475628167755,6.24149186337759
"gene-DGUOK|DGUOK",-0.0696096454036433,1.38705017204394,0.79254077387303,0.26286557296243,0.607626569007859
"gene-ACTG2|ACTG2",1.64164250331829,3.20156055356609,2.13732875854216,1.74045194228025,2.63956501659861
"gene-STAMBP|STAMBP",5.29643556582233,5.58954930208116,5.29827668106231,5.32287093831062,5.88288836607832
"gene-PCNA|PCNA",8.44798610789694,8.54605378578617,8.12580338712818,7.66178512523728,7.94477050340309
"gene-C22H2orf68|C22H2orf68",5.08280958780914,5.15019011135809,5.15258795326287,5.78755443796677,5.85872362097088
"gene-GGCX|GGCX",6.06786225090464,6.6547133250051,6.13934079335886,5.46704421632656,6.29707699949365
"gene-MAT2A|MAT2A",8.1931601234137,8.82816176498446,8.19553943120174,7.68019606984472,7.99938202588256
"gene-H2AFV|H2AFV",5.16364694399419,4.96652155078438,5.00351401055543,5.22291119223434,5.58369783070485
"gene-PURB|PURB",6.15900808234612,6.46541863810266,6.2277941864623,6.2653434112836,6.94256389677629
"gene-LOC115498208|LOC115498208",-0.142934780314402,0.65806745703097,0.670255681290521,0.705918598080808,1.29635435934061
"gene-YKT6|YKT6",3.706442226133,3.54358881517546,3.74447843161204,3.80889367654759,4.05270482316004
"gene-LOC140680449|LOC140680449",1.14406698439821,1.75621247968771,1.73140495829313,1.08877392556653,1.1064280495559
"gene-LOC140680460|LOC140680460",1.91191204193604,2.95207278637838,2.68732838396827,1.75774968901412,1.83149782254247
"gene-SLC20A1|SLC20A1",9.96111827812463,10.3484903423235,10.0054644621838,9.66685706619468,9.70676269361491
"gene-LOC100218400|LOC100218400",9.21738963019321,9.76063591956678,9.5393803221305,9.07318172182789,9.19235602799739
"gene-CKAP2L|CKAP2L",8.4280121195263,9.28532929734004,8.72540675533018,8.0552864263191,8.09296627366263
"gene-LOC100227014|LOC100227014",4.36023827523423,5.48574991595638,4.80675181454714,3.81394899419707,3.95069689608965
"gene-ZMIZ2|ZMIZ2",5.13390169534203,5.98521465126865,5.6302774833865,4.79450598336806,5.42168969164985
"gene-PPIA|PPIA",4.65119630760159,4.89335081810816,4.87001371986407,4.29495072771165,4.38322915295262
"gene-YRDC|YRDC",1.2225652456297,1.43955101571734,1.46279222856008,1.61632284961116,2.08713190152253
"gene-RLF|RLF",8.24999302244992,8.72928730976314,8.25824907333532,7.82337459694773,7.9196922232438
"gene-MYCBP|MYCBP",4.68952875225455,4.84369871854002,4.64209836538592,4.43181166529522,4.49511498802288
"gene-GJA9|GJA9",1.77269974927849,1.85150484520638,1.43401357493668,0.518246375169699,1.36271948993063
"gene-RRAGC|RRAGC",5.79856376880876,6.44491213883835,5.94407123271473,5.78945006478712,5.66844436120054
"gene-SF3A3|SF3A3",4.1708413869592,3.85312527528163,3.98305377647938,4.34273093375387,4.32921553643672
"gene-EVA1B|EVA1B",-0.873498809025691,0.387150698980073,0.218896656265091,0.285245572845806,1.49300583342414
"gene-LOC115498277|LOC115498277",-1.75149222406411,-1.93967260563502,-1.01316576998942,-0.82449786994949,-0.76529519635426
"gene-THRAP3|THRAP3",7.04074744187432,6.93500373354408,6.78947861140328,6.91997895003226,7.23504548354511
"gene-TRAPPC3|TRAPPC3",5.19195506239329,4.91054963481841,5.0432718797324,5.11037465905118,5.26399497301873
"gene-LOC100227613|LOC100227613",1.61738790228346,0.909695334654875,1.60726508807403,1.65003371711302,1.48233239106268
"gene-SMAP2|SMAP2",5.63244397464237,5.3745140644404,5.60147660462888,5.67068194314332,5.80469601034463
"gene-PTP4A2|PTP4A2",5.62355192815687,5.53024485461113,5.55467530077725,5.96762518046364,5.88226535103847
"gene-LCK|LCK",2.42438530422563,1.18516672556628,2.29845238822069,2.62899914699602,2.29471249287313
"gene-YARS1|YARS1",3.49491928827795,3.81368852095412,4.10818573411229,4.23447186438097,4.40924647263691
"gene-KPNA6|KPNA6",7.49064829069333,8.01739153203201,7.65652336963124,7.48372206428763,7.50734937384955
"gene-PABPC4|PABPC4",7.39697064716687,7.75064282852102,7.37590054515016,6.98138600383414,7.35425576965195
"gene-LOC115498301|LOC115498301",-1.03489803857681,0.297205184541499,-0.386248799671149,-1.52940700968971,-0.7181777003341
"gene-LOC115498302|LOC115498302",-0.967770930192307,0.0858171383022203,-0.667018780194837,-1.27249633383379,-1.24417033445429
"gene-AZIN2|AZIN2",4.39266003792114,5.34075809036461,5.02422466750177,4.0485241548301,4.53626357307023
"gene-GRHL3|GRHL3",-4.75906195153968,-2.99137049980009,-3.23026019565807,-3.78942178007535,-4.01186287225677
"gene-LOC140680470|LOC140680470",4.4191637910072,5.0398927934837,4.68437846688884,4.19382030914467,4.69805540354026
"gene-ELOA|ELOA",5.27455758586061,5.23658818520637,5.2362730882998,5.14634252740111,5.5378013713877
"gene-LOC121471059|LOC121471059",3.2090923956423,3.86643061616401,3.52406980705149,3.09468545835305,3.38846668613541
"gene-PNRC2|PNRC2",7.51028376965014,7.63017828783416,7.27695687898318,7.29179700435745,7.29290960291417
"gene-LOC140680465|LOC140680465",-3.78237464486245,-3.83269943785533,-4.78356991357022,-3.59212133622292,-4.98223262082671
"gene-MAN1C1|MAN1C1",5.07190525117298,4.75629334549978,4.46551271988099,5.01531319505535,5.29020348054657
"gene-MTFR1L|MTFR1L",4.01906752496548,3.59544005866269,3.89282298425873,4.04243941407556,4.15484468756231
"gene-STMN1|STMN1",2.63566320755765,2.92186275261907,2.94905933292303,2.41158781564699,2.16225234222486
"gene-PAQR7|PAQR7",1.2387723207364,1.76233630962063,1.76373324762717,1.13420554550119,0.800130755664604
"gene-RSRP1|RSRP1",10.2955732915242,10.690262035407,10.2505919975893,10.0123998580859,10.098676288251
"gene-TMEM50A|TMEM50A",4.80923287455631,5.13608349473259,4.68113400806481,4.32339759115752,4.66309714563167
"gene-RHCE|RHCE",8.9791392195655,9.21600014001682,8.99386318346181,8.96574001378622,8.72204002601429
"gene-MACO1|MACO1",6.39577155517792,6.61864385901081,6.30338532403988,5.91615946017513,5.93195225304168
"gene-LOC115498294|LOC115498294",1.99927012477767,2.51659712325834,2.31334586371456,2.1835330508788,1.79294510548214
"gene-PIGV|PIGV",3.9067817412058,3.83999171067727,3.73374687834903,4.16805435091686,4.47887237715323
"gene-TENT5B|TENT5B",3.7732925287243,4.6536085280904,4.3835450145621,3.33882709631045,3.09566438706092
"gene-TMEM222|TMEM222",2.94973715616945,2.80278792505103,2.91055546160669,2.39386006515668,3.13531194606238
"gene-RCC1|RCC1",7.97270550968593,8.53983808212515,7.3592654563909,7.26242503130397,7.58255084048943
"gene-LOC115498270|LOC115498270",5.27845178537763,5.74434274766547,5.66401481592287,4.97106664730051,5.61437894352146
"gene-LOC140680463|LOC140680463",7.59508680125303,7.9088451911559,7.52260300924991,7.42696901969335,7.4116594885466
"gene-PHACTR4|PHACTR4",6.67388092715307,6.74493189790608,6.53023262152978,6.22873713112702,6.80347581544795
"gene-LOC115498299|LOC115498299",4.94804268753764,5.50342976695744,4.98209793693522,4.6945778344007,4.15992331365521
"gene-EYA3|EYA3",5.03256240181557,4.74222552045465,4.60832465326087,4.93754193963586,5.18049678867633
"gene-XKR8|XKR8",2.22641943438753,2.32407051485205,2.23601054542082,2.54864685599372,2.71766683650197
"gene-TRNAU1AP|TRNAU1AP",2.70091118360142,2.05065048545681,2.65664381339821,2.72885341013251,2.8772658224567
"gene-LOC115498308|LOC115498308",1.72165141621765,2.31214469135133,1.68090747820161,1.3555699529051,1.17889864071112
"gene-TMEM200B|TMEM200B",1.91989398046637,3.11339739382952,2.22952068968485,2.08662735336063,2.1032639288805
"gene-ETS1|ETS1",5.1204392788995,3.78515036600159,4.83325862748294,4.9457601458159,4.48091377828389
"gene-STT3A|STT3A",4.64640770617081,4.82500726611502,4.47222980860793,4.61060564429123,5.05285772327979
"gene-LOC115498310|LOC115498310",0.943960295114974,1.59622414437084,1.31232843034997,0.647320887860691,0.986992242741932
"gene-FOXRED1|FOXRED1",1.32427508427397,0.950604923557783,1.03944540696561,1.49386710960226,1.58238477924805
"gene-PUS3|PUS3",2.2795361249626,2.181517751413,2.31210539883717,2.64426655828785,2.52273240023614
"gene-HYLS1|HYLS1",2.70790386941154,2.41573391664152,2.71726741318469,2.86682034334091,3.03671955475196
"gene-SNX19|SNX19",5.41008636542609,5.2796738045039,5.10747995379899,5.44035267280006,5.72987063668201
"gene-THYN1|THYN1",3.47743228209133,3.02946435769148,3.02408494427973,3.66780809128457,3.54817146573267
"gene-HSPA8|HSPA8",8.81169059916308,10.2660707122237,8.85473392699403,8.41363873161815,8.13582454603864
"gene-LOC115498370|LOC115498370",0.957361090762485,2.6596331801967,1.55433081920451,0.771674090562962,0.382988794398485
"gene-LOC115498371|LOC115498371",1.09480995105217,2.66781290114891,1.42081414142893,0.638560211880638,0.392466617552248
"gene-LOC115498372|LOC115498372",2.3754999835533,3.71783281048316,2.45233362975405,1.83250808508364,1.50256463216827
"gene-LOC100225363|LOC100225363",5.19845294719067,5.41721996309522,4.74020269518065,4.70194508684823,4.91829379307691
"gene-LOC100221565|LOC100221565",7.00618664763679,7.22310499010299,6.53756174439805,6.85992753317652,6.56743728827683
"gene-ABCG4|ABCG4",-2.45613042421861,0.124851247742035,-0.609477620691438,-0.860230499735341,-0.733536162459923
"gene-HINFP|HINFP",5.56461184767706,6.09289640912082,5.81971817069722,5.76874393450793,5.9227043278305
"gene-DLAT|DLAT",3.8516204052097,3.47808563741378,3.77637342883669,4.09669469294453,4.29831941510133
"gene-SCN2B|SCN2B",-0.666446786886058,-2.44838327674327,-1.18301197977888,-0.97587749616274,-1.0058690460597
"gene-IL10RA|IL10RA",-0.390823200594464,-1.58019937634431,-0.197290422554383,0.408344295450051,-0.780869319204273
"gene-RNF214|RNF214",5.2366685788292,5.45879220227118,4.99965122794634,4.84013229279473,5.07460232200943
"gene-PCSK7|PCSK7",6.79465053994306,6.68649161938727,6.5878666995522,6.86721761406967,7.14609471057628
"gene-PAFAH1B2|PAFAH1B2",5.39813222137715,5.64767833248335,5.2629091155758,5.10048479839428,5.39390701843087
"gene-APOA4|APOA4",1.96436035344444,2.59183433964974,2.22011612523088,1.85939879432525,1.61791328231786
"gene-USP28|USP28",2.39205560360872,2.04155114161446,2.52664960017892,2.62862173655931,2.7373592420669
"gene-PHLDB1|PHLDB1",7.03971542946824,7.09684274141057,6.77175905259123,6.41967592303123,7.54618716015451
"gene-C2CD2L|C2CD2L",4.95479260501225,5.28894052342242,5.12552462810906,4.83550708683771,5.27156446805896
"gene-ATP5MG|ATP5MG",3.95871842022966,4.07887674250144,3.8205148801062,4.26752550694419,4.52317279003473
"gene-HYOU1|HYOU1",6.23525172247389,6.57751310242491,6.1505003513475,5.81661528454788,6.45000466202051
"gene-TRAPPC4|TRAPPC4",5.26172746744742,5.00071120134318,5.18035383689015,5.18797076337965,5.69781743983958
"gene-CENATAC|CENATAC",1.95248173753371,1.89327544714954,1.67487502741705,2.22631215674079,2.7045491252637
"gene-CXCR5|CXCR5",2.91721778850033,3.03133493784537,2.99471535701641,2.61111195991445,2.40499570900777
"gene-DPAGT1|DPAGT1",3.80210397757088,4.36681955013639,3.67966229980769,3.41483187496008,3.78586140064109
"gene-LOC121468895|LOC121468895",-4.04332320788259,-4.43978632929888,-4.25762130929685,-3.38181489430552,-3.1878838422058
"gene-LOC140680553|LOC140680553",-4.03296400535262,-3.43038090504524,-3.56223095645541,-2.69968849923242,-2.7890220150723
"gene-LMNA|LMNA",6.41948369748294,6.17425269362701,6.64809820836129,6.81169053003781,6.62038538807991
"gene-MEX3A|MEX3A",-0.805035013157886,0.328056094727032,-0.238812520802359,-0.683696023519723,-0.533899449421698
"gene-SHC1|SHC1",4.67335739749782,4.82520709007513,4.89494956898397,4.98084030626431,5.24183399007852
"gene-PYGO2|PYGO2",1.80913088695506,2.209777212614,2.16508068095016,2.09048304646111,2.6244565732922
"gene-UBE2Q1|UBE2Q1",7.48745716050123,7.57354941021712,7.30942719447488,7.11796947683397,7.46559580559244
"gene-HAX1|HAX1",5.69448150909728,5.80592666794872,5.65922106097722,5.81343980440743,6.11744356520992
"gene-C25H1orf43|C25H1orf43",7.88367556049385,8.1988952517833,7.81210829915621,7.60427581807385,7.64912833505349
"gene-GPATCH4|GPATCH4",0.799924393278566,1.37799289404069,0.643070657624068,-0.216184016705741,1.57445372865838
"gene-SYT11|SYT11",2.82708521090602,3.39055962595845,2.69378603029351,2.78815011359785,2.89649027365834
"gene-HORMAD1|HORMAD1",-1.47278561688817,-0.649579976188511,-0.204819847004869,-1.66195611580275,-1.54533970277212
"gene-ISG20L2|ISG20L2",1.81766455513141,1.87783146788463,1.46059534164219,2.28962224853933,2.47107494674946
"gene-METTL25B|METTL25B",3.81267119915702,3.83293172588325,3.8793642692384,4.06493216212153,4.32456898762812
"gene-GLMP|GLMP",4.6148073973382,4.37273141230895,4.67514677499821,5.07936940480566,4.55425452097931
"gene-PEX19|PEX19",3.08424836527419,2.41664867648019,2.89976168706297,3.04267231138229,3.22585176258372
"gene-KCNJ9|KCNJ9",-4.57242090420062,-2.75186070942295,-3.32084056593681,-4.30548400801272,-3.94412222389815
"gene-KCNJ10|KCNJ10",-3.92107901729577,-1.66706673066641,-2.50354004702814,-3.36318283639869,-3.23181323628605
"gene-LOC105760330|LOC105760330",6.01842886557809,5.7710205873073,5.73498285424962,6.86675087160472,6.58175292893093
"gene-USF1|USF1",5.6221653891964,5.62024772072588,5.66905751175021,5.99629372288841,5.90376046407734
"gene-LOC115498404|LOC115498404",0.187825787450872,0.152653236179117,0.806627650874078,0.220701133883598,1.89156158215295
"gene-PFDN2|PFDN2",4.60773089086896,4.68111842413864,4.63108648734541,4.98245643637145,5.3193278206574
"gene-TDRKH|TDRKH",2.98605447226233,3.59597017238993,3.45273968268487,3.83555191224779,4.18570625369388
"gene-UFC1|UFC1",3.80982326767075,3.83779030341193,3.47279620184676,3.96939044844017,4.42844048044978
"gene-USP21|USP21",4.84729206071016,4.80837392377926,4.87325024973711,5.20233453731,5.33893339491589
"gene-B4GALT3|B4GALT3",4.84302652214014,4.81281070895526,4.79143460531184,5.11252389225308,5.51491790066199
"gene-NDUFS2|NDUFS2",4.94009538265106,4.92181416891082,4.94352403302728,5.33898047341223,5.64827978750448
"gene-TXNIP|TXNIP",10.0022646997959,10.5907241346516,9.96329834281572,9.86578046014743,9.86795854256325
"gene-HJV|HJV",2.64310752488441,4.05211051694658,3.780806008453,3.01925808394317,2.40995444573836
"gene-OTUD7B|OTUD7B",5.90500353016276,5.85908177282753,5.67925629629166,6.01803666931241,6.10601416277255
"gene-LOC116809303|LOC116809303",1.05238255677312,1.29604304305743,0.903904592055805,0.143961781596688,0.624850027076784
"gene-TARS2|TARS2",2.59605000452775,2.62270379756855,2.91171817379256,3.02769078379477,3.3686886457225
"gene-RAB13|RAB13",2.01913324296784,2.14912026026936,2.07100649892534,2.08935748408772,2.92024065246461
"gene-JTB|JTB",4.66516601530564,4.76835462012661,4.48693045126894,4.99178070037333,5.2728495366754
"gene-CRTC2|CRTC2",4.8271089513998,4.94525575809697,4.91096989132685,5.08490894108619,5.40253990652127
"gene-LOC140680576|LOC140680576",2.11024662499189,2.16255610009379,2.19653058062809,2.29698321174354,2.92775479890741
"gene-ILF2|ILF2",2.37440533928197,2.41771416359306,2.75701520778204,2.80448237429156,2.96656192113959
"gene-SNAPIN|SNAPIN",3.98001139960354,3.49961086523199,3.95831616799269,4.20790140602046,4.51117475556434
"gene-LOC115498499|LOC115498499",-4.7098986352249,-3.51879811504005,-1.98665157909933,-2.99569835381903,-4.18073722789238
"gene-LOC115498509|LOC115498509",4.02748924493684,5.00746248512043,6.25160011086833,4.97415508988615,4.14984291543491
"gene-KIRREL1|KIRREL1",0.0823890821995464,-0.78779808893531,-0.334213095446813,0.162839611552731,0.243908447364672
"gene-SCNM1|SCNM1",3.7597434613318,3.77708935150177,3.93739286897941,4.30290210255305,4.21554303701162
"gene-TMOD4|TMOD4",7.0403529260439,7.11464119101369,6.88419495425832,7.6598261404679,7.60126190387005
"gene-LRIG2|LRIG2",6.0055884632657,5.87905841564547,5.83734390068164,6.01496976349269,6.13961726917107
"gene-RAP1A|RAP1A",6.2194768804846,5.94366261508013,6.15598427910828,6.2285901299961,6.19601142812232
"gene-C26H1orf162|C26H1orf162",1.69302407573058,2.56351319038368,1.8177245015039,1.4868496435763,1.69966247584349
"gene-WDR77|WDR77",3.01480945644301,3.53660380438201,3.44868590498719,3.36672031628067,3.8244376740089
"gene-FANCE|FANCE",1.55963621701315,0.938856903082922,1.60463303720305,1.42347262119493,1.83784294404158
"gene-LOC140680662|LOC140680662",0.280900624644238,1.37131621396832,1.48332455715704,0.787178066837099,0.227130955707482
"gene-TBC1D22B|TBC1D22B",7.55232962981995,7.9084271975595,7.64575523431734,7.38719913304499,7.36112060952583
"gene-BRPF3|BRPF3",9.08318620744701,9.40480475221323,9.24731693575718,8.95001301439972,8.96848335970099
"gene-LOC140680661|LOC140680661",4.21540214344974,5.08603939489412,4.52927629067245,4.15671127787076,3.74298638890837
"gene-MAPK13|MAPK13",5.2653226892238,5.78840819100506,5.83237711879879,5.23805404918563,5.39793057680271
"gene-SCUBE3|SCUBE3",0.939533545034232,2.03624405110661,1.63114391522546,0.895099791328771,1.25442262533063
"gene-SPDEF|SPDEF",0.723665769664962,0.172595345312298,0.387943799883352,0.375095103585616,1.22115803515336
"gene-TAF11|TAF11",4.52263167769239,4.56385948049041,4.3817292093317,4.68057029456066,5.07118692277792
"gene-LOC115498553|LOC115498553",0.399344000508942,-1.15648427617976,-0.393888812442826,-0.121142833503715,0.186328441612952
"gene-PPIL1|PPIL1",1.42700148337324,1.1581440469717,1.58195763610566,1.96889685585566,1.96897543160765
"gene-TMEM167B|TMEM167B",2.57795178230647,2.48165755661058,2.7054441293396,2.93266456412768,3.33570392831915
"gene-LEMD2|LEMD2",4.8274972263701,4.87338497038676,4.6681844427748,5.09379765993237,5.09859224614815
"gene-OARD1|OARD1",5.04708318791397,5.4467276388828,4.94968230611771,4.61485397281287,5.25623978381886
"gene-NFYA|NFYA",7.50755627138876,7.8838688097459,7.17013270996282,6.98862323490245,7.42754834420402
"gene-BTG2|BTG2",7.93647893568043,8.08534935701145,7.88812200740871,7.47023239131371,7.57061508548463
"gene-MDM4|MDM4",6.02452827960033,6.35829514453143,6.00202144595889,5.68427366759134,5.71115112672601
"gene-LOC140680692|LOC140680692",0.303596341593066,0.589455761107967,0.637526199819342,0.507078299157056,0.999108393900704
"gene-ADIPOR1|ADIPOR1",5.81076971314972,5.68641373157513,5.84192792003971,6.00962377579057,6.26989936308895
"gene-KIF21B|KIF21B",3.26576482214095,3.07487357714465,3.72960468412534,4.20647024438689,3.96678018664683
"gene-PPP1R12B|PPP1R12B",5.00386221390801,4.70161903305302,4.67146177185256,4.77775039246154,5.03994505548947
"gene-LZTR1|LZTR1",3.80403578808537,3.66126871504805,3.67288488999603,3.6374562731612,4.14719649326703
"gene-TMEM183A|TMEM183A",9.03836875873763,9.36660124540024,9.04536514222083,8.92214238248481,8.87345359628246
"gene-LOC121471145|LOC121471145",7.30966166102439,7.7961385198608,7.63092909410475,7.35656747167761,7.18208788657683
"gene-TMEM9|TMEM9",4.28307895676341,5.01857425603328,4.93977068354747,4.52266581956042,4.20085247754917
"gene-IGFN1|IGFN1",-0.458497785483819,0.644302714022689,1.26710840526356,0.0527507097117478,-1.03195101906826
"gene-PSMA5|PSMA5",4.32980398914213,4.44004472494678,4.69435345085104,4.66285125783,4.83778771573892
"gene-AHCYL1|AHCYL1",5.20634320089637,5.07841134309553,5.06044746271197,5.11718377590524,5.32994431154984
"gene-STRIP1|STRIP1",5.95692736208059,6.16083562500581,5.94482532935821,6.18457637322059,6.55143571750279
"gene-KCTD20|KCTD20",6.07176210389339,5.67396104574571,5.67846711593394,5.80283636907467,5.86486972216678
"gene-MTCH1|MTCH1",3.58768086866923,3.1256581060726,3.46272409202234,3.66386630714592,3.70167685847533
"gene-NRAS|NRAS",5.11660071002317,5.12678943052875,5.15005754056719,5.19282636830174,5.44967345653327
"gene-C26H1orf116|C26H1orf116",2.58911125300348,2.45715686262943,2.70647485713057,3.23099543910464,3.29319343955305
"gene-YOD1|YOD1",6.6581166832659,6.45144093184958,6.59801255892866,6.9538046670154,6.97544269131907
"gene-EIF2D|EIF2D",2.2563496595236,2.8354726967725,2.24835187831496,2.48904398171994,1.80821912160628
"gene-NUCKS1|NUCKS1",5.27286447838042,5.23623027034518,5.19419178244474,5.3867211061273,5.51694427542669
"gene-MAP3K3|MAP3K3",3.71492942522215,3.2614858303106,3.70196754488653,3.76990748696343,3.60671364906312
"gene-RNF113A2|RNF113A2",3.92138976908117,3.89064613039305,3.67354919564915,3.72532374725337,4.22596675964596
"gene-DDX42|DDX42",5.18916679163343,5.12212061234661,5.3803007529267,5.38887685442934,5.54495328557502
"gene-LOC115490769|LOC115490769",0.278055949792795,1.27788686518584,1.00910975922564,0.838252348788249,0.744001209071808
"gene-MAPT|MAPT",5.79289392475981,5.51846050547379,5.67771172027783,6.22628038881456,6.25658655978435
"gene-SLC25A39|SLC25A39",7.55452704281795,7.19756761462134,7.67767516514324,7.9246165907639,7.90939183130672
"gene-MPP2|MPP2",-3.76447277775457,-1.78184571996782,-1.41706537646829,-1.77894865043251,-2.64815963704969
"gene-COL1A1|COL1A1",-3.89874170273432,-2.99367461953416,-2.51604765037156,-2.01174266724512,-3.35245844391961
"gene-PDK2|PDK2",6.29115401886616,6.2045735727183,6.4101818780697,6.37660285726899,6.86899441993608
"gene-UBTF|UBTF",3.6994631161747,3.53417750271805,3.93595677141333,4.10685117047992,3.85243151696229
"gene-SLC4A1|SLC4A1",11.7542796635234,11.2703168252004,11.6401049712285,12.11638987537,11.8459854266188
"gene-ATXN7L3|ATXN7L3",5.12227476685709,4.93280386719463,5.21103295367995,5.32992047361798,5.29460750932052
"gene-HDAC5|HDAC5",8.12219448369564,8.18026455681697,8.08011244611276,8.55074940015745,8.77333714711408
"gene-SLC35B1|SLC35B1",5.97095547630123,5.68034390000626,5.82602917961991,5.88810303300203,6.22478641070439
"gene-PHB1|PHB1",3.97685821484163,3.47282501339178,3.85667671057061,4.27987661049678,4.2791772987613
"gene-ZNF652|ZNF652",2.57185161285003,1.83649542882109,2.45109335326432,2.91460388802516,2.92968058277534
"gene-PNPO|PNPO",2.96925684852224,2.86944874121141,2.9605475142745,3.61367317390604,3.36845527304863
"gene-TBKBP1|TBKBP1",0.264879678841798,1.94096019704667,1.81131409884338,0.988382076578933,1.13937195625546
"gene-KPNB1|KPNB1",5.02321243121383,4.77550171999636,4.82099921750425,5.26548520479853,5.23344272776537
"gene-PSMB3|PSMB3",2.91614880982112,2.77485940426197,3.23439337497843,3.32840045575902,3.56349508598891
"gene-CWC25|CWC25",3.87049157397109,3.55950608631745,3.56723634422748,3.69224570479315,4.11341268360745
"gene-LOC115490725|LOC115490725",-0.819941588644734,-2.57414743311118,-1.27490314194755,-1.48703030533142,-1.71028457035176
"gene-LOC105758914|LOC105758914",-0.697324418897955,-2.31707710076838,-0.831064178341061,-0.548134759397762,-0.893494522943111
"gene-BRCA1|BRCA1",0.729471085842873,0.955067147076706,0.473962608472072,-0.738470269045431,0.130339751254597
"gene-RETREG3|RETREG3",5.77272950964024,5.6574620003298,5.71943265600836,5.78105698365206,6.02203875486881
"gene-G6PC1|G6PC1",-0.477847151773402,1.26947078567585,0.75728897684064,0.120808801637569,0.73116290136116
"gene-BECN1|BECN1",6.07482071031821,6.01395326798948,5.72276797009585,5.85414075955131,6.38791148249163
"gene-CNTD1|CNTD1",5.27402479411856,6.10026380978933,5.52458595290399,5.18820473879482,5.2452812137931
"gene-COA3|COA3",2.63395278475715,3.41333910768346,3.3360638169571,3.06449589134557,3.15083028846248
"gene-PSMC3IP|PSMC3IP",2.94332121555181,3.10272026606006,3.03001612321261,3.20724933330863,3.91869937357812
"gene-MLX|MLX",3.88869377498887,3.84828195992592,3.93310908025665,4.06944868179286,4.40132896950594
"gene-COASY|COASY",2.5531338777368,2.59777911637065,2.77732038738601,3.38616628294464,3.59523799470082
"gene-NAGLU|NAGLU",3.86053050929235,3.84458210400542,3.75982672969538,4.11164019882986,4.43008350842901
"gene-STAT3|STAT3",6.0616214499452,5.70238162680398,6.14320578534295,6.21473852628369,6.45604065853156
"gene-LOC100222731|LOC100222731",6.31899557864243,6.08759357844517,6.26797301289392,6.38543147413662,6.74441085815624
"gene-GHDC|GHDC",2.95451371491104,2.38365480895627,2.63063797184936,3.30448574492385,3.61493460128127
"gene-LOC100228479|LOC100228479",3.14206882661522,2.90629886522547,3.08867435288431,3.01622428667682,3.4444192532583
"gene-DNAJC7|DNAJC7",5.39089614801656,5.11656758077673,5.15670613957304,5.21541114789733,5.47270875612036
"gene-NT5C3B|NT5C3B",4.33548554547715,4.17798754033017,4.27815174610178,4.38286940667555,4.63805535555391
"gene-GJD3|GJD3",-1.5764301420857,-1.48156973538661,-1.4830816236925,-1.09923941016176,-0.240643387597175
"gene-THRA|THRA",-0.0585831213082693,-0.547998113644052,0.353400189138273,0.880888847085804,0.83156583315131
"gene-NR1D1|NR1D1",-4.17110637520789,-2.2587878064265,-2.03526413356382,-2.02569000707156,-2.40873604588499
"gene-GSDMA|GSDMA",4.40635936878073,5.07416273602827,4.37469828452054,3.82974811269742,4.11471054426326
"gene-PGAP3|PGAP3",2.16893828441911,1.99057372335948,2.65595122873417,2.89297569751705,2.63595724588342
"gene-TCAP|TCAP",-4.50510765003153,-4.87328594105171,-4.2661474211491,-4.1562723452147,-3.88742065327048
"gene-MED1|MED1",7.15006245580614,7.5409131289,7.08324655094454,6.79112929531201,7.30560571427137
"gene-LASP1|LASP1",6.53844629472593,6.99849126459241,6.50314075269944,6.29548867261266,6.69070537594422
"gene-RPL23|RPL23",9.69604572267151,9.96735705740207,9.59804341307231,9.30471281179009,9.72266989230642
"gene-LOC100220754|LOC100220754",-0.72736958386921,-2.2834300349436,-2.04650859997139,-2.23778174213229,-1.44631956578508
"gene-LOC115490676|LOC115490676",4.79915801443021,5.135445633246,5.17862132326833,4.84639671896016,4.5614206439343
"gene-HEXIM1|HEXIM1",11.4100013248462,11.7249987416305,11.5545513008603,11.1215094258853,11.258885569943
"gene-FAM187A|FAM187A",-2.02460913116077,-0.538728353226175,-0.512711283899146,-1.00391661976129,-1.38388426753306
"gene-DBF4B|DBF4B",2.21297523909962,2.01650684958755,2.05462672645453,2.70547408984946,3.00294455402103
"gene-TLK2|TLK2",6.98728633377804,7.18527203646711,6.79567686185511,6.79241841894295,6.89751953787323
"gene-LOC115490748|LOC115490748",-1.14762779456685,-0.189709059203646,-0.398943917621258,-1.3856052995282,-1.08726445597316
"gene-FCHO1|FCHO1",2.59151298512137,1.76438907710577,2.53621769004433,2.75562095823014,2.53412084267745
"gene-SLC25A42|SLC25A42",7.2210748538998,7.46980784456449,7.44314921470165,7.14114323303778,7.10482741667806
"gene-SUGP2|SUGP2",3.46417109294247,4.15505312569712,4.39775650829025,3.66624174598874,3.26483706633451
"gene-REX1BD|REX1BD",-0.811038252896962,-1.34839536205779,-0.0685513040209818,0.0626116276643908,-0.297881523862374
"gene-KXD1|KXD1",4.18376301632154,4.13170798953132,4.11104094101858,4.24453083601854,4.65499696489779
"gene-FKBP8|FKBP8",4.47011111424558,4.48237688738418,4.44572652958048,4.94130959598097,4.94383658205371
"gene-ISYNA1|ISYNA1",-0.717227344864572,0.543699715984029,-0.259386320008814,-1.16427386333631,-0.494519361349754
"gene-LSM4|LSM4",1.98315063265691,1.99721645985994,1.6032125640839,1.51397965127547,1.5795975155606
"gene-PDE4C|PDE4C",1.58457188862093,2.80632152064179,2.67666734171238,2.35484595363871,1.79007821090327
"gene-JUND|JUND",7.54466046164712,8.25423935963683,7.72649978534722,7.47677979074941,7.43757364311395
"gene-RAB3A|RAB3A",1.84435809183212,2.44219362067223,2.21735582065612,1.8254358907402,1.46643079091113
"gene-LOC115490831|LOC115490831",0.802491764272126,1.39654503178956,1.00559635378127,0.346830064199553,0.378694990685669
"gene-LOC115490923|LOC115490923",-1.1761379851569,-0.539064563165884,-0.790609545859211,-1.33003352900457,-1.2647771290675
"gene-PIAS4|PIAS4",4.77246083202667,4.82221365054955,4.60344002039855,4.54009638449185,5.03432338641274
"gene-ZBTB7A|ZBTB7A",5.54434355272844,5.06294190820351,5.29256684214235,6.04762598378244,5.72266682674047
"gene-MAP2K2|MAP2K2",4.71342878788695,4.37920514070766,4.57517525950009,5.02305409414116,4.85772564219889
"gene-SIRT6|SIRT6",3.59140632675575,3.69262317625918,3.69210105400459,3.84868013030746,4.21209307116236
"gene-LOC121468081|LOC121468081",-1.85389665608309,-2.52591411819705,-1.82471571401441,-1.18172328975032,-1.49046048638382
"gene-LOC100224348|LOC100224348",-5.23628450996037,-3.32104659268934,-3.82325850362975,-4.13059259746393,-4.69861593643431
"gene-TIMM44|TIMM44",1.89305369653614,1.4794283689394,1.47282469125977,1.90182956394508,2.04629467603747
"gene-LOC100227220|LOC100227220",4.80756221903933,4.73415554949411,4.68800169591211,4.76389099213527,5.11723308466389
"gene-GPX4|GPX4",2.23998122277748,1.92717897784309,2.69201015567664,2.40831624986083,2.57447864074962
"gene-ATP5F1D|ATP5F1D",5.17778699148282,5.07779801743726,5.24375407778731,5.33296089932931,5.55585342803022
"gene-SGTA|SGTA",2.39368180570182,2.10319056483297,2.91635616509022,2.83087558611886,2.72983847268539
"gene-GADD45B|GADD45B",8.57819444467355,9.0214500278908,8.59666632923654,8.38556798443596,8.40698025731933
"gene-UBXN6|UBXN6",3.68206662341922,3.37067277671786,3.52865860958776,3.9057175320221,4.04483021107403
"gene-TICAM1|TICAM1",3.21072801989324,3.5383316874299,3.26661390544289,2.69445396051403,3.335609302734
"gene-KDM4B|KDM4B",5.29650811461109,4.75673261993079,5.12661681670969,5.49293273953489,5.66917177408551
"gene-CIB3|CIB3",0.0777520937407156,0.549567806724817,0.488410416832713,-0.489367208578588,-0.304942730259435
"gene-GRIN3B|GRIN3B",1.1402082840373,2.27451692575459,1.56843962260464,1.31696000205465,1.50034682513615
"gene-LOC115490872|LOC115490872",1.20651618995464,1.86788371687592,1.15846941179466,1.00022191759823,1.43635158038518
"gene-CDC34|CDC34",5.8178606538791,5.34740307854883,5.40888202816548,5.62203953990875,5.88575381868409
"gene-TPGS1|TPGS1",3.16861149630325,3.22251835563315,3.38135774378303,3.6109693220091,3.9367417527831
"gene-MIER2|MIER2",2.8039427866997,2.1915493070586,2.715406969869,2.80622786552183,2.98855143349405
"gene-PLPP2|PLPP2",6.51392915579457,6.0549990728293,6.33556818704185,6.66554725976782,6.92433809560022
"gene-LOC116806700|LOC116806700",2.62499173031911,3.12125734713642,2.61806250460636,2.33534136986019,2.32109089159002
"gene-MED26|MED26",8.51267075957844,8.87531086608579,8.37117239956269,8.22564823359308,8.18384840733006
"gene-SIN3B|SIN3B",6.30933084525769,6.21711042123824,6.1083247897076,6.16128167561676,6.42367926560593
"gene-ARHGEF18|ARHGEF18",5.35313609891351,5.10529776211583,5.42963670726812,5.68329168898953,5.27727210571708
"gene-LOC101233818|LOC101233818",3.68329092048619,3.39440685099301,3.44130655075679,4.07276710574808,4.60935412596374
"gene-PEX11G|PEX11G",4.91546492212662,4.64707688940768,4.81064532905785,5.21628098861622,5.4829914505177
"gene-MAST3|MAST3",4.14408625687907,4.67970645827414,5.02984701670205,4.12628247110445,5.1360328267123
"gene-LOC105758935|LOC105758935",0.372136252872049,0.951434349398706,0.00847868398378482,-0.446320359696166,0.551975945323765
"gene-ACSBG2|ACSBG2",0.407033903135573,0.76497981861779,1.99600876819218,1.14671730221501,0.281957511040722
"gene-MLLT1|MLLT1",1.7284823937383,1.13563462348496,1.81728239212197,2.17803384437397,1.81299390505188
"gene-LOC100218528|LOC100218528",7.28499863345815,7.21715491453458,7.2538620509375,7.57794356162327,7.56122994774902
"gene-OAZ1|OAZ1",10.0687907351833,9.87067667041772,9.573363572624,9.50104706195137,9.75397301078546
"gene-LOC140680779|LOC140680779",-3.59350623792438,-2.33853560291603,-2.77395898861371,-2.35293168662163,-3.60065282733905
"gene-DOT1L|DOT1L",7.77900541920084,7.52103711945151,7.65034614399242,7.87403597719066,8.0471822936951
"gene-LOC115490864|LOC115490864",0.914485744154277,1.58659334345922,0.799496429942485,0.17692832360974,0.355143211434441
"gene-BTBD2|BTBD2",5.14563542030705,6.1023416806698,5.47542183125485,4.74522217094035,4.91295416282784
"gene-LOC100221315|LOC100221315",-3.94180573437009,-4.17409818951477,-4.12475748433283,-2.97630054656243,-4.86933887269003
"gene-NFIC|NFIC",5.65719087129064,5.74179407855032,5.71304536130115,6.38030302273449,6.39334861270914
"gene-SCAMP4|SCAMP4",3.31010659113045,3.0014412204613,3.16047888620582,3.59037265089103,3.31665415753477
"gene-REXO1|REXO1",5.22584924666792,5.026550347997,5.02661848549548,5.33415574386208,5.38867266491061
"gene-TJP3|TJP3",-0.0364058204855074,0.850741171726282,0.602548430121585,0.528505464272075,0.196857082841159
"gene-NDUFA7|NDUFA7",4.13154629957734,4.18445119829248,4.04441815242408,4.43681445680371,4.94802716491482
"gene-SPPL2B|SPPL2B",4.78475942733088,4.40262094654353,4.72374485088266,4.71917334658229,4.8782143905237
"gene-MARCHF2|MARCHF2",9.47175318023013,9.87792177535771,9.59563819856383,9.4347809951872,9.40499146091482
"gene-LOC100224239|LOC100224239",9.64717712578376,9.83299247722524,9.53511305098138,9.45645249677061,9.2722431975168
"gene-LOC115490794|LOC115490794",5.03201796965609,5.98722739942946,5.47529891786451,4.70604081748717,4.47991911832983
"gene-LOC115490810|LOC115490810",3.17997776742096,2.37704490429018,2.48941209764636,1.73760676657607,1.38744036094026
"gene-TIMM13|TIMM13",4.83914956336954,4.61607584520467,4.44786419317264,4.83086363137582,5.2197403484039
"gene-NDUFA11|NDUFA11",5.28011396902795,5.17966858345477,5.22738186768404,5.58447220754388,5.64859942651114
"gene-LOC140680790|LOC140680790",-0.365862196290576,-0.926849237251402,-0.0612997584934632,-0.247117828713785,0.0872951976033204
"gene-CSAD|CSAD",3.07378379990351,3.69081997043233,3.35524449847467,3.03505132473028,3.21033155720745
"gene-GALNT6|GALNT6",0.705616319408827,-1.03970156020563,0.247449091752247,0.443118336907986,0.319868559858387
"gene-MARS1|MARS1",4.29822376339519,4.75430959289664,4.64985121496248,5.15129792100473,5.09496490509796
"gene-CSRNP2|CSRNP2",2.48354576928958,3.04066512599265,3.12684143947402,3.22078187832419,2.39932631052743
"gene-OS9|OS9",6.00401177657522,6.02786931168639,6.08138318866757,6.4140227786804,6.52231438377934
"gene-TSPAN31|TSPAN31",2.06025885941553,1.85270627072469,2.17908859064958,2.1621950530023,2.64857694835881
"gene-METTL1|METTL1",4.72064664851686,4.67929554495025,4.76890189149344,4.91989937221862,5.51939725720172
"gene-LOC115491394|LOC115491394",6.02339560105917,5.57365513862815,5.77237636521349,6.53181678504794,5.88900183596985
"gene-TAMALIN|TAMALIN",4.72981877472696,4.48470667481196,4.84532286944096,5.33899336705122,5.43378303212582
"gene-FMNL3|FMNL3",6.20925810237995,5.85423610008529,6.25880289919478,6.68250956296768,6.91210433884946
"gene-FKBP11|FKBP11",-0.686733503449607,-1.57194432398077,-0.990261297584542,-0.412916543419651,-0.561520181794773
"gene-RND1|RND1",3.4352790412267,4.34661894822459,4.24617243637752,3.8249075532101,3.36436442340668
"gene-PRKAG1|PRKAG1",3.73750628141297,3.73921294387643,3.86491543948418,4.22671974698229,4.40037855776355
"gene-KMT2D|KMT2D",6.2845261170796,6.11883469771211,6.10181115504463,6.80260798968538,7.11297119031918
"gene-LMBR1L|LMBR1L",4.79242612897507,4.62728299262558,4.8518974707747,5.03578404466555,5.22085904170855
"gene-TUBA1B|TUBA1B",3.34636261267331,2.85637690710112,3.33510450567274,3.58010532289423,3.25902435763082
"gene-NABP2|NABP2",1.72366059057192,1.88512689319202,1.74258451689905,2.07197094884318,2.49393178945807
"gene-RNF41|RNF41",5.48413735858927,5.54250408481813,5.48085182419663,5.64688937200207,6.02071065343554
"gene-R3HDM2|R3HDM2",5.13685688550539,5.20378392119528,5.13546577123362,5.40093852595267,5.64769010492421
"gene-SHMT2|SHMT2",0.870480212029625,0.249310246142972,1.48788811025967,1.30515614392796,1.05732755702928
"gene-STAT6|STAT6",3.04078972087117,2.72612832579947,3.52925730435658,3.55056949868485,3.197844787336
"gene-PTGES3|PTGES3",7.38974156878592,7.43617967892567,7.13094229758069,6.90950106362319,7.31451071168148
"gene-BAZ2A|BAZ2A",6.98094060137461,7.03952429609523,7.0738225015129,7.36093955431289,7.46661145401573
"gene-LOC115491449|LOC115491449",1.37318312145928,2.28965096640735,2.05854863490355,1.2285606890683,1.76683698028713
"gene-LOC100220064|LOC100220064",1.03974084403484,2.11848967744673,1.75313713987621,1.37890951346899,1.5739056699551
"gene-PAN2|PAN2",5.34822508543308,5.24145039654131,5.61718576906059,5.80146046740032,5.88139625524301
"gene-CS|CS",6.64301753372679,6.56618523770052,6.65363567986453,7.07559278079853,6.86721883606996
"gene-SMARCC2|SMARCC2",7.0874276309781,7.14223067720533,7.15767958524598,7.28450645893136,7.64490420765292
"gene-ESYT1|ESYT1",2.68997232614537,2.38634635502135,2.90808083363914,3.14122029806072,3.20830882145118
"gene-PA2G4|PA2G4",5.11823937537224,4.90220988678887,4.96808458158916,4.91577497951242,5.4901050925829
"gene-ERBB3|ERBB3",0.14718986261001,1.71449734724531,1.81044852880563,0.23377883500048,0.738521300130949
"gene-IKZF4|IKZF4",5.5438829173031,6.69859068786624,6.27125788974419,6.01233461254599,6.18062190981289
"gene-GPD1|GPD1",4.39700384974618,5.49459066068513,4.92469046765098,4.40143957266583,4.7903954265311
"gene-SMARCD1|SMARCD1",5.78731864840383,6.34508420659309,5.89132626293909,5.60571520191239,6.04966525684947
"gene-LOC140680829|LOC140680829",1.43169546079725,2.16056262256597,1.66236728619507,1.61165721017208,1.26579335204228
"gene-LOC115491367|LOC115491367",2.43628296069121,3.00392380561352,2.82229488536926,2.25797710565036,2.25295729960333
"gene-PDE1B|PDE1B",-5.13493000109053,-4.02280205373088,-4.55158679242583,-4.36788836226051,-5.42819897379655
"gene-SP7|SP7",-2.59990896497108,-1.16245723687281,-0.360116932811593,-1.84274734549342,-2.38663307656356
"gene-MCRS1|MCRS1",5.62868151920842,5.62775839393348,5.56467284676437,5.80286832686958,5.95341852134327
"gene-DNAJC14|DNAJC14",4.1692685421625,3.95808058092336,4.3471828202546,4.72084129880392,4.69089068549903
"gene-NACC1|NACC1",1.33650676882983,2.05561903308698,1.88197793872503,1.29584189936941,1.46914853439094
"gene-C30H19orf53|C30H19orf53",5.973793392728,5.98694841369438,5.65917252915608,6.12031296684143,6.55519528862851
"gene-LOC140681012|LOC140681012",-0.641017260440549,0.946467947211576,0.569986097803002,1.45716300673169,1.55987810141371
"gene-CC2D1A|CC2D1A",4.44270902056487,4.42409195828105,4.3093620228581,4.93487451085176,5.32156731228961
"gene-CLPP|CLPP",4.01324364973233,3.92229664707457,4.17678721204393,4.29185619734158,4.54175680032875
"gene-ALKBH7|ALKBH7",4.97843690002598,5.12798832303684,5.18925087468608,5.86154074584045,6.01154521403446
"gene-FBXW9|FBXW9",3.6571340935485,3.71113419232719,3.62788026658408,4.0580600090471,4.43504572593703
"gene-KHSRP|KHSRP",5.0709804261352,5.20737013924508,5.23114206489757,5.52042165791191,5.76006973539777
"gene-TNPO2|TNPO2",4.21305433656985,4.81266183374144,4.67142000602546,5.08032583453233,5.20407490155855
"gene-SPC24|SPC24",2.34566290567262,2.47228409054109,2.42563820086147,2.82444754497999,3.37849007601678
"gene-KRI1|KRI1",4.80483288429673,5.19815435527139,4.96919118604389,5.09951692907508,5.90495335138905
"gene-DNM2|DNM2",5.54451037724054,5.4290671247884,5.57751920783599,5.78976434798292,5.92498793732621
"gene-LOC115491799|LOC115491799",2.86293386974137,2.4009329328577,2.91978682543274,3.00597107214713,3.31735445151605
"gene-FARSA|FARSA",4.32329559113117,4.54660571307715,4.38658127007681,4.5097531964114,4.96730445350028
"gene-ELOF1|ELOF1",2.89943192794921,3.07673094605029,2.9659773873309,3.73797837534874,3.85086712646358
"gene-ECSIT|ECSIT",1.39922012771186,1.22502057892046,1.62679644811043,1.94561362779941,2.25979658117899
"gene-ZNF653|ZNF653",4.47437725742409,4.70492386115087,4.71950456526354,5.23319957748577,5.28429560203746
"gene-PGLS|PGLS",4.54763195414073,4.28718439801755,4.25142858209852,4.65041172496265,4.73158389063436
"gene-RASAL3|RASAL3",1.7645477137211,0.721376221272444,1.81018851154341,1.35986018053611,1.96656156797988
"gene-DHPS|DHPS",3.29879871755065,3.80678814529336,3.69527327824132,3.82947651082741,4.20944497228091
"gene-VAV1|VAV1",1.94270933715187,1.70811358480326,2.36864705173931,2.58946146310851,2.30341028705619
"gene-XAB2|XAB2",4.14785930596099,4.41211524644498,4.61369435150677,4.63573549518521,4.84234457124756
"gene-LOC115491620|LOC115491620",4.42033484324169,4.54341794787153,4.83673705394837,4.92185986306707,5.11250373814946
"gene-MAP2K7|MAP2K7",6.17359959118108,6.47455579896436,6.23762221520784,6.04303100463603,6.71979338076307
"gene-LOC115492115|LOC115492115",-4.27789487134204,-4.54990765511753,-3.31207265550769,-2.73587364741488,-3.11364017987249
"gene-NAA10|NAA10",4.32073614455009,4.42052518258229,4.38123078743294,4.67607592663304,4.76706365526315
"gene-LOC100190649|LOC100190649",1.33083104595519,0.998112019416529,1.15698212949612,0.778784077012454,1.81130442237754
"gene-TRMT112|TRMT112",2.09540007083396,1.67773893560203,2.06871189027189,2.06768090187194,2.39240666999023
"gene-TBC1D25|TBC1D25",6.47794813230004,6.68982258939783,6.82860336288718,7.17787014784628,6.91105354576871
"gene-LOC121468399|LOC121468399",1.55385915133178,1.510119340525,1.09079654954495,1.37536446873633,2.26954018318981
"gene-SWS2|SWS2",-3.99913502074312,-2.05975189939772,-2.04712197983069,-2.31528778395438,-1.75843757260793
"gene-CCNQ|CCNQ",2.97616070119936,2.93626231814704,3.09320570056617,3.72707243290355,3.18263337201002
"gene-LOC121468456|LOC121468456",9.74712976132883,10.2152732253765,9.99198247210024,9.66288362402594,9.63970468396053
"gene-CCDC120|CCDC120",0.805711553741418,1.14595135503107,1.52233857162962,1.70064641333736,1.54695739666599
"gene-LOC121468977|LOC121468977",3.53000376037777,3.4048728455367,3.3849472847793,3.66587619186977,4.05498863472012
"gene-UXT|UXT",4.48338563052772,4.06260308122624,4.43661975976569,4.73873334944472,4.8440003410762
"gene-NDUFB11|NDUFB11",3.27338458671575,3.0944136284804,3.36807213438259,3.51334622746668,3.68645713442529
"gene-UBA1|UBA1",7.0513507609285,6.95700584265261,7.19844676976001,7.28864029259424,7.54786288207547
"gene-IMP4|IMP4",3.44220225202282,3.47468619403667,3.80501681249668,3.66709446605757,4.24498194448634
"gene-LOC115491942|LOC115491942",6.14110893269796,6.18205335969648,6.13762022216015,6.60127150893341,6.61864365306523
"gene-LOC115492167|LOC115492167",-1.46635780338477,0.372477350001227,-0.00790564541191037,-0.286308183909933,0.560005354340824
"gene-TSR2|TSR2",1.78167442446822,1.96908497320349,2.03423658053332,2.40019989993821,2.69806653929057
"gene-GNL3L|GNL3L",3.28512041171788,3.39704990553504,3.44895442974569,3.77176146318072,4.28686082973685
"gene-SLC3A2|SLC3A2",6.95704348189177,7.26379500462113,7.16910037659317,7.07011610731775,6.75010410432392
"gene-SART1|SART1",5.7868323576806,5.92032908674119,5.96466442351938,6.177978118456,6.41514808457864
"gene-TUT1|TUT1",2.67157283255621,2.84457579123268,3.10415416801904,3.25493988013448,3.80852661934793
"gene-PACS1|PACS1",1.74371500299698,2.03818181026739,2.20027687756561,2.72665486842797,2.78059275049348
"gene-BBS1|BBS1",-2.89779402682083,-1.90074943712379,-1.00242697757951,-1.67846027681069,-0.885152186110652
"gene-LOC140681027|LOC140681027",6.5647314843207,7.0891491329633,6.54939978894288,6.20161482032356,6.60973500080623
"gene-LOC140681138|LOC140681138",1.75332068291596,2.55387489348114,2.21047495639548,1.21670651086567,1.65760075371356
"gene-TAF6L|TAF6L",2.29073801420521,2.65739782844352,2.83982252817407,3.26213207694389,3.46476063979813
"gene-MTA2|MTA2",4.25228802731069,4.14571060221119,4.47583997714797,4.57647205350251,4.60006625681315
"gene-CCS|CCS",1.61490327424963,1.52627580041297,1.59703637263009,1.86710235284024,2.39412047506366
"gene-EHBP1L1|EHBP1L1",-2.66151195574799,-1.10113240686868,-0.759017481530422,-1.57711291049209,-0.340058825315848
"gene-TRPT1|TRPT1",1.62316669824339,1.2349809346874,0.98099952955736,1.42854310367738,2.12309949383455
"gene-SCYL1|SCYL1",5.06418122620227,5.20913751647406,5.34919820484361,5.65148755569715,5.89673921561953
"gene-PYGM|PYGM",4.83725783587398,6.01043593100814,5.1507168717203,3.87864199212102,4.83162193312363
"gene-SF1|SF1",7.6918033348227,8.41238423117058,7.9629989302865,7.78411146873457,7.71869058933477
"gene-LOC140681086|LOC140681086",-0.14689244052983,-0.207088647953998,0.562125978957468,0.607829089371689,0.602120503276337
"gene-MAP3K11|MAP3K11",1.61479646585568,1.49631515122852,2.16651528113451,2.33705162793097,1.94904231222385
"gene-LOC115491955|LOC115491955",5.71604550222813,7.16003930065443,6.68453990270058,5.38192479885366,5.75193505966703
"gene-PQBP1|PQBP1",4.08197947626556,4.5005855882954,4.61332613675502,3.97779940762076,3.95011843185385
"gene-WDR45|WDR45",4.72970973340602,4.8176476413434,4.97591779323494,5.382519556486,5.29907288548521
"gene-HDAC6|HDAC6",2.84019431012186,4.65882690576277,4.20059933741376,3.41630010954278,3.84688575368763
"gene-SPATA16|SPATA16",1.35651856440803,2.22649075487263,1.98305090713596,1.34571966331859,1.32691459550931
"gene-B4GAT1|B4GAT1",2.8139751635604,2.97408710119116,2.7616686473337,3.66430992929101,3.35337606944958
"gene-MRPL11|MRPL11",4.75571882940486,4.7520587379407,4.70994458998573,5.0769276354094,5.32820498914095
"gene-FKBP2|FKBP2",4.53681221763483,4.4316387750539,4.69284758654997,4.93160142212658,4.91219921464032
"gene-PPP1R14B|PPP1R14B",4.55903778571962,4.49221371816884,4.43326681852008,4.5262754166667,4.98542936728994
"gene-SIPA1|SIPA1",3.18048719229406,2.82009523594703,3.5017105992563,3.67397885969543,3.69848570899535
"gene-STIP1|STIP1",5.8428585109975,6.75782418023349,6.40804049551984,5.89191391012634,6.19969306639431
"gene-SYVN1|SYVN1",4.4781355462393,4.35562737913935,4.55719541558398,4.86359141629779,5.15519856516564
"gene-CAPN1|CAPN1",4.12904745730079,3.56001876632274,4.02474559584211,4.34403755863635,4.41536544118549
"gene-LOC115491968|LOC115491968",2.78634962823286,3.54920199289701,3.44101367893325,2.96342626891571,2.96778421767442
"gene-DRAP1|DRAP1",4.6430780391303,4.71862830243466,4.77440687692213,5.23093559576431,5.17934191083219
"gene-RELA|RELA",5.54225803519261,5.80787300666622,5.79910652627569,5.95067197369273,6.05923036394467
"gene-PC|PC",2.58721925385033,2.86609000670198,2.97075205877897,3.29061086927657,3.60779133884457
"gene-NXF1|NXF1",5.70805484837744,5.66408919665018,5.74459617234027,6.01652404877878,6.39986907372355
"gene-GNG3|GNG3",0.399648193569429,1.33966796159875,1.05910654488528,-0.175791095561947,1.24122707041077
"gene-BSCL2|BSCL2",4.41728299226227,4.21583765575188,4.33260885043944,4.81501445565835,4.77520296349195
"gene-DMAC1|DMAC1",4.32329074638841,4.64792769668918,4.58633894729655,4.97915423337339,5.34619236943848
"gene-INTS5|INTS5",4.95361162612137,4.90242610295757,4.63580151405391,5.40288304685409,5.38815131166294
"gene-POLR2G|POLR2G",4.17773104604804,3.76587791258002,3.87484854318458,4.2995862333534,4.22007707861682
"gene-ZFPL1|ZFPL1",4.44706297630043,4.4322640656138,4.6291507631242,4.97666029761552,5.32211046671679
"gene-BAD|BAD",4.33088801471283,4.55467887699029,4.34865182676123,4.90448240747061,5.18385120753877
"gene-ATG2A|ATG2A",5.66644956594167,5.83927696384907,5.94068462939382,6.18178019543949,6.70549654018365
"gene-ZNHIT2|ZNHIT2",5.27119421824877,5.91138912303935,5.36640182878761,5.32119311246237,5.5093081710585
"gene-SPAG7|SPAG7",4.93637494433898,4.74601066796138,5.09242250107055,5.20142150826342,5.49476116128298
"gene-SLC25A11|SLC25A11",6.49937558534231,6.98031704714821,6.79369842597577,6.5102083387705,6.36228157446032
"gene-LOC121468501|LOC121468501",3.76875772669196,4.90751960148098,4.3973274315056,3.58136229243876,3.5938773891328
"gene-KIF1C|KIF1C",4.82163315930392,4.87323467340131,4.92731045074711,5.07083696157254,5.32666700925808
"gene-EPO|EPO",-4.0701146642347,-4.64420368761752,-4.7816461742437,-3.3783770984972,-5.18504297800044
"gene-MEPCE|MEPCE",8.04496172326563,8.96238588958585,8.73531983330611,8.46584799421397,8.43029847751458
"gene-EIF4A1|EIF4A1",3.50738394979766,3.82405601352608,3.26728703391454,3.29842351268094,3.26720094073492
"gene-ATP1B2|ATP1B2",0.4227600873563,0.846010494857621,1.33481761625349,1.451031476021,-0.223689850221839
"gene-ZBTB4|ZBTB4",2.26659215348009,2.97676020143593,3.37924439766243,2.76625632551487,2.44096424476701
"gene-TRAPPC14|TRAPPC14",4.90451865717915,5.04792390236549,4.97812750377308,5.36796932516293,5.68143184733548
"gene-ELP5|ELP5",1.89592518491444,2.33331755274499,2.31212626397971,2.1300778542757,3.22677738489487
"gene-GABARAP|GABARAP",9.42602566958864,9.83130755023179,9.62013102323102,9.58781808562437,9.37817229152616
"gene-FIS1|FIS1",3.40233333194218,3.42794664842256,3.63355551647827,4.05222343591726,4.13133668523168
"gene-LOC140681168|LOC140681168",-0.469537641560119,-1.36634622802007,-0.65581318217421,0.0527091270977078,-0.547836351000363
"gene-LOC140681197|LOC140681197",-4.8198650592078,-4.07591367386877,-4.33663336988678,-3.05791110341817,-3.75727416477485
"gene-LOC121468553|LOC121468553",-3.82112644799413,-0.97105662907817,-1.275226850021,-1.88866980968662,-2.8772009793753
"gene-LOC121468619|LOC121468619",-2.97045286908591,-1.75566948720539,-2.07414616477514,-2.61505915737249,-3.02046937884375
"gene-LOC140681262|LOC140681262",1.7337591051619,1.48826572517615,1.39279182498142,1.42743284460245,1.96830902519773
"gene-LOC121468577|LOC121468577",0.601273694548729,0.435998354090724,0.412234356455995,1.28704816193496,1.2044368855483
"gene-LOC121468582|LOC121468582",1.68026005304685,1.83598460401662,2.89879695267557,2.42005683320121,2.64127554456307
"gene-LOC121468580|LOC121468580",-2.16890975859011,-1.44557018449675,-0.185918226395286,-0.811732586708337,-0.34804614186392
"gene-DEDD2|DEDD2",4.82638801083881,5.59254644418622,5.17678383366652,4.96431748206293,4.79134715651586
"gene-ERF|ERF",1.72999883095306,1.80604254156911,1.77144598852277,2.1840015451306,2.35090943320995
"gene-CADM4|CADM4",-0.321998460479511,0.964945640348115,0.879569762070576,0.0366012397065626,0.131821815648671
"gene-LOC115492926|LOC115492926",2.22053929328212,2.68339806354166,2.12511175203493,1.77964468576092,1.78357050045647
"gene-RBM42|RBM42",5.31496541399428,5.57072896243809,5.6258189495537,5.66947892654973,5.98030171660411
"gene-HAUS5|HAUS5",4.43364846240731,3.8918061980381,4.14400999268512,4.85538454239927,5.08703968918637
"gene-LOC121468927|LOC121468927",-4.0686468850667,-4.09796042446994,-4.26450492094284,-3.93253867871576,-3.15244302493274
"gene-ACTMAP|ACTMAP",-1.13019698805062,-2.02438251044566,-0.885702024336964,-0.909881696305015,-0.885444125549794
"gene-LOC115492889|LOC115492889",1.5921784266338,3.1876933026724,2.58727140905957,1.86626107887002,2.28762180144759
"gene-LOC140681287|LOC140681287",-2.41318214002079,-0.0158911805167856,0.438447449689616,-0.0198950311045378,-0.905348566988399
"gene-CAPNS1|CAPNS1",5.6343179835995,5.77518661852167,5.57726040849646,6.12651291194987,6.33483778934829
"gene-FKRP|FKRP",3.27476359283761,3.69997497012122,3.54797478911097,3.95777041032626,3.09372102806313
"gene-CCDC9|CCDC9",4.51422165550694,4.64386775312319,4.46524986555915,4.99097863192711,5.17226916880441
"gene-ZC3H4|ZC3H4",5.25662823154594,5.89240952724,5.55631688606692,5.36088742193721,5.26080123329489
"gene-LOC121468661|LOC121468661",-3.7596453697197,-0.92499373009307,-1.88566535907835,-2.54988459483893,-3.43103029559131
"gene-EIF3K|EIF3K",4.65323564142004,4.5804927384456,4.37072753034233,4.85559480965244,5.01514619127316
"gene-LOC115493148|LOC115493148",5.23450753444369,4.99313699002861,5.23095665141471,5.3936494715529,5.42259056603451
"gene-SELENOW|SELENOW",2.83470538965098,2.6695102160411,2.71143749101893,3.24880667769941,3.19192834937309
"gene-FOSB|FOSB",-0.121488219622737,0.73516052323649,0.984459655439355,1.70320979126244,0.412810791890506
"gene-VASP|VASP",2.38867562946117,2.23028557783828,2.82421938627995,3.05710678029842,3.02888432320945
"gene-OPA3|OPA3",0.947865807126056,1.0299594087551,1.49844098958056,1.77170414194307,1.57509494469566
"gene-QPCTL|QPCTL",1.41420129049406,1.44632139065948,1.85256347742218,2.40035859986639,1.75253659552359
"gene-DLL3|DLL3",1.53364680905297,1.16634380914215,0.993870387204675,1.92257051831687,2.60196165699107
"gene-TIMM50|TIMM50",4.75623425960646,4.58605774000837,4.54090790355296,5.08180280669471,5.28123038999947
"gene-SUPT5H|SUPT5H",6.69703177694889,6.63157345787242,6.73266509316748,6.94283264378024,7.02691349693016
"gene-NFKBIB|NFKBIB",5.21728233019013,5.10462399299452,5.28088560751728,5.6712520819431,5.8994203481145
"gene-LOC121468728|LOC121468728",3.68419015337028,4.08264769128189,4.36987778124776,4.78496213094167,5.15725149759996
"gene-PPT2|PPT2",5.23228620556499,4.39490386678754,5.19963598166201,5.54487569799132,5.01042161891016
"gene-VARS1|VARS1",5.49583642208418,5.65133815969933,5.69577315875914,5.84397054577301,6.33816528027443
"gene-PPP1R10|PPP1R10",9.16665248091127,9.97025115831724,9.54977708282677,9.034743264202,9.42544112978829
"gene-C35H6orf136|C35H6orf136",5.39860723051604,5.24069829287612,5.4188853765467,5.88702465074272,5.99572779584434
"gene-NELFE|NELFE",4.03533152628875,4.17395903880364,4.29457675853264,4.35283498307382,4.62599624234853
"gene-SKIC2|SKIC2",6.1054880840544,6.25166147717972,6.34331258509348,6.64521326203092,7.05630954975521
"gene-DDX39B|DDX39B",6.70853780657659,6.70967047188052,6.60683840820534,6.92347915396851,7.11889100789888
"gene-LOC140681383|LOC140681383",1.25545511608447,2.10838455133963,2.15960669471397,1.80201167034536,1.58114910613762
"gene-BAG6|BAG6",7.40911774766459,7.47363458338589,7.64982925745558,7.87493300124914,8.1025406713236
"gene-PRRC2A|PRRC2A",5.19127790744293,5.001790997968,5.14557125772996,5.60265087105897,5.93238394293514
"gene-CSNK2B|CSNK2B",4.0799810506289,4.01922623590783,4.0481588610483,4.3771823505103,4.45153408418866
"gene-ABHD16A|ABHD16A",5.09266398777964,4.99179385482577,5.26441892105516,5.56869038846881,5.7507486576102
"gene-BRD2|BRD2",9.72350826718857,10.2916020221321,10.1359373313504,9.5795046577289,9.69757567377884
"gene-B3GALT4|B3GALT4",-2.03401074073496,-1.53385664664803,-0.649846924356812,-0.299934149681417,-0.376922525057998
"gene-LOC115493074|LOC115493074",0.572377998437291,-1.33145069468208,-0.188255978479505,0.571888806902222,0.73482252894297
"gene-LOC115493101|LOC115493101",0.0198166284676765,-0.825587224945024,-0.539955525554364,-0.00623420642782896,-0.928461069407656
"gene-FLOT1|FLOT1",2.45058660975452,2.19597067748902,2.72865164750474,2.899040351194,2.72523698559082
"gene-LOC115493072|LOC115493072",1.96433450986307,2.74258391920314,2.30896246960161,1.85608994780749,1.97957912586229
"gene-LOC121468677|LOC121468677",0.978904400802523,0.202528820870677,1.12721308502881,1.2365220975418,1.50892355985796
"gene-LOC100220454|LOC100220454",1.53950764147549,0.86765089004839,1.08905832903106,1.38756512291773,1.54423686928484
"gene-PIP4P1|PIP4P1",0.523160960855588,0.0605481853975654,0.605843203351577,1.07121553230178,1.08661513670289
"gene-OSGEP|OSGEP",4.55649078964636,4.39594082909532,4.53402361458448,5.12797730632807,5.20167001283993
"gene-LOC140681499|LOC140681499",-1.26112785832073,-1.60021468940071,-1.23528188525715,-0.10004428386233,-0.679484099037786
"gene-PABPN1|PABPN1",2.70293744217969,2.22484789180831,2.59667785145164,3.0868820894577,3.05962721360968
"gene-LOC121468784|LOC121468784",1.79323967970091,1.49345675996581,2.00995859394495,2.24905725521681,2.03587513864258
"gene-IPO4|IPO4",5.38026600331617,5.44749045842782,5.77511171672328,5.64073485450969,6.12907241857257
"gene-TGM1|TGM1",1.05754143022613,1.3513168825523,1.22463021565964,0.976763404766027,0.751675895670427
"gene-RABGGTA|RABGGTA",4.39204196693077,4.21464242720221,4.33753463061321,4.76130388073881,4.80272919477677
"gene-CD37|CD37",3.76766939515656,3.58545304545756,4.02438223356698,4.16164835977147,3.99827816182663
"gene-PIH1D1|PIH1D1",3.54846129758912,3.64295134834751,3.69880358838365,4.32991559478386,4.06699303738098
"gene-UBE2S|UBE2S",8.79469359171996,9.54670806760797,9.46763471379003,9.03792869458461,8.85863098129037
"gene-RCVRN|RCVRN",5.2769242883529,6.34966445088987,5.72057410971382,5.23300140719568,5.83257120479048
"gene-DBP|DBP",1.40189589033836,2.58271259081323,2.39315993835858,2.29896943745851,1.9760127227093
"gene-ZNF865|ZNF865",3.36977966003581,4.21559787759744,4.39483535667069,3.77347325586543,3.42185086740471
"gene-PPP1R12C|PPP1R12C",5.84294306294072,6.05468666742493,6.2191261017131,6.72046916999982,6.4716214330744
"gene-PRMT1|PRMT1",2.12362114515541,2.50438956028249,2.65108134874352,2.28152902784337,2.11917525864412
"gene-PRKCG|PRKCG",-3.65014700010341,-2.52959272169698,-2.22403066195251,-2.18668794038214,-4.09962229328793
"gene-TFPT|TFPT",1.47337666597007,1.52296896332078,1.80089257835399,2.06786344163728,2.2370305820186
"gene-LOC115491814|LOC115491814",-4.1674623553035,-4.16122985706709,-4.06572797751428,-2.6639112977179,-3.99557093182274
"gene-LOC121468878|LOC121468878",-5.02221181262984,-3.11633359457343,-2.63462591362907,-4.3115248624932,-4.62863507218685
"gene-PNKP|PNKP",4.02293889962254,4.07282483993438,4.18135895169974,4.5585216545245,4.68292011065647
"gene-SNRNP70|SNRNP70",4.73892611187776,4.54468329111958,4.59813767230992,5.18489501630187,5.30571301125095
"gene-LOC115492525|LOC115492525",-1.23375298857695,-1.05413080806094,-0.298865997187032,-0.131869623483835,0.716126716160922
"gene-LOC140681743|LOC140681743",3.82782610452871,4.11095109064126,3.80830028170832,3.56732791774624,3.43891938633797
"gene-LOC140681735|LOC140681735",3.56570589012854,3.95836909861707,3.63811614279383,3.50549217210018,3.4523898890257
"gene-LOC121469191|LOC121469191",-0.197726013766163,0.444738076356016,0.638059565986668,0.217801947626359,-0.217693227500908
"gene-LOC140681737|LOC140681737",-0.193051544920061,0.564750346888563,0.493306536954236,0.176304985618181,-0.132495268899356
"gene-LOC140681732|LOC140681732",3.41531668247758,3.77039943085542,3.08280629299636,3.42647031439213,3.15854376939412
"gene-LOC140681733|LOC140681733",0.0365048573495888,0.846966139682669,0.763519987059625,0.443014158868475,-0.112227058409846
"gene-LOC140681746|LOC140681746",0.888264555207391,1.67610599362343,1.40092195009205,1.14382470701768,1.22705308813172
"gene-LOC140681745|LOC140681745",-0.388890412326681,0.503822164167848,-0.0328280771774433,-0.286472488604709,-0.545039528640011
"gene-LOC140681828|LOC140681828",1.78302080844708,2.51731349528528,2.25744705369837,2.03245700168785,2.06707966271172
"gene-LOC115491142|LOC115491142",-0.935266265959774,-0.345352769883228,-1.28195325088485,-2.96162803922076,-1.61281344634445
"gene-LIPG|LIPG",4.5778007920511,4.88489224096407,4.48244141574812,3.94828573717752,3.58691771606312
"gene-MYO5B|MYO5B",-1.35945418033992,-1.01063885853493,-1.80669912867562,-2.59295493342871,-2.48808539220748
"gene-DYM|DYM",4.3128007838097,3.83852135859898,3.8148374699437,4.19315173063067,4.12073633220217
"gene-PIAS2|PIAS2",3.42290488072702,3.08857078636069,3.3268897926532,3.71234366489806,3.70134998694977
"gene-IDUA|IDUA",2.92357983018571,2.49355094516086,2.72480888392282,3.2271180276829,2.73741594193221
"gene-RNF38|RNF38",0.475612723680268,0.157042820134569,0.470308777786247,0.634046583339773,-0.279701757036896
"gene-NFIL3|NFIL3",7.66578160147454,7.92336364818103,7.44463541476268,7.23118565767299,7.22195117062347
"gene-CKS2|CKS2",5.99886291175063,6.20257440831842,5.88123632938777,5.37822000534997,5.60899474177362
"gene-SHC3|SHC3",-2.03702014201909,-2.56565718185149,-1.41864233495669,-1.33591940287758,-1.42107667977611
"gene-ERCC6L2|ERCC6L2",2.71486473537759,2.61994080242778,2.63801514697877,2.299072629875,1.85196279013354
"gene-MRPS36|MRPS36",3.77206584695609,3.65743056688522,3.70007776395678,3.8238491158755,4.09005130609814
"gene-CDK7|CDK7",3.49516386195651,3.39511350810766,3.11891786456855,3.20056592659834,3.62221509312725
"gene-CEMIP2|CEMIP2",3.26282357201857,3.07856791124442,3.19874362302312,3.45405409360384,3.47861938509546
"gene-CZH9orf40|CZH9orf40",1.73509637105206,0.9962402534175,1.31494785573878,1.57484099109889,1.56817483066415
"gene-KIAA0825|KIAA0825",1.2492395898023,0.447456169327803,1.03386371057606,1.20448171212932,1.13205714692105
"gene-ARB2A|ARB2A",2.4884003047759,1.88089980837796,1.96099222504328,2.54377210510227,2.25622698574903
"gene-ARRDC3|ARRDC3",4.28677198576433,4.76796341138405,4.06897185139116,4.1293243065412,3.93559958817743
"gene-FAM174A|FAM174A",0.574798807070464,0.554032453879192,0.661587922808884,0.769125574649771,1.22486444298405
"gene-MACIR|MACIR",0.903839678439791,0.0688033233540637,1.17482014031278,1.15598658657233,1.10440182561509
"gene-FER|FER",3.0122206750785,2.55309305040209,2.782534984769,3.0851883742265,2.76434275408276
"gene-RFESD|RFESD",6.76592687397804,7.17927644425086,6.86733587160598,6.74767707224444,6.47584511660529
"gene-CSNK1G3|CSNK1G3",0.453437583067514,-0.356050841885937,-0.21954378112871,0.0155205856602585,0.418618826541902
"gene-SNX2|SNX2",3.18779379814282,3.1393873351567,3.14022519108786,3.04644112173739,2.36329003181501
"gene-SRFBP1|SRFBP1",1.14785124188145,0.478779686997423,0.701968934242963,1.06983068752903,0.871148499458468
"gene-COMMD10|COMMD10",1.61689611936443,1.27986979906448,1.34674632249734,1.90472693628829,1.6644773270162
"gene-ATG12|ATG12",4.41649486511705,4.98255358567042,4.68287711834958,4.5361394317257,4.70475110099245
"gene-LOC105760834|LOC105760834",1.2678876331499,1.82372532342256,1.09822990087239,1.25420618300506,1.0042380306537
"gene-LOC115491103|LOC115491103",0.0291791037861789,0.985647593681824,0.565691862973977,-0.635318467652096,-0.585325771987314
"gene-HSDL2|HSDL2",2.6962241398435,1.85708377859493,2.21885226427736,2.62795569219539,2.80093681536682
"gene-LOC115491011|LOC115491011",-0.0126887035497248,-0.689525216003194,-0.557536271933412,-0.36702743613912,0.494538209298945
"gene-SUSD1|SUSD1",4.31762197287156,4.6131945740817,4.52067561085762,4.40215215945352,4.16806185532379
"gene-UGCG|UGCG",2.9259693202172,2.53333117771226,2.80948939816738,3.2398104470629,2.94234984629557
"gene-PTGR1|PTGR1",2.19459420470725,2.52798832631249,2.58873511597741,2.10557405132995,1.78144850900926
"gene-LOC140681688|LOC140681688",-0.129141304677443,0.858852663423891,0.757005526586088,0.0424598726773421,-0.0607480252574608
"gene-LOC101233072|LOC101233072",4.3840388926186,5.54011100593973,4.75016922806766,4.63097650042829,4.27133731661083
"gene-CAAP1|CAAP1",2.9198806996077,3.26492046263999,3.06264957148856,2.90105033678659,2.91710876608528
"gene-APTX|APTX",4.3775370629967,4.88275821632225,4.24195924649902,4.06150722136464,3.94783605022922
"gene-DNAJA1|DNAJA1",5.72482099017962,6.39052677242755,5.38360630305573,5.39187978187584,5.48102956455225
"gene-FOXE1|FOXE1",1.8499277912149,2.7601437669007,2.25114157468614,1.58845812491587,1.35407645267318
"gene-SERF1A|SERF1A",5.55817951043305,5.84538609061995,5.35241665646388,4.90306490393549,5.40679884919414
"gene-ARK2C|ARK2C",-2.4326035583244,-3.6300381336898,-1.8089036794054,-2.27494528396466,-2.03031001550867
"gene-SETBP1|SETBP1",0.956950218531839,0.153976724240602,0.804922182699293,1.34210627131564,0.854495813744954
"gene-KIAA1328|KIAA1328",2.29671343840464,1.85899815520668,2.09663524220255,2.41392463574795,2.26256237552339
"gene-LOC100229057|LOC100229057",0.612032247487172,1.54376997565448,1.69920210649875,1.3706755172753,1.02711637752127
"gene-NOL6|NOL6",2.57302638263303,3.83067934404698,3.41446246433482,2.88777978446385,2.60037598101667
"gene-UBE2R2|UBE2R2",6.60545529245588,6.92114867934033,6.85226568295686,6.57396814844577,6.1497417751862
"gene-UBAP1|UBAP1",5.60514691638766,5.67220920081063,5.54545858320143,5.33473597204539,5.35305087226231
"gene-DNAI1|DNAI1",-3.05812767451933,-2.41655538047724,-2.8050981205582,-2.3395195421455,-3.84717317864379
"gene-ATOSB|ATOSB",5.50808576397453,5.45572514172475,5.36628051981301,5.72241065473453,5.8024735090699
"gene-HINT2|HINT2",-1.20052383769422,-1.44509430200224,-0.732340033700544,-0.727767729407778,-0.451929516215981
"gene-LOC115491017|LOC115491017",2.8972615200257,2.8075220254702,3.25454258231683,3.34605776498118,3.18676836595378
"gene-CREB3|CREB3",3.78147260680455,3.18541794791589,3.82880143519579,3.86047367180284,3.59342241299652
"gene-MRPL17|MRPL17",1.7359044898948,1.34778188089609,2.01747221349408,2.11937064862461,2.06121196878263
"gene-PMAIP1|PMAIP1",-1.34765944019759,-0.190372573813777,-0.172404801844592,-0.576275405683874,-1.53987097762571
"gene-GOLPH3|GOLPH3",3.92233330182839,4.1587466774237,3.88428952862773,3.84226260285043,3.64371356609212
"gene-LOC115491015|LOC115491015",1.17359935955214,1.14682781798048,1.14329011694331,1.44305704130978,1.51000376940298
"gene-NADK2|NADK2",1.36053171115685,0.803489703475151,0.542102411633682,1.32821637153787,1.1067247320272
"gene-LOC140681719|LOC140681719",-3.94863636390741,-2.26639243816458,-2.0840352736714,-2.5505423671947,-4.12322808668853
"gene-NNT|NNT",1.73271676510154,1.29980103428736,1.69173449745141,1.91299918656492,1.87451930881431
"gene-EMB|EMB",-0.34470997040267,-1.44961856376098,-1.64604486907258,0.0842776325487623,0.0961683628647837
"gene-PELO|PELO",5.99179770068359,6.16253966703147,5.83494830882186,5.61903201259951,5.4936978511015
"gene-LOC101233531|LOC101233531",6.38658258800428,6.73363341511676,6.68638202162012,6.08345789410196,5.82549985499142
"gene-ARL15|ARL15",1.67688894645672,0.292913621661787,1.25467342278137,1.68295705573501,2.00234387014781
"gene-DHX29|DHX29",3.85070730291305,3.63447088990452,3.81670251005539,3.76395292933794,3.99621900736992
"gene-GPBP1|GPBP1",4.97427194928519,5.65926842346275,5.10025315422253,5.1230291371574,4.67359921157523
"gene-ERCC8|ERCC8",1.58819422662814,0.811952406692352,1.81556944431427,1.86514897798142,1.86890728311383
"gene-NDUFAF2|NDUFAF2",0.870347489930322,0.48154279110397,0.955539696622557,0.980755726043553,1.03238555157536
"gene-SMIM15|SMIM15",6.1670611742451,5.78739992510416,5.79718145537724,5.94024579543688,6.22814782855843
"gene-KIF2A|KIF2A",2.4849644733098,2.42264955955496,2.26775194193461,2.09784638339622,2.0219382379562
"gene-LRRC70|LRRC70",-0.694970992273551,0.166705831125136,0.00120218198848836,-0.420939178178101,-0.518397889453536
"gene-CENPK|CENPK",2.21855910563926,1.7722885197965,2.19017066393832,2.14378505314398,2.2224720978431
"gene-PPWD1|PPWD1",2.04912850807598,1.86571107672114,2.19272639639917,2.11797889678772,2.28974327853353
"gene-SHLD3|SHLD3",4.24631786034373,4.63149051917076,4.30807391958211,4.17798700922707,4.06641418504444
"gene-SREK1|SREK1",5.3622885107923,5.06558904251943,4.97134845221665,5.33157609088962,5.37411235857618
"gene-RMI1|RMI1",2.56083751886619,3.02918517147621,2.63673339070212,2.47092674345804,2.52200051421154
"gene-KIF27|KIF27",0.303281212567815,0.193039452941315,-0.043647552674711,-0.697273499661815,-0.255231025732838
"gene-HNRNPK|HNRNPK",6.00864263178071,6.32121509194433,6.04685700350939,5.70561162135298,5.88765170560827
"gene-UBQLN1|UBQLN1",5.08535643065937,5.55203190349363,5.20306530467906,4.98820042148068,5.00902986602319
"gene-CEP78|CEP78",0.538638793476896,0.391215843813581,0.657227732355092,1.26871628991153,1.22949469436243
"gene-LOC115491172|LOC115491172",0.875069719827672,0.288645474917372,0.580262660509874,0.893721519378876,1.12546791782714
"gene-WDR41|WDR41",-0.882761538219661,-1.26972991480758,-0.729793201700687,-0.587364909715918,-0.394344572663454
"gene-POLK|POLK",5.19583055733816,5.16227004045891,5.04687041036062,4.77782949258493,4.91480682378596
"gene-LOC140681760|LOC140681760",-3.6322385534699,-2.12844450253265,-2.74145898347841,-2.85188050217287,-3.26707757246358
"gene-LOC115491073|LOC115491073",-3.93407631259099,-2.76453390280694,-3.05117742020623,-4.13309432350991,-4.07359761109819
"gene-SMARCA2|SMARCA2",5.29235277336626,4.99301633075879,4.96616068675045,5.33168883398082,5.18613541228536
"gene-PUM3|PUM3",0.085153553556573,-1.24876588742492,-0.369786837578729,-0.093187121367678,-0.329074115650458
"gene-LOC100232251|LOC100232251",7.53176739098915,8.05893359398647,8.03931733703831,7.41960253851184,7.18668753039262
"gene-LOC115491258|LOC115491258",4.00959773810595,4.1071706185471,4.00618364761329,3.89662326198095,3.56392466433831
"gene-JAK2|JAK2",8.87245645000402,8.43196482501136,8.61161708790253,8.77121179123868,8.80618738323203
"gene-LOC100221605|LOC100221605",-1.08911191818875,-0.116733881462711,-0.624864732357219,-1.13052958578678,-1.53455942046346
"gene-LOC121468220|LOC121468220",-2.62256898460961,-1.19840075829557,-1.51890568922266,-1.9432646536167,-3.47377761563582
"gene-LOC140681791|LOC140681791",-2.95685498610334,-3.12916032888272,-2.19353888250478,-2.42143221357902,-2.20532876146441
"gene-SNAPC3|SNAPC3",1.96265909140019,1.71270082083583,1.90087422205221,2.03634866851368,2.47748805842865
"gene-RPS6|RPS6",7.79225000015059,8.08108134519123,7.83512331596072,7.68771364885009,7.80777226346971
"gene-SLC24A2|SLC24A2",-3.55519616179015,-3.76261625518247,-2.78151417777358,-2.40775835356195,-2.3036405906002
"gene-CAST|CAST",4.56003391579531,4.11008568002995,4.58621517574726,4.83172836439973,4.35436480770578
"gene-LOC115491136|LOC115491136",2.58050916527583,3.78588804320279,3.17294879793988,2.06751629053989,1.4924800083155
"gene-SSBP2|SSBP2",6.75729740427065,6.2332049263103,6.48775473249753,6.62984490626793,6.44374188853765
"gene-EXOSC5|EXOSC5",2.99244849971596,3.03309825257132,3.07965285320004,3.37153722493195,3.69708648579272
"gene-ZCCHC7|ZCCHC7",0.458500352484728,0.331034320641207,0.788021110658455,0.961022185327346,0.936240656166132
"gene-LOC140682086|LOC140682086",1.64699578122477,2.21730714301287,2.11787133581467,1.61504186326251,1.63454393254637
"gene-LOC140682062|LOC140682062",3.14852571641879,3.58376799808956,3.43900798284761,3.11973993516129,3.16526531165674
"gene-LOC140682064|LOC140682064",0.187657435641285,0.749383478536844,0.559908305250578,0.341333490917627,0.170624538087691
"gene-LOC140682076|LOC140682076",1.8779989459294,2.34061074798521,2.21391735018621,1.95851168647714,1.86854245698595
"gene-LOC140682080|LOC140682080",2.80457518248598,3.39486285949653,3.08120668502382,2.91371509336519,3.02180970469523
"gene-LOC140682073|LOC140682073",1.87626823952074,2.35886324694025,2.02994594939662,1.92141939471852,1.74726095694865
"gene-LOC100220790|LOC100220790",-1.21865726634542,-0.0622217064603544,-0.375975541721936,-0.864402960149941,-1.32125731456357
"gene-LOC140682172|LOC140682172",5.84261905996862,6.20093083915391,5.99012625046386,5.72415417327486,5.56304028420644
"gene-LOC140682096|LOC140682096",5.41585972267685,6.04858117209404,5.85173130336312,5.24602894119224,4.9658200145355
"gene-LOC140682142|LOC140682142",4.00420447846579,4.41030929837792,4.07465722422881,3.79718423119156,3.40262291767873
"gene-LOC140682140|LOC140682140",7.54737243334587,7.94959352119851,7.63183489898656,7.4629736339895,7.05612304641944
"gene-LOC140682150|LOC140682150",2.20145887374986,2.61965275654912,1.99853812079703,1.4640419225067,1.85064684162223
"gene-LOC116806986|LOC116806986",7.16456921371065,7.41932201205247,7.03752375854435,6.80797666860821,6.87011257313223
"gene-LOC116806985|LOC116806985",3.92985949043017,4.20068994916783,3.90796826228889,3.79672034964504,3.69410093740321
"gene-LOC140682174|LOC140682174",6.49724641894001,6.61425830268318,6.25514573224519,6.31578301018853,5.98417823234343
"gene-LOC116806891|LOC116806891",4.351568555899,4.73148288673826,4.3548413875669,4.05349268598272,4.02702427362143
"gene-LOC116806889|LOC116806889",-1.21338990608612,-2.09805705553117,-1.8418635791113,-1.42860846019054,-1.25483592283148
"gene-LOC140682102|LOC140682102",6.3866807433717,6.3901937629515,6.47008819283796,6.15520336557597,5.86406759009352
"gene-LOC140682128|LOC140682128",4.75212052963774,4.92020628060387,4.95062231952501,4.63735535126494,4.58791796837866
"gene-LOC140682053|LOC140682053",3.84623029854943,4.0766343016012,4.16985284090294,3.70475513621555,3.23902295200389
"gene-LOC100189940|LOC100189940",4.72544408322093,5.05811294429485,4.58994663284789,4.47522272402637,4.6073759830713
"gene-LOC140682170|LOC140682170",-3.68489266904449,-1.95086027822834,-2.40728214390629,-3.32706637375599,-3.5253965184941
"gene-LOC116806917|LOC116806917",7.58244079149284,8.19642001082877,7.9628565074468,7.58500325579112,7.62468611405264
"gene-LOC116806883|LOC116806883",5.2053023612302,5.7696620442719,4.9823452217117,4.96688907892719,5.07361957824778
"gene-LOC116806910|LOC116806910",2.46577076616228,3.03562712113933,2.61418351235935,2.03600350462017,1.50407590684202
"gene-LOC116806864|LOC116806864",5.94170750749076,6.16279002940131,5.99488726864032,5.6392657201248,5.75258248024274
"gene-LOC116806863|LOC116806863",3.61940916988853,3.67280078930241,4.77820934666388,4.6084919646197,4.22313395187139
"gene-LOC116806862|LOC116806862",6.417093961503,6.542296613489,6.4614538519951,6.38214084365391,6.15829616355624
"gene-LOC116806853|LOC116806853",2.75216409790983,3.25062277955779,2.87524628634542,2.6583202408599,2.43360613718665
"gene-LOC116806961|LOC116806961",-1.61189827165525,-0.690195829672367,-0.751603429156814,-2.50348351751038,-2.06657024213352
"gene-COL4A1|COL4A1",-2.1483200248515,-4.52495519718004,-4.69878046217426,-4.32389878086424,-4.10340101652664
"gene-DTNA|DTNA",-1.33493523137653,-3.31442679019753,-2.54300035938124,-2.38610775304805,-1.53612987032764
"gene-LOC115494875|LOC115494875",-2.24173253935569,-4.00083254008859,-3.14746310075104,-3.1342751371759,-3.09099167943427
"gene-LOC115495502|LOC115495502",-3.50779322842705,-3.81293674828442,-4.219183789086,-2.84303476542569,-2.69758858713547
"gene-PAX9|PAX9",-3.60067434283714,-4.87197586873907,-4.3378419610875,-2.04239403602458,-2.7068223147776
"gene-GNG2|GNG2",-1.66807012737372,-3.50438737914655,-1.91805234989376,-1.2862690924885,-2.53196466989949
"gene-LOC115496771|LOC115496771",-5.23472211344043,-3.76161993738113,-4.28411361171597,-4.70866168609272,-4.60786574658346
"gene-CLCNKA|CLCNKA",-4.2054218498683,-3.19562934050182,-3.06364098066876,-3.22489900567199,-4.24677351837098
"gene-NT5C1A|NT5C1A",-3.663416426895,-3.26356523179914,-3.8475496417523,-3.09083862570197,-4.69905638763344
"gene-RUSC2|RUSC2",-3.04099007983812,-4.9958218754827,-4.80797381277076,-4.28835901080954,-4.10239106714225
