"GeneID","Symbol","logCPM","spl1","spl2","spl3","spl4","F","PValue","FDR"
"gene-RBM12|RBM12","RBM12",6.66447684603305,-1.12534059802964,-0.514933792845633,1.62238161065148,-1.4030673091692,29.9032005067808,1.10299151265377e-13,1.7068793658317e-09
"gene-LOC100227014|LOC100227014","LOC100227014",4.63224091702472,-0.461756018726205,-1.60685752178706,1.85998082139423,-1.90245521876542,27.2143915911603,6.80825624692497e-13,5.2678882710582e-09
"gene-SNX1|SNX1","SNX1",4.51095710424917,0.572116919125475,0.462141066515824,-0.889581792416408,1.09239309887494,25.1372297300272,3.00606473082864e-12,1.16297129273933e-08
"gene-NEK8|NEK8","NEK8",3.99900880421535,-1.40713360108786,-1.10225118474819,3.31090454373071,-1.88214880631817,25.1643986113542,2.94682932321579e-12,1.16297129273933e-08
"gene-ARSG|ARSG","ARSG",2.46280050029577,1.79068170825124,1.55885486838883,-3.23467271885733,2.74389772375924,24.0940285721957,6.51990884400874e-12,1.97528766735374e-08
"gene-CKAP2L|CKAP2L","CKAP2L",8.63290647429229,-0.390742560803576,-1.0653532231014,1.47208741874401,-1.39760998132668,23.880456513038,7.65862746631498e-12,1.97528766735374e-08
"gene-DEGS1|DEGS1","DEGS1",6.88497439121415,-0.568048784486093,-1.55322746429202,0.999921824515026,-1.81719911799817,23.4454082546781,1.06589472501938e-11,2.35638869566785e-08
"gene-GFI1B|GFI1B","GFI1B",8.17532851980216,-0.395881759316091,-0.628576711050318,1.10778025587395,-1.58918035591093,22.7377648795557,1.83917557067919e-11,3.55765524453256e-08
"gene-CCNB2|CCNB2","CCNB2",5.41161639752752,-1.38033173710565,-1.33957676338229,1.74440259428436,-1.72296776211759,22.4932392050623,2.22579820039654e-11,3.82713635012627e-08
"gene-KDM4B|KDM4B","KDM4B",5.19073359235367,0.373419723218468,0.532391775243707,-1.05526821912333,1.15686317626769,22.2682810807303,2.65570343282532e-11,4.10970106229719e-08
"gene-USP5|USP5","USP5",3.44559399455619,1.3317722305597,0.407874566776468,-2.11746210144394,1.77399589687065,21.1570020051869,6.45230267239536e-11,9.07721671411983e-08
"gene-HERPUD1|HERPUD1","HERPUD1",4.58095954335012,-0.0565353681878735,-1.4917678976862,0.555199755497635,-1.25747461667639,19.7512759242865,2.06096200634737e-10,2.65778225401879e-07
"gene-SETD5|SETD5","SETD5",5.76433701568151,0.576057730949697,0.390289832832704,-1.03894794796298,1.23232162809072,19.2316615417817,3.20235070916156e-10,3.53974123030537e-07
"gene-LOC121470715|LOC121470715","LOC121470715",4.28887761603172,0.690201324363073,-0.642619832120105,1.07735742107913,-1.62555356201387,19.2790650504906,3.13079754761529e-10,3.53974123030537e-07
"gene-ISCU|ISCU","ISCU",10.7745529139818,0.201798267824475,-1.24079637724632,-0.189104792078136,-0.940047842170396,19.001957758742,3.89913021314928e-10,4.02260266989901e-07
"gene-RGS9BP|RGS9BP","RGS9BP",5.59786601563995,-1.49329519951531,-0.879255563846734,1.85457232497269,-2.26441644384989,18.8605919520737,4.40413842237554e-10,4.25962763039134e-07
"gene-MAFF|MAFF","MAFF",4.45769466637599,-0.561640996888036,-1.11182956178082,0.264466558554525,-1.32120103807645,18.7233699141928,4.95913559191979e-10,4.43791872480315e-07
"gene-DISP1|DISP1","DISP1",3.44123229595507,1.13918561899563,0.588602065999486,-1.82168802007548,1.62122701818041,18.677127703838,5.16203793515067e-10,4.43791872480315e-07
"gene-LOC115491955|LOC115491955","LOC115491955",6.28752596011506,0.43756667301784,-1.76033940382902,1.82094701138704,-1.29605388374772,18.4735864405125,6.38767217711828e-10,5.2025908916266e-07
"gene-LOC100224630|LOC100224630","LOC100224630",0.589394609267088,-1.12086879004261,-0.826015726889489,3.85204623784845,-3.40418025748234,18.0875811788815,8.64713453341411e-10,5.91304152323339e-07
"gene-H2AZ1|H2AZ1","H2AZ1",7.36145014601295,-1.12472400167801,-0.916679995468379,0.44882499963617,-1.40439707169878,18.0706501132873,8.77733692580554e-10,5.91304152323339e-07
"gene-LOC115496914|LOC115496914","LOC115496914",3.5180482066697,-0.0143102557166072,-1.56539569257229,1.4396089935865,-1.52048465215677,18.1319687942077,8.31517050589005e-10,5.91304152323339e-07
"gene-BHLHA15|BHLHA15","BHLHA15",1.79408487554419,-1.85544423039144,-1.15388553522881,1.93718357504273,-2.11389344825117,17.9888264125748,9.4357128703395e-10,5.91304152323339e-07
"gene-NPRL3|NPRL3","NPRL3",7.42927488966076,0.0470555547481464,-0.777469638932276,0.613140012145451,-1.24872370514603,17.9749211896781,9.5525711199247e-10,5.91304152323339e-07
"gene-LOC140680309|LOC140680309","LOC140680309",5.07507318246724,1.24377157858537,-2.43750973871552,0.291320509935223,-1.28527249590559,18.2469391018446,9.39256360150682e-10,5.91304152323339e-07
"gene-LOC140682288|LOC140682288","LOC140682288",1.59372206669178,-0.0422175058891645,-1.29728155684214,0.0716447484022866,-1.3463535893943,17.758857634147,1.15733264674639e-09,5.9699075694668e-07
"gene-DLST|DLST","DLST",4.22911992305684,1.63741930752639,0.38382317974632,-2.8354320525993,1.61913041732629,17.7826388741678,1.13307837724592e-09,5.9699075694668e-07
"gene-LOC100225066|LOC100225066","LOC100225066",4.83545016129767,0.348622703033724,-1.08192574049631,1.66017522908718,-1.89982406556949,18.0632618134395,1.04122435795233e-09,5.9699075694668e-07
"gene-MED13|MED13","MED13",7.61623878845892,-1.39101049907213,-0.473559807832615,2.39406342158932,-1.59396905220444,17.7654188643033,1.15058783279002e-09,5.9699075694668e-07
"gene-APTX|APTX","APTX",4.39215934976072,-1.02969628002242,-0.57350862954511,1.52819846533618,-1.4648584621146,17.8392517890527,1.07742833851178e-09,5.9699075694668e-07
"gene-LOC115496967|LOC115496967","LOC115496967",5.93736873895079,-0.677670543044764,-1.08771503532936,1.38483360667973,-1.72396021416484,17.632577904245,1.29541267122383e-09,6.46661647973831e-07
"gene-LOC140682203|LOC140682203","LOC140682203",1.40947234189029,-0.0129146510344785,-1.28489028505745,0.25262984007609,-1.30841889583048,17.3925793124559,1.60671033040177e-09,7.61867368846208e-07
"gene-HP1BP3|HP1BP3","HP1BP3",4.80527032251,0.670241021458444,0.341630860255594,-1.23209123357888,1.14774199768349,17.3802436984589,1.62466062500322e-09,7.61867368846208e-07
"gene-EGR1|EGR1","EGR1",6.76840042177879,-0.394835462449867,-1.02454375028382,0.731067938357458,-1.24333360296855,17.3431591187811,1.67988206465555e-09,7.64593380898373e-07
"gene-HSP90AB1|HSP90AB1","HSP90AB1",3.91399991320168,-1.65716509509763,-0.617538460820144,4.24978855857564,-2.37966301653238,16.9433447923484,2.41429823694491e-09,1.06746472047779e-06
"gene-ZC3H7B|ZC3H7B","ZC3H7B",9.56289066429245,-0.724036006659459,-1.01852681914565,0.405872243053786,-1.22705925608636,16.9029461967073,2.50501528396563e-09,1.07680865331578e-06
"gene-TAF3|TAF3","TAF3",4.55477401300842,0.418137394035347,0.194816240824637,-1.359103267458,1.05236387537139,16.7736635549551,2.81971381100595e-09,1.17932624933289e-06
"gene-HBAP|HBAP","HBAP",2.80964587103083,1.33568249544259,-1.23115905935388,-1.14274795068654,-0.876998984598606,16.6528545779192,3.1507248620639e-09,1.28309124316944e-06
"gene-LOC115498299|LOC115498299","LOC115498299",4.95476154490436,-0.752688690444673,-0.467682618832565,1.1951364118781,-1.83090354057515,16.3836056033232,4.04088493924691e-09,1.60340242140631e-06
"gene-HSPA5|HSPA5","HSPA5",7.72764372921584,-0.942846982207679,-1.19302173854963,0.889280608408799,-1.41665185758464,16.2878147845875,4.4170749945553e-09,1.66717647660349e-06
"gene-LOC100230978|LOC100230978","LOC100230978",2.55573334783636,0.285620998879824,-1.82235881158147,-0.418457611817217,-1.98319316311382,16.3050044729486,4.34699661878817e-09,1.66717647660349e-06
"gene-TRH|TRH","TRH",2.82655522160304,0.447988299046488,-1.41783448890708,0.462920544479751,-0.886583904560485,16.261187219096,4.5279406806171e-09,1.66833052458451e-06
"gene-AHSA1|AHSA1","AHSA1",6.31932647972359,-2.13989413109662,-0.536008220621398,3.06007920050551,-2.07537459916218,16.1568542488249,4.99077390043987e-09,1.79609828161179e-06
"gene-LOC115497794|LOC115497794","LOC115497794",2.24922067467501,0.829450785820704,-1.92179171330374,0.775064843025564,-1.54263665938907,16.1315114716013,5.11039997513677e-09,1.7973509003464e-06
"gene-JPH1|JPH1","JPH1",5.58559814812115,-0.260274932241196,0.842365729262447,-0.491315388874061,0.51519943805216,16.0293206309044,5.62362055083318e-09,1.85806215595448e-06
"gene-LOC115496003|LOC115496003","LOC115496003",3.28515880995708,-0.820088267947246,-0.751269127794932,3.13864323540427,-2.08789259702443,16.005341030415,5.75158116086204e-09,1.85806215595448e-06
"gene-ARL6IP1|ARL6IP1","ARL6IP1",8.83281811403776,-0.36803559407691,-1.50187306961227,0.217496801151454,-1.02319337618983,16.0031735364544,5.76329457097352e-09,1.85806215595448e-06
"gene-LOC115490794|LOC115490794","LOC115490794",5.26150223484287,-0.185190245046311,-1.05163767791093,1.16332761374865,-1.77452659885913,16.0548015185006,5.56891534447221e-09,1.85806215595448e-06
"gene-LOC121470714|LOC121470714","LOC121470714",9.08259112474654,-1.16796831807998,-0.360263347030611,1.13792036065765,-1.62883851892896,15.9718893729793,5.93512819696604e-09,1.87441038465407e-06
"gene-PRPS1|PRPS1","PRPS1",7.31046827182563,-0.601701024249226,-1.11882128744204,0.687976690424968,-1.27762581975045,15.9077255819303,6.30430881670945e-09,1.95118357877158e-06
"gene-DCAF6|DCAF6","DCAF6",5.6857160193139,-0.51570490287342,0.696097600816513,-0.876152646097086,0.649665860106609,15.8055824226452,6.94166074585872e-09,2.10631764788556e-06
"gene-MACO1|MACO1","MACO1",6.2914559807193,-0.512207654465399,-0.824253618749158,0.375424557078056,-0.950512580812159,15.6982595191873,7.68336370734407e-09,2.2328834098906e-06
"gene-HSPA8|HSPA8","HSPA8",9.10958705376091,-1.92230457760158,-0.922108972752567,4.08424419282293,-3.27758644930841,16.0381411873448,7.79164485519176e-09,2.2328834098906e-06
"gene-LOC115498370|LOC115498370","LOC115498370",1.46488557866144,-0.927745887804641,-0.928877774393888,3.48494970918286,-2.92265299151965,15.7207493055778,7.5214335320848e-09,2.2328834098906e-06
"gene-JMJD6|JMJD6","JMJD6",6.65767242414827,-2.01471977716272,-0.982130671061603,3.17355979887576,-2.26571116636381,15.6360301796336,8.15045072850748e-09,2.2572928605945e-06
"gene-LOC115498372|LOC115498372","LOC115498372",2.57753952039411,-1.6952568058571,-0.963750971649101,3.38129700206243,-3.30871601223932,15.6945893952134,8.16855574754714e-09,2.2572928605945e-06
"gene-LOC115495805|LOC115495805","LOC115495805",1.92218926732945,1.08522142538548,-1.35821877748282,-0.532920529490564,-1.04840589077803,15.5600590122767,8.76068809816764e-09,2.32386732820903e-06
"gene-LOC100220427|LOC100220427","LOC100220427",5.89196427769326,-0.239184027104074,-0.681245410359361,0.821550221928448,-1.15775858280079,15.5387252927493,8.94039623294281e-09,2.32386732820903e-06
"gene-LOC140685124|LOC140685124","LOC140685124",1.32809360839149,-0.450517047541925,-1.17428668382742,0.940038210181669,-1.86596874365001,15.5305638684352,9.01014796074582e-09,2.32386732820903e-06
"gene-SERF1A|SERF1A","SERF1A",5.48071675803302,-0.859143666379033,-1.05457345216528,0.895712223730597,-0.952780642622512,15.542828417632,8.90553963453361e-09,2.32386732820903e-06
"gene-ARRDC3|ARRDC3","ARRDC3",4.32162250390802,-1.19688194622651,-0.115693439747322,1.85608710228648,-1.46261187119303,15.4804405110705,9.45102844903462e-09,2.39761746309526e-06
"gene-LOC115494487|LOC115494487","LOC115494487",0.155794951883264,0.606273665264614,-0.383312356125789,3.37109757021965,-1.16800848495363,15.4141656439551,1.00684128983794e-08,2.43451077503784e-06
"gene-SCLT1|SCLT1","SCLT1",3.81585409424839,-0.45113896973237,-0.664952232174022,1.93248208253762,-1.70007856357243,15.4327919332479,9.89080495874055e-09,2.43451077503784e-06
"gene-ATG7|ATG7","ATG7",3.41843750307826,0.37027263055494,1.06912139345399,-0.629380701948035,1.07779722125356,15.425916239572,9.95598736221818e-09,2.43451077503784e-06
"gene-NFIA|NFIA","NFIA",3.58254853740657,-0.0490537019432939,2.06399811998939,-0.625207035921879,1.51946374451315,15.3792470610108,1.04102998438162e-08,2.47845215512394e-06
"gene-LOC115493339|LOC115493339","LOC115493339",0.824853765828379,-0.0932495553683071,-1.13819080751154,-0.0824547175707482,-1.31922325789576,15.3422605153684,1.07855282505596e-08,2.49113506981209e-06
"gene-MGRN1|MGRN1","MGRN1",4.20847805266846,0.0949748656991941,0.761864209049584,-0.0834711610419598,0.848024072984174,15.3444684610251,1.0762741550573e-08,2.49113506981209e-06
"gene-TPI1|TPI1","TPI1",5.04029584083304,-0.0462794984682727,-0.63501403319146,0.866766210889366,-1.40784972663332,15.293236278876,1.1304511211228e-08,2.53532334773556e-06
"gene-SART3|SART3","SART3",8.10581411127595,-0.690000582209038,-1.23097751312997,1.09557468674292,-1.05667023132841,15.2935399341613,1.13012185040681e-08,2.53532334773556e-06
"gene-DNAJA4|DNAJA4","DNAJA4",9.58632462414863,-1.6033460859064,-1.0941162327628,2.96243791122512,-2.47133358126999,15.2882398779416,1.26092840850709e-08,2.7875524459496e-06
"gene-LPIN2|LPIN2","LPIN2",9.75627540219328,-0.77864899680067,-0.247172528499052,1.60220430256508,-1.71036708953401,15.1426496780413,1.30659351424275e-08,2.84782177928262e-06
"gene-LOC100221605|LOC100221605","LOC100221605",-0.838976049391609,-0.162534158006722,-0.686473832444318,1.32391493395264,-2.07454131764029,14.86257529014,1.71354265284216e-08,3.68292674343507e-06
"gene-LOC100221480|LOC100221480","LOC100221480",4.64140353734859,-0.61013756627746,-0.945942618196172,1.09968238967373,-1.32615350737733,14.6661226239194,2.07544303174926e-08,4.39965492004382e-06
"gene-RHOF|RHOF","RHOF",6.62293601559431,-0.341122163275542,-0.360846557668748,1.05048719077975,-1.00827598037936,14.6493742904128,2.10974098248992e-08,4.41192455459886e-06
"gene-LOC100219691|LOC100219691","LOC100219691",2.62009158508188,1.5565451848436,-0.832544072325339,-1.53561703078574,0.100521051943211,14.5809150706826,2.25613266198896e-08,4.65515372590389e-06
"gene-SUN1|SUN1","SUN1",8.95799889122602,-0.919511480078156,-0.64032494646846,1.38516317502223,-1.24259281070503,14.4820207940032,2.48636286868429e-08,5.06269281485387e-06
"gene-ZBTB7A|ZBTB7A","ZBTB7A",5.46448660925642,-0.0012179416967899,1.19702003750352,-0.334219776741329,0.770592101525615,14.3802461774054,2.74872863388199e-08,5.52423059861349e-06
"gene-LOC121468501|LOC121468501","LOC121468501",4.1752143726829,-0.0824407870842798,-1.09298119428199,1.79972903468843,-1.54981530242788,14.3222058632588,2.91099024597755e-08,5.77533000724391e-06
"gene-TCP1|TCP1","TCP1",5.14651613041473,-1.73777614430803,-0.569578406419181,2.9032465952537,-2.06406172625791,14.2290433303624,3.19241450549533e-08,6.25349550285319e-06
"gene-LOC115498308|LOC115498308","LOC115498308",1.74426020566444,-0.907451969364659,-0.509762439845037,1.37690911456671,-1.74489862749581,14.2095984097783,3.2546142147223e-08,6.29564437160345e-06
"gene-SEC63|SEC63","SEC63",4.86834973314316,0.754850687629828,0.0464779119370622,-1.23551390653564,1.05019931371855,14.1724403438936,3.37697725797684e-08,6.42617934504211e-06
"gene-LOC115498371|LOC115498371","LOC115498371",1.44868977236384,-1.42887400759538,-1.15705565792022,3.50989163086251,-3.17962921163004,14.1640824724868,3.40514834438419e-08,6.42617934504211e-06
"gene-LOC115497283|LOC115497283","LOC115497283",3.62732936995924,0.101071282184114,-1.12634932987125,0.291521250324403,-1.18202819704645,14.136511910609,3.49980988784011e-08,6.44756643027687e-06
"gene-SLC4A1|SLC4A1","SLC4A1",11.6562595145364,0.379920856052887,0.849385381689557,-0.99052133212732,0.848836353134134,14.1383647784798,3.4933638712895e-08,6.44756643027687e-06
"gene-LOC121469107|LOC121469107","LOC121469107",6.53352920142235,-0.514547412064624,-0.871446153014146,0.850410568644013,-1.20406254865217,14.0395398949962,3.85489644622633e-08,6.8568416672819e-06
"gene-ZZZ3|ZZZ3","ZZZ3",4.19626474728811,0.63807490682369,0.233810749471353,-1.30927681276967,1.0499045670022,14.0448571723208,3.83449418624928e-08,6.8568416672819e-06
"gene-LOC140680452|LOC140680452","LOC140680452",8.04754930218148,-0.718232898827458,-0.706781789530291,0.798908733972486,-1.16544416993456,14.0449262082169,3.83423003137846e-08,6.8568416672819e-06
"gene-LOC140682201|LOC140682201","LOC140682201",1.37278212161568,-0.155807314773598,-1.11774288107677,0.586098616245812,-1.25506909306933,14.0157343595713,3.94762067722471e-08,6.9419806795514e-06
"gene-PDLIM7|PDLIM7","PDLIM7",5.26990023475303,-0.28603169837533,-0.22632354632516,1.74443102936864,-1.03331956357351,13.9508657508978,4.21215376259823e-08,7.32394151418064e-06
"gene-TXNIP|TXNIP","TXNIP",10.1422786124548,-0.90368399679287,-0.286057049832259,1.8457959479234,-1.28402437209604,13.876549485736,4.53782685322493e-08,7.80254117262843e-06
"gene-TUBB4B|TUBB4B","TUBB4B",5.72590787888487,-0.352950771849198,-0.691454651459812,0.510550250346724,-1.34294753535896,13.8585320219508,4.62062894666454e-08,7.84384257797072e-06
"gene-DLAT|DLAT","DLAT",3.83507011333607,0.360227246794152,0.585704896465518,-0.620743385860473,1.03038247370969,13.8493934022328,4.6632214356918e-08,7.84384257797072e-06
"gene-RNGTT|RNGTT","RNGTT",3.24118191856725,-0.00171311763321474,1.1257262938001,-1.4135018585929,1.00942528165921,13.8202044410503,4.80199730118046e-08,7.96365156405205e-06
"gene-ERCC8|ERCC8","ERCC8",1.45513695622816,1.62624400889369,0.387544261356996,-2.72866825222104,1.97559898430388,13.8129033270737,4.83737154779252e-08,7.96365156405205e-06
"gene-KHDRBS3|KHDRBS3","KHDRBS3",2.42577396484095,-0.0362446838636453,-1.3374753068724,-1.58612646459736,-1.35459210531078,13.7775490052398,5.0125086586861e-08,8.16511278875446e-06
"gene-PYGM|PYGM","PYGM",5.10298715571283,-0.807549191041869,-2.28328844695454,2.20088773900379,-1.78594927706925,13.8008421726971,5.23388950631186e-08,8.43692084481e-06
"gene-LOC100220807|LOC100220807","LOC100220807",-0.500831350346882,3.4743122442304,-0.73072493010085,-4.49985009887815,0.650260131507111,13.7106407941754,5.3620951853339e-08,8.49033852348806e-06
"gene-HSD17B7|HSD17B7","HSD17B7",3.5507416191195,-0.816507472602802,-0.959996551540218,1.18033300717003,-1.72520233299723,13.7079338538867,5.37675719096498e-08,8.49033852348806e-06
"gene-LOC100232025|LOC100232025","LOC100232025",2.27109858244093,4.45520893012565,-0.452029052876913,-4.29316486265144,1.30681985274808,13.6967158981606,5.43796111725745e-08,8.50024730197566e-06
"gene-BTG1|BTG1","BTG1",7.80053150465145,-0.570434125253735,-0.633461211582288,1.21098005413016,-0.95584990398003,13.5974017852047,6.01219773360711e-08,9.12996974610226e-06
"gene-CLU|CLU","CLU",1.26279874237251,3.11515082522682,-0.334170009118524,-2.66441933601007,0.340437712156925,13.5928597459968,6.03991033802051e-08,9.12996974610226e-06
"gene-KLF3|KLF3","KLF3",7.60496409007784,-1.17932183128192,-0.210149024806789,2.16055140067601,-1.60556102706151,13.6076927237219,5.94989346212651e-08,9.12996974610226e-06
"gene-HSPD1|HSPD1","HSPD1",6.8025864481163,-1.42609023977366,-0.982185281879702,2.25218512989682,-1.84161107840592,13.5868446762039,6.07681346590328e-08,9.12996974610226e-06
"gene-CREBRF|CREBRF","CREBRF",10.1120874066086,-0.667047360520907,-0.873686725490858,0.78763677383208,-1.14685945487383,13.5733659534828,6.16035434034703e-08,9.16648879008368e-06
"gene-SH3D19|SH3D19","SH3D19",0.991127076365704,0.136882775067623,-0.929280619270463,0.177075523979917,-1.14818680677571,13.5256738633388,6.46558862630394e-08,9.52904609448128e-06
"gene-LOC116806910|LOC116806910","LOC116806910",2.42974203959283,-0.471750198111527,-0.969190231027831,0.652051840146079,-1.7598559439596,13.5046796780948,6.60486127841066e-08,9.64247436635896e-06
"gene-TSC22D1|TSC22D1","TSC22D1",8.10705776605896,-0.684997878923856,-0.415666743951479,0.780261720110519,-1.14977712095422,13.4767128088805,6.79521467577989e-08,9.82765860819568e-06
"gene-COLEC11|COLEC11","COLEC11",2.53333734442244,0.836274151467498,-1.18544754059977,0.0947268481643328,-0.586619120272993,13.4582794207483,6.9237673681416e-08,9.92086111314734e-06
"gene-SYNGR2|SYNGR2","SYNGR2",4.7506485077353,0.579816080836718,0.570923574341025,-0.519215547909598,0.958029268207841,13.4457897290692,7.01229350579808e-08,9.95552678919498e-06
"gene-LOC115491136|LOC115491136","LOC115491136",2.7853236625801,-0.225339080474695,-1.69661698765581,1.38381235963398,-2.25293440573677,13.5025698592279,7.09198747914863e-08,9.97713693089319e-06
"gene-HSPA4|HSPA4","HSPA4",7.08360420915901,-1.85356477602332,-0.342915929351908,2.57790961484189,-1.65271510038562,13.3794912832508,7.50216571596592e-08,1.03657155763011e-05
"gene-LOC115498162|LOC115498162","LOC115498162",-1.8831706293932,4.29643374186877,0.879673539450566,-0.704137443305585,-0.151299419858061,13.3822306427388,7.48124130812841e-08,1.03657155763011e-05
"gene-LOC140682198|LOC140682198","LOC140682198",0.842601367278326,-0.426707744851751,-0.887268543645797,0.207284402721151,-1.46911707881768,13.3457444792063,7.7649499960872e-08,1.05691447819322e-05
"gene-ATP6V0C|ATP6V0C","ATP6V0C",8.35971204783453,-0.58586888307458,-0.627223831803272,0.966324331229748,-0.999196195894206,13.3430932198348,7.78599357118106e-08,1.05691447819322e-05
"gene-DPAGT1|DPAGT1","DPAGT1",3.89684768990413,-1.08843154073102,-0.591234700673537,1.93140052247067,-1.18743483136671,13.3148360714965,8.01396710816096e-08,1.07840122607644e-05
"gene-LRSAM1|LRSAM1","LRSAM1",3.41198547996685,1.90528197201627,0.852963222258674,-2.37659332839498,2.20630088727363,13.2774153748252,8.32651787928893e-08,1.11080055329307e-05
"gene-PAX9|PAX9","PAX9",-4.61460315118066,-0.464991278994288,5.2383778267504,-0.0625178364723426,3.16682107820645,13.2620080903406,8.45883614693266e-08,1.11880760148532e-05
"gene-KMT2E|KMT2E","KMT2E",9.20445903616947,-0.406398226287245,-0.796570800660989,0.617742631374648,-0.792309161946173,13.1883117832611,9.12241964037775e-08,1.19635121978683e-05
"gene-MAT2A|MAT2A","MAT2A",8.27961121003951,-0.825747177517556,-1.01733175653541,1.53214876987702,-1.35867452200518,13.1542153354373,9.44739194767276e-08,1.22855790243896e-05
"gene-EXOC4|EXOC4","EXOC4",2.57888383537698,0.60503281036019,0.311122029418862,-1.89233295498735,1.25523661344251,13.1329679496579,9.65592055808006e-08,1.23492041848173e-05
"gene-EXOSC6|EXOSC6","EXOSC6",2.24707074389319,-1.92336054770344,0.0620265660239582,2.8110872822773,-1.95717819689057,13.1332658402789,9.65296436908838e-08,1.23492041848173e-05
"gene-LOC121468220|LOC121468220","LOC121468220",-2.27321356243055,1.17512428763202,0.372200862328767,1.04283649292085,-2.4089494181337,13.1079332063126,9.9077276769592e-08,1.25673840820446e-05
"gene-STAT3|STAT3","STAT3",6.05062012589344,0.701175139576204,0.246082415465148,-1.10639561756945,1.10688972389598,13.0948790192991,1.00417091919686e-07,1.26337764020905e-05
"gene-UBE2V1|UBE2V1","UBE2V1",2.48398469624543,1.26661411855635,0.250139455389168,-2.30362711599584,1.3646998602869,13.0467474285747,1.05520798697537e-07,1.3168825482616e-05
"gene-COPG1|COPG1","COPG1",5.08011064614337,1.00186059175365,0.0695031159203247,-1.78995009109143,0.99459728403749,13.0342927953754,1.06884539135726e-07,1.32323059450029e-05
"gene-MSX1|MSX1","MSX1",0.482953800190469,-0.315482135577007,-1.12224813070877,2.77756551539031,-2.07418845811673,13.0261779012231,1.07782867075026e-07,1.3237617999889e-05
"gene-SPAG7|SPAG7","SPAG7",5.03942932317121,0.610027640570897,0.329062925174695,-0.508536720350881,1.01981293368304,12.9458288389393,1.1710957877504e-07,1.4269848279872e-05
"gene-LOC115494818|LOC115494818","LOC115494818",6.70524345262955,-0.112623186732745,-0.391587603091532,1.20617565140657,-1.46321734217,12.9141732449496,1.21009269662439e-07,1.4629831625205e-05
"gene-LOC115498509|LOC115498509","LOC115498509",4.87677846119546,4.04145197641594,-0.474507223946871,-2.24643742145082,0.999663904481201,12.8942810478797,1.35518507142662e-07,1.61319146002515e-05
"gene-IMP4|IMP4","IMP4",3.68436411090846,0.820876141688828,0.0134953718219653,-0.230215609884286,1.14480848419389,12.8117481208508,1.34570948925175e-07,1.61319146002515e-05
"gene-FKBP15|FKBP15","FKBP15",5.88529326159187,0.135126316596587,0.156696805896754,-0.790082783306966,0.757667182222362,12.7840743859533,1.38497695707497e-07,1.63607010768971e-05
"gene-FUBP1|FUBP1","FUBP1",5.90530624396434,-0.418967003877921,-0.732854070872495,1.97262380103668,-1.32485193911813,12.7243026529748,1.47387678135342e-07,1.72789721147304e-05
"gene-LOC100223643|LOC100223643","LOC100223643",1.12145062518893,1.41052370267932,-1.96080203688557,1.50877745000514,-1.03406265592071,12.7090785160049,1.49744720348026e-07,1.74233048675617e-05
"gene-GTPBP2|GTPBP2","GTPBP2",7.17142535156022,0.404718303222713,0.302451516262903,-0.864883917485751,0.922185465337196,12.64122179803,1.6073315042059e-07,1.85050390488445e-05
"gene-NOXRED1|NOXRED1","NOXRED1",3.16924316835738,-2.51520607362925,-0.695738264728238,4.23533335657049,-2.41593449134799,12.6370617758414,1.61433297033539e-07,1.85050390488445e-05
"gene-LOC100231060|LOC100231060","LOC100231060",2.52166221898564,-0.337961716985813,-0.869795696334919,0.339878764400054,-1.29181460528689,12.592226878058,1.69181974835092e-07,1.92506695630371e-05
"gene-LOC100225375|LOC100225375","LOC100225375",7.33482016670744,-0.56818507186229,-0.8888044434347,0.998603747693231,-1.25738783158945,12.5509190216047,1.7666082993825e-07,1.98975541565205e-05
"gene-DNAJA1|DNAJA1","DNAJA1",5.79001934520101,-1.75080948644877,-0.478398225871912,2.73889674382433,-1.80889454522968,12.5467271230102,1.7743860895637e-07,1.98975541565205e-05
"gene-SLC39A11|SLC39A11","SLC39A11",1.98080738284809,-0.197420174515025,1.40486584947216,0.896949508060605,0.563465864394669,12.5336103341494,1.79895247076076e-07,2.00279061043329e-05
"gene-LOC100226687|LOC100226687","LOC100226687",7.28938170093503,1.26269577912175,-1.08762457038798,0.0105904741948552,-0.765587248141911,12.5598005931819,1.85759198764693e-07,2.03874014247065e-05
"gene-ANKRD12|ANKRD12","ANKRD12",7.49198620759345,-1.44811789250458,-0.671202090977622,2.00375833626032,-1.64312033600245,12.5083169885556,1.8473200882034e-07,2.03874014247065e-05
"gene-JAZF1|JAZF1","JAZF1",1.1130647346535,-1.07955850226358,1.66354222739087,0.400762327777594,0.635645970150266,12.4770183530784,1.90903472176136e-07,2.06806483215789e-05
"gene-RSRP1|RSRP1","RSRP1",10.3350976166689,-0.647907342241015,-0.515375592722593,1.07870957729128,-1.05074849436083,12.4760195110838,1.9110389079068e-07,2.06806483215789e-05
"gene-LOC100224416|LOC100224416","LOC100224416",3.52480509458842,-0.194190346907346,-0.581073966162315,0.470791486150382,-1.09499162442079,12.4652211224901,1.93284509705835e-07,2.07713735256791e-05
"gene-VAMP1|VAMP1","VAMP1",2.52210186434857,0.294441232930662,-1.06002005339924,1.06624489262682,-1.61399113925678,12.4314184261641,2.0027807359677e-07,2.12281040336302e-05
"gene-DDX3X|DDX3X","DDX3X",10.8136257811637,-0.529155619678898,-0.722557406170904,0.371062148692168,-0.922530130527561,12.4321686117497,2.00120065277578e-07,2.12281040336302e-05
"gene-LOC140682199|LOC140682199","LOC140682199",1.38159937687693,-0.21245300951448,-0.898640885073445,0.366450888428951,-1.10560232310337,12.3781786917345,2.11827007481844e-07,2.22782836988429e-05
"gene-HSP90AA1|HSP90AA1","HSP90AA1",7.67750260036027,-1.42059417664427,-0.961348138581848,3.80817681152498,-4.07780661576778,12.7467322944232,2.14080065287879e-07,2.22782836988429e-05
"gene-TRAPPC4|TRAPPC4","TRAPPC4",5.22540992797354,0.171818869915885,-0.0044930533991255,-0.4178816622739,0.802375154380132,12.3662614660764,2.1450496097755e-07,2.22782836988429e-05
"gene-PPM1G|PPM1G","PPM1G",7.96741696561689,-0.662566258341071,-1.07057943277043,0.708207793219602,-0.975793111250859,12.3212819475678,2.24931233974961e-07,2.32054056384168e-05
"gene-ADNP|ADNP","ADNP",6.5739965148011,-1.14042202059761,-0.391131762268723,1.38938974790055,-1.01972034741766,12.2960579076764,2.31005658421057e-07,2.36742553911646e-05
"gene-SLC7A3|SLC7A3","SLC7A3",6.39130347385623,-0.137765778991512,-0.830175805191588,2.02457029574624,-0.691022787963394,12.2832023514525,2.34166384649397e-07,2.36858980911479e-05
"gene-HEBP2|HEBP2","HEBP2",3.33152291662985,-0.701435779121951,-0.402205304019709,2.57974930290931,-1.49363862410477,12.2831455592963,2.34180446393902e-07,2.36858980911479e-05
"gene-LOC140682197|LOC140682197","LOC140682197",7.42638659081713,-0.88259738273659,-1.47158124689141,0.930558335582574,-1.56055738904019,12.2767905486024,2.3575946414619e-07,2.36907643354694e-05
"gene-LOC100218691|LOC100218691","LOC100218691",3.2561101933352,-0.255890756414292,-0.637025049508297,0.656449540233104,-1.02573624695022,12.2660365067907,2.38456570850595e-07,2.3767958509589e-05
"gene-LOC100226843|LOC100226843","LOC100226843",2.3817586404383,0.117577438353144,-0.240132401332904,2.44896518082529,-1.25871096122736,12.2575559387978,2.40605932131494e-07,2.3767958509589e-05
"gene-LOC105759267|LOC105759267","LOC105759267",2.39114423636201,-1.26319347920719,-0.512479204651959,2.5652506961237,-1.48390436287147,12.2554790668909,2.41135346430079e-07,2.3767958509589e-05
"gene-SCARF2|SCARF2","SCARF2",4.85220638974916,0.452885900942865,-1.45147002982919,1.65090195850346,-0.702012964674463,12.24667288096,2.43393513504321e-07,2.38387001359454e-05
"gene-OSBP|OSBP","OSBP",4.8188306047217,0.184089021288102,0.120592888996945,0.122445251467086,0.792492854890004,12.2327625279836,2.47005092372611e-07,2.40402754997872e-05
"gene-CTR9|CTR9","CTR9",5.84004945462056,0.0907103235119366,0.243321222185642,-0.895118529347923,0.789385963965392,12.1904225219303,2.58342046564821e-07,2.48852974521798e-05
"gene-R3HCC1L|R3HCC1L","R3HCC1L",1.96521510708241,0.578697431613332,0.727294468391717,-0.694891299383018,1.15118211825843,12.1825385046327,2.60511676074515e-07,2.48852974521798e-05
"gene-POLDIP2|POLDIP2","POLDIP2",4.67937783657117,0.895103107734652,0.512998126232509,-1.28168606291899,0.917980970452083,12.1832036207397,2.60327916562639e-07,2.48852974521798e-05
"gene-PAQR9|PAQR9","PAQR9",-3.6265796685173,4.62239356364523,1.07222738177458,3.73354173159312,0.363053322422965,12.1581634890988,2.67339203988701e-07,2.52534840990833e-05
"gene-KIF20A|KIF20A","KIF20A",3.58295194533022,-0.813368930499338,-2.16895542962912,0.616853749748008,-1.35539025303368,12.1571402747613,2.67629815331158e-07,2.52534840990833e-05
"gene-CTNND1|CTNND1","CTNND1",4.12128677880745,0.439525655698582,0.548569440907657,-0.552255142113979,0.847366411429154,12.1371605479397,2.73370208082659e-07,2.5484361265537e-05
"gene-MYO1E|MYO1E","MYO1E",1.09223154264922,-0.432566881482696,-1.71828478547207,0.95874427012752,-1.8421206077373,12.1400484951258,2.72532677886071e-07,2.5484361265537e-05
"gene-LOC115496474|LOC115496474","LOC115496474",-0.108377529562723,-1.6934302764247,-0.513543375047271,3.07674504952071,-2.62610313424404,12.1204958415508,2.78255268941543e-07,2.57844328555113e-05
"gene-MED26|MED26","MED26",8.50325871491957,-0.819809629738325,-0.414297397640803,1.14342810726958,-1.15279434839245,12.1020600232831,2.83764571151763e-07,2.61384329676996e-05
"gene-SLC20A1|SLC20A1","SLC20A1",10.0002830429917,-0.38478344457942,-0.617925653159849,0.740917544801633,-0.854559342121419,12.0781783458689,2.91069065801316e-07,2.66526259957122e-05
"gene-CHORDC1|CHORDC1","CHORDC1",6.628080679506,-1.55321974368762,-0.605604199793438,2.35928354352213,-2.17617038089501,12.0716987767847,2.9587729798945e-07,2.6776030329747e-05
"gene-XBP1|XBP1","XBP1",7.30295343673939,-0.247239045663239,-1.35948854113199,-0.360706742624334,-0.886801492979988,12.0677985639836,2.94304066010017e-07,2.6776030329747e-05
"gene-IL1R2|IL1R2","IL1R2",-0.678865576718942,3.58896758699902,-0.425786235796362,-3.55997733668233,-0.562252621740601,12.0448631806901,3.01584402685472e-07,2.6976986309582e-05
"gene-PPP1R10|PPP1R10","PPP1R10",9.5111904525282,-0.183588905527789,-0.766021152905449,1.66641988504131,-0.790575682452066,12.0458072359789,3.01281096513041e-07,2.6976986309582e-05
"gene-EPC1|EPC1","EPC1",6.08662585565623,-0.724041926865823,-0.321103096405725,1.13978584760525,-0.904362125781361,12.0335435532297,3.0524580527752e-07,2.71467572728773e-05
"gene-LOC100232391|LOC100232391","LOC100232391",1.3172256768207,-1.36882221056881,-0.102951221063647,3.45364560726678,-1.79998532717131,12.0281979276986,3.06990793069694e-07,2.71467572728773e-05
"gene-UNC80|UNC80","UNC80",0.947698557767634,0.0982003769999144,-1.40240207510884,0.929962977068948,-1.21604690365663,12.0159385324619,3.11031637197985e-07,2.73478101456751e-05
"gene-LOC115497052|LOC115497052","LOC115497052",2.34858264545945,0.00909411022174218,-0.379479698898384,0.989932288667318,-0.973124969440786,11.9999184436066,3.16394910352981e-07,2.75068047062494e-05
"gene-TCEA2|TCEA2","TCEA2",3.76365652126646,1.18745601177395,-0.440949269980047,-2.1879957365072,1.24914793968185,12.0041379004028,3.1497311284075e-07,2.75068047062494e-05
"gene-LOC121470738|LOC121470738","LOC121470738",5.94458009066608,-0.809610676066398,-1.02066246071965,0.871940503758477,-1.59139270900931,11.9658667580397,3.28114175979257e-07,2.8366295381447e-05
"gene-LOC140684873|LOC140684873","LOC140684873",0.954365036407233,-0.273400823083631,-0.481390305359767,2.09628693165034,-1.79298280701692,11.9098100119877,3.48391591139646e-07,2.97865186347294e-05
"gene-MAP2K2|MAP2K2","MAP2K2",4.65974505074268,0.136505343365322,0.709900946828474,-0.412634121440995,0.650077357102801,11.9098425880025,3.48379439255912e-07,2.97865186347294e-05
"gene-LOC121469108|LOC121469108","LOC121469108",0.514562874026089,-0.724328154742191,-0.951910748549248,0.541307463669836,-1.5809683194419,11.8710226451132,3.63175357358945e-07,3.0760501307781e-05
"gene-LOC105760834|LOC105760834","LOC105760834",1.36540058126226,-1.22467758166319,0.0426030472873591,2.11113059465853,-1.58531309713099,11.8695247826197,3.63759078470044e-07,3.0760501307781e-05
"gene-GSE1|GSE1","GSE1",5.62795100589044,0.624351208745418,0.817440458162181,-0.873667884399456,1.04917681342319,11.85690849541,3.68714254700902e-07,3.10100711494373e-05
"gene-COMMD2|COMMD2","COMMD2",5.2201322571329,-0.504215259315195,-0.386211410263448,1.53581391452615,-0.804636416523234,11.839848250843,3.7552582640489e-07,3.14122279114361e-05
"gene-LOC140682209|LOC140682209","LOC140682209",0.423492213573635,-0.797673444430952,-0.579000496277403,2.53995141645808,-1.86847484805819,11.7669027641914,4.06147347023926e-07,3.37910225548132e-05
"gene-RRAGC|RRAGC","RRAGC",6.00846317908884,-0.522190791811431,-0.28922435973438,1.63804060004444,-1.03037164888012,11.7509247532291,4.13191972178462e-07,3.41932928848219e-05
"gene-DMAP1|DMAP1","DMAP1",6.52072770581108,-0.373138851102062,-0.64524436560974,1.03906937940337,-0.949046519589129,11.7035252492584,4.34841229885491e-07,3.57934469812658e-05
"gene-AHSA2P|AHSA2P","AHSA2P",4.46611767858597,-2.80728762215789,-0.0758636039059956,3.33712099394651,-2.70711942580867,11.693543101519,4.39547747501738e-07,3.59894253576158e-05
"gene-LYRM4|LYRM4","LYRM4",5.40611587877834,0.959514301408172,0.3274245332949,-1.0553411875295,1.45600296065265,11.6883733621848,4.42005870572474e-07,3.60002149847844e-05
"gene-COQ8A|COQ8A","COQ8A",2.40229171099069,1.62197797150108,0.976952791611066,-2.25361201254137,1.56041950577782,11.6782738986545,4.46848991129171e-07,3.62041263755179e-05
"gene-NOL6|NOL6","NOL6",3.17125009654884,0.0770581745859105,-0.405176986013342,2.23993796338877,-1.3685262387785,11.6621956126964,4.54672457037141e-07,3.66461264200508e-05
"gene-LOC100229913|LOC100229913","LOC100229913",8.44867967452474,-0.614372290843598,-0.533377109442965,0.829579913140953,-0.979562499764832,11.6540244369268,4.58702454055763e-07,3.67793807073209e-05
"gene-USP45|USP45","USP45",5.88208121955273,0.11606062656362,0.255236450504214,-1.15301783779363,0.875839329913852,11.6199959976005,4.7588549194855e-07,3.79604535458959e-05
"gene-HEXD|HEXD","HEXD",2.37006849548986,-0.593215036316564,-0.330192716839944,1.33000518067821,-1.02599083039049,11.6139794861289,4.78992013967506e-07,3.80123149546008e-05
"gene-HSPE1|HSPE1","HSPE1",5.6581507741864,-0.298260596316928,-0.622846922170079,2.27775895851177,-1.06050921026851,11.6041219633409,4.8412706730049e-07,3.82238079922198e-05
"gene-SEMA3D|SEMA3D","SEMA3D",6.49359225337818,0.557061963244651,0.658139638209976,-1.65816332721938,1.05519772462131,11.5877942329306,4.92757916409706e-07,3.85122664466677e-05
"gene-EXD2|EXD2","EXD2",7.81756750157171,-0.620588805686637,-0.982726343440214,0.767259505216388,-1.20204653931533,11.5906047593644,4.91261037495361e-07,3.85122664466677e-05
"gene-DNAJC6|DNAJC6","DNAJC6",-1.01062044715004,3.36343304371062,-0.280926949816836,-0.613809134966649,0.0164013760154861,11.5718111700748,5.01360375140035e-07,3.89876975140304e-05
"gene-LOC121471027|LOC121471027","LOC121471027",4.07081670841594,0.632211829822371,-0.691160937356794,-0.377317008724564,-1.01074654877875,11.5274297121638,5.26069285598798e-07,4.0704610973207e-05
"gene-LOC100224417|LOC100224417","LOC100224417",4.29986981249805,-0.0022802003568668,-0.831234035448805,0.455190325573857,-1.06775977975972,11.5086740064509,5.3688577015396e-07,4.12200837229512e-05
"gene-LOC100229276|LOC100229276","LOC100229276",3.32267463717608,-0.260539403717843,-0.604716134245305,0.570504684495393,-0.922445749226905,11.5021150581617,5.40722261438391e-07,4.12200837229512e-05
"gene-SUCLG1|SUCLG1","SUCLG1",3.81510572374756,1.11601969576737,0.0885754292781653,-2.05805286970711,1.26656594179799,11.5031990548753,5.40086259537604e-07,4.12200837229512e-05
"gene-ZNF438|ZNF438","ZNF438",1.65575303912707,1.15366905969413,0.774525743285446,-2.41216243410026,1.32752617505178,11.4913586047534,5.47075308199653e-07,4.14999529136747e-05
"gene-MLF1|MLF1","MLF1",10.9846290831726,-0.247553883698703,-1.06912688552704,0.199455623340126,-1.04008866574285,11.4770376436967,5.55653355353133e-07,4.19450520687304e-05
"gene-LOC100223250|LOC100223250","LOC100223250",0.86464699134989,1.8952614650278,0.800662906086719,-1.88796419208331,2.36302883569778,11.462153598573,5.64715820535959e-07,4.2422220013563e-05
"gene-NT5C2|NT5C2","NT5C2",2.06866343040904,1.68002633947197,0.902124182391485,-2.41030804241608,1.71187604718809,11.3949749317537,6.07555990845463e-07,4.54199466586161e-05
"gene-E2F4|E2F4","E2F4",5.16827158509642,0.311232359610925,0.605935216543055,-1.08943120630154,0.86893128794934,11.3588545945924,6.31962379358971e-07,4.70173933681735e-05
"gene-LOC140684778|LOC140684778","LOC140684778",1.63076672974906,-0.545189507524889,-0.621404262125105,0.377103417136876,-1.82473733269888,11.3184924203923,6.60434905110035e-07,4.89006227587454e-05
"gene-PIK3CG|PIK3CG","PIK3CG",2.0408253993489,1.27015399577598,1.27888134124133,-1.97551880103094,1.77417364169794,11.3010627813133,6.73136220993791e-07,4.96037286660901e-05
"gene-HDAC2|HDAC2","HDAC2",4.82453482776741,0.693326740163408,0.0874079737751212,-1.99500391739154,0.983230586617766,11.2862937800601,6.84095794831948e-07,4.97514725344294e-05
"gene-FXR1|FXR1","FXR1",9.88135968304998,-0.993708476705818,-0.682821013131994,0.874059669875006,-1.19110282442924,11.2929133887836,6.79161025096326e-07,4.97514725344294e-05
"gene-LOC140681719|LOC140681719","LOC140681719",-3.44895431812207,3.16177481003363,0.690796005883042,1.69289574101557,-1.39308126506694,11.2853718259258,6.84786019375345e-07,4.97514725344294e-05
"gene-DDR2|DDR2","DDR2",2.8816253192491,0.203690395184596,-1.46781451506927,1.67385672535903,-1.0228100168764,11.2490208829477,7.12580766423855e-07,5.15289128991082e-05
"gene-LOC115494307|LOC115494307","LOC115494307",7.8301889110621,1.4046214125566,-0.534913449023084,0.0392279924751014,-0.845231418760334,11.3494812891911,7.19228804753805e-07,5.17677476910006e-05
"gene-MEP1A|MEP1A","MEP1A",2.07254356576094,-0.529846241377833,-0.889591044640859,2.19891631316095,-1.54748296563396,11.2071250683287,7.46063675833723e-07,5.34506267755873e-05
"gene-FAM222B|FAM222B","FAM222B",5.37792038067902,0.344406669875001,0.085117210398034,-0.899522067701105,0.698059096944119,11.190834354597,7.59517564327851e-07,5.41637525713064e-05
"gene-LOC140684730|LOC140684730","LOC140684730",1.41241352788911,2.36540712811881,-0.9916214867058,-0.868983953291099,0.0207207473609765,11.1745595175767,7.73208359514724e-07,5.48871530435337e-05
"gene-LOC115496371|LOC115496371","LOC115496371",1.60199652617685,-0.978714616572703,-0.958917233173638,2.453143595535,-1.64577012867413,11.1670646018404,7.79598626410312e-07,5.50880764552492e-05
"gene-LOC101233818|LOC101233818","LOC101233818",3.77582239898025,-0.192993174517945,0.894721791964114,0.456290165837325,1.16676741425229,11.144419564849,7.99239071311572e-07,5.62192028570299e-05
"gene-PEX16|PEX16","PEX16",2.25244664348623,0.256638662919063,0.550392984722502,-1.1241124905814,0.970908921619493,11.0906898857522,8.47908537212293e-07,5.93727810559287e-05
"gene-ZFP36L2|ZFP36L2","ZFP36L2",6.94752984182596,-0.840808213929509,-0.235203641354653,1.82635808683318,-1.01852204109463,11.0782166350435,8.59638012685546e-07,5.98948092652572e-05
"gene-LOC121469813|LOC121469813","LOC121469813",2.41180779644425,-0.0930739699310246,-0.842253810646843,0.995073509149286,-0.892832863567274,11.0745639002938,8.63104521237632e-07,5.98948092652572e-05
"gene-LOC115498164|LOC115498164","LOC115498164",0.935796114131675,4.48686609586737,-0.362488609869976,-4.55444758086909,2.2390864384619,11.0508539502455,8.85959007823654e-07,6.12063198485315e-05
"gene-ACSBG2|ACSBG2","ACSBG2",0.860048783030257,3.34336355458917,0.00245975188191408,-2.62259311052524,1.1565435593309,11.0455064469325,8.91199285054014e-07,6.12947063831594e-05
"gene-BTBD2|BTBD2","BTBD2",5.40036153731515,-0.491527146114727,-1.17033880734909,1.81603889987379,-1.42246614739698,11.0268444559152,9.09738882956432e-07,6.22929611227911e-05
"gene-LOC140682202|LOC140682202","LOC140682202",-0.408053064270953,-0.136003256199645,-1.06068558881018,0.109043922662419,-1.3285206518336,10.9897570349535,9.4777321882446e-07,6.44541501776297e-05
"gene-AURKA|AURKA","AURKA",5.48620749806387,-0.799119506295284,-1.5301272593222,0.136225132824587,-1.03679480974942,10.9879846319288,9.49631421033898e-07,6.44541501776297e-05
"gene-CCDC83|CCDC83","CCDC83",-0.478896567826822,-1.04810214246687,-2.04393784819488,1.03516735181801,-2.2192197359242,10.979105972362,9.58996599780938e-07,6.48055562515721e-05
"gene-LOC115496323|LOC115496323","LOC115496323",-3.01203849383618,-2.05402871699255,-0.53242878408289,4.06743535620528,-3.35113967515558,10.9395294885638,1.00191481320164e-06,6.74114423230234e-05
"gene-LRRC45|LRRC45","LRRC45",4.85004757087125,-0.366282412162813,1.40439861122223,-0.124422744563061,0.541430716031921,10.9334978356033,1.00862767024305e-06,6.7569321199183e-05
"gene-CDHR5|CDHR5","CDHR5",-0.0789877480403969,1.37928821286431,-1.01893751502293,-1.57787597357662,-1.30750065674165,10.9162142539527,1.0281213201436e-06,6.85783509880269e-05
"gene-VIPAS39|VIPAS39","VIPAS39",4.73607093234499,-1.56142050602074,-0.39295146191042,2.96011616803004,-1.45726017112709,10.9111862009662,1.03386496897773e-06,6.86410993344232e-05
"gene-LOC140685095|LOC140685095","LOC140685095",2.65947396327584,0.903152599270308,-0.976710154210966,0.15258414511929,-0.808293755433346,10.907642170868,1.03793326295671e-06,6.86410993344232e-05
"gene-CLNS1A|CLNS1A","CLNS1A",4.59514289421886,0.874847576054682,0.403064731676661,-1.34527702686273,1.16624018153861,10.8899951387593,1.05843798515289e-06,6.96992673201745e-05
"gene-NDUFS2|NDUFS2","NDUFS2",5.12477827126996,-0.00372598953255642,0.691671474891022,0.663656714447179,0.658789796704809,10.812571850685,1.15345787636908e-06,7.56345789695406e-05
"gene-MOB2|MOB2","MOB2",5.40049342312979,0.207317594303421,0.556402612659846,-0.828589626999341,0.67643955369481,10.8037076884286,1.16488426586536e-06,7.57419496397752e-05
"gene-SH2B3|SH2B3","SH2B3",9.61547021422919,-0.537333031533438,-0.607368767522157,1.17288569956063,-1.0580976136569,10.8043575635094,1.16404258952574e-06,7.57419496397752e-05
"gene-PLPP2|PLPP2","PLPP2",6.43251369311144,0.181623576055288,0.492786690213129,-0.682261717504927,0.943952097485075,10.7687557940123,1.2110889648026e-06,7.8416743641507e-05
"gene-RASL12|RASL12","RASL12",1.90193742216938,0.152401371665294,-0.97559271206132,1.86050171769082,-0.923228307043723,10.7626376708089,1.2193692244297e-06,7.8623911450207e-05
"gene-PCNA|PCNA","PCNA",8.20771618287944,-0.876303854547332,-1.11954488548973,0.322054049275752,-1.09212824406338,10.7458420423547,1.2424018748133e-06,7.97766349076173e-05
"gene-MILR1|MILR1","MILR1",2.26816115814543,0.410742692672162,-1.32142394698989,0.224520945662445,-0.5242707270338,10.7160939785211,1.28430424970522e-06,8.21264804305302e-05
"gene-ZFAND3|ZFAND3","ZFAND3",3.54822965069795,0.322613643473309,0.427223007161159,-1.15593831090013,0.86927157351038,10.6938387226081,1.31660362496256e-06,8.384543661027e-05
"gene-LOC140680777|LOC140680777","LOC140680777",0.875796235861408,-0.390481372664953,-1.2285903080091,2.00937826575444,-1.74522487497802,10.6827648029645,1.33298634231851e-06,8.45408346204057e-05
"gene-DBN1|DBN1","DBN1",-0.00339892704030652,1.28213945235558,0.669086030873931,3.07886612172796,-0.88883393993467,10.6537548819174,1.37690774099685e-06,8.69699889466375e-05
"gene-KLF17|KLF17","KLF17",10.1114434445153,-0.343574458435311,-0.187952660319432,0.768245973754907,-0.92884574935232,10.6497012214501,1.38316282094585e-06,8.70099376184429e-05
"gene-IKZF1|IKZF1","IKZF1",4.65548434630511,1.00750899835526,1.15960992809381,-2.07783389763886,1.31304124535698,10.6232211386662,1.42475091976622e-06,8.92632408234098e-05
"gene-MATN3|MATN3","MATN3",4.54163067596305,-1.71332323274896,-1.2726206355975,2.63510606956413,-1.75217725039216,10.6150533329212,1.43783737197891e-06,8.97198924652164e-05
"gene-LOC115495699|LOC115495699","LOC115495699",0.798519067222214,-1.12145379139038,-0.345426943114974,2.1209336207957,-2.00904341535204,10.6060855797131,1.45234834358211e-06,9.02614081001329e-05
"gene-HDAC11|HDAC11","HDAC11",1.48083951736969,-0.0421443094338736,0.536800830024064,-0.577698579978388,1.12466360840699,10.5982690033483,1.46511973155078e-06,9.03295930109496e-05
"gene-COASY|COASY","COASY",2.92226242662974,0.354308078468801,1.18854953732617,0.911061745778497,1.0212700723687,10.598729432816,1.46436424232996e-06,9.03295930109496e-05
"gene-UBAP1L|UBAP1L","UBAP1L",3.4542532043061,-0.304535767912735,-1.10952216949386,0.689377763356206,-0.808351438188079,10.5920744827023,1.47532309338385e-06,9.05977177385522e-05
"gene-MATN2|MATN2","MATN2",-0.331207856399617,-0.638511664646929,-0.613264804593077,2.82640743448059,-1.35222117880738,10.5672579908674,1.51694024608444e-06,9.24446593598446e-05
"gene-LIPG|LIPG","LIPG",4.38277031067158,-0.685361532904256,-1.15105352876548,0.243322263055298,-1.72553344293773,10.5635154587788,1.52332071966141e-06,9.24446593598446e-05
"gene-LOC100220790|LOC100220790","LOC100220790",-0.71364335337666,0.426991996934531,-0.407323750284537,1.5313210829816,-1.17900561659527,10.5663310337793,1.51851800125505e-06,9.24446593598446e-05
"gene-LOC115496148|LOC115496148","LOC115496148",1.73335089874938,0.292401008790388,-0.738970867836792,1.39707943309764,-0.679747098427373,10.539704159652,1.56456898083767e-06,9.45769725721207e-05
"gene-TUBB3|TUBB3","TUBB3",-1.15632562254437,2.46976797226098,1.32080878183252,2.95091531125894,-0.430967561029412,10.5343818820238,1.57394521467569e-06,9.47735494050832e-05
"gene-RND3|RND3","RND3",0.607365846487626,-0.0177000789909482,-0.699298809433474,0.913519911323302,-1.94408846899779,10.5257280421139,1.58931453579256e-06,9.50286983390773e-05
"gene-UROD|UROD","UROD",5.15622023394537,1.50865007096899,0.620718119880175,-1.82556563218473,1.60915615559044,10.525084208321,1.59046415960071e-06,9.50286983390773e-05
"gene-NXF1|NXF1","NXF1",5.87135355113234,0.106560997185004,0.498958604842566,0.424016635394797,0.718328239158878,10.5181166671872,1.6029603312023e-06,9.54069658667523e-05
"gene-EIF6|EIF6","EIF6",3.68921087584524,-1.04427084078289,0.164745513028406,2.71295493897409,-1.16910020714164,10.4939924279524,1.64701445777786e-06,9.72741874936824e-05
"gene-YOD1|YOD1","YOD1",6.68653296197147,0.132349567913339,0.604437733246123,-0.144147696632283,0.628385745770427,10.4906640824951,1.65318974544998e-06,9.72741874936824e-05
"gene-LOC121468553|LOC121468553","LOC121468553",-2.44587296616805,3.55926439478886,0.616559035264556,5.32195835803184,-0.874441070062001,10.4925597960933,1.6496695884419e-06,9.72741874936824e-05
"gene-RBM11|RBM11","RBM11",1.82806096115045,-2.07337251009246,-1.13494951837438,3.02052953047045,-1.75250099542946,10.4828156711195,1.66784610384248e-06,9.74506252314118e-05
"gene-LOC115497602|LOC115497602","LOC115497602",-2.00993267541774,0.966428212630739,-0.72011365108939,0.578393937118396,-0.790025478331095,10.4823164311848,1.66878291995633e-06,9.74506252314118e-05
"gene-SAT1|SAT1","SAT1",9.42680293919599,-0.383683676264534,-0.45853882257936,0.524755997858278,-0.880491389299583,10.4687436509102,1.69446102805501e-06,9.85781368765088e-05
"gene-GSDMA|GSDMA","GSDMA",4.46932265491813,-0.972272033488246,-0.938629281061468,1.75982209428467,-1.41040459191894,10.4534332498519,1.72391609643702e-06,9.99161108328198e-05
"gene-DNAJB4|DNAJB4","DNAJB4",9.62290703583518,-0.95841355342288,-0.71774882974173,2.13189155667033,-2.11454062622095,10.5152674301693,1.79782748444938e-06,0.000103811120603934
"gene-FMNL3|FMNL3","FMNL3",6.30307497083733,0.553925407699513,0.813970466875615,-0.514537084210972,1.30666050896152,10.4017166597274,1.82737510541045e-06,0.00010512501768114
"gene-LOC140683680|LOC140683680","LOC140683680",5.43606190720724,-1.1620978700208,-0.540296640275077,2.09076067219056,-1.29730172044334,10.3927697437363,1.84591307606119e-06,0.00010561756509999
"gene-SHMT2|SHMT2","SHMT2",0.854752621366237,2.35215090839652,0.481078122050386,-3.17338998152393,2.00942118390305,10.3910075731865,1.8495870851113e-06,0.00010561756509999
"gene-HSPA2|HSPA2","HSPA2",11.1347731601534,-0.779998925026169,-0.870502357834719,2.25562592805488,-1.92553369521074,10.4443595583139,1.91236012191416e-06,0.000107701631439854
"gene-RAB7A|RAB7A","RAB7A",5.16007665755875,-0.082474551702077,0.319039619525188,-0.506165691986684,0.488535806098961,10.3607220716031,1.91392236807495e-06,0.000107701631439854
"gene-SNN|SNN","SNN",9.2402605735775,-0.773957777000178,-0.342517679677743,1.18554865292904,-1.28799963831482,10.3614186847283,1.91241692395102e-06,0.000107701631439854
"gene-PGAP3|PGAP3","PGAP3",2.38637795785356,1.39254543579395,0.882989596972465,-1.09771067758813,1.34142279257514,10.3683577206029,1.89748752766047e-06,0.000107701631439854
"gene-SPR|SPR","SPR",-1.83461769685409,2.96961045052358,1.02304089104661,3.94092949357063,0.0453252306463986,10.3374086452626,1.96501599293322e-06,0.000109383534138999
"gene-LOC140684997|LOC140684997","LOC140684997",-0.427644792352985,0.31502263397011,-0.67998445021863,4.31076073010483,-0.827044176643071,10.3403795433527,1.95842754800995e-06,0.000109383534138999
"gene-ZNF652|ZNF652","ZNF652",2.42770231800752,0.671952948542451,0.877919670751102,-1.57677089598954,1.43366706686036,10.3427427896852,1.95320293668372e-06,0.000109383534138999
"gene-LOC100225953|LOC100225953","LOC100225953",-1.83404082836077,0.495797697972255,-0.31043793486349,3.46733826114247,-2.08735131942557,10.3330301249052,1.97476775655221e-06,0.000109532369292636
"gene-LOC100222731|LOC100222731","LOC100222731",6.31976791396813,0.17901888441565,0.199344176705699,-0.29564004841682,0.753044301260611,10.321689204693,2.00025874843544e-06,0.00011055001475728
"gene-MAPDA|MAPDA","MAPDA",4.77040291991699,-0.379037379002203,-0.223235389439406,-1.35924705501902,0.880853093351241,10.3100469144972,2.02678023860471e-06,0.000111221362384425
"gene-ACOT7|ACOT7","ACOT7",5.51738985035918,0.538758963287515,0.333880521998774,-1.17736663057514,0.774698341981074,10.3110784263689,2.02441585213962e-06,0.000111221362384425
"gene-ACTR3|ACTR3","ACTR3",5.85494274312345,0.833398643784544,0.273379145708489,-1.84369811930908,0.912710145565792,10.2916692932975,2.06938523013968e-06,0.000113158079280606
"gene-SCNN1A|SCNN1A","SCNN1A",0.0335348294101899,0.461369256157758,-1.64693361595652,-0.205894559599225,-1.59900341156436,10.2705750819479,2.11942839541998e-06,0.000115081243575874
"gene-HNRNPAB|HNRNPAB","HNRNPAB",10.1182011052285,-0.724310356280391,-0.490595121393307,0.707741264174403,-0.937371510201171,10.2712879981474,2.11771688811656e-06,0.000115081243575874
"gene-CIB3|CIB3","CIB3",0.107218260434064,0.316266294645706,-1.45022435832946,-0.243191352435005,-0.809494922696508,10.2426557966195,2.18758855390638e-06,0.000118366898152801
"gene-HSPA9|HSPA9","HSPA9",7.06409049686532,-1.56559965137855,-0.289598680525645,2.37918600280838,-1.11490828727967,10.2381847825881,2.19871194624972e-06,0.000118554241701095
"gene-TPCN1|TPCN1","TPCN1",4.9771984104017,0.82023151689692,0.571375626141703,-1.1404411114978,1.08428740641732,10.2072942458565,2.27717487587462e-06,0.000122358615292221
"gene-CAPRIN1|CAPRIN1","CAPRIN1",7.18986217966107,-0.780580719920249,-0.400870628439666,1.35971975535361,-0.902492761113338,10.1969688654294,2.30404080366011e-06,0.000122734171219272
"gene-FAM161B|FAM161B","FAM161B",3.98747601882382,0.311740441046793,-0.417394560710495,0.390929917701604,-0.640131068351913,10.1992674031496,2.29803202273543e-06,0.000122734171219272
"gene-DDIT4|DDIT4","DDIT4",6.63658067590796,-1.13705609162776,-0.856924795894928,1.56183977778644,-1.44297156958903,10.1954739000213,2.30795759772588e-06,0.000122734171219272
"gene-MAP3K2|MAP3K2","MAP3K2",4.10984306686228,0.837091704252858,0.32919585961166,-1.34640832272091,1.30041949006176,10.1653452831319,2.38837469749494e-06,0.000126575679601829
"gene-UBIAD1|UBIAD1","UBIAD1",4.42365383010133,-0.91628020959746,-0.584437126401085,1.4507400756897,-0.978730578585219,10.1429446866861,2.45003334318135e-06,0.000129400225207274
"gene-LOC115494687|LOC115494687","LOC115494687",-3.54263582220831,2.36765841796931,-2.43987825291137,-2.84401877419662,-2.13058849685573,10.1294501323499,2.48796762001015e-06,0.000130956799046453
"gene-ABCB10|ABCB10","ABCB10",6.31872122212002,0.743520330729599,0.662738347768406,-1.63203602010588,1.06766753770328,10.1215862314213,2.51035244167605e-06,0.00013168713232182
"gene-LOC115496310|LOC115496310","LOC115496310",-2.97659587603999,0.354886625051647,-1.09185079408921,2.23245487376589,-2.03625948353458,10.1150835211785,2.52901939646372e-06,0.000132218159325257
"gene-PRELID1|PRELID1","PRELID1",4.60058545055589,-0.572113990985617,-0.0811477308751842,0.81798959109034,0.375207632452046,10.0991459768738,2.5753780468312e-06,0.000134188468938427
"gene-LOC101233531|LOC101233531","LOC101233531",6.39746319239442,0.305360364791621,-0.872296803859502,-0.291015188214401,-0.758059026650419,10.0872566083151,2.61053145726763e-06,0.000135563672151733
"gene-GARS1|GARS1","GARS1",1.77322396909127,1.27433320525011,0.844345451730294,-1.81393211052125,1.49219500876905,10.0829527739008,2.62337827617066e-06,0.000135602116990551
"gene-KMT5B|KMT5B","KMT5B",6.41352800263784,-0.987102332787163,-0.13818147603626,1.24560586882068,-0.961704498826527,10.0811439169779,2.62879709836286e-06,0.000135602116990551
"gene-MAN1C1|MAN1C1","MAN1C1",4.90145481198248,-1.06719457434162,0.515062218167942,0.734619059328037,-0.0365886105294119,10.0615268373244,2.68831092107058e-06,0.000138211333898894
"gene-TLCD3A|TLCD3A","TLCD3A",-0.124321810183452,-0.554726837927358,-1.05489637709869,2.52369543257058,-1.34548459109507,10.0563847324722,2.70413950723114e-06,0.000138564764484774
"gene-WIPI1|WIPI1","WIPI1",6.40399026144902,-0.138217097739806,0.548367540307945,-0.12593242429002,0.514696470864307,10.0387200905043,2.75925121363725e-06,0.000140922153567777
"gene-EPPK1|EPPK1","EPPK1",4.71324264130032,2.45195655576686,-1.72054507511944,-1.25883146869586,-0.211108945353418,10.1354176961424,2.80178122298711e-06,0.000142623567189887
"gene-TPPP3|TPPP3","TPPP3",-1.15023390703541,4.81815514661343,0.74427148901004,-11.3780248999367,6.10712915579915,10.0028345723907,2.87480455229066e-06,0.000145860985071141
"gene-ZBTB26|ZBTB26","ZBTB26",4.61626726094391,-1.32837904612385,-0.261355166960829,2.03067179774265,-0.966574502928227,9.99381884803538,2.90461228999225e-06,0.000146891748979183
"gene-MEIOB|MEIOB","MEIOB",0.0460177369505516,0.408727930942251,-0.433355579532399,1.72451937969441,-2.00718234197265,9.9870765976226,2.9271115942833e-06,0.000147547400395877
"gene-ETFA|ETFA","ETFA",3.30902858547324,0.10819426994042,0.594272219640016,-0.431118704241876,0.779159468864778,9.98199776879079,2.94417855676983e-06,0.000147925854435108
"gene-LOC116808052|LOC116808052","LOC116808052",5.89554475721287,-0.893748986236816,-0.586585921394433,0.922101302327349,-1.04489066518832,9.97773493938281,2.95858260283266e-06,0.000148168497666134
"gene-IRS4|IRS4","IRS4",10.5160861411779,-0.887985150292608,-0.784694488074933,0.655933389478909,-1.20291926155776,9.96779405874506,2.99245565965168e-06,0.000149381455913257
"gene-HJV|HJV","HJV",3.30249540273897,0.752232683798506,-0.70316200500795,1.70051048513242,-1.30871352022965,10.0074564596087,3.02011783956535e-06,0.00015027756774043
"gene-LOC115497224|LOC115497224","LOC115497224",4.09288388179991,0.926260894088355,-1.54636226705427,1.37341190519334,-0.995106797470987,10.0138295792514,3.06284460759482e-06,0.000151915129174775
"gene-ASCC3|ASCC3","ASCC3",3.110419156113,0.271581318771042,0.689335686204753,-1.97134706715783,1.09690632878901,9.94228376105575,3.08122248465365e-06,0.000152184308465443
"gene-HAPSTR1|HAPSTR1","HAPSTR1",9.49227679227112,-0.237686633257372,-0.603226526905478,0.33173825780097,-1.05559674664164,9.94038415731974,3.08794008776408e-06,0.000152184308465443
"gene-LOC121468661|LOC121468661","LOC121468661",-2.76903469472205,0.931124253983592,0.887464280093493,7.06400478724063,-3.18159494923668,9.92330214145779,3.14903011849458e-06,0.000154702352646678
"gene-IMMT|IMMT","IMMT",5.69465024021943,-0.308964042870792,0.24503805793454,-0.394828851193143,0.323666679260077,9.90541257071353,3.2143451259382e-06,0.00015722847222033
"gene-QARS1|QARS1","QARS1",3.67380300942718,0.716487267205838,0.457339625907619,0.0692065321605637,0.891408859714652,9.90137234849275,3.22928837425778e-06,0.00015722847222033
"gene-PLTP|PLTP","PLTP",1.9649302511262,0.331974596793272,-0.56899383832588,1.2102473762114,-0.8051275309011,9.90092945951958,3.23093080233052e-06,0.00015722847222033
"gene-SLC25A1|SLC25A1","SLC25A1",2.38838187537181,1.54039179934711,0.894517139307536,-1.92844434973045,1.679435686572,9.89496454181824,3.25313544682577e-06,0.000157812761879714
"gene-VPS37A|VPS37A","VPS37A",5.23971097938878,-0.258592151980293,0.12579577015456,-0.173967991683724,0.481855749808555,9.8490151441607,3.42954554969977e-06,0.000165850679317512
"gene-TRNAU1AP|TRNAU1AP","TRNAU1AP",2.51174130042468,0.827640090026105,0.331755773668894,-1.84603881979399,1.24627327232489,9.84295628934646,3.45353201368829e-06,0.000166385946497715
"gene-LOC116806986|LOC116806986","LOC116806986",7.11587860362505,-0.6324412582009,-0.528188065871975,0.752101484202635,-0.868844024926539,9.8407980724988,3.46211791743225e-06,0.000166385946497715
"gene-SGMS1|SGMS1","SGMS1",7.49517968650757,0.546190826724436,-0.592244016523379,0.212482389839126,-0.35104684938447,9.82524573066853,3.52464308694215e-06,0.00016731242874365
"gene-KIAA1671|KIAA1671","KIAA1671",9.86424636314898,-0.641590688072132,-0.418700190152475,0.880889067219389,-1.12720005780218,9.83040455455468,3.50377503120328e-06,0.00016731242874365
"gene-RBM39|RBM39","RBM39",8.31203781733834,-0.478607927666936,-0.639611514935283,0.624915606164803,-0.685458367177369,9.83100622448493,3.501349512222e-06,0.00016731242874365
"gene-SYT11|SYT11","SYT11",2.99299867145156,-1.16186947556253,-0.108897121305851,2.29197200008119,-1.13591154360915,9.82775205212553,3.5144887631194e-06,0.00016731242874365
"gene-KANSL1L|KANSL1L","KANSL1L",5.88325689137781,-1.0976378251428,-0.772058389608078,0.75489691878925,-1.02272619168435,9.81021507348322,3.58617743673002e-06,0.000169195414126211
"gene-DPM2|DPM2","DPM2",3.05301476707881,0.0126747945408418,0.784023209089134,-0.783347288095113,0.874826458444628,9.81228665947907,3.57763114901794e-06,0.000169195414126211
"gene-EPS15|EPS15","EPS15",4.55968499825442,1.05594762488763,0.16909676713731,-2.43596120671638,1.19406736758284,9.80465262683381,3.60922948026833e-06,0.000169765429201071
"gene-LOC115490906|LOC115490906","LOC115490906",2.73221819409807,0.25340611551369,-0.786372211009623,1.45507689816194,-0.87086758923135,9.79511451880602,3.64911374887775e-06,0.000171121318981464
"gene-GPD1|GPD1","GPD1",4.90611634695473,-0.215744756656478,-0.720277536588575,2.39578474829474,-0.838235557960609,9.78422209750756,3.69521736336714e-06,0.000172759784586424
"gene-CHCHD7|CHCHD7","CHCHD7",4.91035338886377,-0.0903671400414269,0.392704270667273,-0.735076492724071,0.587881486739208,9.76668761865679,3.77069959781196e-06,0.000175757759867892
"gene-LOC115494853|LOC115494853","LOC115494853",9.33827056977667,-0.701492879573238,0.989391229802436,-0.032869278206172,0.602438655613473,9.75579783996699,3.81837620160424e-06,0.000176017862787958
"gene-SLC6A6|SLC6A6","SLC6A6",8.97220204842933,-0.903879695325182,-0.210368725853179,1.01432380955924,-1.06622157568534,9.755026387886,3.82177718234275e-06,0.000176017862787958
"gene-HSDL2|HSDL2","HSDL2",2.34839579103209,-0.0620037491932089,0.55356294734345,-1.24156190641424,0.897416964351686,9.75688105264256,3.81360607540264e-06,0.000176017862787958
"gene-LOC140682096|LOC140682096","LOC140682096",5.58329482860432,0.224104590218317,-0.830044763734433,0.415396151492426,-0.993704699275927,9.75639210625443,3.81575847967748e-06,0.000176017862787958
"gene-RLF|RLF","RLF",8.27769364832956,-0.597056045128461,-0.861310852410352,1.06093010188038,-1.05089982363517,9.73839993891175,3.89583944599606e-06,0.000178896484945962
"gene-WDR59|WDR59","WDR59",4.86655316750383,0.692925295703596,0.107626960297455,-0.970910164310572,0.937827856698438,9.73085578539545,3.92993119524346e-06,0.00017930306252357
"gene-SERPINF2|SERPINF2","SERPINF2",4.41052884678027,-0.339738367991033,-1.21424514545652,1.78136282094091,-0.623946767367532,9.73383923897483,3.91641246721843e-06,0.00017930306252357
"gene-RCC1|RCC1","RCC1",7.87344230524939,-2.25478452191009,-0.860730156226791,2.89063243846883,-2.0163478690207,9.72876067102074,3.93945339308651e-06,0.00017930306252357
"gene-CYP51A1|CYP51A1","CYP51A1",2.0484857509974,3.23573873413804,0.35784922834905,-3.00172085656993,2.13107878442715,9.71461419993647,4.00437402151148e-06,0.000181723425169766
"gene-PCF11|PCF11","PCF11",8.18060238134016,-0.856860650248718,-0.640395422157612,1.03893362564107,-0.796877505195241,9.71170566704933,4.01785790863291e-06,0.000181802196304369
"gene-C25H1orf43|C25H1orf43","C25H1orf43",7.88711183188917,-0.589647502428434,-0.484158879571317,0.87892676309123,-0.878935062840312,9.70908821811785,4.030032348406e-06,0.00018182143029616
"gene-CAPN10|CAPN10","CAPN10",2.83543238807911,-0.834361291748742,-1.31433812189384,1.49593733224602,-1.11188953892898,9.66116313243328,4.2597937814387e-06,0.000191628804557453
"gene-LOC100224907|LOC100224907","LOC100224907",1.24811052425017,2.98704636155983,-1.59339227222936,-2.66976600593472,0.644810195820353,9.65456019528626,4.29249162846097e-06,0.000192540023044735
"gene-TOB1|TOB1","TOB1",9.73981200230859,-0.53196895644154,-0.868913560035798,0.539107215026724,-0.930998879673181,9.64953531905331,4.31754817606513e-06,0.000192752705368349
"gene-PHB1|PHB1","PHB1",3.89566740907447,0.418275683590528,0.721451243913887,-0.948075030703045,1.01948853685201,9.64613279730054,4.33460041797645e-06,0.000192752705368349
"gene-SP7|SP7","SP7",-1.80251368177753,3.74649813833595,-0.605886774538813,0.36392155935011,0.289071049768658,9.64728727676068,4.32880680546399e-06,0.000192752705368349
"gene-TENT5B|TENT5B","TENT5B",3.96245562765266,0.290697737244247,-1.55708253714068,0.378162543118186,-1.43625206981781,9.69065095261351,4.38395949800612e-06,0.000194389035047692
"gene-HIVEP1|HIVEP1","HIVEP1",5.01487732661112,-0.441688376806335,0.988615933833403,-0.135894992230875,0.257272882753597,9.61016051133587,4.51918533061931e-06,0.000198954867940197
"gene-HNRNPU|HNRNPU","HNRNPU",5.97636287518403,0.239916911866645,0.269203347967989,-0.323840036797539,0.529871119751928,9.60651152510368,4.53835659986363e-06,0.000198954867940197
"gene-TARDBP|TARDBP","TARDBP",6.74010109111303,-0.206513467359969,-0.234751282059434,0.365747009569169,-0.766562938927031,9.61054225055449,4.51718455455296e-06,0.000198954867940197
"gene-ERBB3|ERBB3","ERBB3",1.01660261676485,1.8797780290452,-1.78622743013148,0.967709150507457,-0.409632245988718,9.60743318951225,4.53350640346985e-06,0.000198954867940197
"gene-ZMIZ2|ZMIZ2","ZMIZ2",5.48030436335752,0.0335137260798449,-1.21955698474122,1.3628910793673,-0.690252456804618,9.59676512325519,4.58997491318538e-06,0.000200649327066508
"gene-PTTG1|PTTG1","PTTG1",5.62025284365887,-0.604977211341166,-1.66277589655975,-0.511831075060783,-1.29365006289569,9.58639176076243,4.64557889246268e-06,0.000202507981298197
"gene-ELF1|ELF1","ELF1",6.80678817881837,0.699563440066924,0.170488621874289,-1.93831679130042,0.767885248344508,9.56987086192022,4.73557289752627e-06,0.000205701698285866
"gene-LOC105759119|LOC105759119","LOC105759119",-4.20179264700924,3.84177558532789,-2.57496444318414,4.98484572954001,0.475609656758349,9.56601457642712,4.75683665161949e-06,0.000205701698285866
"gene-CELF6|CELF6","CELF6",-2.92498883689723,3.88164150439976,1.16156856627438,-2.72214268298119,-0.598232539161116,9.56567369211664,4.75872103304297e-06,0.000205701698285866
"gene-KPNA2|KPNA2","KPNA2",3.80077814420797,-0.762726822543211,-1.26538017981974,1.04807213956216,-1.05867406982596,9.56260334109129,4.77572840452668e-06,0.000205861830250837
"gene-LOC121468878|LOC121468878","LOC121468878",-4.82864757835409,5.16561817117273,-1.18649010732236,0.340734621715754,-0.536723282020523,9.55999507626401,4.79022538880392e-06,0.000205913160810391
"gene-ARL15|ARL15","ARL15",1.17412694687936,0.949285440328209,1.05092116439399,-3.2877583177501,2.18990033617573,9.54940388475538,4.8495598611109e-06,0.000207886257204131
"gene-MTMR4|MTMR4","MTMR4",3.39278080910043,-0.12836060566361,0.771470010971909,0.51643229968561,0.45566364043557,9.5442977834443,4.87843563491874e-06,0.00020854638522201
"gene-RNASEH2B|RNASEH2B","RNASEH2B",3.17435215371531,1.18137115036964,1.08009700626954,-2.1005501309244,1.32296999960598,9.53864838709282,4.91059041209222e-06,0.000209342662884647
"gene-NDUFAF7|NDUFAF7","NDUFAF7",3.10045990561327,0.696853450703476,0.311408261506269,-0.0505332821954003,1.16435361637111,9.53195694157622,4.94895902370478e-06,0.000210398738713823
"gene-MDM4|MDM4","MDM4",6.01727656234236,-0.486235491191392,-0.710487534282193,0.741477857145059,-0.826599668778948,9.51381515642921,5.05454591603812e-06,0.000214298898769013
"gene-LOC115493763|LOC115493763","LOC115493763",3.18931199516763,-0.0300439724176678,-1.00282972061713,-0.102180205676442,-1.88632742009503,9.53949167262716,5.24496951248864e-06,0.000220808179408454
"gene-FBXO32|FBXO32","FBXO32",9.35459575983309,-0.711875928874364,-0.179029390199413,1.38087064354429,-1.4447810170799,9.48109619244959,5.25088271549667e-06,0.000220808179408454
"gene-LOC140680234|LOC140680234","LOC140680234",5.41149894175353,-0.0324377953753484,-0.261933417739652,0.283405575303573,-1.05321144056113,9.4832867372045,5.23749563543632e-06,0.000220808179408454
"gene-LOC116807714|LOC116807714","LOC116807714",4.36516862171207,-0.282645431225321,-0.669818813755413,1.01720471016304,-0.869641594252087,9.47660342948744,5.27844980193616e-06,0.000221365882615073
"gene-TAF13|TAF13","TAF13",2.99666669162154,-0.0903529288402228,0.290480390912737,-0.829346801747453,0.838665469193577,9.46362285077182,5.35893832846554e-06,0.000224133974683795
"gene-DDX42|DDX42","DDX42",5.29200684751999,0.559172854066738,0.172831518508047,-0.395121972235599,0.747638803609033,9.45439651814404,5.41691620588762e-06,0.000225948189450434
"gene-VRK3|VRK3","VRK3",2.94649795281788,0.589788951630215,0.979735799780902,-1.26488737769247,1.47980385139182,9.41124519297097,5.69678447981567e-06,0.000236508152825032
"gene-NR6A1|NR6A1","NR6A1",0.850386874745352,0.570588303862375,1.18042175850945,-0.886253298418561,1.26831392064523,9.41066477674264,5.70064885323018e-06,0.000236508152825032
"gene-OTUD1|OTUD1","OTUD1",8.66211632553168,-1.35399955998758,-0.315977617513918,2.3721519488921,-1.79890562337581,9.4077092201564,5.72036870424997e-06,0.000236691726465958
"gene-LOC116806863|LOC116806863","LOC116806863",4.08964671601797,2.71044587107508,0.680720733848641,-1.92499618816479,2.01810723043876,9.40433325276554,5.74297963162224e-06,0.000236993626131611
"gene-EYA3|EYA3","EYA3",4.8798954243633,-0.624683133509095,0.264033831746338,0.286385632332593,0.201926423200183,9.37410162119008,5.94961168493514e-06,0.000244867661766945
"gene-NFIL3|NFIL3","NFIL3",7.56425603257933,-0.849965689822394,-0.588160043211996,0.859234339157927,-1.08770009671624,9.35979930811804,6.05002263281138e-06,0.000248339788442324
"gene-SMNDC1|SMNDC1","SMNDC1",8.05448574251744,-0.692742814619827,-0.982255321204534,0.205883624859732,-0.978072495656446,9.3569975600334,6.06989631702682e-06,0.000248496416682513
"gene-LOC140685058|LOC140685058","LOC140685058",2.81152539767742,-0.67523884388146,-1.00332261062341,1.64523722324399,-2.17291267275778,9.38147249495266,6.10244622116275e-06,0.000248514092822351
"gene-PITPNA|PITPNA","PITPNA",1.7325126336682,2.12328790926179,-0.600574735688602,-4.74459040373995,2.11718787218817,9.35290445424965,6.09905103013665e-06,0.000248514092822351
"gene-ATP1B3|ATP1B3","ATP1B3",5.88153144986696,0.419008959466685,0.60797523518031,-0.735243899438319,0.728762768289892,9.33835528544638,6.20385654448608e-06,0.000251980787469612
"gene-TANGO6|TANGO6","TANGO6",4.26473156179953,-0.539367960298288,1.0706879909787,1.46221821020573,0.605630556389745,9.33324616904953,6.24109910564756e-06,0.000252829865601822
"gene-TMEM94|TMEM94","TMEM94",3.38876379997008,1.79237582844824,0.618509512633627,-2.2658607387276,1.62230789339052,9.32417176225298,6.30781547532351e-06,0.000254865390288855
"gene-LOC140684128|LOC140684128","LOC140684128",-0.129929387617786,-0.552545128267674,-0.553514088452758,0.567622279246069,-1.97357249382164,9.3047463817958,6.45311597857605e-06,0.000260057212938709
"gene-SLC35B1|SLC35B1","SLC35B1",5.88232730332903,0.0341535367132471,0.0322038305290538,-0.422840746026159,0.582622566898666,9.30059171680133,6.48463782263345e-06,0.000260648754039617
"gene-JARID2|JARID2","JARID2",5.56472258732643,0.229770691216114,0.771373159638962,-0.10046917817254,0.519732821917477,9.29694774628315,6.51241559498022e-06,0.000261087127803935
"gene-LOC100223493|LOC100223493","LOC100223493",3.17682298356066,-0.418005328624719,-0.883509052043414,0.526191097671765,-1.18130427972024,9.28109853583365,6.63466722707942e-06,0.000262167938688552
"gene-LOC115494153|LOC115494153","LOC115494153",0.316037592377905,-0.22834275187624,-1.384536485575,0.378824383968183,-1.15292812913831,9.2802827880041,6.64102306726412e-06,0.000262167938688552
"gene-DHX57|DHX57","DHX57",5.25001107896824,-0.869296961363141,-0.442703208101915,1.3855380339688,-0.92161228716395,9.28573347614717,6.59867323127163e-06,0.000262167938688552
"gene-OPA1|OPA1","OPA1",4.34386972235019,0.528269209635343,0.656232540265366,-1.18940213871564,0.92490774018263,9.281888383427,6.62851916003005e-06,0.000262167938688552
"gene-GPER1|GPER1","GPER1",1.18614699229601,0.412373731235319,-2.37715173612314,-1.0547346992817,-0.683562028343469,9.28696707736649,6.58912728757629e-06,0.000262167938688552
"gene-LOC115497382|LOC115497382","LOC115497382",3.37105186195744,-0.59783105657575,-1.45894626078965,0.29922146988581,-1.4321288309097,9.28961722422985,6.56866782395452e-06,0.000262167938688552
"gene-MRPL18|MRPL18","MRPL18",4.70733415827671,-0.664029817333541,-0.296208268069099,2.51532397526724,-1.49410690446474,9.2694545279379,6.72598762607039e-06,0.000264174260186394
"gene-EIF5|EIF5","EIF5",9.47756251761361,-1.1698227508056,-0.141074946041747,1.34583263889501,-1.23052570215814,9.27059444868824,6.71699065640945e-06,0.000264174260186394
"gene-NUFIP1|NUFIP1","NUFIP1",1.79005843217576,-0.953912502241173,0.0616143365937072,2.22820650820063,-1.14923286730058,9.26418981512297,6.76770145649754e-06,0.000264186973729715
"gene-PHYH|PHYH","PHYH",1.15018318620545,0.961151190428632,0.650700502111455,-2.20922723484828,1.5847352147554,9.26295461138033,6.77752688663632e-06,0.000264186973729715
"gene-SLC1A6|SLC1A6","SLC1A6",-4.23479340754964,7.24648515833629,-3.14316279930498,-7.71015027173066,2.06939639079579,9.26638520328268,6.75027445248422e-06,0.000264186973729715
"gene-CNDP2|CNDP2","CNDP2",2.90759283710355,-0.0524880923525408,-0.841178934808212,0.415665282687218,-1.08812357872982,9.24735980120813,6.90284787835856e-06,0.000268395906828138
"gene-CNTD1|CNTD1","CNTD1",5.56323275117167,-0.537379171667078,-0.537589256408067,2.00034367094516,-1.17693044724468,9.24231573746593,6.94389148843365e-06,0.000269315089682984
"gene-DIPK1A|DIPK1A","DIPK1A",1.3439570480316,-0.0278897350214265,-0.993996730521784,0.90012081574872,-0.698849974865129,9.23935043389893,6.9681375033989e-06,0.000269579819662745
"gene-COG7|COG7","COG7",5.86243727763665,-0.275055853040358,0.388836307409619,0.166977507359003,0.326947389850973,9.2264622597957,7.0745365336039e-06,0.00027301359814843
"gene-CBX3|CBX3","CBX3",6.39296686274183,-0.0297342812043886,-0.835743391174669,-0.0753470874478574,-0.570283824503019,9.21659294945509,7.15714419552653e-06,0.000275514443845207
"gene-GTF3C1|GTF3C1","GTF3C1",5.22886818719558,0.762170409258489,0.0166220729832711,-0.771811190051942,0.890469884058948,9.20151441665915,7.28527823072468e-06,0.000279307782676411
"gene-RAB3A|RAB3A","RAB3A",2.02272731280864,0.00996865529716605,-0.550186712997002,0.631680391383431,-1.21731522418516,9.20075623813424,7.29178314709338e-06,0.000279307782676411
"gene-SNAPC4|SNAPC4","SNAPC4",6.25410379805184,-1.0128871655838,-0.490886714685425,1.5113948589808,-0.81368294605019,9.1926299788381,7.36188075200607e-06,0.000281296554659985
"gene-IGHMBP2|IGHMBP2","IGHMBP2",1.71994393394841,0.456350248990343,0.486984665980653,-1.53834928846557,1.14821869072698,9.15077754982223,7.73406024120691e-06,0.000294789611410534
"gene-NSMCE2|NSMCE2","NSMCE2",1.27602981547777,1.0208820295991,0.73046765466298,-2.31700319991953,1.30727480915634,9.14603217941325,7.77746594015631e-06,0.000295715689002258
"gene-DNAJC13|DNAJC13","DNAJC13",3.64817817521564,-0.184307562664111,0.371513503956484,-1.1174426212585,0.590575065921716,9.12773144394603,7.94722658210921e-06,0.000300718489787877
"gene-LOC140683830|LOC140683830","LOC140683830",-0.464090352900845,1.05171247012086,-0.80790694483029,-1.20768718320069,-1.19556492327383,9.12765889573644,7.9479070968169e-06,0.000300718489787877
"gene-NPM2|NPM2","NPM2",1.11434208517359,1.22942701664232,-1.0615599442454,1.79219910497763,-0.783789766159137,9.1250008016219,7.97288192685515e-06,0.000300927677605082
"gene-PCID2|PCID2","PCID2",6.98720597159543,-0.472049380775642,-0.991433553108199,0.296512806188298,-0.776378492651121,9.11961404041138,8.02374298662289e-06,0.000301464110734261
"gene-HNRNPDL|HNRNPDL","HNRNPDL",8.76767108601298,-0.520058542251874,-0.610129371111353,0.702572906413827,-0.743997875200201,9.11936992361083,8.02605580759389e-06,0.000301464110734261
"gene-PIKFYVE|PIKFYVE","PIKFYVE",6.66141313657266,-0.625560069224395,-0.408600647257487,1.41849250939062,-0.912724692886939,9.110297993466,8.11249437945338e-06,0.00030397300368533
"gene-CEP350|CEP350","CEP350",7.59258219271101,-1.12136052106068,-0.58713844459456,1.73616230619532,-1.09309978386736,9.10812439687231,8.13334678991274e-06,0.000304018216362076
"gene-LOC100220663|LOC100220663","LOC100220663",4.79950739026878,-0.311164056192096,-0.0427228027988417,-0.450066778786965,0.715549107010399,9.08877098490547,8.32146685486103e-06,0.000310300480913191
"gene-SWT1|SWT1","SWT1",2.76076543351197,0.683638623583091,0.653970142110032,-1.15551115645021,1.47216843028298,9.08378882973037,8.37061647858966e-06,0.000310636187065168
"gene-TAMALIN|TAMALIN","TAMALIN",4.89291190541403,0.560270228558258,1.00993119199664,-0.189124046387188,1.23845401540198,9.08457632736168,8.36282784985917e-06,0.000310636187065168
"gene-ZDHHC3|ZDHHC3","ZDHHC3",2.63882220634353,0.0762447122979866,0.977641330829936,-1.3405017384788,0.895199632621094,9.07128205718662,8.49531982857911e-06,0.000314509747242253
"gene-NFYA|NFYA","NFYA",7.47505689649167,-1.31406712257733,-0.7428927269199,1.68216248545135,-1.21786456933897,9.06729128953061,8.53551286124393e-06,0.000315243583598448
"gene-LOC100220543|LOC100220543","LOC100220543",2.98206317229457,-0.603520848464011,-0.937140033809105,0.653097482493949,-1.26821297661489,9.0621601056432,8.58747972028256e-06,0.000316159665196755
"gene-OSGIN1|OSGIN1","OSGIN1",10.8945502736825,-0.478139962499905,-0.564374977414855,0.544062395515046,-1.00468162286587,9.06081293854492,8.60117732134629e-06,0.000316159665196755
"gene-KIAA1191|KIAA1191","KIAA1191",7.4855233256337,-0.52660582487831,-0.550476310009145,0.108848016211256,-0.862330629155605,9.05796601979486,8.63019806799872e-06,0.000316474680337157
"gene-LOC140684620|LOC140684620","LOC140684620",-3.34719660387838,1.67479879737412,-0.882217561919629,7.47522736878231,-0.706961153474704,9.04258886693671,8.78870239816302e-06,0.000321525223668021
"gene-LOC115495695|LOC115495695","LOC115495695",0.497279204016603,0.242844781132782,-0.286971985322868,2.14759557447937,-0.614016450158777,9.03996546701957,8.81604192867039e-06,0.000321764737844751
"gene-MAP2K5|MAP2K5","MAP2K5",1.33071981307436,0.306544054937442,0.784279455687801,-2.53312752849857,0.534884703472623,9.03285181292515,8.89061810997408e-06,0.000323723094710233
"gene-ATPSCKMT|ATPSCKMT","ATPSCKMT",2.50948003012303,-1.22192984526884,-0.0660544497908114,3.00168011558923,-1.56887799217326,9.01329121830526,9.09905171434712e-06,0.000330158286784742
"gene-TLR2|TLR2","TLR2",0.642343710979036,1.18997926266766,-1.08565148107278,-1.80816082449953,-0.173006519782975,9.01163561742903,9.11692299948358e-06,0.000330158286784742
"gene-PABPC4|PABPC4","PABPC4",7.43039531747403,-0.504005363437367,-0.820927617847062,0.884389126487415,-0.648794834887219,9.01030090372831,9.13135681705135e-06,0.000330158286784742
"gene-AAGAB|AAGAB","AAGAB",2.53959064597323,1.28468070229255,0.396708189801789,-1.39518781044849,1.36830232569084,9.00157987156032,9.22624889910016e-06,0.000332811659006002
"gene-RND1|RND1","RND1",3.91264135838339,0.64622839864934,-0.230596363340294,1.00726319134863,-0.822757796123352,8.99803993011212,9.26505578846396e-06,0.00033343427517786
"gene-ADPRHL1|ADPRHL1","ADPRHL1",4.92770403755065,1.38870514947027,-0.706596030906518,-0.902530562334194,-0.014446095482043,8.99301250942471,9.32045854748585e-06,0.000334649874761818
"gene-NKX6-3|NKX6-3","NKX6-3",3.47672415284979,-0.778527128779,-1.39271240292514,2.55841989194031,-1.25774031236721,8.9807302423275,9.45725088848632e-06,0.000338775364581773
"gene-LOC140681688|LOC140681688","LOC140681688",0.350240164367804,0.819807651670067,-0.811994095059746,0.889073056153872,-0.569945627040073,8.9671791507539,9.6105771782001e-06,0.000343472706310962
"gene-ELF2|ELF2","ELF2",5.98541426184721,-0.109696917438418,0.319000441150807,-0.53247498578135,0.477018360671654,8.96140854741662,9.67664514114663e-06,0.000345037058892268
"gene-ENAH|ENAH","ENAH",4.37894095469225,0.119100603814765,0.730003781288945,-1.24387061137977,0.45595396446897,8.9452417136806,9.86424365133991e-06,0.0003501313506389
"gene-ACSBG1|ACSBG1","ACSBG1",6.10719706508489,-0.595610150561338,-1.12772940029099,2.33193072103831,-1.85557439844274,9.03886271331236,9.86476697115092e-06,0.0003501313506389
"gene-ACAD9|ACAD9","ACAD9",3.13793931530262,1.22583085427549,-0.51732468177071,-2.56090580067938,1.83671495515794,8.9380857554112,9.94847335213665e-06,0.000352294336668912
"gene-MPP2|MPP2","MPP2",-2.5187913542901,3.75985907153957,1.63088346409626,4.13789492334902,0.758587790712708,8.92654141647948,1.00859221583356e-05,0.000356346222374986
"gene-SRD5A1|SRD5A1","SRD5A1",0.819245892224612,-1.11142664169799,-1.03584542837571,0.981993452743669,-1.39637798171901,8.91914113613786,1.0175058884076e-05,0.000357339923018763
"gene-SIRT1|SIRT1","SIRT1",8.62207443137694,-0.500434421867258,-0.32974767301516,1.43063482474081,-1.06843848042437,8.91845851450713,1.01833218773037e-05,0.000357339923018763
"gene-PLK3|PLK3","PLK3",1.83855559462423,0.674461930588301,-1.13464330085805,-0.0282380225297879,-0.371063624479843,8.919497419505,1.01707488918832e-05,0.000357339923018763
"gene-HMGB1|HMGB1","HMGB1",4.27058533926826,0.883193990825765,0.181935211295098,-2.28446223441245,1.22848923758615,8.90881768451275,1.03007632839835e-05,0.00036064323941096
"gene-CANT1|CANT1","CANT1",3.71672156904105,0.0477200232060995,0.655711153684907,0.411986959706807,0.702127446769343,8.90519038700764,1.03453103301134e-05,0.000361385276204299
"gene-LOC115491050|LOC115491050","LOC115491050",0.571617389632181,4.38256319015177,-0.175488277720764,-4.95487894608365,2.36824954921143,8.90255606793689,1.03777869390053e-05,0.000361703272254747
"gene-CHPF2|CHPF2","CHPF2",4.55387270372831,-0.668524595542425,-0.398748171012995,1.59435081512413,-0.755831414825483,8.89614594317106,1.04572522423159e-05,0.000362157398166919
"gene-LBH|LBH","LBH",7.9304919681798,-0.25609268024397,-1.53369080104885,0.194015804572748,-1.28252934602936,8.923775307556,1.04419485525226e-05,0.000362157398166919
"gene-USP10|USP10","USP10",3.37958289829355,0.557638652565377,0.298597497419967,-1.16949896570517,0.694346192503742,8.89584288558594,1.0461024683723e-05,0.000362157398166919
"gene-SNAPIN|SNAPIN","SNAPIN",3.94835695151677,0.600695783830149,0.415895812113442,-1.13813522119949,1.17071526623229,8.8902804823615,1.05305147248449e-05,0.000363749364658426
"gene-PSMD13|PSMD13","PSMD13",5.51883219436732,0.42778768191682,0.336572227527084,-0.753586729968455,0.735741330249404,8.87616450470288,1.07090060232113e-05,0.000369091020510456
"gene-DNAJC17|DNAJC17","DNAJC17",3.50543459090878,-0.191685512875978,0.278460282916705,-0.204148104433359,0.654893931553871,8.87341958754838,1.07440749317914e-05,0.000369476799043272
"gene-LOC115493336|LOC115493336","LOC115493336",2.55251572977372,0.00401233825297486,-0.529663031154509,0.388246460429927,-0.992349669193783,8.85672167685602,1.09599709461922e-05,0.000375090740889538
"gene-PNLDC1|PNLDC1","PNLDC1",0.0561943117376629,-0.783701091694585,-0.857042278285245,3.21719928756662,-2.420901492908,8.85393426751671,1.09964438737705e-05,0.000375090740889538
"gene-BICRAL|BICRAL","BICRAL",7.59483362525444,-0.262469699828563,-0.466684689270267,0.796271654150905,-0.664030219924648,8.85225848802077,1.10184314212831e-05,0.000375090740889538
"gene-HDAC8|HDAC8","HDAC8",3.44619686251868,0.49012313183874,0.387235621701913,-0.832650409943483,0.834684299374493,8.85149103479845,1.1028516129547e-05,0.000375090740889538
"gene-EIF4A2|EIF4A2","EIF4A2",9.00096302561845,-0.825285305614415,-0.287323214117083,0.573792559279562,-0.962188100238442,8.85559912437258,1.09746444019758e-05,0.000375090740889538
"gene-CDK10|CDK10","CDK10",6.54834429689952,-0.878566954122413,-0.810296162942142,0.915907784037187,-0.780988917854442,8.84587558467962,1.11025958294086e-05,0.000376782172061618
"gene-SLC25A3|SLC25A3","SLC25A3",7.19863082595899,-0.513725602237263,-0.481495232165987,0.794076893107987,-0.815752429905679,8.84205650531023,1.11532703242105e-05,0.000377673650475182
"gene-TXNL4B|TXNL4B","TXNL4B",2.38793132942793,-1.79077155462261,-0.426097084843869,1.81684484887022,-1.66958369648454,8.8387316252034,1.11975814213478e-05,0.000378346228155803
"gene-LOC116808088|LOC116808088","LOC116808088",-3.91522837356158,-0.0117633206603263,2.87771865328998,3.60164764757611,-3.28238124074225,8.83330009020984,1.12703587288678e-05,0.000379149568107022
"gene-TEPSIN|TEPSIN","TEPSIN",5.21759021637381,0.286695633448354,0.745805568173944,-0.148373872280883,1.02523642988474,8.83462889750955,1.12525090899724e-05,0.000379149568107022
"gene-ZFPL1|ZFPL1","ZFPL1",4.71164165967197,0.4225368012629,0.816620848578709,0.41775701522309,0.999610759380485,8.81541239153721,1.15135006296907e-05,0.000386488985345908
"gene-LOC121470339|LOC121470339","LOC121470339",2.27516212808849,0.807079660287213,-0.484755751374264,1.67082886423818,-1.04885140846095,8.8097479541038,1.15916170897348e-05,0.000388268992345553
"gene-LOC121468580|LOC121468580","LOC121468580",-1.21749755091738,4.41306729213607,0.672156911264057,-0.252779186719522,3.47496324544809,8.80321015449357,1.16824570139078e-05,0.000390466570821217
"gene-SOS2|SOS2","SOS2",2.65220070903877,0.892057419377194,0.0649625970419066,-2.11639198770053,0.910984044087753,8.7890604762027,1.18815808172276e-05,0.000396266084367667
"gene-ACVR2A|ACVR2A","ACVR2A",6.47424946934491,-0.737815963263414,-0.257775438935941,1.02070187147584,-0.794426369003886,8.77655420648001,1.2060487990813e-05,0.000401367853027594
"gene-MAFK|MAFK","MAFK",9.44674478697573,-0.526941312871536,-0.290132304972325,0.818730603723591,-0.815562259578547,8.76456255741844,1.22346403152305e-05,0.000406289825918866
"gene-KIAA0825|KIAA0825","KIAA0825",0.911300285541469,0.68457614670101,0.217358455614785,-2.21798541015091,1.23146097829934,8.75992164363337,1.23027328636564e-05,0.000407676212130798
"gene-RGS3|RGS3","RGS3",-2.28125100351393,2.92497779996991,0.6424986450491,-6.71991871670613,3.99746417971622,8.75348029423919,1.23978894205021e-05,0.000409951578594596
"gene-LOC140684632|LOC140684632","LOC140684632",3.29084209060297,0.099730040132698,-0.729532527479263,0.514894020029678,-0.612774620272407,8.74921075965242,1.24613798312528e-05,0.000411172394218841
"gene-ETFBKMT|ETFBKMT","ETFBKMT",6.00891756389483,-0.422942826860809,-0.0864719740081114,0.676003834891013,-0.91987806018911,8.74217470299818,1.25667418183219e-05,0.000412013410251127
"gene-MFSD1|MFSD1","MFSD1",8.29760059946154,0.34111024110632,-0.594039619394081,0.228710753554593,-0.612862283828561,8.74324603323498,1.25506400554409e-05,0.000412013410251127
"gene-FZD9|FZD9","FZD9",4.3675223523341,0.015796127881219,0.66540296605774,-0.850783092750046,0.831174369224027,8.74492523304079,1.25254449531487e-05,0.000412013410251127
"gene-PDCD11|PDCD11","PDCD11",4.897675566241,-0.653755779450716,-0.350196612775118,1.57594637057353,-0.527377455984954,8.73318917649241,1.27026321425434e-05,0.000415588229187862
"gene-NOP14|NOP14","NOP14",5.65855581460781,-1.06983213549932,-0.498853709704646,1.94121673167776,-0.918676002691304,8.71752706855162,1.29431244721009e-05,0.000422562977227344
"gene-LOC140681692|LOC140681692","LOC140681692",2.65338353044022,-0.196322408718901,-1.34863549630387,0.0568081540229051,-1.0563546009486,8.7114170266854,1.30382118606261e-05,0.00042477121798566
"gene-LOC115495298|LOC115495298","LOC115495298",-2.7864936865693,-0.423446536967708,-0.263283809986179,2.35736090659543,-1.68655924533806,8.69909647628669,1.32321450442967e-05,0.000430183707059855
"gene-FBXO11|FBXO11","FBXO11",5.11180054824126,0.13130563149998,0.157038162559373,-0.8948463822582,0.462578919495422,8.68451764191557,1.34654690427341e-05,0.000435937517649186
"gene-SLC41A3|SLC41A3","SLC41A3",5.09163649719492,-0.73033374193407,0.0591089818891155,1.25770177499704,-0.931117012554637,8.68608511732902,1.34401806335949e-05,0.000435937517649186
"gene-LOC101233594|LOC101233594","LOC101233594",3.23759554553297,-0.0726239544946928,-0.359657251515378,0.442415290678616,-0.965986475925409,8.67761601253851,1.35773988743446e-05,0.000436819641539464
"gene-APOA4|APOA4","APOA4",2.12496887746243,-0.205603042722644,-0.411988694126476,0.898917269247259,-1.37883490433315,8.67845627305071,1.35637205391873e-05,0.000436819641539464
"gene-SLC25A11|SLC25A11","SLC25A11",6.68057161975966,0.0731558483980237,-0.338605435453424,0.642867975971437,-0.641309434662608,8.67912980076643,1.35527666447645e-05,0.000436819641539464
"gene-LOC101233194|LOC101233194","LOC101233194",2.97772809750214,-0.879597808003915,-0.966927121547992,0.956116892154923,-1.40256723976989,8.66275634600466,1.38216564661154e-05,0.000443725486634718
"gene-NUF2|NUF2","NUF2",0.075929875625797,-0.967756763289024,-0.58388159101419,0.679795614845483,-1.61493441988952,8.66108588690908,1.38493964487605e-05,0.000443725486634718
"gene-LOC115492384|LOC115492384","LOC115492384",7.23120533501796,0.519967152110457,-1.12817156408973,0.582902402999739,-0.72071704902001,8.65391317289587,1.39691613979962e-05,0.000446637959987584
"gene-SQSTM1|SQSTM1","SQSTM1",8.40802003524691,-0.491368542484932,-0.398770161514587,0.558404942453947,-1.05312915852027,8.64830845610706,1.40634872786202e-05,0.000448726733271438
"gene-LOC115492672|LOC115492672","LOC115492672",3.62768439807887,0.740939874065434,-0.714041251508834,-0.724760089260103,-0.197784599090681,8.63204182253418,1.43409835612991e-05,0.000456639342821201
"gene-MXI1|MXI1","MXI1",10.2945116841015,-0.327016802600752,-0.499353219017794,0.0348144111754715,-0.714929429637296,8.62488165257544,1.44649125126504e-05,0.000459639673784937
"gene-LUC7L2|LUC7L2","LUC7L2",6.86050397055773,-0.864780945412434,-0.558581398645698,1.10488220215848,-0.842555159799863,8.61434589049276,1.4649275902013e-05,0.000464544148736989
"gene-LOC140680780|LOC140680780","LOC140680780",-0.130909441611821,-0.0553714341140595,-2.43763338278734,0.38455170138341,-1.32132896520241,8.60521608162555,1.48109939529962e-05,0.000468538063768536
"gene-LOC115497170|LOC115497170","LOC115497170",-1.77259930844659,-1.10050918635323,-0.896868324189771,2.88519508162051,-1.88271386759184,8.60382602435034,1.48357771403284e-05,0.000468538063768536
"gene-PAK1IP1|PAK1IP1","PAK1IP1",5.49894265428281,0.443902426402741,-0.770223457979174,0.0572831474740482,-0.354309250012984,8.59722377434411,1.49540725808033e-05,0.000470354213796606
"gene-LOC115495379|LOC115495379","LOC115495379",5.03197945769523,-0.489615958325574,-0.686131998762561,1.12237035512333,-1.09529385578973,8.59838215473748,1.49332472976287e-05,0.000470354213796606
"gene-LOC100232209|LOC100232209","LOC100232209",2.91024798583516,-0.556454950569457,-0.762894006710097,0.941627435872688,-1.26489725402791,8.59305050551824,1.5029347684571e-05,0.000471762992735772
"gene-PROZ|PROZ","PROZ",1.74925894052581,0.062161587297029,-1.35031054812926,0.782919773578124,-0.727529582947294,8.57477292488906,1.53636551781463e-05,0.000481280493687881
"gene-LOC115492115|LOC115492115","LOC115492115",-4.58352135619756,3.79223672170816,3.58278629026971,-1.40171987457159,4.57755917516209,8.57161841951813,1.5422123516908e-05,0.000482136083685153
"gene-LOC140684313|LOC140684313","LOC140684313",0.0555645986710958,-0.108948023888987,-0.177525338874697,0.236452362587498,-2.06504860790546,8.55686825455344,1.56985727974913e-05,0.000488803649982249
"gene-ST6GALNAC1|ST6GALNAC1","ST6GALNAC1",1.33400412935096,1.04841705830693,-1.78910189364713,1.22716419498608,-1.1287789086714,8.55747035436261,1.56871888433574e-05,0.000488803649982249
"gene-YTHDF3|YTHDF3","YTHDF3",6.2988525412902,-0.344850784894469,-0.491757112026769,0.484499226526572,-0.62694061277014,8.54436362424907,1.59369323288245e-05,0.00049522897146297
"gene-MAPK15|MAPK15","MAPK15",2.96087330752064,0.180992006458882,-0.647129977866171,1.86865931349549,-1.33749531470546,8.53996183083578,1.60217224488914e-05,0.000495872309793189
"gene-METTL23|METTL23","METTL23",5.13723574959946,-0.695903835517242,-0.94711679677297,1.13570107987468,-0.946328584953086,8.54110098627196,1.59997348500629e-05,0.000495872309793189
"gene-MMP23B|MMP23B","MMP23B",0.707783587838121,0.10892646249832,-0.477543451125054,2.73477277678705,-0.742019787688584,8.53720605625774,1.60750423074611e-05,0.000496529500415092
"gene-TRA2B|TRA2B","TRA2B",4.37423859017751,-0.47763366336833,-0.065524635437723,-0.106456333744268,0.214659709312622,8.53285044172203,1.61596895662288e-05,0.000498096772565998
"gene-UNK|UNK","UNK",6.7136769143142,0.109467702878874,0.00359542528926354,-0.122542619154813,0.521252772056719,8.526357939974,1.62867183792178e-05,0.000498096772565998
"gene-TMEM9|TMEM9","TMEM9",4.65194415082796,0.566160916653343,-0.305735760394214,0.73727949879533,-0.663102983866856,8.53029328075381,1.62095993481924e-05,0.000498096772565998
"gene-TIMM13|TIMM13","TIMM13",4.76863614610025,-0.623508878630448,0.433955987956094,0.528466686742763,0.250097422286776,8.52697124310468,1.62746749499868e-05,0.000498096772565998
"gene-CAPN1|CAPN1","CAPN1",4.01125701181161,0.51081498449965,0.681997171657947,-1.19940506552257,1.08493156971355,8.5282077137895,1.62504222656927e-05,0.000498096772565998
"gene-HSPH1|HSPH1","HSPH1",3.17037519473735,-3.940402789914,0.0706981854275594,4.58336029291123,-4.14988689301227,8.60388054869084,1.64393481334547e-05,0.000501773002692724
"gene-LOC115493884|LOC115493884","LOC115493884",-1.37516333383811,-0.34300181055337,-2.12649902382802,2.73384222451284,-1.77635371703306,8.51081297870243,1.6595059463575e-05,0.000505528632281149
"gene-LOC100217705|LOC100217705","LOC100217705",-0.610111653860633,4.95487028321379,-0.66388351748891,-6.6095590562321,2.53349855368599,8.50217597163411,1.67689705843924e-05,0.000509822828670869
"gene-TNFAIP1|TNFAIP1","TNFAIP1",4.43897854385642,0.551258249200035,-0.141426565566157,-1.13743081449021,0.812441747440246,8.49393153093178,1.69367286233257e-05,0.0005139134812666
"gene-MFSD10|MFSD10","MFSD10",2.84089381390524,-0.336957297273741,-0.128811102327996,1.46114566969845,-0.891026191213438,8.48978612014664,1.70217316860248e-05,0.00051447519109616
"gene-ADIPOR1|ADIPOR1","ADIPOR1",5.8878949813512,0.236866529671975,0.367991229831526,-0.0689175722792568,0.683849776624618,8.48985450640182,1.70203258436323e-05,0.00051447519109616
"gene-CMSS1|CMSS1","CMSS1",-0.0392235765369921,0.496251358995294,0.365535210104282,-1.00823281068441,1.50014853641977,8.48364265248845,1.71485145642185e-05,0.000517296808735442
"gene-NELFA|NELFA","NELFA",5.9381666699044,-0.556983062178208,-0.0370014016991342,1.07993537149799,-0.743935432679859,8.47673807386468,1.72921660178726e-05,0.000520615309584782
"gene-NDFIP2|NDFIP2","NDFIP2",4.01646395769534,0.829393138601252,0.42209959223353,-1.9163353317992,0.769409957692837,8.45546288063833,1.7742645368005e-05,0.000531078214835354
"gene-LOC140684521|LOC140684521","LOC140684521",1.26189228983267,0.26567888672767,-0.365176897087266,2.09935872616636,-0.8045283441744,8.45672182596496,1.77156550605433e-05,0.000531078214835354
"gene-LEKR1|LEKR1","LEKR1",3.77468026354347,-0.280238471123161,-0.376453281981001,1.88899191314575,-1.27925123124706,8.45634631811626,1.77237010786924e-05,0.000531078214835354
"gene-CPNE1|CPNE1","CPNE1",7.41507944195197,-0.0534715642629832,0.169174643523987,-0.731406159296831,0.903201045446354,8.44733997326585,1.79178122237048e-05,0.00053528599259041
"gene-LOC100227298|LOC100227298","LOC100227298",3.86492303284213,-0.166231063996534,-0.9533734350919,0.487183508463867,-1.06527620459634,8.441716457149,1.8040123442388e-05,0.000536867135136449
"gene-LOC100232251|LOC100232251","LOC100232251",7.70424762290884,0.599920795348716,-0.699226827326186,-0.133770622042985,-0.599334827449039,8.44177972536785,1.80387425890605e-05,0.000536867135136449
"gene-LOC140682142|LOC140682142","LOC140682142",4.0069652481397,-0.443114106097951,-0.40919398890537,0.725857348758928,-1.25225888659461,8.43925265499325,1.80939816355412e-05,0.000537436402706335
"gene-LOC115497775|LOC115497775","LOC115497775",3.11509643755808,-1.01375041590854,0.0369797760023867,2.41092238144753,-1.60997575386611,8.43489471985997,1.81896510715399e-05,0.000539243008299003
"gene-LOC101234170|LOC101234170","LOC101234170",6.07088231542027,-0.886479942353363,-0.456743903201932,1.71442146135645,-1.27122805693872,8.43172691725271,1.8259520503762e-05,0.000539248243884956
"gene-CENATAC|CENATAC","CENATAC",2.06076772878218,-0.726582186907576,0.765720522166914,1.39369987303557,0.377379885839084,8.43310231578721,1.82291506574319e-05,0.000539248243884956
"gene-LOC140684268|LOC140684268","LOC140684268",-4.08113330432363,5.05666643590286,-1.76153887061245,-1.93375415250244,0.42088718808416,8.42964000205419,1.83057007387005e-05,0.000539582321774078
"gene-LOC140685050|LOC140685050","LOC140685050",3.34236896529615,0.17213923548308,-0.321460126864401,1.65454940810971,-0.751155445380452,8.41726966191056,1.85819183688281e-05,0.000546682864558203
"gene-CYB5A|CYB5A","CYB5A",9.87478395955852,-0.688020042414714,-0.946430102179011,0.5408966513968,-0.970077985118893,8.40503239555312,1.88593899930989e-05,0.000552208718092241
"gene-AFG1L|AFG1L","AFG1L",2.72928224743201,0.876527037688724,0.235501060903739,-0.642938844564515,1.10411224393324,8.40427095213495,1.88767955974666e-05,0.000552208718092241
"gene-VPS53|VPS53","VPS53",5.37210241199657,-0.150335612353537,0.168226877225298,-0.366532039473639,0.53513892346004,8.40683646745308,1.88182172053839e-05,0.000552208718092241
"gene-TPM4|TPM4","TPM4",2.16109453148091,1.89630687459255,0.371322775962274,-3.63621489919499,1.34999421245482,8.39737244220462,1.90352424994239e-05,0.000555793165431293
"gene-HNRNPH3|HNRNPH3","HNRNPH3",5.99802000870617,-0.574923505076709,-0.750746140037017,0.651431338435365,-0.699724282651942,8.35374821653776,2.00694491569039e-05,0.000584886489083027
"gene-PPM1M|PPM1M","PPM1M",2.35830768738185,0.245985865718843,0.50860710218704,-0.817643588620969,0.974267724221248,8.34481262822754,2.02883323403784e-05,0.000589476201977006
"gene-SETD1B|SETD1B","SETD1B",6.5910559957879,-0.397900079046188,-0.180645231679378,2.26209942561099,-0.90992157913256,8.3442124401951,2.03031221747169e-05,0.000589476201977006
"gene-LOC115497094|LOC115497094","LOC115497094",2.22790389913306,0.168656362837599,-2.01612874728984,-0.0340085881237608,-1.02490250070659,8.34125440221519,2.0376176539529e-05,0.00059048938567268
"gene-LOC100226305|LOC100226305","LOC100226305",6.18584986226398,-0.394966442204931,-0.671726552757076,0.99955171124359,-0.997328393055141,8.33700012571895,2.04817189545594e-05,0.000592438506208983
"gene-LOC115497886|LOC115497886","LOC115497886",1.98958016020987,2.4651142928762,-3.94940126950118,-4.68375802675908,-0.240891807565434,8.39495645294957,2.06211037530609e-05,0.000595357426452644
"gene-ZNF865|ZNF865","ZNF865",3.88250292060566,1.27487398482106,-0.384722706976363,0.294322827425915,-0.370592279639791,8.32601260234235,2.07569162088779e-05,0.000598162529483027
"gene-CPEB3|CPEB3","CPEB3",3.92638750551462,0.125770322631677,0.63639012693278,-0.654894678407909,0.717178690083278,8.32174999097277,2.08647017240648e-05,0.00059947583290122
"gene-PHC2|PHC2","PHC2",5.11841344559953,0.102226873526928,0.379410709265989,0.505523106063713,0.493126208209518,8.32114816580471,2.08799660054124e-05,0.00059947583290122
"gene-C3AR1|C3AR1","C3AR1",2.00198984647955,-0.389689737979918,-0.561294971969321,2.47360763266526,-1.1720969923006,8.30631146287127,2.12599330062903e-05,0.000608128397915605
"gene-SLC25A28|SLC25A28","SLC25A28",3.79472732479703,0.770102820556456,0.468142283094603,-0.105526091446463,1.23941348624331,8.30674979314473,2.12486059275691e-05,0.000608128397915605
"gene-PARD6B|PARD6B","PARD6B",0.736277093759564,2.16449667828477,-1.9746941045265,-3.06123616503047,-0.241523636428792,8.30321065834036,2.13402400114922e-05,0.000609299288151
"gene-DNAJC14|DNAJC14","DNAJC14",4.31138791362675,0.637326123789062,0.842205465874341,-0.377515788475933,1.02446616778731,8.29406762815969,2.15788568000677e-05,0.000614977548768045
"gene-FOXJ2|FOXJ2","FOXJ2",6.3071561449963,0.0610771833014917,0.333944483175824,-0.0351688006806711,0.477979336399539,8.29244514959152,2.16214868328451e-05,0.000615059758710071
"gene-SYVN1|SYVN1","SYVN1",4.63241306666405,0.347342723897997,0.66441826099371,0.0523673716381592,0.912362945353572,8.28500964813195,2.18179642782735e-05,0.000619510086617032
"gene-CCDC191|CCDC191","CCDC191",-2.45171693017493,1.99432172890042,-0.162606253870953,-4.76115959969793,3.56294534053383,8.27842786567408,2.1993416861552e-05,0.000623348215993622
"gene-GOLGA2|GOLGA2","GOLGA2",4.75204866545685,-0.307388722781654,0.128999302674182,-0.119296275840136,0.441057741903261,8.27692373174382,2.2033716596456e-05,0.000623348746490231
"gene-RABEP1|RABEP1","RABEP1",3.85394383271474,0.613273559342241,0.226021909837892,-1.24806735664128,0.86499378385337,8.27069094648605,2.22015215846916e-05,0.000625807917164122
"gene-PEX11G|PEX11G","PEX11G",4.9601627657449,0.116737462689451,0.765125355157178,-0.103527381203437,0.887926312689286,8.27069819573422,2.22013256509171e-05,0.000625807917164122
"gene-KLHDC2|KLHDC2","KLHDC2",5.12098245126279,0.238795538337956,0.372047203288062,-1.05262241555988,0.698097270449118,8.26254036445119,2.24229472630766e-05,0.000630900197992927
"gene-C5H11orf58|C5H11orf58","C5H11orf58",5.16127019623582,0.313455654514921,0.104618650119973,-0.64828957381769,0.789367366553905,8.25279255545301,2.26907539500617e-05,0.000637276619559354
"gene-LOC115496227|LOC115496227","LOC115496227",4.92565276278755,-0.444234331625301,-0.039770855646147,0.854763532116699,-1.0415224358921,8.24450476924163,2.29210387714635e-05,0.000642578034399271
"gene-STAU1|STAU1","STAU1",3.85087033845158,0.685832751685006,0.163561869741753,-1.05075922553162,1.0501466229686,8.23388515185617,2.32196383950152e-05,0.000649771978594683
"gene-GTF2E1|GTF2E1","GTF2E1",1.62078560336758,1.38820716557294,0.366208383442268,-2.29634383040223,1.475691310214,8.22184926419901,2.35629080541004e-05,0.000658187729489538
"gene-NNT|NNT","NNT",1.63193603419878,0.479598413109648,0.542727954556075,-0.983126930578102,0.960587982914269,8.21432082785604,2.37802756418217e-05,0.000663062640643588
"gene-NDUFA7|NDUFA7","NDUFA7",4.32744554865543,-0.329279905587719,0.493869735285087,1.11432292094979,0.533767548820448,8.20374413555255,2.408914904368e-05,0.000670466873113215
"gene-MIER2|MIER2","MIER2",2.6176349535793,0.59194642720723,0.272088376390673,-1.58770079543584,1.06065658312628,8.18512248226693,2.46430400820641e-05,0.00068465178684011
"gene-ARHGAP17|ARHGAP17","ARHGAP17",4.91897742603082,0.101816309685064,0.188752453055046,-0.0972707558299053,0.601215124124035,8.18359210020161,2.46891397676398e-05,0.000684703293735172
"gene-SUGT1|SUGT1","SUGT1",5.00886303048757,-0.953593607059798,-0.0903982880294199,1.5414793541402,-1.21835424742758,8.17979166425699,2.48040047563395e-05,0.00068595884731645
"gene-GNPAT|GNPAT","GNPAT",2.6256606375686,0.412757084065557,0.387703171830665,-2.15709192784081,0.805950205673985,8.17798993667974,2.48586526100302e-05,0.00068595884731645
"gene-IGFN1|IGFN1","IGFN1",0.0707094359648416,2.70860236996809,-0.73725007515945,-0.590210673023617,-0.569886266828744,8.17770213216357,2.48673934309873e-05,0.00068595884731645
"gene-UBFD1|UBFD1","UBFD1",4.81532509957958,-0.248246009601284,0.113676382972642,0.290595281565116,0.268039087742094,8.17528587128995,2.49409018739395e-05,0.00068676237811248
"gene-LOC140683516|LOC140683516","LOC140683516",1.88718444686663,-1.40240466096952,-0.7030725887917,1.80442937999496,-1.49102240770767,8.17142599781061,2.50587930214684e-05,0.000688782987579437
"gene-SOCS5|SOCS5","SOCS5",1.54997197084524,1.19907305544364,0.827520769909079,-1.60601665899679,1.32468768393843,8.16570583751728,2.52345587519174e-05,0.000692384391287096
"gene-RALGPS1|RALGPS1","RALGPS1",2.95900426478904,0.33982884241487,0.350364713164975,-0.944431499883086,0.905328442047779,8.1623257727029,2.53390156398411e-05,0.000694019941639897
"gene-POLR1A|POLR1A","POLR1A",3.3480964011076,-1.61488086820525,-0.0443604978605373,2.91854599332358,-1.67607458852738,8.15278466766961,2.56362811585837e-05,0.000700921291394139
"gene-ACTG2|ACTG2","ACTG2",2.4126863757764,-1.06991127446496,-0.71803930758785,4.79198221137729,-1.23777466702831,8.14861614491238,2.57672818837812e-05,0.00070326047116669
"gene-AZIN2|AZIN2","AZIN2",4.76555381153897,0.280632576716986,-1.33876230042248,1.11446389192422,-0.894889596969629,8.14382622167194,2.59290041526751e-05,0.000706428414194801
"gene-BRD3|BRD3","BRD3",7.28321610059645,0.663509896388892,0.515976833789689,-0.180459688931656,0.798795256762114,8.12767789270196,2.64357954804685e-05,0.000718970008893233
"gene-KCNS1|KCNS1","KCNS1",-0.876977561568746,5.56794858225588,0.0780744614669873,-3.19973111564227,3.09367268169746,8.12440313295196,2.65419554987755e-05,0.00072059080937465
"gene-RC3H2|RC3H2","RC3H2",5.83860038296461,0.110740854208852,-0.147131638104642,-0.153510455390148,0.575849693747126,8.12220817424227,2.6613356541721e-05,0.000721000589705081
"gene-LASP1|LASP1","LASP1",6.66778374140878,-0.714033328719745,-0.532035893806932,1.51875360482377,-0.730532118679901,8.12107695489452,2.66502318133316e-05,0.000721000589705081
"gene-LOC115494782|LOC115494782","LOC115494782",5.62957910326141,-0.417841063489202,-0.832374259226124,1.99353382604384,-1.0622775951433,8.11858676128642,2.6731592167647e-05,0.000721939596499716
"gene-ZFP91|ZFP91","ZFP91",5.7360119376245,-0.458048937443301,0.157417196225161,0.649706498320235,0.116752669437532,8.11683905656286,2.67888464088544e-05,0.000722225432364148
"gene-CC2D1B|CC2D1B","CC2D1B",4.10362887000957,0.497048654147741,0.502190083615484,-1.12612105585442,0.99627983171662,8.11289343023675,2.69185686422141e-05,0.000724460608240459
"gene-LOC115493947|LOC115493947","LOC115493947",2.07530266465984,-1.98075223691,-0.292097583589894,4.44792789530175,-2.32338320830663,8.1053213295666,2.71693350857752e-05,0.00072994003550759
"gene-LOC116806700|LOC116806700","LOC116806700",2.67994525105327,-0.673036655568485,-0.579357204462991,1.18307931976896,-1.20466926060314,8.091293369724,2.76402767570245e-05,0.000741305516143769
"gene-ZNF618|ZNF618","ZNF618",3.6970614328617,0.702327347007365,0.549365833184755,-1.71613850620291,0.778772074582039,8.0819573994897,2.79583519996448e-05,0.000748538922481839
"gene-EMILIN1|EMILIN1","EMILIN1",1.16114817433959,1.4186088364412,-0.058544727335623,1.89469640870725,-0.496282514523498,8.07836564336421,2.8081724400277e-05,0.00075054349757217
"gene-UBQLN1|UBQLN1","UBQLN1",5.22589552701732,-0.320748685948121,-0.384721106305701,0.983259493841943,-0.76869032090857,8.06352412166813,2.85974859664399e-05,0.000763010509190789
"gene-RAB25|RAB25","RAB25",1.63468074855533,-1.68784677018732,0.230227011643958,4.53834493857019,-1.28439679953795,8.05744201972515,2.88116550208907e-05,0.000767401654816322
"gene-OSGIN2|OSGIN2","OSGIN2",0.768169856709691,1.49206457856497,-0.489679851428666,-1.07471217803123,0.123446283459802,8.04407780887365,2.92880698261324e-05,0.000778750653882129
"gene-LOC121470314|LOC121470314","LOC121470314",-1.36246045183348,0.880258540854148,0.681773392598775,4.80039428541873,-0.369174943901663,8.02682868782065,2.99149929871753e-05,0.000794055774402294
"gene-B4GALT3|B4GALT3","B4GALT3",4.98662733566116,-0.143696296745015,0.533595378930841,0.720441686887351,0.552233268078643,8.02101920344087,3.0129236938978e-05,0.000798373187723774
"gene-CYGB|CYGB","CYGB",-2.63945374410913,4.08762345428907,-0.194579988696464,0.0903261950776143,0.175630781401249,8.01250517299845,3.04460781167922e-05,0.000805389844200614
"gene-UXT|UXT","UXT",4.44328287194927,0.4303333081222,0.628356123951992,-0.783834179974051,0.995227166369016,8.00129994465651,3.08683057952841e-05,0.000815165583928365
"gene-MIS12|MIS12","MIS12",2.32252249618581,0.427650658595636,-1.45037050107153,-0.886536237381245,-0.863589427261894,7.99725928036502,3.10220383002901e-05,0.000817829714986353
"gene-LOC140680470|LOC140680470","LOC140680470",4.67189183891801,-0.206596489936192,-0.762862156274778,1.33540092033457,-0.541515262456532,7.99055991458459,3.12786638896417e-05,0.000823192727367696
"gene-DTD2|DTD2","DTD2",2.04698844312015,0.617125228860998,0.656666573556976,-2.36394675268374,1.18612338791936,7.98284519073395,3.15768933030848e-05,0.000829630600789877
"gene-LOC100227074|LOC100227074","LOC100227074",1.46226382493876,-0.877093183031333,-1.27853854432977,2.13291619321465,-1.83178685053925,7.97389507566868,3.19265508033988e-05,0.00083739554861457
"gene-PCIF1|PCIF1","PCIF1",6.85147303977806,0.0379286609014365,-0.120178291694641,-0.148269062831769,0.456367726076177,7.9699915828909,3.20802961133812e-05,0.000840004369466285
"gene-MAP1A|MAP1A","MAP1A",0.532288228193529,1.72447143362097,-1.05803624283042,-0.706342547905897,-0.301204886461282,7.95329250643485,3.27466709019108e-05,0.000852224626505719
"gene-TRAP1|TRAP1","TRAP1",1.26438487481294,1.59222619064409,-0.120063079398667,-3.40395015493556,1.53258896982027,7.95418192608187,3.2710821933785e-05,0.000852224626505719
"gene-ID1|ID1","ID1",6.2683196524717,-0.383703916950363,-0.993539259842718,0.864993430240764,-1.23880760002555,7.9555999698005,3.26537497732252e-05,0.000852224626505719
"gene-SLC30A5|SLC30A5","SLC30A5",4.73362810242075,-1.42430415761201,0.297551320166759,2.30475888947793,-1.35980010677011,7.95278165289293,3.27672796620939e-05,0.000852224626505719
"gene-LOC115493984|LOC115493984","LOC115493984",0.828830623961987,-0.11632001582731,-0.870217890475568,1.39101806358734,-1.20484473601924,7.94336751679784,3.31494627415174e-05,0.000860504857970746
"gene-LOC105759170|LOC105759170","LOC105759170",2.89021586823819,-0.75611910676088,-0.0645239737999151,1.65722424635594,-1.58424674006839,7.94220781090225,3.31968594642026e-05,0.000860504857970746
"gene-ZNF711|ZNF711","ZNF711",1.66454613552468,1.30841573684817,0.126433948701751,-2.79729284739566,1.52284710695441,7.9389981123027,3.3328402687193e-05,0.000860520585515593
"gene-DEPDC5|DEPDC5","DEPDC5",6.1091000219285,-1.08415895315352,0.562500345651002,1.73990567428042,-0.00734933079572108,7.93949349117335,3.33080655844244e-05,0.000860520585515593
"gene-GHDC|GHDC","GHDC",2.8875814198525,-0.0718977251634072,1.05920475556824,-0.179225000130546,1.2040132522586,7.93613348051644,3.34462572061361e-05,0.000860520585515593
"gene-ARK2C|ARK2C","ARK2C",-2.97553467122291,4.49984365566027,0.444702052895757,-7.30780630145104,4.57246203956057,7.93542425251868,3.34755019373433e-05,0.000860520585515593
"gene-HNRNPK|HNRNPK","HNRNPK",6.04347372064236,-0.343993515051835,-0.670289929870186,0.679799739113474,-0.624782440043684,7.93631907958065,3.34386084465689e-05,0.000860520585515593
"gene-FKBP8|FKBP8","FKBP8",4.63223611357336,-0.134336150577889,0.824108194521247,0.770806086172613,0.355539053121478,7.93128803099171,3.36465826376388e-05,0.000863484023743715
"gene-EML5|EML5","EML5",0.660318446538334,-0.0455947921806211,-0.969515488784489,1.25960143132987,-1.12975887967745,7.92715837870013,3.38182897592476e-05,0.000865021543841911
"gene-LOC115498301|LOC115498301","LOC115498301",-0.563673336485668,-0.278864069274444,-1.25386501628731,2.56542209341519,-1.30664802717103,7.92805933212088,3.37807521675654e-05,0.000865021543841911
"gene-PDE12|PDE12","PDE12",5.66168062470257,-0.942803541973202,-0.397833282593477,2.88232774053876,-0.893973376207668,7.91622516135496,3.42772522400875e-05,0.000875314320817416
"gene-EMILIN2|EMILIN2","EMILIN2",3.26935523744483,-1.33879656781902,-0.181422800041334,1.94267552796242,-1.945147090693,7.91464670357502,3.43440416660455e-05,0.000875575032589874
"gene-PIGK|PIGK","PIGK",1.54310256963534,1.77411047275283,0.695648148341013,-2.29117952728503,1.44356034668538,7.91220729409091,3.44475242596398e-05,0.000876768812365011
"gene-PPM1B|PPM1B","PPM1B",6.28656905131536,0.18045823379289,-0.109255893442193,-1.40053919616395,0.636491479797356,7.90914314080285,3.45779642278481e-05,0.000878643672292199
"gene-SCFD1|SCFD1","SCFD1",1.33994712998614,0.581890083503368,0.714007790404319,-1.96627605934871,0.970302797527922,7.90119608656774,3.49186425893785e-05,0.000884396062308728
"gene-LOC100189940|LOC100189940","LOC100189940",4.74896766868293,-0.777408734968299,-0.306985601618828,1.22863193659049,-0.902254886519463,7.90244893396438,3.48647063015984e-05,0.000884396062308728
"gene-CACYBP|CACYBP","CACYBP",4.62899154680722,-1.48064238632604,-0.636961549605232,1.73618551069883,-1.52037866829333,7.89675544697782,3.51105092256011e-05,0.00088780250043493
"gene-LOC100232395|LOC100232395","LOC100232395",1.5404598338241,2.76484819372063,-0.659095520729441,-4.02788576971952,1.09910226050026,7.89204237215939,3.53153345594486e-05,0.000891524962981186
"gene-VAMP4|VAMP4","VAMP4",3.60580845330497,0.190775952746207,-0.0840667501958893,-0.372645204666039,0.806954728439844,7.887623867844,3.55084754229912e-05,0.000894940809724412
"gene-LOC140684451|LOC140684451","LOC140684451",1.85917234660357,1.75497268684495,-0.170818606380657,-3.05739271885311,1.55856415806504,7.88384332864304,3.56745928288487e-05,0.000897137313500506
"gene-MST1R|MST1R","MST1R",0.427907140869094,0.992975388015028,-0.210437200363985,3.2467822030106,-0.517158429203788,7.88300420191834,3.57115725438651e-05,0.000897137313500506
"gene-LOC116806891|LOC116806891","LOC116806891",4.36788135661503,-0.449026070332833,-0.671876497208772,0.652864826925801,-0.94195614531902,7.87931724831267,3.58745221667483e-05,0.000899770227764068
"gene-DOK1|DOK1","DOK1",2.08292792406438,1.0548117943219,1.01663797947016,-1.8558902394718,1.32030853935522,7.86479537470859,3.65238160342617e-05,0.000914572901505177
"gene-LOC121468582|LOC121468582","LOC121468582",2.20706834299512,2.73183162360596,-0.0262173089985816,-1.70377901209522,2.31998471032279,7.86215231084813,3.66432864824583e-05,0.000916082162061458
"gene-PFDN2|PFDN2","PFDN2",4.82177339029573,-0.0695883779799931,0.457203877217626,0.852699819117484,0.543278108518317,7.85710587887845,3.68725114064001e-05,0.000920325990345229
"gene-SPPL2B|SPPL2B","SPPL2B",4.65392841370307,0.413392739373566,0.0126740101061677,-1.080176417812,0.762225542608066,7.84878604496086,3.72536528356783e-05,0.000928341831935783
"gene-RHOB|RHOB","RHOB",0.963134934751326,-0.442001346297583,-0.0285949434816415,1.26791130296886,-1.71016497949071,7.84693607971408,3.73389517178544e-05,0.000928610446947056
"gene-LOC140684465|LOC140684465","LOC140684465",0.221144012432093,0.254682766827334,-1.16572902752565,1.07000454573177,-1.3968384724876,7.84595116703015,3.73844464263661e-05,0.000928610446947056
"gene-UFC1|UFC1","UFC1",3.89912638061606,-0.920467289543566,0.56743997581893,1.573164966281,0.0333920738127466,7.84334670202535,3.75050260410574e-05,0.000930112624976543
"gene-LOC121469275|LOC121469275","LOC121469275",4.1432136250832,0.482747418439148,-0.256201448938733,0.520923013906961,-0.600968049933092,7.84112032898914,3.76084184115946e-05,0.000931184439871083
"gene-SOD1|SOD1","SOD1",9.11206821609924,-0.167949180554568,-0.768688549665831,0.116694654083764,-0.747592019135698,7.82816995052032,3.82156768260036e-05,0.000944708624412788
"gene-SMPDL3A|SMPDL3A","SMPDL3A",-0.3866444349492,4.73276106332321,-0.185643627588539,-3.94141215051342,1.58833092890879,7.82543572079243,3.8345173449889e-05,0.000946398020952204
"gene-LOC100220412|LOC100220412","LOC100220412",-2.66100546133997,7.79704805155827,-0.462861368324326,-2.3633937289616,3.36767512570843,7.80601455813054,3.92780805977365e-05,0.000967879454219702
"gene-FKBP9|FKBP9","FKBP9",0.584105473799345,-1.19030349639129,0.145790767435076,1.50162253446798,-1.49869216101259,7.80298574602401,3.94256638048927e-05,0.000969971617457415
"gene-ABCG4|ABCG4","ABCG4",-0.87608109793077,0.99552059452816,0.716544312995614,6.60597695927589,-0.813683858494671,7.79338453294753,3.98972807391945e-05,0.000980016538792118
"gene-LOC140684310|LOC140684310","LOC140684310",-0.992017384258125,0.068429163089543,-0.5246143876735,0.934647885281117,-1.42612170010138,7.78642607527035,4.02427107586364e-05,0.000985542518557884
"gene-XRCC6|XRCC6","XRCC6",3.17256341371276,0.179643000176684,-0.373060546202466,0.0167938066615649,0.643097956122453,7.7837791822384,4.03749140962845e-05,0.000985542518557884
"gene-ADAM19|ADAM19","ADAM19",3.20855459020353,3.47686634692656,-0.589714766364007,-3.63700131724269,1.48037529688538,7.7857476589961,4.02765528258273e-05,0.000985542518557884
"gene-LOC140681733|LOC140681733","LOC140681733",0.437249202083973,0.654370279045255,0.0944635175224584,0.807331905411313,-1.00906406794463,7.78373764380374,4.03769923596574e-05,0.000985542518557884
"gene-DYNLL1|DYNLL1","DYNLL1",6.51891650591769,-0.74685853328912,-0.245354421618768,1.77486696715345,-0.806707401210141,7.77226312245281,4.09553269037275e-05,0.000998084541472728
"gene-WDR48|WDR48","WDR48",5.5008395868589,-0.691684192778533,-0.546563837030232,0.735164072104952,-0.801093649583817,7.76335655954204,4.14101060655328e-05,0.00100758080403164
"gene-ZER1|ZER1","ZER1",6.1309058989801,0.408710746297906,0.051527607940144,-1.24547310663751,0.713312474399884,7.74736861391505,4.22395542711513e-05,0.00102614929724657
"gene-SPTBN5|SPTBN5","SPTBN5",2.24510039107819,-0.607777261165171,-2.2490987268042,-0.835025413153887,-1.90635918794775,7.76242918083894,4.23489499381684e-05,0.00102719435782626
"gene-LOC105759083|LOC105759083","LOC105759083",0.571917507444292,1.22608839268926,-1.45658483884848,0.232385991066511,-0.233840646301696,7.74145464492088,4.25506848996392e-05,0.00102987384954362
"gene-LOC115496311|LOC115496311","LOC115496311",-0.491928854555043,-0.668641821621735,-0.99579975598386,1.6341504767991,-1.78177996815611,7.74066281987987,4.25925210796716e-05,0.00102987384954362
"gene-LOC140680662|LOC140680662","LOC140680662",0.884860277193475,1.20359207433449,-0.374624170532312,0.808788364884505,-0.636572442243835,7.73072604772464,4.3121145900717e-05,0.00104102922435818
"gene-MIR7644|MIR7644","MIR7644",-2.98575597090666,-2.33053288950866,-2.12278003411344,4.7565193142669,-3.19634283841563,7.72461677147863,4.34495003082225e-05,0.00104245118956549
"gene-EHBP1|EHBP1","EHBP1",3.17605135100905,1.25432432078889,0.601207551173779,-3.16494806225306,1.0478145795517,7.72762712792845,4.3287382681332e-05,0.00104245118956549
"gene-LOC115491911|LOC115491911","LOC115491911",2.01405891969072,0.154668813576253,0.276985253229519,0.0958673795039651,0.708805802056303,7.72490132393195,4.34341495105879e-05,0.00104245118956549
"gene-ERAL1|ERAL1","ERAL1",6.50222194632448,-1.91452817153002,-0.302212711367378,4.00634654827077,-1.84823149278936,7.73219695105327,4.33937491524416e-05,0.00104245118956549
"gene-ASNS|ASNS","ASNS",2.42744531504852,2.6142397275674,0.447666429543757,-3.56357574859248,2.58063284833888,7.71895124642777,4.37563045573834e-05,0.00104783276304986
"gene-LOC116806853|LOC116806853","LOC116806853",2.85970018728895,-0.357432617702453,-0.369999179069415,0.918787280645721,-1.01554624559112,7.71797809172346,4.38092276376903e-05,0.00104783276304986
"gene-LYG2|LYG2","LYG2",-1.35426835302136,0.393503510610862,-0.944680980131153,0.0720248951260337,-0.877328144963181,7.71012334488217,4.42388118591016e-05,0.00105489316816953
"gene-ATF7IP|ATF7IP","ATF7IP",7.4423923034343,-0.471430403705699,-0.234636023037336,0.85848893449233,-0.88728759941602,7.71008801465163,4.42407538702438e-05,0.00105489316816953
"gene-LOC115496482|LOC115496482","LOC115496482",-0.330301432422328,-1.28877966226141,-0.464421287493541,2.46062428947384,-2.00247828290513,7.70875899258035,4.43138705380287e-05,0.0010550109947323
"gene-MXRA7|MXRA7","MXRA7",1.87794709125986,-0.315582567738796,-1.66343840924085,1.39260171195047,-0.87640148341211,7.70567965056037,4.44837600935974e-05,0.00105742885936777
"gene-HNRNPH1|HNRNPH1","HNRNPH1",10.5316827841346,-0.865041386823141,-0.412463113909284,0.828247463402422,-0.895879099334596,7.702022735395,4.46863859101684e-05,0.00106061629134947
"gene-KIF2C|KIF2C","KIF2C",1.58534872986072,-1.7154541986525,-2.65817130478994,1.50528609871341,-1.71665966466071,7.69949480164997,4.48270111998369e-05,0.00106232465285984
"gene-H2AFV|H2AFV","H2AFV",5.15615628521559,-0.125417027162643,0.228210949303475,0.0587938239424016,0.510503563965947,7.69370664873902,4.51507158590066e-05,0.00106835982862099
"gene-DRG1|DRG1","DRG1",1.66983698957712,2.46341979189889,-0.275856593533261,-1.84420567599819,1.77760970539725,7.68134675681675,4.5850026853341e-05,0.00108159933773697
"gene-LOC140681287|LOC140681287","LOC140681287",-0.671689242159393,4.16198040657778,1.60958462592366,4.05345621708657,0.94401590081076,7.68173826391522,4.58277056598798e-05,0.00108159933773697
"gene-LOC140680460|LOC140680460","LOC140680460",2.32600036838127,0.501940803870229,-1.25121814837924,1.10371679443092,-0.91579586573616,7.68012156820955,4.59199514859233e-05,0.00108160007495382
"gene-LRRC23|LRRC23","LRRC23",-0.69722447809139,-0.493807114621506,-1.89001823839968,0.4447179145191,-1.86384740873882,7.67344031115185,4.63032038722933e-05,0.0010831129475626
"gene-COX5A|COX5A","COX5A",3.54889197616295,-0.35220068189306,0.311105693533452,-0.256191213879766,0.35136189146817,7.67203494997083,4.63842368645272e-05,0.0010831129475626
"gene-LOC100223651|LOC100223651","LOC100223651",-3.40134852936767,-1.8673383363193,0.538229770311014,5.5224373159625,-4.5271614779792,7.6760604978448,4.61525130029105e-05,0.0010831129475626
"gene-STX2|STX2","STX2",4.5030748263775,-0.0303439983852456,0.310165422616709,-0.848598613328878,0.765803447115164,7.67169035897421,4.64041282219065e-05,0.0010831129475626
"gene-POLG2|POLG2","POLG2",6.31594282120118,-0.688739291375103,-1.29059537201739,1.24314739794766,-1.0180489306605,7.67519416265852,4.62022813029474e-05,0.0010831129475626
"gene-UBB|UBB","UBB",10.0829726695838,-1.19878431218452,-0.533993403136845,2.00705711511492,-1.62542145237465,7.67761017267446,4.60636265184142e-05,0.0010831129475626
"gene-DIS3L2|DIS3L2","DIS3L2",2.79038413820446,0.883319169863103,0.520895759030268,-1.27764063951623,1.09080237683359,7.66206018438454,4.69635914642585e-05,0.00109452044865874
"gene-FGFR4|FGFR4","FGFR4",4.47209508614493,-0.27072239647289,-0.701458613557745,2.97368969413771,-0.558127822341003,7.65403924673504,4.74348636560451e-05,0.00110384137605609
"gene-HTRA2|HTRA2","HTRA2",3.55838636642782,-0.705727613168845,0.318127588170313,2.19255141321532,0.198310861546276,7.62356124474389,4.92704484528927e-05,0.0011448351198326
"gene-HSPA4L|HSPA4L","HSPA4L",5.94412908320413,-1.61594101583759,-0.57038615621758,2.39344575519244,-2.32840814793999,7.68307550250662,4.97318098696874e-05,0.00115007347870869
"gene-KLF13|KLF13","KLF13",5.93756382806982,-0.118034034678041,-0.467339208676971,-0.356591733118208,-0.631754789969805,7.61509562849139,4.97931651524926e-05,0.00115007347870869
"gene-LOC115497033|LOC115497033","LOC115497033",1.55217008392532,0.0889636537164874,-0.733230760252255,0.658721036753903,-0.971205816860563,7.61690087549205,4.96812218701368e-05,0.00115007347870869
"gene-ELOB|ELOB","ELOB",4.85178377588081,0.21329379959343,0.42204152241023,-0.573466607917423,0.755497478366857,7.61525996868522,4.97829636927246e-05,0.00115007347870869
"gene-CEP41|CEP41","CEP41",-0.313623085271816,0.873777770133073,-0.139664648565709,0.438843143872053,-0.826484836627221,7.61110420054756,5.00415958877081e-05,0.00115408896626272
"gene-CISH|CISH","CISH",8.57109709332951,-0.780149555397844,-0.369426792303213,1.35430044992575,-1.30505207801454,7.60869593500979,5.01921056094668e-05,0.00115583755105134
"gene-UQCRFS1|UQCRFS1","UQCRFS1",4.60586171473018,0.670058897152918,0.530544086945905,0.843196667306282,0.91184581995975,7.60601263304109,5.03603531916106e-05,0.00115798880481452
"gene-TPX2|TPX2","TPX2",5.42125594176974,0.080483851257379,-1.62011779564289,-0.438327021317582,-0.754960433443064,7.60150576930261,5.06442485434651e-05,0.00116278894096457
"gene-EIF5A2|EIF5A2","EIF5A2",7.34359269576862,-1.04241955138245,-0.819787391227799,1.45481115355439,-0.85209826760454,7.59263019033911,5.12081629733046e-05,0.00117399455112872
"gene-LOC140683788|LOC140683788","LOC140683788",2.43533382890143,0.215446745848357,-0.246494477379462,1.02550900015465,-0.777508787751305,7.5830579175016,5.18235898692454e-05,0.00118411662224542
"gene-KPNA6|KPNA6","KPNA6",7.69050156128048,-0.316497489570336,-0.265658993717298,1.28070119190023,-0.696449218069787,7.58219828579368,5.18792290715602e-05,0.00118411662224542
"gene-PEX19|PEX19","PEX19",2.85053686815739,0.47120353589833,0.396244687350419,-1.49568286040994,1.14044605141399,7.58332776415364,5.18061368566422e-05,0.00118411662224542
"gene-BRD8|BRD8","BRD8",4.36003098386181,0.140268150975357,0.0128660640572088,-0.296784581710405,0.487714583389769,7.57950829292226,5.20537349431529e-05,0.00118634985014034
"gene-LOC121470213|LOC121470213","LOC121470213",1.43965898909411,-1.04876875593558,-1.52389896195422,1.5451690826416,-1.50461222633867,7.57633198839957,5.22605669788452e-05,0.00118931216764357
"gene-UBE2G2|UBE2G2","UBE2G2",5.15246207511788,0.309353537523142,0.720733580412642,-0.934212649128985,0.889661827229859,7.57387895509632,5.24208803372894e-05,0.00119120869782607
"gene-FBXW7|FBXW7","FBXW7",1.47451556996394,0.995361207690393,0.829215990626591,-1.98559915554399,1.41809093809455,7.55116742832065,5.39294024685119e-05,0.00122369135366601
"gene-ATXN7|ATXN7","ATXN7",6.61220484055157,-1.03764509755238,-0.29461965208608,0.687927957975062,-1.04910509624161,7.54108981586695,5.46130093196219e-05,0.00123738846152438
"gene-LOC100229115|LOC100229115","LOC100229115",3.28036359729886,-0.94150282547691,-0.183964011122492,2.81738900179354,-0.881283013554743,7.53666091962446,5.49162547502617e-05,0.00124062633906613
"gene-LCK|LCK","LCK",2.00246432869611,1.44184069290498,0.774260559082091,-3.64108046952916,2.01680209122563,7.53737354724549,5.48673445812467e-05,0.00124062633906613
"gene-PABPN1|PABPN1","PABPN1",2.65319898020458,0.328506414230197,0.717596729772018,-0.756939678139049,0.987164866979224,7.53311940486102,5.51599879264008e-05,0.00124431605417063
"gene-UBE2A|UBE2A","UBE2A",8.59282540655801,-0.57810254235694,-0.299210501808874,0.95855644425851,-0.639814027451118,7.52996314534624,5.53781453093081e-05,0.00124589594467644
"gene-IER5L|IER5L","IER5L",3.59739014071484,-0.674837543284203,0.00159064464488602,1.70036668524315,-1.64781995257657,7.52977692661335,5.53910442608975e-05,0.00124589594467644
"gene-CSF3R|CSF3R","CSF3R",3.52642552066473,4.07809147043825,0.31080508637362,-4.35856881461119,2.245077345042,7.52826337939101,5.57480791513349e-05,0.00125210671243383
"gene-SMIM3|SMIM3","SMIM3",4.58400184446334,-0.190915119981686,-0.0908009995959149,2.04253628359826,-1.38741734777955,7.53804098012109,5.58830366830189e-05,0.00125331882995611
"gene-LOC100223967|LOC100223967","LOC100223967",-0.8998295482142,2.22073338189236,-0.727377352324861,1.57058569700072,0.263307507100327,7.51534398534347,5.64002475411698e-05,0.00126308803285036
"gene-ATRAID|ATRAID","ATRAID",1.85735094459481,1.88948528901313,1.20871788746647,-1.42572025730238,1.85616454609836,7.51199073806783,5.6637415672751e-05,0.00126656648487835
"gene-TMEM258|TMEM258","TMEM258",1.34730339052873,-0.368929624115669,0.46192799299106,-1.40811309306771,0.615563954661984,7.51044905895083,5.67467995623465e-05,0.00126718141879843
"gene-KXD1|KXD1","KXD1",4.24585820953443,-0.150256888176931,0.215667894909321,0.486723359469404,0.429495544595984,7.50715142238886,5.6981501072114e-05,0.00127058894681695
"gene-TDRD3|TDRD3","TDRD3",3.59611874675609,-0.137005841496753,0.724626046847129,-0.950866093454875,0.559239947068581,7.49783417556512,5.76500477095e-05,0.00128364674576189
"gene-KMT2D|KMT2D","KMT2D",6.43371942014484,-0.274971584223438,1.04697581481463,0.830774473379252,0.803946377576858,7.49616918372492,5.77703645024392e-05,0.00128447757280926
"gene-AIMP1|AIMP1","AIMP1",1.35704582804481,1.27584290746062,0.184826076240997,-1.67713526062227,1.34256000885209,7.49354604358665,5.7960444167213e-05,0.00128685491174695
"gene-LOC100222691|LOC100222691","LOC100222691",2.72835722458749,1.10700199779801,0.756862255808223,-3.27575662057004,1.87592404802071,7.49104050090848,5.81426033929114e-05,0.00128904983883281
"gene-ART4|ART4","ART4",5.142372267709,0.0541110731266632,-0.257559801060762,0.447213579824891,-1.12704578660701,7.4889878470358,5.82922754439263e-05,0.00129051925964916
"gene-LOC115494116|LOC115494116","LOC115494116",3.58553951434249,-1.56912547994989,0.519975110221843,2.49266993381747,-1.56803729005204,7.47559549450812,5.92785789241325e-05,0.00131048001264422
"gene-TMEM127|TMEM127","TMEM127",5.32980687955553,-0.156531670482906,0.0506063663302777,2.38944611744372,-0.93921691572325,7.47155440650742,5.95795524289461e-05,0.00131525474156625
"gene-LOC115497601|LOC115497601","LOC115497601",-2.54445143896346,-1.57692383489373,-0.36931310960708,3.77950542542321,-2.13207187814921,7.46473958470926,6.00906758335423e-05,0.00132464844519098
"gene-LOC115497171|LOC115497171","LOC115497171",-2.39400668171415,-0.781500130737289,-2.25414941540275,3.30686795487914,-1.476392451969,7.4622291663055,6.02800969025534e-05,0.00132693385429163
"gene-LOC100226089|LOC100226089","LOC100226089",4.94151979856211,0.238186846167642,-0.187377250946164,1.3715106858488,-0.554738878666068,7.45888803999737,6.05331516849731e-05,0.00133061153739341
"gene-RAB6A|RAB6A","RAB6A",4.0499321297131,-0.0219674901306861,0.362224954154606,-0.613201519058781,0.476833395786322,7.45736327547599,6.06489994036333e-05,0.00133126704364713
"gene-SLC27A4|SLC27A4","SLC27A4",3.61992770735215,0.298607966777808,0.32343973110712,-0.22292046876592,0.692718616199109,7.45166239120224,6.1084163008675e-05,0.00133891986198194
"gene-TKT|TKT","TKT",2.55765101780246,2.2903667219098,-0.320945267631568,-3.19818426221631,1.19961581775436,7.43706126920942,6.22134189252332e-05,0.00136174350476377
"gene-INO80D|INO80D","INO80D",4.60761554522132,-0.438308683588829,0.0326209354794158,1.34216254968355,-0.665319275811976,7.4328681202621,6.2541672761657e-05,0.00136699489546136
"gene-LOC100218400|LOC100218400","LOC100218400",9.41609621701665,0.0945840747370406,-0.648845903551674,0.686241985688857,-0.526254026680719,7.42660930992861,6.30349524133352e-05,0.00137583341127837
"gene-CSF1R|CSF1R","CSF1R",1.32580427699754,3.67015833402594,-1.00426905980876,-5.31523706943462,1.26621099601632,7.42227979715742,6.33785181247876e-05,0.00138138389856491
"gene-ABRAXAS1|ABRAXAS1","ABRAXAS1",2.61026684571774,0.372000030685812,-0.203019583660619,0.889937200789449,-0.468383437989464,7.4203093759226,6.35355170914638e-05,0.00138285812516231
"gene-ZMYND19|ZMYND19","ZMYND19",2.71035804797009,-1.51334590078252,-1.43523492070732,1.7837560393867,-1.1001944897254,7.4048233108119,6.47834303507285e-05,0.00140803874252461
"gene-LHPP|LHPP","LHPP",-1.1548267479879,3.6364859872885,2.56285568248063,1.23594823267907,2.07241290221951,7.4003768041349,6.5146383311108e-05,0.00141196117890672
"gene-LOC140685191|LOC140685191","LOC140685191",1.37265692594458,-1.72270498892654,0.598257093118485,4.32207071497892,-1.67170018165615,7.40044122553654,6.51411099048748e-05,0.00141196117890672
"gene-LOC101232863|LOC101232863","LOC101232863",0.3915216801878,3.18602739577697,-1.15223446752545,-3.97648938260882,1.24345356101956,7.39880962002327,6.52748052596737e-05,0.00141276589006077
"gene-FOXRED2|FOXRED2","FOXRED2",-0.614170748772665,-0.164637801703531,0.129048013567663,2.04592760311616,-1.31101548470109,7.39408808021417,6.56632858231183e-05,0.00141590507656458
"gene-FH|FH","FH",3.2973844745645,0.389838983698127,0.382510392891833,-0.622100454548465,0.795750113076965,7.3946883748488,6.5613762849473e-05,0.00141590507656458
"gene-LOC100228280|LOC100228280","LOC100228280",-4.19623464618545,5.78265848845302,-1.26726970448847,-8.09771972141142,1.67832060156363,7.39260463247564,6.57858319903025e-05,0.00141590507656458
"gene-LOC100218528|LOC100218528","LOC100218528",7.35592424012899,0.00307246634712256,0.548868936054379,0.252930228390534,0.410092049682061,7.39295942156183,6.57565018165133e-05,0.00141590507656458
"gene-LOC100217789|LOC100217789","LOC100217789",1.64961905831675,0.754344125595548,-0.710348288685328,-0.520611215370647,-0.741240692631546,7.3852448395188,6.63973065006014e-05,0.00142708099735668
"gene-SUGP2|SUGP2","SUGP2",3.83378979194105,1.24185854635654,-0.701746234774364,-0.189536267197352,-0.259510964998137,7.38311505573669,6.65753443552675e-05,0.00142892295963629
"gene-PUSL1|PUSL1","PUSL1",3.71748848228466,0.0537965547889012,-0.269175294058648,1.2999849280245,-0.51095790434373,7.3810569619369,6.67478560362731e-05,0.00143064137418466
"gene-LOC140685091|LOC140685091","LOC140685091",0.682035401097727,1.05631650140668,-1.70693219925853,-0.952388269268532,-0.887016479638491,7.3782403780582,6.69846909452019e-05,0.00143373180135131
"gene-LOC140683616|LOC140683616","LOC140683616",-1.1363339284767,-1.27187518901923,-2.30530830711424,0.125528108159054,-2.23270941764792,7.3750782714677,6.72516099558916e-05,0.00143545138404291
"gene-GPHN|GPHN","GPHN",1.50819443239247,-1.33937970998259,0.623640381623965,0.731249319828545,-0.0595129781047977,7.37399492224814,6.73433088733539e-05,0.00143545138404291
"gene-IL1RAP|IL1RAP","IL1RAP",0.500294376598864,2.3219528406566,0.199688622474772,-1.83875672191337,0.738063643347881,7.3745158242781,6.72992016402754e-05,0.00143545138404291
"gene-HSP90B1|HSP90B1","HSP90B1",5.37463899683039,-0.391260901302335,-0.361134691993954,0.241680455144525,-0.844497992111999,7.3687472913378,6.7789313186501e-05,0.00144297059361912
"gene-ABITRAM|ABITRAM","ABITRAM",1.32206810804179,1.00299118241151,0.648459138494549,0.0957574430159584,1.42403352454636,7.36738982581095,6.79051803182054e-05,0.00144338024900594
"gene-CRIP1|CRIP1","CRIP1",3.07495580165337,2.71504049997495,-0.626505413502758,-5.02785334301193,2.55094509431161,7.36633797253362,6.7995101875627e-05,0.00144338024900594
"gene-SLC23A3|SLC23A3","SLC23A3",4.82691040278324,-1.14838022238138,-0.0770930027981271,2.47647520767908,-1.23777918509249,7.3632628622261,6.82586923573518e-05,0.00144699077291783
"gene-LOC115493620|LOC115493620","LOC115493620",4.65517197762144,0.252462500339147,-0.638097398699646,1.09649648495518,-0.960586082714374,7.34095558067954,7.02025652216684e-05,0.00148616237593067
"gene-ARHGDIA|ARHGDIA","ARHGDIA",4.86876700925456,0.550797314996872,-0.0363418528206613,-0.844270344930904,0.732540839044711,7.33752677815395,7.05063655248044e-05,0.00149055465368354
"gene-PLEKHA2|PLEKHA2","PLEKHA2",4.05703637922991,0.955410621579142,0.547763960592158,-2.44717892138923,0.766028403679876,7.33557689141547,7.06797332811522e-05,0.00149218127220441
"gene-TRMT44|TRMT44","TRMT44",1.47932729064891,-0.41442621332159,1.20738056206507,0.179335911096609,0.702261552557401,7.33411840419583,7.08096965557127e-05,0.00149288835722024
"gene-LOC121469771|LOC121469771","LOC121469771",0.632770520359652,-2.17041421900763,-0.198193164137097,2.56470333051815,-2.74628455685689,7.32138756450379,7.19546124883016e-05,0.00151336181160885
"gene-B3GALT6|B3GALT6","B3GALT6",5.05601658832898,-0.587878850995942,-0.256823010391902,1.28649511853699,-0.618465296025907,7.32114767872774,7.19763679059202e-05,0.00151336181160885
"gene-ZNF292|ZNF292","ZNF292",5.6300988352977,-1.06869056633325,-0.342250547370985,1.19056181230735,-1.27217245238949,7.31880593291404,7.21890983826408e-05,0.00151577516617553
"gene-NDUFA11|NDUFA11","NDUFA11",5.35442139154401,-0.00460253865258713,0.588926482944921,0.240561183905512,0.433797809709255,7.30724900413377,7.32484744857615e-05,0.00153593515266553
"gene-PALMD|PALMD","PALMD",1.91534432845109,0.632331803918585,-1.14206911129453,-1.5119530612621,-0.404614710651283,7.3006515758594,7.38603924174921e-05,0.00154667059899958
"gene-GGA1|GGA1","GGA1",5.96947831542049,-0.355287549091077,0.00582478201387416,0.548068399771034,0.169065372953415,7.2978455940407,7.41222418053163e-05,0.00154999660358572
"gene-KPNA5|KPNA5","KPNA5",6.71763933913904,-0.844536805718671,-0.607858960166058,1.08741092930658,-0.907784844601827,7.29680547294641,7.42195465755749e-05,0.00154999660358572
"gene-LOC140680267|LOC140680267","LOC140680267",-5.69762881240217,7.26592348269269,-3.67895487328945,-6.04921244267987,3.12934519889542,7.29075596020485,7.47880977978631e-05,0.00155976524719937
"gene-LOC115496849|LOC115496849","LOC115496849",-0.526249151112368,0.105423421974331,0.811212867815005,3.00094245013048,-1.03231648049125,7.28078611759327,7.57348899544556e-05,0.00157526535221129
"gene-MTCH1|MTCH1","MTCH1",3.44737808422714,0.290883045841843,0.345380711279842,-0.93684762233171,0.795175100910274,7.28131132672704,7.56847067773022e-05,0.00157526535221129
"gene-KRTCAP3|KRTCAP3","KRTCAP3",2.57630884621706,-1.71940875854494,-0.620078159386028,2.86181935988464,-1.44718480221962,7.27963755063611,7.58447536370867e-05,0.00157543296984418
"gene-SHLD3|SHLD3","SHLD3",4.33801029199714,-0.359882293738067,-0.19049209245456,0.931185433315375,-0.795924984704654,7.27379755898665,7.6405907104529e-05,0.00158496167887746
"gene-ZNF407|ZNF407","ZNF407",4.12658567707285,-0.13150663696698,0.620273414703885,-1.06692738448624,0.510576480062407,7.27157529118538,7.66205608737289e-05,0.0015872867195729
"gene-WDR45|WDR45","WDR45",5.0066399604319,0.427911348838002,0.923553747862874,0.475504703597509,0.642496761533632,7.26904887708597,7.68653465602756e-05,0.00158810579174935
"gene-LOC121468677|LOC121468677","LOC121468677",0.867037770481679,1.34968859211002,0.473702686852472,-2.32611432501973,1.90731931744492,7.26947429717708,7.68240711040267e-05,0.00158810579174935
"gene-SHMT1|SHMT1","SHMT1",2.50377582569367,-0.758281735263663,-0.598129304620925,2.27369297556787,-0.742492818458128,7.26344659390247,7.74110292695861e-05,0.00159724757059579
"gene-LOC115492889|LOC115492889","LOC115492889",2.42951763887778,0.254855322787101,-0.932558497093394,2.83842362767054,-1.06448699672023,7.26026973613367,7.77222359745878e-05,0.00160153342437649
"gene-MTHFD2|MTHFD2","MTHFD2",6.52425879346119,-0.245352479388493,-0.464123871774198,0.708493468090473,-0.819872309311701,7.2493250096955,7.8804278194391e-05,0.00162167048544974
"gene-LOC140682140|LOC140682140","LOC140682140",7.59284311000677,-0.365340747476161,-0.232368514390297,0.810239083706616,-1.11060368316534,7.2468007363143,7.90560305735689e-05,0.00162469066816199
"gene-EFNB1|EFNB1","EFNB1",3.6444775636673,0.0128695091518224,-0.783941016954874,1.80473672586995,-0.709205662252783,7.24422218100532,7.93140510076698e-05,0.0016278314845407
"gene-LOC121471032|LOC121471032","LOC121471032",-0.570588343542857,1.62061481740537,-0.0465122449164082,3.12094494385462,-1.14451492582205,7.24074539955047,7.96633237581955e-05,0.00163283435120275
"gene-LOC116808100|LOC116808100","LOC116808100",-0.2652397190916,-0.571560216145429,-0.522415566998236,0.984353048797493,-2.13997466141555,7.23294030305037,8.04531882871734e-05,0.00164449435385638
"gene-ELMO2|ELMO2","ELMO2",6.01019850373819,-0.223280108770065,0.255682298254607,-0.0460402455434641,0.447174494763995,7.23204486688268,8.0544318868604e-05,0.00164449435385638
"gene-LOC100224239|LOC100224239","LOC100224239",9.59309830021016,-0.497513687228739,-0.222419497010389,0.50482381110626,-0.827588390743029,7.23197926307622,8.05509996913176e-05,0.00164449435385638
"gene-TF|TF","TF",3.29446661759898,3.20022181193678,-0.447505108620607,-3.51647354397726,1.15414333405744,7.22428479706577,8.13385405287717e-05,0.00165838460432509
"gene-SENP5|SENP5","SENP5",4.2734803909585,0.74114726022515,0.255585655369526,-1.35851412758951,0.889762750149013,7.22324322271224,8.14457543795531e-05,0.0016583855908205
"gene-SLC25A37|SLC25A37","SLC25A37",8.78319318757563,0.201265419566716,-0.40997210427515,0.135694400002128,-0.741864967472863,7.22024756073616,8.17549221970751e-05,0.00166249332588665
"gene-SAMM50|SAMM50","SAMM50",2.28647988408759,1.35543961149128,0.478516892216538,-1.62588947346906,1.26929251381052,7.21194814821909,8.26177859915899e-05,0.00167764131975695
"gene-CUX2|CUX2","CUX2",0.886767501053677,1.15219431506185,-0.4112933634608,1.04745881858337,-1.05974297594235,7.21100282451757,8.27166608707306e-05,0.00167764131975695
"gene-SIL1|SIL1","SIL1",3.08374269726091,0.0662747355592593,0.382076296179869,-0.166170987324232,0.644574429355775,7.20902156689181,8.29242829985371e-05,0.00167965088927011
"gene-BPTF|BPTF","BPTF",7.15448009286435,-0.879472906785866,-0.331735221031117,1.2787039798032,-0.939647399804445,7.2064054007064,8.31992607858917e-05,0.00168301772635513
"gene-EIF2D|EIF2D","EIF2D",2.40235314266805,-0.932051395410335,0.275784641300334,1.85541018269948,-1.56060771264135,7.20438782527778,8.34119629243066e-05,0.00168511765829458
"gene-PTK2B|PTK2B","PTK2B",2.16975276878698,1.28888401323779,0.983373360332417,-2.41343905189826,1.2698395829074,7.20109642642475,8.37601588525461e-05,0.00168994583864818
"gene-PLPBP|PLPBP","PLPBP",5.55346534546857,-0.142238478914097,0.556281191075138,0.912963583781336,0.307167406946428,7.19525853869162,8.43814295766115e-05,0.00169907066944718
"gene-KPNB1|KPNB1","KPNB1",4.98790210053203,-0.192464357727289,0.562174488387187,0.083682617123773,0.418936856629685,7.19161585477273,8.47714855978106e-05,0.00169907066944718
"gene-SGTA|SGTA","SGTA",2.50832303298485,1.68717998993155,0.268943069073588,-1.95134050405516,1.49168746084576,7.19307246648714,8.46152905696515e-05,0.00169907066944718
"gene-BSCL2|BSCL2","BSCL2",4.467275509973,-0.00216718341910795,0.843895775420081,0.205118576436783,0.511401324903672,7.19068751747034,8.4871187559462e-05,0.00169907066944718
"gene-PTGR1|PTGR1","PTGR1",2.27270869070685,0.440414222856719,-0.610178518710256,-0.251694445994907,-0.571670192975279,7.19348041401752,8.45715987309738e-05,0.00169907066944718
"gene-LOC116806883|LOC116806883","LOC116806883",5.29107585121964,-1.35583618756981,-0.30647819648882,2.22903415094745,-1.43083364754979,7.19154956664972,8.47786008415247e-05,0.00169907066944718
"gene-RCVRN|RCVRN","RCVRN",5.7848914506608,-0.427567439696924,-0.768471117597008,2.68282899140951,-0.829194174217788,7.1864929449859,8.53231841284307e-05,0.00170591249920861
"gene-LOC115493837|LOC115493837","LOC115493837",0.931956652194781,0.797344680580965,-0.821634931885702,0.00912954853957129,-1.12282663011859,7.18370971382866,8.56244641054129e-05,0.00170972720262099
"gene-PEX5|PEX5","PEX5",0.736737983631836,1.18266991653096,-0.0369561456994658,-2.29072770367242,1.49614450723342,7.17767666175313,8.62812945112058e-05,0.00172062246464035
"gene-THOC1|THOC1","THOC1",1.9381240628408,0.706270296152412,0.446653700082953,-1.28669703140584,1.14105615931227,7.1733027022988,8.67607355466372e-05,0.00172573571026248
"gene-BTG2|BTG2","BTG2",7.8341602850295,-0.289161292032067,-0.790631678521512,-0.0136016347290662,-0.79665913341622,7.17389402087125,8.6695759712338e-05,0.00172573571026248
"gene-HIGD1A|HIGD1A","HIGD1A",5.59664591318143,-0.096914066324253,-0.667490830423572,0.757178274238734,-1.03585198336641,7.16605920794971,8.75607495609986e-05,0.00173719149387149
"gene-BRCA1|BRCA1","BRCA1",0.392512432786924,-0.930234683321212,-1.90980118799261,0.311263833623974,-1.28801379520438,7.16605526803496,8.75611867670283e-05,0.00173719149387149
"gene-LOC121470309|LOC121470309","LOC121470309",-0.807124697841823,1.06825029710987,-0.451726040926428,-0.932503793361025,-1.90302772167094,7.15502157402632,8.87944306861207e-05,0.00175940309202013
"gene-SPTLC2|SPTLC2","SPTLC2",1.95324626417348,1.16387670261262,0.190909421184308,-2.34646797291713,1.27211321538954,7.15186762036199,8.9150223687304e-05,0.00176324143330724
"gene-LOC140684571|LOC140684571","LOC140684571",0.163484714500745,1.01262593964518,-1.58474958523708,0.0883310716824734,-0.911242367912151,7.15027916628393,8.93299698683605e-05,0.00176324143330724
"gene-H3-3B|H3-3B","H3-3B",9.63383452332602,-0.297975211830508,-0.824416295602594,0.295958665215909,-0.728459929272473,7.15029188470794,8.93285291982886e-05,0.00176324143330724
"gene-NACAD|NACAD","NACAD",-1.43447862944193,1.47716347942666,-0.488862946549352,5.12151527388947,-1.70346919784186,7.14838236965005,8.95450959071333e-05,0.0017650076444901
"gene-STXBP1|STXBP1","STXBP1",2.86399874858132,1.26172880241751,0.463303925334885,-1.92976561463183,0.978598646541468,7.14748056667045,8.96475611353292e-05,0.0017650076444901
"gene-MAPKAPK3|MAPKAPK3","MAPKAPK3",0.899513161983152,1.05065016263118,-2.32746617424495,0.431057957420337,-0.649550694300609,7.13584247881095,9.09807854573429e-05,0.00178898050184547
"gene-VPS37C|VPS37C","VPS37C",5.674157999968,-0.514953273666945,-0.476558294725388,0.751589081637407,-0.512802183867126,7.12544249769126,9.21894296179112e-05,0.001810445968702
"gene-CWF19L2|CWF19L2","CWF19L2",3.09318598549681,0.27405313758794,0.237020035267299,-1.13657742956686,0.900207535890244,7.12128141347399,9.26776289598852e-05,0.00181772662630447
"gene-TMEM200B|TMEM200B","TMEM200B",2.41347671291305,-0.879115615974202,-0.170888967621178,3.25002458887771,-1.70271285122286,7.11991153752992,9.28389308965076e-05,0.00181858538686513
"gene-MACIR|MACIR","MACIR",0.731800434322185,1.70568866730202,0.250032551498808,-3.07036758668863,1.87457375394762,7.11777972158606,9.30905253236013e-05,0.00182120844422595
"gene-ELP4|ELP4","ELP4",2.34397430694154,0.647374360125837,0.240389148458562,-1.44257315044945,0.832963352498549,7.11292380895744,9.36662360082955e-05,0.00183015783109643
"gene-LOC100219450|LOC100219450","LOC100219450",1.06280409948824,-0.297450155077418,0.132274209668973,-1.09086425714003,0.812579284074468,7.11169032115661,9.38130591643257e-05,0.00183071512051443
"gene-CEBPA|CEBPA","CEBPA",0.911853516612133,3.50199159803244,-0.363351564691645,-5.14995230589761,2.54563987612956,7.09706862777216,9.55716367569726e-05,0.00186242657107293
"gene-CPNE9|CPNE9","CPNE9",2.54583743625471,-1.15028855603996,-1.14950591726128,2.13608020351219,-1.3716784732758,7.09519737115997,9.5799130893315e-05,0.00186242657107293
"gene-ZNHIT2|ZNHIT2","ZNHIT2",5.54479577191195,-0.694810256054757,-0.251635674030954,2.0589848385663,-0.874557674958054,7.09528578401549,9.57883697576623e-05,0.00186242657107293
"gene-PPRC1|PPRC1","PPRC1",4.87106814104439,-0.323294770158719,-0.715843991452035,1.78420581129772,-0.704099549333945,7.09092193822435,9.63210002751374e-05,0.0018702226841377
"gene-LOC116806961|LOC116806961","LOC116806961",-1.62249261427749,0.889989203984663,-3.7943094087311,-0.977746122707816,-1.54401866874317,7.08757570848168,9.67314882965188e-05,0.00187583932504841
"gene-LOC100230856|LOC100230856","LOC100230856",1.82491454356195,-1.05171928715892,-0.902834383304629,2.8675726023414,-0.978811474222267,7.08184504389133,9.74386635604893e-05,0.00188718813341498
"gene-BAHCC1|BAHCC1","BAHCC1",5.60484868628607,-1.26217160294929,0.773807110508853,1.74840729065095,0.22593466973572,7.06805895016153,9.91617611893437e-05,0.00191816031800637
"gene-ING1|ING1","ING1",4.78856816970086,-0.0748001579534462,-0.686404850895401,0.545754451568106,-0.654710814669132,7.0563202761091,0.000100653649818061,0.00194458830328901
"gene-ADGRF5|ADGRF5","ADGRF5",7.17418324696839,-0.0352636150718758,-0.173033530371092,0.706564139647245,-0.708183434140096,7.05391381167697,0.000100962332279884,0.00194638704349484
"gene-LOC100225139|LOC100225139","LOC100225139",4.72895696074445,0.146910612077157,0.364210445911535,-0.601831743104449,0.62471986360202,7.05363385049725,0.000100998306683448,0.00194638704349484
"gene-PTP4A2|PTP4A2","PTP4A2",5.68573680485324,-0.0476974057988314,0.645604425805524,0.250008523111558,0.352543152586873,7.05199971759901,0.000101208552438294,0.00194801287186891
"gene-ATP9B|ATP9B","ATP9B",0.902405803997213,0.317710312933514,0.737594209502284,-1.17705097496506,1.14418547664491,7.04414003119738,0.000102226078188286,0.00196297377309021
"gene-CGRRF1|CGRRF1","CGRRF1",4.12142070241945,-0.301242319614366,0.348666594736368,-0.0992354978293736,0.477634986754787,7.0440365982115,0.000102239538682437,0.00196297377309021
"gene-DGCR2|DGCR2","DGCR2",6.09518529622206,-0.688255802538094,-0.754121877736861,0.163114425957919,-0.432890662336455,7.0399741943821,0.000102769653482809,0.00197070680005758
"gene-VSIG10|VSIG10","VSIG10",-1.2151904703873,-1.95362686130961,-0.172209397518004,4.46021598156631,-3.33310126922968,7.03866167297298,0.00010294153176689,0.00197124276560262
"gene-RNPEP|RNPEP","RNPEP",0.841915814976303,2.78960138271837,-0.088951690952387,-2.53455623908884,1.43559253605917,7.0378164830949,0.000103052368166237,0.00197124276560262
"gene-YWHAB|YWHAB","YWHAB",4.04196825031872,0.996773177930957,-0.050404574162377,-2.01671604958268,0.990322452537142,7.0338709488419,0.000103571403264726,0.0019787252660761
"gene-DCTN1|DCTN1","DCTN1",6.4652075407167,-0.78522890358212,0.336114885338807,0.991924014558998,0.20077721688391,7.03208096221098,0.000103807761878147,0.00198079545630619
"gene-SCP2|SCP2","SCP2",3.57989570934521,0.58504117348755,0.128764523308467,-1.20971132181732,0.968805577165662,7.02664953420808,0.000104528355560282,0.00199208904223567
"gene-NDUFC1|NDUFC1","NDUFC1",4.63870399663612,-0.0328934013871623,-0.0117495161569457,-0.280117370601928,0.614085241674403,7.02404001104555,0.000104876391580905,0.00199626341908304
"gene-USP22|USP22","USP22",3.44871092739629,-0.342670551946544,0.403442382380657,-0.339375208308641,0.189160317670838,7.02178436197353,0.000105178191157509,0.00199954853582611
"gene-LOC105758560|LOC105758560","LOC105758560",7.35564260983829,0.816686494933536,-1.80953317860054,-0.708731859927267,-0.42395996550615,7.02921659092772,0.000105978497737835,0.00200678617385422
"gene-TSC22D2|TSC22D2","TSC22D2",8.65263099363132,-0.360293625439707,-0.31023169114518,0.715882495226946,-0.769072612591839,7.0141425926971,0.00010620729411222,0.00200678617385422
"gene-LOC100218944|LOC100218944","LOC100218944",-4.44145672894711,6.16539021381073,-1.35384827204031,-3.61478417934401,1.3255067800294,7.01729739802373,0.000105781192909924,0.00200678617385422
"gene-TGM2|TGM2","TGM2",7.80342070124322,0.355708264726161,-0.288206199890123,-0.138611479432233,-0.832933254687446,7.01453469133283,0.000106154239708998,0.00200678617385422
"gene-LOC100227613|LOC100227613","LOC100227613",1.35604003113653,0.931155686921068,0.182227121682644,-2.30295179055461,1.18451901182795,7.01471783003499,0.000106129468766871,0.00200678617385422
"gene-NDUFA6|NDUFA6","NDUFA6",4.48246710072333,0.0276295032578497,0.766354946164518,-0.616711406427903,0.56158362140839,7.0096936194814,0.000106811193099862,0.00201573562587849
"gene-LOC101232941|LOC101232941","LOC101232941",5.87713588424424,3.47401859570006,-0.160543568594557,-2.92426788972567,1.27055519664997,7.02689306044478,0.000108068461485858,0.00203697861326877
"gene-PRPF4|PRPF4","PRPF4",4.71815852016341,-0.615612192635086,0.133442337567591,0.859809345641716,0.037234280973169,6.99321041441915,0.000109079557939605,0.00205353547337638
"gene-PPIA|PPIA","PPIA",4.65586851303297,0.204730225786384,-0.783641486929154,-0.185667624871674,-0.404908068546916,6.99176359151325,0.000109281015615321,0.00205482833128444
"gene-LOC100218250|LOC100218250","LOC100218250",-3.46094857256422,0.86846189342821,3.63338617243062,3.75561935856186,-2.07434510218618,6.98485273742208,0.000110248585024913,0.00207050588987928
"gene-TBKBP1|TBKBP1","TBKBP1",1.31396187371668,1.45117171713086,-0.351341591263465,2.30974149746414,-0.420757977536451,6.98075993745474,0.000110825756174674,0.00207882251733707
"gene-GNG3|GNG3","GNG3",0.838276039072877,0.217023341409535,-2.11466643395073,1.46563407499588,-0.166660359605355,6.97909702366792,0.000111061149036038,0.00208071583696451
"gene-CEBPB|CEBPB","CEBPB",2.78398160260564,3.12238761310133,-0.202962632857853,-2.99568010333807,1.27111373993808,6.97797217791505,0.000111220667449254,0.00208118479900508
"gene-GJA9|GJA9","GJA9",1.44831775296278,-0.818452077848606,-2.05041843450984,-0.0922170992563043,-0.932874376188058,6.97428839541107,0.000111744729219887,0.00208846580275091
"gene-VEZT|VEZT","VEZT",3.49117185629035,1.16560372935447,-0.0696814777728627,-1.09338541571987,1.38548142465428,6.96362148602153,0.000113276593680123,0.00211454196284669
"gene-LOC101233542|LOC101233542","LOC101233542",0.825978280862799,2.53064122535322,-0.847243047330094,-1.80180466308643,0.831861826077131,6.95513231397792,0.000114511138668199,0.002135011892639
"gene-LOC115496828|LOC115496828","LOC115496828",1.57465922462372,0.377144279721162,-1.1612832662377,-0.490536963456582,-1.02429501840763,6.95179572724386,0.000115000144855665,0.00214154902724598
"gene-TM2D2|TM2D2","TM2D2",1.25803106522122,1.57386891867075,0.536333216849725,-0.995424799389223,1.39012258666225,6.94826082182976,0.000115520559621433,0.00214865463959336
"gene-DBI|DBI","DBI",1.53667907083548,2.78315075464662,-0.305410164689229,-3.68722340806261,1.94423260992698,6.9468486882919,0.000115729132744857,0.00214994997506202
"gene-VAV1|VAV1","VAV1",2.09942370542488,1.33787515411024,0.793711715060861,-1.24393486644412,1.31242032389668,6.94350943873251,0.000116223884284675,0.00215655228933495
"gene-TMC5|TMC5","TMC5",-2.75668866889458,4.78802722496659,0.347588531159495,-4.27898512259241,4.94432751054653,6.94234265846861,0.000116397269697513,0.00215718293241797
"gene-LOC121469604|LOC121469604","LOC121469604",-3.37445812709882,0.969204736924514,1.78723443934974,-1.85332941079201,3.22776727054946,6.93982896515792,0.000116771712944821,0.00216153380122142
"gene-PC|PC","PC",3.03207958155859,0.517132781888857,0.905057381646962,1.04760076323145,0.88029606788768,6.93281002526315,0.000117823836329106,0.00217840366450766
"gene-LOC100219821|LOC100219821","LOC100219821",-2.07558215270072,5.33344616078664,-2.45944609077297,-6.54006912862423,1.31278664858984,6.92616978457142,0.000118828167930224,0.00219435071446326
"gene-ANXA2|ANXA2","ANXA2",3.46413049720247,2.69237638444462,-0.353001177335639,-4.72724490232228,2.02222588682586,6.92167751211032,0.000119512609731559,0.00220435951799271
"gene-RBBP6|RBBP6","RBBP6",8.135909000369,-0.72914315152408,-0.591287790630833,0.977971888505153,-0.628614186354185,6.91995502587978,0.000119776121479458,0.00220658985701739
"gene-DDX28|DDX28","DDX28",3.04621968918677,0.125305199202496,0.928226958557287,-0.0828886221514561,0.611083292065093,6.90668169777184,0.000121826867009681,0.00224170126869776
"gene-HM13|HM13","HM13",4.38030904770656,0.793368955676264,-0.141601824542419,-1.13033010092739,0.911058096852614,6.89843920729401,0.000123118481353121,0.00226009311855226
"gene-RETREG3|RETREG3","RETREG3",5.77066926102596,0.0424829340734976,0.0674242986757815,-0.104123834138025,0.417097331701992,6.89885125849818,0.00012305357895723,0.00226009311855226
"gene-MST1|MST1","MST1",3.20259616377771,-0.926504663671766,1.20389641036233,1.53948891184731,0.506267108483926,6.89446856531868,0.000123745706020549,0.00226753931160613
"gene-SH3PXD2B|SH3PXD2B","SH3PXD2B",-3.62131725832324,6.59856582233408,2.73364511017117,-5.63068526935334,5.16850274107932,6.89401747176899,0.000123817170811449,0.00226753931160613
"gene-TPD52|TPD52","TPD52",3.5573921374723,0.691755313259173,0.0479395663615097,-1.27469697560476,1.00397371431838,6.8927477625226,0.000124018553262419,0.00226854268526706
"gene-LOC100224348|LOC100224348","LOC100224348",-5.20001255528519,1.38212796956379,0.904140402720758,5.59385318783411,-2.25894702828034,6.89130807254515,0.000124247303039216,0.00227004370074601
"gene-LOC100190416|LOC100190416","LOC100190416",3.53794729270181,0.737672208555569,-0.210702211764949,-0.896630662519728,0.956201366411766,6.87501323399055,0.000126866810549392,0.00231114897884027
"gene-GPBP1|GPBP1","GPBP1",5.19126272517401,-0.682467383447592,0.00937805448092493,1.86821759068821,-1.32995988298501,6.87542501069862,0.000126799920069425,0.00231114897884027
"gene-LOC140682170|LOC140682170","LOC140682170",-3.32828672592883,1.60566504870941,-0.773164495311696,3.61210591204965,-1.58890743388839,6.8745310881492,0.000126945178159239,0.00231114897884027
"gene-ATF3|ATF3","ATF3",-3.43040399446345,2.98184257417909,1.66896458097024,3.36893286591664,-0.422146447239825,6.87222262107609,0.000127321084883825,0.00231367213162013
"gene-CIB1|CIB1","CIB1",4.84391033519121,-0.222669236618711,0.412774487301783,-0.236787295988618,0.482608683985222,6.871844363319,0.000127382788765127,0.00231367213162013
"gene-FOXE1|FOXE1","FOXE1",2.07144070358331,-0.261798042569727,-1.06112620102075,1.38042759056946,-1.65259058900498,6.86688152813341,0.000128195213106527,0.00232569861995722
"gene-SMCO3|SMCO3","SMCO3",6.29056426594356,-0.140062285116655,-0.275739973960915,1.12820645418949,-1.02826655824209,6.86324533900917,0.00012879384374208,0.00233382287108745
"gene-SCYL1|SCYL1","SCYL1",5.40006164709393,0.43774902150117,0.685422081322649,0.68004029384843,0.862264637469052,6.86120878786178,0.000129130378870792,0.00233718434271988
"gene-BCL9|BCL9","BCL9",-0.207239918599371,-0.722901326478135,-0.508917300981586,2.04010894889087,-1.62433485016094,6.85674325777064,0.000129871465490862,0.00234245428581463
"gene-RPL18A|RPL18A","RPL18A",8.82461983713685,-0.355360588464278,-0.883270765292283,0.482669688806508,-0.708363445996781,6.85671808154037,0.000129875656040643,0.00234245428581463
"gene-PHF12|PHF12","PHF12",6.33331366791533,-1.03382617245178,-0.44975836661053,0.796158964774831,-0.543949757664168,6.85690444481739,0.000129844639417221,0.00234245428581463
"gene-ABCA2|ABCA2","ABCA2",3.93742669978141,1.2337442347817,0.132450740764688,-2.36432438180056,1.12063230699513,6.85560624322177,0.000130060858754619,0.00234306378257012
"gene-UBR3|UBR3","UBR3",6.01956317345809,-0.507633021796029,0.123011006517566,0.313885155689054,0.113893899856655,6.83880534506179,0.000132892733339878,0.00239129656794723
"gene-SLC8B1|SLC8B1","SLC8B1",1.28119958172305,2.33217540547279,0.815465537167109,-0.504171231977448,2.05459702285213,6.83422644469346,0.00013367546949903,0.00240258756155341
"gene-GC|GC","GC",2.50395827019823,-0.0987044847959339,-0.698140473048089,1.63765717319855,-1.15190179004569,6.83160698048821,0.000134125381571039,0.0024078773547701
"gene-CSRP2|CSRP2","CSRP2",-0.90136068260647,3.17345093359957,-0.623745784094288,-5.42512042032324,0.829181548100546,6.82887738369825,0.000134595866481405,0.00241073036319415
"gene-OGA|OGA","OGA",6.65625873379759,-1.01237555930145,-0.075228619165299,1.22254289897943,-0.827398007033754,6.82910001620188,0.000134557429117984,0.00241073036319415
"gene-BMAL2|BMAL2","BMAL2",3.79833698795663,0.167842975893001,0.678137262398213,-0.899806101871696,1.18941984071058,6.82597763445222,0.000135097538764678,0.00241334549410892
"gene-ZC3H6|ZC3H6","ZC3H6",7.61276976652297,-0.409695809092246,-0.717111350190555,0.728909043623637,-0.636159395144587,6.82533067590429,0.000135209728167524,0.00241334549410892
"gene-COPS2|COPS2","COPS2",3.77132847349824,0.110306657998054,0.508867992602374,-0.735068422276914,0.521685859832856,6.82630743502841,0.000135040384719168,0.00241334549410892
"gene-LOC140684767|LOC140684767","LOC140684767",-4.98748443822571,2.75140560680623,-4.35867746202535,-4.35543221353193,-0.684038892422169,6.82151808489426,0.000135872819896085,0.00242238696761741
"gene-ERRFI1|ERRFI1","ERRFI1",4.70389497942979,-1.06095535306514,-0.885714548079072,1.75374518926015,-0.913747544294406,6.8192284225371,0.000136272647563947,0.00242615217294719
"gene-RNF214|RNF214","RNF214",5.17565048654163,-0.864737955714059,-0.488400936027021,1.0251861663095,-0.847134983984835,6.81851445675724,0.00013639756965842,0.00242615217294719
"gene-TRMT112|TRMT112","TRMT112",1.99426774384442,0.605560094543718,-0.0148110290480269,-1.32714890609035,1.10134013616854,6.81508073196685,0.00013700001298645,0.00243407026517257
"gene-CCDC142|CCDC142","CCDC142",4.93382293613788,-0.30388226803311,0.913285726905878,1.4450914594507,0.476052685028359,6.80958746275382,0.000137969496541511,0.00244848389791271
"gene-POLR2J|POLR2J","POLR2J",5.85444630629567,-0.073061693682807,-0.432599014987752,0.658345938311461,-0.43037830874095,6.80369871037245,0.000139016613948755,0.00246424066535736
"gene-LOC100231542|LOC100231542","LOC100231542",-5.05706559415136,4.46978575328119,-0.772668388658316,2.35553477942768,0.710623590973169,6.79057061518561,0.000141380521077364,0.00250327638864096
"gene-HDLBP|HDLBP","HDLBP",6.44742333135129,-0.24397991120909,0.599925742249368,0.562428198555296,0.282180185993153,6.78493698161584,0.000142407575605605,0.00251841449305746
"gene-ALYREF|ALYREF","ALYREF",3.70035416247208,0.283630955758658,0.10892894433388,-0.314236892233265,0.695079798574056,6.78409913450155,0.000142560975503608,0.00251841449305746
"gene-LAPTM4A|LAPTM4A","LAPTM4A",8.92049114787825,-0.441066027097991,-0.314468834266642,0.315278997341825,-0.838528802077865,6.78221566568209,0.000142906436889984,0.00252163866690137
"gene-CHMP6|CHMP6","CHMP6",3.16284370055206,0.709670030774593,0.0785127435669581,-0.753585630337358,0.883242835514826,6.78077068075824,0.000143172055966768,0.00252344825294502
"gene-NET1|NET1","NET1",0.470315375585146,3.84376110081744,0.249746480297296,-3.51959005351922,2.06108764464871,6.77492648388684,0.000144251532605378,0.00253958187379774
"gene-RFESD|RFESD","RFESD",6.8636824209406,-0.294352675183159,-0.147916149368001,0.83991729961473,-0.861246694772327,6.77297999714328,0.000144612921234533,0.00254305108648228
"gene-KLB|KLB","KLB",1.61491491832145,-0.371716858255245,-1.13872113796524,0.349328160622556,-0.928789914552667,6.76883565532599,0.000145385472065568,0.00255373459729247
"gene-CNGA4|CNGA4","CNGA4",2.21146157889515,2.38138889326581,6.1997385916421,13.7693329898274,-2.01120482059676,6.88544696802028,0.000145748982005085,0.00255427401083016
"gene-SLC25A38|SLC25A38","SLC25A38",6.37209616410255,-1.53767619719222,0.521283449628005,1.72266035127313,-1.64818233650365,6.7668377175385,0.000145759424194806,0.00255427401083016
"gene-LCLAT1|LCLAT1","LCLAT1",1.43752715125138,0.889025405020301,0.464433415910352,-1.20206636010884,1.05573834626827,6.76602748979747,0.000145911355449038,0.00255427401083016
"gene-ZFYVE27|ZFYVE27","ZFYVE27",4.18235493441544,0.505292163469878,0.645551856695205,0.261291725570515,0.857405116559637,6.75652083245081,0.000147706223493848,0.0025827726650478
"gene-ZEB1|ZEB1","ZEB1",0.957516165635103,1.20047622959772,0.113909271903462,-3.59679417728991,1.62281180955236,6.75363769741675,0.000148255036694331,0.00258817247868757
"gene-DARS1|DARS1","DARS1",2.04929922742707,1.48151709908275,0.25298346819767,-2.16418725881746,1.56725238595317,6.75226652054937,0.000148516779390925,0.00258817247868757
"gene-LOC116806864|LOC116806864","LOC116806864",5.93722912431532,-0.155473495597528,-0.567236552177183,0.296866111714534,-0.465682586798006,6.75252744772763,0.000148466934665757,0.00258817247868757
"gene-GLE1|GLE1","GLE1",6.00867115219586,-0.278455188316712,-0.110723366546403,0.0582944051778389,-0.874452739555586,6.74645583926202,0.000149631258289261,0.00260300677982784
"gene-PMAIP1|PMAIP1","PMAIP1",-0.740931359415804,1.22013613103251,0.0186596749738744,0.960392838116359,-0.586471585227173,6.74607590052369,0.00014970442869446,0.00260300677982784
"gene-LOC140682150|LOC140682150","LOC140682150",2.11297395798738,-0.990781042281676,-1.23541167390427,1.18054812799484,-1.17419698771262,6.74270418396939,0.000150355383769766,0.0026113912052044
"gene-LPCAT3|LPCAT3","LPCAT3",2.0949174772475,1.5414361012926,-0.340506946070841,-3.11062673994461,1.50340090338913,6.73961594402085,0.000150954163106134,0.00261156285143348
"gene-KCTD17|KCTD17","KCTD17",0.306478366284855,2.87489218272171,-0.333994658423238,-2.39189630238261,1.37459934590336,6.739177799578,0.000151039313360081,0.00261156285143348
"gene-GIGYF2|GIGYF2","GIGYF2",8.21011271316243,-0.579745515350981,-0.470659641357965,0.676553324062721,-0.588858156916604,6.73917268785684,0.000151040307078059,0.00261156285143348
"gene-NFIC|NFIC","NFIC",5.94473493440083,-0.081702791095383,1.17472694085296,1.18701535194325,0.543749359301766,6.74078928704828,0.000150726375197918,0.00261156285143348
"gene-LRP8|LRP8","LRP8",-2.87522262799375,3.47015826632263,1.33558180702497,-4.75365410300042,4.29785515294238,6.73730195539255,0.000151404428953742,0.00261493698444103
"gene-SPG7|SPG7","SPG7",5.93186361955722,-0.437802099422668,0.482402533856099,0.808001452652141,0.0924718868004118,6.73495041721904,0.000151863416001112,0.00261994020358662
"gene-LOC116806979|LOC116806979","LOC116806979",3.45068312260627,1.21334399304848,0.277887254305421,-1.07071249068854,0.917559037005487,6.72555948213156,0.000153710703596429,0.0026488565012859
"gene-CDKAL1|CDKAL1","CDKAL1",2.06132491580811,0.0444337201606493,0.537910795887378,-1.59274801199838,0.494682186474977,6.72098832856772,0.00015461823708297,0.00266153194533811
"gene-RASSF6|RASSF6","RASSF6",-3.00890774160594,3.62865367605509,0.113775811155503,-1.90874193357215,-0.790217851495589,6.71903736457767,0.000155007246970298,0.00266230537942882
"gene-LOC100223308|LOC100223308","LOC100223308",3.86183482003888,-0.257111995096947,-0.760471365031518,1.44032055482878,-0.665157003373636,6.71951435222786,0.000154912045819349,0.00266230537942882
"gene-ZFAND2B|ZFAND2B","ZFAND2B",5.85386373343646,-0.50382995923623,0.590262271297703,0.884613825583876,0.16356087760552,6.71692132663301,0.000155430309167551,0.00266661201149429
"gene-FAT2|FAT2","FAT2",0.254245804481556,1.98789483820079,-0.662696876564528,3.93133518254669,-0.448219897912598,6.71133066498964,0.000156553777765105,0.00268291219370432
"gene-SETD3|SETD3","SETD3",1.49894521457134,1.03532443812165,-0.112678812725375,-2.20880229859144,1.12472952738625,6.70590615547104,0.000157651837854964,0.00269696569193947
"gene-ACADL|ACADL","ACADL",3.08603556927728,0.650153348546577,0.369687684568435,-1.82426688308476,0.922820968039185,6.70555896178256,0.000157722387800014,0.00269696569193947
"gene-FANCD2|FANCD2","FANCD2",2.74400727470078,-1.06486327131428,-1.18913089761151,2.17569529177647,-0.691920347835372,6.70001987140378,0.000158852333608395,0.0027132890315562
"gene-MARF1|MARF1","MARF1",6.49008951812867,-0.078908963840745,0.161117873836493,-0.454162309333419,0.403558175280505,6.69287210084323,0.000160322751075517,0.00273538541664127
"gene-LOC100227296|LOC100227296","LOC100227296",2.65037706347883,-0.757885962544206,-0.500497375200532,1.78170488076707,-1.13977093184599,6.68831176173363,0.000161268194457432,0.00274760734014847
"gene-CREB3|CREB3","CREB3",3.57261186913755,0.896287345790186,0.269740389332326,-2.073735623271,0.852041915703951,6.68770610497722,0.000161394188833277,0.00274760734014847
"gene-TIMP2|TIMP2","TIMP2",3.38796621064438,2.24523739904464,0.0876616715182667,-2.07192092614647,1.56804047012977,6.68012717458029,0.000162979411685894,0.0027715454899332
"gene-ABCB6|ABCB6","ABCB6",7.18267450986603,0.406110502883044,0.608176044366763,0.0440347963501593,0.756942284257237,6.67732106065842,0.00016357039595683,0.00277566577553151
"gene-QSOX1|QSOX1","QSOX1",0.991775733318788,4.17558587617005,0.611024816551925,-1.59384030030428,1.93434522051318,6.67667139572139,0.000163707533018469,0.00277566577553151
"gene-SUPT6H|SUPT6H","SUPT6H",6.63280436467171,0.398367787724126,0.344647223527951,-1.51980120725041,0.756981141378199,6.67642395235571,0.000163759796643636,0.00277566577553151
"gene-PWWP2A|PWWP2A","PWWP2A",5.12140071749736,0.0465554755579702,0.684852443039722,-0.0534136477488578,0.489954027828517,6.67486258611266,0.000164089975627185,0.00277821922629178
"gene-LOC100225050|LOC100225050","LOC100225050",-2.37888446053859,1.46604794354586,-3.69766858855832,2.83727962043199,-0.482199414581902,6.6706441240117,0.000164985471738703,0.00279032806028025
"gene-DYNC2H1|DYNC2H1","DYNC2H1",1.12902860415535,-0.087279303221894,-0.637745107403191,1.5795510701697,-0.634784292240925,6.66836425364009,0.000165471532778163,0.00279549341674898
"gene-RPL22L1|RPL22L1","RPL22L1",7.54356596717482,-0.680641582008363,-1.1490488749212,0.90092208032733,-0.936703703739508,6.66575731556095,0.000166029127893001,0.00280185469372322
"gene-MASTL|MASTL","MASTL",3.6755956849644,-2.045295520454,0.855314735932487,4.33635640663961,-1.82750618762182,6.6602129042668,0.000167221447109206,0.00281890184533221
"gene-MTFR1L|MTFR1L","MTFR1L",3.88643036016431,0.297814145056338,0.246349107914666,-0.979051427576394,0.71278374250291,6.65319093502776,0.000168744156935291,0.00284147533033039
"gene-GLCE|GLCE","GLCE",2.01358206503958,0.861351195311134,-0.21007401405135,-0.660238832964166,-0.349679646853174,6.65162282585425,0.000169086142946084,0.00284413919792462
"gene-DDX18|DDX18","DDX18",2.79926495408703,-0.767718535087233,0.420599514868563,1.97845162834292,-1.20532337636634,6.64947996864597,0.000169554627015249,0.00284892275033765
"gene-MORC2|MORC2","MORC2",3.66417964806414,-0.223816598121296,0.506005065771817,0.247276690457485,0.322719607875313,6.64687683408097,0.000170125535046771,0.00285541502695096
"gene-UEVLD|UEVLD","UEVLD",2.82286585644361,0.224196698920506,0.387240766358367,-0.967120011575158,1.00519904189219,6.64296808702279,0.000170986497842813,0.00286675628831802
"gene-LOC115497326|LOC115497326","LOC115497326",3.24699165418798,0.319442320005225,-0.805150601538357,1.81529248408145,-0.718343969432289,6.63018589233434,0.000173833377475869,0.002911332809999
"gene-RBM33|RBM33","RBM33",8.10104757115482,-0.774336238320995,-0.576436436217795,0.66415275109399,-0.793545127988855,6.62814602362911,0.000174292189775238,0.0029158612289425
"gene-LOC105759033|LOC105759033","LOC105759033",0.0375400153756336,1.68341741872296,0.267566574831899,-5.05425053779033,2.20965716351682,6.62606259703217,0.000174762084220787,0.00292056506837653
"gene-MVD|MVD","MVD",3.93051821251555,-0.241643613579773,0.227869753992961,0.906279980552866,0.549829902956588,6.62118227579118,0.000175867892588987,0.00293587447444937
"gene-RNF6|RNF6","RNF6",6.13576068294013,-0.966915131560735,-0.147757770954477,1.73854140276793,-0.853390398638943,6.61770336567309,0.000176660550600411,0.00294592890144544
"gene-HMMR|HMMR","HMMR",0.303311704907745,-0.842804682612341,-1.22737229752841,0.71767943266647,-1.12663816953473,6.61167871986933,0.000178041943033617,0.0029657686420293
"gene-CCS|CCS","CCS",1.75315801744011,-0.00697714609101414,0.595733731256919,0.567380305468404,0.822984142788739,6.60766934057809,0.000178967403122488,0.00297478041172987
"gene-SREK1|SREK1","SREK1",5.20050218310397,-0.551281474974126,0.36209452568575,0.154803602963557,0.10354355881684,6.60841644768562,0.000178794578961112,0.00297478041172987
"gene-ORM2|ORM2","ORM2",0.936700054095502,3.20739783535312,-0.0968200745718879,-1.8286640965651,0.508330940016621,6.59600457259758,0.000181688129723602,0.00301676374192355
"gene-BST1|BST1","BST1",1.89698247222668,3.22235310215436,-0.534010727073132,-2.96621417188673,1.47178556153849,6.59221559342219,0.000182581001114103,0.00302833975588504
"gene-MDN1|MDN1","MDN1",4.16777011689562,-0.498793563541634,-0.586163141700291,1.15533678173351,-0.799715072902893,6.5824589554065,0.000184900966308386,0.00306353581758273
"gene-ZBTB21|ZBTB21","ZBTB21",6.90392025468072,-0.707234455541994,-0.0835777640229519,1.02807608785752,-0.945879228005646,6.5811295188088,0.000185219421358516,0.0030655299952118
"gene-FICD|FICD","FICD",4.71518880375849,-0.688544751723103,-1.04045203404731,0.890026373271842,-0.756949505236936,6.57728549764182,0.000186143398678901,0.00307753108392735
"gene-NAT10|NAT10","NAT10",4.3142387990461,-0.347069974832257,-1.10332409122458,1.67249554865803,-0.462843586126427,6.57184000502207,0.000187460433512566,0.00309599808816111
"gene-ENO1|ENO1","ENO1",3.52649548788089,2.34685532959926,-0.0300094579968955,-3.64265172243985,1.43031356630512,6.56849641425536,0.000188273849039243,0.00310611707236918
"gene-TAL1|TAL1","TAL1",10.5143070862307,-0.391102068428261,-0.361179874500903,0.243907018362141,-0.742414382735788,6.5601854282811,0.000190311464899202,0.00313638969043146
"gene-LOC115497205|LOC115497205","LOC115497205",4.95529969770564,-0.279909720955736,-0.210268977731983,1.10261999478016,-0.620909601510577,6.55821741513799,0.00019079727563373,0.00313901665669879
"gene-PANK4|PANK4","PANK4",3.17995010468565,0.375781496682317,-0.011681975404828,-0.757579029875112,0.794038431135288,6.55714806701809,0.000191061782095043,0.00313901665669879
"gene-C3|C3","C3",1.66417095978774,3.39533501779562,0.36432356778206,-4.18847626383348,1.74065092158407,6.55707690167977,0.000191079398423926,0.00313901665669879
"gene-RBMX|RBMX","RBMX",5.18205412655775,-0.729403023644339,-0.479248800962423,1.15784040738203,-0.632007808011824,6.5539636879219,0.000191851682137387,0.00314836137972011
"gene-MYH11|MYH11","MYH11",3.69987384329828,-0.0293255851576096,-0.840088063992483,1.62595088770538,-1.29931502800127,6.56083408572912,0.000193767469309147,0.00317307046302546
"gene-PNRC2|PNRC2","PNRC2",7.43806242429728,-0.726099156549213,-0.180859458652795,0.763822939467608,-0.697140617307738,6.54694297449329,0.000193605081819076,0.00317307046302546
"gene-DIPK2A|DIPK2A","DIPK2A",0.727486128835815,0.580740232350791,-0.0601693137152568,0.787296887023525,-0.542149340180556,6.54418109258334,0.000194299358752797,0.00317841710010522
"gene-RDH10|RDH10","RDH10",1.18380442890723,-1.10292089685513,-0.708902705592199,1.6237721185685,-1.15840543875588,6.53958257798091,0.00019546100725196,0.00318731199918239
"gene-BCL11B|BCL11B","BCL11B",2.79269756693273,1.10070661951501,0.403116830687588,-4.13434087719505,1.80701876835018,6.54042105587104,0.000195248665278185,0.00318731199918239
"gene-PFKL|PFKL","PFKL",1.38957764248493,2.56670855230937,0.51226085020591,-3.23827546201485,2.25234289451358,6.53988816918576,0.000195383589736396,0.00318731199918239
"gene-MAEA|MAEA","MAEA",10.1537640162321,-0.436941115755911,-0.800305377487665,0.0680477285683736,-1.08440632621027,6.53727795469737,0.000196045869587904,0.00319025834552355
"gene-C15H12orf43|C15H12orf43","C15H12orf43",4.49077275659131,-1.56011614366706,-0.0318611967806755,2.25544819805048,-0.938661732802906,6.5372459576958,0.000196054002364646,0.00319025834552355
"gene-CYP27A1|CYP27A1","CYP27A1",0.782879234588146,2.08682461182036,0.458765732724298,-3.78175841480568,2.19679561369888,6.53585791705413,0.000196407138917695,0.00319264755751191
"gene-PIGU|PIGU","PIGU",3.86661483209573,0.760913171563961,0.0868300488337822,-0.228565661466072,0.893309966331397,6.53475797578905,0.000196687443266389,0.00319384909186502
"gene-LOC105759311|LOC105759311","LOC105759311",-0.389794241838002,0.797144782591918,1.71702765169731,-0.0585175740722909,1.53530688894297,6.52773694510119,0.000198486366920236,0.00321968189527322
"gene-SELENOM|SELENOM","SELENOM",5.0448933820324,-0.576016291623149,0.655684537171414,0.713508109434515,0.249782989240063,6.51958504820062,0.000200596270045657,0.00324709966418049
"gene-BCL7A|BCL7A","BCL7A",3.91957789718263,1.17831785911504,0.393655863334851,-1.69317519889049,1.45694430766624,6.52036085801363,0.000200394483520202,0.00324709966418049
"gene-LOC121471105|LOC121471105","LOC121471105",3.26119949615563,-0.571817502447111,0.328980485953454,2.11743368141778,-1.15157668916618,6.51324116645242,0.000202254155585046,0.0032671013128169
"gene-HNRNPA2B1|HNRNPA2B1","HNRNPA2B1",7.84952141754558,-0.478250278838429,-0.435367804459426,0.728344663675149,-0.560286735821896,6.51331471794504,0.000202234853456909,0.0032671013128169
"gene-RAD54L2|RAD54L2","RAD54L2",4.07948645761545,0.405500034367856,0.797749158283204,-1.1834244718701,0.784350492086522,6.51162751476699,0.000202678103151419,0.00327053560611909
"gene-LONRF3|LONRF3","LONRF3",8.34174527968993,-0.922660359565722,-0.648847509940877,0.940261287737093,-1.03576030292838,6.50616220219335,0.000204120777318809,0.0032879532081011
"gene-CC2D1A|CC2D1A","CC2D1A",4.65122089839244,-0.323676049990838,1.04152071829728,1.19633802448359,0.657274662605773,6.50592954472154,0.000204182425394841,0.0032879532081011
"gene-LOC140682214|LOC140682214","LOC140682214",4.77442676781405,-0.935947689900304,0.339283206058155,1.30545680868655,-1.5155997948349,6.5032082640671,0.000204904915141865,0.00329487392881402
"gene-LOC140680360|LOC140680360","LOC140680360",3.26191779274518,-1.29037025080744,-1.1057219411683,1.37599745038436,-0.854707331348747,6.50270793936336,0.000205038035117796,0.00329487392881402
"gene-LOC115498499|LOC115498499","LOC115498499",-4.35414210543168,6.35911900603007,0.84634979327555,-1.57308693912023,1.36991774143001,6.49566143290482,0.000206922347819983,0.00332170470177826
"gene-PPP6R2|PPP6R2","PPP6R2",7.05312257049643,0.203558545509351,0.281776172145599,-0.503336368715246,0.699891595147279,6.49300386916717,0.000207637622652609,0.00332973286067267
"gene-XPO6|XPO6","XPO6",5.60623315746005,0.0543826039524001,0.366820171440373,0.187042313464836,0.585076986379228,6.48175235082175,0.00021069419727327,0.00337176080951794
"gene-CENPK|CENPK","CENPK",2.0496595002409,0.622537936295359,-0.0879998511250628,-1.57720816243295,0.845847417651523,6.48247888836639,0.000210495437543717,0.00337176080951794
"gene-LOC140683832|LOC140683832","LOC140683832",2.59054970507164,-0.549838931303814,-1.680082192213,1.99789874321346,-1.73439024266648,6.50223344015298,0.000210983558387809,0.00337290347732577
"gene-CCDC92B|CCDC92B","CCDC92B",-2.55854676099314,6.25377170860435,3.02615785147147,-5.3179255812375,4.43594142397263,6.4785902475631,0.000211561506457683,0.00337865254121016
"gene-NKRF|NKRF","NKRF",7.67639273484431,-1.05966606321056,-0.398418571456253,1.61842347615367,-0.969968183114,6.47612860168038,0.000212239231767345,0.00338598155835017
"gene-AUP1|AUP1","AUP1",6.39106660463938,-0.429861939257723,0.483129342178627,1.25437356974292,0.385892471885192,6.4742036531649,0.000212770750990627,0.00338747671973247
"gene-ATG14|ATG14","ATG14",3.39255349886127,-0.828650529157105,0.181741251989876,1.44614822133022,-1.05430886595267,6.47497428632729,0.000212557798788145,0.00338747671973247
"gene-PSMB1|PSMB1","PSMB1",4.93425093029913,0.885388386918836,0.00353605806601557,-0.869079663337133,0.889999146439112,6.47260646476852,0.00021321280691064,0.00339102588586039
"gene-LOC100221041|LOC100221041","LOC100221041",-0.0156058213918783,0.795560575838517,1.2354720529758,-0.655910553884499,1.25948814008987,6.47143100990635,0.000213538741877608,0.00339272282397945
"gene-UBE2R2|UBE2R2","UBE2R2",6.6628948080011,0.222172584793894,-0.313882047955655,-0.0534020073517497,-0.644391682875487,6.4701424248388,0.000213896634397459,0.00339492350492378
"gene-MAPT|MAPT","MAPT",5.83932167629758,0.0314468458933105,0.905175067308257,0.032177430759103,0.685169751658115,6.46863039668963,0.000214317372243911,0.00339811612241243
"gene-LOC121469778|LOC121469778","LOC121469778",1.86916043930056,-1.46980572043618,-1.23573773226596,1.02602316791465,-1.52784620630071,6.46436883484475,0.000215507779160161,0.00341349322671801
"gene-G3BP2|G3BP2","G3BP2",5.53589228496987,-0.807591320118605,0.00385516395034659,0.381490506730926,-0.0421274760027085,6.46142805098845,0.000216333205727806,0.00342306376138833
"gene-DPH2|DPH2","DPH2",2.4703424868024,0.702129623485709,-0.1668155887925,1.24485184510328,-0.300901967516345,6.45966842227251,0.000216828655536919,0.00342739881964639
"gene-TXNDC17|TXNDC17","TXNDC17",3.22754207338381,-0.170123616193725,0.650706728014104,-0.0839782915631967,0.539075729870162,6.4586783418494,0.000217107939950868,0.0034283116027956
"gene-ANKRD22|ANKRD22","ANKRD22",0.0051613493915982,2.53491132249407,-0.844968734900901,-2.21496531498135,0.626552313785903,6.45524937527217,0.000218078051889031,0.00343306564642458
"gene-LOC140685061|LOC140685061","LOC140685061",4.05067118646572,0.535085380960118,-0.171375475716785,0.116503659671505,-0.699818036109756,6.45447980522466,0.000218296387468936,0.00343306564642458
"gene-CTSA|CTSA","CTSA",3.8560162058973,2.01984925688469,0.339978024354026,-1.73761922081766,1.06418779078715,6.45560267595443,0.000217977891724574,0.00343306564642458
"gene-CADM4|CADM4","CADM4",0.401939109739234,1.13228379649383,-0.691954308330102,1.78144866683065,-0.408615400159126,6.45464378034207,0.000218249847080956,0.00343306564642458
"gene-SRP72|SRP72","SRP72",5.78494996867793,-0.229411351238783,-0.0100117475830759,0.123563985236466,0.299559417608819,6.45039121843127,0.000219460137565805,0.00344786358256937
"gene-MRPL16|MRPL16","MRPL16",3.58628767664251,-0.331955386214327,0.815703800926317,2.18074622731974,0.330346934745304,6.44929858628945,0.000219772215778006,0.00344926474560308
"gene-SUDS3|SUDS3","SUDS3",7.13154947459478,-0.906821867765812,-0.466890980357616,0.7078373545675,-0.872138475608449,6.44794459882662,0.000220159575219989,0.00345184339060723
"gene-LOC115494886|LOC115494886","LOC115494886",5.5231967085874,-0.47873637220071,-1.12959922158116,-0.39244435091321,-1.32037308154178,6.46453948121718,0.000220479527185531,0.00345336101538067
"gene-CHKB|CHKB","CHKB",0.846243233540047,0.696252256361083,0.749628453112918,-0.736361613303653,1.17184775242012,6.44082114114312,0.000222209096079274,0.00347530316480632
"gene-LOC121470096|LOC121470096","LOC121470096",5.16094652042601,0.214726094928475,-0.269782800659773,0.228802000636191,-0.894751235954212,6.43860028235254,0.000222852069898549,0.00347530316480632
"gene-LOC100232561|LOC100232561","LOC100232561",-1.3941935225894,-2.43197181628175,-0.497507916063533,5.07765288300558,-2.51895119414028,6.43681343570121,0.000223370777981202,0.00347530316480632
"gene-MPG|MPG","MPG",3.48744233397921,0.155350893313696,-0.53550067979518,0.597825685413423,-0.716334424307581,6.43852143734135,0.000222874931886923,0.00347530316480632
"gene-ALDOC|ALDOC","ALDOC",4.57572541342831,1.80191116984155,0.117519179731373,-2.69372808530933,0.968946662605634,6.43699712636508,0.000223317396805602,0.00347530316480632
"gene-STAT6|STAT6","STAT6",3.12541162892834,1.57905745758956,0.490326196097257,-1.8497784350068,1.30883615339655,6.43653248361013,0.000223452449045705,0.00347530316480632
"gene-NFKBIB|NFKBIB","NFKBIB",5.3854905780594,0.229740118178123,0.762298710217054,0.295676006174922,0.800456243352682,6.44031382434367,0.000222355804151985,0.00347530316480632
"gene-GNAI2|GNAI2","GNAI2",5.17652418819127,1.53099034330843,0.16683626328448,-2.43815940880954,0.917946662187399,6.43292599774155,0.000224503561686953,0.00348814519789719
"gene-GPATCH4|GPATCH4","GPATCH4",0.915457221205489,-1.25592893941714,-1.26526318249891,2.47688053363865,-0.526911966162069,6.42780191624662,0.000226005722847598,0.00350796244841182
"gene-ZMYM3|ZMYM3","ZMYM3",3.4416109782203,-0.65567763413741,-0.72481626553654,1.09492360319143,-0.929599668222328,6.4242696283876,0.00022704724856019,0.00352011983824859
"gene-LOC140684541|LOC140684541","LOC140684541",-3.56342637262754,0.682216233878783,-3.99297706167845,1.62171519353842,-1.6247920373746,6.42360448275423,0.000227243923645257,0.00352011983824859
"gene-JTB|JTB","JTB",4.83149025557856,-0.613909009981341,0.587809545936072,1.40185212535252,0.0943751397227921,6.42065877595018,0.000228117038128355,0.00353011116503629
"gene-LOC140684714|LOC140684714","LOC140684714",4.52339751996642,-0.446862757238586,-1.51615806991954,-0.325421307443797,-1.18128832896353,6.41767096032686,0.000229006155410231,0.00354032992504828
"gene-LOC115496343|LOC115496343","LOC115496343",1.51028604513213,-0.733798180503785,-1.32708110550604,0.455429452291671,-1.17128995937342,6.40628029535134,0.000232428594651867,0.00358965319584595
"gene-KDM3A|KDM3A","KDM3A",6.91119421167066,-1.39177501691393,-0.497798666916074,1.10526150109836,-1.04310021109182,6.40129241278418,0.000233943756852295,0.00360258848274604
"gene-LIAS|LIAS","LIAS",4.36963683352358,0.866983841361714,-0.107754276683224,-1.08855482285371,1.03945621944791,6.40070547336085,0.000234122716764444,0.00360258848274604
"gene-CCNK|CCNK","CCNK",4.40717816162834,-0.688288019114233,-0.382118436377843,0.941858793687634,-0.695184236012564,6.40131194062535,0.000233937805160746,0.00360258848274604
"gene-CASTOR2|CASTOR2","CASTOR2",5.08401234060873,-0.695385609841716,-0.254690495655705,2.10176235831366,-0.862889032036598,6.40046082827307,0.000234197351447012,0.00360258848274604
"gene-WDR12|WDR12","WDR12",2.20562580749457,1.08495676812543,-0.157495299360106,-2.25059541061038,1.26357296257276,6.39296347168737,0.000236496488240914,0.00362713890537972
"gene-LOC115497435|LOC115497435","LOC115497435",8.59562719258738,-0.00241447688862462,-0.787785184991341,0.755367298965424,-0.643922805674974,6.39366540248029,0.000236280253858861,0.00362713890537972
"gene-FAM187A|FAM187A","FAM187A",-1.13675488203348,1.86785275913175,0.290055315460389,2.06040934561785,-0.500331007233506,6.39424134769137,0.000236102981884742,0.00362713890537972
"gene-LOC100225363|LOC100225363","LOC100225363",5.06432715153906,-1.41137348793843,-0.37031534314068,1.462428157123,-1.29095244012972,6.39028499861772,0.000237323479359093,0.0036362186565168
"gene-DOT1L|DOT1L","DOT1L",7.7370383333525,0.0526667733120393,0.312611239166244,-0.325809334934004,0.569199388699231,6.37924534763117,0.000240763507339666,0.00368220250299548
"gene-ALKBH7|ALKBH7","ALKBH7",5.38982562266961,0.24921314720243,1.26269397404905,1.12042555156574,0.828447495612803,6.37912726836237,0.000240800577255666,0.00368220250299548
"gene-LOC115493074|LOC115493074","LOC115493074",-0.233134334475428,0.899664316348357,0.78966105996824,-4.29067409606983,2.8261335360408,6.37744221611446,0.000241330223545425,0.00368665864695504
"gene-IPO5|IPO5","IPO5",2.46665726306427,0.86938093967386,0.216063603322958,-1.98576162431237,0.890535197671668,6.37394412071756,0.000242433571174619,0.00369621626987905
"gene-SEMA4A|SEMA4A","SEMA4A",2.01692611459435,1.7539933181623,0.454890305307791,-2.16667238163509,1.26873326376886,6.37449579899449,0.000242259220588697,0.00369621626987905
"gene-SMARCD1|SMARCD1","SMARCD1",5.99970166128826,-0.503097356276519,-0.534575776631297,1.57860630116205,-0.593387572717765,6.37124651816115,0.000243287970890396,0.00370559187945756
"gene-MTMR9|MTMR9","MTMR9",4.49744953564647,-0.635071872096443,0.0749476938972284,1.1085765686331,-0.870871712834462,6.36814370594383,0.000244274537581301,0.00371696014657879
"gene-SNX3|SNX3","SNX3",4.71888952253205,-0.0989503340273349,0.0389809552982471,-0.512982384661724,0.501152977707521,6.3630667963835,0.00024589765992626,0.00373798260054899
"gene-MOSPD1|MOSPD1","MOSPD1",3.03950516356191,0.420524814331407,0.488543624899769,-1.56117592945964,0.770558915607159,6.3603333983725,0.00024677613053649,0.00374765517178821
"gene-LOC115498119|LOC115498119","LOC115498119",1.33190214236733,0.444703603573547,-0.401071898139827,2.71346224185668,-0.8930324588278,6.35567737770667,0.000248279932536906,0.00376679603530257
"gene-TWSG1|TWSG1","TWSG1",1.527777795592,-1.44374794859232,-1.04692179463771,1.25522002648109,-1.7442939412081,6.35022907314177,0.000250051586993566,0.00378488985878688
"gene-KIAA0513|KIAA0513","KIAA0513",-0.935812213052451,3.62563382746161,0.819082026387194,-5.37092679708196,1.63863098123682,6.35023487636288,0.000250049693035203,0.00378488985878688
"gene-LOC121468577|LOC121468577","LOC121468577",0.723076715912565,-0.294941652098399,1.35465296304619,0.87653520610026,0.586419462311708,6.34975520713726,0.000250206289210919,0.00378488985878688
"gene-LOC100229139|LOC100229139","LOC100229139",2.05097216088381,-0.202308268769942,-1.10029365175732,1.40492629927728,-1.18732509970133,6.34874565600264,0.000250536203615563,0.00378617944428793
"gene-LOC115496564|LOC115496564","LOC115496564",1.93117298180188,-0.553141617880689,-1.04875180189811,0.245783377216395,-1.22536599531868,6.34750874910683,0.000250941025641858,0.00378859743591
"gene-HEXIM1|HEXIM1","HEXIM1",11.4598166479079,-0.0696080209424316,-0.6952343418137,0.329134677530424,-0.603660389152261,6.34614810845858,0.000251387120266984,0.00379163322235047
"gene-TMEM150C|TMEM150C","TMEM150C",-2.44453625693552,1.88124522632505,-1.84657111364648,-0.124678032631238,-0.506415816321548,6.34413800139571,0.000252047637929808,0.00379520706093082
"gene-ENPP7|ENPP7","ENPP7",-3.60688464704199,3.3744082404637,-0.528874709262045,-7.45325217274316,4.63908856739694,6.3439346357921,0.00025211456275521,0.00379520706093082
"gene-ZNF821|ZNF821","ZNF821",4.22104528169509,-0.414335766220464,0.29652549548088,0.761266319515333,0.293833461545726,6.34138867369944,0.00025295395049364,0.0038041422583956
"gene-G6PD|G6PD","G6PD",2.40721920649343,1.9397502559889,0.0435576271573345,-0.991799896697216,0.922513090912014,6.33557690355916,0.000254880829297164,0.00382939886735302
"gene-CUL4B|CUL4B","CUL4B",8.73937511720751,-0.436627175870526,-0.445711360585274,0.602515068878047,-0.674461489391811,6.33379016945588,0.000255476242422682,0.00383090586384787
"gene-ARL4C|ARL4C","ARL4C",0.999489922667635,4.18775547913839,-0.132265059321577,-3.93639104886019,2.24681402940722,6.33390907179393,0.000255436574938094,0.00383090586384787
"gene-BRPF3|BRPF3","BRPF3",9.17123091984586,-0.0203209919243401,-0.438507181352885,0.422504045557543,-0.458117951284706,6.33278501948029,0.000255811827506672,0.00383222461826307
"gene-LOC140683520|LOC140683520","LOC140683520",-3.53980932511581,4.2766293763342,-0.468394510953652,-3.03262518688797,0.272659736260291,6.33028855313331,0.000256647272530905,0.00384102180117577
"gene-LOC115491103|LOC115491103","LOC115491103",0.157070892289383,-0.0116706886008433,-2.18906941499202,0.723568357339671,-1.7676145743499,6.32621004397472,0.000258018185064894,0.0038558169835834
"gene-CEP78|CEP78","CEP78",0.736706492479385,0.348890581276404,1.39596610181916,0.424200729357433,0.983073946965349,6.3258659851374,0.000258134177382385,0.0038558169835834
"gene-EIF4G2|EIF4G2","EIF4G2",8.63419070651206,-0.70608105490699,-0.353526979436072,0.555116250042428,-0.687765436324221,6.3250627271677,0.000258405187757689,0.00385614298992308
"gene-LSMEM1|LSMEM1","LSMEM1",3.92276227215305,-0.559334777245835,-1.57423407644988,0.633742985833626,-0.881735097006997,6.31939950808323,0.000260324209326742,0.0038790679992564
"gene-CEBPD|CEBPD","CEBPD",2.09934261432252,2.42206316232937,0.11333489237853,-2.15582149366483,0.693011209389132,6.31905107270232,0.000260442756137473,0.0038790679992564
"gene-MRPL21|MRPL21","MRPL21",2.22839849608306,0.0816591785336025,0.840539132842972,-0.283724333889827,0.700510136435205,6.31416979242515,0.000262109337807896,0.0039001365409396
"gene-ETV5|ETV5","ETV5",1.09514177289029,0.486866295521577,1.21170774989389,0.567900564064464,1.03776583643002,6.30992315926893,0.000263568146942276,0.00391807595958859
"gene-ATG2B|ATG2B","ATG2B",7.19205274344741,-0.955973081328279,-0.444204461093653,1.09694523450923,-0.908199438377177,6.30569850695189,0.000265027682568233,0.0039359917348785
"gene-DGAT1|DGAT1","DGAT1",4.90555045179945,0.790667213772944,-0.357121699192899,1.20551359610758,-0.207523489385931,6.30396296972896,0.000265629680793837,0.00394114986604471
"gene-LOC100225286|LOC100225286","LOC100225286",1.59094046217995,3.39953340985953,-1.06145822409299,-4.80839992539488,1.43046821499296,6.30039875288718,0.000266870393775262,0.0039557656548584
"gene-NPHP3|NPHP3","NPHP3",5.1077762709237,0.239017291888129,-0.583381496492061,-0.780030813308996,-0.689485459377149,6.29811404197522,0.000267668837182321,0.00396031553015699
"gene-CCDC39|CCDC39","CCDC39",-0.156462038533369,-0.228502352734706,0.200949769125691,2.51487301230457,-1.34660185216252,6.29805592633606,0.000267689178968931,0.00396031553015699
"gene-EBAG9|EBAG9","EBAG9",4.66608711902406,0.518485920961164,-0.00991723992917276,-0.788872432381094,0.847310625623884,6.2954403995357,0.000268606318415206,0.00397008861267939
"gene-C14H8orf33|C14H8orf33","C14H8orf33",6.66004497090393,-1.03985680604765,-0.45253695227248,1.06298372502807,-0.491960438672114,6.29318307182498,0.000269400449583235,0.00397423446835134
"gene-TPGS1|TPGS1","TPGS1",3.42556905474575,0.367037843150593,0.590295053895053,0.522943291159777,0.804359525031516,6.29332721954511,0.000269349666189449,0.00397423446835134
"gene-PPT2|PPT2","PPT2",4.96759315787634,1.07886658140051,0.669947676094113,-2.59271429955455,1.25448709465471,6.28864783710999,0.000271003250594628,0.00399407171709702
"gene-KCNH2|KCNH2","KCNH2",-1.26338030842881,3.93483732660745,1.91352150257375,3.09278048428075,2.18964656155817,6.28653205208851,0.000271754339691339,0.00399542107041048
"gene-LOC140680315|LOC140680315","LOC140680315",6.55808145040766,-0.457223208956803,0.106993111352357,1.50042998300094,0.0156067499505354,6.28620856793149,0.000271869362658626,0.00399542107041048
"gene-ARF3|ARF3","ARF3",0.121407447278851,2.40059250417204,0.324635359414079,-4.54848788250813,1.84082406479498,6.28701285969734,0.000271583468757852,0.00399542107041048
"gene-MAPKAPK5|MAPKAPK5","MAPKAPK5",6.50521185915197,-0.44778552777551,-0.646224518789409,0.764596232310466,-0.369406136682388,6.27894959885948,0.000274463667502665,0.00402972035541152
"gene-ILF3|ILF3","ILF3",2.72754642101181,1.38304477748589,0.0484510583254978,-2.30113732155409,1.22405175705617,6.27693996324002,0.000275186382292088,0.00403650167390527
"gene-PHF13|PHF13","PHF13",2.91578469129738,0.36485754916317,0.151648420648809,-0.451168166459283,0.767021063609309,6.27268307825027,0.000276723726925854,0.00405520802478939
"gene-TM9SF2|TM9SF2","TM9SF2",5.24584895264024,0.367183337188122,0.0806888966231867,-0.835438263242483,0.661688570965565,6.26836772482818,0.000278291193517908,0.00407046901671987
"gene-IL12B|IL12B","IL12B",-1.72256724452717,3.4647632049985,0.500068949116985,-5.71187374071216,3.45390122190407,6.26904139868162,0.000278045895368904,0.00407046901671987
"gene-YIPF3|YIPF3","YIPF3",2.7912140373785,0.800953162731365,0.522357873421251,-0.747588834448164,0.869725956043195,6.26614550044238,0.000279101927176232,0.00407847244858564
"gene-HORMAD1|HORMAD1","HORMAD1",-1.14231015978272,2.14443978767205,-1.08220473668439,-0.609395838735956,-0.208607880581323,6.26346770432029,0.000280082091101436,0.00408893430169313
"gene-UBN1|UBN1","UBN1",5.83052679356643,0.519884310969055,0.022027983264351,-0.936241065321385,0.814825082037897,6.26227666000431,0.000280519189024681,0.00409145565519033
"gene-DBP|DBP","DBP",2.1895978846306,0.642303676008988,0.46023468444135,2.27172466857919,-0.535057675868989,6.26099506547075,0.00028099030040356,0.00409446788959049
"gene-MYO5B|MYO5B","MYO5B",-1.89888665866985,-2.40342437228579,-2.00472246747975,1.64944906555464,-2.91567648853821,6.25828679713837,0.000281988529229788,0.00410514815600279
"gene-SMARCD3|SMARCD3","SMARCD3",1.36493101431441,-0.710493604526298,-0.39794471535644,1.28310791211701,-1.07887699691639,6.25615528280574,0.000282776736049054,0.0041127537503375
"gene-OS9|OS9","OS9",6.18353442261804,0.106444125389231,0.616817463272383,0.52668903743012,0.520524828382244,6.2544887972417,0.00028339455728491,0.00411786927134646
"gene-C1GALT1|C1GALT1","C1GALT1",3.17627775537027,0.941867197630166,0.401700730504482,-1.35922331390862,1.0230127061964,6.25256994128391,0.000284107658264267,0.00412435835988699
"gene-CAMK1|CAMK1","CAMK1",3.27871447134313,-1.62750519655793,-0.112375546706553,2.71175416542721,-1.45574975025734,6.25034197055603,0.000284937947931933,0.00412603470258396
"gene-NCOA6|NCOA6","NCOA6",4.76646502517717,0.861600660185217,-0.0216104102815343,-1.80219463135052,0.943963477348681,6.25011409162662,0.000285023011118724,0.00412603470258396
"gene-TMOD4|TMOD4","TMOD4",7.24379596745727,-0.553287072191133,1.21295722513848,1.49756815076237,0.167537438298352,6.25063908942849,0.000284827077858683,0.00412603470258396
"gene-MANEA|MANEA","MANEA",0.241332359226754,1.00848236175176,0.933490855885588,-2.5850530258131,1.42462312051591,6.24600336194442,0.000286561961384949,0.00414443584339448
"gene-WSB1|WSB1","WSB1",6.24463580213195,0.200229756134693,0.0293326287475811,-1.23698742409233,1.14326121361754,6.24367186315112,0.000287955404624057,0.00416070017418981
"gene-FGR|FGR","FGR",-0.452851661506993,4.48589623418742,0.0748519755444467,-1.61166185206373,2.69537193743282,6.23593181705224,0.000290368663692758,0.00419165584948267
"gene-MRPS6|MRPS6","MRPS6",-0.401137621913863,1.48704520916294,0.384469564354526,-3.5571950921993,1.98249933884973,6.23107724512859,0.000292222041228194,0.00421055501676564
"gene-PAG1|PAG1","PAG1",-0.0230209464557601,2.93542988514426,-0.476658679124328,-4.9530135092845,1.27881334162653,6.23155801489337,0.000292037952184306,0.00421055501676564
"gene-DCBLD2|DCBLD2","DCBLD2",-0.343401542893445,1.98921555333437,-0.148752952509357,-3.45409461479336,2.34492459813065,6.22897660533501,0.000293027785467625,0.00421493699706463
"gene-LOC140684400|LOC140684400","LOC140684400",-1.31433865443474,1.65644812938695,-2.06775632168831,-4.68773159151879,-1.34851822258058,6.22744775230827,0.00029361564347888,0.00421493699706463
"gene-LOC100218848|LOC100218848","LOC100218848",1.08271412314395,2.39691432771724,-0.582736202960533,-0.879921533921281,0.738038559274623,6.22872093549636,0.000293126008622095,0.00421493699706463
"gene-DRAP1|DRAP1","DRAP1",4.88113944293875,0.199651739086645,0.837265525802926,0.574592399565287,0.498695314864045,6.22761702283229,0.000293550497819879,0.00421493699706463
"gene-TXNDC9|TXNDC9","TXNDC9",10.2429715594706,-0.704346618497505,-0.955629574440447,0.66985021218312,-0.920608725443995,6.22355414863914,0.000295118246848162,0.00423258097310038
"gene-FIS1|FIS1","FIS1",3.68221802665604,0.499705590980256,0.865524578945378,0.410571373764434,0.951257801541907,6.22142354495338,0.00029594382184171,0.00424049133611154
"gene-LOC140682499|LOC140682499","LOC140682499",1.51433127880588,-0.542591705467676,-1.256634028434,-1.26202551977923,-1.02446714914205,6.22033131014791,0.000296367964788993,0.00424264038400525
"gene-SOD2|SOD2","SOD2",8.4651445249692,-0.504720104933242,-0.595557674384105,0.183505100759592,-0.769736162598961,6.21869190996142,0.000297005758385499,0.00424396750380901
"gene-UBTF|UBTF","UBTF",3.7767751644078,0.771704670043906,0.607304911558942,-0.696557579228436,0.840388841442049,6.21823351179101,0.00029718434607047,0.00424396750380901
"gene-LOC140681138|LOC140681138","LOC140681138",1.96983654585124,0.0261019414639378,-1.43317258561843,0.922036215997575,-0.988436248721935,6.21797935614633,0.00029728341028297,0.00424396750380901
"gene-GRIN3B|GRIN3B","GRIN3B",1.66114664227992,-0.643538974097468,-0.22162533894293,3.18223350921785,-1.37156156196643,6.21640399603294,0.000297898207735359,0.00424882466793059
"gene-TLK2|TLK2","TLK2",6.97313797628327,-0.722112255327301,-0.219242654630986,0.974099005121511,-0.633098423997134,6.2141691429252,0.00029877261901962,0.00425737226457516
"gene-LOC115493361|LOC115493361","LOC115493361",3.34348701509911,-0.912560248748982,-1.40337932486054,2.03205312612847,-1.07791200605159,6.21002537146562,0.000300400898150714,0.00427663652151086
"gene-LOC140682086|LOC140682086","LOC140682086",1.89193693156418,0.338113406725991,-0.690032400995483,0.43821133011392,-0.565064043942841,6.20851465071521,0.000300996794850269,0.00428118143410654
"gene-LOC100227800|LOC100227800","LOC100227800",2.25417149950713,0.212437882504728,-0.713437407944948,1.46050961279778,-0.491023112340062,6.20172072637183,0.000303691670824919,0.00431554509275999
"gene-MRPL17|MRPL17","MRPL17",1.7667892238924,1.14506951103038,0.430865735099413,-1.54024440258079,1.27869835506641,6.19783725106382,0.00030524320776857,0.00433361343139323
"gene-TMEM50B|TMEM50B","TMEM50B",2.0893322891894,0.828070975642424,0.467127259369808,-1.29675149223146,0.739244168045021,6.19625975051917,0.000305875778270739,0.00433861381186039
"gene-KATNA1|KATNA1","KATNA1",6.83491614655304,0.379173708854314,0.32613041301436,-0.738492699186546,0.688582041503173,6.18991391975661,0.000308434059989855,0.00437089476038737
"gene-ACTR6|ACTR6","ACTR6",1.92653348309336,0.491097820637013,0.344244487295192,-1.32790547114974,0.963443797372242,6.18603167073609,0.00031000998909574,0.00437719396100053
"gene-TNKS2|TNKS2","TNKS2",6.51834956226841,-0.981363277683326,-0.465523219838704,0.760142171772004,-1.07162437881372,6.18720429050464,0.000309533115404826,0.00437719396100053
"gene-SEPTIN12|SEPTIN12","SEPTIN12",3.86433458443692,1.75229027494629,0.117908121456331,-2.72321571905812,0.799325123044613,6.18625538629045,0.000309918951639034,0.00437719396100053
"gene-TBC1D20|TBC1D20","TBC1D20",5.1151750134834,0.174254224549336,0.208395356421724,-0.556904167953256,0.609073342209213,6.18666843575598,0.000309750939923598,0.00437719396100053
"gene-OPTN|OPTN","OPTN",4.40837809961485,-0.0118809222361691,0.33670659596767,-1.32646243328299,0.468771868176682,6.18228115710578,0.000311540296981164,0.00439479133617459
"gene-WRN|WRN","WRN",5.47231504573852,-0.466251167114376,-0.0102044689598061,0.595758625625115,0.218223968852241,6.17979770132649,0.000312557879654172,0.00440513040769427
"gene-LOC100222446|LOC100222446","LOC100222446",0.71874704762037,-1.37365963364433,-0.733328396317176,1.6421514729429,-1.9425892894393,6.17607519878341,0.00031408955242599,0.00442268955759071
"gene-BIN3|BIN3","BIN3",2.70963118575695,0.893947630331222,0.00988456934206646,-0.958849510727655,1.03675512815032,6.17421041532752,0.00031485973818304,0.00442950404398412
"gene-FOS|FOS","FOS",8.90011095860769,-0.999450421853997,-0.170628143833493,2.33285142180409,-1.13486051688491,6.16963776504426,0.000316756537018202,0.00445172181225378
"gene-CAST|CAST","CAST",4.42688036960528,0.690121984480927,0.569578100790734,-1.43019010089066,0.751897068380199,6.16901836450895,0.000317014373964695,0.00445172181225378
"gene-MGMT|MGMT","MGMT",-3.4356998298641,6.58804504926198,1.18640277896136,-5.79530965017913,5.32943147876264,6.16437893518276,0.00031895248889157,0.00447416345425173
"gene-POLR3E|POLR3E","POLR3E",3.05812951634941,0.193180716636452,0.367138925359765,-0.122950356266699,0.63761849718015,6.16263826163463,0.000319682788429012,0.00447416345425173
"gene-ELOA|ELOA","ELOA",5.27882822762157,-0.0303915370977913,-0.201687757954223,0.0709506763244237,0.358141822055715,6.16243312143691,0.000319768968038928,0.00447416345425173
"gene-NAGLU|NAGLU","NAGLU",3.97955517833071,-0.294485892619172,0.544186602873415,0.915505065247388,0.356077512542031,6.16329370934839,0.000319407593992395,0.00447416345425173
"gene-NR1H3|NR1H3","NR1H3",6.28643645510845,-0.905079628837153,-0.241207367228474,1.59570996633864,-0.761007840299536,6.15838438359004,0.000321474738120914,0.00447892844156501
"gene-MRPS22|MRPS22","MRPS22",1.55482529669048,-0.599013348012063,-0.650646527302196,0.383172601080704,-0.64036672543774,6.15819046488987,0.000321556671959853,0.00447892844156501
"gene-PECAM1|PECAM1","PECAM1",4.60359650209987,-0.557994568818421,-1.63082701433747,-0.179977565921096,-0.358170762243545,6.15881120468103,0.000321294474714835,0.00447892844156501
"gene-LOC140681732|LOC140681732","LOC140681732",3.4351862286005,-1.4208273228386,0.383642552290739,2.05612774444758,-1.53607176572723,6.16051250634876,0.000320576978754468,0.00447892844156501
"gene-GOLPH3|GOLPH3","GOLPH3",3.93036737873322,-0.387726036859788,-0.0754100354570306,0.615106532082194,-0.738656388289454,6.15947275950128,0.000321015279102072,0.00447892844156501
"gene-LRP1|LRP1","LRP1",2.36486218603314,4.32135533520028,-0.0903581052779305,-5.33389074303261,2.49179636346213,6.15785818987936,0.000322261591970886,0.00448471055373154
"gene-ANKRD13B|ANKRD13B","ANKRD13B",-0.222538905602731,2.14765687316595,0.64902956545387,-3.25951273541575,2.18468603974823,6.14773175756333,0.000326007568559225,0.00452894548481013
"gene-OSGEP|OSGEP","OSGEP",4.70913510853429,0.079603074756866,0.99897433297754,0.347838052357226,0.649380511043035,6.14768982039055,0.000326025542492955,0.00452894548481013
"gene-RPE|RPE","RPE",4.61973442679987,-0.48502534554197,0.0884395878930508,0.184747802646336,0.467399746910869,6.14344880193832,0.000327848474329629,0.0045501839822879
"gene-LOC101232903|LOC101232903","LOC101232903",0.533790169562101,1.87474482064572,-2.02647177593636,1.82791430037891,0.344091351404752,6.13517524179867,0.000331434917299253,0.00459583812294439
"gene-KIZ|KIZ","KIZ",-0.835127126754187,0.908403400072051,0.142790451742761,-3.33092263491406,1.90769913297606,6.13123496600704,0.000333157096795627,0.0046155828763763
"gene-ANGPT1|ANGPT1","ANGPT1",-0.572165511147093,3.2602292022707,-0.75414386758673,-4.40996752079579,1.08829453018165,6.1303768622312,0.000333533365916407,0.00461666264539928
"gene-PCNP|PCNP","PCNP",6.4407833203435,-0.684678347339036,-0.717649801415357,0.405852686180026,-0.669349363768846,6.12480180869746,0.000335988617503814,0.00464649138147588
"gene-ARSA|ARSA","ARSA",3.35074884835869,-0.98634881376976,2.28991588567147,2.51047048844053,-0.132417333824056,6.11520412202277,0.000340259005320739,0.00469331585852962
"gene-LOC105758935|LOC105758935","LOC105758935",0.374750726791809,-1.59061558719937,-1.21290636066557,2.32786409487197,-1.34229917184912,6.11514751878638,0.000340284354977075,0.00469331585852962
"gene-SUSD1|SUSD1","SUSD1",4.43359016737941,0.0986794615322949,0.0269143406630053,0.440148011221457,-0.429803484284279,6.11602224138271,0.000339892828552816,0.00469331585852962
"gene-SPATA16|SPATA16","SPATA16",1.72271207253164,0.297145939068053,-0.71921644573861,1.18932970799095,-0.799687408703442,6.10711569490908,0.000343901127412622,0.00473897590980439
"gene-CD14|CD14","CD14",0.3380925214772,1.74671576718274,-0.745770815560178,-0.313235870860143,0.1910756343759,6.09862004452863,0.000347769745195904,0.00478802207020161
"gene-CDC34|CDC34","CDC34",5.57771386598149,-0.331352006779248,0.201406885297706,-0.50522130280427,0.401926254696097,6.09712505300911,0.000348455121559165,0.00479319378322495
"gene-GTF2A2|GTF2A2","GTF2A2",3.64169870448527,0.199627117120442,-0.0773878731116558,-0.609327091741326,0.844897172158614,6.0934920447227,0.000350126454944372,0.00481190665209961
"gene-PPP1R3E|PPP1R3E","PPP1R3E",-2.15158066552158,5.15350286928094,0.0726736719863044,-3.29664598317866,2.13667418217239,6.09175743457536,0.000350927348276238,0.00481863417442305
"gene-LOC115495286|LOC115495286","LOC115495286",-2.60946532329016,-0.36541575237382,-2.1574031125512,0.937367993209891,-2.3318996226721,6.08848522917475,0.00035244329596517,0.00483515957895479
"gene-LOC121469984|LOC121469984","LOC121469984",4.68903168945648,-0.250197202462386,-1.02137325000431,-0.44020535183923,-0.837759668387154,6.08686921223929,0.000353194443382231,0.00483743371654619
"gene-BCORL1|BCORL1","BCORL1",3.83931718383642,0.967363167200073,0.873988785908533,-0.486752060572083,1.20658571449828,6.08678365962044,0.000353234255230837,0.00483743371654619
"gene-STING1|STING1","STING1",1.00479050377616,2.64377497132149,0.104869883624654,-3.06242303578614,1.02080407737415,6.08526959027498,0.00035393958919671,0.00484280737649786
"gene-RESF1|RESF1","RESF1",9.64910231321797,-0.0559302857201902,-0.640106364398416,-0.0595700561091949,-0.546228429831956,6.08034533185882,0.00035624358729346,0.0048657277258308
"gene-ZNF830|ZNF830","ZNF830",2.57264752810469,-0.609207543623133,0.570157183227214,0.414179513930084,0.37427527663816,6.08082350365433,0.00035601918321482,0.0048657277258308
"gene-SART1|SART1","SART1",6.03353721298686,0.201406417294524,0.448239804517834,0.649526361809968,0.560525322663239,6.0777013554746,0.000357487019127202,0.00487840530951803
"gene-HPS5|HPS5","HPS5",7.59148239836789,-0.316649807991233,-0.77674252958252,0.71339662089191,-0.834422773820129,6.0724693902628,0.000359960704002465,0.00490307988866042
"gene-MMP9|MMP9","MMP9",4.05292894498949,3.47036081115539,-0.00706074667968394,-3.12708086637151,1.75442477621505,6.07309879718321,0.000359662191330686,0.00490307988866042
"gene-LOC115491073|LOC115491073","LOC115491073",-4.13388918049345,0.0219348632614726,-1.40548180568173,2.15670238657653,-2.71128451172457,6.07186903374271,0.00036024567582597,0.00490307988866042
"gene-LOC140684795|LOC140684795","LOC140684795",1.35714365726642,0.676828061174819,-0.694304242574805,0.575403618233202,-0.901355022914949,6.06482724371931,0.000363605555010512,0.00494175516735233
"gene-ASPSCR1|ASPSCR1","ASPSCR1",4.41820400104251,-0.523088144001498,0.924528659038046,0.333005061819565,0.0305076626891655,6.06457614788619,0.000363725953836143,0.00494175516735233
"gene-ATF4|ATF4","ATF4",8.87021367553564,-1.0178678611898,0.0872379946384848,1.45966976589221,-0.874703203950126,6.06326047123226,0.000364357481787165,0.0049459930093477
"gene-SH3BGRL3|SH3BGRL3","SH3BGRL3",3.59114029169821,1.94081488065614,0.0268428332463781,-3.37106219565402,1.47977769587228,6.061873381088,0.00036502450769187,0.00495070486987878
"gene-FZD4|FZD4","FZD4",-0.422073510585998,2.99020156616421,-0.616325284199846,-5.83031815305074,1.83270099368562,6.06085359798258,0.00036551570212457,0.0049530258234481
"gene-KCNRG|KCNRG","KCNRG",1.9315712118035,1.10473648936713,0.251900884770238,-1.58382054778639,1.13608821082008,6.05600934611237,0.00036785829753796,0.00497784377135041
"gene-STIL|STIL","STIL",5.73892180874957,-0.530774869248028,-0.942389030052414,0.0446029195429002,-1.33827793771854,6.07171419166271,0.000367990518541187,0.00497784377135041
"gene-ENO2|ENO2","ENO2",-1.23492860334881,-0.0737363435841035,-0.672826117186852,1.64175767158086,-1.88131194804419,6.04884977510011,0.000371348804408909,0.00501888449626888
"gene-LOC115498302|LOC115498302","LOC115498302",-0.730055316885882,-0.664613121741726,-0.792866491161127,2.29495261494068,-1.83153656165559,6.04295032011674,0.000374250513763014,0.00505368822031644
"gene-LOC116807936|LOC116807936","LOC116807936",-3.1830065468913,3.84570259437073,-1.87584596821893,0.671493379395952,0.840988020265232,6.04133010502281,0.000375051501288371,0.00506008891232567
"gene-LOC140685266|LOC140685266","LOC140685266",1.14149555550956,0.810510583798751,-0.297634749009204,0.122412124319606,-0.574653866013644,6.0336581795204,0.000378868247961658,0.0051071307815389
"gene-N4BP2|N4BP2","N4BP2",4.69899929922969,0.978705822433018,0.354976601971173,-1.39152580648835,0.972701155392116,6.0275624421464,0.000381929266868246,0.00513943948242271
"gene-C26H1orf162|C26H1orf162","C26H1orf162",1.95577813539091,-1.02189898044881,-0.462633785031769,2.68196080691784,-1.40105973872422,6.02787640506462,0.000381770989582637,0.00513943948242271
"gene-LOC140685090|LOC140685090","LOC140685090",3.21471119853379,0.774347819534581,-0.638841447178049,-0.761156696740322,-0.700661068120634,6.02503522326561,0.00038320576330107,0.00514766422489936
"gene-COX10|COX10","COX10",2.73480679750122,-0.612337648754866,0.491130831422806,0.558572244033195,0.152981692329378,6.0253918226527,0.000383025380107334,0.00514766422489936
"gene-MTA1|MTA1","MTA1",1.89164463561164,0.0665488508642033,0.556732376133317,-1.37509493449808,0.452013393364531,6.02233177097314,0.00038457612506334,0.00515857898189009
"gene-SPDEF|SPDEF","SPDEF",0.495062812990745,0.172979441505425,-0.599071573576369,-1.20898945001438,1.31659103332016,6.02211743581508,0.000384684985143856,0.00515857898189009
"gene-NR3C1|NR3C1","NR3C1",6.02468363860726,-0.52789039912838,0.37041891976716,0.0525556785192785,0.134150747761173,6.01689179860766,0.000387348879469235,0.00518980425089733
"gene-KBTBD13|KBTBD13","KBTBD13",0.641401729242409,0.122928039135993,-0.845340254469038,2.79632798859672,-0.87364703127896,6.01136267850169,0.000390188109542655,0.00521769628141226
"gene-P3H1|P3H1","P3H1",4.30812481316675,-0.223828121837722,0.257537063518565,0.475423784483538,0.487004020110977,6.01086997176797,0.000390442151462061,0.00521769628141226
"gene-COL1A1|COL1A1","COL1A1",-3.41408929852057,3.06095726759804,3.23759268871634,1.70172251699081,0.324955389065788,6.01136487516225,0.000390186977314152,0.00521769628141226
"gene-SKA3|SKA3","SKA3",4.24948854919296,-0.537139047428138,-1.57148129690986,0.394542520099489,-0.6089731102696,6.00736107774158,0.000392256271726634,0.00523741657029306
"gene-SLC25A14|SLC25A14","SLC25A14",3.63912814008177,0.0645067334907338,0.293335261163832,-0.0525318643663219,0.657746636018366,6.00141347068529,0.000395351012303928,0.00526724928548223
"gene-ATP7A|ATP7A","ATP7A",7.96498368621324,-0.126565524075748,-0.854436043411191,0.665319676480752,-0.648226748944489,6.00045499719887,0.000395852078773237,0.00526724928548223
"gene-USP31|USP31","USP31",4.37321053523795,-0.742520556555221,0.383377706376979,1.78542144651157,-0.196590206911954,6.00198113125379,0.000395054560328975,0.00526724928548223
"gene-PLPP5|PLPP5","PLPP5",3.81270447756922,-0.786038420368681,0.0885620858268713,0.736577947114241,0.291720540189584,6.00074365222406,0.000395701108422941,0.00526724928548223
"gene-MLLT1|MLLT1","MLLT1",1.63116792669867,0.990499729580566,0.799068675223763,-1.84748485204766,1.16771567231378,5.99819529890336,0.000397035975840241,0.00527846368224031
"gene-CD47|CD47","CD47",8.3055475932454,-1.00079840377482,-0.22391098866664,0.965860481089086,-1.14946562497234,5.99488012546268,0.000398779437796642,0.00529709167373651
"gene-LOC115495410|LOC115495410","LOC115495410",-2.43018055737295,1.9951214597553,0.957912904469177,5.05662791659525,-0.530414005671733,5.9932748002154,0.000399626506877382,0.00529924609591045
"gene-SLC3A2|SLC3A2","SLC3A2",7.07405984184818,0.0977134059299046,-0.0195786490087488,0.357749962697789,-0.497934750355002,5.99384620664082,0.00039932478590197,0.00529924609591045
"gene-GPI|GPI","GPI",1.91532794581198,2.02308601638276,-0.210590838152444,-3.32011948820186,1.05862677153277,5.99189730831642,0.000400354829482731,0.00530435872110039
"gene-EHD4|EHD4","EHD4",8.29932971038481,-0.981122681410432,-0.262142311044078,0.696007124294624,-1.16909037471537,5.98877185187521,0.000402012413115849,0.00532176398029749
"gene-NOM1|NOM1","NOM1",2.84262549563944,-1.37828147099551,-0.0775483954419098,1.58986251727858,-1.26331109569951,5.98433013298008,0.000404380205595035,0.00534475921012618
"gene-MEP1B|MEP1B","MEP1B",-2.34213947151196,0.12766151413506,-2.88438797229318,-3.31910416598359,-2.03974991878361,5.9842178235922,0.000404440260746866,0.00534475921012618
"gene-GPAT4|GPAT4","GPAT4",4.46671965575194,0.476294068239622,-0.311152401129878,0.75432919151515,-0.201236540647222,5.981615146652,0.000405834556818228,0.0053586090160086
"gene-LOC100220453|LOC100220453","LOC100220453",4.24276248840313,-0.447984308466559,-0.692493646807191,1.31425376396863,-1.38167678870281,5.98644906679215,0.000407312232511306,0.005373535207257
"gene-LOC116807788|LOC116807788","LOC116807788",-0.426857529807207,-1.44735059129356,-0.0608808975857056,5.44055958797961,-1.57271253047034,5.97810326560689,0.000407723753841028,0.00537438253040026
"gene-HYPK|HYPK","HYPK",5.73454915306002,-0.996594875982004,0.348605654057341,1.76069422170814,-0.309612958093282,5.9765822840222,0.000408544757052221,0.00538062137479415
"gene-DNAJB6|DNAJB6","DNAJB6",8.60673138756828,0.0128216865562568,-0.633639519496946,-0.313670240694216,-0.614379588690483,5.97587850119813,0.00040892522269512,0.00538105256905356
"gene-FARSB|FARSB","FARSB",1.47373891110812,1.58671955257296,0.521369043489997,-1.83224188200758,1.3966351714092,5.9744020803177,0.00040972455956614,0.00538699027976722
"gene-NECAP2|NECAP2","NECAP2",5.60307711018741,-0.482441102747837,0.498556524813215,0.445280393719067,0.20013054026257,5.96931778120057,0.000412489502192039,0.00541873942820187
"gene-CD86|CD86","CD86",-3.27276036415929,4.58370424561175,-0.803345376925906,-2.05539200139759,0.81395800759441,5.96623852151044,0.000414173371041219,0.00543624505247062
"gene-DGKK|DGKK","DGKK",5.81038920438965,-0.217676246541963,0.760200348616171,0.337125383700773,0.804613692780948,5.96486082926851,0.00041492903448575,0.0054382125973102
"gene-LOC140680790|LOC140680790","LOC140680790",-0.44031352879459,1.49140565271433,0.356188094388191,-2.14222450855971,1.916489503855,5.9646840292352,0.00041502611162671,0.0054382125973102
"gene-C2H6orf62|C2H6orf62","C2H6orf62",9.56391870978685,-0.626106878470547,-0.109002952653602,0.586024778213,-0.759461662086232,5.96087996204596,0.00041712050145077,0.00546103194581275
"gene-DNTTIP1|DNTTIP1","DNTTIP1",0.535971174703942,1.4152886350008,0.142066932599173,-2.80471919743765,1.35280211539472,5.95769986869546,0.000418879677565449,0.0054747998398018
"gene-KCNJ10|KCNJ10","KCNJ10",-3.37477767539265,0.332747805142029,-0.726633993033174,7.09066693108988,-2.50572663558967,5.95832762366298,0.000418531811351228,0.0054747998398018
"gene-ECSIT|ECSIT","ECSIT",1.61032581051845,0.74013443065996,0.790970788270586,-0.190344251866314,1.30132479917611,5.95544051481109,0.000420134141812915,0.00548656189413912
"gene-SLC31A2|SLC31A2","SLC31A2",0.907004658575337,0.57815449852132,0.648840698545669,-1.61782092471173,1.20557294769984,5.9546756214916,0.000420559707906182,0.00548748860020924
"gene-SHPRH|SHPRH","SHPRH",4.39100780122298,0.0471616662307338,0.16691308638201,-0.462176014020237,0.511409084792555,5.9525596228717,0.000421739299548104,0.00549824402738577
"gene-GLCCI1|GLCCI1","GLCCI1",3.19278449559157,-0.674953665892151,0.0104223198370348,0.247970777754368,-0.850878429983353,5.94950478406236,0.000423448254270774,0.00551587688117865
"gene-RASL11A|RASL11A","RASL11A",3.64254487254867,-2.0866910218992,-1.79694162865845,2.73022627973273,-1.89061085996616,5.95993239066645,0.000424345204741888,0.00552291172698126
"gene-RAB9A|RAB9A","RAB9A",6.58483133697359,-0.653128600825864,-0.519067969821509,0.669267374340697,-0.637763996219312,5.94244157979437,0.000427426864258213,0.00554901906409048
"gene-EP300|EP300","EP300",9.33275682900644,-0.733247290988498,-0.415326941442693,1.20918072864108,-0.73949585504413,5.94336123298714,0.000426906670323167,0.00554901906409048
"gene-LOC115490923|LOC115490923","LOC115490923",-1.00189220399848,0.0596280906161615,-0.638302851075024,0.816110700537723,-0.828052200690366,5.94245338058074,0.000427420185125228,0.00554901906409048
"gene-FASN|FASN","FASN",3.27154776986661,1.60068823262797,-0.0869704429296829,-3.01498810762844,1.10629536523687,5.94172276093846,0.000427833910996999,0.00554964775580767
"gene-INTS13|INTS13","INTS13",7.02055224718534,-1.08479966797243,-0.382583257749966,1.04011484769508,-0.831477221729084,5.93866831553839,0.000429567999632899,0.0055673013721904
"gene-LOC115495975|LOC115495975","LOC115495975",3.00513896974881,-0.662143316250748,-0.968305019883527,0.780913503420176,-1.32247312604035,5.93627609683107,0.000430931161949398,0.0055673013721904
"gene-IQCH|IQCH","IQCH",0.724865039618168,0.143479934553618,0.0904715140633776,0.457783847808276,-0.970055359291766,5.93616658748824,0.000430993670040976,0.0055673013721904
"gene-GP1BB|GP1BB","GP1BB",7.94090702716603,-0.508852634799285,-0.469820410515835,0.79882554525778,-0.882366779284526,5.93673570856648,0.000430668916378869,0.0055673013721904
"gene-LSM4|LSM4","LSM4",1.77076118091781,-0.971434457495937,-0.590206541885963,0.489681108276788,-0.939072615511858,5.93711949546527,0.00043045006050766,0.0055673013721904
"gene-YARS1|YARS1","YARS1",3.9779703147809,0.925275762481067,0.555025045755191,0.533287162488766,0.970299604980851,5.93478355036633,0.000431783911154813,0.00557285740210236
"gene-TUFM|TUFM","TUFM",2.80392670807867,1.36673598975809,-0.440036659575144,-0.815211803935445,1.36844526683615,5.93412639392819,0.000432159918954536,0.00557306228818454
"gene-CTTNBP2NL|CTTNBP2NL","CTTNBP2NL",-0.0986118149650851,0.984223354650752,-0.28681754234753,-3.00195423365502,-0.241031621991888,5.93258155308448,0.000433045161023912,0.0055798283653997
"gene-NF2|NF2","NF2",2.87203367389511,0.142410538529805,0.40318980207934,-0.36057510306993,0.535242766010047,5.92710809100897,0.000436196634792075,0.00561575950366669
"gene-ALCAM|ALCAM","ALCAM",0.212359780689904,3.50867705319643,-0.748940699672401,-3.60548228593379,1.74972172658986,5.92600698545885,0.000436833461220973,0.00561928330207362
"gene-LOC105760330|LOC105760330","LOC105760330",6.13635310039498,-0.423952708353787,1.83448786450787,0.896985630221099,0.526609354870169,5.93062813997051,0.000437571382269405,0.0056241006151321
"gene-TCEA1|TCEA1","TCEA1",3.57334779156661,0.73844312925798,-0.0514417149893912,-1.10624308047127,0.896976484460281,5.92241105011891,0.000438919832566371,0.00563675054685858
"gene-RPS6KB1|RPS6KB1","RPS6KB1",6.22466745814353,-0.682488795009746,-0.569425433474188,0.693287451544665,-0.564679689560556,5.92054407123119,0.000440007089910854,0.00564602795718944
"gene-DDX39B|DDX39B","DDX39B",6.80071181613751,-0.291783183860639,0.42696375208266,0.717879589411692,0.217802939166792,5.91921409901572,0.000440783300876942,0.00565130205556809
"gene-LOC140684013|LOC140684013","LOC140684013",-0.154427707911111,-0.00962836117259971,-0.383880580766416,1.67625033389567,-1.35741919256608,5.91743276849011,0.000441825140413455,0.00565997023832634
"gene-LOC140680465|LOC140680465","LOC140680465",-5.14900370010755,-3.87857840504939,2.887312476831,3.39359322628473,-4.6521570312836,5.91567954576144,0.000442853008937247,0.00566844525500736
"gene-LOC121471059|LOC121471059","LOC121471059",3.4820504923426,-0.125645068201566,-0.74147881483917,1.27739982596573,-0.612789048816279,5.91267241175172,0.000444621731965666,0.00568638124146172
"gene-GPR137B|GPR137B","GPR137B",-0.861468271137916,2.84841321591904,0.403750654336425,-6.73469070349608,2.57725684855778,5.91149444343131,0.000445316559317138,0.00569056462050595
"gene-JMJD8|JMJD8","JMJD8",2.11486213897375,-0.271911595262966,0.939868022899763,0.565726558573894,0.71712471232664,5.9091981264521,0.000446674253086213,0.00569850294023837
"gene-VAMP3|VAMP3","VAMP3",4.56540585745121,0.573223048047633,0.686657808755932,-0.621959665168889,0.709769606190881,5.90944778394124,0.000446526437861261,0.00569850294023837
"gene-LOC140680449|LOC140680449","LOC140680449",1.40956693876249,0.420390311173584,-0.664324422759251,0.532388435535812,-0.584210472932309,5.90660545585964,0.000448212273306157,0.00571341427463986
"gene-RALGPS2|RALGPS2","RALGPS2",4.80899003775443,0.545645187032116,0.83781973241059,-1.34199147549874,0.690656834879955,5.90589754510887,0.000448633163070913,0.00571407259137644
"gene-NOP2|NOP2","NOP2",2.72873372668454,-0.960158754960136,-0.402185596381915,1.52101804486655,-0.994796576016094,5.90333888392215,0.000450157806246469,0.0057287763582764
"gene-GBE1|GBE1","GBE1",-0.930282419504439,0.945928179261895,1.21865342962213,-2.63821915003021,1.17101131647185,5.90206249595053,0.000450920361650921,0.00572905796104105
"gene-LOC115492167|LOC115492167","LOC115492167",-0.186694704003725,1.42738671371545,0.562983513892072,5.2682998837336,0.574750749006433,5.90224587821393,0.000450810721652196,0.00572905796104105
"gene-LOC140683988|LOC140683988","LOC140683988",-0.976182861020768,-0.464307821899455,0.337866768683498,3.89406011660267,-1.19552778421446,5.89956338520892,0.000452417252957665,0.00573865327009825
"gene-UBE3B|UBE3B","UBE3B",2.26642838536961,0.919254827436874,0.704196566583855,-1.80922189828776,1.04912861904752,5.89963013855116,0.000452377203510779,0.00573865327009825
"gene-LOC140683887|LOC140683887","LOC140683887",-2.79072085355269,2.66532850176625,-2.4953382172756,-2.32417349920224,-1.18029342051319,5.89823419410482,0.000453215474823751,0.0057401107911476
"gene-PTPN4|PTPN4","PTPN4",7.06423407590755,0.0435693428446847,0.198329643567321,-0.863011099558005,0.577986407620403,5.89813680767762,0.000453274015300961,0.0057401107911476
"gene-IL10RA|IL10RA","IL10RA",-0.810821743539957,2.43708644634531,1.44363824684234,-5.28136773044693,2.30954638323565,5.89620751360724,0.000454435344855148,0.00575011198825299
"gene-LOC140685096|LOC140685096","LOC140685096",-1.95233988361617,0.308278703008304,-0.530594078403914,0.741904103701461,-1.18830577210229,5.89558402322315,0.00045481130459247,0.00575016743347097
"gene-ZC3H4|ZC3H4","ZC3H4",5.52951014162464,-0.172174377684561,-0.168131888413424,1.35982498330876,-0.860732975140364,5.89437718889749,0.000455539923372119,0.00575467780749676
"gene-FKBP4|FKBP4","FKBP4",2.92838738144141,-2.55386605658091,0.111347483659517,1.4148516529302,-2.4100626898248,5.89058472241511,0.000457837409560974,0.00577829578874064
"gene-THNSL1|THNSL1","THNSL1",5.25337233100577,1.58683368331669,-0.0482930569684371,-3.25209518956586,1.12529544636918,5.89005985322061,0.000458156312296269,0.00577829578874064
"gene-MLLT10|MLLT10","MLLT10",6.85794326741592,-0.557302691504472,0.234927284188582,-0.42096499690873,0.294371536464183,5.88831128688794,0.00045922036117999,0.0057809498875182
"gene-LOC121470571|LOC121470571","LOC121470571",1.17378935266832,3.47944369330576,-1.22343835275346,-4.95045457365468,1.69306295263843,5.8878730213016,0.000459487454710655,0.0057809498875182
"gene-NANOS3|NANOS3","NANOS3",0.778854381125709,-0.725803396418326,1.55661267578651,6.23629093565209,-1.15600153126692,5.88839624598726,0.00045916860274018,0.0057809498875182
"gene-LOC115495659|LOC115495659","LOC115495659",1.07438495570745,0.257662368099948,-1.51079051651538,0.00542998073082269,-0.830654534926921,5.87958659357263,0.000464567595548578,0.00583537625090442
"gene-LOC105759524|LOC105759524","LOC105759524",0.960556645431983,2.61240743754898,-0.275107525196956,-2.35241381475906,1.50385631008732,5.87967208375133,0.000464514891039165,0.00583537625090442
"gene-SLC30A1|SLC30A1","SLC30A1",6.07291869777393,-0.127652147721569,0.90903176259365,0.236657862689934,0.255738855273018,5.87799983999587,0.000465546940624969,0.00584293504150154
"gene-SLC4A5|SLC4A5","SLC4A5",2.86374888168472,0.668412142407134,-1.4423390011201,-0.405837106293001,-0.682328218853965,5.87714498069336,0.000466075438263921,0.00584482772053013
"gene-LRRC72|LRRC72","LRRC72",-1.61139406169227,-1.12733755933596,-1.35275941145162,0.827641071042217,-2.15998705739978,5.87450083055635,0.000467714026261347,0.00585726437876843
"gene-CNBP|CNBP","CNBP",8.1585771848997,-0.962519237994238,-0.625096800822261,1.33273848981578,-0.731338635738336,5.87432346232644,0.000467824153289679,0.00585726437876843
"gene-MLKL|MLKL","MLKL",0.0568381723672747,2.05042569555044,0.0644087066917915,-0.0205752229438965,0.324504787728671,5.87292296639715,0.000468694649311565,0.00586341931939892
"gene-SYNM|SYNM","SYNM",11.1357988919812,-0.196323741709162,-0.606489762954515,0.648112718013408,-0.795126277598696,5.865756930233,0.000473174877266149,0.00591468596582686
"gene-ZMAT3|ZMAT3","ZMAT3",6.96669087423354,-0.210096971374717,-0.549870935063904,-0.00618625870921177,-0.528033950003288,5.86258317454018,0.000475173140836673,0.00593170524258552
"gene-LOC115493072|LOC115493072","LOC115493072",2.25057777051753,-0.298783739663975,-0.839647762250191,1.50542080724633,-1.03241094687004,5.86237734014678,0.000475303037208792,0.00593170524258552
"gene-LOC140680661|LOC140680661","LOC140680661",4.45595446840454,-0.422507899393732,-0.361813428108844,1.47514060706046,-1.70563906245107,5.90010437786116,0.000475925447591059,0.00593468678603677
"gene-LOC115493340|LOC115493340","LOC115493340",6.0994150440166,-1.01653599997464,-0.724063697708793,1.64896484444216,-1.36577567491243,5.86030312718031,0.000476614051272087,0.00593848827973876
"gene-NDUFAB1|NDUFAB1","NDUFAB1",5.9263944567353,-0.305783030719635,0.16805477317527,1.01338363261458,0.255937860906455,5.85708305011683,0.00047865667053929,0.00595914076958609
"gene-CD9|CD9","CD9",1.92666716071272,2.68361331241949,-0.756260099360029,-3.71777486691614,1.3148830711753,5.85480752064637,0.000480105542858245,0.00596757692829827
"gene-LOC100232483|LOC100232483","LOC100232483",2.44489602045081,0.198333709777469,-1.19558581507174,0.410612036751589,-0.287278367984791,5.85509312412884,0.000479923447021114,0.00596757692829827
"gene-SNX19|SNX19","SNX19",5.38016418702836,-0.579969948211075,0.351008719615713,0.633703628141896,0.104733374047861,5.8527736614945,0.000481404348442912,0.00597412373067688
"gene-LOC100190031|LOC100190031","LOC100190031",1.73108329108531,-1.91595875009275,-0.157574199434568,2.57564446053351,-1.59763158262751,5.8527790115952,0.000481400927186734,0.00597412373067688
"gene-LOC100219073|LOC100219073","LOC100219073",-1.65840940974822,3.9797108049162,-0.946905913040574,-6.05889999162867,1.56185844883812,5.84975392377057,0.000483339383071171,0.00599333089184805
"gene-SH3TC2|SH3TC2","SH3TC2",-1.93232380748928,6.85595322230233,-0.138789634383556,-9.02507480704642,5.01467136967316,5.84895655514123,0.00048385166433441,0.00599487950806645
"gene-KLHL8|KLHL8","KLHL8",0.85799348837428,0.963596008685843,0.774458694654471,-1.58776362558426,1.18662705832339,5.84714089230804,0.000485020243886328,0.00600455061931274
"gene-LOC100220454|LOC100220454","LOC100220454",1.21273216316063,-0.150684071896517,0.27738735949179,-1.03608144063346,0.716979273423257,5.8432766429704,0.000487516967284521,0.00603063554654513
"gene-LOC115490584|LOC115490584","LOC115490584",4.20852512251045,-0.957818619170594,-0.406506742619615,1.0329032003841,-0.959058267482717,5.8409821682319,0.000489005683774508,0.00604421961374642
"gene-BRICD5|BRICD5","BRICD5",2.71147533983412,-1.24573835186277,-0.0375737372446966,2.86955371210685,-0.333453880861808,5.83230338676311,0.000494679036835322,0.00610459178231787
"gene-DENND1A|DENND1A","DENND1A",1.81405122695988,1.62847988201228,0.0842467907425596,-2.32620370763959,1.51695131151339,5.8323959124802,0.000494618197522693,0.00610459178231787
"gene-LOC100231572|LOC100231572","LOC100231572",-1.05036136344967,-0.369077646002089,-0.0499019864676699,4.7133761856414,-0.926118059971988,5.83148561464296,0.000495217088310871,0.00610636210486911
"gene-PPP4R3A|PPP4R3A","PPP4R3A",7.03940008727626,-0.507037144901162,-0.348542390933534,0.606414751279591,-0.694207137107158,5.82950336094875,0.00049652380179682,0.00611293066773478
"gene-LIF|LIF","LIF",-3.16196342344604,1.01473208995294,-1.29648184438303,-0.347524981561239,-1.76557739317301,5.82947908174011,0.000496539828713578,0.00611293066773478
"gene-ESRP1|ESRP1","ESRP1",-0.953730255842321,1.7843700585092,-0.677400256275407,2.12657681843291,-0.732376661231213,5.82714570790967,0.000498082589045579,0.00611732386149233
"gene-IDH3B|IDH3B","IDH3B",5.4615204620552,0.101476439392707,0.317680323288364,0.217957137730861,0.579086698859444,5.8272379789116,0.000498021488767966,0.00611732386149233
"gene-GNL3L|GNL3L","GNL3L",3.6016025645393,0.135295410674466,0.640799926789682,1.13029749436274,0.800280549982608,5.82759898047561,0.000497782513621092,0.00611732386149233
"gene-LOC115494154|LOC115494154","LOC115494154",-1.07681472696237,-1.45501547589252,-1.59534010333492,1.51119721276373,-1.47959285378542,5.82460444340123,0.000499768397917928,0.00613316094986513
"gene-LOC115494498|LOC115494498","LOC115494498",1.31151145573926,-0.583691064402342,-0.671405376518649,0.328647066750042,-1.27447067274959,5.81903462233231,0.000503483784532105,0.00615797817603547
"gene-VASH1|VASH1","VASH1",10.3708324525169,-0.0882036209325308,-0.401013379761929,0.287051744185632,-0.54561021923197,5.81938704597084,0.000503247860106316,0.00615797817603547
"gene-TMCC1|TMCC1","TMCC1",7.25893814506316,-0.856870887273193,-0.194687302576609,0.906491238850032,-0.725320458689829,5.81859190610875,0.000503780314756763,0.00615797817603547
"gene-TSR2|TSR2","TSR2",2.1408236041525,0.312049046401044,0.697016008604418,0.892531825612578,0.793188590454299,5.81930022138536,0.000503305972916491,0.00615797817603547
"gene-ACTMAP|ACTMAP","ACTMAP",-1.38887059456866,1.87697479989272,0.273396059632099,-3.48889701807412,2.15645928850887,5.81965473058826,0.000503068738690417,0.00615797817603547
"gene-MCUB|MCUB","MCUB",3.25179077752753,-0.126370961262266,1.07299768753005,-0.521310271506596,0.326484144467741,5.81750995365591,0.000504505758274532,0.00616197838145097
"gene-HOXA7|HOXA7","HOXA7",5.3569444942697,-0.915046414752976,0.955421638786638,3.33867651705138,-1.58548827109366,5.83345161653235,0.000506561147981326,0.00617830078035009
"gene-P4HTM|P4HTM","P4HTM",5.39529029997398,-0.38660266106125,0.13515427297879,0.736915025175827,0.354558311029425,5.81405796619891,0.000506827472684459,0.00617830078035009
"gene-HYOU1|HYOU1","HYOU1",6.29874931257488,-0.659755648356798,-0.776539277041145,1.20616108443151,-0.458000346561842,5.8137429784481,0.000507039870180589,0.00617830078035009
"gene-QPCTL|QPCTL","QPCTL",1.71275341781313,1.02011916792359,1.30083954175528,-0.308505071412263,0.760331255481583,5.81196355882463,0.000508241456651048,0.00618806966300154
"gene-AKAP1|AKAP1","AKAP1",4.01290968637174,-0.786922128984507,-0.0898265766422875,1.95529896487684,-0.648641986166571,5.80763676472666,0.000511175412227876,0.00621889898131004
"gene-EIF4G1|EIF4G1","EIF4G1",7.50239598726967,-0.290145336821065,0.474471805350063,0.691405418333422,0.204748178500462,5.8060312222508,0.000512268530841832,0.00622730205402777
"gene-LOC140681745|LOC140681745","LOC140681745",-0.0842821244295851,-0.635807164118886,-0.0108152973104463,2.3685847943117,-1.60171264914584,5.80381679952814,0.000513780137105551,0.0062407752132719
"gene-MAP1S|MAP1S","MAP1S",2.22389794709463,1.48477662175168,0.102678349458235,-2.61520646590878,1.24644930102504,5.80238591923165,0.000514759316400257,0.006247765036309
"gene-YY1|YY1","YY1",8.09692757006683,-0.609572637335363,-0.241532771056217,0.881056085788606,-0.716715254367212,5.79914553335722,0.000516983860930087,0.00626368137166515
"gene-NDFIP1|NDFIP1","NDFIP1",2.19830347687891,0.773232670268794,0.199142589053276,-2.14519794784494,0.966939594108289,5.798708033241,0.000517284962390182,0.00626368137166515
"gene-LOC101233072|LOC101233072","LOC101233072",4.8413321310148,-0.790976063132619,-0.112146126739694,2.98256937431923,-1.82569138573001,5.83931259881051,0.000517138137265097,0.00626368137166515
"gene-BTBD9|BTBD9","BTBD9",3.02858813797413,0.159546931400323,0.142195827047024,-0.999800494116381,0.53298627946887,5.79338559912371,0.000520962475130538,0.00630140073185754
"gene-FSCN2|FSCN2","FSCN2",-0.634446866216417,1.27185778905081,1.62232782954263,5.07388034775467,-0.270189721952913,5.79302239350991,0.000521214406253806,0.00630140073185754
"gene-HAS3|HAS3","HAS3",0.881189044346503,-0.120647619833491,-0.490036302182443,2.7778116821401,-0.917900422114138,5.78894923216828,0.000524048259664061,0.00632665836515263
"gene-LOC115492525|LOC115492525","LOC115492525",-0.609348919342769,2.00512721255994,1.31828307967517,0.302747750643315,2.77834012205169,5.78884464992442,0.000524121229345763,0.00632665836515263
"gene-OSBPL11|OSBPL11","OSBPL11",2.16690903815223,0.2370318223788,0.271156436890129,-1.94476057904899,0.494626366121435,5.78488390747659,0.000526892428096779,0.00635515224068406
"gene-SRF|SRF","SRF",5.31266740865644,-0.7700760478791,-0.227324163540828,1.35993566578216,-1.02369426256946,5.78088457878479,0.000529705882453837,0.00638411100543079
"gene-NBEA|NBEA","NBEA",-4.95543173909273,5.88347779275272,2.59942381941212,-5.97749569635514,2.90093659971276,5.7800190002345,0.000530316827664082,0.00638650031758885
"gene-LOC115497825|LOC115497825","LOC115497825",-1.52653299270242,-0.288234265010913,-0.988669234431898,1.86087211957393,-1.2978958962817,5.77705289395149,0.000532415863221687,0.00640181467238198
"gene-LOC116809018|LOC116809018","LOC116809018",4.76447597655704,1.00095790690211,-0.781456469979048,0.85123445314931,-0.993407070005673,5.83634777883551,0.00053237299573247,0.00640181467238198
"gene-LOC105758620|LOC105758620","LOC105758620",2.15842529882891,0.00808608430785119,-0.846175588136688,1.45597440372449,-0.815665792659662,5.77500464497091,0.000533870329851407,0.00641431937457339
"gene-DHPS|DHPS","DHPS",3.773333367361,0.258553296166942,0.391347492617138,1.44026629016215,0.407668291538438,5.77262929593749,0.000535562177953899,0.00642965454137827
"gene-LOC115490872|LOC115490872","LOC115490872",1.4096173954683,-1.16765169788106,-0.56823659683488,2.41708893928457,-1.08446392005423,5.77095228005718,0.000536759948936224,0.00643903892231633
"gene-LOC140680416|LOC140680416","LOC140680416",0.266403833869043,-1.03774528583474,-1.22780894711208,1.51131961597168,-1.45728821554671,5.76909636014815,0.000538088702779659,0.00644647915778983
"gene-VASP|VASP","VASP",2.62559641690459,1.15694427251828,0.896398535592208,-0.683990420251993,1.26878742813765,5.76892254887013,0.000538213316437122,0.00644647915778983
"gene-HINT2|HINT2","HINT2",-1.05462990698198,1.53131658019726,0.470948050113455,-1.39619950498717,1.81098806459496,5.76558311671523,0.000540613274301216,0.00647021687533745
"gene-CD96|CD96","CD96",-1.749044122665,1.3232857370916,0.14638627174719,-6.71153177599938,2.61293373102878,5.76391449320844,0.000541816579572866,0.00647808958918864
"gene-LOC140685228|LOC140685228","LOC140685228",7.77503391530395,-0.41877330242758,-0.0143970329933373,0.935803253641495,-0.739915189884255,5.76332738382483,0.00054224061886984,0.00647808958918864
"gene-SAYSD1|SAYSD1","SAYSD1",-2.06601570688475,1.55833896588711,2.62152178743249,-2.33017648509167,3.06666975762899,5.76270488892115,0.000542690587270835,0.00647808958918864
"gene-TMEM50A|TMEM50A","TMEM50A",4.78649843558217,-0.708564951312452,-0.87923317229291,0.891914156481218,-0.85118717460181,5.76235242050337,0.000542945537782078,0.00647808958918864
"gene-LOC100220727|LOC100220727","LOC100220727",-0.67717019723993,-0.409916967228897,-1.44302215563336,0.963168991893013,-1.23349805121862,5.75595142681757,0.00054759700270617,0.0065285544043744
"gene-TMEM185A|TMEM185A","TMEM185A",5.86129307830556,-0.671775797287989,-0.634157877892005,0.689695627326128,-0.65609256207193,5.75417840913917,0.000548892634068267,0.00653393347092802
"gene-RABGEF1|RABGEF1","RABGEF1",4.89689674998644,0.112154702969393,0.199302080391741,-0.891456822231622,0.516235397839135,5.75467741926802,0.000548527665046552,0.00653393347092802
"gene-FBLIM1|FBLIM1","FBLIM1",4.14293359964681,-0.580540839902884,0.0485301400756485,1.9806315753468,-1.04685335235809,5.75299651270526,0.000549758050853854,0.00653747300051657
"gene-SNIP1|SNIP1","SNIP1",7.78906439853126,-1.52577834852784,-0.240743117386618,2.46940745861654,-1.2375368500356,5.75261884421258,0.00055003488508385,0.00653747300051657
"gene-ATIC|ATIC","ATIC",1.00737479614718,2.09642121017942,0.0713715749283771,-3.67810880128111,1.38739776158319,5.74767290408556,0.000553673531968718,0.00657566992111735
"gene-MFN1|MFN1","MFN1",3.97817355328375,-0.241650883067733,0.105121632935593,0.0263870298971216,0.394965723966176,5.74226368567433,0.000557681292316165,0.00661818864922749
"gene-LOC116808554|LOC116808554","LOC116808554",4.01578371557104,0.355263944972645,1.04236542197557,0.436197263192975,0.62424265830817,5.7406016669452,0.00055891867213892,0.00662779038417608
"gene-PKM|PKM","PKM",3.19493745411996,1.67545252468097,0.0389102248248661,-2.55530953983152,0.932214077744009,5.73988780322387,0.000559451011108374,0.00662902327481018
"gene-DONSON|DONSON","DONSON",0.81652562030897,-1.36573169051065,-0.946965575087313,3.47614600731518,-1.66313522850441,5.73228532161795,0.000565152672659793,0.00668391284368505
"gene-NFAM1|NFAM1","NFAM1",1.21820608926103,3.60359383905483,-0.288494842692969,-4.1504291814883,2.00101841322009,5.73273392996163,0.000564814578729697,0.00668391284368505
"gene-FBXW4|FBXW4","FBXW4",2.58745052471044,0.908750055595703,0.831897463603066,-0.624773419885966,0.892597052024067,5.73198500567464,0.000565379121963407,0.00668391284368505
"gene-ZBTB34|ZBTB34","ZBTB34",5.16233024531034,-0.082705201634573,0.423205374553905,-0.331129762499073,0.396498588423082,5.72769454257372,0.000568624474110789,0.00671714789073623
"gene-UBA1|UBA1","UBA1",7.16960888950639,0.468774257755547,0.257098022048651,-0.262269310787633,0.783880038655548,5.72602963005041,0.000569888973650718,0.00672695031826457
"gene-PREB|PREB","PREB",2.07895519281995,0.569351518774364,0.676457751896562,-1.18426273152495,1.06981943278932,5.72451033465493,0.00057104539469486,0.0067303331933762
"gene-LOC115495691|LOC115495691","LOC115495691",-0.481409610090453,-0.882112814981688,-0.0468109106847276,3.47704449052149,-1.19046811211183,5.72491192268047,0.000570739489606179,0.0067303331933762
"gene-TCERG1|TCERG1","TCERG1",5.00686905088195,0.238008571016823,0.0851676633441174,-0.125741377603338,0.627115908570549,5.72357929793391,0.0005717552485314,0.00673357113472101
"gene-XPO7|XPO7","XPO7",6.43739128106639,0.0427209435040525,0.333319310908215,0.452733457160718,0.413014145979262,5.7226509514907,0.000572463952652718,0.00673679062152152
"gene-G6PC1|G6PC1","G6PC1",0.546361805812977,0.719584765516131,-0.379467351486786,4.03003349838673,-0.282653364571136,5.71620396819468,0.000577410538357347,0.00678983896738598
"gene-LOC100228737|LOC100228737","LOC100228737",5.08462209241228,2.53311194905918,-0.542567584865095,-2.92175709792825,0.962289968131307,5.71189836306518,0.000580738510039526,0.00682378773186156
"gene-PDZD11|PDZD11","PDZD11",3.51629976912206,-0.543745037516953,0.36238739567113,0.483633733598874,0.268527736350909,5.71005381820808,0.000582170246503255,0.00683542076224422
"gene-SH3BP5|SH3BP5","SH3BP5",7.62552201050901,-0.720307699592552,-0.38653992637872,-0.214098470952464,-0.982665683197615,5.70808973976579,0.00058369874645539,0.00684817141879997
"gene-BEST1|BEST1","BEST1",8.60254337866083,-0.523246297454571,-0.437877160978233,1.84880091593228,-1.26369954146777,5.71509955601285,0.000587350347059639,0.00688579289450599
"gene-ATP5MG|ATP5MG","ATP5MG",4.12574407409944,-0.529085437308715,0.564479302469309,1.33139604403639,0.108042214616844,5.70212308782952,0.000588367460811584,0.00689249542472314
"gene-EVA1B|EVA1B","EVA1B",0.258237859911908,0.809082644741312,0.95106866793622,4.28734290717143,1.32447236401757,5.69887249498607,0.000590927049809871,0.00691724364281978
"gene-LOC100226365|LOC100226365","LOC100226365",1.4638178775808,0.122726561063821,-0.983791386619525,-0.68615620109249,-0.647880830807316,5.69746568438246,0.000592038342928728,0.00692501387514895
"gene-CPNE3|CPNE3","CPNE3",6.02081950344092,-0.346234560655973,0.800303999955503,-0.485520881700499,0.327930283993095,5.69528286923939,0.000593766877508852,0.00693087929974627
"gene-ABCC2|ABCC2","ABCC2",4.86832079805656,-0.580171980445837,-0.143681236909875,2.68882851840572,-0.429836448394589,5.69513593039039,0.000593883421742395,0.00693087929974627
"gene-B3GNT5|B3GNT5","B3GNT5",8.74061307734938,-0.0857005083398769,-0.416505364218499,-0.098865188571587,-0.729892276593876,5.69528630739342,0.000593764150825291,0.00693087929974627
"gene-MAU2|MAU2","MAU2",7.47306795585637,-0.572707317686011,-0.0909742245484083,1.0899132110796,-0.514345768398131,5.69114422225839,0.000597058430934662,0.0069626821542682
"gene-LRPPRC|LRPPRC","LRPPRC",1.86961098816655,1.19498593461267,0.637117480440266,-1.5808174917472,1.10814828515914,5.69009098294464,0.00059789907866029,0.00696723512218975
"gene-COA8|COA8","COA8",5.1539884276046,-0.736251058297773,0.739321426971639,1.1118486207372,-0.0672271694905632,5.68315353656973,0.00060346665771813,0.00702524489800472
"gene-LOC115496478|LOC115496478","LOC115496478",-0.896385419356251,-0.120586033981403,0.680509626493974,0.966530903198723,-1.02149343898446,5.68275862759686,0.000603785183479565,0.00702524489800472
"gene-VILL|VILL","VILL",-2.57954587125408,4.6972217023874,-0.458415089509962,-10.6970376387467,4.95224040469853,5.67802497419662,0.000607616706687048,0.00705921061259915
"gene-NACC2|NACC2","NACC2",-1.82446768783173,5.78176952842575,-0.116823248234283,-8.6049441654858,2.94697320182842,5.67825190025865,0.000607432459753482,0.00705921061259915
"gene-LOC100220722|LOC100220722","LOC100220722",6.41728847297173,-0.108605713672518,-0.610395489481918,0.57708092058562,-0.950831955825203,5.67682614529376,0.00060859101771097,0.00706049072270994
"gene-AMIGO3|AMIGO3","AMIGO3",3.52959162027554,-0.914173753281751,-0.947115845786541,2.48407811426818,-0.789615513447493,5.67651976229423,0.000608840278041132,0.00706049072270994
"gene-DEDD2|DEDD2","DEDD2",5.14867956437781,-0.170339357983611,-0.262229472515305,1.59498118762713,-0.952203375944711,5.67620600596414,0.000609095645545575,0.00706049072270994
"gene-JUND|JUND","JUND",7.77501955710653,-0.57540709173814,-0.420113930843184,1.7344549848253,-1.35880238665138,5.69245796365548,0.000610043929902656,0.00706618998146976
"gene-VPS4A|VPS4A","VPS4A",5.82503925928599,0.20787396118801,0.0594350413441096,-0.336552789374204,0.444382130447664,5.67420441945634,0.000610727333086945,0.00706881486875129
"gene-LOC115496312|LOC115496312","LOC115496312",1.54759070596635,-0.276912594070628,-1.39037199511107,-0.283657270804197,-0.598072498706755,5.67281818399064,0.000611860015840937,0.00707134708374794
"gene-EIF4A1|EIF4A1","EIF4A1",3.49409721062964,-1.03167986021236,-0.129833282528998,1.31204468406552,-1.1994057519567,5.67301121349082,0.000611702163803295,0.00707134708374794
"gene-LOC140683609|LOC140683609","LOC140683609",-4.25750495669027,7.01802281287032,-3.10434364051091,-7.75365050286208,2.98507041721131,5.6719895247235,0.000612538136139035,0.00707390123638177
"gene-SLC25A39|SLC25A39","SLC25A39",7.58155457486412,0.754380426299506,0.59629159163968,-0.983362317767815,1.1223540648974,5.6708265923434,0.000613491104058241,0.00707962329254384
"gene-PCYOX1|PCYOX1","PCYOX1",-0.642042882829866,1.56152644154524,-0.312692664692137,-1.45658974153396,-0.95563657658168,5.67010980105907,0.000614079238012046,0.00708112981239673
"gene-MCM8|MCM8","MCM8",-0.82535270778796,1.93313938254928,-0.977953842929541,0.878590614853685,0.191306907944231,5.66454607035432,0.00061866404488816,0.00712338251089604
"gene-LOC100231318|LOC100231318","LOC100231318",0.878655961798031,1.78422018570219,-0.227699852705476,-1.01695350699445,0.398741155153059,5.66460286932843,0.000618617062565179,0.00712338251089604
"gene-ACTR1A|ACTR1A","ACTR1A",5.63655338726184,0.649081296417923,0.04190459289655,-1.12143739404541,0.638266190130397,5.66392916554249,0.000619174564962863,0.00712396014334596
"gene-LOC140683515|LOC140683515","LOC140683515",-0.0728018842652944,0.281754041527063,-0.0532058648385632,1.97954157771658,-0.781476237185254,5.66295483739944,0.000619981751447336,0.00712794769958954
"gene-CNRIP1|CNRIP1","CNRIP1",0.0221326885213375,-1.29967531155741,-0.357432615721368,-0.0482779154847207,-2.02672796832917,5.66045208070771,0.000622060122768414,0.00714653333321545
"gene-CHST7|CHST7","CHST7",7.87076673694556,-0.534717403819421,0.523986122796761,-0.335760703738695,0.0242049482157373,5.65656549775273,0.000625301846863152,0.00717844664703803
"gene-LOC115494850|LOC115494850","LOC115494850",2.65484850169915,0.892685850100247,0.0658592236244765,-0.738605782835987,1.26322783624543,5.65579280209031,0.000625948399858795,0.0071805422444884
"gene-EPHX2|EPHX2","EPHX2",-2.48705288172502,4.79797330866567,0.94942261640902,-2.75241243012113,3.73108735677623,5.65144497282416,0.000629599252933161,0.00720639677451232
"gene-NDUFA2|NDUFA2","NDUFA2",5.78996578378133,-0.470117185204356,0.472709348773303,1.10011303978178,0.125287354490986,5.65187853378415,0.000629234215273882,0.00720639677451232
"gene-LOC115490831|LOC115490831","LOC115490831",0.858294361647634,-0.338442686203691,-1.31030304803517,0.711477127521641,-1.37334677123025,5.65158128610059,0.000629484460246031,0.00720639677451232
"gene-SYTL1|SYTL1","SYTL1",2.71243733241216,2.28552840944463,0.186550134698679,-3.7396078039638,2.01389592277183,5.65057238595945,0.000630334588180483,0.00720948096976569
"gene-UBE4B|UBE4B","UBE4B",6.03116039285795,-0.530857436913364,-0.150320233479908,1.0719785621494,-0.588987286203568,5.64980566244157,0.000630981438751191,0.0072115493092132
"gene-CDC42EP2|CDC42EP2","CDC42EP2",-0.621009238536752,2.35086437374054,-0.0450107188547132,-0.257765313456884,0.816467217046527,5.64881498024288,0.00063181824175818,0.00721578397875117
"gene-FRS2|FRS2","FRS2",4.74610959562345,0.649403177016239,0.279761568313603,-1.14460449055514,0.732181840571414,5.64505671507885,0.00063500311338192,0.00722662992140795
"gene-CNOT6L|CNOT6L","CNOT6L",6.58214371013169,-0.0372101568345961,0.277234723342903,-0.65070391472538,0.491757082696805,5.64496618968039,0.000635080030230179,0.00722662992140795
"gene-LOC140684562|LOC140684562","LOC140684562",5.01378212244129,-0.658618826271895,-0.117938974744194,0.305043140255314,-1.03724146530622,5.64493932787931,0.000635102855774786,0.00722662992140795
"gene-YEATS2|YEATS2","YEATS2",5.09448183009606,-0.0890421944638295,0.106691258573502,0.103599607563307,0.425925833746503,5.64635249646434,0.000633903171659538,0.00722662992140795
"gene-SCN2B|SCN2B","SCN2B",-1.68856759419529,2.18068163534689,0.155198843762578,-7.21942884630205,3.29624272062728,5.64537499265593,0.000634732757858226,0.00722662992140795
"gene-TIMM22|TIMM22","TIMM22",4.21948864232072,-0.544439305278706,-0.66257365934814,1.8553356298116,-0.613110831719171,5.64069847700512,0.000638717050887903,0.00726241466751675
"gene-LOC121469191|LOC121469191","LOC121469191",0.185303832180073,1.07345826353372,-0.125644986348406,0.116344306907195,-0.363252599247893,5.6368962138406,0.000641975403205522,0.00729410379192764
"gene-TRAF3IP1|TRAF3IP1","TRAF3IP1",2.60439856608931,-1.01508414262727,-0.919647431467964,2.30179076853558,-0.822656883395784,5.6357812577684,0.000642934094944595,0.00729963691802465
"gene-TRIM66|TRIM66","TRIM66",0.337563627770706,-1.09203048789889,-1.06638228800462,0.743911654144006,-1.55311009590122,5.63464315782614,0.000643914201522455,0.0073054048889736
"gene-DKC1|DKC1","DKC1",4.1132105209164,-1.31146325135927,-0.301904698642625,1.46924654337866,-0.300793415719978,5.62988785312034,0.000648025973582532,0.00734666808878365
"gene-LOC140681042|LOC140681042","LOC140681042",1.88197674501063,2.86575904472408,0.541504538913421,-2.23230107197357,1.8549760630094,5.62567946899967,0.000651687301220404,0.00738276792561183
"gene-MICU2|MICU2","MICU2",4.35784302849409,0.0494475220795777,0.348835808536821,-2.56457987233687,0.75513827073564,5.62465172840484,0.000652584663038101,0.00738752572093242
"gene-LOC115490544|LOC115490544","LOC115490544",4.80708966773605,0.473469276405968,0.0145040799291632,0.342057594144923,-0.646847721731966,5.62276588960376,0.000654234563061881,0.0074007893738177
"gene-GPX4|GPX4","GPX4",2.28898892370134,1.50932680483535,-0.04420126212853,-1.81169653087397,1.47272525208606,5.62102394889146,0.000655762369584133,0.00741265352031735
"gene-MAP3K3|MAP3K3","MAP3K3",3.5530501814641,0.597002437297833,0.222313608346466,-1.50452510686592,0.667751780976707,5.61969070913678,0.000656934188191922,0.00741506678502552
"gene-LOC115491172|LOC115491172","LOC115491172",0.666443505368728,0.188694689998542,0.29631168081937,-1.06058175744479,0.98078795495661,5.62005620889329,0.00065661272754644,0.00741506678502552
"gene-LOC140680829|LOC140680829","LOC140680829",1.69969729976234,-0.568438444524081,0.0777720815941364,1.90154026235006,-1.27538309170339,5.6185930315156,0.000657900577220626,0.00741846527778479
"gene-MEPCE|MEPCE","MEPCE",8.59155168401671,0.402371075612702,-0.0295566015728691,1.57993747992874,-0.536025851907218,5.61826002354253,0.000658194043709113,0.00741846527778479
"gene-GTF2H1|GTF2H1","GTF2H1",7.86535672157427,-0.615512262267863,-0.746823719675267,0.647257760334327,-0.791553124607694,5.61663632065889,0.000659626872146408,0.00742920367282799
"gene-SGK1|SGK1","SGK1",7.83267460861366,-0.69489549365398,-0.110618511751508,1.03713876085459,-0.805978862654948,5.6145304785589,0.000661489928606514,0.00743935802702457
"gene-AARS1|AARS1","AARS1",5.09553059750663,1.09964662059676,0.334321053821598,-1.09652102350351,0.921635673692587,5.61498537618082,0.000661087020294137,0.00743935802702457
"gene-TRAF7|TRAF7","TRAF7",4.50711865945467,0.4090803667033,0.0476350819075632,-0.19849130799689,0.704805499712,5.61011016219663,0.000665418195602129,0.00747810208928319
"gene-LOC105758586|LOC105758586","LOC105758586",0.849784485203535,3.66288702288798,-0.241003962708461,-5.17643643609025,2.6633529041198,5.60745269591963,0.000667791353671721,0.00749932597828003
"gene-P4HB|P4HB","P4HB",6.38692946214296,-0.496220597517336,-0.542846332348268,0.604569835080406,-0.420025063965209,5.60347177614954,0.000671362629964065,0.007533964248509
"gene-EMSY|EMSY","EMSY",6.71571881265536,-0.564573168627528,-0.462731650140058,1.23825875790767,-0.59345662570297,5.60103390549021,0.000673559305067109,0.00754498359604917
"gene-GARRE1|GARRE1","GARRE1",5.74495259375556,-0.757826404748255,-0.281899101515139,0.961789997461334,-0.938416760483341,5.60137802149473,0.000673248788559279,0.00754498359604917
"gene-LOC115497391|LOC115497391","LOC115497391",-3.21306283712044,-1.09897631693311,-2.10586303900622,3.72938090940657,-2.40358317561917,5.60075923871003,0.000673807258787719,0.00754498359604917
"gene-EXOC5|EXOC5","EXOC5",4.69962595359308,0.662270072087239,0.355197110359547,-1.71730778775707,0.814706135051523,5.60004077365943,0.000674456291452432,0.00754679039061922
"gene-MRPL35|MRPL35","MRPL35",4.34605102673145,-0.783090924814768,0.44577301669841,0.424166961708761,0.150618881856748,5.59805250544201,0.000676255758276994,0.00756145799085006
"gene-BCL2L11|BCL2L11","BCL2L11",-1.16581503725485,-0.249304586346431,0.956947802808404,-1.15138170389859,1.00032714628289,5.59736527993286,0.000676878870944533,0.00756296066993982
"gene-PRPF38B|PRPF38B","PRPF38B",6.39970609516006,-1.2874427499247,-0.541734897312256,1.88372791791408,-1.02161020532113,5.59523145646396,0.000678817380632482,0.00757914788260293
"gene-EDRF1|EDRF1","EDRF1",7.58211325534587,-1.00858912678491,-0.216167981171846,1.3268651592429,-1.04286986592699,5.59375231161309,0.000680164476731921,0.00758871324976675
"gene-LOC116806985|LOC116806985","LOC116806985",3.94993646224069,-0.440767487609707,-0.154894164342938,0.714106684986609,-0.806640588741113,5.59042587791698,0.000683203972968295,0.00761713363233744
"gene-LOC115491017|LOC115491017","LOC115491017",3.04752307020141,0.960028132146044,0.441433958446482,-0.740066693588502,0.815394488273851,5.58924771461313,0.00068428384600544,0.0076236807177352
"gene-MTHFD1L|MTHFD1L","MTHFD1L",0.228171695153171,0.327039071201734,0.629272871799985,-3.11864910776322,1.20214111959059,5.58625236740868,0.000687037191372423,0.00764884930682608
"gene-GALNT6|GALNT6","GALNT6",-0.14391147504034,1.47090985661728,0.353072327263249,-5.51261297375169,2.1753220853552,5.58383256996392,0.000689269783041974,0.00766818827647343
"gene-PLD4|PLD4","PLD4",1.55774279596073,3.8584201724948,-0.53047119893058,-5.78290350135414,1.83723110337568,5.58173550109973,0.000691210631813298,0.00768203057171238
"gene-DYM|DYM","DYM",4.02486787741457,-0.513854936807014,0.391211355166245,-0.388070070366905,0.170357160296906,5.58141596565539,0.000691506855340572,0.00768203057171238
"gene-LOC140682601|LOC140682601","LOC140682601",-4.9712800551234,-1.16225103616378,-0.866804922590858,4.65595299554591,-3.39127835815474,5.58063816166119,0.000692228458452163,0.00768453041215726
"gene-PDE4DIP|PDE4DIP","PDE4DIP",5.04881675487849,-0.581086125328161,-0.990632200934335,1.61196469895788,-0.814321158885181,5.58005551780659,0.000692769508787171,0.00768502376235231
"gene-ALG1|ALG1","ALG1",2.15667726121417,-0.156128644763657,0.729519938107207,1.16502109377012,0.775494359329411,5.57895795773501,0.000693789895076244,0.00769082996153645
"gene-LOC100220534|LOC100220534","LOC100220534",0.36801145144682,4.56868022339286,0.500219201903688,-6.23258052368891,2.98268880677968,5.57836118867352,0.000694345349719509,0.00769147765705756
"gene-GRK3|GRK3","GRK3",3.58656473695897,0.627856634879528,0.202596830067547,-1.98038314513254,0.704101732251149,5.57744825849579,0.000695195960278425,0.00769539162039244
"gene-HDAC9|HDAC9","HDAC9",4.37025568844465,-0.0885940386843095,-0.00866791944222627,-0.530683994643242,-0.660226731620533,5.57449114593103,0.000697958555257153,0.00771493474471746
"gene-PSMB3|PSMB3","PSMB3",3.09879862571809,0.988640407777646,0.28504237729021,-0.848441516084409,1.13929196402345,5.57493766852141,0.000697540684113551,0.00771493474471746
"gene-FBXO22|FBXO22","FBXO22",6.11311923790077,-0.46344635303519,-0.64013867936116,0.623750082308812,-0.500394773672931,5.57247141687618,0.000699851896366444,0.00773034125358366
"gene-VPS16|VPS16","VPS16",4.45723579676932,0.173781847150221,0.65053524815301,0.425713014721828,0.720072026267466,5.56674611374093,0.00070524760973913,0.0077799013541211
"gene-CXCR5|CXCR5","CXCR5",2.82176243358343,0.0516158836892983,-0.719515683676105,-0.455462889976386,-0.580644563978331,5.56664402600067,0.000705344206774275,0.0077799013541211
"gene-NUP107|NUP107","NUP107",2.96626306170245,-0.369504069526224,0.333529774184835,-0.934255108400396,0.244638215870152,5.56353055544782,0.000708296748503954,0.00779579813876151
"gene-ELP3|ELP3","ELP3",2.98161331479817,0.157065499797817,0.566059190371628,-0.639508863043349,0.666942296236632,5.56403039613878,0.000707821890799416,0.00779579813876151
"gene-DCTN2|DCTN2","DCTN2",2.94974085953312,1.82338647415772,0.243293147864354,-1.77948654670192,1.02263822780057,5.5643060642623,0.00070756014079003,0.00779579813876151
"gene-CNOT9|CNOT9","CNOT9",4.97545252997401,0.356451984682034,0.0235214432380783,-0.338430402006676,0.577903964083983,5.5626118650216,0.000709170373296001,0.0077998660460239
"gene-VSIR|VSIR","VSIR",2.9063233296663,2.89127795062462,-0.629799423671334,-4.37691541486619,1.80724695178535,5.56008721527296,0.000711576874045014,0.0078207756575615
"gene-MEIKIN|MEIKIN","MEIKIN",2.52930048216987,-0.049259127719619,-0.258541434075941,1.42764116039217,-1.07180782076229,5.55656552178164,0.000714947755561216,0.00785224735082315
"gene-FRMD7|FRMD7","FRMD7",2.84879633029894,0.34239593248332,-1.0435589315915,-0.711274785483723,1.04957039640844,5.55440837166253,0.00071702061198686,0.00786410612600258
"gene-LOC115491142|LOC115491142","LOC115491142",-1.41843849502955,-2.47971423450935,-3.42240996118233,1.89761646237839,-2.73070158658771,5.55438421384908,0.00071704386066492,0.00786410612600258
"gene-RBM22|RBM22","RBM22",6.6955321122496,-0.148091428040713,-0.499432707566871,0.545058016985921,-0.472690130338526,5.55384472649392,0.000717563246841618,0.00786422892696462
"gene-USP37|USP37","USP37",4.52348887009416,-0.536414892495268,0.0956159088967112,0.236446377830899,0.107263516256929,5.54995916044677,0.000721315451992774,0.00789975698484655
"gene-DOCK4|DOCK4","DOCK4",-1.39094949248498,5.25187802192042,-0.422339274949881,-8.71859776142057,3.44577005333393,5.54583298724307,0.000725322040458,0.00792680690401663
"gene-CCDC13|CCDC13","CCDC13",1.18761846318335,0.414807679076496,-1.49657820388793,-1.00002310349946,-1.05811257957228,5.54620195845682,0.000724962835425973,0.00792680690401663
"gene-RAC3|RAC3","RAC3",3.16779419627984,-0.553125215988878,0.0130054763209173,-0.0583903033848276,0.104056009821942,5.54682857285013,0.000724353224615548,0.00792680690401663
"gene-ADNP2|ADNP2","ADNP2",7.42323230498147,0.133420663799545,-0.81578299592456,-0.512279234093146,-0.24375845830895,5.54307630942242,0.000728011535095918,0.00794497778956934
"gene-LOC121471145|LOC121471145","LOC121471145",7.50482226865896,0.138239171512286,-0.269105226160666,0.624303950010976,-0.568544447975559,5.54349109152639,0.000727606208956893,0.00794497778956934
"gene-LOC115495104|LOC115495104","LOC115495104",0.659557394902587,0.0263125755199354,-0.199024294424428,2.1437837153566,-1.24398551996382,5.53706494473672,0.000733911920676733,0.00799808941723412
"gene-LOC115497667|LOC115497667","LOC115497667",-0.728727526394062,-2.64896534838806,1.01946805651829,3.15787740588539,-2.45025792793522,5.53714518905514,0.000733832835707132,0.00799808941723412
"gene-GGA3|GGA3","GGA3",4.73004926284063,-0.288343215287844,-0.185397453754226,-0.221287660046716,0.160486297087705,5.53644256118518,0.000734525609057027,0.00799914412396728
"gene-RHCE|RHCE","RHCE",9.01232883851024,-0.290228332958875,-0.0327115055459248,0.578019059275707,-0.668036709139768,5.53371720945843,0.000737219089167139,0.00802283080510652
"gene-ATP6V0E1|ATP6V0E1","ATP6V0E1",6.98564356116465,-0.714128889235725,0.258725416928933,1.04976147409647,-0.994900063493727,5.53003106175205,0.000740878251966073,0.00805132791374648
"gene-SRM|SRM","SRM",1.59269936474746,0.293772150548715,0.436449336412168,-0.246453529599339,0.859804909000459,5.53028828558109,0.000740622307741969,0.00805132791374648
"gene-NCOA5|NCOA5","NCOA5",4.51081084809642,-0.479988305748856,0.138183538634745,1.10055521034718,0.00274592870928973,5.52765507041792,0.000743246716195522,0.00807139854956189
"gene-IMPA2|IMPA2","IMPA2",-2.84158297163384,5.82739228425567,-0.996142667304455,-7.33858549463757,4.87558936511459,5.52479292483414,0.000746110107594309,0.00809681200211916
"gene-ESYT1|ESYT1","ESYT1",2.78763159504963,0.885293879376649,0.662355940650532,-0.903995755261573,1.11521617234035,5.52259490543054,0.000748316761443059,0.00811506789301426
"gene-ST6GALNAC2|ST6GALNAC2","ST6GALNAC2",7.57295669970859,0.115809833724717,-0.334017591061812,1.22435707803557,-0.508828633887597,5.52205848641818,0.00074885630285559,0.00811523199348057
"gene-SHLD1|SHLD1","SHLD1",5.83727491553446,0.281767801262707,-0.997360472545457,1.82255482309205,-0.859444803641448,5.54922700417263,0.000750943196631848,0.00813215253175497
"gene-ING4|ING4","ING4",3.16861977859411,-0.379429562122949,-0.361231297083688,0.618023726290287,0.243263172883813,5.51871415565811,0.000752229108650797,0.00814038143802173
"gene-CCN5|CCN5","CCN5",-4.68316386625937,2.00270345497604,0.395679746935041,-7.82195797763094,2.9380327304906,5.51771322571561,0.000753241586676185,0.00814564189644582
"gene-HARBI1|HARBI1","HARBI1",3.6855103263964,-0.639268851652113,-0.113729094707701,1.41292676051051,-0.904866248550202,5.51503243588861,0.000755960194780169,0.00816933241216698
"gene-PHETA1|PHETA1","PHETA1",5.02879816367847,-0.232677852055085,-0.56365164627983,0.679069021747337,-1.15090325915333,5.5183965468169,0.000756765357565358,0.00817232652360357
"gene-PIK3R5|PIK3R5","PIK3R5",3.16462169747738,1.9021554120605,0.419100719634965,-3.5015129339908,1.79781477053085,5.50623110021832,0.000764956644436447,0.00825502376056766
"gene-SNX29|SNX29","SNX29",3.9874876619442,0.119052758842997,0.426559836281773,-0.630403532598022,0.558071941043608,5.50236145030057,0.000768946753945359,0.00829230036049089
"gene-EMB|EMB","EMB",-0.85666624944034,-2.3534435616466,2.19718453716757,1.25341433035719,0.432155241649207,5.49947950186561,0.000771932276466326,0.0083186991492454
"gene-LOC100189957|LOC100189957","LOC100189957",1.96287606515675,-0.642533680841574,1.16531529087817,0.677508191057063,0.823811833963534,5.49849730303846,0.000772952487963413,0.00832389683453989
"gene-RPIA|RPIA","RPIA",3.8532005197762,0.044399538402039,0.313127540224734,-0.215553001358514,0.792449402648649,5.49381475010295,0.000777835304117437,0.00837065461141679
"gene-ABCC3|ABCC3","ABCC3",0.72762127739309,3.03778486077494,-0.447186044853446,-4.40123326277881,1.56645266987773,5.49254293022922,0.000779166970961356,0.00837915835693328
"gene-LOC115493337|LOC115493337","LOC115493337",0.154242281057694,-0.389020740879663,-0.544171314400743,1.13139989485026,-1.1480503108624,5.49087127860772,0.000780920840434714,0.00839218750397723
"gene-PTP4A1|PTP4A1","PTP4A1",5.25466021014017,-0.755393678423455,0.0202978461325909,1.07315544112136,-0.780480035723084,5.48887883603688,0.000783016567310239,0.00840886979814431
"gene-LOC121469420|LOC121469420","LOC121469420",-3.97166927666407,1.52147128846301,-0.486454550956903,-0.324180056331024,-1.63729362067723,5.48765685457169,0.000784304746025347,0.00841686265238713
"gene-ASAP1|ASAP1","ASAP1",4.04364028168888,-0.35124900734259,0.359004966654928,-0.850050330008893,0.134650722535469,5.48690746369,0.000785095807655749,0.00841951325257984
"gene-ELP6|ELP6","ELP6",3.26962856276142,0.531067912696464,0.789480828541974,-0.5358605255272,0.934342468924293,5.48338224139343,0.000788828044523895,0.00845368004778897
"gene-SSTR4|SSTR4","SSTR4",-2.8697062970767,5.27011445551409,0.272763206360845,-3.08732613223218,0.431340606628155,5.48240724232822,0.000789863507345912,0.00845891887624775
"gene-KLC4|KLC4","KLC4",3.9080783662281,0.58093063615048,0.328587381323745,-0.4213603626689,0.806483779209251,5.48031468397256,0.000792090541818675,0.00846803376066114
"gene-CHGB|CHGB","CHGB",4.95794312297946,-0.543876402107437,-1.26831230685089,1.70529160782029,-1.03975653593687,5.48200370195072,0.000792356244616306,0.00846803376066114
"gene-B3GALT4|B3GALT4","B3GALT4",-1.19726070502212,2.97163334032985,1.85014174269339,0.368596626858749,2.48270049788112,5.48060888503167,0.000791777045687401,0.00846803376066114
"gene-MEX3A|MEX3A","MEX3A",-0.316081434434918,-0.298491252746015,-0.476055055458298,2.62786908239966,-1.13739557017699,5.47852393977814,0.000794001478217855,0.00847158448883644
"gene-LOC105758914|LOC105758914","LOC105758914",-1.44807681948622,2.45664076902638,0.700539089134074,-6.67097661612022,2.89910755965429,5.47809718940912,0.000794457568510621,0.00847158448883644
"gene-PPIP5K2|PPIP5K2","PPIP5K2",0.865299639197952,1.31928916457089,0.219410384870407,-2.75264950602665,1.20700100842285,5.47770380722069,0.000794878234429112,0.00847158448883644
"gene-KIAA1328|KIAA1328","KIAA1328",2.13080907026235,0.138089042358325,0.491413041401917,-0.869568712543257,0.523889321799436,5.4787259363901,0.000793785687563276,0.00847158448883644
"gene-LOC140680463|LOC140680463","LOC140680463",7.62588129974348,-0.622109042289742,-0.241102818415953,1.01599469030688,-0.929109754920108,5.47642384050906,0.00079624855668328,0.00848034853040176
"gene-CERS3|CERS3","CERS3",2.34433306771104,-0.362549921329653,-0.905973118918879,-0.290107370557486,-1.02784300031142,5.47344092775127,0.000799451447192796,0.00850275680089933
"gene-NECAB3|NECAB3","NECAB3",2.26545108890647,1.54867411324171,0.790661268171128,-1.00766051703099,1.44389618493261,5.47365248695071,0.000799223851758234,0.00850275680089933
"gene-ADAMTS3|ADAMTS3","ADAMTS3",3.72631794403521,1.08053834570012,-0.627156999627882,0.484404435167479,-0.61383993780149,5.48868996180176,0.000800469637437216,0.00850419616810081
"gene-ZDHHC5|ZDHHC5","ZDHHC5",6.12903465950679,-0.044369849465084,0.228845584483686,0.443041539573631,0.504799005833043,5.471275391114,0.000801784956979585,0.00850419616810081
"gene-LOC100220978|LOC100220978","LOC100220978",0.851381579194977,-0.626841594214393,-0.199035678894481,2.69520369041704,-1.31515847426429,5.47192674801898,0.00080108234314082,0.00850419616810081
"gene-UBE2Q1|UBE2Q1","UBE2Q1",7.42041747601602,-0.536642303933562,-0.536089723412054,0.498509954776727,-0.394087205604792,5.47127566389279,0.000801784662602929,0.00850419616810081
"gene-ADAM15|ADAM15","ADAM15",2.15475273661648,1.75602474209765,0.481960534588778,-2.39740249632571,1.13827091647759,5.46832137590291,0.000804979370406077,0.00853222997057126
"gene-SP4|SP4","SP4",4.50296751704977,-1.48801143414202,0.604120088731873,2.25416663616471,-1.07171520746501,5.46705737306626,0.000806350221511003,0.0085409101149095
"gene-ESRP2|ESRP2","ESRP2",-4.87680686700347,7.18282321927185,1.0360726152013,-5.58002135851809,5.81284679737544,5.46640097740541,0.000807063047373234,0.00854133702696719
"gene-LOC140681411|LOC140681411","LOC140681411",-0.00217531752995285,2.48829736695229,0.211100818419675,-3.49654684214797,2.11829145961781,5.46600404732625,0.000807494414891955,0.00854133702696719
"gene-LOC121469416|LOC121469416","LOC121469416",0.0741186529873379,0.996583658981657,0.514515432890117,-0.808158473347461,1.60643842011409,5.46509985140951,0.000808477941157173,0.0085456814365865
"gene-LOC116808205|LOC116808205","LOC116808205",-4.03615843037211,5.18728051527921,-0.000378728027291686,-0.520458762738008,0.945055783356845,5.46461156031877,0.000809009583495911,0.0085456814365865
"gene-LOC105759175|LOC105759175","LOC105759175",2.61738041019554,0.703847880866649,0.618078442844835,-1.34332634544744,0.25172462459531,5.4615353263763,0.000812367182694922,0.00857529478322232
"gene-LOC115490810|LOC115490810","LOC115490810",2.24493117504082,-0.517795307128627,-1.88991828374297,-2.86139386636868,-0.986849213555989,5.46072373320138,0.000813255387153237,0.00857881875678006
"gene-LOC121470544|LOC121470544","LOC121470544",5.50215874337284,0.595236087780967,-0.218198385277973,-1.58240709574477,0.813317499112226,5.46019261047455,0.000813837184761431,0.00857910792519288
"gene-FANCE|FANCE","FANCE",1.37787459460212,0.996236384379398,0.12577552194943,-2.04238918325545,1.43963409602585,5.4587069974357,0.000815466808624263,0.00859043489684171
"gene-SMIM15|SMIM15","SMIM15",5.95632290857418,-0.374881972786874,0.0137288941652756,-0.340201322840657,0.247026497248816,5.45531962680122,0.000819195063340214,0.00862383918720395
"gene-SMARCA1|SMARCA1","SMARCA1",2.03030361308359,1.33979039341482,0.562600487384958,-3.07733731133177,1.27822288281197,5.4528581427296,0.000821915215848333,0.0086465927703963
"gene-MIEF2|MIEF2","MIEF2",2.91703046365979,0.238711451875102,0.217327323167783,0.0672716882982709,0.605786701318295,5.4519236018393,0.000822950388028917,0.00865160139588824
"gene-IFT57|IFT57","IFT57",1.45136222560263,0.996538053615709,-0.577313524656472,-0.252432651693603,-0.739316970749006,5.45092592425172,0.000824056970718506,0.00865735344322395
"gene-PSMD10|PSMD10","PSMD10",5.61713091153085,-0.499829095639026,0.674334769843063,0.438923521040361,0.239399734190242,5.4481605646049,0.000827132174455929,0.00868221834650518
"gene-SNX22|SNX22","SNX22",1.38469594496139,0.743544817907595,0.485173536532064,-1.07153650253984,1.64470853351233,5.44778937187763,0.000827545852090154,0.00868221834650518
"gene-LOC140681737|LOC140681737","LOC140681737",0.210603697567516,0.525140009207271,0.0144815164017677,1.01236715678511,-0.711932633930927,5.4457252994765,0.000829850040366466,0.00870049415628121
"gene-LOC115496385|LOC115496385","LOC115496385",-0.821907420614451,-1.00131095398894,-0.257192024655084,1.6517281846905,-1.85201875572468,5.44442094031064,0.000831309527728526,0.00870989501800876
"gene-PIK3R3|PIK3R3","PIK3R3",3.95033863213212,-1.37337454122195,0.0737642521773536,1.81011570531251,-1.27323173108887,5.44369944164611,0.000832117964796354,0.00871246651232989
"gene-AMPD3|AMPD3","AMPD3",3.14033702386982,2.07684280256708,-0.295432357440365,-3.31093644016418,1.16173424630753,5.44259912357639,0.000833352420076386,0.00871949202209742
"gene-NEK7|NEK7","NEK7",2.29592717761542,0.396577762605113,0.687314285124503,-1.67714491947724,0.501744362398735,5.44097161166346,0.000835181781481334,0.00873272842461057
"gene-LOC115496089|LOC115496089","LOC115496089",-1.89831309993452,-1.48092983628736,0.157507130869171,3.47037185486807,-1.81921971044466,5.43170059727005,0.000845681428930078,0.00883654295252732
"gene-CABLES2|CABLES2","CABLES2",7.92418368870546,-0.815826601670273,0.189578708362875,2.08852843095347,-1.03448784768056,5.42788176530883,0.000850045609635377,0.00887615101829113
"gene-LOC115495990|LOC115495990","LOC115495990",-3.47311496876414,4.56624158674986,-0.0655037977047237,1.63515094065858,1.43474529927318,5.42646816693083,0.000851666926252704,0.00888301818008186
"gene-VSTM2L|VSTM2L","VSTM2L",0.220717004186083,-0.986534029439829,-0.918542746260091,3.51888680771518,-1.33486293867676,5.42630758303701,0.000851851307220774,0.00888301818008186
"gene-BCAT2|BCAT2","BCAT2",-0.551442393296967,2.09976308164726,1.50118209442077,4.18979507346176,0.953844385812007,5.42419838790195,0.00085427686798475,0.00890231281620471
"gene-LOC105758514|LOC105758514","LOC105758514",-1.42519981102957,-0.642697635884941,-0.305675364078124,0.92451238140421,-2.39427996683631,5.42221817175005,0.000856560547859401,0.00892010395566907
"gene-TBCC|TBCC","TBCC",6.2667134420412,-0.0705120556827829,-0.303044432866648,0.682227671046761,-0.705799684019363,5.4215933111415,0.000857282465213559,0.00892161812318751
"gene-SLC40A1|SLC40A1","SLC40A1",7.93493810375705,-0.799458139999677,-0.551793221909287,0.409084398779175,-0.997241713315361,5.41910323838571,0.000860165510529827,0.00894560569586631
"gene-IHH|IHH","IHH",-2.20914944443605,-0.634222871411747,-1.81991940469362,1.60875630064124,-2.13907698311572,5.4150020939419,0.000864935564129627,0.00898917250161583
"gene-PIAS2|PIAS2","PIAS2",3.39392861587911,0.217505235317345,0.634140018104258,-0.488655861266712,0.655528634980004,5.41261507397792,0.000867724390669609,0.00901210399034376
"gene-DECR1|DECR1","DECR1",-0.472308096061718,1.84739321186728,0.497490871484576,-4.67902725381984,2.65601853275565,5.40765322638778,0.000873550998634548,0.00906045690607884
"gene-CTHRC1|CTHRC1","CTHRC1",6.1796660793031,-0.972441630320214,-0.699789211318705,1.07486180287598,-1.08987961794415,5.40777105020264,0.000873412176414751,0.00906045690607884
"gene-DYRK2|DYRK2","DYRK2",0.319846674948195,1.23363239086557,-0.24559135951551,-4.28342133746836,1.28037492996247,5.40512431439063,0.000876536068935676,0.00906710940292753
"gene-DGCR6|DGCR6","DGCR6",6.46401050146117,-0.39945264175019,0.46531342832281,0.66485193883961,0.273155562376002,5.40513691763808,0.00087652116645154,0.00906710940292753
"gene-TIMM50|TIMM50","TIMM50",4.81277892005129,-0.35537481989485,0.737513192484804,0.666106676775597,0.40445290869498,5.40542324651012,0.000876182671974519,0.00906710940292753
"gene-ERCC6L2|ERCC6L2","ERCC6L2",2.44624133143746,0.0993704088200066,-0.578870712950718,-1.08463593515361,-0.695743447253366,5.40619709453511,0.000875268508647885,0.00906710940292753
"gene-SNRNP70|SNRNP70","SNRNP70",4.82713114880746,-0.188721744521022,0.956200198850166,0.550291342435301,0.549179266051461,5.39866770216312,0.000884204827445001,0.00914032712405571
"gene-USP28|USP28","USP28",2.39330919811748,0.850619845762079,0.306595643510889,-1.21050054440323,1.15189028283891,5.39767304044805,0.000885392323418338,0.0091464927936574
"gene-TAF7L|TAF7L","TAF7L",4.67043265491967,-0.208640293955968,0.166491727898575,-0.245255718541088,0.280803877160931,5.39694945740492,0.000886257214026793,0.00914931980457947
"gene-LOC115497642|LOC115497642","LOC115497642",4.49063988089467,0.0811504863964049,-0.533518791472152,1.32861257438336,-0.661526571220946,5.39601936376702,0.000887370216628694,0.00915020966356972
"gene-CDCA2|CDCA2","CDCA2",0.205336959599903,-0.221844096260335,-0.78067475076812,0.772458210582552,-1.17055389500613,5.39588928480397,0.000887525990631221,0.00915020966356972
"gene-PEX1|PEX1","PEX1",3.96433598478375,-0.0554298348165467,0.260112473785994,-1.14281281416052,0.637578278705741,5.39375738449877,0.000890083012237316,0.00917046245963546
"gene-ZBTB4|ZBTB4","ZBTB4",2.783512801514,1.75363314532366,-0.280038651560863,-0.565775927733034,0.0497537360357106,5.3927798324624,0.000891258021503376,0.00917645900383549
"gene-ZNF609|ZNF609","ZNF609",4.08492552732275,0.780562458365478,0.614891489079051,-0.84696453074279,0.849598049893208,5.38915293944325,0.0008956314271879,0.00921110861210816
"gene-CTDSPL2|CTDSPL2","CTDSPL2",1.54156831844614,0.0800320287697324,0.422684240108571,-0.638095007828375,0.602083836084493,5.3890020960827,0.000895813793940083,0.00921110861210816
"gene-RPAIN|RPAIN","RPAIN",2.42139522226891,-0.251829357324235,0.186146599901537,0.733687600118604,0.499803431757607,5.38769446003955,0.000897396297085661,0.00922125345112922
"gene-LOC115495125|LOC115495125","LOC115495125",7.81108978792437,0.694339826392437,0.381720141215276,0.62434446347078,-0.409809381509324,5.38649010630825,0.000898856342818808,0.00922506193907751
"gene-LOC140684209|LOC140684209","LOC140684209",3.82701302820628,-0.187640986504088,-0.160896628334524,0.441911613477677,-1.22991449951554,5.38493306272749,0.000900747566393933,0.00922506193907751
"gene-RGS19|RGS19","RGS19",3.4774825161719,1.15868753833939,0.347736185156552,-1.92093028886812,0.566037808253507,5.3851845701017,0.000900441803338174,0.00922506193907751
"gene-BBS1|BBS1","BBS1",-1.98330302547963,4.25631614964953,1.09487539961511,1.28080844937617,3.01577346176043,5.3851048954179,0.000900538654091613,0.00922506193907751
"gene-PELO|PELO","PELO",5.87278239821953,-0.589196698241496,-0.57733272704615,0.409745687600883,-0.932276747901613,5.38548938424839,0.000900071376664504,0.00922506193907751
"gene-RMP64|RMP64","RMP64",0.216808605701821,-0.251264103249523,0.711552325731749,-0.667663321198094,0.809656672024646,5.38309617402438,0.000902983942021385,0.00923574124440247
"gene-PPIG|PPIG","PPIG",6.05630321886212,-0.579803231793288,0.154694035748296,0.612635489141622,0.049627005053397,5.38346589223969,0.000902533360377298,0.00923574124440247
"gene-TTPA|TTPA","TTPA",8.12121052462847,-0.259350285632078,-0.576266088698053,0.0787759692763819,-1.14066821516257,5.3942315867515,0.000903612597474661,0.00923606667498044
"gene-DNM2|DNM2","DNM2",5.619185225755,0.216894700921342,0.424321296032985,-0.0651501084854196,0.575187033173143,5.38169597041077,0.000904692484357414,0.00924100078906336
"gene-LOC115491449|LOC115491449","LOC115491449",1.81490870886455,0.378816298403804,-0.880129940511551,1.31671997140777,-0.515850163635464,5.38056960341333,0.000906069293274061,0.00924895930964122
"gene-LOC115493573|LOC115493573","LOC115493573",1.54421866885579,-0.675756851216273,-0.858908228872605,2.25426209949153,-1.03160294457424,5.37953346365568,0.000907337709924383,0.00925580162233344
"gene-RHBDF1|RHBDF1","RHBDF1",0.295189380594938,2.61666685948013,-0.517454133400436,-1.62398581858954,0.858245143323307,5.37681390275344,0.000910675594214853,0.00927762002664572
"gene-LOC140681749|LOC140681749","LOC140681749",3.45450658303461,-1.13407862144062,0.21354855206084,2.014504060003,-1.25251728787595,5.37699634135813,0.000910451282752661,0.00927762002664572
"gene-RAB18|RAB18","RAB18",7.02382266064546,-0.520681371304482,-0.502455197594255,0.492980133539334,-0.743853336646375,5.37600004629778,0.000911676935194663,0.00927912460150367
"gene-SRFBP1|SRFBP1","SRFBP1",0.783143321826333,-0.13412144621238,0.427624368776866,-1.32152821806614,0.39647598885572,5.37571937803811,0.000912022521414351,0.00927912460150367
"gene-GPR162|GPR162","GPR162",-0.607711866272191,2.07797203486873,0.495728043246206,-5.87405692947434,2.73086152766124,5.37419022861513,0.000913907719851625,0.00929219577181597
"gene-CHMP1B|CHMP1B","CHMP1B",4.923611902878,0.401247482208696,0.138565942528984,-0.623372830566339,0.725270053092386,5.37038194913556,0.000918620103846187,0.00933397643271158
"gene-MRC2|MRC2","MRC2",2.7420385822759,1.34027113496334,0.235246095988403,-2.82262938706386,1.15588024040268,5.36404790409971,0.000926513116111006,0.00940799899725579
"gene-LOC115497596|LOC115497596","LOC115497596",-2.096779211668,-1.26686964248243,-0.990709101279478,2.12038380647653,-1.5443114712977,5.36254025343069,0.000928402058073441,0.00942099793356492
"gene-A4GALT|A4GALT","A4GALT",2.44170284139353,2.01164374166717,-0.119604730745037,-3.01240272948576,1.30913961454947,5.36022580278237,0.000931309527380573,0.0094443086082663
"gene-LOC100220107|LOC100220107","LOC100220107",2.33517418331782,0.0574192670993355,0.133913164026771,0.938677730092879,-0.764770576911728,5.35924487823019,0.000932544603027015,0.00945064029590246
"gene-TRAPPC10|TRAPPC10","TRAPPC10",3.16052077911471,0.319246378532246,1.14530378959809,-1.7506674354109,0.752053808216004,5.35656885661133,0.000935922508298864,0.00947866545544824
"gene-CZH9orf40|CZH9orf40","CZH9orf40",1.36130337321861,0.0257500236543315,0.302876247841914,-1.51274487743218,0.573139778497714,5.35577587531662,0.000936925884454363,0.00948262136162934
"gene-PLXND1|PLXND1","PLXND1",1.0050995296957,2.91954308325872,0.239773271263208,-3.69910632981713,1.63277684813477,5.35507725952228,0.000937810771435715,0.00948537365226646
"gene-ATP11C|ATP11C","ATP11C",1.98180297231318,1.63614484849958,-0.257249112901404,-3.42912486230262,1.79118499232795,5.35431169656753,0.000938781439320966,0.00948898940136639
"gene-ATOSA|ATOSA","ATOSA",8.10995000275088,0.145140457389002,0.248119222778714,0.796829559283311,-0.64004637065341,5.35358334029711,0.000939705888218788,0.00949213356408991
"gene-AGTR2|AGTR2","AGTR2",-1.76716942015002,1.09512624407693,-1.42960951257779,-8.39676256993713,2.21590440861223,5.35266889992803,0.000940867841133842,0.00949767112951481
"gene-LOC100231450|LOC100231450","LOC100231450",5.8270246810799,0.854349023122355,0.257466986635682,-1.86035591586528,0.317334705041997,5.35123015112038,0.00094269899956362,0.00950040811954064
"gene-LOC140684701|LOC140684701","LOC140684701",2.07603293116328,0.571825495894918,-0.131686377616984,0.360303115782677,-0.58843961698066,5.35052747404232,0.000943594654587009,0.00950040811954064
"gene-LMAN2|LMAN2","LMAN2",4.8053441136958,-0.546189186510924,0.202774231921596,0.907687569143953,0.0174412491083678,5.35075187308165,0.000943308533533936,0.00950040811954064
"gene-PAFAH1B2|PAFAH1B2","PAFAH1B2",5.40626129318394,-0.689792211651958,-0.443317090775049,1.05253718779278,-0.693139780190002,5.35123628495796,0.000942691185012491,0.00950040811954064
"gene-COMMD4|COMMD4","COMMD4",1.73209345399719,1.34632913469348,1.40253607965111,-0.200246708841292,1.79821667546117,5.34873133744157,0.000945888034747104,0.0095111223766806
"gene-IFI30|IFI30","IFI30",2.64879307862127,3.37059977704975,-0.0116021391876665,-4.13108888156559,2.16809963961927,5.3490486777839,0.000945482426590042,0.0095111223766806
"gene-GPR152|GPR152","GPR152",-0.182563880417712,0.994546286962316,-0.621713396751322,3.45552789362023,-0.710952196392661,5.34771131199434,0.000947192987290639,0.0095180594015082
"gene-LOC101234087|LOC101234087","LOC101234087",-2.28122663086334,4.51224110463697,0.485214182255231,-8.33741910190342,3.30014846271778,5.34316679111148,0.00095302940589132,0.0095590235488063
"gene-BCAS3|BCAS3","BCAS3",4.7628253012461,-0.62077748019575,0.557414736751643,0.494048294111954,0.104363712735996,5.3438561158842,0.000952141756827243,0.0095590235488063
"gene-ZCCHC7|ZCCHC7","ZCCHC7",0.619643581553373,0.941083801203752,0.494675412364817,-0.653362669082594,1.0921007996856,5.34309440199628,0.000953122671134612,0.0095590235488063
"gene-SKIDA1|SKIDA1","SKIDA1",-0.154610070840659,1.42409970608847,0.789219046780168,-1.562922280115,1.73615155793921,5.34242366215373,0.000953987289096397,0.00956149825049659
"gene-RPP38|RPP38","RPP38",2.77188244517002,-1.3994534720063,0.626497848416587,1.94415785086622,-0.124783310478837,5.33978143312066,0.00095740108532696,0.00958950278021663
"gene-CHMP1A|CHMP1A","CHMP1A",5.69723708537519,-0.26310955899269,0.328540150801229,0.307857705955976,0.363634898036356,5.33835997209188,0.000959242809561776,0.00960173510864714
"gene-LOC105760050|LOC105760050","LOC105760050",0.25607979237964,1.07345650864967,-0.484730771542131,-1.40512668280543,-1.11522102245122,5.3377477022718,0.000960037218970989,0.00960347508957728
"gene-PIGF|PIGF","PIGF",5.80755045660925,-0.512278349479304,-0.139128704695197,0.375780396783082,-0.793347264540739,5.33637991383887,0.000961814337170448,0.0096150367362485
"gene-LOC115490883|LOC115490883","LOC115490883",0.60955322919203,3.78340889683574,-0.732527936876226,-5.56666017103746,1.7471923891055,5.33100891034197,0.000968825364299652,0.00967887186090195
"gene-LOC101233957|LOC101233957","LOC101233957",4.85105976478845,-1.58234293761569,-0.728068356475434,2.27845064540948,-0.739754072566659,5.32689256338251,0.000974234066764142,0.00972662721495168
"gene-LBR|LBR","LBR",7.26684650001102,0.0361802707333696,0.453236167936847,-0.6203744007642,0.374371149372746,5.32613920819793,0.000975227288170392,0.00973026581846345
"gene-RPL9|RPL9","RPL9",9.62988503374341,-0.440151045078791,-0.839402622844338,0.526257576662353,-0.613486183513502,5.32525279740683,0.000976397258685156,0.00973141914286382
"gene-PNPLA7|PNPLA7","PNPLA7",5.84238348489777,-0.437919902834634,0.191938955536787,-0.0953763801151403,0.219650519538684,5.32509886733974,0.000976600576986592,0.00973141914286382
"gene-RHOD|RHOD","RHOD",0.185656735261726,-0.0957473346551893,-0.502646995443557,4.79234008082007,-1.90338086277406,5.32570031755501,0.000979957200245686,0.00975835212310321
"gene-NOXO1|NOXO1","NOXO1",-2.07942282119852,2.25463492738654,-0.252870272357473,3.47257749129669,0.843475932362472,5.322104275445,0.000980564623678546,0.00975835212310321
"gene-NDUFA12|NDUFA12","NDUFA12",4.22131627648375,-0.0227759200432098,0.32047106065211,-0.561160548905239,0.510601110144703,5.32091740701734,0.000982140282627346,0.00976147776085946
"gene-LOC115497603|LOC115497603","LOC115497603",-2.70288863044754,-1.03223607678331,-0.580983602802331,1.74732070497014,-1.72409653870678,5.32094277277841,0.000982106580511591,0.00976147776085946
"gene-CFAP418|CFAP418","CFAP418",-2.53026398009533,2.56537658827894,0.35099329523713,-6.95793763827312,3.62374131891306,5.31991645357299,0.000983471141993336,0.0097621654408896
"gene-LOC100228937|LOC100228937","LOC100228937",1.99939575188389,0.82812483675708,-0.954960226169902,-0.595023931795943,-0.971693915884138,5.32423868526811,0.000982879592153725,0.0097621654408896
"gene-MANF|MANF","MANF",2.99712214626678,0.135215426437468,0.40877072964037,0.198009934477535,0.607076705814429,5.31756466669004,0.000986605335590071,0.00978699844118997
"gene-INPP4A|INPP4A","INPP4A",5.49379587798502,0.388302992296342,0.969177394025436,-0.24960168959395,0.744198037895791,5.31616258709525,0.000988478736092976,0.00979930073096656
"gene-MYLIP|MYLIP","MYLIP",2.75508329192989,-1.23846470563716,-0.690998230361117,2.23433544067214,-2.01803779633596,5.32387483073982,0.000991009932874264,0.00981810416852064
"gene-RPL14|RPL14","RPL14",9.23595804259359,-0.949395812963899,-0.770095197705275,1.0831706947998,-0.72011337656109,5.3125387645842,0.000993337643320792,0.00982858058209031
"gene-ACOX1|ACOX1","ACOX1",3.25974780470094,0.284112295931986,0.423147105768336,-0.725942549349803,0.732676028111226,5.31264804575806,0.000993190759185592,0.00982858058209031
"gene-UBP1|UBP1","UBP1",6.3293032313962,-0.972136136306039,-0.477268899265395,0.339029662255123,-0.653842266336394,5.31154413275096,0.000994675545485818,0.00983256587516231
"gene-ADIPOQ|ADIPOQ","ADIPOQ",-0.965205632101289,2.59440050066035,-0.32876937313271,2.77254146965301,-0.386877058588004,5.311294821094,0.000995011189693323,0.00983256587516231
"gene-LOC115498277|LOC115498277","LOC115498277",-1.4671586049823,2.19516622734859,0.793380519900067,-1.58989429274251,2.44761389840543,5.31013852495094,0.000996569410463053,0.009841679404541
"gene-RECQL4|RECQL4","RECQL4",1.1494042631449,1.29365445190398,-0.499653527795099,2.3472821159489,-0.470492608239972,5.30668930743342,0.00100123243683743,0.00988142344391534
"gene-VPS26A|VPS26A","VPS26A",6.46585277971826,-0.195575118634575,-0.185732573523712,0.358363896413533,-0.589149093553589,5.30596806989881,0.0010022103071616,0.00988477023793866
"gene-LRRC10|LRRC10","LRRC10",-1.57979925128518,0.236368176622929,0.229298857717989,6.24999368909403,-1.34199421034884,5.30395485055528,0.00100494505807911,0.00990542979221288
"gene-LOC100221565|LOC100221565","LOC100221565",6.9034268389161,-1.47427382961416,0.191222925700039,1.65382112120576,-1.52314638045519,5.30247194417761,0.00100696432356097,0.00991901521776326
"gene-LOC140684007|LOC140684007","LOC140684007",1.87519420551899,-1.24847620018955,-0.689945807601946,2.32694939086174,-2.09418704389002,5.30202781569884,0.00100892102969344,0.00993196751558907
"gene-RNF149|RNF149","RNF149",0.755099754353186,1.60873746098874,-0.416878240365367,-4.10074795061335,0.843048159675395,5.29890480018783,0.00101183873218468,0.00995435752101583
"gene-CCT5|CCT5","CCT5",6.44459641646378,-1.22294873280357,-0.0551679842196759,2.06308019782837,-0.954438945390814,5.29769423540586,0.00101349842696326,0.00995802422682945
"gene-ITPA|ITPA","ITPA",1.22902292341819,-0.229993586691817,0.564432036120577,0.879823305115247,0.535299075920431,5.29783402572007,0.00101330663084615,0.00995802422682945
"gene-OSBPL9|OSBPL9","OSBPL9",5.67877077767131,-1.87327068528728,-0.0431702948882245,1.93268509740396,-1.51605778354402,5.29528296233416,0.00101681262078333,0.00997791712531521
"gene-ATP1B2|ATP1B2","ATP1B2",0.747208553281755,1.36931896832302,0.763137119675917,-0.887244023346018,-0.81006652521599,5.29546416341067,0.00101656318200914,0.00997791712531521
"gene-LOC100226706|LOC100226706","LOC100226706",-0.796068293515785,0.419683874385757,-0.106878168313907,-0.388487361806468,1.40483701977007,5.29462909950904,0.00101771324049799,0.00998042610691155
"gene-RAB11FIP3|RAB11FIP3","RAB11FIP3",1.86764324791016,-0.598203029445583,0.413552368720178,1.95852850112294,-0.933100651412588,5.29331272868499,0.00101952886789391,0.00999189944943521
"gene-EPHA10|EPHA10","EPHA10",-1.23202160555203,0.430196180809346,0.759067867889176,5.92292827972861,-0.114613724035909,5.29174073705457,0.001021701414131,0.0100068540403021
"gene-SNX4|SNX4","SNX4",0.566755808650844,0.679241481229348,0.12830781048689,-2.98476033514497,0.79615015346289,5.29091661403738,0.00102284227525538,0.0100116914671582
"gene-LOC115497384|LOC115497384","LOC115497384",-5.41473796832717,-0.927307216944127,-1.43677880836917,4.10401970011746,-3.22726466385442,5.28559999158952,0.00103023369735401,0.0100776652759503
"gene-LOC140683664|LOC140683664","LOC140683664",2.99895891373396,-0.440005154331078,0.020405640690672,0.533491397972711,-1.04102883255627,5.28208761718194,0.00103514677092728,0.0100973612430796
"gene-PNRC1|PNRC1","PNRC1",8.39463973942029,-0.951573826569313,0.221574331096236,1.85225562198756,-0.835084228962998,5.28119976125462,0.00103639249198867,0.0100973612430796
"gene-CSTF2|CSTF2","CSTF2",4.72915045074695,0.736005060580365,0.399565415699666,-0.311234632861065,0.848101047216477,5.28088378459062,0.00103683619885733,0.0100973612430796
"gene-C22H2orf68|C22H2orf68","C22H2orf68",5.37032711903925,-0.00540991592600401,1.0966562937833,1.03358150454921,0.548390330729158,5.28043469372959,0.00103746716487862,0.0100973612430796
"gene-KCNJ9|KCNJ9","KCNJ9",-4.50664238519335,0.341279687779156,-1.83576681043253,4.78535652573489,-2.24323690021859,5.28192887091344,0.00103536938983259,0.0100973612430796
"gene-OARD1|OARD1","OARD1",5.12369369559436,-0.799675433796576,-0.731299550266143,1.43684370309149,-0.709169051303773,5.28087320643157,0.00103685105649155,0.0100973612430796
"gene-IKBKE|IKBKE","IKBKE",0.654194608950826,3.50286623908627,0.00394481732986027,-6.60350864074681,3.02923895139173,5.28312518103415,0.00103369294366772,0.0100973612430796
"gene-REXO1|REXO1","REXO1",5.17569746162495,-0.191902125176674,0.411407170977188,0.0126067874873404,0.314084756249068,5.28085108640835,0.00103688212604447,0.0100973612430796
"gene-GADD45B|GADD45B","GADD45B",8.66346661985799,-0.591033960270813,-0.407488475666201,1.1946803374619,-1.08873333940977,5.27802082883839,0.00104086535676867,0.0101240675021968
"gene-SCRN3|SCRN3","SCRN3",4.99780919099802,-0.507080955209548,0.59290271535426,0.31385613666382,0.100591662132796,5.27729593824668,0.00104188806883148,0.0101276494127934
"gene-STRIP1|STRIP1","STRIP1",6.16324408826387,-0.298260880464876,0.329884330482681,1.15204854032945,0.220319172778234,5.27540182177732,0.00104456524670277,0.0101472989282645
"gene-TTC31|TTC31","TTC31",6.34198803932807,-1.08059401330765,0.748631777675543,1.67976258789115,0.0538123758858572,5.27170896206191,0.00104980508711696,0.0101918028376003
"gene-LOC140684932|LOC140684932","LOC140684932",-0.517308390743694,-1.20793328640037,-0.775965830645456,0.66637075476709,-1.59231511134063,5.26822888197031,0.00105476766254641,0.0102335608638907
"gene-ELOF1|ELOF1","ELOF1",3.27355373598025,-0.132480720667356,1.37958684613549,1.54805805607181,0.48307815372236,5.26695326205738,0.00105659270428234,0.0102448446734143
"gene-SH2D3C|SH2D3C","SH2D3C",1.5756145087079,2.03861750852964,0.601812326092303,-2.74953277180524,1.73433390857945,5.26586111496093,0.00105815782063696,0.0102535956633418
"gene-TONSL|TONSL","TONSL",-0.173978629832194,1.16385635619959,1.75685215702998,0.580899463873764,1.21109265196799,5.26477363796091,0.00105971860484227,0.0102599339360034
"gene-HNRNPD|HNRNPD","HNRNPD",7.94980001616244,-0.557394356022144,-0.1642412888922,0.977084783786957,-0.640882044963738,5.2644817573087,0.0010601379233389,0.0102599339360034
"gene-NISCH|NISCH","NISCH",7.28467027851251,-0.648352996846877,-0.897427643677769,-0.140825866059429,-0.64888559536485,5.26290238293664,0.00106240981809466,0.0102754949593843
"gene-TCF12|TCF12","TCF12",8.9527861608393,-0.518500471794558,-0.479775702330623,-0.030815346786879,-0.763354106547662,5.26231691860322,0.00106325326232291,0.010277229378168
"gene-MYCBP|MYCBP","MYCBP",4.65370521140972,-0.307313881987179,-0.49494292278056,0.299539433843865,-0.536099526083911,5.26117904030629,0.00106489450017494,0.0102866681586812
"gene-GATD1|GATD1","GATD1",1.71038787843727,0.840561656522866,-0.00794888786542339,-1.66397952910324,1.11549858141951,5.25842145932611,0.00106888272015813,0.0103187523982826
"gene-DGUOK|DGUOK","DGUOK",0.696072805277478,-0.097103572866931,-0.551701509937285,3.51890035694344,-0.689785157291252,5.25525732487134,0.00107347778881021,0.0103467111180706
"gene-GRHL3|GRHL3","GRHL3",-4.34643181437423,2.09402107985288,0.471305965273527,4.7576947615266,-0.598168879083649,5.2550464903261,0.00107378468857004,0.0103467111180706
"gene-LOC140680834|LOC140680834","LOC140680834",-0.459721530291427,2.51688811389363,1.36798631868893,4.48091022814435,1.41186843845346,5.25509821590329,0.00107370938629149,0.0103467111180706
"gene-LOC140683827|LOC140683827","LOC140683827",4.89762236826875,-0.528766540799605,-0.607211936036878,1.63699261188973,-1.12021195961463,5.25447248968137,0.0010746206840322,0.0103483230151826
"gene-VXN|VXN","VXN",-2.76192988732982,-0.759455094502714,-1.62653514812586,2.14840878256235,-3.10157962896021,5.2530324219685,0.00107672098769765,0.0103621003013813
"gene-LZTR1|LZTR1","LZTR1",3.76558236669109,-0.122332897059975,-0.0443647473420637,0.115905183772297,0.439503816088145,5.25172910189539,0.00107862547404015,0.0103687033772367
"gene-DNAJC7|DNAJC7","DNAJC7",5.24788588651979,-0.187834709346929,-0.0837146746152704,-0.299928136351661,0.328314841375555,5.25164590120961,0.00107874716881106,0.0103687033772367
"gene-SEPTIN9|SEPTIN9","SEPTIN9",2.06179078447981,1.09896425865908,0.912323679621483,-3.31083346224123,1.29768109815004,5.24491105068621,0.001088644808194,0.0104573422761031
"gene-ITGA4|ITGA4","ITGA4",3.67323195073028,1.8837812701007,0.0579775931960719,-4.09606984653195,1.42331007103329,5.24044455656762,0.00109526010716042,0.0105133455118413
"gene-BEAN1|BEAN1","BEAN1",-0.0558529931320178,0.964145858161047,-1.67135060337727,1.46206568748479,-0.497645139298756,5.24005859176465,0.00109583368727625,0.0105133455118413
"gene-PAN2|PAN2","PAN2",5.52447961424421,0.750382627797312,0.615991521707269,-0.36240596661434,0.961431215311151,5.23765292539697,0.00109941567830844,0.0105411757260366
"gene-MAST2|MAST2","MAST2",7.88352758246988,-0.582752887058316,0.650702644067151,0.19805532447289,0.202067064744836,5.23663267919161,0.00110093842582901,0.0105492397149869
"gene-LOC115496994|LOC115496994","LOC115496994",-2.74797594490554,6.36344429847176,-2.36232562075705,-8.5072849475223,4.99172038371961,5.23492025546656,0.00110349912764762,0.0105604273742869
"gene-NDUFA1|NDUFA1","NDUFA1",4.24569631996446,-0.0977577072905843,0.476015774762186,0.813832469642585,0.429061106534722,5.23384942352479,0.00110510351460705,0.0105604273742869
"gene-MBNL1|MBNL1","MBNL1",9.9222696222292,-0.328368318643784,0.302047370560761,0.407961920533668,0.120395046824589,5.2344805296729,0.00110415766318712,0.0105604273742869
"gene-SNRPD3|SNRPD3","SNRPD3",3.36532608449662,0.387355076025648,0.0983574898902878,-0.828103608646984,0.624372584937355,5.23357298246171,0.00110551808377026,0.0105604273742869
"gene-SMARCA2|SMARCA2","SMARCA2",5.13143439402334,-0.355165738987412,0.443048840704878,-0.145214011604939,0.143212062020041,5.23404918956954,0.00110480403147481,0.0105604273742869
"gene-THOC5|THOC5","THOC5",5.3374152205623,0.40251413966204,0.131798520829367,0.0315562888646994,0.631790682806697,5.23252854797436,0.00110708582504793,0.010568879174964
"gene-TALDO1|TALDO1","TALDO1",2.26745179183338,2.31694616409484,-0.120756361662142,-3.57806121553421,1.64261118424185,5.23195274390217,0.00110795110567783,0.0105706185945527
"gene-LOC100230310|LOC100230310","LOC100230310",5.14700323007355,-1.06624494230902,-0.37279348654081,2.22656982588689,-0.941958571326543,5.22988335139655,0.00111106657709543,0.0105938110169759
"gene-LOC140682073|LOC140682073","LOC140682073",2.03730612212107,-0.344694286222457,-0.0452910117302062,1.10335893833954,-0.951668820708206,5.22661732252346,0.00111600185773099,0.0106343157317655
"gene-PTGES3|PTGES3","PTGES3",7.26886205264503,-0.671786670680494,-0.683056812890545,0.481075750961516,-0.447226141730428,5.22583600183242,0.00111718583328735,0.0106390466277673
"gene-RPS6KB2|RPS6KB2","RPS6KB2",4.8035289197483,-0.0958845948382644,1.40091626144016,1.16229748244133,0.666893186750025,5.22220478445168,0.0011227053160856,0.0106765365591553
"gene-VPS33B|VPS33B","VPS33B",3.80268796494885,-0.0265485114431804,0.630040485259886,1.52661069322553,0.555584458603575,5.22202239710917,0.00112298328220996,0.0106765365591553
"gene-STT3A|STT3A","STT3A",4.74086367367176,-0.687650067027962,0.0272662696778436,1.32660922731529,-0.137964871075197,5.22188525200156,0.00112319234367075,0.0106765365591553
"gene-PIK3CA|PIK3CA","PIK3CA",9.84430584095877,-0.425797976416917,-0.355142268188196,0.297149467860734,-0.771221482713859,5.21917426607613,0.00112733311474387,0.0107093185700806
"gene-GGCX|GGCX","GGCX",6.20675246390981,-0.588836135073884,-1.28765879062082,1.34708223192887,-0.801643469757532,5.21842490981546,0.00112848044119321,0.0107136409984447
"gene-LOC100232496|LOC100232496","LOC100232496",-0.144185694931135,1.71206627416382,0.386709519644092,-1.01867543566077,1.68056270930342,5.21778456728995,0.0011294618064518,0.0107146727948142
"gene-AGPAT2|AGPAT2","AGPAT2",0.852145403204421,2.30802215182938,0.204082190247445,-3.85242098138489,1.60735161760933,5.21745065592182,0.00112997389344987,0.0107146727948142
"gene-CPN1|CPN1","CPN1",2.00886349353343,3.40467510952932,1.61653568883454,3.91540031469099,1.19049549288184,5.25101144884754,0.00113450152933365,0.0107378661568429
"gene-NUDT7|NUDT7","NUDT7",-1.57241906337228,3.42296672359756,-0.0314046707617788,-4.91385885274337,0.736381653072914,5.21514659396743,0.00113351389587426,0.0107378661568429
"gene-LOC140685012|LOC140685012","LOC140685012",-3.11657023797467,-0.546844121380972,4.53876486355781,7.7369576155803,0.490466302030747,5.21464100123875,0.00113429221661738,0.0107378661568429
"gene-TREM1|TREM1","TREM1",1.22288902372576,4.3947257702975,-0.139397082609851,-4.92436297431179,2.37794232728099,5.2118463991565,0.00113860417727819,0.010770109806467
"gene-HIBCH|HIBCH","HIBCH",2.09562224165446,0.368118399396342,0.555024818301537,-1.81736776010158,0.851091837556902,5.21128433131927,0.00113947345218258,0.0107717481200522
"gene-PLEKHO2|PLEKHO2","PLEKHO2",4.20024800083655,1.32449335827801,0.161596424779319,-2.73745335357779,0.747870377783682,5.20958984132034,0.00114209820927461,0.0107899693458636
"gene-TRMT10A|TRMT10A","TRMT10A",4.33963792339788,-0.579053657800196,-0.564618529943689,1.27913658661119,-0.637950570869481,5.20747389791722,0.00114538449433964,0.0108144143074472
"gene-FBXW9|FBXW9","FBXW9",3.87174893957041,-0.224668849620607,0.806834145220311,1.18093840393909,0.47993782966099,5.20670066927998,0.00114658781605898,0.010819174666776
"gene-LAP3|LAP3","LAP3",0.201607116639507,1.77283748520392,0.025517696838169,-3.19395861905361,1.89013311352089,5.20538700767579,0.00114863514589637,0.0108252916460087
"gene-UTP18|UTP18","UTP18",6.4397962418476,-0.962685497781946,-0.78375909515445,1.29974334185946,-0.50478223682711,5.20549090219535,0.00114847309092322,0.0108252916460087
"gene-STK3|STK3","STK3",4.23900644383456,0.0573163764959397,0.162543834022978,-1.00186848561432,0.364838903461407,5.20387620096145,0.00115099435551682,0.0108409237076219
"gene-MTPAP|MTPAP","MTPAP",2.20269390562728,1.20977762021123,0.483787949719473,-2.48507604524671,1.2142374477035,5.2032033530508,0.00115204664248397,0.0108442346669339
"gene-NHEJ1|NHEJ1","NHEJ1",1.25550261967242,-0.473400757670442,-0.387038436914347,2.4373643161348,-1.0487111387842,5.20207715230424,0.00115381014737016,0.0108542322374184
"gene-B3GALT9|B3GALT9","B3GALT9",1.50558205435806,0.4287916052332,-0.355799431451104,1.63909895544024,-0.327812728363705,5.19983219151812,0.0011573337612649,0.010880765465112
"gene-GUCY2C|GUCY2C","GUCY2C",-5.35138690879211,-2.03036603499783,-0.467749234894525,1.60335762108481,-3.8692213062917,5.19590998311222,0.00116351640287761,0.0109271247120461
"gene-TRMT2B|TRMT2B","TRMT2B",2.88317047158942,-1.19817578457504,0.558975062669147,1.42192340353115,-0.00815740995474009,5.19580838858507,0.00116367699679819,0.0109271247120461
"gene-LOC115493544|LOC115493544","LOC115493544",1.15302670673116,-0.582998021946536,-0.607720191503352,1.82555970196204,-0.912154474119214,5.19362677828364,0.00116713102687236,0.0109424527594988
"gene-DOK3|DOK3","DOK3",3.75601154386387,-0.927705553920214,-0.154836481009878,2.89457083844768,-0.807129129809854,5.19343783623098,0.00116743066274201,0.0109424527594988
"gene-ARHGEF18|ARHGEF18","ARHGEF18",5.32703347318595,0.550370333825081,0.622755093659772,-0.904425074843206,0.508761702274726,5.1937307009154,0.00116696625358724,0.0109424527594988
"gene-P4HA2|P4HA2","P4HA2",1.44346935447683,-1.75171836281921,-0.654061581957386,2.14662746338153,-2.23057108167854,5.1922661586683,0.00116929054108393,0.0109466249989557
"gene-LOC115497621|LOC115497621","LOC115497621",0.980081774225644,-1.24152012846065,0.0805341372396032,2.88159802664441,-1.40291863710596,5.19244197489588,0.00116901126335435,0.0109466249989557
"gene-SNAI1|SNAI1","SNAI1",-5.14216148009324,4.31996304512082,-1.50614173737333,1.68431292957842,2.48690500661686,5.18953222465022,0.00117364210194605,0.0109807203915449
"gene-SURF1|SURF1","SURF1",1.60433576799607,-0.919234378997634,-0.405191188837577,1.87726785806162,-1.09344621435146,5.18341149767912,0.00118344461677778,0.0110657434710792
"gene-MED1|MED1","MED1",7.23248833761613,-0.661817784674285,-0.754112677044092,1.23372698755349,-0.588453761388315,5.1795095179705,0.00118973748418861,0.0111178668887794
"gene-CCDC117|CCDC117","CCDC117",9.2725774080509,-0.838143253831503,-0.548684113525667,0.617619406991767,-0.96019776726895,5.17801561987635,0.00119215581353708,0.0111337424348137
"gene-HDAC5|HDAC5","HDAC5",8.32076112233861,-0.246409908734348,0.748741712042021,1.03564184586373,0.371890586248594,5.17726544128641,0.00119337210478196,0.0111383795666471
"gene-LOC100230113|LOC100230113","LOC100230113",5.1124805128325,-0.900152275397554,-0.427257998588301,0.887406373485525,-0.734545360940315,5.17666055597457,0.00119435375250803,0.0111408223749619
"gene-NUCKS1|NUCKS1","NUCKS1",5.30974537222472,-0.161436156471709,0.20228061204998,0.320642755899031,0.173860648237911,5.17574553300119,0.00119584028433135,0.0111479689156793
"gene-CGAS|CGAS","CGAS",-0.144962385666271,0.288923114933765,-1.57792993187695,-1.02067616064231,-0.575557898537548,5.17450429912813,0.00119785980292257,0.0111600725166929
"gene-DNAJC2|DNAJC2","DNAJC2",5.60277893748058,-0.774525163571805,-0.474978677847349,1.45252099485005,-0.458842184918353,5.17322393457996,0.00119994664880086,0.0111727884417529
"gene-CIBAR1|CIBAR1","CIBAR1",0.854945596153314,0.0674834306677321,-0.301933060848731,-1.8497008176308,0.659487208858321,5.16890252710965,0.00120701757919289,0.0112318683331389
"gene-ARHGEF38|ARHGEF38","ARHGEF38",0.65354058765689,-0.506399757630791,-1.12750918905635,2.22657491925717,-1.99906576528941,5.16749207149511,0.00120933467319373,0.0112341875877118
"gene-ANAPC2|ANAPC2","ANAPC2",1.90470608681187,1.69583986705687,0.407538010008794,-2.50693111946469,1.13714044130555,5.16742517342137,0.00120944468634106,0.0112341875877118
"gene-EHBP1L1|EHBP1L1","EHBP1L1",-1.45261406142188,3.16343675255241,0.459831639673619,3.0283529714563,2.29001753645881,5.16803890779336,0.00120843579116123,0.0112341875877118
"gene-UBE2S|UBE2S","UBE2S",9.19837509652108,0.647600448173122,-0.266815539345665,0.67614785041503,-0.486183275751445,5.16677195766145,0.00121051943136915,0.0112374254351755
"gene-LOC100220664|LOC100220664","LOC100220664",-0.0777697304250751,2.15758469389611,-0.108204177260456,-4.76332499754341,2.36741786098864,5.16546130314021,0.00121267882119992,0.0112507222770197
"gene-GJD3|GJD3","GJD3",-1.29202212347082,-0.0340179715021795,0.510259926886732,1.48314366561044,1.18790485769644,5.16390156964327,0.00121525372758956,0.0112678558624616
"gene-LOC121470124|LOC121470124","LOC121470124",1.51466208664966,1.74687495785512,-2.55342594233939,-2.57601965033928,0.0404677365442078,5.16336339798206,0.00121614347424661,0.0112693534514769
"gene-LOC121470916|LOC121470916","LOC121470916",1.03906349835599,-1.53269092839135,-0.215842225619389,2.65213705455438,-1.38457874417475,5.16222597577326,0.00121802614391028,0.0112800446301685
"gene-HAUS5|HAUS5","HAUS5",4.39506454428793,-0.0591560119723685,1.10357433809559,-0.0838478611151759,1.05946883711866,5.1703601456864,0.00122038938158895,0.0112951708612973
"gene-ATG3|ATG3","ATG3",2.72217873477534,0.406624645148754,0.38892668882039,-0.134088165461345,0.694210693022641,5.15836305772208,0.00122444239005509,0.0113191433608737
"gene-NCEH1|NCEH1","NCEH1",1.74570523858415,1.69791726991975,-0.20485764096558,-3.22196231965836,0.808134322820795,5.15875333876083,0.0012237925701829,0.0113191433608737
"gene-MRPL37|MRPL37","MRPL37",0.698821106354364,1.04144118821569,0.685926081966499,-2.09593000038917,0.892978093314567,5.15644301122956,0.00122764442715694,0.011341968662838
"gene-VBP1|VBP1","VBP1",3.73089497779099,0.245848716261564,0.129475243975895,-0.691564036553377,0.557734262881012,5.1513909136595,0.0012361107842219,0.0114133737385644
"gene-SURF2|SURF2","SURF2",4.18063533789092,-1.80789239510503,0.679199681241676,1.85362778010086,-0.551684276482971,5.14802024562502,0.00124179262370822,0.0114589987190725
"gene-LOC140683700|LOC140683700","LOC140683700",3.08490424953392,-0.324252760270774,-0.609769068593221,0.80456300440464,-0.912483712040877,5.14698605079313,0.00124354129411575,0.0114661095518443
"gene-SEH1L|SEH1L","SEH1L",4.8409892963744,-0.398451857168036,1.28273707772549,0.537809097981524,0.093604570100098,5.14602634660292,0.00124516626805516,0.0114661095518443
"gene-PUS3|PUS3","PUS3",2.35245534357562,0.160381452150429,0.765416904947835,0.113050740123937,0.399912502802199,5.14598529854203,0.00124523581923288,0.0114661095518443
"gene-SWS2|SWS2","SWS2",-2.7643394401933,3.12759266681947,1.26148468329615,4.86450953922214,1.58817312345228,5.14581347993487,0.00124552698912118,0.0114661095518443
"gene-XPO1|XPO1","XPO1",4.8165189227613,-1.56557607614604,0.0626927306463877,2.30969752659193,-1.14385048614475,5.14404608004502,0.00124852613849915,0.0114868858461798
"gene-IP6K2|IP6K2","IP6K2",5.15281216583929,-0.81892114864452,-0.495908509509296,0.976813805774896,-0.764718391434724,5.14266128645086,0.00125088120031338,0.0115017151365713
"gene-LOC100190204|LOC100190204","LOC100190204",1.0855882579193,3.84828337905752,-0.550550705240619,-5.75819637460024,2.20693871024111,5.14028100589476,0.00125493988332741,0.0115253380976212
"gene-TRMT2A|TRMT2A","TRMT2A",3.74549493885644,-0.817896475708204,-0.502046499266435,1.33814443024353,-0.85238593328392,5.14061537701566,0.00125436892447046,0.0115253380976212
"gene-VIRMA|VIRMA","VIRMA",6.79235383541673,-0.546281707485517,-0.544804559682482,0.617293346699897,-0.565678374350205,5.13972965120872,0.00125588193610109,0.0115271488500382
"gene-SLC25A6|SLC25A6","SLC25A6",5.88009554713498,-0.113878486344559,-0.30128413364347,0.501161055209874,-0.491386605098551,5.13534756524132,0.00126339503512713,0.0115892342433861
"gene-LLGL1|LLGL1","LLGL1",4.08981590081517,0.339062292174743,0.225990810980931,0.372687603227612,0.829077346976572,5.13459333390191,0.00126469280303518,0.0115942660704795
"gene-LOC115491011|LOC115491011","LOC115491011",-0.328458406704843,-0.350485292643747,0.0187930117485193,-0.56550326496347,1.00272293350787,5.13394877103027,0.00126580295187818,0.0115975729309147
"gene-CTSZ|CTSZ","CTSZ",5.03340740778262,-0.336656915295412,-0.0422932148361482,1.04996020524764,-0.755271076188239,5.13232365343777,0.00126860637043459,0.0116163808180327
"gene-NAV1|NAV1","NAV1",-0.863751293149713,3.61456028196061,1.24242547981644,-5.78530214916001,1.99571756112845,5.12948524107574,0.00127351805240924,0.0116544600006109
"gene-KNTC1|KNTC1","KNTC1",4.15622868799309,-1.51085069304167,-0.819227146539173,1.51877427864819,-1.13275823533264,5.12797146043175,0.00127614550730505,0.0116716026746723
"gene-LOC105760995|LOC105760995","LOC105760995",5.48466667994326,-0.750879812842615,-0.78113254817197,1.29879269660903,-0.688929990442728,5.1224783713665,0.00128572652666041,0.0117522847017541
"gene-MAL|MAL","MAL",3.79610625162882,-1.57094659432019,-0.261905385891573,3.09151516373796,-1.33729368341719,5.1202787819921,0.00128958366712066,0.0117805827914358
"gene-ACSS2|ACSS2","ACSS2",3.02275228437903,1.36024154812345,0.250316028861014,-0.954432824770553,0.994288694707933,5.11576710683935,0.00129753234498392,0.0118462023826703
"gene-LOC115490769|LOC115490769","LOC115490769",0.880092944190795,0.387967844810434,0.159242050689852,2.02328249317029,-0.560092172772383,5.1143389229167,0.00130005896398943,0.0118622715022031
"gene-PCSK7|PCSK7","PCSK7",6.80001666160579,-0.366162404279291,0.337185205978136,0.484739628575462,0.269647304447565,5.1131276737092,0.00130220574946034,0.0118748579687088
"gene-GYS2|GYS2","GYS2",-4.18650518282663,7.1561858811139,-1.29527285599373,-0.717202630850424,2.88891163983929,5.10773320371102,0.00131181094195574,0.0119385298976609
"gene-NEMF|NEMF","NEMF",5.07676325869717,-0.381064007329704,0.409071502837736,0.0147779676114816,0.48529944358608,5.10661172807554,0.00131381689277651,0.0119385298976609
"gene-ZNF507|ZNF507","ZNF507",6.11051333758091,-0.357286035903357,-0.401350571274442,0.507480762470237,-0.61395741749448,5.10741608808769,0.00131237783917556,0.0119385298976609
"gene-ISYNA1|ISYNA1","ISYNA1",-0.3407378714259,-0.75418281043427,-1.31310469667103,3.25388666986675,-1.59558786272259,5.10701244672735,0.00131309977855161,0.0119385298976609
"gene-LOC121468742|LOC121468742","LOC121468742",0.17110991147763,2.50100294696319,-0.09328697834991,-4.06002007739769,2.17173015322694,5.1081971962701,0.00131098192951637,0.0119385298976609
"gene-LOC140682053|LOC140682053","LOC140682053",3.84092396695508,0.41896059145654,-0.498117780433086,-0.402536718784066,-0.443202293688511,5.10855058509062,0.00131035089199045,0.0119385298976609
"gene-NRBP1|NRBP1","NRBP1",6.55652274540046,0.174923113954242,0.14142912865594,-0.190921450181046,0.482780899531909,5.10530263405476,0.00131616240519666,0.0119528246598699
"gene-FUNDC2|FUNDC2","FUNDC2",4.0547540769183,0.659677958749844,0.256697507593757,-1.36590633198891,0.749154917157601,5.10301219356383,0.00132027652292541,0.0119831549514784
"gene-UAP1|UAP1","UAP1",3.6574068885425,-0.772895886940809,-0.320390925922598,1.89798575133013,-0.830930388872376,5.1013113429535,0.00132334013122452,0.0120039205924381
"gene-WLS|WLS","WLS",-1.24060814134786,3.5597346929014,-0.130407926705279,-4.88548195674714,1.03291934996922,5.09914412394088,0.00132725432310617,0.0120323729643046
"gene-C35H6orf136|C35H6orf136","C35H6orf136",5.53657753625522,0.265796485583758,0.801550948871731,0.035765609883015,0.84715611928615,5.09541037866428,0.00133402563286698,0.0120866783774102
"gene-PRKAR2A|PRKAR2A","PRKAR2A",5.16587023319547,-0.284454425597049,-0.944437856974987,-0.340083008124119,-1.08557719845148,5.09905189622582,0.00133752362177038,0.012111280308307
"gene-SNX12|SNX12","SNX12",7.06688929727213,-0.151643054996412,-0.172275164420116,0.584254391172548,-0.28820072435607,5.08900522438093,0.00134572417199373,0.0121658408660848
"gene-ATAD5|ATAD5","ATAD5",3.37852130650933,-0.261142465554482,-1.46921579100778,-0.0974997021917391,-0.23542686129013,5.08890526825162,0.00134590756463568,0.0121658408660848
"gene-IPO4|IPO4","IPO4",5.63704469751128,0.846777341471597,0.06737904625312,-0.214399800535448,1.02023805080185,5.08892588185308,0.00134586974212066,0.0121658408660848
"gene-LOC100230674|LOC100230674","LOC100230674",-0.958664962571581,1.42579652495587,-2.20034415865881,-0.257633415819618,0.000319820739189038,5.08698387528465,0.00134943778310468,0.012190630293955
"gene-MAP1LC3B|MAP1LC3B","MAP1LC3B",5.49480056597922,0.013618864354257,-0.0532902470242783,-0.553516519106018,0.386117749851487,5.08594242839028,0.00135135521808375,0.0122008296381832
"gene-LOC115496485|LOC115496485","LOC115496485",-1.18945167495158,-0.451188979838023,0.160272858994438,0.992586711127307,-1.14859991633379,5.08431080558031,0.00135436485254794,0.0122137506370509
"gene-PLD6|PLD6","PLD6",2.31443373041649,-1.50198404002955,-1.12753349386344,1.01532775472176,-0.342888414120327,5.0845852074903,0.00135385822067455,0.0122137506370509
"gene-RASL10B|RASL10B","RASL10B",-4.09330951373491,-0.729815499868149,-1.43641609462746,7.33520579161766,-2.7369079161206,5.08327348695547,0.00135628182243963,0.0122167993028249
"gene-FOSB|FOSB","FOSB",0.715282377455567,1.45059424974412,2.10631392381619,1.26275355813573,-0.0782927743258564,5.08355956624733,0.00135575286920824,0.0122167993028249
"gene-PCBP3|PCBP3","PCBP3",-0.930535571666787,3.97897315167377,0.91611743365993,-4.97907894138533,3.28449870542053,5.08223452256974,0.00135820461884747,0.0122270020224925
"gene-MLX|MLX","MLX",4.00035383176981,0.134896850510833,0.384116681914169,0.281961603352759,0.575366376714549,5.07848526941015,0.00136516655002683,0.0122825304428286
"gene-GINS4|GINS4","GINS4",3.75176392334371,0.522219499752064,-0.72819149142196,0.509112724502646,-0.222610022950314,5.07680627862347,0.0013682960784895,0.0123035338841516
"gene-GLA|GLA","GLA",3.66910417293856,0.157669695495501,-0.827316301742547,0.685214554654696,-0.576508577768721,5.07514578197764,0.00137139836075345,0.012324268079361
"gene-LOC105759491|LOC105759491","LOC105759491",-0.0501917010384445,1.58751170406215,-0.184653179125134,-3.53576009322601,2.10529202030516,5.07112261185275,0.00137894469266864,0.012378624839499
"gene-ACOX2|ACOX2","ACOX2",-1.39133639849304,3.86374759862099,-1.70955292265952,-5.94971785225292,2.02746428178369,5.07104038651824,0.00137909936681364,0.012378624839499
"gene-JAK3|JAK3","JAK3",2.35251648424196,1.74419327544169,0.0700821511848456,-3.48349363679992,1.51724429918279,5.07064322879946,0.00137984671070345,0.012378624839499
"gene-BCL2L1|BCL2L1","BCL2L1",9.56353537503106,-0.195431016831118,-0.499283745429919,0.000194465526482068,-0.576670117672854,5.06946798760064,0.00138206062833263,0.0123913025628316
"gene-LOC115496949|LOC115496949","LOC115496949",-2.99470838305174,-1.84659539354823,-1.47112209488556,4.7769711538513,-3.80932468335513,5.06633208656777,0.00138798585239322,0.012437221230912
"gene-LOC115496608|LOC115496608","LOC115496608",5.39363262540892,-0.0217167697823416,0.0595853574918521,1.41015902734215,-0.796481276499955,5.06478219737811,0.00139092393645543,0.0124563355999119
"gene-POLR1F|POLR1F","POLR1F",1.53320833144991,-0.629602095567366,1.14787883265694,0.183816865327946,0.239039863470154,5.05839141083166,0.0014031062071073,0.012543656010968
"gene-DBNL|DBNL","DBNL",2.7763453613297,1.56396508448552,0.377760807696119,-2.19880248148344,1.21325283780962,5.05861717979543,0.00140267398479281,0.012543656010968
"gene-KIF18B|KIF18B","KIF18B",-0.933532140850294,2.25508880829221,0.703851648424759,1.08164551008033,0.103442488453558,5.05890836622401,0.00140211672562279,0.012543656010968
"gene-LOC121469303|LOC121469303","LOC121469303",1.9554525824115,3.42049310259828,0.616528695292042,-4.49903530909973,2.29940940972277,5.05790133582651,0.00140404489821733,0.0125448006927905
"gene-CD37|CD37","CD37",3.85373241243079,0.834240378555654,0.525545699972101,-0.810425551287506,0.917169413924354,5.05691733398329,0.00140593160042867,0.0125544094152531
"gene-BFAR|BFAR","BFAR",7.19981783264631,-0.515847505355333,-0.465836097818007,0.568963204155043,-0.861154775751981,5.05647399504717,0.00140678249624893,0.0125547630504338
"gene-SAG|SAG","SAG",2.18117532098239,-1.98518287955549,0.660717948420705,3.3567260861251,-0.578396864831318,5.05240498366318,0.00141461677911777,0.0126174032604308
"gene-ANKRD54|ANKRD54","ANKRD54",6.82282146948401,-0.0810588952996891,-0.46524526737532,0.522217516998414,-0.539045189753917,5.05148778844994,0.00141638886467484,0.0126259318438036
"gene-ALDH3A2|ALDH3A2","ALDH3A2",-1.10663989634842,2.68013538255958,0.271743252907099,-6.04235104386977,2.12633032758554,5.05086172461857,0.0014175997690526,0.0126294510225038
"gene-CLINT1|CLINT1","CLINT1",4.72020765440831,0.408622778625857,-0.105024106694461,-0.843655354831753,0.560132796274865,5.04890717001132,0.0014213870048857,0.0126527483154854
"gene-REX1BD|REX1BD","REX1BD",-0.740086796246323,2.716555604927,1.0466646080498,-3.22947697316522,2.68522433831926,5.04866856971764,0.00142185003687426,0.0126527483154854
"gene-PSMD2|PSMD2","PSMD2",6.56211696637607,0.536669741637904,0.251420490104499,-0.384417047085176,0.611799645192111,5.04788778049457,0.00142336633025996,0.0126589620464212
"gene-CAPN3|CAPN3","CAPN3",-0.202467067876197,3.26023026846999,-0.311054487612364,-1.93032017829882,1.98993465624656,5.04714165119049,0.00142481686107698,0.0126645841040587
"gene-TMEM192|TMEM192","TMEM192",3.37834248984187,-0.232939179585011,0.607408113522163,0.366253445112827,0.411125851911414,5.04496896479429,0.00142904935141543,0.0126904314679172
"gene-SIRT6|SIRT6","SIRT6",3.78975043615225,0.0705052136648784,0.334532195376002,0.687294106317106,0.489485930176821,5.04480723926868,0.00142936491428625,0.0126904314679172
"gene-VAPB|VAPB","VAPB",5.58705550072921,0.568047223571648,0.382882257216111,-0.502606511859358,0.657389844712142,5.0438656584623,0.0014312035676099,0.0126994697297954
"gene-NRK|NRK","NRK",4.30677980108554,2.18283282200039,0.0411661158195321,-4.6979044265791,1.93147099711833,5.05380454315616,0.00143462108609059,0.0127224993164767
"gene-STIP1|STIP1","STIP1",6.29990146047457,0.143462119137026,-0.74193242407423,1.54764589739226,-0.65744223468758,5.0408795442747,0.00144026772113559,0.0127652594413364
"gene-SLC9A6|SLC9A6","SLC9A6",2.59986318348126,-0.0288911052186142,0.479508037293214,-0.858938346250817,0.615818215977371,5.038725041448,0.00144128459285045,0.0127669599738756
"gene-CFAP54|CFAP54","CFAP54",-4.83902957655228,3.18124209200638,-1.75707857331047,1.85542501703165,-0.210151207202384,5.03635224843682,0.00144596226207521,0.0128010675089324
"gene-PTX4|PTX4","PTX4",-3.42953853231202,0.372467302451142,-0.0848927777643165,4.98674792400367,-3.31076700302498,5.03549012073262,0.00144766568789071,0.012808820194459
"gene-ABHD16A|ABHD16A","ABHD16A",5.28112326697188,0.488639221691317,0.754062035411739,0.00551047274711759,0.876782664249551,5.03204406833359,0.00145449507875964,0.0128618921964602
"gene-LOC140684829|LOC140684829","LOC140684829",-4.88363734455976,-0.143485671158715,3.56774781599833,5.14433823592255,1.85390632338885,5.03098643515781,0.00145659770598697,0.0128731293547392
"gene-PRKAG1|PRKAG1","PRKAG1",3.9547557474898,0.228546816258546,0.672499098091445,0.47385524870792,0.711934824827175,5.02522227382874,0.00146811196693202,0.0129674844111147
"gene-WTAP|WTAP","WTAP",7.57693284150901,-0.806415387914524,-0.193627111367766,0.72598185266291,-0.609356056303021,5.02283179949412,0.00147291438099159,0.0129837201109942
"gene-UQCRQ|UQCRQ","UQCRQ",2.17162115956165,0.140359771483218,0.23289708295394,-0.364968678410241,0.736809356437749,5.02290975839422,0.00147275750973356,0.0129837201109942
"gene-CRKL|CRKL","CRKL",6.39653257081857,-0.888327103449671,-0.202668538790769,0.684186260343022,-0.824761618508841,5.02278760200414,0.00147300332411666,0.0129837201109942
"gene-TUBA1B|TUBA1B","TUBA1B",3.20651768370002,0.62409141665866,0.523385223628631,-1.46414606329758,0.74958894311686,5.02263714770479,0.00147330613989699,0.0129837201109942
"gene-IL15|IL15","IL15",3.34083239225305,-0.305388938448645,1.2454306364846,-0.12576442348683,0.667262993111208,5.02174073772087,0.00147511164441963,0.0129912172608501
"gene-CKS2|CKS2","CKS2",5.87265164392416,-0.549483552459103,-0.991133588146639,0.3087343371423,-0.951535216429906,5.02138148916505,0.00147583586071563,0.0129912172608501
"gene-STAR|STAR","STAR",0.751882823242284,-0.576216879325846,-1.16963781879007,1.13808750631305,-0.582826369239737,5.01970753310188,0.00147921522483354,0.0130135620263213
"gene-RBM27|RBM27","RBM27",6.10765080678665,-0.523906325916694,-0.034734903193813,0.780220839781636,-0.094306851654674,5.01886993529722,0.00148090913074739,0.013021061817225
"gene-RABGAP1|RABGAP1","RABGAP1",5.28558826357499,-0.0164040182099928,0.0126422637611945,-0.462632329048958,0.336209192987547,5.01749793061609,0.00148368807982963,0.013038088038253
"gene-TMEM222|TMEM222","TMEM222",2.82805838971021,0.232217127957791,-1.00985804711687,-0.822134079341689,0.614600186213444,5.01556390465855,0.00148761445376498,0.0130651723450698
"gene-AKAP9|AKAP9","AKAP9",6.40810001879497,-1.19640456063615,0.600738109032456,0.644289873076182,-0.146782916319957,5.0137882400488,0.00149122869596515,0.013074653864057
"gene-TTI1|TTI1","TTI1",4.59965766080823,-0.49912961176007,-0.487321542569772,1.98843733409568,-1.02405133737049,5.01402091660566,0.00149075458762467,0.013074653864057
"gene-NRAS|NRAS","NRAS",5.19501937698548,0.084863563187562,0.0675216797695887,0.171756956397804,0.421090022854927,5.01411449436108,0.00149056395445408,0.013074653864057
"gene-KCNQ5|KCNQ5","KCNQ5",0.22880695143768,1.87489889753748,0.0461230837549244,-6.10003661301832,2.37477408242463,5.01297542847547,0.00149288611566588,0.0130817738617947
"gene-KEL|KEL","KEL",8.98770820003241,-0.479565332954707,-0.411801450033948,0.80098842129107,-0.730613753920937,5.00962796766284,0.00149973188840634,0.0131343242632078
"gene-USP7|USP7","USP7",8.90609260743639,-0.8895642787264,-0.361239014868743,0.932378483479433,-0.826980495432419,5.00828397660307,0.00150248947060524,0.0131510319896019
"gene-LOC100221272|LOC100221272","LOC100221272",4.06666153061797,0.337895397345712,0.823263960945947,-1.59236220497927,0.893902464471074,5.00401472333603,0.0015112835474143,0.0132205273579629
"gene-NDUFS6|NDUFS6","NDUFS6",4.26656242546601,-0.243753846292012,0.586681283030467,0.52793509710848,0.294306162226099,5.00189421219794,0.00151567107816171,0.0132432429326749
"gene-PPP2R5A|PPP2R5A","PPP2R5A",3.93795624274363,-0.461797429960211,-0.44622266161575,-1.57621452817088,0.0662905361788658,5.00227580790149,0.00151488056082063,0.0132432429326749
"gene-SLX9|SLX9","SLX9",0.453215555808847,1.50544377993254,0.746830325556875,-2.10032654689462,1.52058384706261,5.00110692024654,0.00151730337445122,0.0132432429326749
"gene-R3HDM1|R3HDM1","R3HDM1",3.46774399320283,0.305066384805569,0.502020900427472,-0.352311063008385,0.688123365650778,5.00149380685446,0.00151650101577855,0.0132432429326749
"gene-DNAI1|DNAI1","DNAI1",-3.29622945724789,-1.10501532417485,2.07000100406443,3.71966965806706,-2.92405382233202,5.00048150730041,0.00151860132870838,0.013247100091185
"gene-SHC1|SHC1","SHC1",4.90767753139271,0.327419017407491,0.309531539142313,0.464192230086519,0.56265171361299,4.99946560624863,0.00152071210782869,0.0132580393626191
"gene-YKT6|YKT6","YKT6",3.73449889827951,0.285714294823644,0.221861767251591,-0.264080115940698,0.629690383616609,4.99740126006934,0.00152501054140041,0.0132880282253217
"gene-CHST4|CHST4","CHST4",1.6312472432216,-0.527512626047557,-0.370650896024701,2.10216553597327,-0.811881280806275,4.99553902393388,0.0015288988067815,0.0133144113871377
"gene-RNFT1|RNFT1","RNFT1",1.29329273032468,-0.451602207280781,0.241406237120447,0.272567711149705,-0.864391415049059,4.99445568735838,0.00153116543256083,0.0133266507698981
"gene-LOC140681043|LOC140681043","LOC140681043",1.19147589117365,2.7866064075416,0.529231350516595,-2.08827094176964,1.70151484125411,4.99231376939818,0.00153565701921262,0.0133507260518626
"gene-LOC121468619|LOC121468619","LOC121468619",-2.65116361205806,0.909578531232281,-0.513777692273218,2.16484851207949,-1.26194018595706,4.99254147390152,0.00153517888446421,0.0133507260518626
"gene-SARAF|SARAF","SARAF",5.45278553659084,-0.821425109337485,-0.982280610694086,0.668465076158381,-0.748366881957105,4.99047232082169,0.00153952930518631,0.0133765438471291
"gene-ITGB2|ITGB2","ITGB2",3.56670842526077,2.02945363488735,-0.36536634918668,-3.36431850628621,0.929491337550381,4.99008004821875,0.00154035548533661,0.0133765438471291
"gene-ATRX|ATRX","ATRX",10.1995164361507,-0.296417306398598,-0.808874340896817,-0.0666668093167357,-0.643853396060232,4.9889432312931,0.00154275234286069,0.0133823388485254
"gene-CYTH3|CYTH3","CYTH3",0.540075590036291,0.836355615834296,-0.319812723892928,-2.59038786807379,0.00611537520176898,4.98907597970395,0.00154247226019501,0.0133823388485254
"gene-PPTC7|PPTC7","PPTC7",7.29945233329173,-1.06891397025845,-0.312524363196811,0.993105647254214,-0.684793647092393,4.9883954709872,0.00154390859982018,0.0133848658723907
"gene-LOC115493148|LOC115493148","LOC115493148",5.21406542966528,0.334327993912786,0.283999499728038,-0.66656960749277,0.60288529864058,4.98657273738924,0.00154776256526248,0.0134107646682177
"gene-MCM3AP|MCM3AP","MCM3AP",5.94082927163369,-1.36801662622435,-0.0306390805338275,1.55448321597528,-0.628619038443652,4.98487350613726,0.00155136426847019,0.0134344499466011
"gene-LOC121470097|LOC121470097","LOC121470097",8.08332648791318,-0.774858287009998,0.021487592580136,1.31782222497325,-1.20149935227996,4.98348762436174,0.00155430814533454,0.0134524152958904
"gene-MCRS1|MCRS1","MCRS1",5.70399085467217,-0.159730185858102,0.34977266946128,0.475814841131543,0.233227503820093,4.98168608340262,0.00155814351167664,0.0134780720196735
"gene-HCK|HCK","HCK",2.03918578206791,3.03468300309847,-0.0429219880981824,-3.49456692752554,1.93003473114248,4.9799259264427,0.00156190013084743,0.0135030192876335
"gene-MARS1|MARS1","MARS1",4.78567834634669,0.0924408369700279,1.05346931863859,1.74473692895095,0.307434720360384,4.97854299823278,0.00156485815137379,0.013521038465946
"gene-VSTM4|VSTM4","VSTM4",-5.59485916909202,4.18832437508653,2.21526305960412,-1.03675442921212,4.11879490518179,4.97323703437564,0.00157626067630921,0.013598772889859
"gene-ARMC9|ARMC9","ARMC9",1.41904831893082,-1.15832725511938,-0.873578651033643,1.68119471198403,-1.18998173289814,4.97386421513148,0.00157490844339663,0.013598772889859
"gene-TNPO2|TNPO2","TNPO2",4.80001885875874,0.279730567791153,0.929218303890867,1.84172778733559,0.439989190308323,4.97313025239815,0.0015764910219326,0.013598772889859
"gene-LEF1|LEF1","LEF1",0.23933722878793,1.10496947125519,0.0806199125501543,-5.43725521635972,1.73815099611129,4.97210271384955,0.00157870934699479,0.0136017370558298
"gene-ABHD6|ABHD6","ABHD6",1.05324298702645,2.02512845718545,0.676982059147073,-2.50847097513795,1.67551996741845,4.97175002128605,0.00157947150173351,0.0136017370558298
"gene-CD3E|CD3E","CD3E",2.75004621998419,1.97360994808913,0.0607313964700665,-5.4125601086475,2.10499188230358,4.98280240209158,0.00157837219394022,0.0136017370558298
"gene-VCF1|VCF1","VCF1",7.38027436552324,-0.65840743662912,-0.250522366010032,1.13111321983479,-0.373166832956476,4.97090227310752,0.00158130499315176,0.0136099525967872
"gene-LOC105759741|LOC105759741","LOC105759741",4.13616541945273,-1.11741980016503,-0.590693465574583,0.99083496133735,-0.216339084099359,4.9695143326464,0.00158431150522391,0.0136111762262909
"gene-SLC29A1|SLC29A1","SLC29A1",6.72746944070975,0.778227977146784,0.083348208052741,-0.0107682403040749,-0.14612997082369,4.96987797092002,0.00158352323845373,0.0136111762262909
"gene-SLC39A9|SLC39A9","SLC39A9",4.05185208705413,-0.880741131356386,-0.310236053537343,0.978317429037147,-0.696172535424897,4.96880745976736,0.00158584495870775,0.0136111762262909
"gene-CHUK|CHUK","CHUK",5.30804142986158,-0.46874183738572,0.0708046539411654,0.67929903567492,0.25939922394415,4.96891686966241,0.00158560751119896,0.0136111762262909
"gene-FRMD5|FRMD5","FRMD5",-1.39057081896446,-1.58421860486811,-0.819638314160814,4.22057571434925,-2.20589988653395,4.96961887230025,0.00158408485116506,0.0136111762262909
"gene-BCL10|BCL10","BCL10",4.25071241847141,-0.0526569291690901,0.0688385458807457,-0.0114435671171897,0.389123122448607,4.96837327822621,0.00158678760277484,0.0136117173796789
"gene-RNF24|RNF24","RNF24",1.41175441690032,0.421815103580306,-0.3113670285487,0.940985939362779,-0.355121525544341,4.96403711663817,0.00159623329313879,0.0136851580118132
"gene-ISM2|ISM2","ISM2",0.916142418372383,-2.97440430982028,-1.0632887276764,2.6094124266984,-2.39648954879606,4.96328593063105,0.00159787548089608,0.0136916517535254
"gene-RMND1|RMND1","RMND1",5.77733017210966,-0.682716367235807,0.280927199306005,0.313453831079957,0.00363673868530543,4.9610407771425,0.00160279398631832,0.0137261964240598
"gene-DQX1|DQX1","DQX1",5.64194520611567,0.0986276013013015,0.655754711918794,0.807418155972238,0.401780573026475,4.95986741364733,0.00160537066157649,0.0137406587322435
"gene-WDR5|WDR5","WDR5",3.32630962993589,-0.628521018802138,1.49857901470564,0.849791516711138,-0.222655166883225,4.95221030189574,0.00162228991515805,0.0138777979198843
"gene-LOC100231534|LOC100231534","LOC100231534",-1.2807805545563,4.82436251561124,0.952103220064325,-4.01678933581962,1.81566330336372,4.94888267418736,0.00162969947201857,0.0139334802925345
"gene-TXNDC5|TXNDC5","TXNDC5",-1.73591828685486,6.01580920987369,1.013447952626,-9.88999145501787,4.70902117869982,4.94811874842469,0.00163140537215829,0.0139403634092488
"gene-RAC2|RAC2","RAC2",5.71423010029969,0.518466623545217,0.501455537838696,-1.57039224213385,0.385412708600986,4.94324668209301,0.0016423281222469,0.0140259534722796
"gene-ACAD10|ACAD10","ACAD10",2.11459641681385,1.33973825548048,0.576865669781081,-1.7957325756502,1.20904196520373,4.94112104917598,0.00164711703103555,0.0140590932461529
"gene-MICAL3|MICAL3","MICAL3",7.55398773917765,-0.66752088728158,0.657333538499323,0.612874482902257,-0.0662968067577009,4.93590612303148,0.0016589265462994,0.014141642917264
"gene-AKAP10|AKAP10","AKAP10",2.6870199722456,0.870095254685126,-0.111788574908411,-1.24749971423817,1.00134376907101,4.93523895414072,0.00166044363041478,0.014141642917264
"gene-ILF2|ILF2","ILF2",2.62008245687952,0.797712756862196,0.405431042733574,-0.144914068179827,0.866451425128961,4.93593549510535,0.00165885978936513,0.014141642917264
"gene-KLF4|KLF4","KLF4",-0.150348092069339,3.61648991445141,-0.00267700973405612,-5.45986203615558,2.29062845333145,4.93543526381265,0.00165999709189739,0.014141642917264
"gene-LOC105760998|LOC105760998","LOC105760998",-5.16036993485087,4.85622347075445,0.96193778260002,-3.04709067590494,0.910078414834827,4.93123060617928,0.00166958820543092,0.0142117037838523
"gene-LOC140682407|LOC140682407","LOC140682407",-1.5071643767908,4.76186316810605,0.826374144001642,-1.64396201792107,2.42525375265978,4.93071617600167,0.00167076554360957,0.0142139069749082
"gene-CRYBB2|CRYBB2","CRYBB2",-0.137103896260571,1.12568305282339,-1.88721099796889,1.52023947607599,-0.573268847502934,4.92985818573354,0.00167273105293443,0.0142228093649233
"gene-LOC140683709|LOC140683709","LOC140683709",-0.0380785698997592,-0.385362370220959,0.0188998669162785,0.92869440113885,-1.06250174150753,4.92780326315386,0.00167744815665487,0.0142416864965435
"gene-MARCHF8|MARCHF8","MARCHF8",1.30593996860229,1.97991526839899,-0.181709816259971,-3.71223089323666,1.97715727272881,4.92735537853884,0.0016784780877848,0.0142416864965435
"gene-MAG|MAG","MAG",-2.52125086855092,-0.948316731638946,0.110331141992076,8.28941082368962,-2.56514051732872,4.9272883034323,0.00167863238576383,0.0142416864965435
"gene-RNF38|RNF38","RNF38",0.244949719801155,0.371028735744104,0.450252678306788,-1.36616441736688,-0.251926887586426,4.92819990051176,0.00167653661093778,0.0142416864965435
"gene-OTOGL|OTOGL","OTOGL",-2.90843775928161,1.71737096477501,-0.30194878680392,1.80717068943195,-1.73791116785685,4.92261758832364,0.00168941256559279,0.0143188574807093
"gene-POLH|POLH","POLH",4.13310801266105,-0.0381871574769441,0.28070813603347,0.366605170504056,0.540684618100827,4.92254575212084,0.00168957891824072,0.0143188574807093
"gene-PRKD3|PRKD3","PRKD3",4.33970366219396,-0.111250605960905,0.142933205771181,-1.10547618903562,0.307698702743953,4.92061681583116,0.00169405207177799,0.0143427782217795
"gene-LOC116808502|LOC116808502","LOC116808502",-4.46379400144253,5.62162900610661,1.16898420074875,-3.98495848404524,1.6634553042486,4.9205293631479,0.00169425515925124,0.0143427782217795
"gene-LOC140684408|LOC140684408","LOC140684408",-1.07759217555775,1.72708305758825,-1.47416420775629,-0.276725976705022,-0.61810726626224,4.91629907051378,0.00170410879129721,0.0144183070231407
"gene-PKD2L1|PKD2L1","PKD2L1",-1.79995318563661,0.203638228568259,3.79353159063585,7.88438351287028,-0.733219417747623,4.9138964005444,0.00170973143178161,0.0144441069543297
"gene-ISY1|ISY1","ISY1",5.82319253953345,-1.18271135940822,-0.103707651515735,1.20128499916355,-0.481359679509744,4.91340162843125,0.00171089163471964,0.0144441069543297
"gene-AP3M2|AP3M2","AP3M2",5.7899763805864,-1.53010724049799,-0.187317614014156,1.7104330109303,-0.916918044629664,4.91363315048175,0.00171034863287383,0.0144441069543297
"gene-LOC115491799|LOC115491799","LOC115491799",2.81958376868134,0.709919840656329,0.267771607175505,-1.18686242781605,1.16651027250388,4.91415146392056,0.00170913364213126,0.0144441069543297
"gene-TTLL4|TTLL4","TTLL4",4.91465646122067,-0.271216071127346,-0.0352881728632542,1.6746176253821,-0.352261310669371,4.91147269325016,0.00171542253973117,0.0144744622695419
"gene-KRR1|KRR1","KRR1",6.04010726509973,-0.460160196232281,-0.716268753837138,1.12904258971726,-0.554148895823285,4.91036919201867,0.00171802009026825,0.0144884800528072
"gene-LOC115496315|LOC115496315","LOC115496315",-0.79003437310758,-0.55594235031313,-0.530372085897357,1.93726305430951,-1.03717550381007,4.90918853584438,0.00172080371455567,0.0145040509165299
"gene-RAB11FIP2|RAB11FIP2","RAB11FIP2",-0.67269050354771,4.1054833246065,0.404231808445437,-5.10219973654594,2.1661326884536,4.90798374646258,0.00172364899565311,0.0145201242284877
"gene-SRSF3|SRSF3","SRSF3",5.44526913334826,-1.00938913071002,-0.267636645066786,1.45861559361234,-0.846078653317131,4.9065223037319,0.00172710686302591,0.0145413377069238
"gene-JAK2|JAK2","JAK2",8.65873777967557,0.00431703333863844,0.121981537821555,-0.885475546673556,0.494360544261727,4.9051273899473,0.00173041394009763,0.0145612592294784
"gene-LOC121470668|LOC121470668","LOC121470668",1.68879003038234,-1.33075160146253,0.160042827397314,2.51333887120701,-1.64645941983835,4.90213089938312,0.00173753998238444,0.0146132778409778
"gene-SLC15A2|SLC15A2","SLC15A2",2.04391677971222,1.96048999414091,0.611311380308765,0.896991217888372,-0.22786345303653,4.91393409598128,0.00173878700432914,0.0146158223204744
"gene-RHOT1|RHOT1","RHOT1",3.41906759325278,0.71393194548329,0.15958854586938,-1.37031717321929,0.766377966523219,4.8995564767901,0.00174368627284356,0.0146490472704962
"gene-SLC45A4|SLC45A4","SLC45A4",7.10219762650879,-0.675416465711672,-0.0541212916855136,0.98068846038889,-0.861904617844595,4.89766310187697,0.00174822079465947,0.014663261136778
"gene-ZFYVE19|ZFYVE19","ZFYVE19",4.40007074117985,-0.422806803430212,0.474678915406249,0.596349799338018,0.34015350759009,4.89795663442105,0.00174751701186184,0.014663261136778
"gene-TIMM44|TIMM44","TIMM44",1.7122242083913,-0.475580443746329,0.483744090577748,-0.0462273350463508,0.365135611730406,4.89795989517649,0.00174750919540116,0.014663261136778
"gene-FKRP|FKRP","FKRP",3.54064504584555,0.0105104094302844,0.830729646224917,1.09432545068037,-0.608169337139479,4.89719633194896,0.00174934053418651,0.0146647046405939
"gene-FLII|FLII","FLII",6.6150609852052,0.405746998091755,0.167797363292946,-0.499493132676771,0.715457633611949,4.89577034492449,0.00175276589812186,0.0146854641437119
"gene-ZNF346|ZNF346","ZNF346",4.57352550386637,0.284490309048726,-0.426258474478275,1.03486745386575,-0.132982963108095,4.89467879781161,0.00175539254086503,0.0146995127542675
"gene-SLC39A5|SLC39A5","SLC39A5",-1.30947922193701,-1.82006866715213,-0.94089887125651,4.62614544963618,-2.70980939888762,4.89352430610698,0.00175817503343725,0.014714850536745
"gene-PPWD1|PPWD1","PPWD1",2.05867246826408,0.635143537462148,-0.00536777840341713,-0.867936346892155,0.797879423146201,4.89288728360984,0.00175971228188757,0.0147197554390325
"gene-LOC121469922|LOC121469922","LOC121469922",-3.19152788215903,2.79520230247428,0.419984745275519,2.78941880341011,-0.4758695304908,4.89205413300297,0.00176172489826009,0.0147286292817801
"gene-SAMTOR|SAMTOR","SAMTOR",1.51284747387897,-0.169711191558075,0.278295438837233,-1.07104665867942,0.482173407565114,4.89111815836013,0.0017639887131176,0.0147316380655666
"gene-TMEM9B|TMEM9B","TMEM9B",4.96055756381321,0.229410316676929,0.331136367388163,-0.139793215106119,0.528340603417984,4.89121778369901,0.00176374761069493,0.0147316380655666
"gene-UBXN6|UBXN6","UBXN6",3.65526417467243,0.044898799320894,0.656530353185303,-0.153577511935778,0.683041210954226,4.89017886591758,0.00176626354524662,0.014742679807277
"gene-USP48|USP48","USP48",9.1637177875663,-0.0184550987089391,-0.338888381779637,0.117552928490637,-0.400989686628667,4.88864838297223,0.00176997658879346,0.0147657076612285
"gene-POLG|POLG","POLG",1.68805830041616,0.910617656671003,0.605917450229941,-0.914125547189185,1.12997143490945,4.88760803652341,0.0017725050907694,0.0147788342024011
"gene-SLC38A7|SLC38A7","SLC38A7",1.68773897950873,-1.50656855463679,0.0737947135494705,2.68720191301347,-1.28930679085428,4.88375797949154,0.00178189462515219,0.0148491218762682
"gene-LOC100226788|LOC100226788","LOC100226788",1.31138320293535,3.12715303614733,0.133013315848356,0.353154455193176,1.12105375778184,4.88201617703613,0.0017861592462114,0.0148526675632034
"gene-ARPC5L|ARPC5L","ARPC5L",3.67212276000166,-1.46139203385425,-0.233935146956379,1.15417913702721,-0.523248993230238,4.88228429450024,0.00178550210920361,0.0148526675632034
"gene-LOC100221315|LOC100221315","LOC100221315",-5.10728145712535,-0.238123921130945,4.02476738160098,0.994803253079332,-1.9857225692436,4.88290723383023,0.00178397628370604,0.0148526675632034
"gene-SETBP1|SETBP1","SETBP1",0.699703748833601,0.822751876693188,0.816707721503288,-1.87522909644835,1.36687014314504,4.88225480778688,0.00178557436695127,0.0148526675632034
"gene-LOC140681743|LOC140681743","LOC140681743",3.80361009740807,-0.478983252239134,-0.366495025169519,0.533278294412952,-1.09350680872065,4.87752141480975,0.00179721251475734,0.0149365540633028
"gene-MICU1|MICU1","MICU1",4.8448777350556,-0.0610093429158733,0.410145346698352,-0.112729683657145,0.27895617821326,4.87651885454715,0.00179968748692512,0.014941075032278
"gene-LUC7L|LUC7L","LUC7L",7.3369248440845,-0.316931740134599,-0.0359402522478444,0.485991177324299,0.346363798421781,4.87682449128522,0.00179893260694643,0.014941075032278
"gene-RO60|RO60","RO60",5.93324147645782,-0.978580141062203,0.0237355316486805,1.49616130393105,-0.726557159354111,4.87540358708048,0.00180244479179675,0.0149559427094127
"gene-LOC100232309|LOC100232309","LOC100232309",1.80660412778252,0.125833501809379,0.275728272758398,1.92715897182497,0.70914869433607,4.87244714059227,0.00180977502733519,0.0150087184072948
"gene-OSTC|OSTC","OSTC",6.08464759802372,-0.668795851898288,-0.456747428497168,0.734871742821578,-0.644755290606806,4.87066648123991,0.00181420471864821,0.0150344127095406
"gene-DCAF1|DCAF1","DCAF1",7.32796811969115,-0.647099773468084,0.294298220950019,0.395718699416835,0.00362804861401774,4.87042096753066,0.00181481634516458,0.0150344127095406
"gene-CAPNS1|CAPNS1","CAPNS1",5.8768033403393,-0.391322690071776,0.846576700285149,1.39073761753494,0.258511565602914,4.86975697031756,0.00181647155960365,0.0150400735071516
"gene-FBLN7|FBLN7","FBLN7",-0.071231542042584,0.703934957036581,-0.326083559287252,-0.317783334826189,-0.831347158946623,4.86736020391224,0.00182245908812406,0.015081579887016
"gene-LOC115490748|LOC115490748","LOC115490748",-0.805695336563939,0.390133796459518,-1.43826877842163,1.19627660176054,-0.790191432358135,4.86690513637289,0.00182359820301175,0.0150829407758454
"gene-DNAJC12|DNAJC12","DNAJC12",5.51686846366283,0.139356021031746,-0.249792542260135,1.35662285041364,-0.933186196018347,4.87896337695029,0.00182541308095532,0.0150898864464656
"gene-STAMBP|STAMBP","STAMBP",5.4978613221203,-0.43243414611492,-0.0204935549446292,1.4268556163596,0.0343542263854221,4.86538177051087,0.00182741676223596,0.0150983846212501
"gene-SERPINH1|SERPINH1","SERPINH1",1.17374535920018,-0.850708771356528,-0.0278532036357207,3.8543611579048,-1.25561944408187,4.8635477975394,0.0018320247630624,0.0151283795135489
"gene-LOC140684476|LOC140684476","LOC140684476",-5.20892427389139,-1.0323251259135,-0.758251214161803,2.34074654806612,-3.31905766312407,4.8612769112794,0.00183774702130915,0.0151594537072276
"gene-LOC115493244|LOC115493244","LOC115493244",0.0382939257587661,2.53611396651962,0.0409471803701148,-3.67211990511191,2.10737159215348,4.86150895392907,0.00183716147428696,0.0151594537072276
"gene-SLC37A4|SLC37A4","SLC37A4",3.25681995080799,-0.946361097164668,-0.619404575555705,1.44645269937679,-0.502302389420191,4.8602269650919,0.00184039889111775,0.0151653076755116
"gene-TICAM1|TICAM1","TICAM1",3.25649116145691,-0.357741998369244,-1.19886478623042,0.714486619603276,-0.375444327121748,4.86011247853521,0.00184068828870664,0.0151653076755116
"gene-LOC140681760|LOC140681760","LOC140681760",-3.16744578124191,0.575551170279581,0.864331775586206,4.56597924143985,-1.35788736563429,4.85983232729747,0.0018413966476437,0.0151653076755116
"gene-PNKP|PNKP","PNKP",4.26861380730169,0.248403095591594,0.733747916636142,0.509438724149739,0.667079090518893,4.85836793108484,0.0018451038971956,0.0151877568133521
"gene-PPP4R2|PPP4R2","PPP4R2",7.24263420602468,-0.69951241027283,-0.840487829042654,0.0643327963124912,-0.512084274714136,4.85678417716559,0.00184912190761769,0.0152127387136543
"gene-LOC101233739|LOC101233739","LOC101233739",1.97148286045687,1.47560411345155,0.156518078644228,-4.02033703184259,1.91197727392487,4.85487931587936,0.0018539664339815,0.0152365833536892
"gene-PDCD1|PDCD1","PDCD1",-1.01504279697404,4.15364001702819,-0.300100668564764,-3.14234627237044,2.30224956090363,4.85487028537147,0.00185398943166376,0.0152365833536892
"gene-IRF5|IRF5","IRF5",1.72658071717923,1.72542451668138,0.218162501813288,-2.05297555823379,1.50936859456888,4.84433419662293,0.00188102115042707,0.0154505320078869
"gene-GALNT16|GALNT16","GALNT16",-1.61751763638319,2.58855428650407,-6.08290767517158,-3.33398490455619,0.526511746238395,4.84184844353523,0.0018874572570845,0.0154893560244687
"gene-SLC5A1|SLC5A1","SLC5A1",1.60957853298985,1.4086001205318,0.431054380787917,-4.17890014490154,1.44335936704605,4.84173573082089,0.00188774962598694,0.0154893560244687
"gene-POP5|POP5","POP5",2.91847294720573,-0.561044604982192,-0.244980073021855,1.55238691717769,-0.559895390254149,4.83909507802316,0.00189461256898708,0.0155374295204425
"gene-PATL1|PATL1","PATL1",4.79843328431415,0.0704086187403669,0.301876655243266,0.142039795221305,0.433586297979267,4.8378583746912,0.00189783547901996,0.0155473817034589
"gene-ANAPC7|ANAPC7","ANAPC7",4.81704362707905,0.643940270312243,0.0521417598512343,-1.36409643965249,0.739637880187869,4.83801959569607,0.00189741501137984,0.0155473817034589
"gene-WNT5B|WNT5B","WNT5B",4.10849948480753,0.0487566128973338,0.192861641749288,1.53344849237691,-0.269365896631854,4.83653683247278,0.00190128568299043,0.0155674052615222
"gene-LOC115498493|LOC115498493","LOC115498493",0.87320260445127,1.86981006000015,-0.558618751785726,-0.153318811209208,0.371110694903057,4.8341799340948,0.0019074548688505,0.015601408084282
"gene-TSPAN31|TSPAN31","TSPAN31",2.12366777797726,0.565214917936947,0.0967333950345559,-0.578766885871359,0.95247873364871,4.83456329497942,0.00190645002819771,0.015601408084282
"gene-DEPDC1|DEPDC1","DEPDC1",2.68425752666086,0.815998633136548,0.326082077487003,-0.171011542347245,1.09904084734742,4.8327709498723,0.00191115266429631,0.0156169689954821
"gene-TRIM63|TRIM63","TRIM63",-2.92974454981324,4.89185907412615,1.36696258544772,-2.51567147971762,0.8812281618673,4.83268604711373,0.00191137572067484,0.0156169689954821
"gene-JPT1|JPT1","JPT1",4.68767904319776,-0.271088029713991,-0.651897355582665,0.390163957186297,-0.573585600624386,4.83225997240618,0.00191249550565486,0.015617872269134
"gene-LOC115492621|LOC115492621","LOC115492621",-2.1702348227952,2.76411053122883,-1.99798454739856,2.19595266069226,-0.0636192235643216,4.83155121105243,0.00191435971834335,0.0156248505492422
"gene-LOC100222802|LOC100222802","LOC100222802",-1.35344577974095,4.1769654854722,-1.95992274756623,-3.55514246994963,1.99292543267806,4.83100628334128,0.00191579427317251,0.0156283164877937
"gene-VMA21|VMA21","VMA21",3.50007638683171,0.0791392885851138,-0.184382702571432,0.454854899580112,-0.422438392190127,4.82248427757382,0.001938372594943,0.0158041706568719
"gene-KICS2|KICS2","KICS2",5.64492296803972,-0.382527768279831,-0.641515318915769,0.480465644383547,-0.71106326148801,4.82102788383814,0.00194225833504158,0.0158186316609845
"gene-PET117|PET117","PET117",-1.06227054730899,0.258709729136006,1.56946715748687,1.89004986157051,-0.505323115773089,4.82007834873296,0.00194479603825073,0.0158186316609845
"gene-LOC140684414|LOC140684414","LOC140684414",5.55734216999759,-0.359121569754034,-1.2401404176803,1.08592566654159,-1.20867409045165,4.84253928205532,0.00194422517200486,0.0158186316609845
"gene-SLF2|SLF2","SLF2",2.10373694426707,0.631560249155943,0.531490456640449,-1.44460323729127,0.761979052602907,4.81990591017268,0.00194525725692106,0.0158186316609845
"gene-MYSM1|MYSM1","MYSM1",3.8831272845358,0.142006729052983,0.263474274317435,-1.07278690820217,0.526545371978048,4.82008507742666,0.00194477804338874,0.0158186316609845
"gene-KLHL22|KLHL22","KLHL22",5.025265713609,0.468183787349594,-0.221617154169306,-0.943716301151409,0.671475125916525,4.81846106270558,0.00194912616663668,0.0158417686075119
"gene-SRP9|SRP9","SRP9",6.45711702231783,-0.854285726473391,-0.52168707048466,1.12195834495273,-0.797819019025664,4.81691397922903,0.00195327756413115,0.0158671760130864
"gene-XRCC2|XRCC2","XRCC2",4.22034209815451,0.547983542203301,0.440301002228078,-1.33440772831215,0.656208416739859,4.81577104813186,0.0019563502796221,0.0158762571131872
"gene-GPR88|GPR88","GPR88",-3.7611035188783,4.2890153314804,2.16031989950362,-1.91116731146864,3.82968248634634,4.81459206128935,0.00195952511057755,0.0158762571131872
"gene-EEF2K|EEF2K","EEF2K",0.951448757872437,-0.109668896670148,0.850871375307815,-0.965660997930336,0.594995051593363,4.81499017370528,0.00195845246588929,0.0158762571131872
"gene-LOC100225248|LOC100225248","LOC100225248",2.95004667836881,-1.28040931023958,-0.00704278610180077,1.05267000963568,-1.49099693876497,4.81461368750826,0.00195946682705753,0.0158762571131872
"gene-CSTF1|CSTF1","CSTF1",6.18205841440047,-0.630147492320623,0.284702446643046,1.19107921974646,0.0264574156844901,4.8150388240594,0.00195832142715921,0.0158762571131872
"gene-MPEG1|MPEG1","MPEG1",2.10059439769062,3.31500883577603,-1.18011458410867,-5.38460953812988,1.92204870905279,4.81362198154489,0.00196214133879831,0.0158891351218753
"gene-TATDN3|TATDN3","TATDN3",2.20983261972201,-0.000217080174472651,0.865770604693487,0.46866304668546,0.682253954099327,4.81300431656318,0.00196380899387875,0.0158943222700176
"gene-LOC115491612|LOC115491612","LOC115491612",-2.30315919251306,2.20266026715875,-1.45614287890941,-0.866508166044318,-0.54585386985713,4.81164619450369,0.00196748093541324,0.015915717446691
"gene-TRAPPC11|TRAPPC11","TRAPPC11",3.55143231517528,0.352894919890054,-0.13679719329559,-1.25920666227553,0.633252513288027,4.81061731325385,0.00197026738690037,0.0159299309364071
"gene-LOC100224002|LOC100224002","LOC100224002",-5.48633901234749,4.97827758288229,-1.23977582518959,-4.91615783543408,0.974316093204156,4.80999755958655,0.00197194777284448,0.0159308989514379
"gene-SERPINF1|SERPINF1","SERPINF1",3.06572894835673,-0.537607393804785,-1.08401742414446,1.85635161985775,-0.47576116226847,4.80981389625344,0.00197244603495671,0.0159308989514379
"gene-LOC100224551|LOC100224551","LOC100224551",0.532323980104439,-1.1334853026174,-0.788871238373293,2.63168390376283,-1.77019820470189,4.80667116120818,0.00198099197671448,0.0159832381854309
"gene-LOC100190592|LOC100190592","LOC100190592",-0.79393037708287,3.78123634236664,-0.465413512251515,-5.64064911069546,2.25782093764765,4.80683785698702,0.00198053773628518,0.0159832381854309
"gene-LOC100225817|LOC100225817","LOC100225817",-1.93646983321414,0.303121856343924,-1.80236544299568,1.43037678828714,-1.99692782330707,4.80564084919991,0.00198380190839119,0.0159900851042119
"gene-LOC140685251|LOC140685251","LOC140685251",3.52232006329822,-0.795716263464406,-0.0809481936334784,2.06341669276764,-1.39819722724529,4.80560228346839,0.00198390716640303,0.0159900851042119
"gene-COMMD7|COMMD7","COMMD7",2.15936480849141,1.11482446108047,0.420519141014222,-1.79060914066456,1.38062904117591,4.80325693134034,0.00199031911961587,0.016033414042715
"gene-LOC115495440|LOC115495440","LOC115495440",0.69144570183436,0.55301495485681,0.0147358545773187,0.476415258194258,1.24218253444912,4.80003996301495,0.00199914847757701,0.0160961616495859
"gene-DOLK|DOLK","DOLK",6.01540823849558,-0.240058769389556,-0.961199546232649,-0.0403514508335432,-0.664576602528771,4.79925536880408,0.00200130796192803,0.0161051693764099
"gene-ETS1|ETS1","ETS1",4.49651601977806,1.19314815760376,0.161464165780469,-4.19647245914375,1.51526114965599,4.81179654890599,0.00201079175449219,0.0161730781708766
"gene-LOC140681409|LOC140681409","LOC140681409",0.330641004180413,2.39128792424056,0.0288787778157007,-4.0002577992818,2.15120454872543,4.79308343220369,0.00201837876830572,0.0162256682802758
"gene-NUBP2|NUBP2","NUBP2",4.41584093459625,-0.48142926064394,0.199907154802812,0.41761451053327,0.234003399094356,4.79155690464411,0.00202262388053039,0.0162513523111151
"gene-ADAMTS7|ADAMTS7","ADAMTS7",1.85034958392116,-1.12226641127023,1.34572923640083,5.21901278487418,-1.12699698622565,4.79026683036638,0.00202621856068182,0.0162717863137266
"gene-SUCNR1|SUCNR1","SUCNR1",-4.04841644567857,2.82178672117717,0.0515408882732458,-1.10199915370474,-0.511375554719362,4.7886971840237,0.00203060105770459,0.0162985224937648
"gene-LOC116808958|LOC116808958","LOC116808958",4.25396210505539,-0.00310192302844545,-1.18435878872342,-0.364436410031886,-0.612734455245624,4.78791882110066,0.00203277786372191,0.0163075362576965
"gene-PPP3CC|PPP3CC","PPP3CC",1.57580555765891,1.07427531817057,0.148852245970277,-1.57101302331413,1.280702728271,4.78678184884895,0.00203596186371406,0.0163246164979146
"gene-LOC100231564|LOC100231564","LOC100231564",-1.21585824293242,4.60128494528287,0.0911159849681365,-4.12243657870673,2.35933437634927,4.78616689632583,0.00203768611428503,0.0163299806414091
"gene-SIPA1L2|SIPA1L2","SIPA1L2",-0.307207019362577,3.40985031692665,-0.462132517962532,-6.61859564059287,2.13393474581979,4.78489459525697,0.00204125823189637,0.0163343409729049
"gene-IREB2|IREB2","IREB2",8.78636497424998,-0.256567258811852,-0.384159371102166,0.258816469363095,-0.451569248879785,4.78484528745861,0.00204139679751845,0.0163343409729049
"gene-TLE3|TLE3","TLE3",5.96551206887416,-0.96267038825509,0.37859897702643,1.99793020722924,-0.890167914422646,4.78540813616033,0.00203981564214939,0.0163343409729049
"gene-LOC140681012|LOC140681012","LOC140681012",0.754617020482066,0.822957277841723,2.37716473972352,5.03525146215131,0.659483973074655,4.78057744338992,0.00205342689448042,0.0164221091431961
"gene-PDCD6IP|PDCD6IP","PDCD6IP",3.75682526173895,0.446160241048725,0.00453852351687614,-1.84346287611405,0.336156103561107,4.77736567525723,0.00206252794794508,0.0164863739640755
"gene-LOC100223160|LOC100223160","LOC100223160",1.44718428796619,1.04871120537005,-1.56775930136593,-0.197643420195753,0.0395336515006202,4.77648909329671,0.00206501904089275,0.0164892516294197
"gene-LOC115491367|LOC115491367","LOC115491367",2.61500023132373,0.0263973727953781,-0.780799796805986,0.73236412913069,-0.833708688475198,4.77653697000745,0.00206488290422429,0.0164892516294197
"gene-ARPC3|ARPC3","ARPC3",3.9215172472249,0.165575305289721,1.07518077109185,-0.342980078493044,0.770614830492289,4.77499773790655,0.0020692642861254,0.0165061158906137
"gene-LEMD2|LEMD2","LEMD2",4.90964242443475,-0.470824733133879,0.630555147663557,1.00315137297387,-0.00138522209472958,4.77520196217364,0.00206868242070321,0.0165061158906137
"gene-TMEM170B|TMEM170B","TMEM170B",-3.14659568148376,7.25601173422828,-0.415306974803547,-6.8815619800622,5.79840798209944,4.77431652094909,0.00207120638560253,0.0165130957327147
"gene-TMEM198|TMEM198","TMEM198",-0.809794159546167,1.70591520355733,0.47160245045361,0.87652553952201,-0.066205649117531,4.77097472675944,0.00208076063437343,0.0165807264762764
"gene-NHLRC3|NHLRC3","NHLRC3",0.773313618591339,0.596791643757023,1.3413729924072,-0.431881797098922,0.0153582257318425,4.76375056531403,0.00210156898666712,0.0167293107349145
"gene-MYO1F|MYO1F","MYO1F",3.23949783338779,2.4642407158591,-0.049064514076336,-3.49376575867872,1.66276056241022,4.763798927336,0.00210142898023878,0.0167293107349145
"gene-TGM1|TGM1","TGM1",1.10040398394815,-0.0146425471362354,-0.396074282100736,0.14749456128023,-0.786242831319213,4.76265030606126,0.00210475677884688,0.0167460725720594
"gene-C30H19orf53|C30H19orf53","C30H19orf53",6.05438956074915,-0.831571976844169,0.444035277171349,1.34228775723561,-0.00101748343789376,4.76179259558749,0.00210724526189463,0.0167572561294036
"gene-SLC2A10|SLC2A10","SLC2A10",-3.99748637334563,6.74692300735818,-1.01887859792726,-9.80730658075422,3.83889218590785,4.7603955344203,0.00211130501180347,0.0167809168246835
"gene-GOLGA1|GOLGA1","GOLGA1",5.42647325867858,-1.21796621662629,-0.0115271298104805,0.845774568662283,-0.50126803359278,4.75986869358861,0.00211283804604289,0.0167844808842473
"gene-DNAJC5|DNAJC5","DNAJC5",4.07545849062224,1.13105467759024,0.05151608069327,-2.2736768701664,0.976960299085791,4.75624681995567,0.00212340806018763,0.0168597946287345
"gene-PHETA2|PHETA2","PHETA2",3.67882208283379,-0.217990798105305,-0.496404906732964,1.55624992996726,-0.398876199096907,4.75355983311859,0.00213128464669126,0.0169136563628448
"gene-URI1|URI1","URI1",0.474513824258675,1.51900847428624,0.498122455623379,-4.4998799768388,1.79984309877967,4.75282288331493,0.0021334501454062,0.0169221635059769
"gene-LOC115492926|LOC115492926","LOC115492926",2.19976395732966,-0.861856932646979,-0.60214503142024,1.31395159325869,-1.32489701214696,4.75174352036137,0.00213662587402795,0.0169386707994788
"gene-BICDL1|BICDL1","BICDL1",1.36949408771461,-0.771862098205044,-0.734266641443053,2.55347515595869,-1.2207335061569,4.74805639220851,0.00214751074470086,0.0170162461721689
"gene-SULT6B1|SULT6B1","SULT6B1",-2.58499037628952,0.606750339901865,0.0328962940380939,3.59624729185961,-0.687166567624763,4.74475072901436,0.00215731768990731,0.0170790392631706
"gene-METAP1D|METAP1D","METAP1D",-0.944482940742452,0.893270107073693,1.0727114422658,1.14874654901965,1.54565294925964,4.74464141868549,0.002157642763134,0.0170790392631706
"gene-UPRT|UPRT","UPRT",0.914674879486516,1.77548557179146,0.0119553717065065,-3.6706984048197,1.06148538821835,4.74313828755111,0.00216211794311596,0.0170969724934693
"gene-KTN1|KTN1","KTN1",1.39626482081358,2.4561984682541,-0.369393386312614,-4.01286374329914,1.66902900129599,4.74332021870891,0.00216157578613789,0.0170969724934693
"gene-RSF1|RSF1","RSF1",7.85639409185382,-1.00549561537465,0.034303601648444,0.668040407529939,-0.945601519109239,4.74199211851231,0.00216553673938885,0.0171152610020645
"gene-LOC140680461|LOC140680461","LOC140680461",0.651749357975086,0.555858315926577,-0.659888893777569,0.197508601341325,-0.843453744215817,4.73986856017484,0.00217188551184254,0.0171566760060048
"gene-JADE1|JADE1","JADE1",8.75176149113088,-0.746476727281049,-0.30621482678594,0.979778827218827,-0.748497100943091,4.73910065612902,0.00217418598686616,0.0171627283633322
"gene-IGFALS|IGFALS","IGFALS",1.07557204016987,1.15284971135342,0.520662920841955,4.60880364427496,0.392071282329935,4.73887255429662,0.00217486981069431,0.0171627283633322
"gene-NHP2|NHP2","NHP2",5.47848801509481,-0.213144790629889,0.358405815219,0.846207326981889,0.237955379992687,4.73601482928675,0.00218345561298324,0.0172217001075004
"gene-ABCB8|ABCB8","ABCB8",0.785882126770295,1.70390203661897,0.416996039972013,-2.59298501104099,1.56527772776414,4.7345112436269,0.00218798692162011,0.0172452592622894
"gene-LOC115493557|LOC115493557","LOC115493557",-0.331101241487206,2.39022681865686,-0.591561262058272,-6.22393085857512,2.62858762061756,4.73428441134109,0.00218867135322367,0.0172452592622894
"gene-LOC140680441|LOC140680441","LOC140680441",-4.08722210908032,0.829886659583045,-0.76700259687712,3.02761371095877,-2.31379834028812,4.73357870516143,0.00219080211373964,0.0172532634657104
"gene-DDI2|DDI2","DDI2",8.44343941318752,-0.730603526155545,-0.235527092145735,0.725713158353824,-0.72181970229867,4.73078665100327,0.00219925306850311,0.0173110077492806
"gene-DRC7|DRC7","DRC7",-2.48309681987933,0.995752035129133,-0.476931318720661,-1.49476562000085,-1.41539137235677,4.72964559443163,0.00220271639299962,0.0173294540832075
"gene-TJP3|TJP3","TJP3",0.4705662840721,0.181079766008211,0.270588626473093,1.90057737566397,-0.64601543931391,4.72873181262574,0.00220549391628489,0.0173424890012747
"gene-SHISA5|SHISA5","SHISA5",3.20885347290457,1.10208275801751,0.176733315243357,-2.9033260433423,0.892128088157047,4.72826629959603,0.00220691026235954,0.0173448127526733
"gene-LOC115492572|LOC115492572","LOC115492572",0.548865065192449,-0.449582842524018,-0.244740249393693,2.26388388903106,-0.873521973964853,4.72667703776872,0.00221175268062194,0.0173666769054395
"gene-MNT|MNT","MNT",4.90533963175022,-0.0939189448107404,0.396885819098869,1.05328087523005,0.210243256082894,4.72661671889319,0.0022119366837235,0.0173666769054395
"gene-TMCO3|TMCO3","TMCO3",6.8670665521429,-0.489819528215276,-0.145537323164246,0.483561731422273,-0.696726159531015,4.72430671140868,0.0022189951667716,0.017410723759607
"gene-B3GNT9|B3GNT9","B3GNT9",2.66655748781671,-0.127514950844143,0.369379873795876,0.0929649072351975,0.93794295111356,4.72404478596059,0.00221979696140255,0.017410723759607
"gene-TMEM164|TMEM164","TMEM164",2.84300574240477,1.10573927141794,0.167529779493359,-2.25517162263593,0.80735831092636,4.72338157527401,0.00222182847767873,0.0174178296312454
"gene-SKIC8|SKIC8","SKIC8",2.47959815504691,-0.142934107877293,-0.393422006530158,0.909776747519003,-0.732225071098931,4.72158609628012,0.00222733785132615,0.017452178860391
"gene-FBXO34|FBXO34","FBXO34",6.45899745214043,-0.157358345931722,1.09091057740156,0.971101508795299,0.20408107505518,4.72080351865289,0.00222974353666403,0.0174621868572246
"gene-LOC115497190|LOC115497190","LOC115497190",8.22137550583484,-0.0561118325960222,-0.101369390127299,-0.288901181401741,0.428953267425035,4.71900963655875,0.00223526805617989,0.017485462802961
"gene-TAS1R3|TAS1R3","TAS1R3",2.48013617395568,-0.314953451960006,-0.705101583090609,1.20013282700108,-0.82140543258192,4.7190327809642,0.00223519669058474,0.017485462802961
"gene-LOC140680411|LOC140680411","LOC140680411",-4.2845248036785,0.457366033101691,-0.987284569534777,2.06024480866042,-2.68063047977731,4.71873813974205,0.00223610538850144,0.017485462802961
"gene-DNAI4|DNAI4","DNAI4",1.56459111341791,0.879910552404525,-1.06608582828014,-1.50562425607123,-0.255009774575086,4.71722066412833,0.00224079139493429,0.0175132559780849
"gene-LOC100227429|LOC100227429","LOC100227429",0.207049585732918,2.63314543699157,0.109232681572436,-3.76015665357075,2.08181086947652,4.71558592433037,0.00224585075243385,0.0175439376041968
"gene-EHMT1|EHMT1","EHMT1",3.60358292169274,0.665138327208633,0.744265132352628,-0.204444499264875,0.745190225418596,4.7124848900621,0.0022554802637862,0.0176102709798645
"gene-LOC116806917|LOC116806917","LOC116806917",7.85020982433824,0.104517303321994,-0.414042944533294,0.92529535585017,-0.631594366074866,4.71189611766307,0.00225731331727536,0.017615695201632
"gene-USP21|USP21","USP21",4.98373675662916,0.0777856033450619,0.610198415200819,0.406726301983784,0.471666275635242,4.71147870876846,0.00225861377918393,0.017616959794794
"gene-FGD5|FGD5","FGD5",1.69692468080655,0.999507313244077,-0.365665201127229,-3.47476550102417,1.02046415420144,4.71083848230207,0.00226060993107262,0.0176236466918634
"gene-KLHL36|KLHL36","KLHL36",1.12068112047771,1.93610397310707,-0.146585469168221,-3.7539079655078,1.29944574909426,4.70937285612745,0.00226518637763089,0.017650432625296
"gene-RC3H1|RC3H1","RC3H1",8.28342231804089,-0.010784281679941,0.0736898228955816,0.607391160137139,-0.471558355845103,4.7046913811036,0.00227986792989639,0.0177558914016843
"gene-CSAD|CSAD","CSAD",3.33388687754886,-0.187247620511701,-0.336138961692513,1.36063973790966,-0.626590104659978,4.70310586838587,0.00228486227476346,0.0177858368722155
"gene-LRRC8A|LRRC8A","LRRC8A",5.7128039613381,-0.752447645576469,-0.542937444328229,0.98223835353743,-0.470001414980336,4.70189974877186,0.00228866902658443,0.01780651241146
"gene-MRAS|MRAS","MRAS",1.90970254757548,1.51156494829567,-0.28039927927341,-3.9483781190159,1.31939899037724,4.69845236368829,0.00229958545029848,0.0178765768257871
"gene-RPL23|RPL23","RPL23",9.70680426247666,-0.591813371383972,-0.694094825704591,0.866235657114251,-0.61287750093783,4.69832657380538,0.00229998477933067,0.0178765768257871
"gene-REEP1|REEP1","REEP1",3.11157759696244,0.110160046807933,1.06051970052713,-0.940096417715623,0.0487097836413767,4.69461627830096,0.00231179532132701,0.0179541680645476
"gene-MIER1|MIER1","MIER1",7.84891460390578,-0.374455931820913,-0.399475349862576,-0.00967252085614886,-0.689194967111028,4.6944619210026,0.00231228800986387,0.0179541680645476
"gene-DDX11|DDX11","DDX11",-0.10273740904721,-0.70327687363813,1.34256897584735,0.37076738332694,0.0303029229655292,4.69380343304227,0.00231439102441248,0.0179614850064108
"gene-SLC26A6|SLC26A6","SLC26A6",-2.57551511775548,0.371926202129618,-1.55991615934913,2.41615906772137,-1.64073284831565,4.69245346556908,0.00231870853478527,0.0179859722184471
"gene-LOC100218724|LOC100218724","LOC100218724",1.2971843315268,3.32554502955432,-0.574998211733621,-4.32734681087518,1.52635019845586,4.68958871830181,0.00232789796333245,0.0180460369417531
"gene-HECA|HECA","HECA",3.29046964169535,0.684093570123984,-0.161471049277017,-2.43771973320068,0.636802936694525,4.68931304545964,0.00232878421794384,0.0180460369417531
"gene-TOX2|TOX2","TOX2",-0.383389586906554,1.33857011097834,0.207291932806854,-4.16654912800793,2.11266288345209,4.68810294116321,0.00233267863829762,0.0180671681319598
"gene-FN1|FN1","FN1",4.82609929564787,4.27243439303857,0.000814262909042001,-6.12856471888278,2.76475640592183,4.72730360115361,0.0023356969968302,0.0180814962611043
"gene-STX18|STX18","STX18",0.574567559297752,0.981934214998583,0.726111377897983,-2.28569240964127,0.922286999450485,4.68597533349595,0.00233954196786118,0.0181022059763259
"gene-WDR6|WDR6","WDR6",4.50875265274166,-0.703573795360211,-0.138834511559544,2.5023850527561,-0.424058757247141,4.68557777775302,0.00234082670799903,0.0181030951055897
"gene-FAR1|FAR1","FAR1",2.87526818857162,1.86813156205216,0.101011396595964,-3.94985574027764,1.5657718140151,4.68427595237542,0.00234503873385221,0.0181085201628558
"gene-SLC25A25|SLC25A25","SLC25A25",4.00779238754713,-0.443503694184678,-0.0465945042959749,0.975647020473178,0.118387205958807,4.68452724404413,0.00234422508242252,0.0181085201628558
"gene-PDK2|PDK2","PDK2",6.39531753426758,0.397184724246951,0.0356074368977493,-0.21698355109825,0.787171541851627,4.68470568498727,0.0023436474879015,0.0181085201628558
"gene-LOC121468700|LOC121468700","LOC121468700",0.308107132897046,2.59281220773724,0.410676844344096,-3.68165609028018,1.95403946568348,4.68361233374359,0.00234718883741067,0.0181160834209128
"gene-ARVCF|ARVCF","ARVCF",4.31765151382719,0.468596175676267,0.177597226663183,1.30490981260885,-0.474425204862188,4.68151799689096,0.00235398764947934,0.0181504528528614
"gene-GRN|GRN","GRN",3.22753811967947,1.58124237034752,0.669285501839043,-1.81099581500079,1.10418103130764,4.68163534105064,0.00235360618512924,0.0181504528528614
"gene-ENTPD3|ENTPD3","ENTPD3",-1.86996642372292,-5.65225528636219,-0.383318161969002,11.5536612510735,-4.41887628051796,4.68008803106883,0.00235864128771072,0.0181682299289812
"gene-LOC100229107|LOC100229107","LOC100229107",0.223672274717464,1.74194256043637,-0.673602350180547,-0.890630284003363,0.0538683511926978,4.68016050993976,0.00235840518850708,0.0181682299289812
"gene-ATP23|ATP23","ATP23",0.876960926824312,1.49885055879545,0.304374927848519,-0.671279996236602,1.3170957088195,4.67834942029832,0.00236431204273073,0.0182028501797304
"gene-LMNA|LMNA","LMNA",6.47658894545228,0.88020351514258,0.549167625418251,-1.07591789153644,0.84771678132675,4.67709353784537,0.00236841697167292,0.0182253866915158
"gene-BEST3|BEST3","BEST3",-5.44928858939183,2.2900317838535,0.0900817102915977,0.65220999848392,-1.35125188894256,4.67659856775108,0.00237003681284215,0.0182287871166661
"gene-SBF2|SBF2","SBF2",-0.23951918948683,2.76252065689453,-0.381149878219415,-2.99788857019778,1.18878715970886,4.67525202164936,0.0023744492592282,0.0182536524026609
"gene-CD2|CD2","CD2",0.260187428103343,0.928984752569802,0.892168017060372,-3.33422374197403,1.6391306033942,4.67444201147373,0.00237710759571644,0.0182650149174339
"gene-PDE8A|PDE8A","PDE8A",-0.929583406301302,3.68007110129973,-0.368886141139403,-6.43033197061087,2.51316116672565,4.67406836969665,0.0023783348593386,0.0182653756567071
"gene-LOC140684267|LOC140684267","LOC140684267",-0.064924444250075,-0.362004855070568,0.866449353317158,3.17572610153538,0.463333044420726,4.67279244028158,0.00238253066144357,0.0182885228104361
"gene-LOC121469438|LOC121469438","LOC121469438",0.822972332447229,-0.185853757624601,-0.127425675216142,2.88655694993964,-0.821421940074036,4.67192818217928,0.00238537701014149,0.0183012936201981
"gene-TNIP1|TNIP1","TNIP1",4.58416458135118,1.08255744767824,0.0478092124356582,-1.94438317782575,1.15444015916973,4.67015321757789,0.00239123358664839,0.0183371356557898
"gene-LOC115494366|LOC115494366","LOC115494366",-0.324703174834716,1.38796272694258,-0.231122499809537,-6.72547573277866,1.75066677174664,4.66815671593171,0.00239783870348814,0.0183695811566727
"gene-SYNRG|SYNRG","SYNRG",2.29535569592134,0.427835704807847,0.554875770196511,-1.63431937425818,0.6101935468756,4.66819703319355,0.00239770513571611,0.0183695811566727
"gene-IL17RA|IL17RA","IL17RA",3.83418429627486,0.856114610883162,0.417541473865511,-1.45106474807923,0.805924746630665,4.66550780619019,0.00240663101141506,0.018427815389237
"gene-LOC121470955|LOC121470955","LOC121470955",2.18038855594529,0.333420377404722,-1.17376368699438,-0.019812062100404,-0.638137392122844,4.66473847875334,0.00240919074738227,0.0184382921937392
"gene-LOC115497404|LOC115497404","LOC115497404",-3.90343191193745,6.96941220377619,-2.01454095209673,-7.34188205012641,4.85888970402131,4.66432803979595,0.00241055751406576,0.0184396329857477
"gene-SRSF7|SRSF7","SRSF7",5.31895165066287,-1.14623789199171,0.107077636886156,1.43758865576051,-0.385244427110444,4.66363399525565,0.00241287049444679,0.0184482069671759
"gene-MAP3K11|MAP3K11","MAP3K11",1.83616238374485,1.44901628237224,0.906867214434901,-1.06847060724734,1.14885055037611,4.66263133779152,0.00241621596853192,0.0184646627718674
"gene-ITPKA|ITPKA","ITPKA",9.18170898836781,-0.545980215979902,-0.168458751597756,0.334206545445343,-0.854506698261177,4.66145873124481,0.00242013451203433,0.0184854795526808
"gene-TMEM201|TMEM201","TMEM201",4.76822808850094,-1.31304496557783,-0.142424100642979,2.13384499085226,-0.550802143468649,4.66037970331962,0.00242374607962227,0.0185039322062924
"gene-PTPN23|PTPN23","PTPN23",5.61277876971831,0.105041443191271,0.354959321487309,-0.026513456035048,0.711308372308155,4.65879679427395,0.00242905413781669,0.0185079334232956
"gene-BCL2|BCL2","BCL2",-0.101992937812707,1.17418717831056,0.145373399561272,-3.31335379237106,1.66927986273784,4.65909323254515,0.00242805917108751,0.0185079334232956
"gene-SGSH|SGSH","SGSH",-0.842221604983312,2.39084919491739,1.50309123521057,-2.7424312464344,2.25463611017598,4.65935137926431,0.00242719306565924,0.0185079334232956
"gene-ERLIN2|ERLIN2","ERLIN2",6.48326702708167,-1.00860724986922,0.0337098849548271,1.85210435170356,-0.654497982956364,4.65927855834584,0.00242743735439771,0.0185079334232956
"gene-PEX14|PEX14","PEX14",3.07827567227035,0.591972959623935,0.293507744491062,-1.0123177607242,0.69266500028318,4.65725188724837,0.00243424622068383,0.0185383662721862
"gene-LOC115495198|LOC115495198","LOC115495198",-1.1924784987635,-0.162416049571846,-1.91668363426297,-1.19024903473005,-1.48090624339704,4.65269474943689,0.00244962791633416,0.0186463315323518
"gene-PTER|PTER","PTER",0.675148530761487,-0.0808284429572697,0.423011438689215,-1.00730902190311,0.990876698832451,4.65192257099826,0.00245224407534524,0.0186479002781168
"gene-GLUD1|GLUD1","GLUD1",3.81099142162081,0.80882210246292,-0.0156559430267766,-2.23197377640351,0.461389365155008,4.65199082179566,0.0024520127249936,0.0186479002781168
"gene-MALL|MALL","MALL",-2.39285251728777,1.15953875771201,1.53140458346119,6.13467766343572,-0.235624118905334,4.65109196875423,0.00245506136410078,0.0186601545233102
"gene-TBC1D23|TBC1D23","TBC1D23",4.29141915002836,-0.100543275721103,0.00283458828946695,-0.662638550170245,0.373010998869456,4.64549279485419,0.00247413951769919,0.0187874507903993
"gene-PACSIN2|PACSIN2","PACSIN2",2.9086055960173,0.655382752711272,-0.432525752865003,-2.23017101029054,0.174185892404457,4.64526820223072,0.00247490792928119,0.0187874507903993
"gene-ZNF106|ZNF106","ZNF106",4.87546671537653,-1.17490577415229,-0.482551094725913,1.78865782448254,-0.677989107830367,4.64485413217326,0.00247632525035405,0.0187874507903993
"gene-RMI1|RMI1","RMI1",2.69989640321871,-0.478888702707335,-0.339387975222244,1.23771081757029,-0.698981446516564,4.64475474549841,0.00247666556461483,0.0187874507903993
"gene-POMGNT1|POMGNT1","POMGNT1",3.31810963933808,-0.299922082494823,0.790941157710852,1.4941799166248,0.117676533366279,4.64296405754388,0.0024828053342406,0.0188247979164005
"gene-ATXN10|ATXN10","ATXN10",1.09307775737539,2.04769579686809,0.366747457263973,-2.90861647924179,1.3355813417466,4.64034640330622,0.00249180854757955,0.0188838086551388
"gene-SOX11|SOX11","SOX11",-3.08864583009228,1.30464978884737,2.04868481662036,7.93396701042861,-0.0840729346518486,4.63995017491768,0.00249317424860761,0.0188849101797371
"gene-SSBP2|SSBP2","SSBP2",6.4674632176904,0.0924815541121651,0.152920732521186,-1.2641466041735,0.384844812193548,4.63911935531996,0.0024960403623491,0.0188973701601528
"gene-UBASH3A|UBASH3A","UBASH3A",1.2262555195211,1.49863131727295,-0.148244292540208,-5.06637021294107,1.95083783703197,4.63868964086716,0.00249752408776678,0.0188993570944699
"gene-LOC100222881|LOC100222881","LOC100222881",3.72928632104753,-0.342244129585557,-1.41509318377269,1.86461116331778,-0.643889889359705,4.63791937678879,0.00250018592539643,0.0189102527837291
"gene-FAM219B|FAM219B","FAM219B",1.76536003909958,0.798938059350096,0.374478519464887,-1.68559182081644,1.12360048247612,4.63727113439595,0.00250242833397157,0.0189179670093845
"gene-LOC140682313|LOC140682313","LOC140682313",-5.30685887161323,-0.381921619080402,2.49074167134097,3.85161010746394,-2.72433476546083,4.63461785731339,0.00251162803240099,0.0189749092461297
"gene-PRMT1|PRMT1","PRMT1",2.35153957161962,0.735737527453256,-0.361072605277928,-0.183788822211608,-0.0847034077731651,4.63439196521558,0.0025124128623793,0.0189749092461297
"gene-LOC121468853|LOC121468853","LOC121468853",2.4502348132302,1.68463966615072,0.505621792321398,-2.41548738661255,1.19201342736482,4.63204907534088,0.00252056769752314,0.019027212253254
"gene-CD40LG|CD40LG","CD40LG",-0.177600282026423,0.792369870440046,-0.153640954954099,-2.45323592858656,1.45780882615626,4.6308927922891,0.00252460230729852,0.0190390939110354
"gene-LOC100219761|LOC100219761","LOC100219761",-3.02532047832831,6.23026965615544,-0.721890599355552,-3.84477874010503,3.09282496096504,4.63090802466408,0.00252454911420432,0.0190390939110354
"gene-GRAP|GRAP","GRAP",-0.696777449395243,1.93311740900521,0.760065552646458,-5.44121912604181,2.40878324575691,4.63036407640869,0.00252644935023561,0.0190437426667784
"gene-DCTN4|DCTN4","DCTN4",4.68746367389701,0.403656702571681,-0.130389772519733,-0.324581618960704,-0.311425337361589,4.62941063612052,0.00252978363888373,0.0190595919239171
"gene-FSTL1|FSTL1","FSTL1",-1.66029995203677,3.96942598892736,1.57504911721819,-4.16566678473972,3.2535920163594,4.62852828733171,0.00253287331957622,0.0190735837569061
"gene-PHKB|PHKB","PHKB",4.60977171666557,-0.324595765177591,0.17278975642768,0.402286489485622,0.237825846487519,4.62619072200533,0.00254107732293605,0.0191258526163436
"gene-LOC140681746|LOC140681746","LOC140681746",1.31787278459718,0.0700094893876037,0.0345796872528429,1.64427006626551,-0.588373014003391,4.62584693111975,0.00254228619268619,0.0191258526163436
"gene-IL10RB|IL10RB","IL10RB",5.90154097958719,-0.68520603407337,0.82545797998063,0.622352175346127,-0.165709075762854,4.62451009499665,0.00254699249059415,0.0191426463292591
"gene-TMPO|TMPO","TMPO",6.78623957712751,-0.162474064452302,0.195440011996255,-0.10915923567763,0.344744082122359,4.62482795138358,0.00254587267889282,0.0191426463292591
"gene-CCDC166|CCDC166","CCDC166",1.3089234914011,-0.522230104197973,-1.7841859532583,1.1699954451612,-0.508348257603125,4.62361292357364,0.00255015595241494,0.0191571181376802
"gene-CDK5|CDK5","CDK5",1.44537351459083,1.22048651423804,0.315047007303673,-1.47683112856035,1.49734390419816,4.6216886785446,0.00255695446646206,0.0191732298377413
"gene-RBM47|RBM47","RBM47",-1.07500309372638,5.26861910007918,-1.04559546558883,-6.9568387197239,2.62191036966829,4.62208861386381,0.00255553993918212,0.0191732298377413
"gene-LRCH2|LRCH2","LRCH2",6.74488484588578,-0.465505590510625,0.0624362264617933,-0.175199179925936,0.0234295439094245,4.62165380401607,0.00255707785176363,0.0191732298377413
"gene-LOC140681791|LOC140681791","LOC140681791",-2.93285471520598,2.82885699704648,0.501334857714987,-2.76955961774282,3.17030119784923,4.62160327521789,0.00255725663231651,0.0191732298377413
"gene-TAF10|TAF10","TAF10",5.80464540600208,-0.332830780519259,0.265509887400183,1.97907820364806,-0.512642594661518,4.61782769039486,0.00257065157946763,0.0192177938126868
"gene-AK9|AK9","AK9",3.13645514409237,-0.116651298492695,-0.632332250509588,-0.240280918034682,-0.665899618935193,4.61893446304267,0.00256671758001186,0.0192177938126868
"gene-FAM120B|FAM120B","FAM120B",0.0376682032676932,0.885530764001831,0.541428792168828,-2.86305089893745,1.10945413015581,4.61792412275049,0.00257030856780316,0.0192177938126868
"gene-LOC115496402|LOC115496402","LOC115496402",2.58791027023401,2.06700769805979,-1.22012772850117,-1.65696688229023,0.356460483554581,4.61799956034609,0.00257004026749681,0.0192177938126868
"gene-NDOR1|NDOR1","NDOR1",3.56436446503663,0.454391011684626,0.457368741132149,-0.0263366157243451,0.815740916485935,4.61823200870875,0.00256921372484263,0.0192177938126868
"gene-YPEL2|YPEL2","YPEL2",8.78831190559596,-0.133514433588851,-0.977272397171284,-0.532478955737242,-0.380358364716035,4.61795719960159,0.00257019092360934,0.0192177938126868
"gene-ATP1A1|ATP1A1","ATP1A1",3.00357822195646,1.05375073067018,-0.366563302055438,-2.68215965618926,0.420511657793361,4.61557582673673,0.00257867481570597,0.0192645951171846
"gene-PPIB|PPIB","PPIB",3.38924988357474,1.61990586436017,-0.218036254523839,-2.37576535256425,1.28901376409005,4.61537217169468,0.00257940168548023,0.0192645951171846
"gene-B4GAT1|B4GAT1","B4GAT1",3.09468040281142,-0.42460825984287,1.56922926641829,1.65278469056763,0.0347942505646191,4.61400326139546,0.00258429293120613,0.0192918152968717
"gene-ANGEL1|ANGEL1","ANGEL1",6.34760804821335,-0.0150537887581685,0.615279630415565,0.210911642969739,0.303805244699908,4.61290974349794,0.00258820698385073,0.0193117179725603
"gene-ARL8B|ARL8B","ARL8B",5.73744524430375,-0.203991899950135,-0.268173377750395,0.483350605574134,-0.445832510689057,4.61247334024118,0.00258977070251499,0.0193140730705636
"gene-TFEC|TFEC","TFEC",-1.13006396451188,5.42972638924847,0.414091345562477,-3.88705049192666,2.81262410774098,4.61155199104457,0.00259307524969254,0.0193294024513449
"gene-ELP5|ELP5","ELP5",2.36788156772331,0.554190864144813,-0.224523821035956,1.08458573170383,0.964948328980274,4.6102972806343,0.00259758237481968,0.0193536770584182
"gene-LAMP3|LAMP3","LAMP3",-0.132913706177625,2.07687005093093,1.08969523766782,-5.59859733056975,2.21687509055238,4.60982939623632,0.00259926514089388,0.019356895118062
"gene-MSN|MSN","MSN",5.55708116544684,0.896127048236506,0.0591603995979565,-2.45241649947478,0.475599983375102,4.60777339007312,0.00260667286869071,0.0193747659188226
"gene-SPI1|SPI1","SPI1",2.7112818894921,2.14577080834437,-0.574286719410066,-3.0940786087547,0.974037645779509,4.60825247988184,0.00260494479687352,0.0193747659188226
"gene-UBR7|UBR7","UBR7",6.38194357277734,-0.451140392762175,-0.236045523376996,0.493630836921833,-0.662210653927679,4.60801078876473,0.00260581642776276,0.0193747659188226
"gene-PPP1R12C|PPP1R12C","PPP1R12C",6.23000852376442,0.542043213896854,1.1603079151126,0.737028855775974,0.641906790356054,4.60846996595665,0.00260416071335123,0.0193747659188226
"gene-EIF4EBP1|EIF4EBP1","EIF4EBP1",4.73306101229192,-0.856505000646423,0.0614570861975451,1.8165953669169,-0.235398274591829,4.60645888525973,0.00261142029312979,0.0194007340548168
"gene-TMEM167B|TMEM167B","TMEM167B",2.75377743200641,0.325699909115576,0.506262610863928,0.392146864805205,1.02697934552811,4.60526172891736,0.00261575159360513,0.0194235872893663
"gene-LOC116806862|LOC116806862","LOC116806862",6.41405430982381,-0.0793854771730516,-0.067151313735191,0.163645222978589,-0.436250176065695,4.59925627859698,0.00263759030701656,0.0195763597127488
"gene-CCNI|CCNI","CCNI",5.27333103680487,-0.244947897817999,0.904361979961452,-0.0976441479473219,0.0494479939880691,4.59887180379764,0.00263899477317135,0.0195773941106551
"gene-PPP1CB|PPP1CB","PPP1CB",8.94953698046811,-0.47843908324896,-0.368475894713075,0.417027413853647,-0.745246887659395,4.59676687508901,0.00264669752384886,0.0196063399624515
"gene-TRMT9B|TRMT9B","TRMT9B",0.000555406515882124,-0.0500644531649065,-1.21035725415837,-0.194915063879742,-0.902543982970289,4.597336804858,0.00264460966422938,0.0196063399624515
"gene-MAN2C1|MAN2C1","MAN2C1",1.15385852254905,1.15998890032995,1.25542779794444,-0.474944647886562,1.5776835835175,4.59695968814078,0.00264599099117976,0.0196063399624515
"gene-LATS2|LATS2","LATS2",-0.986730055305377,0.486262752227555,-0.569239567055307,-2.56576277587217,-0.863700881797713,4.59571081438658,0.00265057071104837,0.0196162514363814
"gene-MTA2|MTA2","MTA2",4.36668029983877,0.669295023299863,0.288396506696424,-0.575498151857724,0.720387302399312,4.59595425821853,0.00264967734788359,0.0196162514363814
"gene-TCP11L2|TCP11L2","TCP11L2",8.19158417085447,-0.58067200651884,0.451090601405121,0.346022052949479,0.148710988082871,4.59472147032815,0.00265420446455445,0.0196337543446368
"gene-KNG1|KNG1","KNG1",-3.72482783947725,3.08619967904607,-1.80398529911814,2.5178545192203,0.43217622270476,4.59388724665802,0.0026572724335935,0.0196470572909027
"gene-SLC16A5|SLC16A5","SLC16A5",-1.84919599184232,1.01001415838068,-3.20907633726653,-0.806825087254061,0.320540639467592,4.59243406621251,0.00266262535629866,0.0196772337099913
"gene-SLC12A9|SLC12A9","SLC12A9",2.33525721629263,2.2908858209201,0.435021261903626,-2.86940100181784,1.83370404545377,4.59206342721362,0.00266399240169247,0.0196779391008071
"gene-LOC140681410|LOC140681410","LOC140681410",0.150280133272541,2.40667790822768,0.0457491918060612,-3.61381243734962,1.96921911895638,4.59082688370354,0.00266855839405083,0.0197022619980613
"gene-NES|NES","NES",-4.01041799685222,3.31970127303045,-0.211052253902163,-1.14373850550434,-0.604773558774434,4.58960885037077,0.00267306385559802,0.0197261150049496
"gene-LOC116808825|LOC116808825","LOC116808825",-3.12548821645271,1.84591091884102,1.25055215304808,2.62482574258995,-0.370565675021413,4.58837081243443,0.00267765127967076,0.0197505498345591
"gene-ZRSR2|ZRSR2","ZRSR2",6.20205209179398,-0.357598231115423,-0.338214507993167,0.354294696776647,-0.46806975996144,4.58752938040645,0.00268077371206341,0.0197641606451555
"gene-SLC66A2|SLC66A2","SLC66A2",3.83470052795595,0.775757808382019,-0.365909118892865,-2.54304680437053,0.263817974529218,4.58715575748672,0.00268216136523777,0.0197649748224069
"gene-SPATA7|SPATA7","SPATA7",-3.23592274867251,5.86566411881422,1.06947635343204,-5.86639327949676,3.82815285571256,4.58531116300606,0.00268902304142059,0.0198061073612488
"gene-XPO5|XPO5","XPO5",6.64271149626452,-0.16788928774173,-0.0644436289540981,0.139828930766174,0.428579868347137,4.58427004559082,0.00269290379345084,0.0198227658162716
"gene-RAD9A|RAD9A","RAD9A",5.29084488459724,-0.796221511479413,-0.132832793373268,2.46063702452025,-0.599481087751545,4.5840173370179,0.00269384662433726,0.0198227658162716
"gene-STK39|STK39","STK39",-3.69004586604215,4.92305244363676,0.489438914647208,-9.19531129768888,4.55380080749014,4.58312309706727,0.00269718565542737,0.019837903050256
"gene-MFF|MFF","MFF",6.3426008779157,-0.165801069813546,0.0370190247257832,-0.658196548277573,0.530166236056526,4.58105223147779,0.00270493437337988,0.0198854439088141
"gene-KHSRP|KHSRP","KHSRP",5.33615677680486,0.18410657988687,0.539364663936222,0.666399710118416,0.564389749075796,4.57921410528825,0.00271183128775559,0.0199266805213759
"gene-ANKRD2|ANKRD2","ANKRD2",2.55435869558406,-0.705792083605078,-0.0379308581133174,0.80530905563284,0.332462927615237,4.57842000712846,0.00271481641442859,0.0199391476095313
"gene-RNF34|RNF34","RNF34",3.36698686050623,0.657487904456851,0.264702153970009,-1.17102504433843,0.609063072378987,4.5777949978728,0.00271716827337248,0.019945380998033
"gene-POLR2G|POLR2G","POLR2G",4.02251492421501,-0.189092407665675,0.534074834590964,-0.466759198040899,0.361020980953432,4.57716745656876,0.00271953175482065,0.019945380998033
"gene-SLC24A2|SLC24A2","SLC24A2",-3.61325002061685,3.61929960094137,1.53947360299909,-2.54639893831063,3.80230638752341,4.57745983141887,0.00271843033491591,0.019945380998033
"gene-PLEKHA7|PLEKHA7","PLEKHA7",-4.87414535228904,-2.49338894544509,-0.0123260909314837,9.94293481573856,-3.09459609930541,4.57483114561653,0.00272834938514278,0.0199968308111001
"gene-WDR11|WDR11","WDR11",2.19049321372339,1.17335030185822,0.481117030032942,-1.87569525279633,0.735674601266387,4.57462434606576,0.00272913128743415,0.0199968308111001
"gene-CAMK2G|CAMK2G","CAMK2G",7.45979579873249,-0.501525353171493,-0.338491817445871,-0.168591390442793,-0.5381961838159,4.57321187356503,0.00273447792578828,0.0200265243263481
"gene-LOC100221772|LOC100221772","LOC100221772",-0.163575983363038,-1.4191367948285,-0.00199746269340657,2.66821687786774,-1.44518144440705,4.5712190424771,0.00274203960685796,0.0200724044068717
"gene-ZDHHC12|ZDHHC12","ZDHHC12",1.83584442521835,0.23625750027442,0.184301334185932,-0.233036062926517,0.940416694037635,4.56983950505707,0.00274728669281909,0.0200948210880076
"gene-C18H17orf75|C18H17orf75","C18H17orf75",3.1690745641155,-0.381016379625225,-0.713656610896789,0.433223034516987,-0.744703371963848,4.56973122766904,0.0027476989610484,0.0200948210880076
"gene-MRPL54|MRPL54","MRPL54",1.98352731331354,1.74611535763374,0.400134003844006,-2.2039914362671,1.30363612988822,4.56912077048104,0.00275002447164003,0.0201023281523994
"gene-PDPK1|PDPK1","PDPK1",7.12300663106292,0.200122323926509,0.0180050883649255,-0.906151069954273,0.510659681371927,4.56853629132378,0.00275225290456246,0.0201091188376318
"gene-FLOT1|FLOT1","FLOT1",2.53038075338106,1.01302019563488,0.575845468782365,-1.186957358774,0.972024263638471,4.56790009189108,0.00275468062775236,0.0201173585249966
"gene-PSMC3IP|PSMC3IP","PSMC3IP",3.21973362707259,-0.0577044850618905,0.260137652514206,1.1234385827637,0.674476667077182,4.56739644989305,0.00275660406631933,0.0201219093991941
"gene-INTS5|INTS5","INTS5",5.03910615638907,-0.790780798823085,1.0646871228839,1.33807376657692,-0.0521637890588206,4.56689424785938,0.00275852337199256,0.0201264258281871
"gene-CCKBR|CCKBR","CCKBR",2.35698595291867,1.39642253685634,5.41081736596009,10.0489411259199,-2.14333244634024,4.62428308748561,0.00276347262548046,0.0201530343446324
"gene-FBXL21P|FBXL21P","FBXL21P",2.41705836907678,0.775354240291358,0.210020754468403,-1.45523080490583,0.96632044293673,4.5638783305792,0.00277007830120808,0.0201882363379655
"gene-EXOC7|EXOC7","EXOC7",5.06010739047091,-0.461475162074783,-0.122430168417062,1.33819228950141,-0.533769894952608,4.56337557010817,0.00277200933884437,0.0201882363379655
"gene-MRPS36|MRPS36","MRPS36",3.78528463234349,-0.00495048614074582,0.119995218598739,0.068254321458032,0.45637406352486,4.56332246459646,0.00277221339051223,0.0201882363379655
"gene-PTPRU|PTPRU","PTPRU",0.0636054014459802,3.18691895159663,-0.944813575063773,-5.75401518176182,2.24758486963655,4.56085260168051,0.00278172052271676,0.0202479421867553
"gene-GCFC2|GCFC2","GCFC2",1.4817233424095,-0.490932563469691,-1.43442865950617,-1.49581607215668,0.0109749310788442,4.55995253170042,0.00278519339797808,0.0202541672150897
"gene-RNF146|RNF146","RNF146",7.02656223034844,-0.687964865896004,-0.316047152971256,0.760324595756653,-0.808940932096601,4.56014279927254,0.0027844588909425,0.0202541672150897
"gene-STK17B|STK17B","STK17B",5.03702235099208,0.481816910300377,-1.21235366033758,-1.37295691431194,-0.44078113177872,4.55721395570315,0.00279578732710527,0.0203216575326229
"gene-LIN54|LIN54","LIN54",5.44980686946261,-0.99647772831263,0.0347423900331597,1.29400577487801,-0.586853125044301,4.55583328219735,0.00280114393723968,0.0203501308754104
"gene-LOC115496004|LOC115496004","LOC115496004",-2.98823935169919,5.89079375153336,0.933201933593647,-2.63671987201906,2.22107953088122,4.55552673774595,0.00280233466206782,0.0203501308754104
"gene-ASAH1|ASAH1","ASAH1",3.9096541384206,1.90876294623846,-0.352256901875467,-1.70096811818494,1.06448816861738,4.55410544924499,0.00280786220006314,0.020371152154701
"gene-LOC115498270|LOC115498270","LOC115498270",5.49524074971162,0.363767819412172,-1.03544056741935,0.279266793505279,-0.0280566227327216,4.55440505350402,0.00280669608223101,0.020371152154701
"gene-TLR4|TLR4","TLR4",-1.28739165965405,3.56220935654429,-0.795034228278038,-2.44403545607799,0.781595010630229,4.55305069295921,0.00281197145629666,0.0203914050075871
"gene-COA3|COA3","COA3",3.15852489877262,0.546256023343048,-0.0329306475683592,1.29065353452138,-0.193045291576957,4.54953551403499,0.00282571076056186,0.0204814398218711
"gene-DUS1L|DUS1L","DUS1L",2.12365484459103,0.88386226372251,0.127921086285084,-0.14865340698837,0.916215579399247,4.54912281085386,0.00282732833032165,0.020483570183393
"gene-SLC25A24|SLC25A24","SLC25A24",7.13582892142052,-0.544664992688113,-0.197924425634628,0.598761694478793,-0.668670799327597,4.54805010863245,0.00283153716042216,0.0205044630592105
"gene-UBTD2|UBTD2","UBTD2",-0.24225097652133,2.58500021029587,-0.263435887548695,-4.53503284817713,1.55138942099626,4.54653318382118,0.00283749986118815,0.0205380310345588
"gene-HEXA|HEXA","HEXA",1.18936940240909,1.07901312039435,0.150727514403801,-1.29987589985131,0.0887084916452454,4.54545919862008,0.00284172921811959,0.0205494203973835
"gene-MARCHF2|MARCHF2","MARCHF2",9.60611349746102,-0.216841679794003,-0.237302330393837,0.859076310321956,-0.56343443115173,4.54559003433164,0.00284121364237534,0.0205494203973835
"gene-SF3A1|SF3A1","SF3A1",7.10531788207825,-0.075705721395428,-0.282499107004437,0.130314535797982,-0.306459946593127,4.54485019490821,0.00284413033752135,0.0205571774746113
"gene-TAF11|TAF11","TAF11",4.63505452602308,-0.46430408924799,0.368613304250412,1.0496821323636,0.232326728546875,4.54420069830796,0.0028466933924347,0.0205660972212544
"gene-DSE|DSE","DSE",3.99690264264328,-0.530251770848054,0.514464905855206,-1.05867204408126,-0.0859701031627623,4.54274462844408,0.00285244793954585,0.0205788493540662
"gene-LOC115497097|LOC115497097","LOC115497097",-2.6374685907921,2.38801889969056,-0.662092087812444,3.23324300489275,-1.25144321631047,4.54316887315927,0.00285077005224942,0.0205788493540662
"gene-TRIM33|TRIM33","TRIM33",6.0525466203428,-0.937227504757133,-0.268641366754778,0.94234743901647,-0.549290496672716,4.54276510957978,0.00285236691350704,0.0205788493540662
"gene-SMAP2|SMAP2","SMAP2",5.57892413932893,0.279984219981624,0.21793624984817,-0.633797950677382,0.552089978343699,4.54140521620092,0.00285775193733618,0.020607507563037
"gene-RP2|RP2","RP2",3.00188669258939,1.64938883730044,0.0216988558158657,-2.45660496158558,0.963102910806477,4.53669073914865,0.00287650128594836,0.020719332932158
"gene-DRD5|DRD5","DRD5",-3.883254701763,3.61605851180662,1.44437705638385,-0.849186201956113,0.46538983400602,4.53616124261391,0.00287861491464554,0.020719332932158
"gene-PALB2|PALB2","PALB2",2.09856012183249,1.40159531687851,0.474348907787671,-0.288724202437341,1.02289588833604,4.53622069227792,0.00287837752617545,0.020719332932158
"gene-NOS1|NOS1","NOS1",-3.58073222934207,2.484009610926,2.25863389543231,0.914312896433199,-0.578116430993065,4.53683447425688,0.00287592780202748,0.020719332932158
"gene-SLC1A1|SLC1A1","SLC1A1",-3.5880463207661,-0.379259461708926,1.45046528604786,7.0883721982893,-2.38892898040912,4.5347864540601,0.00288411016614652,0.020749235156261
"gene-TRAPPC14|TRAPPC14","TRAPPC14",5.17602253110097,-0.0310268971597235,0.662462051511355,1.02378884221693,0.524100559261201,4.53399293883377,0.0028872868513689,0.0207624368145603
"gene-LOC140684798|LOC140684798","LOC140684798",-3.38940241961173,2.24765121817693,1.86299059450341,3.89711852907909,-0.832371957700416,4.53342520320692,0.00288956186493728,0.0207691453134716
"gene-SMC1A|SMC1A","SMC1A",3.7419208011937,1.47945732369421,0.0262615349485066,-1.33113255039529,1.22918484466099,4.53261661011508,0.00289280519737566,0.0207828042847671
"gene-GEMIN8|GEMIN8","GEMIN8",1.78539487357244,0.783825748787265,0.95264720604083,-0.625017834051456,0.60068264751245,4.53052657980943,0.00290120571938984,0.0208334842262449
"gene-PRKCG|PRKCG","PRKCG",-3.47451433130155,2.17990073999253,2.10422957372657,0.796701239528999,-1.08005865759172,4.52991452275685,0.00290367049339297,0.0208415124699704
"gene-SLC4A7|SLC4A7","SLC4A7",-0.0337050769728959,2.86210671561546,-0.461719262928502,-6.74731911848417,2.60787505574804,4.52755063525162,0.00291321004961461,0.0208906049665367
"gene-LOC140680779|LOC140680779","LOC140680779",-3.44412202035315,0.120310824036007,2.0648338699168,4.22000095949984,-2.49078881500237,4.52758345372438,0.00291307739051722,0.0208906049665367
"gene-HSPG2|HSPG2","HSPG2",0.486791893949706,1.40557994705676,-0.757578832614514,-1.12184952374065,-0.359445124861955,4.52709300222396,0.0029150605407304,0.0208941926205665
"gene-PDE4C|PDE4C","PDE4C",2.3135385271987,0.959585958111497,0.0543729362165917,1.66731329018532,-0.97047405266585,4.53932011350622,0.00294011331785637,0.0210640062934386
"gene-ETF1|ETF1","ETF1",7.35188589050771,-0.674302883576065,-0.28233887601169,1.28176407787628,-0.608128980550915,4.52043155691243,0.00294213321536779,0.0210687235112525
"gene-CLK4|CLK4","CLK4",7.4341503901625,-0.821940364232547,-0.488125573260029,0.485392121558269,-0.742839520765048,4.51954841932547,0.00294574159367242,0.0210848062729328
"gene-CFAP57|CFAP57","CFAP57",-3.57538028995298,0.765149417216726,1.02761464981645,-2.98554855770083,2.82779018471915,4.51867819626242,0.00294930162719588,0.0210907775789539
"gene-MRNIP|MRNIP","MRNIP",4.12662851537978,-0.653575665317007,0.0637704427369917,1.0585213936226,-0.931562112141031,4.51870129309563,0.00294920708259846,0.0210907775789539
"gene-YARS2|YARS2","YARS2",3.6920184818344,-1.18558640546021,0.0547285508934295,1.8705555984569,-0.913945190261523,4.51796927757351,0.00295220502198938,0.0211017887830419
"gene-RRS1|RRS1","RRS1",3.9432646363393,0.0869053422373889,0.0155833537917324,1.85492143095042,-0.396001599698546,4.51603622059747,0.00296013675091269,0.0211487147831828
"gene-LOC100220064|LOC100220064","LOC100220064",1.64523500299313,0.149922722611321,-0.107433001274558,2.30527660071774,-0.659360883850189,4.51545942331467,0.0029625076826785,0.0211558866587216
"gene-EIF2A|EIF2A","EIF2A",5.30379563329961,-0.56449367848132,-0.228211206402251,0.782208358637206,-0.0751928054663165,4.51500637767517,0.00296437129206073,0.021159430694022
"gene-GPR65|GPR65","GPR65",1.07951052612954,3.10119130326452,-0.461231584865627,-5.68237790243521,2.6489263993123,4.51249587384806,0.00297472000990855,0.0212235095220539
"gene-DNAAF2|DNAAF2","DNAAF2",1.39894388585741,0.597272710700145,1.71176923252598,3.13991656667019,-0.0144596711063836,4.5085130975621,0.00299121345473438,0.0213313494064583
"gene-CCDC9|CCDC9","CCDC9",4.74377620168987,-0.34844844420023,0.85828904931723,1.2961647666361,0.211757833937348,4.50801901519409,0.00299326604785661,0.0213361548091115
"gene-ATG12|ATG12","ATG12",4.71261232108321,-0.123092211261001,-0.157727839305508,1.33407058565742,-0.382665254892434,4.50750229053149,0.0029954142442824,0.0213416369384301
"gene-UBAP1|UBAP1","UBAP1",5.52722775535501,-0.203148616259093,-0.404612575833621,0.00658257074448392,-0.40991539591585,4.50626377754052,0.00300056956821422,0.0213685292536194
"gene-TENT4B|TENT4B","TENT4B",3.20824692967397,-0.0785572261558067,0.611910687942374,0.996668878090837,0.314161028592179,4.5047693008075,0.00300680241221271,0.0214030668486622
"gene-PIN4|PIN4","PIN4",1.84934859303374,0.0194432553599963,0.300743017304395,-0.910302585544429,0.628333281103633,4.50403328185426,0.00300987690148751,0.021413576817377
"gene-CARHSP1|CARHSP1","CARHSP1",0.824195147963869,1.30688005544004,0.475895745976209,-3.16633198683741,1.55205782591276,4.50375350897839,0.00301104640740629,0.021413576817377
"gene-RUFY4|RUFY4","RUFY4",-0.952343489522417,3.37899462869259,-0.206985620620763,-5.06213510639564,1.6943753971095,4.50304532915116,0.00301400881398605,0.0214247985284493
"gene-USP36|USP36","USP36",4.10138373422492,-0.81568669502322,0.00453015893542725,1.41033713568105,0.0365025046167054,4.50270167308525,0.00301544744384824,0.0214251832844589
"gene-LOC140683561|LOC140683561","LOC140683561",1.41283805039658,-0.770769306491131,-1.87695656906954,0.0387106363550616,-1.23657712623999,4.50180224930305,0.00301921597678586,0.0214421143830937
"gene-LOC140683531|LOC140683531","LOC140683531",3.52000776785734,-1.10160358978342,-0.483328360335954,1.48650420812487,-0.986920512427734,4.50068847569749,0.00302388929075796,0.0214654526488438
"gene-SLC8A1|SLC8A1","SLC8A1",1.01103610632569,3.24270471968922,-0.021614819155914,-2.54833832192653,1.05298877289502,4.49985390013467,0.00302739595186301,0.0214804916804585
"gene-NUP42|NUP42","NUP42",3.5856241123646,-1.29404311046779,0.0288242355732986,1.07670320084052,-0.144218846323647,4.49709621242645,0.00303901257682413,0.0215354744911988
"gene-LOC100222906|LOC100222906","LOC100222906",-2.96598032404491,-3.68485830785928,0.295797571434005,4.54446554363303,-4.25956808288837,4.49746720809381,0.00303744712889094,0.0215354744911988
"gene-LOC115490725|LOC115490725","LOC115490725",-1.95978156567489,2.15001095998569,-0.095730180256523,-7.34717830916242,2.79104827243577,4.49702338999501,0.00303931995404059,0.0215354744911988
"gene-FERMT1|FERMT1","FERMT1",2.71602320301465,1.8003657048442,0.0236673825521845,-3.38275937675751,1.20376295051384,4.49413746765194,0.00305152678342514,0.0215899412334983
"gene-LOC101233427|LOC101233427","LOC101233427",1.1429343232998,1.3911745029092,-0.448353190099614,-1.13703243440837,0.217464556392873,4.49371816821818,0.00305330449133566,0.0215899412334983
"gene-SIN3A|SIN3A","SIN3A",5.10576801003798,-0.151102376233108,0.217691570799071,0.267928488861957,0.284500672811271,4.49355828215309,0.00305398264039599,0.0215899412334983
"gene-AKAP13|AKAP13","AKAP13",3.18818769725657,1.3277311031938,0.0724799376945028,-3.21253356388273,0.704455565995451,4.49463571631796,0.00304941572810085,0.0215899412334983
"gene-PARN|PARN","PARN",3.68454108419793,-0.72078947708184,-0.205276610605067,1.39903796419914,-0.842943383815133,4.49398534219728,0.00305217162897375,0.0215899412334983
"gene-LOC140682196|LOC140682196","LOC140682196",-4.88931884602381,4.96070314140098,-0.825325793669793,-3.59851796285264,4.71176020228597,4.49192701093916,0.00306091039698455,0.0216217286078345
"gene-ABRACL|ABRACL","ABRACL",0.959418652758955,0.394022560118929,0.609896666731883,-1.84641281624334,0.736624367713291,4.49184161600394,0.00306127349788468,0.0216217286078345
"gene-BLNK|BLNK","BLNK",1.12590976409742,2.5276854281943,-0.0480437351240042,-4.02727844962677,1.72797012203535,4.48933321269411,0.00307195892575423,0.0216873012664447
"gene-RPAP2|RPAP2","RPAP2",1.00254311039589,0.366387252848427,0.211178235018616,-2.23306725695291,0.767260098083772,4.48886440220304,0.00307396021061877,0.0216915340899797
"gene-SSBP3|SSBP3","SSBP3",8.56657506941,-0.302339008810159,-0.184345388396109,0.53395545179959,-0.56077416347987,4.48826825872605,0.00307650698518817,0.0216996105723733
"gene-ATXN7L3|ATXN7L3","ATXN7L3",5.13877097922902,0.474515630918039,0.338740508619426,-0.51516138787964,0.734083780082075,4.48704865365086,0.00308172395613857,0.0217265048843938
"gene-LOC100189937|LOC100189937","LOC100189937",9.67984653652006,-0.697080648726763,-0.378603144633825,0.999691759247323,-0.741682805623377,4.48471964954891,0.00309171159850131,0.0217869931633915
"gene-AGMAT|AGMAT","AGMAT",-2.61904766708809,-2.12807352592464,2.86766673540232,6.46929723993266,0.569154874255118,4.48422041986808,0.00309385678174948,0.0217921864804612
"gene-SPRED1|SPRED1","SPRED1",0.879513635687957,-0.868977236270012,-0.0365428960693789,-0.451605941519405,-1.04123776756023,4.4834142083044,0.00309732427234578,0.0218066847654918
"gene-RRP8|RRP8","RRP8",7.1612140583512,-0.501203047166975,0.358880215283767,2.28932541018662,-0.669647916954492,4.47790950972883,0.00312110612186413,0.0219641278926091
"gene-LOC140682237|LOC140682237","LOC140682237",0.243161953370667,-2.57856163930067,0.307924183260528,3.93560747770584,-2.45232838367459,4.47643998562806,0.00312748636227997,0.0219800008367964
"gene-RRM2B|RRM2B","RRM2B",1.87476672440187,0.31130697996026,1.17055775893146,-1.22422550077965,0.914584864524994,4.47640860883934,0.00312762273619552,0.0219800008367964
"gene-PIK3R6|PIK3R6","PIK3R6",-0.677352106560556,0.761073767609237,0.516563825540358,-4.2308043751495,2.28314887992625,4.47673916395925,0.00312618633914775,0.0219800008367964
"gene-MTRR|MTRR","MTRR",2.02210843723203,0.803182550885489,0.726927373723506,-1.14440523966208,0.829720735290136,4.47595406578812,0.00312959901223716,0.021983905907567
"gene-COPRS|COPRS","COPRS",-2.78601487403458,1.26332596917558,-0.520571492989285,0.343724924481575,-0.909507786172617,4.47448295461698,0.00313600390165982,0.0220189021679609
"gene-TPT1|TPT1","TPT1",9.86837638518926,-0.521591705886339,-0.599005478634302,0.698423113986347,-0.662421226499198,4.47199517214248,0.0031468656283996,0.0220851453965913
"gene-MED21|MED21","MED21",6.67422266568638,-0.226673255512458,-0.329988229205872,0.861019431353799,-0.429167921905953,4.47053676970502,0.00315325090944337,0.0221199264839692
"gene-UBE2J1|UBE2J1","UBE2J1",5.55559438266843,0.271473524399741,0.496527789239557,-0.192788133627043,0.461033886455365,4.46961578797559,0.00315729003189664,0.0221382253029454
"gene-TAF6L|TAF6L","TAF6L",2.86175054991486,0.771137011789008,1.1253480987725,1.10449853648756,1.02242312938004,4.4677236270225,0.00316560501416675,0.0221864753597058
"gene-RBM34|RBM34","RBM34",4.10465921588923,-0.213060850947602,-0.063981651957878,-0.304597034848364,0.327214688365973,4.46659882450159,0.00317055848319371,0.0222111328779641
"gene-UBXN2B|UBXN2B","UBXN2B",1.61406948047654,0.954055610390683,0.565872541651104,-1.94365781486266,1.05957074398302,4.46310048424735,0.00318601532688145,0.0223093154676427
"gene-LOC140682498|LOC140682498","LOC140682498",5.84220611579155,0.392245204828506,-0.633368591199192,0.540988060872593,-0.632172900350972,4.4651333194209,0.00319176363804523,0.0223394582988467
"gene-FUT7|FUT7","FUT7",0.964640968002734,2.57568485390982,-0.29232781026874,-3.70293403733256,1.16572601279278,4.46036014616099,0.00319817679711317,0.0223742251063862
"gene-ACO2|ACO2","ACO2",5.10530920666865,0.661935849811531,-0.0615622172472212,-1.41447324981737,0.680561691870297,4.45938295189566,0.00320252498958431,0.0223945206569441
"gene-LOC140681183|LOC140681183","LOC140681183",-2.46175876201298,5.44066083458548,-2.8234414712648,0.456282908666577,3.48004845218676,4.45686148362913,0.00321377260046241,0.022463022128345
"gene-NR1D1|NR1D1","NR1D1",-2.92093340277625,3.14023351669011,2.71459099105023,4.36339570281248,1.1042094406297,4.45637160702331,0.00321596248773407,0.0224681803601286
"gene-REEP5|REEP5","REEP5",2.04793463589473,0.80104584930232,0.130034156884528,-2.26788779391459,0.311874803500829,4.45315178146449,0.00323039399406964,0.0225588208746515
"gene-PTPRCAP|PTPRCAP","PTPRCAP",1.88100193169075,0.524932389741199,0.719609491245904,-1.74268993249831,1.08993759849104,4.45276951618664,0.00323211172266764,0.0225606355021568
"gene-LATS1|LATS1","LATS1",4.84310601809783,0.312911804180494,-0.250915482756381,0.500855668020098,-0.333020023757842,4.45078799912312,0.0032410307312402,0.0226126918692254
"gene-PLXNC1|PLXNC1","PLXNC1",3.19022232008374,2.97963701747076,-0.284168451788771,-4.95479556477875,2.06916492587683,4.45051218007528,0.00324539103197972,0.0226329095177495
"gene-POLR3A|POLR3A","POLR3A",5.03142279884258,-0.890332895222089,-0.0441935754217824,1.30528274265391,-0.725238201813781,4.44913104128659,0.00324850815909586,0.0226444431360398
"gene-HMGN3|HMGN3","HMGN3",2.30476532245276,0.836286470670172,0.226906082317323,-2.67942920026193,1.39501532542758,4.4479108333623,0.00325402590732131,0.0226522946089956
"gene-KAT14|KAT14","KAT14",2.90144026794114,0.664506384829253,0.696958937439927,-0.291156307192209,0.563800796036252,4.44845825866555,0.00325154928175878,0.0226522946089956
"gene-ENTPD1|ENTPD1","ENTPD1",6.53399833837502,0.562976654807557,-0.109619922140982,0.20274244158684,-0.175655888978416,4.44813846394446,0.00325299584213319,0.0226522946089956
"gene-CLCNKA|CLCNKA","CLCNKA",-4.24695500456986,1.52474547011963,1.39176833063615,2.48282999602982,-1.400587098538,4.44751474729788,0.00325581905486974,0.0226545862743297
"gene-LOC100229022|LOC100229022","LOC100229022",6.40367821318765,-0.929451773984739,-0.508489967424838,0.832240551096455,-0.615687283946403,4.44692767656723,0.00325847867808769,0.0226629022666998
"gene-LOC140683525|LOC140683525","LOC140683525",4.84463940392984,0.195607960576051,-0.450331713055362,0.280421555779841,-0.609653993840206,4.44156887610281,0.00328285859234565,0.0228222087675422
"gene-PTDSS2|PTDSS2","PTDSS2",-0.00968656534943037,1.64643537298951,0.0608670499237842,-3.69674885029297,1.19647470697422,4.43988056099851,0.00329057812128068,0.022855339509344
"gene-BRK1|BRK1","BRK1",4.71020555382489,-0.00580356757872133,0.647135415749119,-0.00893723228762394,0.333362475992608,4.44011118919799,0.00328952252162189,0.022855339509344
"gene-SON|SON","SON",8.91010557919901,-0.685749784012503,-0.304677442046128,1.13996756056001,-0.610954766432873,4.4389915761569,0.00329465029766267,0.0228631001597891
"gene-SLC44A2|SLC44A2","SLC44A2",3.78670759548255,1.15589816978794,0.17374694187324,-2.23775471538518,1.06601956186193,4.4390167120322,0.00329453508699809,0.0228631001597891
"gene-ZNF326|ZNF326","ZNF326",5.58664880471608,-0.788948737668271,-0.598799973562901,0.840670533697918,-0.609690521075843,4.43747953106585,0.00330158835173014,0.0228907167307455
"gene-LOC140682174|LOC140682174","LOC140682174",6.37794239441272,-0.768056443748514,-0.0662730197815501,0.727684695526611,-0.952850098479002,4.43762479812592,0.00330092114314414,0.0228907167307455
"gene-LOC115491620|LOC115491620","LOC115491620",4.73006515126954,0.801464127086104,0.43524262527405,0.0943227230971318,0.917234800442495,4.43708806621257,0.00330338702729123,0.0228929306974168
"gene-RCC2|RCC2","RCC2",1.07596710863766,1.71530907941766,0.698299344249903,-3.05898560814394,1.24906706350676,4.43496347151674,0.00331316643367526,0.02295042549737
"gene-FOSL2|FOSL2","FOSL2",2.5362060253599,2.40804206547203,-0.251276466076365,-3.15852515097963,1.09745491713072,4.43451499658256,0.0033152345178322,0.0229544761357733
"gene-MKNK2|MKNK2","MKNK2",9.38995007378648,-1.35023228254582,0.303116109068913,2.24193224105162,-1.06492749462326,4.43401307557639,0.00331755062478374,0.0229602396773383
"gene-ARHGEF1|ARHGEF1","ARHGEF1",4.75591504530768,1.31262240349628,0.381011376045889,-2.03328631688675,1.01277604564793,4.43344994750328,0.00332015113759417,0.022967965513755
"gene-PHTF2|PHTF2","PHTF2",4.00654005187655,0.494786182236335,0.776743859518391,0.25926618811266,1.08923896393127,4.43024881160194,0.00333497350751653,0.0230498950553007
"gene-ANXA6|ANXA6","ANXA6",3.68401477333306,1.73163567214327,-0.110697208175237,-3.52751793907252,1.37937406275457,4.43042410831334,0.00333416007694219,0.0230498950553007
"gene-KCTD12|KCTD12","KCTD12",3.35734929686273,2.83590346924751,-0.0503065864081441,-3.4429734393918,1.35438326388652,4.42960828088703,0.00333794749003889,0.0230601506287285
"gene-GRAP2|GRAP2","GRAP2",2.84870899261082,0.874587253712719,-0.101317981536627,-4.52559723543788,1.55929315472889,4.43909959179765,0.00334044437329035,0.0230671024884731
"gene-STX3|STX3","STX3",0.639430753466552,0.851589766928844,-1.25554677544944,-0.207835767294868,-0.0942712331488844,4.42820997085835,0.00334444925182795,0.0230844568117919
"gene-PDCL|PDCL","PDCL",4.94281884310962,-1.57943027822218,0.763580655862701,1.53339385645415,-0.60450531168888,4.42777541979853,0.00334647242874111,0.0230881234216534
"gene-IDUA|IDUA","IDUA",2.76827222828762,0.119352607523918,0.831011543892972,-0.768477297983169,0.315442418187222,4.42681679050452,0.00335094002219543,0.0230983504870709
"gene-ARSK|ARSK","ARSK",-0.0615898115674647,1.69918812110553,0.0655229737681448,1.07997183639639,0.0490394489300406,4.4270144774921,0.00335001822411841,0.0230983504870709
"gene-MEI4|MEI4","MEI4",-4.9614816968377,5.77287543837085,0.855821810483926,-6.54499406359911,2.31544212335965,4.425990981598,0.00335479350224552,0.0231043299720736
"gene-NDUFAF2|NDUFAF2","NDUFAF2",0.788288826830736,0.712051331745348,0.194792165502263,-1.19347699541798,1.0312512775833,4.42616572428958,0.00335397772150707,0.0231043299720736
"gene-ZNF648|ZNF648","ZNF648",-5.43619139508278,5.17633791953568,-2.63794317300307,-8.97341379612716,1.87606537763881,4.42381435366838,0.00336497201599411,0.0231641200834114
"gene-CYBC1|CYBC1","CYBC1",3.40744194894701,1.29854030755703,0.150633704230562,-1.65263729953424,0.836123582076269,4.42314194812698,0.00336812274068439,0.0231754999609119
"gene-KIAA0040|KIAA0040","KIAA0040",2.33458036797099,2.30322935982889,-0.0675845393856636,-5.3893018602002,1.87251611124944,4.42040578788392,0.00338097480305558,0.0232535933676823
"gene-TELO2|TELO2","TELO2",5.91850829017959,-0.048505061245193,0.220137621845654,0.0692042490064013,0.382703358262215,4.41888374730182,0.00338814566647685,0.0232822176681746
"gene-THRA|THRA","THRA",0.125770607953628,1.64615549764013,1.29980938845045,-1.1188752225233,2.23319519267705,4.41919517041399,0.00338667718120568,0.0232822176681746
"gene-BEND2|BEND2","BEND2",1.77695485540941,0.211910212858893,0.0349892842212594,-0.760733322512793,-0.351647513835716,4.41612705953599,0.00340117293935285,0.0233469654510246
"gene-HPCAL1|HPCAL1","HPCAL1",1.8670066723224,0.814690557400395,0.570284365847416,-2.01885044211116,1.03150942020924,4.41593252974301,0.00340209415780681,0.0233469654510246
"gene-HTT|HTT","HTT",6.08905200939552,-0.640347444752792,-0.45801624051644,0.246500690130352,-0.611402802064037,4.41605563613195,0.00340151114359636,0.0233469654510246
"gene-MRPL4|MRPL4","MRPL4",1.14007030859434,1.37506478096114,0.722955452867788,-1.83629927287028,1.10502264926568,4.41514970310256,0.00340580390041247,0.0233620635456042
"gene-MTURN|MTURN","MTURN",-1.3222418924673,3.18691007943572,0.527983521096636,-5.00124684456577,3.08797943163765,4.41375463176207,0.00341242525514168,0.0233971115743542
"gene-FIP1L1|FIP1L1","FIP1L1",4.4077168982126,-0.542690985742045,0.405285568464884,0.628728550093187,0.0476536799915189,4.41001436980116,0.00343024239520781,0.0234917900640327
"gene-YRDC|YRDC","YRDC",1.53883152133473,0.260741308858283,0.306815054941075,0.936397352339341,0.709093444177444,4.41047894061045,0.00342802420637355,0.0234917900640327
"gene-SNX2|SNX2","SNX2",2.99462924258631,-0.0818583783287936,-0.174887044418637,-0.498008886262615,-0.704302991844255,4.40990013013216,0.00343078808043385,0.0234917900640327
"gene-LOC116808970|LOC116808970","LOC116808970",1.65894775901734,-0.0752613741862299,-0.725061922436324,0.670349630798993,-0.791784465725075,4.40859689203709,0.00343701949505041,0.0235136501706035
"gene-LOC121468273|LOC121468273","LOC121468273",3.7749530806398,1.98898291866008,0.947967166893443,-1.27436573478674,1.18021673431208,4.4086954041865,0.00343654805713699,0.0235136501706035
"gene-ENKD1|ENKD1","ENKD1",-0.166859188325438,1.54894380309003,0.0407804282848935,-3.6168737102547,1.82638607336388,4.40800729409585,0.00343984244448927,0.0235225637774952
"gene-TNPO3|TNPO3","TNPO3",6.15684841391403,0.0887195140973372,0.19680944297647,0.289089036562391,0.430801216904241,4.40710753214352,0.00344415499852982,0.0235416513260817
"gene-LOC100218025|LOC100218025","LOC100218025",3.99786919121003,0.736034001870195,0.244868073399452,-1.66953244560428,0.584636188717532,4.40553120164733,0.00345172365260841,0.0235829684433179
"gene-WBP1|WBP1","WBP1",4.7262649685616,-0.0996815551772041,0.677815682174674,1.04781929900849,0.360498782224367,4.40293748248154,0.00346421421140341,0.0236151466094366
"gene-PDE3B|PDE3B","PDE3B",7.46948125240406,0.447927975401185,-0.00695714610558402,-1.57854965085435,0.436155851228803,4.4029126276562,0.00346433412759364,0.0236151466094366
"gene-LOC115496092|LOC115496092","LOC115496092",-0.433061538349869,-0.461276314871368,-0.0380900487625244,1.20795086477368,-1.33490319387937,4.4039279805662,0.00345943883831715,0.0236151466094366
"gene-ERGIC1|ERGIC1","ERGIC1",3.91221258775709,0.0956461727014994,0.51828903082225,0.129305248695401,-0.595470002134556,4.40265247560308,0.00346558952827338,0.0236151466094366
"gene-MTF1|MTF1","MTF1",6.41378920110837,-0.735526251473845,0.213603124452922,1.54498296316162,-0.541535849675797,4.40325332117182,0.00346269076473367,0.0236151466094366
"gene-PAQR7|PAQR7","PAQR7",1.38337782827823,0.587717866482902,-0.994942725425135,-0.337916410965662,-1.06084651394967,4.40334891178878,0.00346222981861327,0.0236151466094366
"gene-FZD8|FZD8","FZD8",-0.254414482077522,-0.881446634327326,-0.929917549140964,1.79587838450099,-1.93257329880743,4.40225054237107,0.00346753002731574,0.0236165769850757
"gene-ZFAND2A|ZFAND2A","ZFAND2A",9.33539303145409,0.0239593265318918,-0.337107674579604,-0.248152208827402,-0.492950565529885,4.40197692496809,0.00346885166313907,0.0236165769850757
"gene-PCLAF|PCLAF","PCLAF",-0.253237980449781,0.591795784430251,0.356409983796895,-2.17115672458705,1.17907326479246,4.40034467902124,0.00347674648273021,0.0236391264588093
"gene-MKS1|MKS1","MKS1",-0.517324850940135,1.2699947790376,0.179494605069517,-2.47888301570385,1.63074894725427,4.40078701234357,0.00347460520221278,0.0236391264588093
"gene-DNAJC16|DNAJC16","DNAJC16",3.79725202082813,0.527520659593739,0.839759888687734,-0.217940943129611,0.525234217300927,4.40053379497312,0.00347583083115368,0.0236391264588093
"gene-LOC116808499|LOC116808499","LOC116808499",5.81195621472592,-1.11846043549418,0.113352182919638,1.64503859313421,-1.02275241551175,4.3999373901899,0.00347871930851003,0.023642152524898
"gene-R3HDM2|R3HDM2","R3HDM2",5.29152760966773,-0.111507905610623,0.449260927303948,0.704599926779836,0.281839568489415,4.39956790050603,0.00348051003140947,0.0236439388656987
"gene-ARHGAP22|ARHGAP22","ARHGAP22",1.89898791268034,0.611045132881861,0.26066696141991,-1.17177230877586,1.03262081589261,4.39600168429499,0.0034978420612186,0.0237512531361816
"gene-STX17|STX17","STX17",2.47667591237507,0.14583244965918,0.582127097653804,-1.33666037393208,0.617389788870795,4.39337797707313,0.00351064967652221,0.0237964536768205
"gene-SPAST|SPAST","SPAST",5.77916633045794,-0.636808916182729,-0.1524037822056,-0.0720743728112246,0.0288713155058059,4.39344990992862,0.00351029789911654,0.0237964536768205
"gene-RAB24|RAB24","RAB24",2.227893675179,-0.168437974410248,-0.0189614024968303,0.240071075445916,0.550597272182052,4.39342265129595,0.00351043119935072,0.0237964536768205
"gene-FPGS|FPGS","FPGS",2.5714559527726,0.845419373776989,-0.143157873515831,0.234484669086477,0.937802597294101,4.39371357849313,0.00350900877313195,0.0237964536768205
"gene-LOC115496629|LOC115496629","LOC115496629",-2.38899651663557,3.42504218406393,-0.373026248488043,-1.77505146429953,0.62175279102389,4.39223273218124,0.00351625518389798,0.0238240144355609
"gene-C10H15orf40|C10H15orf40","C10H15orf40",1.25221571355109,-1.08795537001049,0.223943050799009,0.77848092807957,0.240810461644841,4.39155902478389,0.00351955697480884,0.0238359493151715
"gene-TAOK1|TAOK1","TAOK1",6.88638491095162,-0.243605330088603,0.654503682254305,0.244946572650061,0.155811460380912,4.39079569301951,0.00352330183301434,0.0238508730821946
"gene-HACL1|HACL1","HACL1",1.62407913426356,1.09186913840807,0.450591427479161,-1.69910906618614,1.26482269119053,4.38831170041086,0.0035355163252443,0.0239021909712344
"gene-AKIRIN2|AKIRIN2","AKIRIN2",7.64770090167573,-0.50176810052503,-0.182826382634801,0.80797943823953,-0.544434026420422,4.38883233427439,0.00353295264609374,0.0239021909712344
"gene-PPP1R18|PPP1R18","PPP1R18",2.14555577049291,1.44717931659694,0.0582925795799637,-2.69580237897169,1.44389519124317,4.38841210404276,0.00353502177495861,0.0239021909712344
"gene-ITGB1|ITGB1","ITGB1",5.06542166275787,0.475732336987134,0.203114425520595,-2.01325150464213,0.153920623962965,4.38724102247779,0.00354079447382411,0.0239071095449295
"gene-VRK1|VRK1","VRK1",3.84546759225283,0.130937613362545,0.318317095919991,-0.497576131412156,0.660111939266814,4.3878155487435,0.00353796121759003,0.0239071095449295
"gene-BDP1|BDP1","BDP1",6.04281125441945,-0.952358314103553,-0.426105540215375,1.28703414690511,-0.63439979507826,4.3872239870668,0.0035408785187062,0.0239071095449295
"gene-IQCA1|IQCA1","IQCA1",-1.85863274659686,6.46290863904184,2.66800427533729,1.41260202773823,3.79902372578206,4.38823827142907,0.0035435888909183,0.0239149751796602
"gene-SREBF1|SREBF1","SREBF1",0.498286041608271,3.03326760614025,1.45948147693266,-2.46814907511343,1.7087158385248,4.38487838977134,0.00355247008240037,0.0239594287963992
"gene-LOC115497306|LOC115497306","LOC115497306",3.09075760904482,-0.883491888953137,-0.310952599655026,1.5201794799907,-1.45273522212609,4.38471634393636,0.00355327231584725,0.0239594287963992
"gene-MACROD2|MACROD2","MACROD2",-0.810393454620132,1.50284228747265,0.432062171569029,-2.46672048335979,1.84158363066707,4.38380477819714,0.00355778861314815,0.0239634888068308
"gene-LOC140685157|LOC140685157","LOC140685157",-2.38032561482661,2.32744679969047,-0.557737283091519,-3.98385913593554,-0.753458508810833,4.38358496973485,0.00355887851743578,0.0239634888068308
"gene-TOR4A|TOR4A","TOR4A",1.914966254678,1.11460131992207,0.106724871041897,-2.7816881390852,0.738376919043812,4.38334504675557,0.00356006854713434,0.0239634888068308
"gene-MAST3|MAST3","MAST3",4.62375564179067,1.53759682663626,-1.08385959081393,-0.315453290965026,1.33922063118397,4.38384799818668,0.00355757435005735,0.0239634888068308
"gene-LOC140684006|LOC140684006","LOC140684006",0.373250870887942,0.226914335846817,0.240478751733981,1.7652666433417,-0.767909750107623,4.38132201557201,0.00357011904715301,0.0240206922846491
"gene-LOC140684976|LOC140684976","LOC140684976",-3.15134075427984,-4.64519568231278,-0.293123689170205,5.4587211798185,-4.89009033755556,4.37975756091681,0.00357791117662594,0.0240522048037734
"gene-LOC140685060|LOC140685060","LOC140685060",0.0846294698604944,1.93810274392757,-0.833774905922245,0.454096804413498,-0.216388080872517,4.37989798651965,0.00357721104568238,0.0240522048037734
"gene-MGAT3|MGAT3","MGAT3",4.5468308254793,0.114245426178484,1.00804287901457,-0.249178221595612,0.425979590920379,4.37922285888994,0.00358057836301822,0.0240596830949661
"gene-LOC115496771|LOC115496771","LOC115496771",-5.75879587539514,0.14430974026824,-0.266773727672875,5.0586101874138,-2.24213993507506,4.37764974850018,0.00358843708533759,0.0241020242602427
"gene-NAA10|NAA10","NAA10",4.49990917707547,0.0123587516201115,0.517528832113296,0.606820664050743,0.354351533470561,4.374890538912,0.00360226370375109,0.0241843951477432
"gene-FCHO1|FCHO1","FCHO1",2.32425657171544,0.978012833848517,0.730741336385617,-2.32719413571748,1.32196584737606,4.37248337569354,0.00361437060095773,0.0242551539678321
"gene-RBM24|RBM24","RBM24",8.45427599429314,-0.518506621263975,-0.273674749190679,0.115961814855069,-0.761701798358128,4.37077710156415,0.00362297750353582,0.0243023740213337
"gene-TRA2A|TRA2A","TRA2A",7.08832069196624,-1.15046528384399,0.243163124839222,0.878688449964364,-0.356807237040189,4.36994961057899,0.00362715911927947,0.0243198818764514
"gene-KCTD4|KCTD4","KCTD4",-5.17707211212144,0.958871513252896,2.74891812846567,3.12506940165725,-1.50667566969712,4.36942696997046,0.00362980275215256,0.0243251647724924
"gene-CIMIP4|CIMIP4","CIMIP4",0.117699788877921,0.0538765223370706,-0.0794110003948399,0.56597020407573,-0.797757538570373,4.36886199521771,0.00363266273274507,0.0243251647724924
"gene-CCDC69|CCDC69","CCDC69",1.39657098845805,2.32370903579241,0.0859450686292614,-4.33736833120532,1.80162980417117,4.36890698723982,0.00363243489261945,0.0243251647724924
"gene-LOC121468784|LOC121468784","LOC121468784",1.84136842388772,0.974998099621379,0.760674601380603,-1.19886688162894,1.08217174193868,4.36839101588759,0.00363504865331736,0.0243306132829092
"gene-ZC3H13|ZC3H13","ZC3H13",6.40477004279016,-0.446048001860111,-0.246917788565072,-0.164274638667293,0.0865546924078142,4.36505024043409,0.00365201856683608,0.0243965864458292
"gene-IL20RA|IL20RA","IL20RA",-1.17462910504803,1.6698377685275,0.140060291344805,-7.28288390643463,2.97576066439334,4.36603442212311,0.00364701089986787,0.0243965864458292
"gene-NOCT|NOCT","NOCT",3.63316798024665,-1.09655898093479,2.45712226888597,2.17751728146968,-0.46380012634356,4.36527747106851,0.00365086175983246,0.0243965864458292
"gene-CPLANE2|CPLANE2","CPLANE2",-0.53144873638443,1.96436290805193,1.42856348185777,-1.88645053501083,1.74383598000051,4.36491962812428,0.0036526836695409,0.0243965864458292
"gene-PSMB2|PSMB2","PSMB2",2.81728228777754,1.53701167269732,-0.560955979599424,-2.52597537967047,1.16658729071282,4.36489918647254,0.00365278777350477,0.0243965864458292
"gene-JADE2|JADE2","JADE2",6.01752809997065,-1.45409949640034,-0.249672143445317,1.23926497496091,-1.0505968502729,4.3644567384262,0.00365504178750281,0.0244011094312364
"gene-CUX1|CUX1","CUX1",2.96822018386367,1.54355295334977,0.315571712382768,-2.04238888383132,1.02736845039048,4.36313440569117,0.00366178676461845,0.0244177304264064
"gene-DOCK5|DOCK5","DOCK5",0.706968729711213,2.75858370141119,-0.724123037716299,-3.52469529774769,1.03594707408677,4.3630061256327,0.0036624417733474,0.0244177304264064
"gene-AGO4|AGO4","AGO4",3.71625648142423,0.690579652015792,0.518193972597164,-1.56193971525448,0.683208678656694,4.362855645695,0.00366321028894337,0.0244177304264064
"gene-TARS1|TARS1","TARS1",4.99917285528636,0.787190800840195,0.364232963576198,-1.0670241953397,0.662012063825963,4.36273178602036,0.00366384297577484,0.0244177304264064
"gene-LOC105759208|LOC105759208","LOC105759208",2.40541119017798,-0.516730587509964,-0.618827319186383,2.53705637947532,-0.532375634824354,4.36130555858089,0.00367113632058141,0.0244558048045619
"gene-ST3GAL6|ST3GAL6","ST3GAL6",-0.16784421102976,2.34118112873782,0.344560269571557,-4.42171974668716,2.34776868129784,4.35924732580924,0.0036816877029597,0.024515540965276
"gene-DIDO1|DIDO1","DIDO1",7.5728579536908,-0.709344497806213,-0.328257870912329,0.85582638380127,-0.697466196428756,4.35870724103201,0.00368446153187605,0.0245234590132395
"gene-LOC121469287|LOC121469287","LOC121469287",-4.87000050140339,0.275788802478281,-3.13251952660524,-1.90325728383016,-2.04563860566777,4.35437563327226,0.00370678559308049,0.0246555209610305
"gene-LOC115497123|LOC115497123","LOC115497123",2.60915117243414,-0.244985037469617,-0.748442639409467,0.942413980116508,-0.96381154472887,4.35423951956355,0.00370748932318695,0.0246555209610305
"gene-TYROBP|TYROBP","TYROBP",-0.115463964542475,3.64186388893594,0.534656715811518,-4.52860796643245,2.67336225678484,4.35341492912977,0.0037117555066073,0.0246732888594278
"gene-HEXB|HEXB","HEXB",-1.1026691633956,3.62449593529023,-0.859084535557065,-7.16820323044011,3.11003667780606,4.35282694204304,0.00371480063511728,0.0246829282217432
"gene-PSMA5|PSMA5","PSMA5",4.56641382252513,0.744793845401459,0.180867728713077,-0.190393407849598,0.757009295788203,4.35246570442165,0.00371667271426528,0.0246829292033072
"gene-BAD|BAD","BAD",4.65184719632344,-0.355611522563349,0.88392116878345,1.66562874755114,0.234297827841409,4.35221147284566,0.0037179908221589,0.0246829292033072
"gene-DBF4B|DBF4B","DBF4B",2.33937556269436,-0.264767629710419,1.07354058700176,0.826481120907007,0.722374612979234,4.35178341098496,0.00372021126147818,0.0246870794474163
"gene-OSBPL8|OSBPL8","OSBPL8",6.51869732626617,0.611318987610167,0.0282622090683606,-1.70285597518795,0.459519798089354,4.35017684605391,0.00372855690181281,0.0247318551459722
"gene-PPP1R14B|PPP1R14B","PPP1R14B",4.58446621019166,-0.227533542022588,0.143443184557671,0.346231855161147,0.342736119731891,4.34927648627917,0.00373324236282555,0.02475232457786
"gene-TRMT61B|TRMT61B","TRMT61B",1.92754115985581,-0.989462005223844,-0.570699974741209,0.852263531303564,-1.0585572753503,4.34770711001593,0.00374142374803094,0.0247853306938265
"gene-LOC121468880|LOC121468880","LOC121468880",-3.97010071777976,-2.24783607959556,1.58187436694082,7.17332805473057,-2.79903025223727,4.34774228422436,0.00374124017948314,0.0247853306938265
"gene-SEPTIN7|SEPTIN7","SEPTIN7",4.0931060154638,0.0280675392652325,0.188079745039146,-0.996106281321787,0.301975363837797,4.34663030276156,0.00374704788267094,0.0248119666171728
"gene-KLHL26|KLHL26","KLHL26",-1.73508885835632,3.01068962049372,0.173212537693406,-5.13793283083862,2.87322136805118,4.34543731462756,0.00375328890245393,0.0248369368021876
"gene-RASAL3|RASAL3","RASAL3",1.38631003220478,1.63529299592004,0.20794121049318,-3.52318213968467,2.15877159111296,4.34529602159066,0.00375402876771029,0.0248369368021876
"gene-NSUN4|NSUN4","NSUN4",0.0544420612615842,1.87577855200443,1.36538566599934,-0.561010507652651,1.69837416248723,4.34422843807427,0.00375962386319888,0.0248633244799156
"gene-LOC140680217|LOC140680217","LOC140680217",2.72345330205522,0.149744060532684,-0.159763008573346,0.335418540908716,-0.65370587763481,4.34390939933309,0.0037612975635691,0.0248637675336317
"gene-ARHGEF10L|ARHGEF10L","ARHGEF10L",-1.27241278045283,4.58059238699494,0.628147857351481,-4.32222855024414,3.21423643734542,4.34273782823552,0.00376745023646258,0.0248938054693674
"gene-STAM2|STAM2","STAM2",5.49084232423021,0.688145181099259,0.570146181254447,-0.474906653819836,0.704224460421265,4.3412265471212,0.00377540211840641,0.024925063047073
"gene-ASXL1|ASXL1","ASXL1",6.66233775575329,-0.95550934366697,-0.224606748035745,1.30169907613025,-0.535055117068561,4.34149847558584,0.00377397005437813,0.024925063047073
"gene-MPHOSPH6|MPHOSPH6","MPHOSPH6",2.34477220784093,0.655488784346738,0.548657921324864,-0.684946383092099,0.848386575720534,4.33963547767371,0.00378379233165823,0.0249698022739493
"gene-LIMK1|LIMK1","LIMK1",2.29562548653792,1.55996199734392,0.134114727674323,-1.76735479808265,1.18057443718741,4.33515773004169,0.00380750719275281,0.0251155898584185
"gene-FAM110B|FAM110B","FAM110B",-4.64387821639444,5.78007933952191,1.62874762282084,-3.3084389979854,4.22691574991409,4.33289773136263,0.00381953404676737,0.0251520380313724
"gene-DGLUCY|DGLUCY","DGLUCY",3.42739629650346,-0.57725793976275,0.254510776332735,-0.370162027977416,0.187747202949728,4.33310947470883,0.00381840558505521,0.0251520380313724
"gene-CIAO1|CIAO1","CIAO1",3.74377605016879,0.248928650534687,0.33888806322973,1.13832993452198,-0.371043926541976,4.33312142901938,0.00381834188608476,0.0251520380313724
"gene-OAZ1|OAZ1","OAZ1",9.77482070873323,-0.884051308422741,-0.536045930467699,0.0431198052384156,-0.548997168164842,4.33306963663846,0.00381861787146366,0.0251520380313724
"gene-HDAC3|HDAC3","HDAC3",5.21625185400892,-0.341306734180834,0.214819624330625,0.83425502361388,0.213968597820411,4.33068321878924,0.00383135644784946,0.0252191582435008
"gene-C8G|C8G","C8G",0.395272657335376,2.55637143628721,-0.16213016015019,-2.44636403801939,1.31174426190191,4.32973010356583,0.0038364562390056,0.0252382972334125
"gene-LOC100227898|LOC100227898","LOC100227898",4.71671980897947,-0.343834500220495,0.535359851873833,0.421862300681584,0.269169320743355,4.32953035440038,0.00383752590566847,0.0252382972334125
"gene-UBE2N|UBE2N","UBE2N",2.68096669828547,0.674109591587724,0.167503826115512,-2.00476893148111,0.651767463119812,4.32589869980574,0.00385702675138531,0.0253557727177943
"gene-RPS24|RPS24","RPS24",8.39322467737658,-0.819988515186257,-0.383478892239072,1.10100314523648,-0.656481051485686,4.32386498704027,0.00386799129100494,0.0254170552986418
"gene-LOC100219508|LOC100219508","LOC100219508",5.18995221719008,0.821130597044761,0.307586931204114,-1.28033914658976,0.816322588107772,4.3230678698209,0.00387229753290824,0.0254345519192509
"gene-TMEM183A|TMEM183A","TMEM183A",9.09845838277962,-0.399316040325048,-0.254265323060226,0.825080488240304,-0.674727596879371,4.32219892316507,0.00387699739028787,0.0254472412273754
"gene-NACC1|NACC1","NACC1",1.66369025013565,0.287414549194357,-0.728906088438283,0.960624132950576,-0.58383732296054,4.32210268993719,0.00387751824324079,0.0254472412273754
"gene-LOC140684149|LOC140684149","LOC140684149",-5.05843525991176,-4.72012399129203,2.00915386707297,-2.65381556101235,-2.72887850410753,4.32170101284728,0.00387969305241443,0.0254507206384541
"gene-LOC100228496|LOC100228496","LOC100228496",-0.751677139131008,0.844840824920494,-0.688729307966941,4.63744306187962,-2.08464678397436,4.33773948325112,0.00388472175783316,0.0254729106790119
"gene-OSBPL10|OSBPL10","OSBPL10",0.315155736877898,2.05869808352206,1.03677157383754,-3.26094656568151,1.96797175810395,4.31981773020923,0.00388990636224554,0.0254853094647544
"gene-WDR20|WDR20","WDR20",6.25470709923973,-0.701852704459846,-0.233149372079583,0.673981358904146,-0.723127781900119,4.32004974177792,0.00388864665015746,0.0254853094647544
"gene-BCL11A|BCL11A","BCL11A",1.37161063300541,0.0850126249871881,1.17121143631768,-1.02816714737732,0.739856598048688,4.31918709777427,0.00389333249996162,0.0254969616745265
"gene-SHC3|SHC3","SHC3",-2.1025819990579,2.75916161514967,1.00193982459335,-2.793660245567,2.99946887421755,4.31779183058469,0.00390092373845265,0.025535869226969
"gene-LOC140684412|LOC140684412","LOC140684412",-5.23773967938073,-1.05101998235272,2.46342555368933,5.57368617996206,-3.01528520929238,4.316502012952,0.0039079546910426,0.0255602700100948
"gene-LOC140684766|LOC140684766","LOC140684766",-0.184163352031153,2.62696297069552,-0.424805955250737,-1.60106149790386,1.4222439660919,4.31674623549505,0.00390662241258683,0.0255602700100948
"gene-TARS2|TARS2","TARS2",2.85783243896693,0.675319603495375,0.613682311973092,0.122079270817293,0.932192134377047,4.31517571915294,0.00391519796491399,0.025596826576698
"gene-FKBP2|FKBP2","FKBP2",4.65833183879418,0.529952016428412,0.54036014583231,-0.342095187903905,0.687836255951243,4.31479057711337,0.00391730390244843,0.0255997795145226
"gene-OTUD7B|OTUD7B","OTUD7B",5.90865834172099,-0.48561652761839,0.39082461925787,0.656504313833694,0.0346646425714097,4.31376125663922,0.00392293784990462,0.0256257759507277
"gene-SLC12A5|SLC12A5","SLC12A5",1.20640465767081,3.98586579474055,0.0782557696392131,-2.05242468205098,2.47940456185692,4.31307616585195,0.00392669225108342,0.0256394778841839
"gene-COL26A1|COL26A1","COL26A1",-3.9272783831678,3.72466726234469,-5.68590386030539,-10.7144720667247,3.51189432195298,4.31213117956433,0.0039318769361684,0.025662503410884
"gene-SKIC2|SKIC2","SKIC2",6.44696255413694,0.30548147505616,0.720223659900987,0.793955155772146,0.74980516232847,4.31147255957255,0.00393549459741596,0.0256752862120624
"gene-NAPB|NAPB","NAPB",4.34839031047957,-0.488941718514575,-0.866562401449683,0.958288261118691,-0.269572170009897,4.30987722972953,0.00394427149250505,0.0257217030537361
"gene-TMEM140|TMEM140","TMEM140",7.46077664390307,-0.987245870305858,0.116530813307108,1.70842462800325,-1.0481198347955,4.30752827014372,0.0039572309386549,0.0257953448928747
"gene-MEF2D|MEF2D","MEF2D",3.1045604954803,1.7877768871577,0.377174261736255,-1.845709108147,1.2641877523257,4.30632257142485,0.00396389976496532,0.0258178865062838
"gene-LOC140680771|LOC140680771","LOC140680771",-1.32668260741105,1.91479528774313,0.0631234169987803,0.690542290937253,-0.617367410068588,4.30629981538994,0.00396402574080325,0.0258178865062838
"gene-AMZ1|AMZ1","AMZ1",-3.21981537127002,-0.650010857935509,2.5361333655205,6.05031965969657,-2.34344095794453,4.30413246958932,0.00397604275925871,0.0258634979821473
"gene-ARHGAP45|ARHGAP45","ARHGAP45",5.71256495304267,0.971587145282709,0.300792360598527,-1.95327721512083,0.650117927278735,4.30418417406204,0.00397575564741152,0.0258634979821473
"gene-LOC100229057|LOC100229057","LOC100229057",1.27552112560966,1.31531112134364,0.184849952505716,0.845600330009928,-0.00800663612120376,4.3041360064486,0.00397602311861647,0.0258634979821473
"gene-SEMA6B|SEMA6B","SEMA6B",-1.98848687491848,3.69718467814688,0.934690964805231,-4.37551647279916,3.22059408242103,4.30321293733317,0.00398115240205255,0.0258758026582374
"gene-SKP2|SKP2","SKP2",1.73349562189842,-1.03730353252313,-0.371476305418052,1.40498219978517,-0.297295516146513,4.30319024435843,0.00398127858670522,0.0258758026582374
"gene-PRRC2A|PRRC2A","PRRC2A",5.32010462725213,0.0978311778152712,0.778356464509082,0.21450977353642,0.756401277745376,4.30237796840087,0.0039857979484976,0.0258943002741395
"gene-ZNF710|ZNF710","ZNF710",2.58240558650533,1.30718031178926,0.372954052589319,-1.23062107646991,0.717102676280799,4.30178126075394,0.00398912126049377,0.0259050153194046
"gene-THUMPD3|THUMPD3","THUMPD3",3.86716564051243,0.201458863155768,0.292413761813576,-1.21454924865195,0.482957045609509,4.30129374386762,0.00399183854235793,0.0259117875180323
"gene-NPC2|NPC2","NPC2",6.45155860968605,1.06973119712692,-0.740456518713137,-1.23131399564215,0.225333147372867,4.29940890500497,0.00400236188066174,0.025947444534244
"gene-MLPH|MLPH","MLPH",-1.7882101353132,2.22701234735475,-1.23119732990264,-1.11435517390646,-0.609881873177046,4.29958337077703,0.00400138662446791,0.025947444534244
"gene-ERN2|ERN2","ERN2",2.99279803573677,-0.397207072932193,0.142203228358319,1.20113814637864,0.319160864941745,4.29946053720652,0.00400207323360302,0.025947444534244
"gene-CD4|CD4","CD4",0.0512541892097467,1.78630074557103,-1.01087551573094,-5.75779956937002,2.1367028745484,4.29840340089074,0.00400798733416055,0.0259512987431525
"gene-SMOC1|SMOC1","SMOC1",5.40937772698232,-0.258549765356256,-1.33619718592196,0.794657258670519,-0.44578408287963,4.29893907485948,0.00400498941716752,0.0259512987431525
"gene-LOC140681828|LOC140681828","LOC140681828",2.18329596410265,0.0548665171379538,-0.0679614881284171,1.5435884056732,-0.5427339078849,4.29855579821663,0.0040071342045532,0.0259512987431525
"gene-LOC101233672|LOC101233672","LOC101233672",3.41999876039681,-0.939701562817353,0.249643853746477,1.17094203018223,-0.0628833183651368,4.29768581936001,0.00401200689104973,0.0259664603258028
"gene-THRAP3|THRAP3","THRAP3",6.97960088671347,-0.485273236640731,0.0075160188379091,0.43738043464085,0.0765511070607494,4.2971448207386,0.00401504003197023,0.02597522763158
"gene-CSK|CSK","CSK",3.86631526518578,0.768879785466067,0.282168163523277,-1.54164866965073,0.488258866490167,4.29675538490308,0.00401722487527496,0.0259785018574509
"gene-LOC100226244|LOC100226244","LOC100226244",1.73542921828866,1.02979121011254,0.343087622913831,-2.8166027250081,0.741817101597443,4.2960066390556,0.00402142895634724,0.0259948258560875
"gene-CRYGN|CRYGN","CRYGN",0.306679127273456,0.550488512857425,-2.56699903572202,0.826883759653735,0.00729481976509489,4.29324715558971,0.00403696178354138,0.0260843355324855
"gene-PABPC1|PABPC1","PABPC1",11.3353074398777,-0.439368155075635,-0.314790931032385,0.689696455710247,-0.70534240800336,4.29009806668774,0.00405476246048161,0.0261665759282539
"gene-TCF7L1|TCF7L1","TCF7L1",-4.75619268469915,5.35963461903484,1.22145724448068,-3.38597701491025,1.91065893008071,4.29030271355944,0.00405360323549177,0.0261665759282539
"gene-LOC140682102|LOC140682102","LOC140682102",6.27042101324464,0.208596721564644,-0.421226408736042,-0.638808742341693,-0.374126796269073,4.29026152286172,0.00405383653357785,0.0261665759282539
"gene-DPYD|DPYD","DPYD",-3.95698654511499,5.90919259987705,-1.07077044719461,-7.02882011218822,2.69343791386459,4.28871223319537,0.00406262143830417,0.026206363800649
"gene-RUSC2|RUSC2","RUSC2",-5.52092211094465,-2.11838711717834,0.106436648941174,-4.74920189174355,0.752767667156786,4.28747179124725,0.00406966908937122,0.0262408871491749
"gene-TEKT1|TEKT1","TEKT1",1.83783350086555,2.45925949901731,0.04726432714212,-4.23961130927956,1.64238269102872,4.28648721374858,0.00407527190845434,0.0262660694641112
"gene-TLDC2|TLDC2","TLDC2",-3.63725242314661,1.06398760853948,2.52106999076348,7.00703735985323,0.926142175462641,4.28541617021749,0.00408137570661341,0.026272582803595
"gene-LOC121470958|LOC121470958","LOC121470958",-2.55566711770781,-0.00798580829207449,-2.44651223401492,-3.22542891697363,-1.97757517419735,4.28551755142397,0.00408079754316813,0.026272582803595
"gene-TAS1R1|TAS1R1","TAS1R1",3.3162389731086,-0.134979386863245,-0.260851586205905,1.39630506072727,-0.488326843216792,4.28557926447811,0.00408044564279671,0.026272582803595
"gene-GPR22|GPR22","GPR22",-2.81252352941402,4.01869332888606,1.71032565013963,-2.44098322361787,3.58781008747009,4.28369195655206,0.00409122147285927,0.0263183147608229
"gene-IGBP1|IGBP1","IGBP1",6.19147114331373,-0.69822148417999,-0.26129504673887,1.53374761687593,-0.401811988027318,4.28357653264456,0.0040918814419735,0.0263183147608229
"gene-TASL|TASL","TASL",-1.30438062117903,1.65926892745869,-1.21092644930572,-4.83443971371681,-0.194152380427577,4.28320845741798,0.00409398674257393,0.026320916012186
"gene-NXT2|NXT2","NXT2",5.23858446630216,-0.487723599136878,-0.424420613563003,0.685150199997763,-0.515614564137324,4.28118036217971,0.00410560678847513,0.0263796927216301
"gene-ARFGEF2|ARFGEF2","ARFGEF2",7.33227183649503,-0.782882480923794,-0.566648713069868,0.899299346145623,-0.505548690134074,4.28101803998451,0.00410653827246571,0.0263796927216301
"gene-EXOSC4|EXOSC4","EXOSC4",3.4630740429182,-0.666166595705241,1.55016828676861,3.23749791937555,0.114559157939502,4.27994647408638,0.00411269285253962,0.0264082663456642
"gene-PHF3|PHF3","PHF3",9.3412788008185,-0.455240934098384,-0.48419000811484,-0.118751834531363,-0.790711313948178,4.27901070552486,0.00411807517193756,0.0264099516310542
"gene-UBC|UBC","UBC",6.33365943522172,-0.256120070593298,0.26608703220026,1.1291090524064,-0.858617751049176,4.27903909456353,0.00411791177925439,0.0264099516310542
"gene-HDAC6|HDAC6","HDAC6",3.91727305113295,0.680374688483187,-0.595725522551038,3.40405030890031,-0.674891694959711,4.30948189619338,0.00411800540230527,0.0264099516310542
"gene-PSAP|PSAP","PSAP",8.37881931433025,0.0889755875002322,-0.437907685045247,-0.312887525186176,-0.376064347102814,4.27711567055805,0.00412899698662196,0.0264648662418058
"gene-RHBDL1|RHBDL1","RHBDL1",-3.26612914538746,-1.7917287843345,0.589404879163337,8.76826256639723,-1.13956910740739,4.2769317980756,0.00413005828587794,0.0264648662418058
"gene-C1H12orf57|C1H12orf57","C1H12orf57",2.27121627619202,1.15141331996901,0.157507959980823,-1.82914376518662,1.27533055408529,4.27503419638672,0.00414102738090817,0.0265241716554445
"gene-NDUFB4|NDUFB4","NDUFB4",2.697802112376,-0.408282993064834,0.548959993384567,-1.06934884739514,0.223759817631444,4.27323019817554,0.00415148295765092,0.0265581640221778
"gene-TOE1|TOE1","TOE1",3.70224018888279,-0.154575402678302,0.185878607993071,0.575875477735689,0.341249108832305,4.27372634065021,0.00414860474310755,0.0265581640221778
"gene-GNG2|GNG2","GNG2",-2.85615757960225,2.170291325146,1.53108835635953,-6.8854739107375,3.01685211992299,4.27329040413967,0.0041511335831139,0.0265581640221778
"gene-KCTD3|KCTD3","KCTD3",3.98441823681409,0.0550211508982741,0.635381883628078,-0.953421262208686,0.440260463889996,4.27287954506578,0.00415351838992842,0.0265602054066704
"gene-LOC140681383|LOC140681383","LOC140681383",1.81759386691969,0.917378526465437,0.229209173139304,1.04634692644199,-0.274314835646439,4.27208842987796,0.00415811430779074,0.0265786116947797
"gene-RRP7A|RRP7A","RRP7A",1.75742727574426,-1.28338402995293,0.145284370959952,1.21877046573452,-0.17224386553473,4.27171632923697,0.00416027778904809,0.0265814611005447
"gene-NCOR2|NCOR2","NCOR2",2.56191227703513,2.26170493677633,0.363779445464384,-3.26085350957622,1.66367164498873,4.27030989886446,0.00416846548623878,0.0266227830786401
"gene-CCDC120|CCDC120","CCDC120",1.2994318250505,1.23285658135073,0.901662928932397,0.388528025457755,0.967713457488025,4.26985365351668,0.00417112510100384,0.0266287792648657
"gene-BTBD1|BTBD1","BTBD1",4.13487435864822,0.0773772408679246,-0.160334617266374,-0.858773347093088,0.517115880712686,4.26761603595654,0.00418419404686551,0.0266901907977097
"gene-ARB2A|ARB2A","ARB2A",2.17126156935042,-0.343157472655419,0.910797730359905,-0.683809165572511,0.376269896393806,4.26783261697751,0.00418292726803646,0.0266901907977097
"gene-CSNK2B|CSNK2B","CSNK2B",4.1690222943291,0.0067733733925614,0.480548342200251,0.253610968389927,0.386944436806625,4.26681341251498,0.00418889199157551,0.026709148565979
"gene-BASP1|BASP1","BASP1",1.71896446792406,3.11545395069775,-0.754729739754342,-3.98216180171735,1.51829873907693,4.26580716699867,0.00419478938680633,0.0267137307657728
"gene-LOC115490864|LOC115490864","LOC115490864",0.874456759392373,-1.32992704634098,-1.34915036606661,1.78217504513463,-1.84593515089436,4.26637652904921,0.00419145143493685,0.0267137307657728
"gene-LOC121468673|LOC121468673","LOC121468673",-0.902857749070458,3.84500166188196,0.396298256199644,-2.47291517988369,2.47661760076512,4.26593610133928,0.00419403325667168,0.0267137307657728
"gene-PTGR3|PTGR3","PTGR3",4.45037110697923,-1.59196820766202,0.178848661027976,1.29207174905302,-1.06778245752771,4.265410192112,0.00419711830298443,0.0267175671487799
"gene-LOC140683908|LOC140683908","LOC140683908",2.71628902408719,0.884265478371236,-1.07406007798334,-0.568019879366666,-0.405016979038302,4.26465939136621,0.00420152660162758,0.0267271979162677
"gene-TBC1D16|TBC1D16","TBC1D16",1.6963317558515,2.87590628101272,0.26333908909631,-4.00658250865978,2.00290853997386,4.26456426622276,0.0042020854623767,0.0267271979162677
"gene-CCT2|CCT2","CCT2",6.09122208169766,-0.444782661847747,-0.244840242102879,1.30050968478183,-0.540739456578117,4.26356968007029,0.00420793320468974,0.0267533961966203
"gene-DMRT1|DMRT1","DMRT1",-2.93091411420921,5.7438312544159,0.56421522644135,-3.57007077826729,3.15162512239781,4.25960188447815,0.00423134488722112,0.0268911959465079
"gene-TBC1D22B|TBC1D22B","TBC1D22B",7.62190444262387,-0.186141153078398,-0.425479091666974,0.50685523744415,-0.656932871371737,4.25670664512724,0.00424851184399762,0.02698293734173
"gene-DSTYK|DSTYK","DSTYK",4.91221813565826,-1.10573570318099,0.0144191679951948,1.38637683426513,-0.325789107783066,4.25657943601393,0.00424926774163463,0.02698293734173
"gene-LOC115498294|LOC115498294","LOC115498294",2.20766205067908,0.0170095077873835,0.054812122410457,0.89051940401116,-0.712288577295164,4.25408468475207,0.00426411972483628,0.0270661414035445
"gene-PTCH2|PTCH2","PTCH2",-0.463745939564929,1.25553166156548,0.640083421274042,3.53952710482549,0.374007851983303,4.25225916180255,0.00427502113620791,0.0271242115960711
"gene-CSNK1G3|CSNK1G3","CSNK1G3",-0.0252683480823948,-0.516219985245273,0.135221752514106,-0.979170526946315,0.671722882538915,4.25184968462847,0.00427747029755533,0.0271286282191265
"gene-PRKRIP1|PRKRIP1","PRKRIP1",4.69471517025734,0.197220699102762,0.00453012558465831,-0.71130649041948,0.458483078533219,4.25120689044721,0.00428131785964546,0.0271419065456835
"gene-SPC24|SPC24","SPC24",2.6557473639939,-0.0351443996255451,0.733474537303433,1.22669672935547,0.695576674208342,4.24989071786383,0.00428920706904866,0.0271807859924357
"gene-RILPL2|RILPL2","RILPL2",3.87180930290214,-0.481329727588975,-0.666704335580028,0.471644828181046,-0.575072017112777,4.2489347255994,0.00429494663342499,0.0272060168449659
"gene-FAM83H|FAM83H","FAM83H",8.33052393448738,0.58468266508003,-0.480577666800197,-0.112520838852684,-0.440260677777807,4.2484155414432,0.00429806698115394,0.0272064092500774
"gene-LOC116806605|LOC116806605","LOC116806605",7.88082098525911,0.596004511308218,0.2883512174261,-1.28544831050717,0.635488200547926,4.24833940598028,0.00429852475712047,0.0272064092500774
"gene-PASD1|PASD1","PASD1",-0.793364790570007,1.13179066707978,1.1769735643107,-0.0957376530273466,1.36263231313666,4.24794727366593,0.00430088329965737,0.0272102081202771
"gene-GORASP1|GORASP1","GORASP1",5.26644586630223,-1.0645314436416,0.0581015740770473,1.70007761566737,-0.811783433188754,4.24536158664146,0.00431646841038129,0.027277782507687
"gene-CENPT|CENPT","CENPT",6.1494835716687,-0.946310898063239,-0.0970950163705343,1.17232269860758,-0.661617884827726,4.24529801649389,0.0043168523012165,0.027277782507687
"gene-KRI1|KRI1","KRI1",5.19893373872475,-0.173495733279752,0.275824002607461,1.72112104627232,0.442274252664576,4.24530562344339,0.00431680636212553,0.027277782507687
"gene-FGD2|FGD2","FGD2",-2.58073691668841,3.74503702688578,-0.152152012058106,-0.845433575897046,1.10454974872249,4.24361237810671,0.00432704433903305,0.0273272880343091
"gene-MAPKAPK2|MAPKAPK2","MAPKAPK2",1.70846970833785,1.68905706989551,0.37659482381868,-2.66437581318844,1.13830913290576,4.24341842845631,0.00432821860885891,0.0273272880343091
"gene-DHRS7C|DHRS7C","DHRS7C",-1.90772921922373,-1.54579584310088,0.683186653237783,5.14193569044389,-2.87897266598158,4.24191210987616,0.0043373496995509,0.0273626117409499
"gene-LOC116806879|LOC116806879","LOC116806879",7.74466284484828,-1.16548299934911,-0.0780089453489557,1.12819441756233,-1.06153272012238,4.24207253333767,0.00433637630107062,0.0273626117409499
"gene-LOC140683833|LOC140683833","LOC140683833",0.65533935679529,-0.258261907436011,-1.12494846899402,0.594464481613635,-1.11451603530769,4.2374362750332,0.00436459767429864,0.0274896821366591
"gene-ADAM33|ADAM33","ADAM33",4.28480050106495,1.57480877057878,0.155781173876871,-3.13259874204464,1.45048821021425,4.2379293991901,0.00436158709618161,0.0274896821366591
"gene-ENOPH1|ENOPH1","ENOPH1",3.53020703232859,-0.62528979060234,-0.393925843328732,0.800278397083314,-0.681698253232945,4.23800756787738,0.00436111006211645,0.0274896821366591
"gene-CEBPG|CEBPG","CEBPG",6.7754379422889,-0.0277492042658852,-0.131541201129707,-0.678975691336855,0.385397370563508,4.23760552753651,0.00436356413003474,0.0274896821366591
"gene-LOC115496022|LOC115496022","LOC115496022",-2.35555402012673,1.94527872446027,1.65255021512967,6.86597398273809,0.934176481160871,4.23669251147385,0.00436914244352749,0.0274959248936917
"gene-RNF41|RNF41","RNF41",5.62281081853484,-0.117230892360995,0.247537086479639,0.640929300829148,0.314089117311696,4.2368024080197,0.00436847061661689,0.0274959248936917
"gene-PLP1|PLP1","PLP1",2.0775934164319,1.20203588028118,-1.14287796661317,0.549551160352473,0.416831436369124,4.23395939032811,0.00438588468407085,0.0275900672707303
"gene-COPB2|COPB2","COPB2",6.77262713686638,-0.153251682590865,-0.137020666379175,-0.292640675899481,0.189823328704989,4.23357615464298,0.0043882374903221,0.0275936510210218
"gene-IRF8|IRF8","IRF8",3.18098461670726,1.03312558064586,0.35181737002972,-0.611386005018245,-0.397572417812492,4.23271294605324,0.00439354171972853,0.027604570894356
"gene-PMPCA|PMPCA","PMPCA",4.00997939718455,-0.655161197333822,-0.420749148617716,1.17045119027866,-0.346349340281551,4.2328949810813,0.0043924226101926,0.027604570894356
"gene-TRIAP1|TRIAP1","TRIAP1",2.07194415900041,-1.06837611553019,-0.583669111269033,1.74568943057503,-0.80329690515257,4.2319620203789,0.00439816131315045,0.0276217860306066
"gene-IER3|IER3","IER3",2.21705541445202,-1.72572322119886,-0.430539251106541,3.73963380801318,-1.43219192286995,4.23139765574048,0.00440163646859295,0.0276217860306066
"gene-LRRC70|LRRC70","LRRC70",-0.258675768795386,0.646371455261623,-0.0803063136020207,1.24314545705998,-0.290104536998218,4.23161241596396,0.00440031372205894,0.0276217860306066
"gene-LOC140682432|LOC140682432","LOC140682432",3.15076443880785,-0.0181408455364426,-0.978169195982706,-0.0828752299704237,-0.487383241133227,4.22935212842907,0.00441425557991137,0.0276897466960391
"gene-LOC115493999|LOC115493999","LOC115493999",-3.11988110381391,2.44474646584913,1.90180272527766,-2.32391068809497,3.1344054010125,4.22793625133221,0.00442301190381531,0.0277221699632949
"gene-URB2|URB2","URB2",1.38620732008038,-0.560431227056617,-0.424926379473562,-0.0374544656682434,-0.758106248859044,4.22764768253169,0.00442479869527226,0.0277221699632949
"gene-LMBR1L|LMBR1L","LMBR1L",4.86247569479753,0.335503174208218,0.3968598994993,-0.1771959000462,0.773012679567735,4.22801394548425,0.00442253095451743,0.0277221699632949
"gene-PROM2|PROM2","PROM2",-2.47064606245449,4.38786819692346,-1.01707441945792,0.160805195926295,1.41939888928404,4.22650268290111,0.00443189568597903,0.0277553969002531
"gene-LOC140682062|LOC140682062","LOC140682062",3.33153707021972,0.0751283059682491,-0.356889911333686,0.551700681286689,-0.510650471637306,4.22610468411417,0.00443436529881003,0.0277596290449374
"gene-PDE1B|PDE1B","PDE1B",-6.0268001746605,-0.449361806687971,2.06729319191817,4.60170562808406,-2.73492138628094,4.31025221111798,0.00443680110006873,0.0277636461882586
"gene-BRPF1|BRPF1","BRPF1",3.57928549562774,0.662677691276718,0.0397948694212374,0.454789182309997,-0.0179039127158751,4.22494913051658,0.00444154355277585,0.0277820883101076
"gene-IPO8|IPO8","IPO8",0.998586971164239,0.866577099418035,0.362044445663404,-2.62372540088108,0.899914279357242,4.22436494479006,0.00444517700044103,0.0277931304861325
"gene-LRRC52|LRRC52","LRRC52",-3.94604753598737,-2.7011365971268,0.5740802195876,10.6188511833633,-3.3051683187678,4.2240879500938,0.00444690087778119,0.0277931304861325
"gene-MBP|MBP","MBP",-0.641890168199412,2.71416427892678,0.776188278554885,-4.04051805716559,2.19211881397588,4.22305121046425,0.00445335908361494,0.0278121541793204
"gene-MITF|MITF","MITF",6.89323824737309,-0.381637523557085,0.0790258796466811,-0.461232861395384,0.197505514272038,4.22302232928055,0.00445353913126694,0.0278121541793204
"gene-ZNF653|ZNF653","ZNF653",4.85745753021236,0.236839318500499,1.06616662502714,1.05969201312409,0.556509185170308,4.22235053919869,0.00445772922057978,0.0278270914435144
"gene-SF1|SF1","SF1",7.99037750531703,-0.289596360168647,-0.214572833036045,1.62137182420342,-0.822469040394855,4.22193213014188,0.00446034095320844,0.0278321678431051
"gene-ABCD2|ABCD2","ABCD2",3.40732808789811,0.301852793811379,0.735045837692709,-1.06704914506972,0.0597089165966321,4.22152887597733,0.00446285956488717,0.0278366593174643
"gene-SCARF1|SCARF1","SCARF1",3.10728428788582,-0.265891990747063,-0.517845588225694,1.87960338888972,-0.678436584077814,4.22078609774004,0.00446750254484013,0.0278501841026467
"gene-EIF3K|EIF3K","EIF3K",4.6818617073037,-0.61272529128514,0.622836889331586,0.884473720908702,0.0485459953257441,4.22060628276027,0.00446862727798848,0.0278501841026467
"gene-FCF1|FCF1","FCF1",4.37977801524833,-1.15151478609946,-0.193192299357306,1.30930942610303,-0.740426797382875,4.21862878408009,0.00448101549379533,0.0279155803132446
"gene-KMT5A|KMT5A","KMT5A",7.20885084861454,-0.284544626166464,-0.370258513988655,0.00370775077817325,-0.463270381989911,4.21835584670308,0.0044827280826115,0.0279155803132446
"gene-LOC100227542|LOC100227542","LOC100227542",1.85596825128035,1.89503029957022,0.209398146603509,-4.35398152954015,1.80684099669529,4.21619962917598,0.0044962810980057,0.0279887168107957
"gene-ARPP21|ARPP21","ARPP21",-2.06725436446612,2.50502724794351,-0.126831067333255,-5.50197679504296,3.15279057130966,4.21510927574758,0.00450315047057844,0.0279960784361017
"gene-LOC100227220|LOC100227220","LOC100227220",4.80994720054873,-0.194146935818379,0.0428785699197228,0.265266724044136,0.248848398226131,4.21548190523392,0.00450080165196147,0.0279960784361017
"gene-LOC140682064|LOC140682064","LOC140682064",0.43322605613283,0.00560714581827286,-0.0884358048961121,0.891867526443967,-0.738385280180808,4.21541694160982,0.00450121105127791,0.0279960784361017
"gene-LOC140682076|LOC140682076","LOC140682076",2.08774305256011,0.173881075393689,-0.258397968773314,0.523842631081685,-0.525139910597595,4.21486352963308,0.00450470018131782,0.0279960784361017
"gene-NDE1|NDE1","NDE1",1.62278948132098,0.754584083937683,-0.0199731652512067,-2.61072396407284,0.369125015375835,4.21372954484794,0.00451185830233995,0.0280293084017305
"gene-BSX|BSX","BSX",-5.5457068020971,6.33547521208383,-1.02665694540062,-5.56551166281342,2.59444931009691,4.21170166880164,0.00452468791861799,0.0280977309553023
"gene-SIPA1|SIPA1","SIPA1",3.28371940570387,1.17407386104071,0.681587568304291,-1.21988535659415,1.36399650971309,4.21035668455454,0.00453321764653239,0.0281394075732406
"gene-LOC115497019|LOC115497019","LOC115497019",0.0528360047446215,-1.0270014569919,-0.718549386946951,2.26253555429347,-1.1412873478216,4.20998611623156,0.00453557062610185,0.0281427247148862
"gene-LOC115495655|LOC115495655","LOC115495655",-0.358464617069128,-0.754076786223733,-3.62625437500931,0.871558530717628,-1.68864798803432,4.20929580538588,0.00453995718059126,0.0281540795328148
"gene-LOC115496454|LOC115496454","LOC115496454",-2.83635493612841,1.98207918898577,0.497396963959379,-4.23099100562013,3.07400133694686,4.20912562378744,0.00454103925776451,0.0281540795328148
"gene-BCKDHB|BCKDHB","BCKDHB",-1.81222535247076,2.65074097500572,0.399246147339341,-5.83223084326819,2.47897874542556,4.20710754159915,0.00455389103494379,0.0282068304284531
"gene-ECHS1|ECHS1","ECHS1",3.16828588770964,1.73351034536895,-2.32899022743212,-4.72375273735679,1.79792364792104,4.21458803633286,0.00455501578292112,0.0282068304284531
"gene-PTCD1|PTCD1","PTCD1",4.18925019464896,-0.55308397724124,-0.395949611477136,1.04833363946885,-0.826311328173918,4.20746302344778,0.00455162452734532,0.0282068304284531
"gene-EMP1|EMP1","EMP1",-0.983829775533234,4.43295452450502,0.366101722374284,-7.58746637224576,2.91223979648364,4.20571962127274,0.00456275126458064,0.0282400826443831
"gene-ZNF423|ZNF423","ZNF423",1.64327565320108,0.859558325994806,-0.93443031886876,-1.38888295419049,-0.491128187134415,4.20551870586531,0.00456403532753486,0.0282400826443831
"gene-VPS41|VPS41","VPS41",4.72072563037401,0.145431541821509,0.249462423165436,-0.821793369617261,0.478022094011631,4.2042138388973,0.00457238378674027,0.0282804312948864
"gene-TIMP3|TIMP3","TIMP3",7.2490156063413,-0.906098920431153,0.0623232627172006,0.348200982791589,-0.963086336156666,4.20080339400686,0.00459427721666188,0.0283931469360394
"gene-DHCR7|DHCR7","DHCR7",-0.561948686803324,2.33844861684226,0.536526978008778,-0.777245742830724,0.514350510148752,4.20081994840249,0.00459417068757197,0.0283931469360394
"gene-RAB3IL1|RAB3IL1","RAB3IL1",7.56338739196915,-0.188783067071175,-0.224303055186238,0.737797048154804,-0.498391803588519,4.19603545265946,0.00462506444064297,0.0285378278384968
"gene-MGST3|MGST3","MGST3",-0.21935246116058,2.14280500939719,0.184650511590568,-1.02940260485191,1.13307840315953,4.19609426077684,0.00462468343040967,0.0285378278384968
"gene-GGNBP2|GGNBP2","GGNBP2",5.18451144396859,-0.246515123902907,-0.29286073377266,0.491759608969832,-0.356782445737199,4.19662727039887,0.00462123158879125,0.0285378278384968
"gene-HINFP|HINFP","HINFP",5.87375737483297,-0.150965220356754,-0.0125662705871812,1.45210881163532,-0.34813143138361,4.19638894880787,0.00462277466647455,0.0285378278384968
"gene-RPL17|RPL17","RPL17",7.45584248271404,-1.60502450986768,-0.538783787409667,2.1799828069339,-0.946482580876627,4.19236654174578,0.00464889823994701,0.0286734556648785
"gene-THYN1|THYN1","THYN1",3.30262491700009,-0.462653052556064,0.883380349610659,-0.0755104523996974,0.320128720958402,4.19176602618882,0.00465281118911706,0.0286861566340982
"gene-LOC140681887|LOC140681887","LOC140681887",0.626173563803309,0.23846266434173,-0.436088278013739,0.375300217448284,-1.05548291775523,4.1905794150326,0.00466055300381581,0.0287224443385303
"gene-TOP2B|TOP2B","TOP2B",5.28950080643807,-0.814525722782377,-0.139443199112011,-0.33482095516693,-0.170750890992361,4.18927356758527,0.00466908793398888,0.0287546278795408
"gene-PRP4K|PRP4K","PRP4K",4.43265790645671,-0.431723938005463,0.149175029403553,-0.722251727918228,0.230225836088345,4.18807679306261,0.00467692396593241,0.0287546278795408
"gene-LOC115494484|LOC115494484","LOC115494484",-1.9894368775875,3.41378449327734,0.472291649780039,-0.462596317955403,1.3723875600425,4.1886207169082,0.00467336089519505,0.0287546278795408
"gene-CSPG4|CSPG4","CSPG4",-3.84812005489544,5.49218833908027,2.26836378594168,-1.28711598340915,2.28824222290476,4.18893480118089,0.0046713046904377,0.0287546278795408
"gene-CMTM3|CMTM3","CMTM3",0.126257534936862,2.30798655922085,-0.173011428309995,-5.71858038390914,2.20509268828179,4.18811375599275,0.00467668174593481,0.0287546278795408
"gene-PHACTR4|PHACTR4","PHACTR4",6.62021278180103,-0.400400085708661,-0.687569738520788,0.331284165823222,-0.134188373819057,4.18819485852893,0.00467615032162985,0.0287546278795408
"gene-IQSEC1|IQSEC1","IQSEC1",-0.157858229735027,3.56202171731158,-1.34948909947397,-6.91936211646423,2.92169353114663,4.18742425823616,0.00468120216720213,0.0287695010077256
"gene-TSEN54|TSEN54","TSEN54",4.51005223461027,-1.42641805204379,0.154237594387759,2.61021395757121,-0.889387811393848,4.18688719345834,0.00468472630779479,0.0287797298980248
"gene-RAP1A|RAP1A","RAP1A",6.11643712006414,0.247717260395775,0.126644377273113,-0.73439232716142,0.508935436420365,4.18495242094188,0.00469744444287472,0.028846409822812
"gene-ZBTB12|ZBTB12","ZBTB12",-0.394227284857173,1.7818358782079,0.667994070817932,-1.27353890955981,1.526838450216,4.18414935008103,0.00470273372413458,0.0288674352959074
"gene-LOC100224284|LOC100224284","LOC100224284",-5.4166633834976,-1.99308445417122,4.15026054931323,2.90127130301307,1.21771788087916,4.18371472284491,0.00470559884999578,0.0288735694701367
"gene-IGSF3|IGSF3","IGSF3",-2.34242661739794,3.91116369410417,0.429510153237053,-4.08014530347705,0.665737189620473,4.1828333974287,0.00471141413972742,0.0288863446165934
"gene-INSM1|INSM1","INSM1",-3.16535696725709,-2.55453586029848,0.481972400116455,5.42783934355372,-3.57829554022106,4.18304093736798,0.0047100440602402,0.0288863446165934
"gene-SIRT7|SIRT7","SIRT7",4.00439489020316,-0.171496628902747,0.424220915659337,0.504856604597305,0.3074234860976,4.18148176577202,0.00472034691161204,0.0289296508741372
"gene-WDR77|WDR77","WDR77",3.4509574792992,0.246993897939463,0.0901836477407599,1.40656661649843,0.401261834576967,4.1811155714407,0.00472277001764093,0.0289330427644471
"gene-NAP1L1|NAP1L1","NAP1L1",2.47828806758295,0.548808054388636,-0.313863140010489,-2.75035757758741,0.801646932185483,4.18069450577756,0.00472555777447877,0.0289386650415746
"gene-LOC121469679|LOC121469679","LOC121469679",-0.326746004890573,2.45129776447891,0.488770898302398,-2.72864987678065,2.05791063746728,4.17834439228744,0.00474114805452744,0.0289997099382657
"gene-KCNK13|KCNK13","KCNK13",-2.39210733447165,6.03823532198871,-0.276225952689206,-7.68954793711025,4.92716583043115,4.17864969760579,0.00473911974743614,0.0289997099382657
"gene-EHD2|EHD2","EHD2",0.0317209364948989,1.69395242638163,-0.756172800924428,1.77262023554433,0.117957876199886,4.17854318455629,0.00473982727029118,0.0289997099382657
"gene-PLPP6|PLPP6","PLPP6",4.67859005709174,-0.515065691049541,0.708861423731681,2.60383141435834,-0.89367472960423,4.17691906877842,0.00475062896071745,0.0290462201371405
"gene-LOC121471026|LOC121471026","LOC121471026",5.18495582708626,-0.937608520173799,-1.34355144530815,0.137919881667263,-1.61557400148302,4.19880527238747,0.00477802476406959,0.0292021853175264
"gene-LOC100224487|LOC100224487","LOC100224487",3.43715298174552,-0.219396739410807,-1.8711266607007,0.405051267709603,-0.153862313280947,4.17194464739834,0.00478386931592152,0.0292263630729908
"gene-C1AH12orf50|C1AH12orf50","C1AH12orf50",-4.60354959947613,-1.7932527685451,-2.21182414304272,6.75039652766491,-2.87863472617014,4.17116105578405,0.00478912705192783,0.0292469380933635
"gene-PRKAR1A|PRKAR1A","PRKAR1A",6.7176785574022,0.30944471544381,0.404334997796176,-0.640230601651509,0.360690886571813,4.16997515000418,0.00479709543872861,0.0292840441476628
"gene-PIAS4|PIAS4","PIAS4",4.76671262650117,-0.457632534391141,-0.286831474921201,0.636687714286974,0.0196870750357432,4.16930620447421,0.0048015962061424,0.0292999610765196
"gene-RALGAPA1|RALGAPA1","RALGAPA1",0.39791146552713,2.01245202977596,-0.207885641633419,-3.94272868982285,1.26826814373207,4.16568619743558,0.00482602695427659,0.0294374328409264
"gene-MYCBP2|MYCBP2","MYCBP2",9.31358783205714,-0.899165188232782,-0.267203283629027,0.38151725124227,-0.797886438505165,4.16351011072412,0.00484077390153905,0.0294974503535412
"gene-LOC100224093|LOC100224093","LOC100224093",5.04098175682187,-1.31157007588908,-0.0299056574371208,1.91448654516114,-0.298538998783045,4.16339065754393,0.0048415847430045,0.0294974503535412
"gene-CRTC2|CRTC2","CRTC2",5.02170689653221,0.00468167755088685,0.370773976728439,0.760232701245722,0.422459472251745,4.16394504589877,0.00483782275549805,0.0294974503535412
"gene-TMEM135|TMEM135","TMEM135",0.885407764812686,0.879074440932602,0.312672722194153,-2.39819005082932,0.278670622456738,4.16275098379704,0.00484592916890023,0.0295122998381468
"gene-SOCS1|SOCS1","SOCS1",2.50375601049185,-2.01183361908645,0.836524376968109,2.63662809836812,-2.34401625664621,4.16727132441313,0.00485491175111886,0.0295553734652102
"gene-TRERF1|TRERF1","TRERF1",2.15967670568736,0.615498491320318,0.178406409463894,-2.18396818656362,0.485419441366727,4.15923764321378,0.0048698614235475,0.0296347249427438
"gene-BLVRA|BLVRA","BLVRA",6.46195853805047,-0.0719217359533862,0.463432577885718,-0.946676662603693,0.457392853137879,4.15862197944826,0.0048740676065033,0.0296370122635122
"gene-LYVE1|LYVE1","LYVE1",-3.54906236688047,4.38533746382423,-2.27166977830747,-2.7879974730452,0.97929359483829,4.15888890818151,0.00487224350866193,0.0296370122635122
"gene-SDHAF2|SDHAF2","SDHAF2",2.74720779759733,0.00812576058450549,0.300446868018162,0.534821439016367,0.487053582418869,4.15770027413083,0.00488037157293445,0.0296520416533807
"gene-AANAT|AANAT","AANAT",1.36494227072055,-0.57338786991525,-0.480436697178757,2.5445177648699,-1.08941598262346,4.15793202667705,0.00487878572896613,0.0296520416533807
"gene-GPR174|GPR174","GPR174",2.3249642717588,1.3184118996288,-1.19573523360213,-3.46982700952961,0.993896067948026,4.15677007674116,0.00488674204736409,0.0296728961368256
"gene-SGPP1|SGPP1","SGPP1",-2.12916843780845,1.88869737553855,-0.121157013175713,-4.06686584240435,-0.652907322434393,4.15663921771027,0.00488763891778794,0.0296728961368256
"gene-SEC14L1|SEC14L1","SEC14L1",7.64180851630443,-0.0958833817839482,0.14321306993826,0.302063063617949,-0.593813271890644,4.15573914261243,0.00489381232330832,0.029698723805175
"gene-PPP1R3D|PPP1R3D","PPP1R3D",-5.66694187122425,6.33590208686159,-0.852867598087867,-8.5979966579886,4.3530573369746,4.1546477002371,0.00490130893663022,0.0297325581318513
"gene-LOC121469426|LOC121469426","LOC121469426",0.733422807646397,-0.229762183146996,-0.80471660942848,0.398160475443417,-0.982127852061391,4.15321054065123,0.00491119798037226,0.0297808733331742
"gene-LOC100222168|LOC100222168","LOC100222168",0.9778133735854,2.44383614801051,-0.407136757856501,-1.76536178812959,0.914272070204173,4.15114964334376,0.00492541444776767,0.0298450120112044
"gene-LRFN1|LRFN1","LRFN1",-1.60613266634285,2.5782708501471,1.92140368177169,4.69626345059227,0.680631156698979,4.15111810167519,0.00492563235390087,0.0298450120112044
"gene-LRRIQ1|LRRIQ1","LRRIQ1",-0.123625066662707,0.567268840156658,-0.284830159069673,0.34572588157535,-0.486920980249445,4.14774885046908,0.00494896556074169,0.0299629272505781
"gene-GPD1L|GPD1L","GPD1L",4.15004701636027,0.312745963963899,0.15236979444711,-1.64623109357363,0.735370287376515,4.14782904476991,0.00494840888116863,0.0299629272505781
"gene-GUSB|GUSB","GUSB",2.32591157543054,1.59942183483191,0.200123264781195,-1.77795963789888,1.05077703170915,4.14692503703427,0.00495468787036162,0.0299858407484732
"gene-TXN2|TXN2","TXN2",4.41330668078479,-0.893940965982071,0.0148322297035415,1.7189130226705,-0.633427667141363,4.14609855032344,0.00496043552614207,0.0300088896665554
"gene-C1QC|C1QC","C1QC",2.05592176977286,4.02661370821178,0.447491983216147,-5.00199735131127,2.43831028421787,4.15282000056645,0.00497774793217311,0.0300900973634293
"gene-HMGA1|HMGA1","HMGA1",0.932351607590066,1.14346955409925,0.388256343204292,-1.43989699205699,1.05106925023326,4.14377222732885,0.00497665004219037,0.0300900973634293
"gene-NUDT8|NUDT8","NUDT8",4.54525076736854,-1.02531861147498,0.466098942063191,2.53416954059911,-0.0870042627774537,4.14195882111484,0.00498932698117965,0.0301365476322229
"gene-HERC1|HERC1","HERC1",9.72351075424306,-0.25632840628109,-0.631951613333592,0.0255633417979727,-0.540705970304386,4.14215880476226,0.00498792734663547,0.0301365476322229
"gene-FAM20B|FAM20B","FAM20B",1.28438200118534,1.09474099947002,-0.45506964392601,-2.20157160350035,0.522260961319702,4.14106252219544,0.00499560486803201,0.0301626942383127
"gene-IQCG|IQCG","IQCG",-3.86070447665123,6.90016465535966,-2.18359090964797,-8.20998754935917,4.91823756733288,4.14009924979072,0.00500236082964118,0.0301917058653265
"gene-LOC121468062|LOC121468062","LOC121468062",0.192348838653975,2.43770206814398,0.268612490169131,-3.44376139356531,1.99744848645851,4.13839432863005,0.00501434122034771,0.0302522145750023
"gene-SDCBP|SDCBP","SDCBP",2.99724751009305,0.858295119078518,0.496563229001734,-1.52290807473681,0.73622661343792,4.13663985019006,0.00502670038166963,0.0303149604077699
"gene-LOC140682193|LOC140682193","LOC140682193",-2.26579430401684,3.41866598307824,0.85832124436825,-4.16788641334027,3.14666859486453,4.13617003156408,0.00503001521608606,0.0303231341912473
"gene-PI4K2A|PI4K2A","PI4K2A",4.6287040157108,0.119186631871643,0.393452119956404,0.433501144969867,0.432501566103358,4.13530831709078,0.00503610088789958,0.0303296673403035
"gene-LOC121468895|LOC121468895","LOC121468895",-4.76206235162154,0.00917222529773807,2.68630176852305,0.803714760306682,1.76309155024607,4.13518411179852,0.0050369786794559,0.0303296673403035
"gene-NT5C1A|NT5C1A","NT5C1A",-4.5754875216598,-2.18885322355569,3.2095618473831,4.23079990080257,-3.6999273173846,4.13522359138716,0.00503669964988672,0.0303296673403035
"gene-LOC140680432|LOC140680432","LOC140680432",-3.12357321685168,2.70030141610453,0.401482902499795,0.585500524779086,0.268824903205495,4.13462204005739,0.00504095293867524,0.030332223907941
"gene-C1QA|C1QA","C1QA",0.84531139317144,4.80312758880506,0.0593378182853996,-3.30124732161173,2.58909586522994,4.13800498578987,0.00504132341784971,0.030332223907941
"gene-HDX|HDX","HDX",-2.35259571007831,2.61857076862963,0.0480121192708552,-8.79438236594868,2.50646113277744,4.13235146085433,0.00505704015862874,0.0304149617002642
"gene-UBE2D1|UBE2D1","UBE2D1",3.2247670927557,-0.284076964880581,0.242351512738082,-0.0268619103967791,0.376476992801395,4.13121259529787,0.00506512879936826,0.0304175098965598
"gene-SLITRK3|SLITRK3","SLITRK3",-5.86668839614833,0.830886699133306,-2.06106991322073,-2.40544534582691,-1.8150951243427,4.1314340828703,0.00506355468122233,0.0304175098965598
"gene-VMA12|VMA12","VMA12",1.4672318359143,-0.115435562651128,0.486388415779025,0.860038004324179,0.576645066074019,4.13110751376658,0.00506587579107588,0.0304175098965598
"gene-STMN1|STMN1","STMN1",2.65260790763795,0.350051562779953,-0.862964801196251,-0.558360503168571,-0.904133135539062,4.13189300029673,0.0050602947292942,0.0304175098965598
"gene-LOC140681086|LOC140681086","LOC140681086",0.176949846173372,1.69568109529198,0.792317543754264,-0.863301926318844,1.71116501908158,4.13090836377381,0.00506729179407632,0.0304175098965598
"gene-LOC100228682|LOC100228682","LOC100228682",0.765133866128473,3.39644782825567,-0.512668574555329,-5.39352329349934,2.30994146011632,4.13061448513751,0.00506938207676651,0.0304182580992485
"gene-GABARAP|GABARAP","GABARAP",9.6085214371287,-0.070552327030157,0.0809902818126193,0.82910479647141,-0.523261895243166,4.12973055414492,0.005075674547586,0.0304442107069354
"gene-FABP3|FABP3","FABP3",2.18719143541893,3.26058452614014,-0.0659739145037348,-3.24826241169156,1.76145645967982,4.12844468945563,0.00508484249423723,0.0304873838040764
"gene-CTDP1|CTDP1","CTDP1",3.20574564817304,-0.0250445239117318,0.396801769828282,-0.633342836176483,0.399088586927357,4.12712460128566,0.00509427200503728,0.0305320911223671
"gene-GNB1|GNB1","GNB1",4.39019564080617,1.03491767284022,-0.151459607727326,-1.94173040901092,0.691132881259419,4.12635171934859,0.0050998010412287,0.0305533957077097
"gene-FTH1|FTH1","FTH1",13.7327750306341,-0.203209897240723,-0.24904866793429,0.594740045349385,-0.524547638174392,4.12441280465767,0.00511369856493348,0.0306011157356325
"gene-C11H16orf87|C11H16orf87","C11H16orf87",2.76503513139457,-0.326727222899969,-0.266109552353334,1.35262386230629,-0.561615882542597,4.12450055186087,0.0051130687878108,0.0306011157356325
"gene-PURB|PURB","PURB",6.42318527385197,-0.294485012699574,-0.0252850149215886,1.37645720700366,0.195088115477824,4.12492733375482,0.00511000682603767,0.0306011157356325
"gene-PSMC3|PSMC3","PSMC3",7.70832723124711,-0.0266440969467438,-0.595883033809673,0.556208610333053,-0.380357995084034,4.12310682861736,0.00512308113466519,0.0306335705405501
"gene-TNFRSF8|TNFRSF8","TNFRSF8",1.24514945367912,-0.0853724312865849,-2.23663581800296,2.31888322001897,-0.484878691741709,4.12334657726591,0.00512135738616203,0.0306335705405501
"gene-SOX6|SOX6","SOX6",9.69449275697914,-0.55520217470791,-0.0783396524741169,-0.0553051169396272,-0.726166458174555,4.12208582019785,0.00513042862005667,0.0306656558112696
"gene-LOC140684280|LOC140684280","LOC140684280",-1.81351780825728,-2.34600126136423,-1.18570443287252,2.12054851429591,-2.82867204783199,4.11997355893432,0.00514566320051574,0.0307262911710727
"gene-LOC100229443|LOC100229443","LOC100229443",0.884148818729738,-0.844580745015836,1.13994229751885,3.73567968253186,-1.25141498209,4.11975521264083,0.00514724063935199,0.0307262911710727
"gene-TMEM208|TMEM208","TMEM208",4.8585692407387,-1.05982933661227,-0.364681344274609,1.39869550844224,-0.515920979959086,4.11957883745304,0.00514851521851964,0.0307262911710727
"gene-CBX4|CBX4","CBX4",1.00233587831198,1.89805260195179,0.417193370723227,-3.70963320153087,1.86445381414772,4.11967857932688,0.00514779439216712,0.0307262911710727
"gene-SEMA4B|SEMA4B","SEMA4B",4.56810904212103,0.854112477533801,0.65097511403686,-0.559162122112063,1.18508404752354,4.11789329935289,0.0051607120332368,0.0307872084480877
"gene-TGFBR3|TGFBR3","TGFBR3",-2.54779016894184,2.54710232728858,0.973058277532882,-1.171153543463,-0.692019791029333,4.1174620788412,0.00516383713934001,0.0307939806286269
"gene-GCK|GCK","GCK",-2.70471376664397,2.76124844909726,0.856513234775518,-1.07288009016595,-0.149327624364474,4.11622318160209,0.00517282630843016,0.0308357038224024
"gene-PTGES2|PTGES2","PTGES2",1.25719055971426,1.03882600019677,0.368653157996978,-0.886772276781763,1.18441927235607,4.11481382179952,0.00518307170839202,0.0308848805111153
"gene-PDS5A|PDS5A","PDS5A",5.2555593425537,0.137280048319198,-0.0161387741321056,-0.50405110729851,0.468234611547128,4.11425199027701,0.0051871617289983,0.030897354794553
"gene-PAN3|PAN3","PAN3",8.01652752002064,-0.992571254336432,0.00481211356500402,0.655747206670056,-0.68111745729426,4.11306118838766,0.00519584140426855,0.0309371472608911
"gene-ZP1|ZP1","ZP1",0.26362967321567,-0.499667144832691,-0.0613001120343328,4.36004867085153,-0.821782760353556,4.11248443406797,0.00520005064680728,0.030950301445901
"gene-MPC2|MPC2","MPC2",3.96332866984308,0.515574090695087,0.185133209817349,-0.736300445747031,0.745993376190693,4.11128275311537,0.00520883186719551,0.0309787367966374
"gene-TNKS1BP1|TNKS1BP1","TNKS1BP1",5.6811935541141,-0.726618752568431,-0.526703494174393,1.50673611487584,-0.033545596078448,4.11135353238921,0.00520831423279972,0.0309787367966374
"gene-ZNF512|ZNF512","ZNF512",3.74150504829074,0.2235939681501,-0.0151679149600638,-0.958228352498131,0.501842303970451,4.11018952134565,0.00521683372781583,0.0310144071985978
"gene-TGFBR2|TGFBR2","TGFBR2",0.788575600418344,1.80355788916463,-0.250599810634855,-3.92673153566359,1.40558074668048,4.1095001155703,0.00522188624175032,0.0310303267983884
"gene-PBRM1|PBRM1","PBRM1",5.24980499903398,0.633984168700446,0.190976015519334,-0.758146212640931,0.679140927600746,4.10927707961606,0.00522352189400981,0.0310303267983884
"gene-PTPN1|PTPN1","PTPN1",5.81455530508385,0.651581134785515,-0.30769157675807,0.374407829881619,-0.152561477301049,4.10778678430945,0.00523446450311458,0.0310833991503062
"gene-KBTBD11|KBTBD11","KBTBD11",1.55987476704091,2.54148647619449,-0.798707363410216,-2.8732766758237,1.34406597915474,4.10687232748761,0.00524119053513,0.0311114014311993
"gene-NKAP|NKAP","NKAP",4.29458930076215,-1.01436138257324,0.0196677556903875,1.33060147612475,-0.467142030097895,4.10610178557334,0.00524686487798517,0.0311212088872444
"gene-PTPRE|PTPRE","PTPRE",1.60449362202214,1.84635623163729,0.00158989947887005,-3.0297565890204,0.99356858609608,4.10636409127527,0.00524493253174747,0.0311212088872444
"gene-LOC116809303|LOC116809303","LOC116809303",0.862992376530829,-0.86520556722338,-1.36533215630891,0.479234399186153,-1.23506107892702,4.10576824785225,0.0052493230220157,0.0311238596803421
"gene-NFXL1|NFXL1","NFXL1",3.13813673881342,0.167714034263239,0.354554761579447,-0.0805470662858055,0.570218338262741,4.10516411056369,0.00525377844967161,0.0311383460393214
"gene-PTGER3|PTGER3","PTGER3",2.13355699460499,-0.0596371277630275,0.0515719710874331,1.64557965346706,-0.618677871730638,4.10458870400118,0.00525802557524944,0.0311515872040525
"gene-LOC115498208|LOC115498208","LOC115498208",0.619483875029902,0.727103059378308,0.590046841828659,2.34763658987271,0.890293589035956,4.10379508570075,0.00526388908161762,0.0311743909445207
"gene-SLC25A5|SLC25A5","SLC25A5",0.316228508798267,-0.116617231739769,-1.25571379524358,0.394742616894035,-0.750565634299838,4.10322548798841,0.00526810155895396,0.0311754767207696
"gene-GPN3|GPN3","GPN3",1.17315223751374,0.545530914476843,0.572900563550962,-1.13961158165013,0.882791981957291,4.1033154654943,0.00526743589916177,0.0311754767207696
"gene-CRTC1|CRTC1","CRTC1",1.240881729205,1.06821441162679,0.372578396599795,-2.5008612610128,1.15244587946075,4.10203514862897,0.00527691584402711,0.031215700568165
"gene-CEP131|CEP131","CEP131",5.84291553696948,-1.44560232185528,-0.0255116526154375,1.3734219795251,-0.230915034495876,4.10069929032113,0.00528682557268968,0.0312623713172995
"gene-LOC115493976|LOC115493976","LOC115493976",-4.54218165725842,-0.43438939619,-2.40696010121851,5.87297647580672,-1.73288356064582,4.09908926541036,0.00529879434203296,0.0313092181912791
"gene-REXO4|REXO4","REXO4",4.34650764063688,-0.49737585925741,-0.291132293990477,0.4309316458043,-0.594071581580133,4.0992038809736,0.00529794138895141,0.0313092181912791
"gene-PIGV|PIGV","PIGV",4.00010092508002,-0.388769685301867,0.651314322394442,0.887552325960174,0.287796196352859,4.09797826106084,0.00530706953746274,0.0313461454550519
"gene-RAE1|RAE1","RAE1",7.76842841843428,-0.691479350674072,-0.53005318337407,0.186896559866668,-0.64399945084429,4.09575902052912,0.00532363875606508,0.0314320144029405
"gene-WDR37|WDR37","WDR37",2.93054734083442,0.926093063645093,-0.0834297228044249,-2.13555818307346,0.588639000094525,4.09430262086328,0.00533454111601431,0.0314673985412826
"gene-LCA5|LCA5","LCA5",1.96567461334229,0.256809430484708,-0.239226041902737,0.325689999094818,-0.41344375119768,4.09428010832506,0.00533470981947471,0.0314673985412826
"gene-METTL25B|METTL25B","METTL25B",3.95973185651871,0.14067915527301,0.373501860745153,0.400302162309775,0.616541613455184,4.09414371028733,0.00533573206929406,0.0314673985412826
"gene-EWSR1|EWSR1","EWSR1",5.90700806758577,0.704412411779659,0.0840576110107965,-0.352597965453053,0.80247000328355,4.09360639793815,0.00533976095689283,0.0314791622125396
"gene-LSM2|LSM2","LSM2",-1.44186033284422,2.91064324168137,-0.0132005670789564,-6.38239594875658,2.19064962813706,4.09309539730079,0.00534359542918069,0.031489771236318
"gene-MUSTN1|MUSTN1","MUSTN1",1.36462739961514,-1.31309695647108,0.314535567088351,0.949302391795333,0.292066105729896,4.09221118509976,0.00535023705410291,0.0315063204607612
"gene-LSM12|LSM12","LSM12",3.68707485680231,-1.27106799260665,0.376793378295068,2.48915854442035,-0.579377216762885,4.09217944559625,0.00535047561685818,0.0315063204607612
"gene-LOC115491968|LOC115491968","LOC115491968",3.19656386597443,0.51741351412539,-0.466803419764582,0.996329282577735,-0.373959054806057,4.09124730238049,0.00535748669471277,0.0315356054015519
"gene-GCC2|GCC2","GCC2",3.27426509429757,0.172634048876825,0.478439202329384,-1.23003289179695,0.380648888757693,4.09093711620105,0.00535982182284086,0.0315373546420009
"gene-C5H11orf16|C5H11orf16","C5H11orf16",3.75401937740525,-0.504064577494497,0.268962177904951,0.0675830230255166,0.395642587566745,4.09041288704646,0.00536377065625555,0.0315485940347984
"gene-PCYT2|PCYT2","PCYT2",5.31888540734588,-1.17501233818408,0.163545570007071,1.76082415705277,-0.298774258372948,4.08954842868696,0.00537028879190797,0.0315749312518145
"gene-HERPUD2|HERPUD2","HERPUD2",2.17215225719513,0.461017403487611,-0.0734215379477249,-1.23110136619627,0.620684259939679,4.08924452200299,0.00537258220728052,0.0315764184039749
"gene-VAMP2|VAMP2","VAMP2",1.24341497532406,1.59677452790687,0.413466158512748,-2.89133644865047,1.26787271099857,4.08814057568734,0.00538092147829681,0.031613424402674
"gene-ACTL6B|ACTL6B","ACTL6B",-0.99717642889919,3.5332040255787,0.537203872103776,0.0124711835951222,0.921022235843111,4.08570926537647,0.00539933427021957,0.0317095627444584
"gene-LOC121471102|LOC121471102","LOC121471102",2.75871411759878,-0.434250947646341,0.802188854542257,2.76336736116167,-1.06329692219731,4.08310713000633,0.00541911188422421,0.0318136405191084
"gene-INO80C|INO80C","INO80C",2.08745986556643,1.35139000665668,0.256763767524105,-2.29212042522938,1.347074782474,4.08266744951481,0.00542246097248476,0.031821230014866
"gene-SAR1A|SAR1A","SAR1A",5.73254322279892,-0.382053558811058,-0.685608073029977,0.0677652890761574,-0.281423356975507,4.0813385700333,0.00543259599855664,0.0318686213334587
"gene-FOXRED1|FOXRED1","FOXRED1",1.2200770514439,-0.38267217072695,0.666023370103852,0.202919425798308,0.413766346922126,4.0799178468315,0.00544345284227457,0.0319202094483513
"gene-LOC105759121|LOC105759121","LOC105759121",4.74049518286637,-0.403078221479411,-0.479731826389733,-0.353159400280689,-0.719773060603868,4.07803957830135,0.00545784008307188,0.0319924527596732
"gene-LOC115491942|LOC115491942","LOC115491942",6.31532674071179,-0.116211498918757,0.838061818652216,0.810251388415309,0.319990850312813,4.07687075806461,0.00546681261151822,0.0320329137308764
"gene-SCUBE3|SCUBE3","SCUBE3",1.43785471885149,0.317989107895424,-1.00057422701591,1.88524470714787,-0.84827318510391,4.07648734235189,0.00546975920076793,0.0320380483088129
"gene-ZDHHC15|ZDHHC15","ZDHHC15",0.403494390969871,1.17934995671101,-0.712735399117533,-3.15136014333893,1.10475792380671,4.07575184494819,0.00547541610395929,0.0320556884547142
"gene-LOC140681830|LOC140681830","LOC140681830",6.38373359910105,0.566621488194058,0.392317763119596,-1.58121062149334,0.596531955535354,4.07555725415844,0.00547691374954859,0.0320556884547142
"gene-RPSA|RPSA","RPSA",8.53863297927818,-0.128109548025191,-0.605030679105803,0.305185294522606,-0.507170309306523,4.07433258518491,0.00548634885654476,0.0320987707202382
"gene-RAB9B|RAB9B","RAB9B",2.483640147967,0.809986862090025,-0.78645937641263,-0.954311212411851,-0.339161989197832,4.07353718424709,0.00549248566103906,0.0321103950149526
"gene-MCM2|MCM2","MCM2",1.28143679846065,0.76122169335607,-0.441507536927867,0.748559990816751,-0.433933918861457,4.07360375019947,0.00549197181272291,0.0321103950149526
"gene-SCAF11|SCAF11","SCAF11",5.22998399400986,-0.198416519685342,0.0121155824945932,-0.257840770212522,0.296454413442361,4.07275345722891,0.00549853923732536,0.0321336460338406
"gene-LOC100228762|LOC100228762","LOC100228762",-4.12019656896772,6.30811702874273,-1.08085474718358,-2.33437955904154,2.71518495550875,4.07172307830451,0.0055065083188568,0.0321680695486255
"gene-LOC115498215|LOC115498215","LOC115498215",3.35718970024108,-0.899281974008004,-0.745185892452898,1.77023488742364,-1.02361205516114,4.07116564655797,0.00551082447057372,0.0321811353517466
"gene-DNAJC3|DNAJC3","DNAJC3",4.92849540159058,0.351686144214681,0.0702661647098265,-0.578142597564767,0.475345479536804,4.07087674635589,0.00551306275879764,0.0321820619360217
"gene-WDR86|WDR86","WDR86",-2.57203940619719,2.91416683021566,-0.440907125686913,-1.64880245036076,-0.0903547773717847,4.07001759032207,0.00551972464527986,0.0321966599644575
"gene-SH3BP2|SH3BP2","SH3BP2",0.415198223001793,1.47541067806899,-0.950377379123893,-1.12859778169499,0.138169433471624,4.07017305453683,0.00551851857000747,0.0321966599644575
"gene-LOC140681168|LOC140681168","LOC140681168",-0.772918782656379,0.8556868066106,1.25374986464713,-2.42343503126852,1.28259869459962,4.06799332917125,0.00553545318789069,0.0322762389158283
"gene-DIPK2B|DIPK2B","DIPK2B",6.07497066217525,0.708799770613786,-0.578645738792005,-0.548383410535005,-0.141395582214991,4.06570847385111,0.00555326141592315,0.0323638748031451
"gene-LOC100220938|LOC100220938","LOC100220938",1.01783054984239,-0.711770631764386,-0.218809604681622,2.57775313618049,-1.55962365702877,4.06526084876221,0.00555675705020721,0.0323638748031451
"gene-KCNAB2|KCNAB2","KCNAB2",0.89588984279072,1.77304688040043,-0.0883254194835379,-3.88332770078677,1.59883923158296,4.06544026595772,0.00555535566013414,0.0323638748031451
"gene-CHDH|CHDH","CHDH",2.05196880740211,-2.79868110858118,-0.170799977461452,2.71433717293365,-1.99994903270372,4.06495082243251,0.00555917944969321,0.0323658021008286
"gene-KCTD9|KCTD9","KCTD9",3.03912302497878,-0.511342625392225,0.371084617643312,0.784842006132354,0.163467103598639,4.06427826785235,0.00556443817285754,0.0323842349473375
"gene-ATRN|ATRN","ATRN",2.57449259339453,0.470688680612526,0.237618636802534,-1.747158290491,0.282035607575087,4.06373732751256,0.00556867147754818,0.0323966883891196
"gene-NEFM|NEFM","NEFM",2.34196948884394,1.36538296598653,0.123593459129981,3.33793624487564,-0.670039281489545,4.08757536333069,0.00557961979875446,0.0324481835346581
"gene-LOC100222416|LOC100222416","LOC100222416",2.41755168774994,1.4917827081924,0.191941399545376,-4.01669364372421,1.75182118932716,4.06106418123569,0.00558963927075538,0.0324892159628708
"gene-LOC140681735|LOC140681735","LOC140681735",3.67358803529017,-0.378960348053404,-0.167198623092406,0.893027774243163,-0.821181247993118,4.06090702924147,0.00559087444970113,0.0324892159628708
"gene-DUSP14|DUSP14","DUSP14",0.696439187432665,1.79948425690212,1.78819046090927,0.585202234424664,2.77411469498358,4.07101280861375,0.0055947526830541,0.0324995487125609
"gene-TRMU|TRMU","TRMU",-1.82812020279469,2.40309335314484,0.249247433519876,-3.67795574241521,2.94975710781439,4.0589038021657,0.00560664374301066,0.0325292314504976
"gene-CD93|CD93","CD93",4.60703322072926,7.55050703317775,2.17952444611063,-1.88174325794308,3.00984706666338,4.10601900312713,0.00561247482861574,0.0325292314504976
"gene-LRP4|LRP4","LRP4",1.49317257066725,4.36343580928743,0.690614811380004,-5.00526908471149,4.39729015210889,4.08572993709169,0.00561101605241771,0.0325292314504976
"gene-MCTP2|MCTP2","MCTP2",0.133788273714208,2.65096499315497,-0.0533809866714158,-5.09842904506951,1.94578159707563,4.0594705118178,0.00560217804541982,0.0325292314504976
"gene-CLUH|CLUH","CLUH",6.04493793098954,1.22820206682068,0.0074853099984064,-1.59781401422178,1.06809021640007,4.05828414756143,0.00561153079967969,0.0325292314504976
"gene-CD63|CD63","CD63",4.15270599501963,1.22917144607861,0.353562728947963,-1.17933015929378,0.678247573246482,4.05828386978613,0.0056115329913949,0.0325292314504976
"gene-SGPL1|SGPL1","SGPL1",1.2568361463618,2.31204882684837,-0.323932554329195,-4.19848316886084,1.59264423161509,4.05721983458832,0.00561993489257606,0.0325602742278602
"gene-LOC115493094|LOC115493094","LOC115493094",-0.174245207585973,4.35089089209518,0.375338844950463,-2.82608487377481,2.92823843488552,4.05669780797093,0.00562406163642241,0.0325719887064509
"gene-SLC25A32|SLC25A32","SLC25A32",7.07170928380857,-0.679697194762912,-0.273778689473363,0.372909535112989,-1.10399030951874,4.05620610987206,0.00562795144922572,0.0325823227372869
"gene-LOC100219991|LOC100219991","LOC100219991",-0.37814016948517,1.33986908325281,-0.793742440292114,2.37884754276822,0.17265083798329,4.05526852038477,0.0056353762960081,0.0326131070234575
"gene-FBLN5|FBLN5","FBLN5",-4.0688969859067,3.09987527294438,-3.62658224096558,-3.38150724069334,-0.00909329239284001,4.05270162658489,0.00565575483079309,0.0326971706322571
"gene-OGDHL|OGDHL","OGDHL",-0.239834545803599,-1.39985237783947,-2.48017839663019,-0.383729835760256,-1.39793534603024,4.0530862057758,0.00565269688753683,0.0326971706322571
"gene-DNMBP|DNMBP","DNMBP",4.46496429480702,0.19524083510054,1.21397418934739,1.23877324002153,0.402298984850858,4.05264053351055,0.00565624076139272,0.0326971706322571
"gene-CIMIP1|CIMIP1","CIMIP1",-1.769612751755,2.21739967405085,2.06835596943384,3.1038615477247,0.416487578339893,4.05234087356514,0.00565862485434761,0.032698737722565
"gene-CDCP2|CDCP2","CDCP2",-0.62004287747876,0.95662176354653,-0.0531123033924848,2.76309109298545,-0.319449766789377,4.05201022792625,0.00566125665720711,0.0327017345167152
"gene-TNFSF11|TNFSF11","TNFSF11",0.348954430518114,1.47070473508163,0.316331612601969,-3.48176673933292,1.76220697495314,4.05084483828484,0.00567054262399966,0.0327431519053712
"gene-NPFFR2|NPFFR2","NPFFR2",5.64041437465248,-0.398697644848182,-1.48356138952458,0.671855400648708,-0.0839045554403841,4.04991922955824,0.00567792904147718,0.0327735740085264
"gene-FOXI1|FOXI1","FOXI1",-5.14690730788091,0.317806207531997,2.25529762587371,0.694730274498865,2.78780414487313,4.04965263867063,0.005680058271343,0.0327736397274545
"gene-PHLDB1|PHLDB1","PHLDB1",6.99706017127502,-0.727181440208813,-0.943620967154113,0.856027198934079,0.0644548750427953,4.04764274420433,0.0056961372637913,0.0328541647995417
"gene-BAIAP2|BAIAP2","BAIAP2",1.27831642527962,1.9182948358389,-0.234753751214902,-1.74351179365196,0.596336660159596,4.04731991979226,0.00569872415095314,0.0328568391341281
"gene-GLMP|GLMP","GLMP",4.61343120165748,0.468304199841912,0.889505535810169,-0.678399724490033,0.518793479925137,4.04366362604946,0.00572810677650634,0.033013948739827
"gene-BCOR|BCOR","BCOR",5.52133608545107,-0.743764727886723,0.136424085714136,1.89459390599984,-1.03851140092723,4.04318467844077,0.00573196709876533,0.0330238983072947
"gene-MICAL1|MICAL1","MICAL1",4.28739743554267,0.880335356495193,0.593405318530453,-1.34015063740253,0.843059839876945,4.04268274315929,0.00573601554567636,0.0330349239186236
"gene-MRPL2|MRPL2","MRPL2",3.462294022272,-0.428230843960802,1.10168988660257,1.25918772072183,0.150003220059703,4.04222888767043,0.00573967870394966,0.0330356174226714
"gene-NCKIPSD|NCKIPSD","NCKIPSD",4.29392894034869,0.493577396729335,1.19097220639933,0.160439868488112,0.687452210091481,4.04213887356794,0.00574040550885708,0.0330356174226714
"gene-CHMP2B|CHMP2B","CHMP2B",4.53107652133411,-0.0640029316705997,0.223056548116696,-0.700980532623894,0.549684265655612,4.04057499400002,0.00575304778481162,0.0330591958670478
"gene-RAB30|RAB30","RAB30",0.889783936772146,0.0172843737052343,-0.478829718037372,1.29204996585968,-0.548043154725989,4.04098513385726,0.00574972950644123,0.0330591958670478
"gene-LOC100229852|LOC100229852","LOC100229852",-3.86800486535357,4.50147041452306,-1.31498527117433,-1.30493269403623,0.519350650568283,4.04125352619142,0.00574755910619434,0.0330591958670478
"gene-ZNRF1|ZNRF1","ZNRF1",3.7332268060824,-0.924158036433165,-0.020396289203121,1.68298278407677,-0.83531169921871,4.04057568200644,0.0057530422167925,0.0330591958670478
"gene-BECN1|BECN1","BECN1",6.01579647857153,-0.807899780238738,-0.106215004884697,0.861759608341144,-0.0934682567499193,4.03849907911144,0.005769873132414,0.0331435733942489
"gene-KIAA0753|KIAA0753","KIAA0753",4.10215478373233,-1.36212337907009,-0.13962015772837,1.70517645747935,-0.643820320477981,4.03745298909708,0.00577837070408568,0.0331677621089488
"gene-IKZF4|IKZF4","IKZF4",6.2251563111212,0.198900056237681,-0.0292740250578739,2.39415889530753,-0.598955684519421,4.04590512768426,0.00577706719257597,0.0331677621089488
"gene-RARRES1|RARRES1","RARRES1",0.96244622088596,1.96856423087348,-1.80279863141616,-0.778038630581419,0.22180651567215,4.03696035796997,0.0057823768464135,0.0331784507594545
"gene-CYP2D6|CYP2D6","CYP2D6",-0.0867069848462163,0.218417623644871,-2.1018238085703,-1.4960832573108,-0.225568712804734,4.03630764175676,0.00578768917971254,0.0331966234455343
"gene-LOC100219353|LOC100219353","LOC100219353",1.53569187451649,0.12056363928331,-2.52366574668807,-0.087982991182997,-0.645838881941031,4.03593483084362,0.00579072564711726,0.0332017337492181
"gene-LOC140682072|LOC140682072","LOC140682072",1.64927132376479,-0.69885698832894,-0.0381251884336993,1.88363798606186,-0.841456153043863,4.03562052566947,0.00579328685801142,0.0332041163436025
"gene-RHOG|RHOG","RHOG",1.74710213058523,2.27650967365897,0.218152538791233,-1.75146221506794,1.24631420759012,4.03199098962477,0.00582294695848258,0.0333617564540977
"gene-LEPR|LEPR","LEPR",-1.83413781429317,2.09586904981317,-0.505661149084216,2.89274740138353,1.46219972051637,4.03166891418981,0.00582558637712304,0.0333645259755659
"gene-LOC140683599|LOC140683599","LOC140683599",0.839814101231008,0.725554968004923,-0.942013947214372,0.952709885309658,-0.356265511223242,4.03081750628353,0.00583256956222447,0.0333798128607336
"gene-LOC105759403|LOC105759403","LOC105759403",-0.847606013440354,2.53613839962606,0.375488826160773,-5.33059893192566,1.95818751904786,4.0308886771871,0.00583198549729381,0.0333798128607336
"gene-NEFL|NEFL","NEFL",8.19809984509649,0.0175386443307068,-0.0554624758192073,2.07763865557324,-0.851124206792919,4.04160918797268,0.00583830584149245,0.0334002894259133
"gene-XRCC3|XRCC3","XRCC3",0.232768454156289,0.937367336126157,-0.248214818911941,1.49461975802774,-0.482506663442673,4.0262937291094,0.00586981649962785,0.0335309746518054
"gene-PSMD7|PSMD7","PSMD7",6.34583919248781,-0.661742871974558,0.368104045241573,1.30506092971805,-0.168689126777068,4.02631249361339,0.00586966150105572,0.0335309746518054
"gene-BUD23|BUD23","BUD23",3.47332572706862,-0.338740477587346,0.123201018633308,1.01827001106882,0.208928448802881,4.02635431534111,0.00586931606018222,0.0335309746518054
"gene-LOC140680282|LOC140680282","LOC140680282",-3.360402769284,3.37774093384491,-0.445309179724174,3.4816815678268,0.900458869761767,4.02691984050627,0.00586464694397385,0.0335309746518054
"gene-C4H4orf50|C4H4orf50","C4H4orf50",4.62245802811615,0.296232908327617,-2.25386393712065,-0.392486304673656,-0.459308978066406,4.0341565874019,0.00589105918565555,0.0336274957204056
"gene-CNN1|CNN1","CNN1",-1.613420809089,4.81941463289978,1.43524071843317,-1.91902121037169,2.67262613359726,4.0238209587799,0.00589027859201146,0.0336274957204056
"gene-TRAF2|TRAF2","TRAF2",5.48017610831788,-0.922575498243412,0.16808358193114,1.66272933966984,-0.640034924938998,4.02328699652489,0.0058947066406793,0.0336359090208378
"gene-ABCF3|ABCF3","ABCF3",6.23211663006666,-0.502762907403517,-0.0198908507149267,1.22109287535028,-0.283548941936641,4.02267082678802,0.00589982063401375,0.0336526812795292
"gene-CHRNA3|CHRNA3","CHRNA3",-2.14261895158311,1.33906649070126,-0.14491203005821,-5.9335264326239,2.45017340902238,4.02074256981423,0.00591585370670897,0.0337317008516291
"gene-GPAA1|GPAA1","GPAA1",3.54303849763253,0.605980898103057,0.844978126833245,2.03227296000515,0.49494244552394,4.01964567018173,0.00592499400200299,0.0337713746523007
"gene-LOC100232689|LOC100232689","LOC100232689",0.346207817792926,0.172607120736136,1.17534994440369,0.0929102021244467,0.940312540093382,4.01916330346098,0.00592901804111721,0.0337818682571019
"gene-NME2|NME2","NME2",3.03655827271157,0.623746385241284,0.223337603533929,-1.67576559182869,0.783157190337247,4.01775498583931,0.00594078255624646,0.033836440948809
"gene-OPA3|OPA3","OPA3",1.29903834847496,1.20910789978074,0.765342760097331,-0.355502283173929,1.07569472678128,4.0153405071228,0.005961007478753,0.0339391430219656
"gene-NIPBL|NIPBL","NIPBL",6.73641873847242,-0.905361931341379,-0.166674196651927,0.296264680763525,-0.658081089013088,4.01414428224686,0.00597105363873868,0.0339838378298937
"gene-CEMIP2|CEMIP2","CEMIP2",3.26006986771731,0.11107265034413,0.47013005569372,-0.135554139070135,0.503531503935535,4.01373625478507,0.00597448428540644,0.0339908618811267
"gene-ATOSB|ATOSB","ATOSB",5.55609858003968,-0.283823244152742,0.498473889014195,0.552627356952408,0.221508012414016,4.01243212153883,0.00598546274998252,0.0340408070768024
"gene-PRKCD|PRKCD","PRKCD",1.00500299747357,1.85890711427716,0.296554707454523,-3.70241796244393,1.27919447105036,4.01154978166887,0.00599290211988012,0.0340627208898864
"gene-CRLF1|CRLF1","CRLF1",-2.38586993117077,1.39064781137747,0.271348311745168,-1.02755225385057,-0.836882321664088,4.01145306034593,0.00599371818954189,0.0340627208898864
"gene-NEURL1|NEURL1","NEURL1",-0.408930261544995,2.14197330480667,0.44151974675988,-5.56177685032522,1.99292455625784,4.01115045664636,0.00599627208757098,0.0340647248734071
"gene-DHX8|DHX8","DHX8",5.83836714794945,-0.869304102396112,-0.32581660449268,1.02552062598422,-0.561679443716269,4.00987633114971,0.00600703754360951,0.0341133599953604
"gene-SPC25|SPC25","SPC25",-3.01682974909559,3.99262462334791,0.366610940098794,-6.21781341103062,3.70747237569938,4.00883974484043,0.00601581048097138,0.034150648273306
"gene-RGS21|RGS21","RGS21",-0.569339612555888,-2.35355920572576,-0.754903142746042,0.625332284845686,-2.33971417474433,4.00785093769197,0.0060241912080559,0.0341856835147286
"gene-LOC115497063|LOC115497063","LOC115497063",5.06476940643406,0.113631465100482,-0.639026205814729,0.0886021067423219,-0.544763755309813,4.00603886842725,0.00603958044082844,0.0342604498980279
"gene-YWHAE|YWHAE","YWHAE",5.37058952562889,-0.640879835841611,-0.103818714762453,0.189047071668623,-0.615564188558352,4.00564829525657,0.00604290267484345,0.0342667346622214
"gene-DUSP11|DUSP11","DUSP11",6.97987239554346,-0.541288851383689,0.00607406727242958,1.07968076422584,-0.0130714182528433,4.00327575800985,0.00606312361422962,0.0343688051026386
"gene-MRPS9|MRPS9","MRPS9",0.297255290084863,1.6749913793068,1.32204278108835,-2.2800637174375,1.66796464463827,4.00273909411777,0.00606770710371267,0.0343821923947102
"gene-PRPF38A|PRPF38A","PRPF38A",3.31152292773844,-0.179686736061504,0.981550572508182,1.11518164758062,0.315994856382709,4.0018712212071,0.00607512682040572,0.0344116352656583
"gene-SLC49A4|SLC49A4","SLC49A4",2.9844970217814,0.91223898737101,0.634982571242028,-0.578668317470231,0.944898733955465,4.00113794720251,0.00608140300925538,0.0344345816202807
"gene-PROSER1|PROSER1","PROSER1",1.20264234736385,0.411635237977323,1.74105689911612,-0.310629425416666,0.180840267933376,4.00024250228683,0.00608907619520601,0.0344411354614998
"gene-PDCD2L|PDCD2L","PDCD2L",1.27429022392922,0.806940303887394,1.35885450919056,-0.793977877726272,0.767556843874644,4.00022371849127,0.00608923726156144,0.0344411354614998
"gene-LOC115491394|LOC115491394","LOC115491394",5.90112835818385,-0.0488485588411777,1.2949949167224,-0.429480862088614,0.335583529537794,4.00026582081991,0.00608887625064443,0.0344411354614998
"gene-AHCYL2|AHCYL2","AHCYL2",4.93375864590719,-0.195589847659017,-0.175579801598591,0.660825029083344,0.325938862314583,3.99965244577912,0.00609413785525242,0.0344562598867487
"gene-LOC140684291|LOC140684291","LOC140684291",-3.33903045275326,4.52560832711608,1.15045375788329,-5.07029520129066,4.33859593641904,3.99838051951125,0.00610506335029999,0.0344962902514176
"gene-VAT1|VAT1","VAT1",3.61851659058301,1.76690677166647,-0.569844195811269,-2.73349088846719,1.06158844896434,3.99830924280622,0.00610567618731068,0.0344962902514176
"gene-NCF1|NCF1","NCF1",1.85921016197452,2.17306230161621,-0.024001455121274,-1.59825849568407,1.03681048512435,3.99671341802967,0.00611941349972417,0.0345612860978947
"gene-UTP14A|UTP14A","UTP14A",5.87076440347955,-0.79199423583656,0.376213321905026,1.94073897586775,-0.266859734385565,3.99580266996591,0.00612726757898208,0.0345930192574782
"gene-PINK1|PINK1","PINK1",3.20607789181858,0.105138897306022,0.895799600874816,-0.252309992271287,0.674844421019513,3.9955273409679,0.00612964397209431,0.0345938149045074
"gene-HSPBAP1|HSPBAP1","HSPBAP1",2.03518472843684,1.92703980925414,0.859213639025711,-1.07052955549189,1.53220463643869,3.99452877147116,0.00613827060561276,0.034629871535493
"gene-EEIG2|EEIG2","EEIG2",6.27100162908659,-1.18689524111221,-0.047370594902056,1.45064270668577,-1.05586844706468,3.99233465821205,0.00615726898032451,0.0347243941219103
"gene-YWHAQ|YWHAQ","YWHAQ",4.48778590888447,0.897385157487921,0.101262281343682,-2.01598890307426,0.576592272089956,3.99101130818064,0.0061687565300769,0.0347765053926922
"gene-SLC39A14|SLC39A14","SLC39A14",-1.2207960121901,0.429349877533672,0.00896891011059395,-2.10614574609277,1.24256695253671,3.98946100742485,0.00618224192200352,0.0348398374883483
"gene-APBB1IP|APBB1IP","APBB1IP",2.60856606273993,2.00303283347925,-0.471643297043246,-3.82508052948891,1.24425532918701,3.98844270692637,0.00619111600438339,0.0348682701432198
"gene-BIN1|BIN1","BIN1",-1.00421395483499,1.27387708334971,0.0269114603402385,-1.32993247188282,1.53006276882731,3.9883650110273,0.0061917936254325,0.0348682701432198
"gene-ZCCHC17|ZCCHC17","ZCCHC17",0.3026082572947,1.11059848385197,0.0786977223732179,-1.49416943133406,1.27683104136406,3.98735527351426,0.00620060687337498,0.0349051987506285
"gene-APOOL|APOOL","APOOL",0.965294197849153,0.510660729291179,1.32532838167973,-0.498132801665721,0.898381711223283,3.98682171403116,0.00620526907400276,0.0349060483170457
"gene-PSRC1|PSRC1","PSRC1",-1.36749340329829,2.75148987081333,0.910543778010729,-3.64304125649061,2.79060146113445,3.98695089205706,0.00620413999926442,0.0349060483170457
"gene-USP24|USP24","USP24",2.64077938564713,-0.0198235695424891,0.0603161389757871,-2.44322914709364,0.173258850623844,3.98562628662166,0.00621572758489985,0.0349394785239104
"gene-SUCLG2|SUCLG2","SUCLG2",0.739647092959131,1.8553146701401,-0.245144225308331,-4.18406885114504,1.04946333774056,3.98575363608794,0.00621461258103645,0.0349394785239104
"gene-UQCC5|UQCC5","UQCC5",2.68421542988455,-0.382226120293855,0.430511574715714,0.454686990868645,0.382780564131775,3.9850441566964,0.0062208269974606,0.0349554458190642
"gene-LOC100222462|LOC100222462","LOC100222462",2.55500406226432,0.648247407054777,0.544547886578706,-1.52963985251339,0.815616321253819,3.98280448409514,0.00624048610541572,0.035002364074414
"gene-RAB11A|RAB11A","RAB11A",4.33063787366965,0.652687920296781,0.575919429100311,-0.631363098607894,0.64037846368236,3.98328073087224,0.00623630047978021,0.035002364074414
"gene-CTU2|CTU2","CTU2",4.0290232708957,-0.317141027779836,0.129704424170214,1.63747576398763,0.109448659488848,3.98298588751056,0.00623889145452947,0.035002364074414
"gene-LOC121471016|LOC121471016","LOC121471016",1.18317474760708,-0.260463280849394,-0.87581840847834,1.60237790414834,-0.916579251916579,3.98361486003865,0.00623336560002942,0.035002364074414
"gene-LOC116806751|LOC116806751","LOC116806751",-0.0507031077784092,2.81558308977901,-0.407578494647315,-2.96678242276036,1.58890484257246,3.98356749099863,0.00623378158839909,0.035002364074414
"gene-COMMD3|COMMD3","COMMD3",-0.159153101720478,1.89287161911826,0.296319938130028,-2.67419799613567,1.64642752062686,3.98235797331006,0.00624441298599007,0.0350116996225349
"gene-DNMT3A|DNMT3A","DNMT3A",1.85935713109105,1.69907293521759,0.411008424621805,-2.28610344814914,1.03074675685225,3.98177314840637,0.00624956008868783,0.0350278675742282
"gene-LRIG2|LRIG2","LRIG2",5.96236882212102,-0.231299770115796,0.23645517131863,0.139228816140957,0.157539020472242,3.98063411496128,0.0062595972389233,0.0350681910032075
"gene-ACHE|ACHE","ACHE",0.129058959533295,3.06359625240947,1.03436611534857,4.49214846491148,1.27192230908052,3.98376859441993,0.00626128670383602,0.0350681910032075
"gene-NHSL2|NHSL2","NHSL2",3.31684779410148,2.04580298565258,-0.0287788227779619,-2.75673445244031,1.21141022869014,3.97911309961311,0.00627302600581222,0.0351212291750883
"gene-DERL3|DERL3","DERL3",5.53758652453741,-0.325535374481585,0.215434214630532,0.845058753285649,0.262118955827035,3.97879819857219,0.00627580987237011,0.035124107694368
"gene-WRNIP1|WRNIP1","WRNIP1",-0.526609772611592,0.20319784004966,0.313855637561621,-0.503802984157377,-0.616827219457899,3.97613012693311,0.00629944735614634,0.0352436543153885
"gene-ZFAND6|ZFAND6","ZFAND6",7.13900977626307,0.522789259711643,-0.00713118340473172,-0.933812652731183,0.660721378569143,3.97247082589478,0.0063320140106635,0.0354130526978741
"gene-SLC38A1|SLC38A1","SLC38A1",2.79598264974374,1.20801555876781,0.144697166190201,-2.86460418831188,0.634870986233581,3.97170722440889,0.00633883141600663,0.0354383728911498
"gene-LANCL2|LANCL2","LANCL2",1.92794333827072,3.72745995729656,0.465826484157553,-4.18613847067721,1.94665945114349,3.97623210201101,0.00634578421889199,0.0354463787478834
"gene-XRN1|XRN1","XRN1",6.81612859872391,0.674320000416586,0.0287799180088924,-1.26919207894471,0.740480182848281,3.97121985711629,0.00634318651901729,0.0354463787478834
"gene-CSRNP2|CSRNP2","CSRNP2",2.87439808643808,0.655657678191282,0.673686482470567,0.611731195444134,-0.485566340400242,3.97077827807634,0.00634713508952406,0.0354463787478834
"gene-SLTM|SLTM","SLTM",3.55669456570314,-0.347925213776742,-0.199047238390146,0.444581856273759,-0.526392484661998,3.96967602631887,0.00635700227387966,0.0354886761141009
"gene-LITAF|LITAF","LITAF",3.01701896288255,1.53217113083578,-0.430322913294623,-2.30407172620963,0.544051074489841,3.96919863016361,0.00636128069417057,0.0354974233528755
"gene-RDH8|RDH8","RDH8",-0.829911723745607,2.66774066981072,-0.29219094264374,2.38370482848601,0.603686897700948,3.96865904231622,0.00636612000507987,0.0354974233528755
"gene-LOC115491258|LOC115491258","LOC115491258",3.94305427969895,-0.169056031981908,0.034019014814181,0.091466087421766,-0.703746362924539,3.96847799532023,0.00636774457044152,0.0354974233528755
"gene-LOC140683773|LOC140683773","LOC140683773",-4.84429617706377,-5.31015818512717,-1.45756360637897,5.17105042811128,-4.82717441063696,3.9684825329937,0.00636770384797294,0.0354974233528755
"gene-LOC105759171|LOC105759171","LOC105759171",-0.900436038187974,-1.39558041332736,0.458875053505141,-1.25813623346713,0.435342238061757,3.96545492112308,0.00639493357221607,0.0356361530536708
"gene-SUPT5H|SUPT5H","SUPT5H",6.78014198612292,0.155270021867999,0.405588771951929,0.108371002329087,0.534840581087985,3.96405176739012,0.00640759342002431,0.0356938474351606
"gene-NME3|NME3","NME3",3.66753242155724,0.363289958107979,0.945617340940747,0.643107824419145,0.516332498116666,3.96368518397093,0.00641090509246935,0.0356994445145604
"gene-LY86|LY86","LY86",4.26496875447431,3.33336354432962,-0.396444694575308,-5.15799028911003,2.17185932858011,3.97704002318682,0.00642354854937696,0.0357569833818735
"gene-TNFRSF21|TNFRSF21","TNFRSF21",2.89092509523264,2.80706304095426,-0.189001717340519,-4.58192204334099,1.96380164042697,3.96065688546758,0.00643832912703279,0.0357978898536939
"gene-CFAP73|CFAP73","CFAP73",-3.82446108594109,-2.45322369635489,2.1619835068279,7.93540322527038,-3.59485430241268,3.96114403318838,0.00643390950846671,0.0357978898536939
"gene-MAP2K4|MAP2K4","MAP2K4",0.357792696076733,1.48601304840823,0.433624386477513,-1.63808997648507,1.39778371523538,3.96048011446962,0.00643993363541634,0.0357978898536939
"gene-HAX1|HAX1","HAX1",5.81850653828613,-0.28227896208107,0.116888112204271,0.840127824276604,0.133867368440689,3.96045625149893,0.00644015026511688,0.0357978898536939
"gene-MBTPS2|MBTPS2","MBTPS2",3.1348158561572,0.387837786311518,0.600062584032024,-1.46268018567238,0.475876797441144,3.95874697001635,0.00645568655179415,0.0358713642330393
"gene-LOC121469792|LOC121469792","LOC121469792",-4.16923842821451,7.4389319475263,-2.55624332105302,-9.45015277082421,5.07031106044416,3.95743160785538,0.00646766833390343,0.0359154649695835
"gene-MSL2|MSL2","MSL2",6.41728680263404,-0.355955534529262,0.00900387263410591,0.806512383891694,-0.483169939667789,3.95736617063203,0.0064682649996917,0.0359154649695835
"gene-SLIT1|SLIT1","SLIT1",-3.06975814006441,2.88522932580024,3.90924485048623,5.62398036839043,0.895949109514221,3.95709573154914,0.00647073149556373,0.0359162732761294
"gene-PTPRC|PTPRC","PTPRC",5.41009217899254,0.703786250000041,0.136013265531296,-2.42381325278882,0.475553942491767,3.9556408321044,0.00648401710952163,0.0359771117855314
"gene-LOC140680462|LOC140680462","LOC140680462",0.106183824176694,-2.57036638260205,-0.178883369541071,2.13991424634116,-2.04060030172087,3.95537245725773,0.00648647084297027,0.0359778266290197
"gene-GAPDH|GAPDH","GAPDH",4.93933155663011,1.1915810451324,-0.0359910703391077,-2.09236992706731,0.527939733861462,3.95334638537875,0.00650502561291643,0.0360290878167078
"gene-DYNC2I1|DYNC2I1","DYNC2I1",-1.41996678317884,3.08549263600254,-0.0209562294676235,-6.41684355354979,2.11930000535176,3.9534041870431,0.00650449551721633,0.0360290878167078
"gene-BAG1|BAG1","BAG1",2.51051851656766,-1.65825862628298,0.256690146469028,2.48574847153626,-0.753115891548865,3.95381689773312,0.00650071184908949,0.0360290878167078
"gene-BRMS1L|BRMS1L","BRMS1L",4.99129540280118,-0.1056814929384,0.286855206386808,-0.885612835118849,0.331418351051721,3.95353494510173,0.00650329650490797,0.0360290878167078
"gene-LIMD1|LIMD1","LIMD1",0.864372320111309,0.80063303865844,0.486616365890321,-2.79158682961654,0.995670296968746,3.94988709508151,0.00653683076281119,0.0361793476589783
"gene-LYPLA1|LYPLA1","LYPLA1",1.88085643882693,0.470447404421272,-0.18019416377947,-0.480898909872302,-0.215313250404245,3.95005919080594,0.00653524475798772,0.0361793476589783
"gene-C15H22orf15|C15H22orf15","C15H22orf15",2.60504005560531,-1.1492294668703,0.0535016744086142,2.22894500307101,-1.10487744033692,3.94921790213571,0.00654300165530757,0.0362005543853717
"gene-RIPOR2|RIPOR2","RIPOR2",3.96401234689958,1.6285099309784,-0.0935595131393958,-3.84420856685063,1.31747826402984,3.94644474567852,0.00656863729151982,0.0362820483553246
"gene-PUF60|PUF60","PUF60",6.47362099700106,0.111028233156922,-0.495689518444658,0.281805216216928,-0.0569879735448898,3.94644845999054,0.00656860288735993,0.0362820483553246
"gene-DEAF1|DEAF1","DEAF1",2.11259998934336,0.0102108352269587,0.489124613243274,-0.0228033807316575,0.465399106552225,3.94610354423189,0.00657179848400484,0.0362820483553246
"gene-PDZK1IP1|PDZK1IP1","PDZK1IP1",3.28842295037282,0.406818337008524,-2.74529398506521,-1.09835926638777,-0.654462444272005,3.96063756547309,0.00656973191159568,0.0362820483553246
"gene-C12H3orf18|C12H3orf18","C12H3orf18",0.654368138873823,0.0919587982969063,0.8136545945348,-0.825472392293734,0.446006678240689,3.946247513164,0.00657046443947013,0.0362820483553246
"gene-HGS|HGS","HGS",5.67439832028106,0.167489430091779,0.228869485419383,-0.134568232826896,0.462417795621291,3.946843010468,0.00656494937125337,0.0362820483553246
"gene-POP7|POP7","POP7",-2.07913371326214,3.04447705029496,0.763761321544671,-4.43746691912058,0.714450508448457,3.94501996612997,0.00658184798271731,0.0363245711599681
"gene-LOC140682520|LOC140682520","LOC140682520",3.1613149077808,-1.71727924194216,-0.154280256357472,1.90121262611727,-1.21995259506144,3.94454416999197,0.00658626563036671,0.0363359930944474
"gene-CCNQ|CCNQ","CCNQ",3.14323535421562,0.291501742986051,1.19190120242431,0.187139942765992,0.450433908607562,3.94383282337827,0.00659287593458608,0.0363594993185031
"gene-RPS6|RPS6","RPS6",7.87806592759647,-0.282749990310398,-0.284337598457977,0.747807907091716,-0.449907862411736,3.94324592253983,0.00659833488994389,0.0363766414043041
"gene-LOC140681701|LOC140681701","LOC140681701",1.09669488877618,0.232540983843875,-1.35459101981744,0.046118601077359,-0.394980543258114,3.94195501268209,0.00661035825594707,0.0364040192209185
"gene-LOC140681031|LOC140681031","LOC140681031",0.769043027338087,-2.63314178785537,-0.103874823660372,4.73653575149751,-2.83484982756155,3.94207264644194,0.00660926170764879,0.0364040192209185
"gene-NELFE|NELFE","NELFE",4.27623992316606,0.394667734971944,0.302974314404525,0.316282628701347,0.595493547657467,3.94217166578637,0.00660833882112453,0.0364040192209185
"gene-LOC121471063|LOC121471063","LOC121471063",7.55707324350302,-0.544247727715746,-0.509284566432947,0.76575593583892,-0.576136841521729,3.94114847015329,0.00661788160380891,0.036432485883651
"gene-VTI1B|VTI1B","VTI1B",2.93379018902997,-1.43223992437477,-0.155751307020803,1.54085301556676,-0.736665409410887,3.94011044578406,0.00662757701833047,0.0364728856183016
"gene-THAP11|THAP11","THAP11",6.91141872827691,-0.641313817894848,-0.420814805781437,0.660504877015085,-0.576612849659806,3.93825817924897,0.00664491359381905,0.0365423020129175
"gene-C2CD2L|C2CD2L","C2CD2L",5.12408853516987,-0.0419769446447029,-0.456000084827206,0.74431838099114,-0.0282538072377016,3.93846510970875,0.006642974508152,0.0365423020129175
"gene-UCHL3|UCHL3","UCHL3",0.957640718612408,1.26555668760312,-0.112082353595858,-2.04039999371073,1.22322787668459,3.93762863649947,0.00665081640039985,0.0365617704426954
"gene-SCNN1G|SCNN1G","SCNN1G",3.66507629361003,-1.19598901961377,-0.629467815509718,0.938706904457356,-0.843958860085026,3.9358804596631,0.00666723590176208,0.0366390183166791
"gene-MRM1|MRM1","MRM1",6.06386457823448,-1.24619780410688,0.736094669429325,3.1646504579952,-1.07614625851033,3.93516470682025,0.00667397040635394,0.0366510827598173
"gene-PM20D1|PM20D1","PM20D1",-0.991957603059334,2.40541473300124,-0.171482647791927,-4.9599669991603,2.57815741017283,3.93514370765698,0.00667416809157772,0.0366510827598173
"gene-SEC24A|SEC24A","SEC24A",5.73697289292884,-0.747882787255951,-0.244475677005569,0.598745224421218,-0.262207506422559,3.93307495353476,0.0066936724962515,0.0367181393518834
"gene-TMC7|TMC7","TMC7",3.09350795370648,0.244361239091621,0.252984472149347,-2.03416221088832,0.281036409686698,3.93301826424905,0.00669420778390472,0.0367181393518834
"gene-LOC100228479|LOC100228479","LOC100228479",3.08390148687911,0.247167205724558,-0.242324325736575,-0.632771707889685,0.771439669167871,3.93324841085699,0.00669203489887434,0.0367181393518834
"gene-LOC140682080|LOC140682080","LOC140682080",3.0940983968332,-0.143850934310533,-0.0887270593719904,1.37527979246469,-0.594056112650097,3.93284225090321,0.00669587006468595,0.0367181393518834
"gene-DBNDD2|DBNDD2","DBNDD2",0.941720713295283,2.06515243192223,-0.046367458469714,2.02636373657051,0.85436979095614,3.93252843833958,0.00669883477192375,0.036721384376734
"gene-GADD45G|GADD45G","GADD45G",1.47527675050462,-2.33711224641993,0.525451351609067,3.51628099198814,-1.84318667589304,3.93198793147397,0.00670394427938104,0.0367363802136762
"gene-OAT|OAT","OAT",2.1314036781242,0.874763327874857,-0.193182525010341,-1.53666021698752,0.0354906023219528,3.93173481615795,0.00670633838688144,0.0367364908095541
"gene-CBX8|CBX8","CBX8",4.59924303351182,-0.0861246173058366,0.717123059609704,0.385662857305798,0.273102003539693,3.92785541595578,0.00674314100305734,0.0369250201777468
"gene-RUNX1T1|RUNX1T1","RUNX1T1",3.6654477642921,-2.09797713881218,-0.219201279169717,3.22094110892456,-1.64774276521849,3.926395085808,0.00675704787359294,0.0369452526709401
"gene-HENMT1|HENMT1","HENMT1",-0.980714813586039,-1.51530665930387,-1.69435879415431,2.51312604773276,-1.42708417843961,3.92629350390824,0.00675801633334046,0.0369452526709401
"gene-TNR|TNR","TNR",-3.66102991236229,1.01826491699325,-0.241103989015567,-2.92272088443895,-1.56688695536965,3.92609786327335,0.00675988192664984,0.0369452526709401
"gene-DUT|DUT","DUT",-0.641556729315682,0.94306928961706,-0.225117635251213,-2.84698026048504,1.42453528059032,3.926127219372,0.00675960195884457,0.0369452526709401
"gene-LOC116809029|LOC116809029","LOC116809029",-1.34196657350911,0.335665782075322,-0.812635032563653,0.411824537294929,1.20989867830663,3.92596383534867,0.00676116029493392,0.0369452526709401
"gene-LOC140682172|LOC140682172","LOC140682172",5.91381194636483,-0.106821005646905,-0.421408263726846,0.517303102989452,-0.6455683737807,3.92720529257373,0.00674932859240548,0.0369452526709401
"gene-GNL2|GNL2","GNL2",4.83482754995839,-0.64945641063992,-0.0814716102361977,1.16257060827936,-0.0844273115413516,3.92480403624528,0.00677223282585905,0.0369926943099784
"gene-PYROXD2|PYROXD2","PYROXD2",-0.370229499012678,1.18006611885083,-0.32578206402978,2.05702254458293,-0.827703282722596,3.92398309605304,0.00678008144380577,0.0370224983567023
"gene-KIF21B|KIF21B","KIF21B",3.55533967203042,1.35715080074093,1.23367442865427,-0.841061198115841,1.64202349204188,3.93017436786704,0.00678631842508944,0.0370304222948727
"gene-LOC115493267|LOC115493267","LOC115493267",-0.429214810047162,2.51314009189357,-0.359548601593379,-3.706937756773,1.81484190298621,3.92344228840631,0.00678525690500084,0.0370304222948727
"gene-LOC121468728|LOC121468728","LOC121468728",4.36322240940725,1.02642545541762,1.23744620419539,1.08456818972871,1.22958187774996,3.92673955677701,0.00680595149514919,0.037124462244425
"gene-LOC115494503|LOC115494503","LOC115494503",0.216166224750013,-0.402462787173006,0.599448260173237,1.39014844519792,-1.00406779617093,3.92021566504797,0.00681621894410885,0.0371673672163793
"gene-TMEM175|TMEM175","TMEM175",0.0512917508781299,1.86833783129978,-0.479594354604613,-4.16339958672121,1.57746592952015,3.91989630515565,0.00681929126744723,0.037171022319037
"gene-C2H1orf35|C2H1orf35","C2H1orf35",3.19555570185316,-0.197418336150927,0.665606207165204,1.28189051417991,0.227279443973074,3.91943945583907,0.00682368872403278,0.037181895424087
"gene-LOC100190135|LOC100190135","LOC100190135",0.456433232385678,5.18818897899908,-0.230810936196422,-3.86816400082486,2.80035453479813,3.92191421353859,0.00684953749176088,0.0373013692667329
"gene-KNOP1|KNOP1","KNOP1",-2.19234112360071,3.52248929154311,0.0452501835287923,-7.20505296467999,2.54297855934081,3.91666717081842,0.00685043563528627,0.0373013692667329
"gene-SMIM13|SMIM13","SMIM13",-0.277891311898197,2.66713021475392,-0.412707778526734,-4.57124399900318,1.91329863596987,3.91575630027963,0.006859246948813,0.0373160148712602
"gene-HIF1AN|HIF1AN","HIF1AN",6.51308419930857,-0.657578516290948,-0.585520211343966,0.21499311415637,-0.734489802443554,3.91589887194834,0.00685786701968909,0.0373160148712602
"gene-EFHD1|EFHD1","EFHD1",-1.01560663880323,3.18821392306339,0.72138229166802,-4.07957502626417,0.83507190598446,3.91564138121027,0.00686035943836738,0.0373160148712602
"gene-PRPSAP2|PRPSAP2","PRPSAP2",3.32156289632402,-0.594794687078769,-0.016321871977646,-0.402602160427421,0.031529176318435,3.91320450301868,0.00688399324231237,0.037431410901189
"gene-FAM234A|FAM234A","FAM234A",6.4026066465955,-0.41819202066914,-0.222754477901415,0.855137684961088,-0.0414498365033338,3.91126811067784,0.00690283219967311,0.0375206632560384
"gene-KIF2A|KIF2A","KIF2A",2.27921753076486,-0.397767500254256,-0.354739943241881,-0.0782003628299658,-0.530767424298537,3.91087825048407,0.006906631448308,0.0375281326062381
"gene-TBC1D12|TBC1D12","TBC1D12",4.00391776736494,-0.582369999622284,0.405498009807808,0.257706033983855,0.0836519997152847,3.90988725185234,0.00691629846660856,0.0375542872879886
"gene-ZCCHC14|ZCCHC14","ZCCHC14",3.38519490668614,-0.743599433345977,0.225651497208369,1.71890457619488,-0.86796246568669,3.91002680101465,0.00691493635649432,0.0375542872879886
"gene-TBX22|TBX22","TBX22",-5.4433948819087,3.98105132629746,-0.362165222000802,-0.0746296412566445,0.278307036600855,3.90952113074671,0.00691987339587662,0.0375605193971205
"gene-LOC100225408|LOC100225408","LOC100225408",0.343431210273074,3.21405689926137,-1.40331915873852,-6.6957672937243,3.4622175127058,3.90950335852742,0.00692778406071499,0.0375746713616906
"gene-PRDX3|PRDX3","PRDX3",5.36184160476629,-0.573396792110019,-0.266222011361857,-0.114243583691103,0.26308394783539,3.90850910748323,0.00692976491542908,0.0375746713616906
"gene-RPL35|RPL35","RPL35",6.92214768883069,-1.22093160886717,0.45481249021965,1.44577039775919,-0.479241227434738,3.90873883792104,0.0069275182676321,0.0375746713616906
"gene-MTHFSD|MTHFSD","MTHFSD",3.07929188546074,-0.261997694963746,-0.28822214566026,0.201924408292506,-0.456049330247926,3.90811536489585,0.00693361724373209,0.0375823911897562
"gene-LOC100218931|LOC100218931","LOC100218931",-3.8783005709649,1.14658910216649,1.11678375699072,8.86896416718245,0.0634798536166,3.90742348900105,0.0069403917506025,0.0376059391948788
"gene-HOOK1|HOOK1","HOOK1",3.26916176805479,1.08764321094929,0.476871449529452,-1.23477301233021,1.19223304173634,3.90683752054283,0.00694613453154557,0.0376238823506012
"gene-CS|CS","CS",6.73248937842992,0.139656491635886,0.797375150730702,0.114354847961705,0.450126942620435,3.9052112758823,0.00696209787757487,0.0376971534833699
"gene-LOC115495129|LOC115495129","LOC115495129",1.44213331196741,0.788909238212337,1.44016635670048,-0.487887602151822,1.4024716466554,3.90469789180825,0.00696714504447913,0.0377061118968798
"gene-CARNS1|CARNS1","CARNS1",1.21087633935871,2.86239219844163,3.6586658262312,3.88721398507465,1.68266337503902,3.92907671284682,0.00696862552666082,0.0377061118968798
"gene-MED10|MED10","MED10",4.34799620377356,-0.820942277479067,-0.460557563458344,1.16527691176069,-0.593267330714994,3.90429155712664,0.00697114242980531,0.0377065463478634
"gene-SLC37A1|SLC37A1","SLC37A1",1.58862864789228,0.999245620448268,0.0460756889761238,-2.58468507849507,1.00640379923158,3.90402205134866,0.00697379502505975,0.0377077141903563
"gene-MKRN2|MKRN2","MKRN2",5.47924589122705,-0.835778478030761,-0.251453261531702,1.1176034527554,-0.481261962046399,3.90189957426428,0.00699472131004128,0.0378076536056196
"gene-NFKB2|NFKB2","NFKB2",1.6973894994486,1.12980948238786,0.0706537421707242,-2.39130220470097,1.14488343912107,3.90144793184813,0.00699918245730421,0.0378185574465023
"gene-LOC100225866|LOC100225866","LOC100225866",1.53485616657914,2.63674114231779,-0.402035806748972,-3.17948894608924,1.09335497413249,3.90087865320887,0.00700480969374075,0.0378317596754842
"gene-EPO|EPO","EPO",-5.68867008618551,-1.76312710926351,4.14772055174165,0.687841102252732,-2.16655304808317,3.90070620444203,0.00700651523295235,0.0378317596754842
"gene-UBR5|UBR5","UBR5",7.44563771391078,-0.804614459884066,-0.369808139864938,0.692664559797637,-0.558928180032791,3.89972498272667,0.00701622767958334,0.0378445881288087
"gene-COQ10B|COQ10B","COQ10B",-1.67320636266,0.473422874354266,-0.467625748949645,1.67821741254781,-0.91644671558177,3.89983190093693,0.00701516870424345,0.0378445881288087
"gene-FAF1|FAF1","FAF1",4.49436906808207,-0.806427488683912,0.715578009850485,0.553557904438216,-0.232624620047884,3.89985791288099,0.00701491109258448,0.0378445881288087
"gene-HMGCS1|HMGCS1","HMGCS1",2.0544734945989,1.48548971002702,0.101470149749145,-0.603233604824467,0.57509031090476,3.89859619134817,0.00702741776334208,0.0378917386368358
"gene-LOC140682615|LOC140682615","LOC140682615",-5.35993874975454,2.45039002863168,0.886803253602625,-0.347764013577092,-1.03114961340283,3.89697531684123,0.0070435177968256,0.0379653214579855
"gene-LOC100225213|LOC100225213","LOC100225213",-4.10783657992614,-0.41118244962604,4.09058025948799,-1.5108760356996,0.831370475969312,3.89638801575141,0.00704936067595185,0.037983585118508
"gene-PSMC5|PSMC5","PSMC5",6.84001347890718,-0.306120091120513,-0.165252524476254,1.06270290627927,0.00725058071428074,3.89439775904531,0.00706919782967126,0.038077214206113
"gene-RB1CC1|RB1CC1","RB1CC1",6.09421977834806,-0.492984973138185,0.36287481754348,-0.639192393990366,0.0311820232584573,3.8936329855637,0.00707683552562088,0.038105090382388
"gene-LOC100222320|LOC100222320","LOC100222320",-0.852170144605972,1.75975342903437,-2.84593103323387,0.425645658439238,-0.259129406522169,3.89263439882645,0.00708682092479393,0.0381455839343256
"gene-LOC100218088|LOC100218088","LOC100218088",-4.90743481283628,-0.660475468966099,-2.91983841354382,3.0594101887692,-2.53595243629183,3.89149374593808,0.00709824445922888,0.0381827277763224
"gene-TLE5|TLE5","TLE5",4.95417440309197,0.898179600833594,0.632666097326222,-1.0485545070014,0.579045321281948,3.8914526479358,0.00709865640145264,0.0381827277763224
"gene-NDUFS8|NDUFS8","NDUFS8",3.94805778845542,0.13064253954861,0.821363341946429,0.412462161368906,0.482079665005692,3.89044648651987,0.00710874916264916,0.0382237294273786
"gene-TEX10|TEX10","TEX10",4.84842704505174,-0.71127728265864,-0.334932990909435,1.21282973214017,-0.546257934668734,3.88875576207542,0.00712574163506659,0.0382759729751021
"gene-CTSD|CTSD","CTSD",7.58781074714679,0.354926347683742,-0.173750450347696,-0.352075088874683,-0.161025066573279,3.88890073113541,0.00712428301834716,0.0382759729751021
"gene-LAMA5|LAMA5","LAMA5",2.69671237418103,-0.776972082085929,-0.529281511152954,1.95687112841537,-1.19925043630547,3.88874146507234,0.00712588550185908,0.0382759729751021
"gene-LOC115494107|LOC115494107","LOC115494107",-1.35533723231927,2.29885391564848,2.57102880101782,1.671619296439,1.58483204890039,3.88765119310533,0.00713686531724326,0.0383216484331504
"gene-NT5C3B|NT5C3B","NT5C3B",4.33411270756761,0.0657958239874376,0.226652734064736,-0.0852270482555521,0.483429475845377,3.8866299017936,0.00714716606105092,0.0383636471712671
"gene-NR4A2|NR4A2","NR4A2",3.0783987936419,-0.035501709618054,0.201102430910742,1.82192290700174,-0.853317911462752,3.88528308316797,0.00716077320263887,0.0384233582908587
"gene-MAP7D3|MAP7D3","MAP7D3",1.6556983257988,1.65969992032279,-0.355369352623593,-3.01400930161218,1.26274491521066,3.88425029322656,0.00717122551008431,0.0384661056390138
"gene-EBI3|EBI3","EBI3",-3.05488533897449,4.57993699227812,0.166377908663115,0.793876256777362,2.29177310459179,3.88281623888209,0.00718576454130585,0.0385307367556161
"gene-KIT|KIT","KIT",1.94596323687381,0.621884565801836,-0.927718449090759,-3.8700569478324,0.932062220517312,3.88157521196285,0.00719837078432167,0.0385849628982951
"gene-LOC140683799|LOC140683799","LOC140683799",-4.96990641429035,6.6656785136138,-1.02301716272142,-10.4858132181098,4.01765723735044,3.8809199058669,0.00720503640063757,0.0386073193559094
"gene-TUBAL3|TUBAL3","TUBAL3",-3.7329958231623,0.205741049525864,5.05639715623532,-0.18977531803848,0.624512635980355,3.87974097698854,0.00721704399619744,0.0386582747806007
"gene-LOC115494917|LOC115494917","LOC115494917",-1.37143023099446,-0.200893952470311,-1.11739300164577,-4.17329699014857,-1.19121414088714,3.87911352508933,0.00722344300149068,0.0386791627847987
"gene-LCT|LCT","LCT",1.39031139950708,-1.03089098148758,0.319383122184472,3.13128691222693,-1.03525473384619,3.87727985618071,0.007242176590667,0.0387660611347533
"gene-LPGAT1|LPGAT1","LPGAT1",2.48787210291831,1.43435992238198,-0.211016011870465,-3.81657085215818,1.12658699726251,3.87656695340491,0.0072494732635173,0.0387663255894682
"gene-ITM2A|ITM2A","ITM2A",10.6299616955363,-0.475048950112184,-0.452166084730709,0.285736471839276,-0.836310781152138,3.87694168020065,0.00724563694350806,0.0387663255894682
"gene-LOC115496397|LOC115496397","LOC115496397",1.11180012473568,0.178573456369419,-0.280544578624509,0.00771595575983323,-0.918495337502449,3.87654078176816,0.00724974127663464,0.0387663255894682
"gene-HSPA13|HSPA13","HSPA13",3.89034740777841,-0.661442528879554,-0.329453758254159,0.912625505659185,-0.666822414462954,3.87517686969962,0.00726372250617496,0.0388276703913843
"gene-LOC115492366|LOC115492366","LOC115492366",2.82350714911294,-1.76776201596229,-0.18223029739369,1.99630391158052,-1.14722044158856,3.87487165416345,0.00726685497241261,0.038831001622267
"gene-ACOD1|ACOD1","ACOD1",1.23497702079019,2.86513504513923,-0.607445929279101,-1.86925284224785,0.492148353456518,3.87953637723925,0.00728012907090764,0.0388616755337343
"gene-LOC140684167|LOC140684167","LOC140684167",0.270692893823882,-0.228692902858546,-1.24134043124239,1.31123163496592,-0.99217512454842,3.8739270356465,0.00727655842416187,0.0388616755337343
"gene-PNPO|PNPO","PNPO",3.11200723607379,0.0237342421047103,1.11314946869329,0.43481637173336,0.394538842021955,3.8736710491925,0.00727919027574581,0.0388616755337343
"gene-PKDREJ|PKDREJ","PKDREJ",-3.01210066350943,2.75340261419211,-0.218114405726084,1.12065719225197,-0.693065205597572,3.87113036840881,0.00730536411683244,0.0389829343820628
"gene-GAL3ST4|GAL3ST4","GAL3ST4",-2.49559953753087,3.06288995708954,1.72682105692516,2.50248775230859,0.396695802915085,3.870493651107,0.0073119385046575,0.0390045668250861
"gene-INPP1|INPP1","INPP1",-0.415108331666753,2.00846277685694,-0.158511972714443,-4.25899116379766,2.09191902188287,3.86962169894907,0.00732095156217825,0.0390391886370463
"gene-PIP4P1|PIP4P1","PIP4P1",0.553659109396104,0.692569967402844,1.06765729619552,-0.868856370145746,1.2327147465226,3.86914302899071,0.0073259042063346,0.0390521417819593
"gene-FAM241A|FAM241A","FAM241A",3.20935737069107,0.784263194352641,0.328639743505906,-1.79501181724944,1.15482636157822,3.86765320814489,0.00734134072596433,0.0391209530765489
"gene-LRWD1|LRWD1","LRWD1",2.82681352306668,-0.362191708539142,-0.284266061180119,1.68047507312653,-0.406956257413866,3.86706384733842,0.00734745641495294,0.0391400647233724
"gene-DOCK11|DOCK11","DOCK11",3.94297090329714,1.52653151708265,-0.143235259364477,-2.78895146187412,1.08188855104536,3.86607300281302,0.00735774990938647,0.039181410821664
"gene-TTLL5|TTLL5","TTLL5",1.67349916836632,0.78651886588525,-0.458724552720297,-0.256571799006681,-0.223342912781374,3.86447131354923,0.00737442026038389,0.0392431752164514
"gene-GMFB|GMFB","GMFB",2.73198392780685,1.71639250864814,-0.189882537368815,-3.67238853470404,1.34067489184125,3.86466837983324,0.00737236712737602,0.0392431752164514
"gene-C9H2orf72|C9H2orf72","C9H2orf72",-1.28185852444054,-0.109265648372565,0.517749747148019,5.28493152511344,-0.5814841298382,3.86382942190467,0.00738111183507728,0.039258257363343
"gene-PQBP1|PQBP1","PQBP1",4.25938710873865,0.684983467245442,-0.81228959608612,-0.154372940236838,-0.249283446283853,3.86371280505319,0.00738232820208905,0.039258257363343
"gene-PPP1R3G|PPP1R3G","PPP1R3G",0.45900175329488,1.62636961432798,0.377801322740463,-0.842805784409698,1.78021531148386,3.86278229076761,0.00739204119806893,0.0392964058880511
"gene-AKNA|AKNA","AKNA",1.84993124054938,1.66160716127037,0.51757228729514,-2.72072954010013,1.16458331288734,3.86193839571031,0.00740086127558089,0.0393297830493181
"gene-NCKAP1|NCKAP1","NCKAP1",3.60182757635823,0.833451951009687,0.201100454068376,-1.31106930728497,0.795550341351427,3.86154970841634,0.00740492729061265,0.039337881847659
"gene-ATP5F1D|ATP5F1D","ATP5F1D",5.24654782307733,0.315710535527812,0.220864009014306,-0.253784034437775,0.57049762050076,3.86109068588258,0.00740973200109093,0.0393498979810851
"gene-LRRFIP1|LRRFIP1","LRRFIP1",4.43437057640912,0.840194603233056,0.0550620602210808,-2.20258138214442,0.773586276072658,3.85983445453365,0.00742289752814507,0.0394028680892861
"gene-LOC115490934|LOC115490934","LOC115490934",1.36134394848864,0.444124745463613,0.249160630336527,-1.37908105756578,0.722184780427486,3.85965321400924,0.00742479892396499,0.0394028680892861
"gene-USP14|USP14","USP14",3.40359245570181,0.76525573269976,0.302802921756234,-0.790100515887125,0.744909367639366,3.85877527097629,0.00743401644595519,0.0394339261770624
"gene-LOC101234096|LOC101234096","LOC101234096",-1.38252295441892,4.37654928284728,-0.0738539869666246,-4.20504589840273,2.4906085463526,3.85836803234188,0.00743829599423877,0.0394339261770624
"gene-FAM131A|FAM131A","FAM131A",0.318407695863804,-2.00757783981842,0.711438494236266,5.0379695689802,-0.976921509495657,3.85848461124495,0.0074370706456941,0.0394339261770624
"gene-LOC100220740|LOC100220740","LOC100220740",1.97015074840545,0.574301707581891,-0.264340241074223,-1.76734843895549,-1.07562587408013,3.87065741429833,0.00744427223480491,0.0394520934361665
"gene-REXO5|REXO5","REXO5",4.6450688418687,-0.261736055082916,0.684995967256854,1.60312672725919,0.110210855267328,3.85664207542119,0.00745646138923406,0.0395031632996909
"gene-KIFAP3|KIFAP3","KIFAP3",1.88840853176142,-0.611164678736513,-0.0908216532922701,0.090903853874413,-0.785613377372617,3.85518124783311,0.00747187159824557,0.0395712570098735
"gene-LOC100224972|LOC100224972","LOC100224972",4.26674391468854,1.54754291389318,-0.236374488696289,-2.52589798949936,0.835754554237338,3.85380413306854,0.00748642838544553,0.039632134054254
"gene-THEMIS|THEMIS","THEMIS",-0.740502600366238,1.77821308573593,0.15417586968461,-5.37733094327272,2.22112015499217,3.85360945753806,0.00748848852824805,0.039632134054254
"gene-RNF113A2|RNF113A2","RNF113A2",3.88992583425267,-0.579538675943404,-0.0757706739866424,0.688675674992245,0.0229419823890397,3.85286474275731,0.00749637475359433,0.0396520105211652
"gene-LOC121468851|LOC121468851","LOC121468851",3.24906208666176,1.02239586469286,0.234132887562877,-1.93790679238894,1.35133747564342,3.85277092548561,0.00749736883909075,0.0396520105211652
"gene-MSL3|MSL3","MSL3",7.38332149394303,-0.546138570286004,-0.123714799410804,1.02035750095909,-0.837804916045704,3.85183348286879,0.0075073093241556,0.0396910187192716
"gene-LOC100190722|LOC100190722","LOC100190722",5.72601209064224,-0.868959456086792,-0.129928483268992,0.566803325281218,-0.269541893745807,3.85034748215709,0.00752309410119629,0.0397363477155999
"gene-ULK3|ULK3","ULK3",0.670144007074604,0.0956950086698285,0.391749693693142,-0.19052476577492,0.868882625505704,3.85030119193134,0.00752358635261439,0.0397363477155999
"gene-CREB3L3|CREB3L3","CREB3L3",1.518906213063,-1.06490095819312,-0.628046335248223,2.62920120539513,-0.713503037159441,3.85076385800849,0.0075186678221566,0.0397363477155999
"gene-WWP2|WWP2","WWP2",6.43076147172544,-0.267717939229279,0.29985189711485,0.842903284047354,0.225340385451336,3.84896060107088,0.00753785645005628,0.0397981332530266
"gene-NCOR1|NCOR1","NCOR1",7.87880508521633,-0.293596200659306,-0.375244011903482,0.359664475785312,-0.793482248626524,3.84863726061591,0.00754130240898738,0.0398027471961391
"gene-CCDC157|CCDC157","CCDC157",2.00675620315761,-0.323686769878953,0.192697148060954,2.42813982142626,-0.444403209244156,3.84767098741168,0.00755160989145859,0.0398435605422168
"gene-GTF2F1|GTF2F1","GTF2F1",5.47411303144689,0.0683640350385223,0.677641728897967,1.66183596910795,-0.0246852699411657,3.84728017925041,0.00755578281007617,0.0398519901110868
"gene-EOGT|EOGT","EOGT",-0.110031484173564,2.26528962948255,0.00703814656648303,-3.6523770551298,1.26922121329008,3.84683532050118,0.00756053571698109,0.0398634719660247
"gene-LOC140685126|LOC140685126","LOC140685126",2.35955908964891,-1.67804534984668,-1.04754982355872,-0.277472365239748,-2.09759864767345,3.85712176529345,0.00756751547482177,0.0398731024762911
"gene-PLA2G10|PLA2G10","PLA2G10",0.531957082938348,-0.674353435114916,-0.20853014168339,1.94229642023757,-0.962756823753722,3.84628147830641,0.00756645726141973,0.0398731024762911
"gene-DYNLL2|DYNLL2","DYNLL2",2.69562029139999,0.0493262604975849,-0.164622052165542,-0.125624236550724,-0.574650554961817,3.84585963561561,0.00757097066398765,0.0398777300970759
"gene-MDFIC|MDFIC","MDFIC",10.3553130468549,-0.285762587474412,-0.183908258602893,0.35326607881044,-0.727680812628091,3.84485096778551,0.00758177376243463,0.0399210442237754
"gene-LOC116807760|LOC116807760","LOC116807760",1.41748159197276,0.208275216227287,0.140927590728924,1.26178983963143,-0.46089846206415,3.83882972723261,0.0076465897591722,0.0402486314704727
"gene-LOC140684278|LOC140684278","LOC140684278",1.27555098411533,-0.481154667176895,-0.386037544421723,0.805504517866781,-1.04029449964766,3.83750568535921,0.00766091790389016,0.0402692610606998
"gene-METTL5|METTL5","METTL5",4.04739860076162,-0.504607635055457,-0.18984788212323,0.849724673558826,0.21722080981061,3.83753759597287,0.00766057226168507,0.0402692610606998
"gene-ZEB2|ZEB2","ZEB2",7.32636706934174,0.881266521854457,-0.0823272991184054,-1.86121166604424,0.349518573916819,3.8379444499043,0.00765616678264041,0.0402692610606998
"gene-SBNO1|SBNO1","SBNO1",10.0715977654371,-0.478501853335154,-0.334287059298464,0.56422585296535,-0.484264559947549,3.83812740468515,0.00765418655906583,0.0402692610606998
"gene-EXOSC1|EXOSC1","EXOSC1",3.98218925231404,0.005825272709116,0.48454996942152,1.22372083677791,0.473705724379162,3.83721305914395,0.00766408824633039,0.0402722463877632
"gene-TTBK2|TTBK2","TTBK2",-4.79884682197282,4.94310536983067,-2.24480900585789,-4.8831483729743,1.16650264156993,3.83690379215507,0.00766744032683016,0.0402761843373037
"gene-C4H2orf81|C4H2orf81","C4H2orf81",0.398635488840481,-0.340925708427561,-1.09732826032712,1.98627404322247,-0.79065990758085,3.83629839309997,0.00767400643768458,0.0402969968181774
"gene-CAAP1|CAAP1","CAAP1",3.04831005276898,-0.0898830314986643,-0.242968851313456,0.695997596268821,-0.3768202679547,3.83514633820554,0.00768651733386685,0.0403490012691959
"gene-ARPC5|ARPC5","ARPC5",4.57550422580425,1.31164496943011,0.190027298055953,-2.20775415222831,0.919554973993667,3.83465236657087,0.00769188803729438,0.0403635019929232
"gene-ERP44|ERP44","ERP44",4.58934954868094,0.368804949477519,0.297327645882428,-0.58947484284899,0.443829670758929,3.83376666779412,0.00770152734885076,0.0404003849910052
"gene-SMARCC1|SMARCC1","SMARCC1",5.18048116195877,0.265128258831652,-0.00517315644858421,-0.70738859037298,0.50312328465293,3.83316917258993,0.0077080369968024,0.0404071383894028
"gene-LOC100231272|LOC100231272","LOC100231272",0.997490239006547,1.55288816982654,-0.105288903760714,-2.54145573201943,0.66566178903677,3.83338553474914,0.00770567910766464,0.0404071383894028
"gene-ALDH6A1|ALDH6A1","ALDH6A1",0.228752352494116,0.740438202680919,-0.878578982695106,-3.07131622695271,0.152150955576803,3.83266477950618,0.00771353666212118,0.0404085916879909
"gene-BIN2|BIN2","BIN2",4.95824097236852,0.768674056126784,0.24948045808118,-1.93380900520284,0.603616324694113,3.83283898772181,0.00771163672659707,0.0404085916879909
"gene-HEATR5A|HEATR5A","HEATR5A",2.56117569592263,1.09525200227125,-0.596695616924218,-3.46361217328893,0.610908270342121,3.83064218474542,0.00773563019782899,0.0405106183794936
"gene-LOC100228631|LOC100228631","LOC100228631",0.140752619721277,-0.29411067450614,-3.05872915850878,-0.00558139274725069,-0.156421053849086,3.82840306473714,0.00776016398098648,0.0406253510168355
"gene-CFDP1|CFDP1","CFDP1",4.29966534036489,-0.46084377491639,-0.352587353267108,1.1855052862417,-0.162063523942863,3.82528665249471,0.0077944419137269,0.0407910005461359
"gene-STOML2|STOML2","STOML2",3.38452531211249,-0.901423526933186,0.0562271671153366,1.75369322312358,-0.309946349307537,3.82282766508578,0.00782159736408744,0.0409192762708766
"gene-GLB1|GLB1","GLB1",0.394771417686936,1.64017266975051,0.674261558450539,-4.0534629096764,1.42237397366091,3.82190253425853,0.00783183879199919,0.0409590082143249
"gene-GUCD1|GUCD1","GUCD1",3.6964062948426,-0.0719204936933301,0.246973982311647,-0.433967380782082,0.323104448404251,3.8207775394301,0.0078443111383714,0.0409740433864067
"gene-ZNRF3|ZNRF3","ZNRF3",2.2811203653477,0.255069361259702,0.406865022440053,-0.619881101565112,0.433450885792853,3.82104246822146,0.0078413721670037,0.0409740433864067
"gene-ZMYND8|ZMYND8","ZMYND8",6.3635586247592,-0.471356356321188,-0.115174920309304,0.520878724434036,-0.541084848183579,3.82068799738883,0.00784530472077048,0.0409740433864067
"gene-LOC115491353|LOC115491353","LOC115491353",-4.33482077539562,5.12343305648522,1.43281738701698,0.00308004168145072,2.05367068782173,3.82100284660906,0.00784181163572912,0.0409740433864067
"gene-TRDMT1|TRDMT1","TRDMT1",3.56919079450048,0.367908245314411,0.326125303079159,0.286671259791121,-0.194300808250222,3.82036704712334,0.00784886712208572,0.040978818729513
"gene-USP4|USP4","USP4",7.23695818884388,-0.908780436296092,-0.129550351701461,0.978208705625,-0.732151908901838,3.81658113751572,0.00789101333104628,0.0411710827032843
"gene-PSMD3|PSMD3","PSMD3",5.6105459818658,0.84372907475606,0.0726292955722333,-0.306433645157258,0.77414258747286,3.81676106758533,0.00788900508131717,0.0411710827032843
"gene-PURA|PURA","PURA",4.33113481027716,-0.036028492000021,0.242761345855154,1.69519430857345,-0.281116895299491,3.81629250893324,0.0078942358809533,0.0411740142425859
"gene-LOC115493242|LOC115493242","LOC115493242",0.131150591359972,2.36701018867098,0.325709037295088,-3.8368456213234,1.95866135978971,3.81561708511071,0.00790178224595147,0.0411994879569067
"gene-MIIP|MIIP","MIIP",2.84052323863579,-0.800626634519605,-1.73352528202436,2.56907918836206,-0.785443007392989,3.81488873604651,0.00791835297390299,0.0412719812297571
"gene-TSPEAR|TSPEAR","TSPEAR",-1.09457095920956,3.00441645197215,2.05484084681993,0.254121276469666,2.34264335881611,3.81377122585276,0.00792244306875129,0.0412793961242176
"gene-LOC115494036|LOC115494036","LOC115494036",-3.0914860145126,4.05685167294462,1.76632385897841,-6.56579900627285,2.94552750143699,3.81233329820996,0.00793857594023938,0.0413495330444983
"gene-ALG11|ALG11","ALG11",1.51965492614091,0.813386906849413,0.122532694469205,-1.99648947472477,1.01374729723388,3.81136517476916,0.00794945664085109,0.0413644389768563
"gene-LOC100224152|LOC100224152","LOC100224152",3.59438879856047,-0.206923934866081,1.00896982540939,1.0922728619922,0.118627132705603,3.81141074413444,0.00794894414868526,0.0413644389768563
"gene-IK|IK","IK",7.0633522615582,0.0604647041197645,-0.3427255422281,-0.448860907449014,0.307382271142815,3.81150265966975,0.00794791053029281,0.0413644389768563
"gene-FAM53B|FAM53B","FAM53B",2.71224522564193,0.77738445539147,0.723927964260722,-2.01422883667453,0.470998877742719,3.81020313371326,0.00796253679847948,0.0414185737668807
"gene-CHURC1|CHURC1","CHURC1",7.55769398634456,-0.06440674041019,-0.360873663119776,0.508163608072014,-0.3353281522566,3.80946271558295,0.00797088249847135,0.0414372540935098
"gene-SPATA2|SPATA2","SPATA2",5.29102778480978,-0.956627963258295,-0.0479966158516696,0.995796594386207,-0.585960450497725,3.80940943593553,0.00797148338845743,0.0414372540935098
"gene-SIGMAR1|SIGMAR1","SIGMAR1",0.670439508627116,1.23230777504241,0.470112535082903,-1.98944341200255,1.17999108058066,3.80813136072725,0.00798591138282335,0.0414983138513067
"gene-RUBCNL|RUBCNL","RUBCNL",-1.6903826842091,2.66296218752214,-1.22778032031359,-5.52580855703865,0.688192732317967,3.80786938751683,0.00798887203533374,0.0414997632584054
"gene-LOC121469838|LOC121469838","LOC121469838",-1.62503241914724,5.02094848496127,0.762380383435986,-4.69656568038208,1.867858182866,3.80628529916584,0.00800679817206917,0.0415649787697989
"gene-KIF3B|KIF3B","KIF3B",3.05591023262784,-0.12882349127026,-0.264888695672517,0.625096561953298,-0.518284870665459,3.80628984029535,0.0080067467245416,0.0415649787697989
"gene-RAMAC|RAMAC","RAMAC",5.52713213097115,-0.376405658222541,0.110449514490057,-0.260135516604832,0.198068534030562,3.80575353540048,0.00801282497377851,0.0415753865960437
"gene-COL4A1|COL4A1","COL4A1",-5.15719427538096,-4.19891085803007,-1.17703104683813,-4.99739075128953,-1.12824660631089,3.80563435957688,0.00801417629828745,0.0415753865960437
"gene-CLDN20|CLDN20","CLDN20",-0.611270948452923,-3.31091949280441,1.12155994239021,3.38598266513922,-2.81199290123756,3.8039285803762,0.00803354339401817,0.0416618914284287
"gene-LOC105759048|LOC105759048","LOC105759048",3.58572556239706,-0.722169640863423,-0.340463432875889,2.633759680309,-0.714399868640645,3.80334995546776,0.00804012379457501,0.0416820488177716
"gene-SMIM30|SMIM30","SMIM30",0.128188276464382,1.2445581020775,0.301729420001188,-2.70198847746723,0.354288451205378,3.80226632534086,0.00805246210186541,0.0417136653816841
"gene-RBM6|RBM6","RBM6",4.94912228477636,-0.389994973021053,0.105143709191764,0.418689324764238,0.186512939485808,3.80223161465832,0.00805285763874647,0.0417136653816841
"gene-FAF2|FAF2","FAF2",5.3003112876321,-0.303384114415241,0.0435255050086902,0.169337647823538,0.183362537637496,3.80210426185224,0.00805430902490934,0.0417136653816841
"gene-EYS|EYS","EYS",2.04059064964337,-0.98640656810101,-0.148643585315801,1.09322407543194,-1.07558990995474,3.80147296290172,0.0080615076000505,0.0417166879219407
"gene-RAI1|RAI1","RAI1",0.129300362496222,2.99223546932739,0.362398935852514,-4.44575091640615,1.67617973407178,3.80134391822288,0.00806297987557509,0.0417166879219407
"gene-ERF|ERF","ERF",1.93968599921715,-0.0531882071677786,0.748189125012437,0.904839855317067,0.542397255945536,3.80171134310534,0.00805878863017588,0.0417166879219407
"gene-LACTB2|LACTB2","LACTB2",3.00164740631942,-0.347000438052612,0.917134342160155,0.176016954247496,0.390491692408511,3.79947609352904,0.00808432059529628,0.0418131220629044
"gene-ACBD6|ACBD6","ACBD6",1.54850482529715,0.878619526667232,0.269037308590919,-0.784144091387052,0.912664581703486,3.79905752983337,0.00808911074035479,0.0418239187126597
"gene-LARS1|LARS1","LARS1",4.7888565619185,-0.462881067468547,0.440713773091733,0.647612325012153,0.0198983982918201,3.79857649511652,0.00809461938269645,0.0418384218260613
"gene-MKLN1|MKLN1","MKLN1",6.42414134353348,0.16815391421802,-0.467892994031231,-0.0171857004353001,-0.288548922493459,3.79691839830369,0.00811363657641391,0.0419144739636407
"gene-DPEP1|DPEP1","DPEP1",-0.737143506395156,1.91531578907097,0.265390725869974,2.8209695491208,0.26606789797909,3.79679673675152,0.00811503373539177,0.0419144739636407
"gene-LOC121468710|LOC121468710","LOC121468710",-0.401668243230355,1.74737853547803,0.142875001358856,2.43232336184463,0.554910837990094,3.79658559806312,0.00811745902869345,0.0419144739636407
"gene-ADCY7|ADCY7","ADCY7",2.98353591752814,0.915652889867906,-0.27156333649677,-3.20574931287435,0.617976053566279,3.79600177018093,0.00812416913895786,0.0419351292279429
"gene-LOC140681783|LOC140681783","LOC140681783",0.944948859763447,1.54921217176593,-0.0625051865833344,0.630382576959143,0.899733396679818,3.79558967996262,0.00812890881080096,0.0419456031500983
"gene-LOC140681027|LOC140681027","LOC140681027",6.67901163393299,-0.696559168967785,-0.900069500253534,1.33923955070759,-0.899840723387871,3.79531675269093,0.00813204944182134,0.0419478217040618
"gene-CHGA|CHGA","CHGA",-5.34767946289881,2.83626328859833,-1.7276999045256,-0.00391250311118621,-0.182609648459192,3.7945712705716,0.00814063414753334,0.0419781117737682
"gene-ORAI2|ORAI2","ORAI2",2.70885115251559,0.39884944693011,-0.491821517482059,-0.900914088842518,-0.0474402155196052,3.79313971465131,0.00815714527506567,0.0420492415495141
"gene-RABGGTA|RABGGTA","RABGGTA",4.45874480631598,0.039161249738373,0.864657089069094,0.212059536209472,0.512745866993714,3.79280129659997,0.00816105345784779,0.0420553787080235
"gene-SNRPD2|SNRPD2","SNRPD2",1.70232527431324,0.38177317829813,0.248484721329569,1.29656294768011,-0.703521472623576,3.79243254467209,0.00816531411506285,0.0420633275401457
"gene-CUBN|CUBN","CUBN",0.424502705291303,2.09490162030679,-0.328783215827636,-3.82224637960243,1.67934884381495,3.79150582561441,0.00817603165663702,0.042090515597624
"gene-LARP1B|LARP1B","LARP1B",10.5327657113311,-0.998030253108766,-0.201361353233133,0.504611892773126,-0.716708979418654,3.79162357702531,0.00817466906434553,0.042090515597624
"gene-LOC121470407|LOC121470407","LOC121470407",1.89308907621071,-1.30217265565418,-0.827703701951689,2.1882402693007,-0.738685763219993,3.79110620009412,0.00818065775306133,0.0421003254834134
"gene-NADK2|NADK2","NADK2",0.988324446529748,-1.18918583572843,0.950244932360688,0.219959851500434,-0.300699537338517,3.78844768775542,0.00821150070403217,0.042245004453091
"gene-CIAO2A|CIAO2A","CIAO2A",8.73039049390051,-0.916505854810706,0.589432484803518,1.3796987284139,-0.289133667407759,3.78771345814835,0.00822003974263586,0.0422748803646693
"gene-LOC140680276|LOC140680276","LOC140680276",2.62008224293341,-0.74082383378894,-0.0915683008747555,1.07912771897182,-0.980677345005649,3.78698910610115,0.0082284727509442,0.0423041913026118
"gene-SMARCC2|SMARCC2","SMARCC2",7.24621174583451,0.064614752047865,0.239735106161507,0.460701291077035,0.44511710366195,3.7856562907929,0.00824401255910246,0.0423700080877152
"gene-IP6K1|IP6K1","IP6K1",7.18056256313462,-0.000884954466063001,0.13526708965745,0.165027639515465,0.262670662323555,3.78497513810409,0.00825196589664638,0.0423968035360567
"gene-LOC100218233|LOC100218233","LOC100218233",0.589450443450716,1.38455001243206,0.0929976091756411,-5.71134005559836,2.08671577040944,3.78450090548126,0.00825750778006727,0.0424111957837839
"gene-MIR451|MIR451","MIR451",1.0743100602001,-3.83921211135739,2.27225622582909,6.12026747507464,-2.19749002649514,3.78423661133398,0.00826059796359108,0.0424129905396722
"gene-LOC140683899|LOC140683899","LOC140683899",-4.17757376604499,3.23396994632986,-1.4919613738189,0.604147334402837,0.426818106903354,3.78348760854913,0.00826936185146006,0.0424157688602401
"gene-AGBL2|AGBL2","AGBL2",4.26344395533019,-0.200785789512058,-0.755826749029961,1.48883113262194,-0.352177407258247,3.7836210787804,0.0082677994590709,0.0424157688602401
"gene-LOC115498413|LOC115498413","LOC115498413",1.69321378057264,-0.411398360586231,0.125537698030266,3.04800319180682,-0.781526338970831,3.78395580370033,0.00826388251428859,0.0424157688602401
"gene-CCDC78|CCDC78","CCDC78",-0.637082809230223,0.969312635195096,-1.28632002005549,2.81783019525908,0.477963063934727,3.78255013413335,0.00828034431603245,0.0424580279292917
"gene-LCMT1|LCMT1","LCMT1",3.9343380729659,-0.108188320334193,0.103092340454108,0.493008115871371,0.365065439935222,3.78212595828572,0.00828531838489107,0.0424694607506423
"gene-LOC115497712|LOC115497712","LOC115497712",-4.84817442914615,-2.79796738313145,-3.06232221803893,4.49842049711864,-2.8930907425828,3.78177307705819,0.00828945873657133,0.0424766138902124
"gene-ABRAXAS2|ABRAXAS2","ABRAXAS2",5.07111063670119,-0.0148987262357406,-0.317247744003637,0.453225639900918,-0.366349582490665,3.78044753441279,0.00830503011053841,0.0425282398943024
"gene-IDH1|IDH1","IDH1",4.20890573884643,-0.277039208937566,-0.613929345079236,-0.579968269281391,-0.529407443436191,3.7804530075954,0.00830496575504611,0.0425282398943024
"gene-LDHB|LDHB","LDHB",2.73453841367012,0.682558432813103,0.214564127859632,-2.85134787914662,0.745429946431936,3.77927828528532,0.0083187901564385,0.0425846105428005
"gene-IPP|IPP","IPP",5.12030651333677,-0.435211922153318,-0.663965735443378,0.262939951513374,-0.685056184901236,3.77857923860679,0.0083270277965691,0.0426126835819797
"gene-LOC100221408|LOC100221408","LOC100221408",-0.62893574206136,4.03822554626814,-0.353862512953965,-7.16606448708642,2.95980697259697,3.77833347633384,0.00832992585471173,0.0426134223476575
"gene-LOC121470298|LOC121470298","LOC121470298",-3.92517091720303,2.50804551610205,-0.745351659133388,3.61808311810067,1.40195479092514,3.77803686946595,0.00833342484370778,0.0426172337925902
"gene-ARID2|ARID2","ARID2",6.00347544743055,0.235981529982837,0.369603754522591,-0.556766530443265,0.393308883239968,3.77745441858344,0.00834030020307172,0.0426383038131929
"gene-CDYL2|CDYL2","CDYL2",1.38298592372329,1.69613767732369,-0.247200630389268,-3.47880558511758,1.14397781095162,3.77634680034813,0.00835339064745826,0.0426911229423437
"gene-AP5S1|AP5S1","AP5S1",0.66384644386355,2.14144297300205,1.45128813475752,0.689497646748259,1.35018520682106,3.77341552503118,0.00838813493449109,0.042798017840834
"gene-RNF207|RNF207","RNF207",0.60548901414137,-0.426805767661078,0.443608267087447,3.40150092302032,-0.31516321577639,3.77343403930604,0.00838791502524793,0.042798017840834
"gene-LOC140680560|LOC140680560","LOC140680560",-5.04279221220505,5.82305729791621,-2.19606662739898,-6.70510848502827,4.33739038095112,3.77374552841831,0.00838421609180699,0.042798017840834
"gene-LOC140680536|LOC140680536","LOC140680536",3.33802104712281,-1.09195715747022,-0.497340931761597,1.33582119683397,-0.929423862186411,3.77378447975112,0.00838375366133681,0.042798017840834
"gene-LOC140682131|LOC140682131","LOC140682131",-2.94036458501146,2.04223284689635,0.125085677354075,2.01055588739572,0.0469409939339384,3.77391998430911,0.00838214515230962,0.042798017840834
"gene-ZFAND4|ZFAND4","ZFAND4",5.16064784765099,-0.5835537321238,-0.0951090992291938,0.189733676142127,-0.0156836835768082,3.77189165340015,0.00840625531403864,0.0428622079027176
"gene-NDUFB6|NDUFB6","NDUFB6",5.00037270388576,-0.169925971057203,0.930782580736792,0.184161412902372,0.375509321708456,3.77193476864534,0.00840574208353167,0.0428622079027176
"gene-MAD2L1BP|MAD2L1BP","MAD2L1BP",3.4035491247042,-0.705640839264236,-0.575859473508259,0.490515132581821,-0.881549206175079,3.77137983328435,0.00841235029566184,0.0428791570571037
"gene-NCF4|NCF4","NCF4",0.274825126723769,2.24136653685606,-0.610227445949722,-3.34953270885362,1.15474429593987,3.76877594625554,0.00844342816349714,0.0429950808917796
"gene-ADIPOR2|ADIPOR2","ADIPOR2",9.02531142920898,-0.551627093538905,-0.159772602921073,0.104634478414216,-0.605000575620581,3.76880610656196,0.00844306752758059,0.0429950808917796
"gene-LOC100231218|LOC100231218","LOC100231218",5.52656335215168,-0.250758636609184,0.597541044421497,0.633487512791579,0.193353755039,3.76881727221355,0.00844293402047417,0.0429950808917796
"gene-TARBP2|TARBP2","TARBP2",2.04895553257678,1.27856426200901,0.45997118681165,-0.0641493000656567,0.98522449749973,3.76805447504479,0.0084520596813856,0.0430248761741586
"gene-LOC100221249|LOC100221249","LOC100221249",-0.0634900280549002,3.17162614309232,-0.769997785854244,-5.0907363713173,2.51059466142022,3.76667522842134,0.00846858564283323,0.0430948249992911
"gene-PSTPIP2|PSTPIP2","PSTPIP2",1.87647107234686,1.84841326538503,-0.349708464942667,-2.34780762611164,1.08749724018241,3.76464722616989,0.00849294457730808,0.0432045750604348
"gene-SNRPA1|SNRPA1","SNRPA1",3.10298971184195,-0.607421953757156,0.236835921644682,1.78486104451595,-0.166030319066754,3.76411029681832,0.00849940570856072,0.0432232347485959
"gene-INKA2|INKA2","INKA2",-2.01711319573033,4.12009982125955,1.98883383523612,-3.88061856585192,2.78169178618768,3.76319534523782,0.00851042727604745,0.0432650663918641
"gene-STX8|STX8","STX8",0.367149784423839,0.670692887865874,0.640794192912592,-1.69947851094069,0.115883677293283,3.7619686504191,0.00852522691875817,0.0433260711224245
"gene-CCDC59|CCDC59","CCDC59",6.08077362845023,-0.371790889358268,-0.565829014788285,1.16800306152033,-0.310552751592443,3.75855568437617,0.00856654092602946,0.043521740259457
"gene-PRMT7|PRMT7","PRMT7",1.82800183034785,-0.164313933084108,0.451347231340315,0.68291024750125,-0.621525504429158,3.75696823874707,0.00858582625072459,0.0436047508171829
"gene-ZNF831|ZNF831","ZNF831",2.90872954805192,1.21898774344204,-0.0848173757734914,-2.70759306713651,0.640051141013768,3.75674714810768,0.00858851570215014,0.0436047508171829
"gene-CDK7|CDK7","CDK7",3.37271356585814,-0.776828645078822,-0.175218649949741,0.609358209528441,-0.127583576423476,3.75630425088082,0.00859390588973774,0.0436178070330244
"gene-LSM8|LSM8","LSM8",4.86382389426902,-0.349217327894036,-0.684296447682459,0.480522869994634,0.0398607252133302,3.75555525371824,0.00860302922628625,0.0436497958284524
"gene-TBX10|TBX10","TBX10",-2.34589948777433,4.2188503793462,-0.255348457262344,1.21137096701102,1.70120070470631,3.75519523547802,0.00860741801523838,0.0436577495200963
"gene-SKP1|SKP1","SKP1",10.6527116590124,-0.635663832904173,-0.441865962530674,-0.045089000323703,-0.680735807056086,3.75475644819942,0.0086127701117471,0.0436705823981935
"gene-SGIP1|SGIP1","SGIP1",-3.74288772127971,3.08698486380656,1.57364907100648,1.12668697486011,-0.300157989371439,3.75384992659354,0.00862383809898009,0.0437076584413102
"gene-LOC100219158|LOC100219158","LOC100219158",-1.3358168837722,-0.53124049718853,-1.03901732168879,-0.943704190847169,-1.23919928354418,3.75369499850781,0.00862573110693127,0.0437076584413102
"gene-CYFIP2|CYFIP2","CYFIP2",2.47417400210549,1.01815628015586,0.0560793057625224,-3.72961686110628,1.15422601046398,3.75229074746032,0.00864290839260673,0.0437803624797346
"gene-LIN7C|LIN7C","LIN7C",5.91328253590852,-0.286643771452436,-0.361633423225029,0.317404725782944,-0.476178484125874,3.75155096968741,0.00865197158655123,0.043811930727055
"gene-MAPKBP1|MAPKBP1","MAPKBP1",1.91401019332056,0.0977501370845209,0.658467967576635,-1.06571915712672,0.448733665781684,3.75092679924276,0.0086596259590396,0.0438363466523185
"gene-ABR|ABR","ABR",3.21698672210481,1.09073131804449,0.191531053353208,-2.06460228096539,0.879763489517705,3.7494769515985,0.00867743240394874,0.0439121211416307
"gene-ACSL1|ACSL1","ACSL1",-1.07976986937538,1.08581297492856,-2.65977112250576,-4.30896007084914,0.53601020103586,3.74922262963556,0.00868055971745817,0.0439135866713518
"gene-ANKRD49|ANKRD49","ANKRD49",3.59217900889266,-0.712434306313453,0.907920646540953,0.897600053655959,0.185620389722558,3.74809451834948,0.00869444554417585,0.0439694590836998
"gene-LCP1|LCP1","LCP1",4.01104156899576,2.13460862239068,-0.245671448723377,-4.14668311980658,1.42375502320139,3.74633975137185,0.00871608969849216,0.0439993017598233
"gene-TMEM214|TMEM214","TMEM214",4.28766963514803,0.0488425749304239,0.357500154178312,0.771742689546326,0.407654178828806,3.7468344795985,0.0087099819422649,0.0439993017598233
"gene-LOC140684235|LOC140684235","LOC140684235",-3.10152669802253,2.20740783319586,-2.46202346749628,-0.26022093148237,-0.311393615841342,3.74623317005711,0.00871740608695432,0.0439993017598233
"gene-BDH1|BDH1","BDH1",3.33828876841039,0.206732703604969,1.24792119084323,0.137996030596241,0.745404609026578,3.7465807905421,0.00871311336263186,0.0439993017598233
"gene-TBC1D24|TBC1D24","TBC1D24",1.59578357225465,0.0813141771076151,0.46133235681629,-1.60815169217564,0.443372694942852,3.74649425132946,0.00871418182430242,0.0439993017598233
"gene-ITGA3|ITGA3","ITGA3",1.26563717648303,0.644626890037875,0.808608282781077,-1.50461771291573,0.862651287860392,3.74651944882477,0.00871387070815037,0.0439993017598233
"gene-REPS2|REPS2","REPS2",-2.68386419112134,4.52671044604532,0.0408874224279724,-8.73126142298599,3.00890981406795,3.74571314734228,0.00872383179847749,0.0440173775942091
"gene-BUD13|BUD13","BUD13",5.5326586296502,-1.2505531456578,-0.334311268009257,1.66917492706604,-0.880590628354967,3.74532160007186,0.00872867316662239,0.0440274502129992
"gene-ARHGEF5|ARHGEF5","ARHGEF5",-2.96676634071173,5.32076460760414,-2.02175212786742,-10.6453807114077,4.02098616603118,3.74489283692043,0.00873397783005474,0.0440398523688815
"gene-LOC140682084|LOC140682084","LOC140682084",2.75215524396995,-0.509928313886239,0.000288610096741431,1.56289473677391,-0.862660451196337,3.74439081309348,0.00874019303889279,0.0440568362465362
"gene-SPDYA|SPDYA","SPDYA",-4.95114478029106,-1.40946002766963,-0.741461161071105,1.59234180910175,-3.30272173070253,3.74327032791599,0.0087540812029118,0.0440994240620388
"gene-TRIM8|TRIM8","TRIM8",2.10367377080709,0.785469867356067,0.585127097851313,-1.47877838981152,0.727806291742359,3.74324936542303,0.00875434124191168,0.0440994240620388
"gene-MSS51|MSS51","MSS51",0.139727559133887,2.5862018023144,2.9077633453362,0.00158010894768128,1.9344303060418,3.74358932627971,0.00875910096985411,0.0441090424694085
"gene-LRP5|LRP5","LRP5",-0.406825272350311,2.12053950168359,-0.757997156775169,-4.7120457948995,0.660434792490883,3.74128919189495,0.00877869184092936,0.0441897145002197
"gene-DOCK10|DOCK10","DOCK10",3.21683631530651,1.16069246158302,0.23377746931697,-2.35993839413932,0.621229185396876,3.74111719381361,0.0087808317989128,0.0441897145002197
"gene-LOC115495437|LOC115495437","LOC115495437",-3.36235561173583,0.963776049232601,1.21139778606303,2.08933075588721,2.33500531889801,3.74013642000058,0.0087930444789296,0.0442367891129505
"gene-LOC121470910|LOC121470910","LOC121470910",-0.728091319396442,2.16589101770754,-0.613017517450012,-5.14254336584541,1.34812927912124,3.73970091464238,0.00879847296118385,0.0442497137063114
"gene-LOC115497790|LOC115497790","LOC115497790",-3.49889620592771,-0.706147362999261,1.71080326320161,5.85109917547928,-1.25732841410719,3.73868993420339,0.00881108775003031,0.0442987598868483
"gene-OCA2|OCA2","OCA2",-2.11673280900006,2.97819237506833,-3.92981422558141,-0.825105700600844,0.855815339669856,3.7381779243123,0.0088174835041933,0.0443165174496237
"gene-GCN1|GCN1","GCN1",7.37038591230001,-0.71164373682405,-0.376135863356997,1.06062471613514,-0.590606195274698,3.73768698612079,0.00882362047182557,0.0443185740998055
"gene-ATG2A|ATG2A","ATG2A",6.03318348233919,0.37231064326243,0.627287464844235,0.791272278250688,0.852193784569406,3.73789465973888,0.00882102392052095,0.0443185740998055
"gene-ARID1B|ARID1B","ARID1B",3.53209485936055,0.194668038611236,0.7620637381616,0.0639982215059842,0.413337926155019,3.73737700134956,0.00882749766824498,0.0443190886639872
"gene-PNPT1|PNPT1","PNPT1",1.47933266626355,0.6090672709105,0.34376253455998,-1.63413636185789,0.899783404091052,3.73722090341029,0.00882945074966543,0.0443190886639872
"gene-MFSD6|MFSD6","MFSD6",7.16327803741466,-0.0759171719110577,0.273196470218798,-0.689922998021799,0.262667772478062,3.73678898997796,0.0088348570946962,0.0443244564776138
"gene-GNAI3|GNAI3","GNAI3",4.68570557593036,0.502006511838725,0.168358005674076,-0.796894884011765,0.510977423548773,3.73667786001157,0.00883624867421251,0.0443244564776138
"gene-LOC116809227|LOC116809227","LOC116809227",2.73789523472039,-2.03238477402566,-0.555881430155107,1.81394105793922,-1.26277107802437,3.73472242382153,0.00886077129218429,0.0444330640785975
"gene-SNX5|SNX5","SNX5",3.9427104956291,-0.653623873800102,-0.289202126758599,0.38042900857261,-0.00556459400682461,3.73300957366628,0.0088823085090627,0.0444981247187574
"gene-LOC115497277|LOC115497277","LOC115497277",-2.5209091964858,5.73166455728366,-0.392898574086078,-7.15496328376889,3.02839850823882,3.73342886043677,0.00887703152521919,0.0444981247187574
"gene-LOC105758865|LOC105758865","LOC105758865",0.838004580389934,1.46451196114957,0.980503941640084,1.99392384716365,0.407320060001577,3.73277616198532,0.00888524752057902,0.0444981247187574
"gene-LOC100223070|LOC100223070","LOC100223070",-0.846564227425527,3.26533002404435,-0.12070326132498,-0.0735180752450619,1.70636584752215,3.73291858464925,0.00888345408303269,0.0444981247187574
"gene-POU6F1|POU6F1","POU6F1",3.8556380550567,1.30880688904225,-1.24521508398805,-0.119470303876893,-0.210468036070581,3.74461119239716,0.00888979673068252,0.0445065041757722
"gene-VTI1A|VTI1A","VTI1A",2.58388827595233,-0.685359626395938,0.515782205324043,0.654546203692527,-0.0654940943182716,3.7317330150361,0.00889839442241399,0.0445351402609497
"gene-LOC115497597|LOC115497597","LOC115497597",-0.236044384624233,-1.87148170723676,-0.667883590398368,1.51849198573698,-2.11648451691957,3.73108745235444,0.00890654042219228,0.044547095356634
"gene-UBE2J2|UBE2J2","UBE2J2",6.76614762949912,-0.210557999673307,0.230301626882386,-0.0406795884788291,0.129580984453162,3.73111022896305,0.00890625288781723,0.044547095356634
"gene-EEF1B2|EEF1B2","EEF1B2",8.62672449993138,-0.668674114424335,-0.11913279291579,1.43233238077514,-0.745826082558915,3.72948879890847,0.00892674557697505,0.0446337278848753
"gene-ADGRA2|ADGRA2","ADGRA2",2.79745654967322,-0.552153180459248,-0.30141015670311,3.38002658871584,-0.576127227960205,3.72805550422796,0.00894490037702665,0.0447100559865915
"gene-KIF7|KIF7","KIF7",-0.579990727027977,1.86705786721816,0.397120141790673,-4.48753827250047,1.78095430934828,3.72780557979282,0.00894806987885853,0.0447114566920684
"gene-LOC100232037|LOC100232037","LOC100232037",-0.752733553518869,2.60007314838039,-0.17059418974445,-6.21640480683767,3.06503023125149,3.72744574729222,0.00895263522135371,0.0447198289381693
"gene-MYCT1|MYCT1","MYCT1",2.87425570694341,-0.164448237250246,0.157345524230244,-0.753985040822544,-0.587453654395003,3.72555133234642,0.00897670949474606,0.0448256145308794
"gene-DNAJC1|DNAJC1","DNAJC1",0.95727805759065,0.811431918911399,-0.203763987829811,-2.52233716041118,0.802405991106909,3.72494858190736,0.00898438304670885,0.0448494605315546
"gene-EEF1A1|EEF1A1","EEF1A1",12.0406574284977,-0.442524590383325,-0.200094211540047,1.07582669962964,-0.851841719764994,3.72344244093892,0.00900358671205603,0.0449308301738365
"gene-TRIB1|TRIB1","TRIB1",-1.67093379709922,3.78722594449321,0.241537030789314,-6.48665791698174,2.39502731006607,3.72303939385242,0.00900873273002906,0.0449420177295937
"gene-CHD7|CHD7","CHD7",1.20911930915551,1.42779780174831,0.0988956480365941,-3.07712765555955,0.709975975913661,3.72281199476137,0.00901163743081388,0.0449420203808717
"gene-UBE2D2|UBE2D2","UBE2D2",7.72997228773993,-0.784814813459114,-0.117887442374096,1.42058844414504,-0.726283924566955,3.72171822425709,0.00902562209754888,0.0449972622292426
"gene-MGAT4A|MGAT4A","MGAT4A",2.49574401074061,0.239148938929078,0.344832357112213,-0.683533747311556,-0.214761750782894,3.71952198279931,0.00905376929085576,0.0450940070086878
"gene-VEGFA|VEGFA","VEGFA",2.16968578063839,0.138782253793775,0.558241947113852,0.638676404546526,0.616915721333747,3.71993146604615,0.00904851456825135,0.0450940070086878
"gene-DIS3L|DIS3L","DIS3L",0.0334582511642781,1.44333518639695,0.44173027014671,-2.7503870350108,1.0734351055086,3.71955780066435,0.00905330953188329,0.0450940070086878
"gene-LOC105758956|LOC105758956","LOC105758956",0.258734405994971,0.334276786347573,0.388368095453652,-1.87568997120458,0.859579844749527,3.71807430287555,0.00907237161168908,0.0451721205569139
"gene-AGBL5|AGBL5","AGBL5",3.33523365431125,0.779214786242907,0.276469607394541,1.31490157789461,0.0742942098587897,3.71736073614748,0.00908155504494678,0.0452033014861857
"gene-ETFDH|ETFDH","ETFDH",3.13926546697951,1.0100017458221,0.0132705000514178,-1.71619058068633,1.07951426669236,3.71712883277378,0.00908454161870919,0.0452036275078858
"gene-LOC115498553|LOC115498553","LOC115498553",-0.460079373600675,0.434237324308463,0.253173260110412,-4.06939088406242,1.63766661117617,3.715592557338,0.00910435179721108,0.0452876387212605
"gene-TRAF3IP2|TRAF3IP2","TRAF3IP2",-1.27490128635875,3.90747468885498,0.581238205471341,-1.47317436147294,1.81459705158384,3.71476242315566,0.00911507458453335,0.0453066843704877
"gene-GLB1L|GLB1L","GLB1L",1.16156243873943,0.887437846019668,0.379256408673292,2.22222554839715,-0.194900109843343,3.71486377598216,0.00911376472965569,0.0453066843704877
"gene-AP3D1|AP3D1","AP3D1",7.22480116179934,-0.813487474942345,-0.331351003532986,0.842671346573516,-0.678064023446919,3.71461626549541,0.00911696382098215,0.0453066843704877
"gene-TRAPPC3|TRAPPC3","TRAPPC3",5.07432094333312,0.0424476505357392,0.063620163943212,-0.571431257496651,0.371521833200572,3.71381310093319,0.00912735264107983,0.0453437502795218
"gene-LOC140682088|LOC140682088","LOC140682088",3.48456139340471,-2.02119310896049,0.523648863709808,2.24963322284738,-1.98589010754374,3.7135994058126,0.00913631054612203,0.045373686040192
"gene-UIMC1|UIMC1","UIMC1",4.54551223449537,0.0204667249761021,-0.0887151039287627,-0.0703200902750585,0.346278405052432,3.7110211765819,0.00916355943740475,0.0454630498124541
"gene-NECTIN1|NECTIN1","NECTIN1",-1.60292666904127,4.03780471443638,-0.31654591268519,-6.00265412687674,2.42544298118887,3.71101980357265,0.00916357727898602,0.0454630498124541
"gene-BAG6|BAG6","BAG6",7.66734253153642,0.448841003033765,0.565457271043004,0.304562687033243,0.75366069916904,3.71082908443981,0.00916605592341563,0.0454630498124541
"gene-SNAPC3|SNAPC3","SNAPC3",1.96581994486756,0.174954401603163,0.279925674481068,-0.266008337104883,0.739895712776156,3.71119098911739,0.00916135307889862,0.0454630498124541
"gene-KATNAL1|KATNAL1","KATNAL1",-2.74060818665484,3.8291631529599,0.00308190753447416,-3.62904256329467,1.17443972823333,3.7088291018793,0.0091920893642782,0.0455775658161503
"gene-NRP1|NRP1","NRP1",4.90760019467953,-0.233578866195379,-0.20167204244997,-1.44753661168678,-0.345843447405838,3.70673887719406,0.00921937774628075,0.0456982288993256
"gene-SNORC|SNORC","SNORC",3.80071113719988,-1.17487268575064,-0.582520400519879,1.38692733193841,-0.709087152951285,3.70498943102564,0.00924228043365962,0.0457970828405004
"gene-F5|F5","F5",3.86602886824986,1.84538143802602,-0.488365025983672,-2.1147394551405,1.10817964988027,3.70349690892616,0.00926186530632274,0.0458620931518969
"gene-SIX4|SIX4","SIX4",-1.16900778839152,-0.770561255682123,0.978333058151057,4.10203547860969,-1.51451299338338,3.70321967439727,0.00926550781708715,0.0458620931518969
"gene-TERF2|TERF2","TERF2",5.88246184931313,-0.188105538969655,-0.138203022001749,0.51320841730682,0.293543217860618,3.7031435978436,0.00926650762110417,0.0458620931518969
"gene-SPPL3|SPPL3","SPPL3",5.18653260639867,-1.02662996453453,-0.0614420569771464,0.862104716750001,-0.617108737069487,3.70308676283982,0.00926725462268056,0.0458620931518969
"gene-LOC115498310|LOC115498310","LOC115498310",1.15818263366169,0.00634509947531825,-1.14587408345794,0.91149310324924,-0.591659352412553,3.70203116796135,0.00928113978438199,0.0459161247325164
"gene-LZTFL1|LZTFL1","LZTFL1",-1.46201727933756,3.77907465240312,0.586507340759717,-1.18114257777178,1.42043189731175,3.70156634493758,0.00928726070714423,0.0459317224170844
"gene-RABIF|RABIF","RABIF",4.31713705337947,0.514389264357696,0.222489063493164,-0.710160227220759,0.545791702106985,3.70132990726092,0.0092903757593023,0.0459324488419179
"gene-COMMD5|COMMD5","COMMD5",1.89948258473555,0.391754022855419,0.117359828893911,-0.711408608373584,0.592272364397339,3.70041637074601,0.00930242152282973,0.0459653921853744
"gene-POLD4|POLD4","POLD4",6.4065950500929,-1.309836915084,0.172155704953202,2.23371646955163,-1.01099880790753,3.700149015111,0.00930594983630229,0.0459653921853744
"gene-TNFSF15|TNFSF15","TNFSF15",-2.89869031791345,5.73967951951053,-1.47648990996216,-4.73427129748015,2.4275159153554,3.70021570387715,0.00930506961215746,0.0459653921853744
"gene-LOC140683595|LOC140683595","LOC140683595",-2.74591591590337,1.88279227362255,-0.104873996172572,-8.47479958126574,2.18984413644208,3.69849844168,0.00932776270466161,0.0460472520580887
"gene-PCMTD2|PCMTD2","PCMTD2",5.91473131044171,-0.464176673434864,-0.496945866739888,-0.142504459771955,-0.578613121060504,3.69844468394003,0.00932847400336724,0.0460472520580887
"gene-APOB|APOB","APOB",-5.6852556188526,-0.199246254865126,4.66475944831774,3.9534299163648,0.940700978662119,3.69585918732982,0.0093627492769663,0.0462017044199788
"gene-PEX3|PEX3","PEX3",3.88336965050766,0.907069933169868,-0.242106895240514,-1.71739694150895,0.920152074180613,3.69541299663315,0.00936867724291177,0.0462162194243097
"gene-CRTAC1|CRTAC1","CRTAC1",-2.42922005669998,2.75969057866328,-0.565110845058115,2.20013587642045,0.349746734567067,3.69474667131998,0.0093775369542291,0.0462451830359131
"gene-LIMD2|LIMD2","LIMD2",3.76608180741938,0.749766927096464,0.384658362056959,-1.52877621869413,0.571164071717356,3.6921662902486,0.00941192702875288,0.0463999906881016
"gene-SCNM1|SCNM1","SCNM1",3.96353658384018,0.344396717569889,0.798046436705859,0.251597456795698,0.488370446016676,3.69157075720275,0.00941988218186441,0.0464244193517044
"gene-DNAJC24|DNAJC24","DNAJC24",2.12685165970509,-0.130400097972267,0.47388323104736,0.121573086993022,0.404546253010514,3.68967579440415,0.00944524063178947,0.0465345745867374
"gene-SH3KBP1|SH3KBP1","SH3KBP1",1.05659118445602,1.6257983927444,-0.630057729860053,-4.12026525439354,1.14048042980519,3.68923252900031,0.00945118242191216,0.0465490286375209
"gene-PAPOLA|PAPOLA","PAPOLA",7.4233064792957,-0.646906459353262,-0.57365930619841,0.0718121691445447,-0.451462539341766,3.68897600678338,0.00945462273052036,0.04655115709666
"gene-PODXL|PODXL","PODXL",7.24375534712366,-0.57671431244388,-0.555025718380833,0.795843042369525,-1.12530428244689,3.69311222621354,0.00947733637985935,0.0466481490071003
"gene-DCUN1D1|DCUN1D1","DCUN1D1",4.50900645627154,-0.122819853415659,0.158255315255006,0.0218950000500898,0.347536839454313,3.68504184527902,0.0095075447490081,0.046763597727928
"gene-ELMO3|ELMO3","ELMO3",3.3136109212428,0.422965570580116,0.68616924767253,0.133586440861856,0.753524248248603,3.68442267888214,0.0095159010820837,0.046763597727928
"gene-CLPP|CLPP","CLPP",4.14649339288116,0.496599891052102,0.23693386319379,-0.25048999276525,0.774247714831339,3.68461193724864,0.00951334604059416,0.046763597727928
"gene-MAP2K7|MAP2K7","MAP2K7",6.35346643895796,-0.263933091416898,-0.473580579805524,1.04383911923526,0.0529146404898022,3.68503936526355,0.00950757820468164,0.046763597727928
"gene-DMAC1|DMAC1","DMAC1",4.75885134479592,0.122660032969621,0.692572277160351,1.38591140597292,0.522158262749559,3.68453027506243,0.00951444841774686,0.046763597727928
"gene-SLC8A2|SLC8A2","SLC8A2",1.27994824079696,0.630906398379086,-0.169741434888584,1.81271654479211,-0.502932268467634,3.68403711227491,0.00952110849662697,0.0467743345985087
"gene-RPS6KA1|RPS6KA1","RPS6KA1",3.38327618672985,1.36566308489008,-0.577037988177982,-2.65781318784358,0.925863892291173,3.68347466161994,0.00952871007555461,0.0467968227290408
"gene-PES1|PES1","PES1",5.79456621298646,-0.424240741663081,-0.486173282861648,0.742806690275275,0.0461013326175322,3.68231612621742,0.00954438723005292,0.0468589442846031
"gene-TRUB1|TRUB1","TRUB1",-0.975615631737819,2.06483958341426,-0.65119415304301,-5.49971833648377,1.52826284028445,3.6815790424931,0.00955437498500067,0.0468782349057975
"gene-FBXO31|FBXO31","FBXO31",3.73579326484074,-0.148571070883416,-0.443808321910885,0.457339793762466,-0.468922371577741,3.68165949867549,0.00955328425834947,0.0468782349057975
"gene-PSMD1|PSMD1","PSMD1",6.13796869322044,0.493113592596555,-0.000942428068251195,-1.01166390885107,0.528974761541246,3.6808230537916,0.00956462993541727,0.0469136761491544
"gene-EMC6|EMC6","EMC6",3.73653606331105,0.869762096719677,0.244035797060514,-0.530262073355651,0.733581405416982,3.68019903218985,0.00957310317925495,0.0469183390375992
"gene-ZNF385A|ZNF385A","ZNF385A",-4.0918429845485,4.16914413711178,3.3264759100809,1.77864337768585,1.1957989067416,3.68020017829625,0.00957308760992538,0.0469183390375992
"gene-SPINK4|SPINK4","SPINK4",-1.89229341836646,2.07191754196922,-0.37142046435927,0.670508810707445,-0.283577220646578,3.68008324472369,0.00957467623138859,0.0469183390375992
"gene-GLYCTK|GLYCTK","GLYCTK",1.04129514479331,1.39012119358742,0.325855368703895,-0.756303109794355,1.26808879675534,3.67921739034711,0.00958644778068228,0.0469611520753588
"gene-CPSF6|CPSF6","CPSF6",6.50535423667116,0.261697644369188,0.0590641214629034,-0.789025721890164,0.584888921610205,3.67750847831671,0.00960972409766552,0.0470602786111943
"gene-INPP5J|INPP5J","INPP5J",3.11764480007376,-1.94363707511106,0.484672872965548,2.67690385433884,-1.50322035755367,3.67725765540635,0.00961314526963893,0.0470621395278907
"gene-SESN3|SESN3","SESN3",2.00647813553029,1.37698520969025,0.237246449231825,-2.28469546489719,1.03435395711628,3.6740957711219,0.00965637892933433,0.0472588437480863
"gene-TYMP|TYMP","TYMP",-3.9076762001456,4.3674190288933,4.535938897991,-0.742962524910936,3.09164847986504,3.67225189286863,0.00968168207575028,0.0473676984262522
"gene-RCOR3|RCOR3","RCOR3",1.54888639371262,0.940671537008564,0.236458563853889,-2.01619448660787,0.733502224287631,3.67163343772121,0.00969018407306179,0.0473856183528545
"gene-RAB3B|RAB3B","RAB3B",-0.836892888671528,-0.229172008559747,0.068917106450575,2.2486352411248,-0.961673423455831,3.67154002029872,0.00969146895552726,0.0473856183528545
"gene-FLNA|FLNA","FLNA",7.77543803763198,0.970158911212291,1.09092470825075,-0.863608567200691,0.435552321892337,3.67116852845889,0.00969658024291049,0.0473956346364624
"gene-AAMP|AAMP","AAMP",5.53927226747811,-0.802583357483981,-0.355652720748449,0.543599667626342,-0.40172570777058,3.66964271454196,0.00971760235981807,0.0474833901225717
"gene-OTULIN|OTULIN","OTULIN",8.18501967687872,-0.760920018299886,0.0592237374573308,0.218450706859373,-0.14482297962523,3.66725015377877,0.0097506594235956,0.0476121923960509
"gene-TUT1|TUT1","TUT1",3.08836153450631,0.740875008078634,0.566211641153729,0.525198911037428,1.10138302965925,3.66748644954112,0.00974738954329025,0.0476121923960509
"gene-LOC140682128|LOC140682128","LOC140682128",4.78897986196445,0.241405640778782,-0.354592436639494,-0.123006087032968,-0.213699568848331,3.66706717683704,0.00975319223880332,0.0476121923960509
"gene-IFNGR2|IFNGR2","IFNGR2",5.74636193317451,-0.366435511205398,0.623176202134669,0.505173672121479,0.0948107529154349,3.66667572263724,0.00975861309493547,0.0476236321804246
"gene-ANTXR2|ANTXR2","ANTXR2",2.97930083477129,1.82519262299845,-0.245741273010264,-3.65613414204114,1.05353406538557,3.66481281796765,0.00978445254301994,0.0477046008516804
"gene-CCDC25|CCDC25","CCDC25",6.03942967558356,-0.0791043199267786,0.280537996963665,0.799341728996675,0.302760234162331,3.6652298325282,0.00977866230756339,0.0477046008516804
"gene-LOC140681598|LOC140681598","LOC140681598",-1.49437358703406,1.26548341040599,0.150030550361489,4.69628640320407,-0.311296237360017,3.6648571541304,0.00978383677129733,0.0477046008516804
"gene-LOC115495508|LOC115495508","LOC115495508",1.69640750208973,-0.362277261116794,-0.201822670304687,1.31378029255589,-0.631094162969351,3.66439652867424,0.00979023618035087,0.0477177653199779
"gene-LOC115497779|LOC115497779","LOC115497779",-0.859741930358794,-1.1270081485165,-0.164788825718181,2.63034942258055,-1.07828579050212,3.66339136023281,0.00980421561394109,0.0477257743396471
"gene-SLC7A6OS|SLC7A6OS","SLC7A6OS",1.76595955873771,0.306333450838814,0.352742118323914,-0.23234568245076,0.614963533710293,3.66374081291311,0.00979935328540476,0.0477257743396471
"gene-FAM193B|FAM193B","FAM193B",5.26417405832247,-0.12625580749632,0.38012350407896,0.876767065264862,0.316258602278827,3.66349792486553,0.00980273260068861,0.0477257743396471
"gene-KPTN|KPTN","KPTN",5.42640070515293,-0.286395846234514,0.598906324535078,1.95661504214121,0.0194349586632838,3.66342630629474,0.00980372925982386,0.0477257743396471
"gene-CKB|CKB","CKB",0.590432733195308,2.34569118007902,-0.0350059215846711,-3.20792938115772,1.41619447319034,3.66231031545179,0.00981927292321265,0.0477840404046276
"gene-MTA3|MTA3","MTA3",-4.81510305290103,1.48309405939248,3.62359171893316,-2.28830579852194,1.54560060743128,3.66164980974132,0.0098284843163405,0.0478138304920997
"gene-LOC115491814|LOC115491814","LOC115491814",-4.77249800940452,-0.0848645881838266,4.92286246211027,2.56419333195793,-0.0482217071258055,3.6602838024312,0.00984756245926075,0.0478766644770976
"gene-LOC140681757|LOC140681757","LOC140681757",2.28398508265729,-0.553247337376446,-0.209898272817638,1.33784012441162,-0.915329794691038,3.66028198136693,0.00984758791797103,0.0478766644770976
"gene-LOC140681739|LOC140681739","LOC140681739",3.88443571084963,-0.228873352755337,-0.220682653839829,0.947148282717621,-0.644348439632306,3.65836295017022,0.00987445339276917,0.0479922004563765
"gene-RPS6KC1|RPS6KC1","RPS6KC1",0.543916351735674,1.4334670636516,-0.538683327036061,-2.91124844048841,0.641380190007278,3.65782635697606,0.00988197873281942,0.0480057834056956
"gene-LOC101233484|LOC101233484","LOC101233484",9.16437961049832,-0.0264160540416775,-0.537536139357302,-0.168577803314002,-0.475355732466199,3.65750028159782,0.00988655455340562,0.0480057834056956
"gene-SH3GL3|SH3GL3","SH3GL3",5.17491929206095,-0.69000060830163,-0.128402948712112,0.580780309091965,-0.886229147147894,3.65761395620248,0.00988495911180279,0.0480057834056956
"gene-TCAF2|TCAF2","TCAF2",-1.76654452297248,-2.85361342508147,0.09243504175511,2.74595822212815,-3.34357117105324,3.6563283213409,0.0099030184567525,0.0480518609101927
"gene-MERTK|MERTK","MERTK",0.212655227916777,2.91960809327068,-0.166750359509556,-3.38855372596728,1.62420460911478,3.65616184706385,0.00990535937340967,0.0480518609101927
"gene-CHCHD4|CHCHD4","CHCHD4",4.27966299417299,-0.406534369898354,-0.119310872535857,0.708287395046878,0.129593354336764,3.65651845998179,0.00990034546525936,0.0480518609101927
"gene-KCNK5|KCNK5","KCNK5",2.62930880635521,0.797078881271247,0.575696313701229,-1.7217371828195,0.748704169354129,3.65581970209686,0.00991017228824392,0.0480601429522327
"gene-PGGHG|PGGHG","PGGHG",0.154949975723803,-0.115482375152898,0.50170818935482,1.47629746536511,1.08306213966234,3.65514369955443,0.00991968852099348,0.0480842386621884
"gene-LOC140685029|LOC140685029","LOC140685029",-2.47808950867671,1.63993032840119,-1.56408526980174,1.83917919012292,-0.546544569581162,3.65502536111975,0.00992135535045994,0.0480842386621884
"gene-CUL2|CUL2","CUL2",3.82928712512841,0.264706007441497,0.0980906341274505,-0.380693812519822,0.505143923178471,3.65425165943782,0.00993226016124469,0.0481220181575647
"gene-LOC100219809|LOC100219809","LOC100219809",0.653826602638226,1.18170751570025,0.193629138380016,-3.29304162799082,1.1445554818777,3.65357934624085,0.00994174584959315,0.0481504489774225
"gene-NAA16|NAA16","NAA16",5.22784916776449,-0.847561557461587,-0.223128408578153,0.781561736723749,-0.614393176699902,3.65339480138933,0.00994435120722728,0.0481504489774225
"gene-ERO1A|ERO1A","ERO1A",3.60634554938338,1.12090467396055,0.736148281350682,-1.56994709254455,1.9531818323853,3.6700445566815,0.00994903869203248,0.0481580774974046
"gene-CHST15|CHST15","CHST15",-1.82946324115941,4.55711551402055,-0.656382340823015,-7.80148621975544,2.619826262112,3.65249267810374,0.0099570971359653,0.0481669516033332
"gene-NLRX1|NLRX1","NLRX1",2.31544494168705,1.62970617668256,0.464413309889712,-2.00771501324825,1.04905813049691,3.6526684230898,0.00995461276823141,0.0481669516033332
"gene-INO80|INO80","INO80",6.3696401799999,-0.746925913074163,-0.198233832145413,1.05843189712294,-0.43490977934151,3.65216384361259,0.0099617472997447,0.0481743873323591
"gene-LOC115497064|LOC115497064","LOC115497064",4.0134767362898,-0.341976780205224,0.216752262287437,0.747613222228858,-0.89518372766584,3.65034881716558,0.00998745392396449,0.0482836143309436
"gene-ORC3|ORC3","ORC3",4.7876077717718,-0.697724064181798,-0.714305897912017,0.586285695199932,-1.00988720229622,3.6498186978176,0.00999497482259738,0.0483048830042768
"gene-LOC100224227|LOC100224227","LOC100224227",1.16187643023,0.299246263832693,0.814038246836934,-1.23230293466287,0.823803088311234,3.64807848345117,0.0100197039976053,0.0484092786022298
"gene-LOC121469455|LOC121469455","LOC121469455",-0.193234082769821,-1.65917604206406,-0.428884482578006,1.51210237892769,-1.6570112055847,3.64724971511594,0.0100315029685699,0.0484249190277918
"gene-COX18|COX18","COX18",3.36567297897583,-1.51884803329557,-0.551790699401603,2.26368535320995,-1.06939871026718,3.6473078601604,0.0100306747119766,0.0484249190277918
"gene-BMAL1|BMAL1","BMAL1",0.756131262526712,1.48585488907743,-0.540548240433173,-3.11603222343204,1.15461263185387,3.64703702886672,0.010034533204133,0.0484249190277918
"gene-LOC140684528|LOC140684528","LOC140684528",-3.71421224913459,-1.25199291756084,-0.50774564323257,8.17094366464553,-2.90473184635977,3.64697211968715,0.0100354581791359,0.0484249190277918
"gene-TIAM2|TIAM2","TIAM2",0.707220404851409,0.654560033164196,-0.411841474162554,-2.91460136332294,0.905305818295422,3.64662395155388,0.010040421155553,0.0484337647700068
"gene-WFS1|WFS1","WFS1",3.39358481260329,-1.33632718482528,1.34886407399479,1.1413775300748,-0.407571236619102,3.64617063928451,0.0100468866474189,0.0484498506914329
"gene-UBR1|UBR1","UBR1",5.87784422513562,0.12117738777868,0.0551861258920026,-0.920619153828572,0.447095248074747,3.64587311553014,0.0100511324596535,0.0484552257984856
"gene-UBXN11|UBXN11","UBXN11",-0.762824161498706,2.25215493636862,0.713214451061437,2.47198284355952,1.4587231697412,3.64534969636559,0.0100586063334585,0.0484761547836409
"gene-LOC115493771|LOC115493771","LOC115493771",0.144810736004461,-0.151069434549376,-0.574661216258582,0.471988986821756,-0.929797564876238,3.64482260511221,0.0100661383421598,0.0484822567211091
"gene-PUM3|PUM3","PUM3",-0.621696622283016,0.935327752492847,0.648721309901565,-4.04621064638838,1.54841342598718,3.64483083183392,0.0100660207402889,0.0484822567211091
"gene-MTMR14|MTMR14","MTMR14",4.34109810942647,-0.758490848395772,0.16584832334006,1.3605001732665,-0.129594676255942,3.64425625045134,0.0100742377970305,0.0485061698534685
"gene-CORO1C|CORO1C","CORO1C",7.54944827347253,0.657287613964593,-0.601938793769159,-0.848567661338465,-0.0575452061169715,3.64353967917241,0.0100844949856348,0.0485404540910416
"gene-CYRIB|CYRIB","CYRIB",3.08238929283521,0.417916340565552,0.170102439671757,-1.5437885898325,0.579537646216514,3.6422712611194,0.0101026774529699,0.0486128524828074
"gene-TMEM161A|TMEM161A","TMEM161A",0.121384771903873,1.38251261776281,0.345703906020571,-1.1093567664853,1.51319227446577,3.64131695378477,0.0101163791539727,0.0486636516654424
"gene-PGAM5|PGAM5","PGAM5",1.60619740257195,-0.00205640834389219,0.777797908896753,-1.26771706239631,0.246119628025722,3.64096138347174,0.0101214891641491,0.048673102801494
"gene-FRG1|FRG1","FRG1",4.67783676138015,0.180161314024018,0.27133292562098,0.0363689331127873,0.565642101762169,3.64020104647757,0.0101324249944705,0.0486948769003026
"gene-DHX38|DHX38","DHX38",7.254096247774,-0.272348965651505,0.0461282360705913,0.398346407971278,0.15948628870457,3.64016300034366,0.0101329725221767,0.0486948769003026
"gene-PLCD3|PLCD3","PLCD3",-1.6105267849281,1.83717358493332,1.26213306897205,4.82188365492696,0.794789634444464,3.63999038092414,0.0101354570918174,0.0486948769003026
"gene-LOC100218379|LOC100218379","LOC100218379",5.75864670549503,-0.655383795655847,0.8027295879587,0.579984939694404,-0.0472203585943148,3.6397110184361,0.0101394793608568,0.0486990822809619
"gene-CAV1|CAV1","CAV1",-3.52309941022772,2.58987564195003,-0.616558557014995,-9.88338350112706,3.08718681168629,3.63824902498717,0.0101605556282918,0.0487851685844912
"gene-EFHD2|EFHD2","EFHD2",-1.82256697451643,4.46235337499871,0.537607750895205,-1.50729247259417,2.73849981472516,3.63718561815285,0.0101759137577805,0.0488437547771878
"gene-LNPEP|LNPEP","LNPEP",2.34055650527862,0.460946748143146,0.0765897622272201,-2.30615280694797,0.252801503282616,3.63395982805477,0.0102226461705944,0.0490528525550225
"gene-SLC38A8|SLC38A8","SLC38A8",3.17412996188831,0.409119528358751,0.473861656292076,-0.497724240584197,1.01309075818728,3.63296166181774,0.0102371508153309,0.0491072253153271
"gene-SLC4A2|SLC4A2","SLC4A2",2.32496896057215,2.34688000209197,0.154896675009468,-1.88037906967953,1.3427685733336,3.6321041860375,0.0102496277259782,0.0491121173257017
"gene-PPAT|PPAT","PPAT",-0.468354200060408,1.14202551997761,-0.814177714400167,-0.635710741151908,-0.160871836174216,3.63191074311976,0.0102524445975753,0.0491121173257017
"gene-PLEKHA3|PLEKHA3","PLEKHA3",4.53996355967937,-0.89203949692413,0.662814872507858,-0.578866959874323,-0.0110568566202562,3.63212311038144,0.0102493521961915,0.0491121173257017
"gene-GLOD4|GLOD4","GLOD4",0.932188117861121,0.750602635841662,-0.409475301631728,-0.520013010169137,-0.0821020008505757,3.63240353782927,0.0102452701819141,0.0491121173257017
"gene-DLL3|DLL3","DLL3",1.56677140792301,-0.883188890334643,1.24131566217313,1.43850497444673,0.963664766459054,3.63554341876013,0.0102540388419607,0.0491121173257017
"gene-GFPT2|GFPT2","GFPT2",1.23245932547624,1.59011642378886,-1.20898512469579,-1.80456894966423,-0.0657104037178259,3.63115315594925,0.0102634839758591,0.0491269454149149
"gene-TBC1D25|TBC1D25","TBC1D25",6.79687811243819,0.531825166806626,0.879032001895153,0.500089176265073,0.524552053614995,3.63115602919035,0.0102634420848951,0.0491269454149149
"gene-PDHA1|PDHA1","PDHA1",4.4209964932617,0.529327833590459,-0.259989780125455,-1.09891881316061,0.667070218646641,3.63023976885562,0.0102768096770209,0.0491755194038029
"gene-PACS1|PACS1","PACS1",2.25310372681728,0.678699058489685,1.33638041447745,1.021165435313,0.872512117008905,3.62951760685347,0.0102873579635668,0.0492107772754855
"gene-SCAMP4|SCAMP4","SCAMP4",3.23246738750832,-0.0512471096264988,0.681782798402144,-0.261717755073491,0.295972527109624,3.62906430447506,0.0102939847552372,0.0492272602247513
"gene-TOMM40L|TOMM40L","TOMM40L",5.62768573419962,-0.634279795060795,0.480184500449995,1.52772494943391,-0.0185232424898226,3.62831440294694,0.0103049570207036,0.0492645072274908
"gene-IFRD1|IFRD1","IFRD1",9.47901691883292,-0.590578895506253,-0.75104712946188,0.293085976601807,-0.567763380046261,3.62809237232112,0.0103082079629519,0.0492648295944042
"gene-MAPK1IP1L|MAPK1IP1L","MAPK1IP1L",6.75410110167788,-0.544244639505021,-0.558466306685222,-0.0342360022935669,-0.262031042045405,3.62763351533997,0.0103149297835272,0.0492817346094734
"gene-DHX29|DHX29","DHX29",3.78289696633918,0.23671837675306,-0.110921143619103,-0.624500494336379,0.563190030483207,3.62695831040315,0.0103248289876974,0.0493138051187092
"gene-LOC140680820|LOC140680820","LOC140680820",-1.96024049270362,3.90759449083592,1.62776845664464,1.52522948205837,0.653970614568131,3.62655668588828,0.0103307217924034,0.0493267262380262
"gene-RPP25L|RPP25L","RPP25L",3.78406063626059,-0.602835903986792,-0.194831683764697,0.552015988043253,-0.0902930807992547,3.62564298943226,0.0103441406533217,0.0493755634207754
"gene-CAV2|CAV2","CAV2",-4.63050698759278,-3.57082008408488,1.67078591638918,-2.9098637354111,-0.316791021072664,3.62488039820927,0.0103553538744108,0.0494138455770913
"gene-ENTR1|ENTR1","ENTR1",5.73004288333359,-1.08191426523992,0.109137157036073,1.72103180565079,-0.519044953997791,3.62436909045184,0.0103628791054871,0.0494345111459348
"gene-DHCR24|DHCR24","DHCR24",0.104580106897819,3.15052517162837,0.816784694513874,-2.96359342626252,2.27513790176753,3.62356822618124,0.0103746770749238,0.0494602981313756
"gene-PTPN7|PTPN7","PTPN7",2.0309634840818,0.974259161003997,0.443255513785596,-2.33903318181201,1.08697664960998,3.62372543900044,0.0103723600120129,0.0494602981313756
"gene-YAE1|YAE1","YAE1",3.70746307178993,-0.151144720921635,-0.00985689325208285,0.756881092457393,-0.397356628421652,3.62149588808546,0.0104052691391401,0.0495908653921137
"gene-GFM1|GFM1","GFM1",4.17017225464094,0.210388981460209,-1.1164921991579,0.156839416851136,-0.436783002296328,3.61821437080402,0.0104538986165246,0.0497919609389716
"gene-NOB1|NOB1","NOB1",5.76808696139357,-0.419058030509894,0.345021783341992,1.50877485409814,0.0638455938134246,3.61838038275549,0.010451432920945,0.0497919609389716
"gene-HMGXB4|HMGXB4","HMGXB4",2.86793078306739,0.734929870694298,0.440612560742182,-0.122905479524819,0.834477638190713,3.61706276561027,0.0104710191138176,0.0498121797683145
"gene-PLRG1|PLRG1","PLRG1",4.69215489289845,0.126950150756438,-0.23528396590267,-0.107113750002402,-0.328106353604122,3.61708566856896,0.0104706783466431,0.0498121797683145
"gene-SS18L1|SS18L1","SS18L1",-0.905195303946039,0.121776627054647,-1.33754460789399,1.38190180547863,-0.601488314405965,3.61717271389644,0.0104693833244923,0.0498121797683145
"gene-LOC121471130|LOC121471130","LOC121471130",-4.09562046030695,-0.332091521902735,-0.0633920302245581,3.63936181317061,-2.03102326856645,3.61745242662577,0.0104652229816945,0.0498121797683145
"gene-IFITM10|IFITM10","IFITM10",-0.418551937507098,0.879715247444754,-1.00550184090086,2.46879332723861,-0.487441865952853,3.61664880931989,0.0104771802024936,0.0498251947054701
"gene-TNFRSF4|TNFRSF4","TNFRSF4",3.06544678588314,-1.23828922179011,-0.287426479352252,2.10962777314536,-0.74911853152524,3.61644637707861,0.010480194427548,0.0498251947054701
"gene-IFT80|IFT80","IFT80",0.786952691755241,0.400842018607506,-0.281843134723348,-1.14693377693196,-0.23733891898582,3.61577775634243,0.0104901564753702,0.0498564845601742
"gene-RAD23A|RAD23A","RAD23A",7.09552430958077,-0.433822642818044,0.503436485988614,2.23812625037228,-0.187032091370616,3.61557231218093,0.0104932193998376,0.0498564845601742
"gene-EXOSC2|EXOSC2","EXOSC2",4.17856377289938,-0.9012242321061,-0.195677326420322,1.35968533379663,-0.40192417841826,3.6140390159985,0.0105161076781215,0.0499498975810101
"gene-CSNK1E|CSNK1E","CSNK1E",0.284524426517015,2.06518419738239,-0.434356775476845,-3.81694271489405,1.072774412886,3.61366942819811,0.0105216322740951,0.0499608037562509
