"Gene_ID","Module"
"gene-LOC140684313|LOC140684313","steelblue"
"gene-LOC121469166|LOC121469166","grey60"
"gene-LOC140684334|LOC140684334","grey60"
"gene-LOC140684346|LOC140684346","grey60"
"gene-LOC140684351|LOC140684351","grey60"
"gene-LOC140684365|LOC140684365","grey60"
"gene-LOC140684387|LOC140684387","grey"
"gene-LOC140684392|LOC140684392","grey60"
"gene-LOC140684497|LOC140684497","grey60"
"gene-LOC121470777|LOC121470777","royalblue"
"gene-LOC100221041|LOC100221041","blue"
"gene-CMSS1|CMSS1","brown"
"gene-FILIP1L|FILIP1L","blue"
"gene-DCBLD2|DCBLD2","royalblue"
"gene-TMEM45A|TMEM45A","saddlebrown"
"gene-TBC1D23|TBC1D23","brown"
"gene-NIT2|NIT2","grey"
"gene-TOMM70|TOMM70","lightgreen"
"gene-IMPG2|IMPG2","yellow"
"gene-ABI3BP|ABI3BP","tan"
"gene-TFG|TFG","midnightblue"
"gene-SENP7|SENP7","coral1"
"gene-TRMT10C|TRMT10C","greenyellow"
"gene-LOC100219101|LOC100219101","blue"
"gene-TXNL4B|TXNL4B","grey"
"gene-NXPE3|NXPE3","white"
"gene-LOC140684920|LOC140684920","grey"
"gene-PCNP|PCNP","brown"
"gene-ZBTB11|ZBTB11","orange"
"gene-RPL24|RPL24","magenta"
"gene-CEP97|CEP97","grey"
"gene-NFKBIZ|NFKBIZ","salmon"
"gene-ZPLD1|ZPLD1","black"
"gene-ALCAM|ALCAM","tan"
"gene-CBLB|CBLB","green"
"gene-BBX|BBX","plum1"
"gene-LOC116808831|LOC116808831","darkgrey"
"gene-SH2D1B|SH2D1B","tan"
"gene-CIP2A|CIP2A","tan"
"gene-TRAT1|TRAT1","green"
"gene-HJURP|HJURP","grey"
"gene-GUCA1C|GUCA1C","white"
"gene-MYH15|MYH15","white"
"gene-CD47|CD47","pink"
"gene-IFT57|IFT57","red"
"gene-HHLA2|HHLA2","darkolivegreen"
"gene-LOC115497582|LOC115497582","skyblue3"
"gene-C1H3orf85|C1H3orf85","brown"
"gene-CD96|CD96","red"
"gene-NECTIN3|NECTIN3","white"
"gene-PLCXD2|PLCXD2","pink"
"gene-PHLDB2|PHLDB2","brown"
"gene-ABHD10|ABHD10","cyan"
"gene-TAGLN3|TAGLN3","yellow"
"gene-UVRAG|UVRAG","blue"
"gene-DGAT2|DGAT2","violet"
"gene-MAP6|MAP6","red"
"gene-APP|APP","turquoise"
"gene-TMPRSS7|TMPRSS7","blue"
"gene-C1H3orf52|C1H3orf52","violet"
"gene-LOC115497877|LOC115497877","navajowhite2"
"gene-LOC100221949|LOC100221949","green"
"gene-USP16|USP16","brown"
"gene-MAP3K7CL|MAP3K7CL","blue"
"gene-IL18BP|IL18BP","blue"
"gene-LOC115498571|LOC115498571","grey"
"gene-NUMA1|NUMA1","red"
"gene-LAMTOR1|LAMTOR1","turquoise"
"gene-INPPL1|INPPL1","red"
"gene-CLPB|CLPB","grey"
"gene-ARAP1|ARAP1","yellow"
"gene-LOC100221052|LOC100221052","tan"
"gene-EMSY|EMSY","yellow"
"gene-LOC100228717|LOC100228717","salmon"
"gene-LTN1|LTN1","brown"
"gene-RWDD2B|RWDD2B","greenyellow"
"gene-CCT8|CCT8","turquoise"
"gene-BACH1|BACH1","turquoise"
"gene-PAXBP1|PAXBP1","paleturquoise"
"gene-RNF121|RNF121","brown"
"gene-ANAPC15|ANAPC15","magenta"
"gene-LOC100220024|LOC100220024","magenta"
"gene-STARD10|STARD10","turquoise"
"gene-PDE2A|PDE2A","darkgrey"
"gene-ARRB1|ARRB1","turquoise"
"gene-WDR73|WDR73","yellow"
"gene-THAP12|THAP12","brown"
"gene-WNT11|WNT11","blue"
"gene-JAM2|JAM2","floralwhite"
"gene-GABPA|GABPA","turquoise"
"gene-ATP5PF|ATP5PF","greenyellow"
"gene-MRPL39|MRPL39","magenta"
"gene-NCAM2|NCAM2","orange"
"gene-C1H21orf91|C1H21orf91","blue"
"gene-LOC140682188|LOC140682188","lightcyan"
"gene-LOC115492635|LOC115492635","ivory"
"gene-CXADR|CXADR","turquoise"
"gene-LOC115492903|LOC115492903","cyan"
"gene-USP25|USP25","coral1"
"gene-NRIP1|NRIP1","coral1"
"gene-SAMSN1|SAMSN1","tan"
"gene-HSPA13|HSPA13","navajowhite2"
"gene-LIPI|LIPI","maroon"
"gene-ROBO2|ROBO2","salmon"
"gene-ROBO1|ROBO1","skyblue"
"gene-VGLL3|VGLL3","cyan"
"gene-CADM2|CADM2","cyan"
"gene-LOC115493362|LOC115493362","black"
"gene-GBE1|GBE1","brown"
"gene-POU1F1|POU1F1","grey"
"gene-CHMP2B|CHMP2B","red"
"gene-HTR1F|HTR1F","grey60"
"gene-LOC105759805|LOC105759805","green"
"gene-PDZK1|PDZK1","steelblue"
"gene-LOC100229926|LOC100229926","yellow"
"gene-GJA8|GJA8","grey"
"gene-GJA5|GJA5","yellow"
"gene-ACP6|ACP6","sienna3"
"gene-BCL9|BCL9","darkturquoise"
"gene-CD80|CD80","turquoise"
"gene-POGLUT1|POGLUT1","yellow"
"gene-TIMMDC1|TIMMDC1","floralwhite"
"gene-CD101|CD101","green"
"gene-IGSF3|IGSF3","pink"
"gene-ADPRH|ADPRH","green"
"gene-LOC116807706|LOC116807706","grey60"
"gene-PTGFRN|PTGFRN","turquoise"
"gene-LOC100222365|LOC100222365","pink"
"gene-CD2|CD2","green"
"gene-ILDR2|ILDR2","green"
"gene-GPA33|GPA33","grey"
"gene-POU2F1|POU2F1","darkturquoise"
"gene-CD247|CD247","royalblue"
"gene-CREG1|CREG1","blue"
"gene-RCSD1|RCSD1","green"
"gene-RIOX2|RIOX2","yellow"
"gene-CRYBG3|CRYBG3","purple"
"gene-ARL6|ARL6","salmon"
"gene-DCAF6|DCAF6","turquoise"
"gene-LOC115493512|LOC115493512","steelblue"
"gene-GABRR3|GABRR3","blue"
"gene-MPZL1|MPZL1","turquoise"
"gene-MPC2|MPC2","greenyellow"
"gene-EPHA6|EPHA6","turquoise"
"gene-NSUN3|NSUN3","darkred"
"gene-LOC140682302|LOC140682302","cyan"
"gene-EPHA3|EPHA3","navajowhite2"
"gene-C1H3orf38|C1H3orf38","turquoise"
"gene-ARL13B|ARL13B","red"
"gene-PROS1|PROS1","turquoise"
"gene-LOC140682298|LOC140682298","darkmagenta"
"gene-ZNF654|ZNF654","royalblue"
"gene-HEMK2|HEMK2","blue"
"gene-CGGBP1|CGGBP1","turquoise"
"gene-LOC121469187|LOC121469187","blue"
"gene-ADAMTS5|ADAMTS5","thistle1"
"gene-ADAMTS1|ADAMTS1","blue"
"gene-LOC140682320|LOC140682320","darkorange2"
"gene-LOC115493573|LOC115493573","yellow"
"gene-GDPD5|GDPD5","salmon"
"gene-SERPINH1|SERPINH1","blue"
"gene-RPS3|RPS3","magenta"
"gene-LOC115497774|LOC115497774","black"
"gene-FCHSD2|FCHSD2","purple"
"gene-P2RY2|P2RY2","blue"
"gene-P2RY6|P2RY6","midnightblue"
"gene-RELT|RELT","pink"
"gene-ARHGEF17|ARHGEF17","lavenderblush3"
"gene-FAM168A|FAM168A","turquoise"
"gene-PLEKHB1|PLEKHB1","darkgrey"
"gene-RAB6A|RAB6A","brown"
"gene-DNAJB13|DNAJB13","black"
"gene-MRPL48|MRPL48","magenta"
"gene-COA4|COA4","black"
"gene-PAAF1|PAAF1","brown"
"gene-HUNK|HUNK","brown"
"gene-TIAM1|TIAM1","green"
"gene-MRAP|MRAP","darkseagreen4"
"gene-GRIK1|GRIK1","darkgrey"
"gene-SCAF4|SCAF4","black"
"gene-SOD1|SOD1","greenyellow"
"gene-SLCO2B1|SLCO2B1","yellow"
"gene-LOC140682378|LOC140682378","darkturquoise"
"gene-PGM2L1|PGM2L1","yellow"
"gene-KCNE3|KCNE3","lightcyan1"
"gene-LIPT2|LIPT2","black"
"gene-POLD3|POLD3","ivory"
"gene-NEU3|NEU3","magenta"
"gene-RNF169|RNF169","darkmagenta"
"gene-SPCS2|SPCS2","magenta"
"gene-P4HA3|P4HA3","yellow"
"gene-C2CD3|C2CD3","lightyellow"
"gene-LOC100229080|LOC100229080","darkseagreen4"
"gene-LOC116807788|LOC116807788","brown"
"gene-LOC115496044|LOC115496044","red"
"gene-PPME1|PPME1","turquoise"
"gene-SYNJ1|SYNJ1","yellow"
"gene-EVA1C|EVA1C","yellow"
"gene-CFAP298|CFAP298","red"
"gene-URB1|URB1","red"
"gene-COL8A1|COL8A1","black"
"gene-ST3GAL6|ST3GAL6","pink"
"gene-CPOX|CPOX","red"
"gene-LOC140682449|LOC140682449","navajowhite2"
"gene-TTF2|TTF2","darkorange"
"gene-LOC140682464|LOC140682464","blue"
"gene-LOC100227529|LOC100227529","tan"
"gene-DPT|DPT","plum1"
"gene-GPR161|GPR161","yellow"
"gene-SFT2D2|SFT2D2","pink"
"gene-TIPRL|TIPRL","black"
"gene-TBX19|TBX19","green"
"gene-NME7|NME7","black"
"gene-ATP1B1|ATP1B1","coral1"
"gene-BLZF1|BLZF1","sienna3"
"gene-CCDC181|CCDC181","salmon4"
"gene-SLC19A2|SLC19A2","darkseagreen4"
"gene-F5|F5","turquoise"
"gene-ATG3|ATG3","brown"
"gene-SLC35A5|SLC35A5","cyan"
"gene-CCDC80|CCDC80","plum1"
"gene-LOC121469357|LOC121469357","turquoise"
"gene-LOC100227477|LOC100227477","green"
"gene-LOC115493789|LOC115493789","grey"
"gene-GTPBP8|GTPBP8","greenyellow"
"gene-LOC115493776|LOC115493776","lightyellow"
"gene-TAF13|TAF13","darkred"
"gene-RMP64|RMP64","black"
"gene-BOC|BOC","green"
"gene-CFAP44|CFAP44","grey60"
"gene-LOC100227541|LOC100227541","white"
"gene-ILDR1|ILDR1","grey"
"gene-GPR15|GPR15","tan"
"gene-CLDND1|CLDND1","thistle2"
"gene-GRAMD1C|GRAMD1C","brown"
"gene-DRD3|DRD3","grey"
"gene-ZDHHC23|ZDHHC23","white"
"gene-CCDC191|CCDC191","yellow"
"gene-QTRT2|QTRT2","thistle2"
"gene-GAP43|GAP43","orange"
"gene-ZBTB20|ZBTB20","grey"
"gene-LOC100227480|LOC100227480","orange"
"gene-LSAMP|LSAMP","green"
"gene-ARHGAP31|ARHGAP31","darkgrey"
"gene-LOC100219809|LOC100219809","lightgreen"
"gene-B4GALT4|B4GALT4","brown"
"gene-TMEM39A|TMEM39A","blue"
"gene-LOC105760670|LOC105760670","turquoise"
"gene-CHD1L|CHD1L","maroon"
"gene-CASQ2|CASQ2","darkolivegreen"
"gene-VANGL1|VANGL1","turquoise"
"gene-NHLH2|NHLH2","paleturquoise"
"gene-LOC140682591|LOC140682591","green"
"gene-LOC140682593|LOC140682593","green"
"gene-SLC22A15|SLC22A15","royalblue"
"gene-LOC140682598|LOC140682598","blue"
"gene-ATP1A1|ATP1A1","turquoise"
"gene-LOC140682605|LOC140682605","green"
"gene-LOC101234149|LOC101234149","grey60"
"gene-PLA1A|PLA1A","black"
"gene-LOC115493891|LOC115493891","blue"
"gene-POPDC2|POPDC2","grey60"
"gene-COX17|COX17","blue"
"gene-GPR156|GPR156","palevioletred3"
"gene-CFAP91|CFAP91","darkgreen"
"gene-GSK3B|GSK3B","turquoise"
"gene-LRRC58|LRRC58","turquoise"
"gene-FSTL1|FSTL1","pink"
"gene-LOC115493915|LOC115493915","navajowhite2"
"gene-NDUFB4|NDUFB4","brown"
"gene-HGD|HGD","lightgreen"
"gene-RABL3|RABL3","red"
"gene-GTF2E1|GTF2E1","turquoise"
"gene-LOC116807858|LOC116807858","pink"
"gene-STXBP5L|STXBP5L","paleturquoise"
"gene-POLQ|POLQ","purple"
"gene-METTL16|METTL16","darkorange"
"gene-TNFRSF1A|TNFRSF1A","darkgreen"
"gene-VTCN1|VTCN1","yellow"
"gene-CTC1|CTC1","tan"
"gene-TRIM45|TRIM45","black"
"gene-SPICE1|SPICE1","tan"
"gene-SIDT1|SIDT1","turquoise"
"gene-USF3|USF3","lightyellow"
"gene-NAA50|NAA50","brown"
"gene-TENT5C|TENT5C","pink"
"gene-ATP6V1A|ATP6V1A","turquoise"
"gene-DUSP12|DUSP12","yellow"
"gene-GDAP2|GDAP2","greenyellow"
"gene-WDR3|WDR3","grey"
"gene-WARS2|WARS2","tan"
"gene-HAO2|HAO2","grey"
"gene-HSD3B1|HSD3B1","white"
"gene-CD86|CD86","blue"
"gene-MAN1A2|MAN1A2","turquoise"
"gene-FBXO40|FBXO40","red"
"gene-SCNN1A|SCNN1A","yellow"
"gene-CSTB|CSTB","grey"
"gene-LOC100228799|LOC100228799","blue"
"gene-MIX23|MIX23","brown"
"gene-FAM162A|FAM162A","greenyellow"
"gene-KPNA1|KPNA1","pink"
"gene-VAMP1|VAMP1","yellow"
"gene-NCAPD2|NCAPD2","lightgreen"
"gene-MRPL51|MRPL51","magenta"
"gene-LOC140682653|LOC140682653","magenta"
"gene-IFFO1|IFFO1","turquoise"
"gene-NOP2|NOP2","yellow"
"gene-GAPDH|GAPDH","brown"
"gene-LPAR5|LPAR5","green"
"gene-ACRBP|ACRBP","grey"
"gene-ING4|ING4","yellow"
"gene-CHD4|CHD4","pink"
"gene-ZNF384|ZNF384","turquoise"
"gene-LAG3|LAG3","purple"
"gene-CD4|CD4","mediumpurple3"
"gene-GPR162|GPR162","lavenderblush3"
"gene-CDCA3|CDCA3","green"
"gene-P3H3|P3H3","salmon"
"gene-GNB3|GNB3","lightsteelblue1"
"gene-PIANP|PIANP","turquoise"
"gene-COPS7A|COPS7A","brown"
"gene-MLF2|MLF2","turquoise"
"gene-LOC116807936|LOC116807936","lightyellow"
"gene-LOC100190249|LOC100190249","turquoise"
"gene-ENO2|ENO2","orange"
"gene-ATN1|ATN1","magenta"
"gene-USP5|USP5","pink"
"gene-TPI1|TPI1","greenyellow"
"gene-LRRC23|LRRC23","turquoise"
"gene-C1H12orf57|C1H12orf57","magenta"
"gene-PTPN6|PTPN6","green"
"gene-PHB2|PHB2","turquoise"
"gene-EMG1|EMG1","midnightblue"
"gene-LPCAT3|LPCAT3","brown"
"gene-C1S|C1S","purple"
"gene-C1R|C1R","purple"
"gene-RBP5|RBP5","royalblue"
"gene-CLSTN3|CLSTN3","purple"
"gene-LOC100221073|LOC100221073","turquoise"
"gene-LOC100226894|LOC100226894","purple"
"gene-PEX5|PEX5","brown"
"gene-CLCN1|CLCN1","turquoise"
"gene-ZYX|ZYX","blue"
"gene-FAM131B|FAM131B","pink"
"gene-EPHA1|EPHA1","turquoise"
"gene-CASP2|CASP2","black"
"gene-TMEM139|TMEM139","blue"
"gene-LOC100230753|LOC100230753","yellow"
"gene-GSTK1|GSTK1","turquoise"
"gene-KEL|KEL","lightcyan"
"gene-EPHB6|EPHB6","darkgrey"
"gene-LOC100224083|LOC100224083","darkgrey"
"gene-LOC101233739|LOC101233739","tan"
"gene-LOC140683595|LOC140683595","tan"
"gene-LOC115497448|LOC115497448","yellow"
"gene-LOC100221157|LOC100221157","lightcyan"
"gene-LOC115497447|LOC115497447","tan"
"gene-LOC121469592|LOC121469592","tan"
"gene-LOC101233700|LOC101233700","purple"
"gene-PRMT8|PRMT8","grey"
"gene-CRACR2A|CRACR2A","red"
"gene-PARP11|PARP11","turquoise"
"gene-TEAD4|TEAD4","blue"
"gene-TULP3|TULP3","black"
"gene-TSPAN9|TSPAN9","turquoise"
"gene-FOXM1|FOXM1","darkorange"
"gene-RHNO1|RHNO1","orangered4"
"gene-NRIP2|NRIP2","orangered4"
"gene-ITFG2|ITFG2","red"
"gene-LOC140683648|LOC140683648","yellow"
"gene-FKBP4|FKBP4","lightgreen"
"gene-TCAF2|TCAF2","green"
"gene-LOC101233542|LOC101233542","violet"
"gene-LOC115494350|LOC115494350","black"
"gene-LOC101233523|LOC101233523","lightcyan1"
"gene-LOC101233586|LOC101233586","blue"
"gene-NECAP1|NECAP1","saddlebrown"
"gene-C3AR1|C3AR1","yellow"
"gene-FOXJ2|FOXJ2","darkmagenta"
"gene-LOC100224972|LOC100224972","green"
"gene-AICDA|AICDA","tan"
"gene-MFAP5|MFAP5","darkolivegreen"
"gene-LOC101233449|LOC101233449","turquoise"
"gene-LOC100225878|LOC100225878","lightgreen"
"gene-RIMKLB|RIMKLB","darkgrey"
"gene-LOC100228861|LOC100228861","black"
"gene-LOC100231773|LOC100231773","yellow"
"gene-LOC100219283|LOC100219283","purple"
"gene-LOC100226970|LOC100226970","maroon"
"gene-LOC115494384|LOC115494384","cyan"
"gene-LOC100190538|LOC100190538","royalblue"
"gene-PHC1|PHC1","grey60"
"gene-M6PR|M6PR","green"
"gene-KLRG1|KLRG1","mediumpurple3"
"gene-A2M|A2M","midnightblue"
"gene-GUCY2F|GUCY2F","blue"
"gene-CAPN5|CAPN5","purple"
"gene-TSKU|TSKU","blue"
"gene-ACER3|ACER3","turquoise"
"gene-GDPD4|GDPD4","white"
"gene-MYO7A|MYO7A","pink"
"gene-PAK1|PAK1","green"
"gene-AQP11|AQP11","brown"
"gene-CLNS1A|CLNS1A","saddlebrown"
"gene-RSF1|RSF1","turquoise"
"gene-AAMDC|AAMDC","darkgreen"
"gene-KCTD14|KCTD14","cyan"
"gene-INTS4|INTS4","orangered4"
"gene-NDUFC2|NDUFC2","brown"
"gene-USP35|USP35","grey"
"gene-ALG8|ALG8","brown"
"gene-KCTD21|KCTD21","blue"
"gene-GAB2|GAB2","green"
"gene-NARS2|NARS2","red"
"gene-TENM4|TENM4","brown"
"gene-HIKESHI|HIKESHI","paleturquoise"
"gene-EED|EED","yellow"
"gene-CCDC83|CCDC83","grey"
"gene-PICALM|PICALM","brown"
"gene-SYTL2|SYTL2","grey"
"gene-CCDC89|CCDC89","lightcyan1"
"gene-CCDC90B|CCDC90B","black"
"gene-LOC100222067|LOC100222067","brown"
"gene-DLG2|DLG2","yellow"
"gene-CREBZF|CREBZF","black"
"gene-LOC115497569|LOC115497569","black"
"gene-ANKRD42|ANKRD42","blue"
"gene-LOC140683682|LOC140683682","brown"
"gene-LOC116808047|LOC116808047","brown"
"gene-LOC115494435|LOC115494435","brown"
"gene-LOC116808046|LOC116808046","brown"
"gene-LOC115494437|LOC115494437","brown"
"gene-PCF11|PCF11","yellow"
"gene-LOC140683700|LOC140683700","blue"
"gene-LOC140683699|LOC140683699","lightcyan1"
"gene-RAB30|RAB30","brown"
"gene-DDIAS|DDIAS","blue"
"gene-FAM181B|FAM181B","palevioletred3"
"gene-PRCP|PRCP","green"
"gene-ME3|ME3","blue"
"gene-PRSS23|PRSS23","lightpink4"
"gene-FZD4|FZD4","pink"
"gene-TMEM135|TMEM135","brown"
"gene-GRM5|GRM5","skyblue"
"gene-RAB38|RAB38","orangered4"
"gene-CTSC|CTSC","blue"
"gene-NOX4|NOX4","blue"
"gene-LOC100223080|LOC100223080","red"
"gene-LOC100225953|LOC100225953","salmon"
"gene-CHORDC1|CHORDC1","blue"
"gene-LOC100226294|LOC100226294","darkred"
"gene-SLC36A4|SLC36A4","brown"
"gene-FAT3|FAT3","blue"
"gene-DEUP1|DEUP1","thistle1"
"gene-SMCO4|SMCO4","brown"
"gene-CEP295|CEP295","yellow"
"gene-TAF1D|TAF1D","yellow"
"gene-LOC115497799|LOC115497799","white"
"gene-LOC115497798|LOC115497798","magenta"
"gene-LOC115497806|LOC115497806","red"
"gene-LOC115497791|LOC115497791","grey"
"gene-LOC115497800|LOC115497800","darkred"
"gene-LOC115497795|LOC115497795","darkseagreen4"
"gene-C1H11orf54|C1H11orf54","red"
"gene-MED17|MED17","red"
"gene-PANX1|PANX1","tan"
"gene-VSTM5|VSTM5","grey"
"gene-LOC121469732|LOC121469732","lightcyan1"
"gene-LOC100223483|LOC100223483","white"
"gene-LOC140683747|LOC140683747","white"
"gene-LOC100226358|LOC100226358","royalblue"
"gene-FUT4|FUT4","salmon"
"gene-MRE11|MRE11","purple"
"gene-GPR83|GPR83","lightyellow"
"gene-ANKRD49|ANKRD49","brown"
"gene-AMOTL1|AMOTL1","thistle1"
"gene-ENDOD1|ENDOD1","turquoise"
"gene-CWC15|CWC15","saddlebrown"
"gene-SESN3|SESN3","brown"
"gene-FAM76B|FAM76B","darkmagenta"
"gene-MTMR2|MTMR2","red"
"gene-CEP57|CEP57","thistle2"
"gene-MAML2|MAML2","red"
"gene-CCDC82|CCDC82","darkred"
"gene-LOC140680318|LOC140680318","white"
"gene-CNTN5|CNTN5","cyan"
"gene-PGR|PGR","red"
"gene-TRPC6|TRPC6","green"
"gene-CEP126|CEP126","yellowgreen"
"gene-CFAP300|CFAP300","bisque4"
"gene-ARHGAP42|ARHGAP42","brown"
"gene-YAP1|YAP1","turquoise"
"gene-BIRC2|BIRC2","blue"
"gene-TMEM123|TMEM123","skyblue"
"gene-MMP7|MMP7","green"
"gene-LOC100217703|LOC100217703","darkgreen"
"gene-PDGFD|PDGFD","yellowgreen"
"gene-DCUN1D5|DCUN1D5","skyblue3"
"gene-DYNC2H1|DYNC2H1","blue"
"gene-MSANTD4|MSANTD4","black"
"gene-KBTBD3|KBTBD3","blue"
"gene-AASDHPPT|AASDHPPT","thistle2"
"gene-GUCY1A2|GUCY1A2","orange"
"gene-CWF19L2|CWF19L2","pink"
"gene-ALKBH8|ALKBH8","purple"
"gene-ELMOD1|ELMOD1","turquoise"
"gene-SLC35F2|SLC35F2","brown"
"gene-RAB39A|RAB39A","purple"
"gene-CUL5|CUL5","brown"
"gene-NPAT|NPAT","yellow"
"gene-ATM|ATM","purple"
"gene-ACAT1|ACAT1","grey"
"gene-POGLUT3|POGLUT3","turquoise"
"gene-EXPH5|EXPH5","darkslateblue"
"gene-DDX10|DDX10","pink"
"gene-C1H11orf87|C1H11orf87","pink"
"gene-LOC140683854|LOC140683854","purple"
"gene-LOC115494885|LOC115494885","lightsteelblue1"
"gene-LOC140680324|LOC140680324","orangered4"
"gene-SPRY2|SPRY2","purple"
"gene-LOC116808177|LOC116808177","lightgreen"
"gene-NDFIP2|NDFIP2","brown"
"gene-RBM26|RBM26","yellowgreen"
"gene-OBI1|OBI1","brown"
"gene-SLAIN1|SLAIN1","green"
"gene-SCEL|SCEL","darkolivegreen"
"gene-EDNRB|EDNRB","darkslateblue"
"gene-MYCBP2|MYCBP2","lightsteelblue1"
"gene-FBXL3|FBXL3","skyblue"
"gene-CLN5|CLN5","turquoise"
"gene-ACOD1|ACOD1","green"
"gene-LOC100222462|LOC100222462","greenyellow"
"gene-KCTD12|KCTD12","green"
"gene-UCHL3|UCHL3","cyan"
"gene-LMO7|LMO7","brown"
"gene-LOC121469884|LOC121469884","grey60"
"gene-TBC1D4|TBC1D4","yellow"
"gene-COMMD6|COMMD6","greenyellow"
"gene-KLF5|KLF5","plum1"
"gene-KLF12|KLF12","skyblue3"
"gene-MZT1|MZT1","salmon"
"gene-PIBF1|PIBF1","grey"
"gene-DIS3|DIS3","salmon4"
"gene-BORA|BORA","purple"
"gene-DACH1|DACH1","purple"
"gene-LOC140685219|LOC140685219","black"
"gene-LOC140680326|LOC140680326","white"
"gene-KLHL1|KLHL1","violet"
"gene-PCDH20|PCDH20","skyblue"
"gene-PCDH9|PCDH9","salmon"
"gene-TDRD3|TDRD3","turquoise"
"gene-DIAPH3|DIAPH3","green"
"gene-PCDH17|PCDH17","grey60"
"gene-OLFM4|OLFM4","lightcyan1"
"gene-CNMD|CNMD","darkolivegreen"
"gene-SUGT1|SUGT1","blue"
"gene-ELF1|ELF1","green"
"gene-WBP4|WBP4","blue"
"gene-RGCC|RGCC","blue"
"gene-MTRF1|MTRF1","darkgreen"
"gene-NAA16|NAA16","brown"
"gene-VWA8|VWA8","turquoise"
"gene-DGKH|DGKH","pink"
"gene-TNFSF11|TNFSF11","tan"
"gene-AKAP11|AKAP11","lightgreen"
"gene-EPSTI1|EPSTI1","purple"
"gene-DNAJC15|DNAJC15","brown"
"gene-LACC1|LACC1","green"
"gene-LOC115495129|LOC115495129","tan"
"gene-ENOX1|ENOX1","brown"
"gene-LOC115495125|LOC115495125","white"
"gene-TSC22D1|TSC22D1","blue"
"gene-NUFIP1|NUFIP1","turquoise"
"gene-GPALPP1|GPALPP1","darkred"
"gene-GTF2F2|GTF2F2","brown"
"gene-LOC115497790|LOC115497790","yellow"
"gene-TPT1|TPT1","magenta"
"gene-LOC115497789|LOC115497789","blue"
"gene-SLC25A30|SLC25A30","ivory"
"gene-COG3|COG3","brown"
"gene-ZC3H13|ZC3H13","pink"
"gene-CPB2|CPB2","blue"
"gene-RUBCNL|RUBCNL","darkslateblue"
"gene-LCP1|LCP1","green"
"gene-LRCH1|LRCH1","grey"
"gene-HTR2A|HTR2A","brown"
"gene-LOC140684150|LOC140684150","blue"
"gene-ESD|ESD","brown"
"gene-SUCLA2|SUCLA2","brown"
"gene-NUDT15|NUDT15","red"
"gene-MED4|MED4","red"
"gene-LOC121470752|LOC121470752","blue"
"gene-ITM2B|ITM2B","green"
"gene-RB1|RB1","turquoise"
"gene-LPAR6|LPAR6","blue"
"gene-ARL11|ARL11","blue"
"gene-KPNA3|KPNA3","brown"
"gene-LOC100224365|LOC100224365","yellow"
"gene-FNDC3A|FNDC3A","red"
"gene-CAB39L|CAB39L","blue"
"gene-CYSLTR2|CYSLTR2","darkorange"
"gene-CDADC1|CDADC1","lightyellow"
"gene-SETDB2|SETDB2","turquoise"
"gene-PHF11|PHF11","purple"
"gene-RCBTB1|RCBTB1","blue"
"gene-SPRYD7|SPRYD7","brown"
"gene-LOC115495302|LOC115495302","grey60"
"gene-TRIM13|TRIM13","pink"
"gene-LOC140684186|LOC140684186","lightcyan"
"gene-LOC105758667|LOC105758667","grey60"
"gene-KCNRG|KCNRG","turquoise"
"gene-FAM124A|FAM124A","purple"
"gene-RNASEH2B|RNASEH2B","grey60"
"gene-DHRS12|DHRS12","midnightblue"
"gene-INTS6|INTS6","yellow"
"gene-LOC115495315|LOC115495315","yellow"
"gene-WDFY2|WDFY2","yellowgreen"
"gene-ATP7B|ATP7B","lightgreen"
"gene-ALG11|ALG11","red"
"gene-NEK5|NEK5","darkorange"
"gene-NEK3|NEK3","black"
"gene-CKAP2|CKAP2","green"
"gene-VPS36|VPS36","red"
"gene-THSD1|THSD1","darkgrey"
"gene-LOC100228216|LOC100228216","plum1"
"gene-LOC100231076|LOC100231076","greenyellow"
"gene-SLC25A15|SLC25A15","red"
"gene-MRPS31|MRPS31","darkred"
"gene-FOXO1|FOXO1","turquoise"
"gene-COG6|COG6","turquoise"
"gene-LHFPL6|LHFPL6","thistle2"
"gene-NHLRC3|NHLRC3","pink"
"gene-PROSER1|PROSER1","yellow"
"gene-FREM2|FREM2","darkslateblue"
"gene-LOC100231134|LOC100231134","magenta"
"gene-TRPC4|TRPC4","grey"
"gene-POSTN|POSTN","blue"
"gene-UFM1|UFM1","brown"
"gene-SMAD9|SMAD9","salmon"
"gene-SUPT20H|SUPT20H","paleturquoise"
"gene-EXOSC8|EXOSC8","blue"
"gene-ALG5|ALG5","brown"
"gene-SERTM1|SERTM1","green"
"gene-CCNA1|CCNA1","grey"
"gene-RFXAP|RFXAP","magenta"
"gene-SPART|SPART","thistle2"
"gene-DCLK1|DCLK1","saddlebrown"
"gene-NBEA|NBEA","blue"
"gene-MAB21L1|MAB21L1","purple"
"gene-RFC3|RFC3","brown"
"gene-KL|KL","saddlebrown"
"gene-STARD13|STARD13","grey60"
"gene-LOC115495505|LOC115495505","grey"
"gene-PDS5B|PDS5B","brown"
"gene-BRCA2|BRCA2","yellow"
"gene-N4BP2L2|N4BP2L2","cyan"
"gene-LOC140680228|LOC140680228","greenyellow"
"gene-N4BP2L1|N4BP2L1","brown"
"gene-FRY|FRY","black"
"gene-B3GLCT|B3GLCT","yellow"
"gene-ALOX5AP|ALOX5AP","blue"
"gene-HSPH1|HSPH1","blue"
"gene-USPL1|USPL1","yellow"
"gene-LOC105758664|LOC105758664","lightyellow"
"gene-KATNAL1|KATNAL1","green"
"gene-HMGB1|HMGB1","red"
"gene-LOC121470071|LOC121470071","grey"
"gene-UBL3|UBL3","skyblue3"
"gene-SLC7A1|SLC7A1","green"
"gene-MTUS2|MTUS2","green"
"gene-SLC46A3|SLC46A3","red"
"gene-POMP|POMP","magenta"
"gene-PDX1|PDX1","royalblue"
"gene-LOC140684344|LOC140684344","grey"
"gene-PAN3|PAN3","black"
"gene-FLT1|FLT1","blue"
"gene-FLT3|FLT3","tan"
"gene-LNX2|LNX2","greenyellow"
"gene-LOC100217615|LOC100217615","turquoise"
"gene-MTIF3|MTIF3","brown"
"gene-GTF3A|GTF3A","yellow"
"gene-USP12|USP12","yellow"
"gene-WASF3|WASF3","grey"
"gene-RASL11A|RASL11A","blue"
"gene-RPL21|RPL21","magenta"
"gene-LOC115497810|LOC115497810","magenta"
"gene-LOC115497779|LOC115497779","black"
"gene-CDK8|CDK8","grey60"
"gene-RNF6|RNF6","darkorange2"
"gene-ATP8A2|ATP8A2","darkolivegreen"
"gene-SHISA2|SHISA2","turquoise"
"gene-NUP58|NUP58","turquoise"
"gene-MTMR6|MTMR6","turquoise"
"gene-AMER2|AMER2","orange"
"gene-LOC100227271|LOC100227271","grey"
"gene-SPATA13|SPATA13","turquoise"
"gene-MIPEP|MIPEP","brown"
"gene-TNFRSF19|TNFRSF19","grey"
"gene-SACS|SACS","paleturquoise"
"gene-SGCG|SGCG","darkgrey"
"gene-LOC140684403|LOC140684403","plum1"
"gene-FGF9|FGF9","lightgreen"
"gene-LOC140684413|LOC140684413","red"
"gene-MICU2|MICU2","turquoise"
"gene-ZDHHC20|ZDHHC20","pink"
"gene-SKA3|SKA3","grey"
"gene-MRPL57|MRPL57","greenyellow"
"gene-SAP18|SAP18","midnightblue"
"gene-LATS2|LATS2","blue"
"gene-XPO4|XPO4","darkmagenta"
"gene-IL17D|IL17D","grey"
"gene-LOC140684429|LOC140684429","cyan"
"gene-EEF1AKMT1|EEF1AKMT1","cyan"
"gene-IFT88|IFT88","navajowhite2"
"gene-LOC100219548|LOC100219548","pink"
"gene-CRYL1|CRYL1","royalblue"
"gene-LOC140684437|LOC140684437","darkmagenta"
"gene-GJA3|GJA3","brown"
"gene-GJB2|GJB2","maroon"
"gene-ZMYM2|ZMYM2","darkmagenta"
"gene-CPAP|CPAP","palevioletred3"
"gene-PSPC1|PSPC1","red"
"gene-MPHOSPH8|MPHOSPH8","turquoise"
"gene-RNF17|RNF17","blue"
"gene-ARHGAP20|ARHGAP20","blue"
"gene-ZC3H12C|ZC3H12C","red"
"gene-LOC140684452|LOC140684452","blue"
"gene-LOC140685224|LOC140685224","midnightblue"
"gene-LOC140680334|LOC140680334","yellowgreen"
"gene-LOC140684450|LOC140684450","blue"
"gene-FDX1|FDX1","brown"
"gene-RDX|RDX","pink"
"gene-LOC115495779|LOC115495779","green"
"gene-GPC5|GPC5","grey"
"gene-ABCC4|ABCC4","green"
"gene-TGDS|TGDS","darkred"
"gene-GPR180|GPR180","turquoise"
"gene-CLDN10|CLDN10","blue"
"gene-DZIP1|DZIP1","darkorange"
"gene-HS6ST3|HS6ST3","thistle2"
"gene-UGGT2|UGGT2","cyan"
"gene-DNAJC3|DNAJC3","midnightblue"
"gene-MBNL2|MBNL2","lightcyan"
"gene-LOC140684471|LOC140684471","yellow"
"gene-RAP2A|RAP2A","purple"
"gene-IPO5|IPO5","lightgreen"
"gene-STK24|STK24","lightcyan"
"gene-FARP1|FARP1","lightgreen"
"gene-DOCK9|DOCK9","plum1"
"gene-UBAC2|UBAC2","turquoise"
"gene-GPR18|GPR18","green"
"gene-GPR183|GPR183","green"
"gene-TM9SF2|TM9SF2","brown"
"gene-CLYBL|CLYBL","turquoise"
"gene-TMTC4|TMTC4","pink"
"gene-PCCA|PCCA","brown"
"gene-LOC140684492|LOC140684492","yellow"
"gene-GGACT|GGACT","brown"
"gene-NALCN|NALCN","royalblue"
"gene-FGF14|FGF14","grey"
"gene-ITGBL1|ITGBL1","skyblue3"
"gene-TPP2|TPP2","brown"
"gene-TEX30|TEX30","black"
"gene-POGLUT2|POGLUT2","cyan"
"gene-BIVM|BIVM","brown"
"gene-ERCC5|ERCC5","black"
"gene-LOC140680336|LOC140680336","white"
"gene-LOC116808949|LOC116808949","black"
"gene-EFNB2|EFNB2","black"
"gene-LOC115495873|LOC115495873","yellow"
"gene-ARGLU1|ARGLU1","black"
"gene-TNFSF13B|TNFSF13B","blue"
"gene-LIG4|LIG4","red"
"gene-ABHD13|ABHD13","black"
"gene-LOC100232370|LOC100232370","salmon"
"gene-LOC100229427|LOC100229427","blue"
"gene-XG|XG","violet"
"gene-GYG2|GYG2","violet"
"gene-CD99|CD99","cyan"
"gene-ZBED1|ZBED1","pink"
"gene-DHRSX|DHRSX","cyan"
"gene-ASMT|ASMT","violet"
"gene-AKAP17A|AKAP17A","cyan"
"gene-LOC115495938|LOC115495938","purple"
"gene-CRLF2|CRLF2","blue"
"gene-PPP2R3B|PPP2R3B","black"
"gene-LOC100221786|LOC100221786","palevioletred3"
"gene-GTPBP6|GTPBP6","yellow"
"gene-PLCXD1|PLCXD1","brown"
"gene-P2RY8|P2RY8","green"
"gene-LOC140684548|LOC140684548","salmon"
"gene-ASMTL|ASMTL","turquoise"
"gene-SLC25A6|SLC25A6","lightgreen"
"gene-LOC101233002|LOC101233002","lightgreen"
"gene-LOC101232863|LOC101232863","green"
"gene-JADE3|JADE3","blue"
"gene-LOC140684556|LOC140684556","grey60"
"gene-RP2|RP2","grey"
"gene-LOC100230413|LOC100230413","cyan"
"gene-RGN|RGN","red"
"gene-SLC9A7|SLC9A7","green"
"gene-CHST7|CHST7","green"
"gene-TUBGCP5|TUBGCP5","red"
"gene-CYFIP1|CYFIP1","lightgreen"
"gene-NIPA2|NIPA2","sienna3"
"gene-NIPA1|NIPA1","pink"
"gene-GABRB3|GABRB3","darkorange2"
"gene-GABRG3|GABRG3","skyblue"
"gene-ATP10A|ATP10A","purple"
"gene-HERC2|HERC2","yellow"
"gene-CNGA3|CNGA3","salmon"
"gene-VWA3B|VWA3B","black"
"gene-UBE3A|UBE3A","turquoise"
"gene-TMEM131|TMEM131","darkgrey"
"gene-INPP4A|INPP4A","tan"
"gene-CRACDL|CRACDL","blue"
"gene-TSGA10|TSGA10","salmon"
"gene-COA5|COA5","magenta"
"gene-UNC50|UNC50","darkred"
"gene-MGAT4A|MGAT4A","green"
"gene-LOC121470262|LOC121470262","mediumpurple3"
"gene-LIPT1|LIPT1","darkred"
"gene-MITD1|MITD1","red"
"gene-MRPL30|MRPL30","greenyellow"
"gene-REV1|REV1","salmon"
"gene-TXNDC9|TXNDC9","turquoise"
"gene-EIF5B|EIF5B","greenyellow"
"gene-AFF3|AFF3","salmon4"
"gene-LONRF2|LONRF2","turquoise"
"gene-CHST10|CHST10","saddlebrown"
"gene-PDCL3|PDCL3","brown"
"gene-NPAS2|NPAS2","red"
"gene-LOC140684607|LOC140684607","plum2"
"gene-RPL31|RPL31","magenta"
"gene-TBC1D8|TBC1D8","paleturquoise"
"gene-CNOT11|CNOT11","greenyellow"
"gene-LOC140684610|LOC140684610","blue"
"gene-LOC115497827|LOC115497827","yellow"
"gene-RNF149|RNF149","navajowhite2"
"gene-MAP4K4|MAP4K4","turquoise"
"gene-IL1R2|IL1R2","midnightblue"
"gene-IL1RL1|IL1RL1","darkolivegreen"
"gene-LOC100229435|LOC100229435","blue"
"gene-IL18R1|IL18R1","darkorange"
"gene-IL18RAP|IL18RAP","tan"
"gene-SLC9A4|SLC9A4","tan"
"gene-LOC100220817|LOC100220817","midnightblue"
"gene-SLC9A2|SLC9A2","black"
"gene-TMEM182|TMEM182","grey"
"gene-MFSD9|MFSD9","brown"
"gene-POU3F3|POU3F3","orange"
"gene-MRPS9|MRPS9","brown"
"gene-LOC140684665|LOC140684665","blue"
"gene-TGFBRAP1|TGFBRAP1","salmon4"
"gene-C1H2orf49|C1H2orf49","skyblue3"
"gene-FHL2|FHL2","plum1"
"gene-ECRG4|ECRG4","thistle2"
"gene-NCK2|NCK2","pink"
"gene-UXS1|UXS1","darkred"
"gene-LOC100228578|LOC100228578","cyan"
"gene-LOC115496204|LOC115496204","darkgreen"
"gene-ST6GAL2|ST6GAL2","blue"
"gene-LOC140684679|LOC140684679","midnightblue"
"gene-SULT1C4|SULT1C4","darkgreen"
"gene-GCC2|GCC2","brown"
"gene-LIMS1|LIMS1","darkolivegreen"
"gene-LOC140684678|LOC140684678","lightgreen"
"gene-CCDC138|CCDC138","brown"
"gene-EDAR|EDAR","lightpink4"
"gene-SH3RF3|SH3RF3","lightcyan"
"gene-RGPD4|RGPD4","turquoise"
"gene-SEPTIN10|SEPTIN10","lightgreen"
"gene-CHAMP1|CHAMP1","violet"
"gene-UPF3A|UPF3A","black"
"gene-CDC16|CDC16","floralwhite"
"gene-RASA3|RASA3","green"
"gene-GAS6|GAS6","paleturquoise"
"gene-TFDP1|TFDP1","red"
"gene-ADPRHL1|ADPRHL1","darkolivegreen"
"gene-LOC100226687|LOC100226687","lightsteelblue1"
"gene-DCUN1D2|DCUN1D2","black"
"gene-TMCO3|TMCO3","grey"
"gene-GRTP1|GRTP1","blue"
"gene-LAMP1|LAMP1","saddlebrown"
"gene-MCF2L|MCF2L","blue"
"gene-ATP11A|ATP11A","grey"
"gene-LOC115496344|LOC115496344","brown"
"gene-TUBGCP3|TUBGCP3","turquoise"
"gene-CUL4A|CUL4A","black"
"gene-PCID2|PCID2","blue"
"gene-PROZ|PROZ","midnightblue"
"gene-F10|F10","blue"
"gene-LOC100223776|LOC100223776","blue"
"gene-ARHGEF7|ARHGEF7","brown"
"gene-ANKRD10|ANKRD10","black"
"gene-ING1|ING1","lightcyan"
"gene-CARS2|CARS2","brown4"
"gene-NAXD|NAXD","darkseagreen4"
"gene-LOC140684749|LOC140684749","yellow"
"gene-RAB20|RAB20","turquoise"
"gene-IRS2|IRS2","darkolivegreen"
"gene-COL4A1|COL4A1","yellow"
"gene-COL4A2|COL4A2","brown4"
"gene-MXRA5|MXRA5","brown4"
"gene-PRKX|PRKX","green"
"gene-MYO16|MYO16","darkred"
"gene-PUDP|PUDP","cyan"
"gene-LOC140684761|LOC140684761","grey60"
"gene-LOC121470409|LOC121470409","grey60"
"gene-PNPLA4|PNPLA4","grey"
"gene-ANOS1|ANOS1","black"
"gene-GPR143|GPR143","brown4"
"gene-TBL1X|TBL1X","lightgreen"
"gene-SHROOM2|SHROOM2","grey"
"gene-LOC115497343|LOC115497343","navajowhite2"
"gene-CLCN4|CLCN4","lightpink4"
"gene-WWC3|WWC3","green"
"gene-MID1|MID1","blue"
"gene-ARHGAP6|ARHGAP6","brown4"
"gene-LOC100224152|LOC100224152","brown"
"gene-FRMPD4|FRMPD4","cyan"
"gene-LOC115496483|LOC115496483","blue"
"gene-MSL3|MSL3","skyblue"
"gene-LOC140684786|LOC140684786","pink"
"gene-PRPS2|PRPS2","antiquewhite4"
"gene-LOC100231797|LOC100231797","blue"
"gene-TMSB4X|TMSB4X","green"
"gene-GEMIN8|GEMIN8","midnightblue"
"gene-OFD1|OFD1","lightcyan"
"gene-GPM6B|GPM6B","cyan"
"gene-RAB9A|RAB9A","saddlebrown"
"gene-TCEANC|TCEANC","black"
"gene-LOC115496564|LOC115496564","salmon"
"gene-TRAPPC2|TRAPPC2","turquoise"
"gene-FANCB|FANCB","lightgreen"
"gene-MOSPD2|MOSPD2","salmon4"
"gene-ASB9|ASB9","red"
"gene-PIGA|PIGA","red"
"gene-VEGFD|VEGFD","maroon"
"gene-ACE2|ACE2","lightcyan"
"gene-CLTRN|CLTRN","black"
"gene-AP1S2|AP1S2","green"
"gene-ZRSR2|ZRSR2","salmon"
"gene-LOC140684835|LOC140684835","brown"
"gene-CTPS2|CTPS2","turquoise"
"gene-SYAP1|SYAP1","brown"
"gene-TXLNG|TXLNG","darkmagenta"
"gene-RBBP7|RBBP7","red"
"gene-REPS2|REPS2","darkslateblue"
"gene-NHS|NHS","midnightblue"
"gene-BEND2|BEND2","skyblue"
"gene-RAI2|RAI2","blue"
"gene-SCML2|SCML2","yellow"
"gene-CDKL5|CDKL5","yellow"
"gene-ADGRG2|ADGRG2","blue"
"gene-PPEF1|PPEF1","steelblue"
"gene-PHKA2|PHKA2","brown"
"gene-PDHA1|PDHA1","brown"
"gene-MAP3K15|MAP3K15","blue"
"gene-LOC115496722|LOC115496722","blue"
"gene-MAP7D2|MAP7D2","blue"
"gene-SH3KBP1|SH3KBP1","lightcyan"
"gene-BCLAF3|BCLAF3","blue"
"gene-EIF1AX|EIF1AX","greenyellow"
"gene-RPS6KA3|RPS6KA3","orange"
"gene-SMPX|SMPX","blue"
"gene-CNKSR2|CNKSR2","green"
"gene-MBTPS2|MBTPS2","pink"
"gene-LOC115496760|LOC115496760","salmon4"
"gene-SMS|SMS","sienna3"
"gene-PHEX|PHEX","grey"
"gene-PTCHD1|PTCHD1","brown"
"gene-ACOT9|ACOT9","red"
"gene-PRDX4|PRDX4","magenta"
"gene-LOC115496797|LOC115496797","steelblue"
"gene-LOC140684918|LOC140684918","tan"
"gene-SAT1|SAT1","blue"
"gene-APOO|APOO","sienna3"
"gene-KLHL15|KLHL15","red"
"gene-LOC140680276|LOC140680276","tan"
"gene-LOC115496804|LOC115496804","blue"
"gene-ZFX|ZFX","brown"
"gene-EIF2S3|EIF2S3","brown"
"gene-LOC140685228|LOC140685228","yellow"
"gene-PDK3|PDK3","turquoise"
"gene-PCYT1B|PCYT1B","pink"
"gene-ARX|ARX","grey"
"gene-POLA1|POLA1","grey60"
"gene-LOC100227062|LOC100227062","lightsteelblue1"
"gene-TASL|TASL","salmon"
"gene-LOC121470562|LOC121470562","purple"
"gene-TMEM47|TMEM47","turquoise"
"gene-GK|GK","pink"
"gene-LOC100223167|LOC100223167","yellow"
"gene-TAB3|TAB3","yellowgreen"
"gene-LOC115496828|LOC115496828","darkorange"
"gene-CFAP47|CFAP47","grey60"
"gene-PRRG1|PRRG1","tan"
"gene-DMD|DMD","grey"
"gene-LOC121470894|LOC121470894","lightgreen"
"gene-LOC140684963|LOC140684963","ivory"
"gene-LANCL3|LANCL3","lightcyan"
"gene-XK|XK","grey60"
"gene-CYBB|CYBB","green"
"gene-DYNLT3|DYNLT3","brown"
"gene-SRPX|SRPX","yellowgreen"
"gene-LOC115496885|LOC115496885","purple"
"gene-LOC100222223|LOC100222223","purple"
"gene-LOC115496894|LOC115496894","tan"
"gene-TSPAN7|TSPAN7","orange"
"gene-MID1IP1|MID1IP1","orange"
"gene-BCOR|BCOR","purple"
"gene-LOC140684996|LOC140684996","yellow"
"gene-ATP6AP2|ATP6AP2","brown"
"gene-MED14|MED14","turquoise"
"gene-LOC140684999|LOC140684999","pink"
"gene-USP9X|USP9X","turquoise"
"gene-RPL8|RPL8","magenta"
"gene-NYX|NYX","lightyellow"
"gene-CASK|CASK","turquoise"
"gene-GPR34|GPR34","green"
"gene-GPR82|GPR82","tan"
"gene-LOC100221249|LOC100221249","royalblue"
"gene-DDX3X|DDX3X","black"
"gene-NDP|NDP","royalblue"
"gene-EFHC2|EFHC2","grey60"
"gene-LOC100223232|LOC100223232","red"
"gene-FUNDC1|FUNDC1","red"
"gene-DIPK2B|DIPK2B","honeydew1"
"gene-LOC115496969|LOC115496969","cyan"
"gene-LOC115497347|LOC115497347","purple"
"gene-KDM6A|KDM6A","black"
"gene-LOC115496967|LOC115496967","black"
"gene-ICOSLG|ICOSLG","darkred"
"gene-LOC115496994|LOC115496994","green"
"gene-GATD3|GATD3","blue"
"gene-PWP2|PWP2","pink"
"gene-LOC140685047|LOC140685047","black"
"gene-TRAPPC10|TRAPPC10","coral1"
"gene-AGPAT3|AGPAT3","brown"
"gene-LOC140685229|LOC140685229","turquoise"
"gene-PDXK|PDXK","turquoise"
"gene-RRP1B|RRP1B","grey"
"gene-HSF2BP|HSF2BP","yellow"
"gene-SIK1|SIK1","blue"
"gene-PDE9A|PDE9A","darkturquoise"
"gene-ABCG1|ABCG1","grey"
"gene-C2CD2|C2CD2","yellowgreen"
"gene-PRDM15|PRDM15","pink"
"gene-TMPRSS2|TMPRSS2","yellow"
"gene-FAM3B|FAM3B","plum1"
"gene-U2AF1|U2AF1","black"
"gene-LOC100222166|LOC100222166","turquoise"
"gene-PKNOX1|PKNOX1","midnightblue"
"gene-NDUFV3|NDUFV3","magenta"
"gene-WDR4|WDR4","turquoise"
"gene-SLC37A1|SLC37A1","turquoise"
"gene-RSPH1|RSPH1","floralwhite"
"gene-UBASH3A|UBASH3A","tan"
"gene-TMPRSS3|TMPRSS3","antiquewhite4"
"gene-UMODL1|UMODL1","blue"
"gene-ZBTB21|ZBTB21","salmon"
"gene-LOC115497050|LOC115497050","paleturquoise"
"gene-RIPK4|RIPK4","grey"
"gene-LOC100218402|LOC100218402","purple"
"gene-BACE2|BACE2","grey"
"gene-PSMG1|PSMG1","grey"
"gene-B3GALT5|B3GALT5","orangered4"
"gene-LCA5L|LCA5L","grey"
"gene-PCP4|PCP4","blue"
"gene-IGSF5|IGSF5","brown"
"gene-LOC140685086|LOC140685086","mediumpurple3"
"gene-GET1|GET1","turquoise"
"gene-HMGN1|HMGN1","darkred"
"gene-BRWD1|BRWD1","yellow"
"gene-ETS2|ETS2","midnightblue"
"gene-RUNX1|RUNX1","green"
"gene-KCNE2|KCNE2","saddlebrown"
"gene-LOC140685131|LOC140685131","blue"
"gene-CLIC6|CLIC6","green"
"gene-RCAN1|RCAN1","midnightblue"
"gene-SMIM11|SMIM11","black"
"gene-MRPS6|MRPS6","greenyellow"
"gene-SLC5A3|SLC5A3","blue"
"gene-LOC116808912|LOC116808912","blue"
"gene-ERG|ERG","yellow"
"gene-KCNJ15|KCNJ15","blue"
"gene-KCNJ6|KCNJ6","mediumpurple3"
"gene-DYRK1A|DYRK1A","turquoise"
"gene-TTC3|TTC3","purple"
"gene-LOC115497172|LOC115497172","red"
"gene-HLCS|HLCS","pink"
"gene-DOP1B|DOP1B","grey60"
"gene-SETD4|SETD4","grey60"
"gene-LOC140685102|LOC140685102","steelblue"
"gene-VPS26C|VPS26C","brown"
"gene-PIGP|PIGP","darkred"
"gene-LOC140685126|LOC140685126","thistle1"
"gene-SIM2|SIM2","plum2"
"gene-CHAF1B|CHAF1B","purple"
"gene-MORC3|MORC3","red"
"gene-LOC100222525|LOC100222525","brown"
"gene-LOC100222646|LOC100222646","bisque4"
"gene-LOC100227500|LOC100227500","blue"
"gene-LOC115497281|LOC115497281","blue"
"gene-RPS11|RPS11","magenta"
"gene-LOC140685199|LOC140685199","magenta"
"gene-LOC115497787|LOC115497787","black"
"gene-CCKBR|CCKBR","blue"
"gene-FHIP1B|FHIP1B","brown"
"gene-SMPD1|SMPD1","blue"
"gene-APBB1|APBB1","grey"
"gene-TRIM3|TRIM3","green"
"gene-ILK|ILK","darkgrey"
"gene-ARFIP2|ARFIP2","lightcyan1"
"gene-TIMM10B|TIMM10B","magenta"
"gene-RRP8|RRP8","black"
"gene-CRYZL1|CRYZL1","yellow"
"gene-ITSN1|ITSN1","turquoise"
"gene-DNAJC28|DNAJC28","brown"
"gene-STIM1|STIM1","brown"
"gene-NUP98|NUP98","blue"
"gene-LOC115497224|LOC115497224","darkgreen"
"gene-ATP5PO|ATP5PO","greenyellow"
"gene-LOC100222702|LOC100222702","magenta"
"gene-GART|GART","lightgreen"
"gene-SON|SON","turquoise"
"gene-DONSON|DONSON","steelblue"
"gene-TMEM50B|TMEM50B","cyan"
"gene-IFNGR2|IFNGR2","greenyellow"
"gene-LOC140685154|LOC140685154","white"
"gene-IFNAR1|IFNAR1","brown"
"gene-IL10RB|IL10RB","honeydew1"
"gene-IFNAR2|IFNAR2","red"
"gene-RRM1|RRM1","turquoise"
"gene-RHOG|RHOG","green"
"gene-PGAP2|PGAP2","turquoise"
"gene-LOC100220722|LOC100220722","blue"
"gene-LOC100190585|LOC100190585","green"
"gene-HBE1|HBE1","blue"
"gene-DCHS1|DCHS1","yellow"
"gene-TAF10|TAF10","sienna3"
"gene-TPP1|TPP1","magenta"
"gene-LOC115497292|LOC115497292","grey"
"gene-LOC140685214|LOC140685214","yellow"
"gene-LOC140685230|LOC140685230","orangered4"
"gene-LCMT2|LCMT2","pink"
"gene-LOC140685215|LOC140685215","yellow"
"gene-LOC140685216|LOC140685216","turquoise"
"gene-LOC140685217|LOC140685217","grey"
"gene-LOC140680462|LOC140680462","royalblue"
"gene-LOC140682282|LOC140682282","pink"
"gene-LOC116809227|LOC116809227","lightyellow"
"gene-LOC100223649|LOC100223649","green"
"gene-LOC100220727|LOC100220727","purple"
"gene-NME6|NME6","black"
"gene-LOC100225533|LOC100225533","turquoise"
"gene-GOLGB1|GOLGB1","turquoise"
"gene-LOC115492608|LOC115492608","black"
"gene-FLNC|FLNC","plum1"
"gene-ATP6V1F|ATP6V1F","turquoise"
"gene-RABL2A|RABL2A","black"
"gene-LOC100230310|LOC100230310","steelblue"
"gene-LOC121469167|LOC121469167","honeydew1"
"gene-CALU|CALU","sienna3"
"gene-IRF5|IRF5","darkorange"
"gene-TNPO3|TNPO3","greenyellow"
"gene-IMPDH1|IMPDH1","plum1"
"gene-RBM28|RBM28","black"
"gene-LOC115492572|LOC115492572","blue"
"gene-MAPK8IP2|MAPK8IP2","royalblue"
"gene-SND1|SND1","midnightblue"
"gene-LRRC4|LRRC4","blue"
"gene-SHANK3|SHANK3","darkgrey"
"gene-LOC115492594|LOC115492594","darkturquoise"
"gene-CHKB|CHKB","yellow"
"gene-CPT1B|CPT1B","lightyellow"
"gene-SCO2|SCO2","darkred"
"gene-ADM2|ADM2","violet"
"gene-NCAPH2|NCAPH2","yellow"
"gene-LMF2|LMF2","grey"
"gene-MIOX|MIOX","sienna3"
"gene-LOC115492573|LOC115492573","darkseagreen4"
"gene-GCC1|GCC1","thistle2"
"gene-ARSA|ARSA","darkorange2"
"gene-SBF1|SBF1","pink"
"gene-PPP6R2|PPP6R2","brown"
"gene-DENND6B|DENND6B","floralwhite"
"gene-LOC140682273|LOC140682273","purple"
"gene-TSPAN33|TSPAN33","magenta"
"gene-SMO|SMO","cyan"
"gene-AHCYL2|AHCYL2","brown"
"gene-SMKR1|SMKR1","tan"
"gene-STRIP2|STRIP2","green"
"gene-NRF1|NRF1","turquoise"
"gene-UBE2H|UBE2H","brown"
"gene-LOC140680525|LOC140680525","black"
"gene-ZC3HC1|ZC3HC1","brown"
"gene-LOC105758620|LOC105758620","darkmagenta"
"gene-KLHDC10|KLHDC10","turquoise"
"gene-LOC100223967|LOC100223967","blue"
"gene-LOC100221042|LOC100221042","green"
"gene-TMEM209|TMEM209","turquoise"
"gene-TASOR2|TASOR2","lightcyan"
"gene-MEST|MEST","bisque4"
"gene-IL15RA|IL15RA","grey60"
"gene-FBH1|FBH1","grey"
"gene-ANKRD16|ANKRD16","black"
"gene-CEP41|CEP41","salmon"
"gene-COPG2|COPG2","brown"
"gene-LOC140680570|LOC140680570","lightpink4"
"gene-GDI2|GDI2","sienna3"
"gene-ASB13|ASB13","turquoise"
"gene-LOC100231595|LOC100231595","blue"
"gene-NET1|NET1","brown4"
"gene-LOC140680573|LOC140680573","grey"
"gene-LOC105758623|LOC105758623","tan"
"gene-SLC35B4|SLC35B4","yellow"
"gene-LRGUK|LRGUK","black"
"gene-EXOC4|EXOC4","grey"
"gene-CHCHD3|CHCHD3","brown"
"gene-PLXNA4|PLXNA4","grey"
"gene-LOC140680591|LOC140680591","white"
"gene-PODXL|PODXL","pink"
"gene-MKLN1|MKLN1","brown"
"gene-LOC121471102|LOC121471102","yellow"
"gene-LOC121471105|LOC121471105","blue"
"gene-LOC140680629|LOC140680629","black"
"gene-IL2RA|IL2RA","tan"
"gene-LOC100222960|LOC100222960","green"
"gene-LOC100228705|LOC100228705","paleturquoise"
"gene-LOC140680603|LOC140680603","grey"
"gene-LOC100225832|LOC100225832","bisque4"
"gene-LOC100225830|LOC100225830","green"
"gene-RBM17|RBM17","sienna3"
"gene-PFKFB3|PFKFB3","blue"
"gene-PRKCQ|PRKCQ","green"
"gene-SFMBT2|SFMBT2","blue"
"gene-LOC100221871|LOC100221871","tan"
"gene-ITIH5|ITIH5","paleturquoise"
"gene-ITIH2|ITIH2","turquoise"
"gene-KIN|KIN","darkred"
"gene-ATP5F1C|ATP5F1C","brown"
"gene-TAF3|TAF3","yellowgreen"
"gene-GATA3|GATA3","green"
"gene-CELF2|CELF2","skyblue"
"gene-USP6NL|USP6NL","coral1"
"gene-ECHDC3|ECHDC3","blue"
"gene-PROSER2|PROSER2","salmon"
"gene-CCDC3|CCDC3","turquoise"
"gene-LOC140680679|LOC140680679","darkmagenta"
"gene-CAMK1D|CAMK1D","blue"
"gene-UPF2|UPF2","lightgreen"
"gene-DHTKD1|DHTKD1","turquoise"
"gene-LOC140680678|LOC140680678","darkmagenta"
"gene-SEC61A2|SEC61A2","brown"
"gene-NUDT5|NUDT5","saddlebrown"
"gene-CDC123|CDC123","brown"
"gene-OPTN|OPTN","turquoise"
"gene-MCM10|MCM10","brown4"
"gene-PHYH|PHYH","white"
"gene-SEPHS1|SEPHS1","brown"
"gene-LOC116809312|LOC116809312","salmon"
"gene-BEND7|BEND7","turquoise"
"gene-PRPF18|PRPF18","green"
"gene-FRMD4A|FRMD4A","green"
"gene-FAM107B|FAM107B","darkorange2"
"gene-HSPA14|HSPA14","black"
"gene-ELAPOR2|ELAPOR2","turquoise"
"gene-LOC140680715|LOC140680715","grey"
"gene-DCLRE1C|DCLRE1C","blue"
"gene-MEIG1|MEIG1","thistle2"
"gene-SUV39H2|SUV39H2","maroon"
"gene-TMEM243|TMEM243","darkred"
"gene-DMTF1|DMTF1","yellow"
"gene-SEMA3D|SEMA3D","plum1"
"gene-SEMA3A|SEMA3A","darkolivegreen"
"gene-SEMA3E|SEMA3E","blue"
"gene-PCLO|PCLO","pink"
"gene-CACNA2D1|CACNA2D1","yellow"
"gene-HGF|HGF","turquoise"
"gene-SEMA3C|SEMA3C","plum1"
"gene-GNAI1|GNAI1","blue"
"gene-CD36|CD36","pink"
"gene-PHTF2|PHTF2","tan"
"gene-MAGI2|MAGI2","ivory"
"gene-RSBN1L|RSBN1L","yellowgreen"
"gene-TMEM60|TMEM60","red"
"gene-PTPN12|PTPN12","grey"
"gene-GSAP|GSAP","yellow"
"gene-CCDC146|CCDC146","red"
"gene-FGL2|FGL2","green"
"gene-FAM185A|FAM185A","darkgreen"
"gene-LRRC17|LRRC17","paleturquoise"
"gene-LOC140680780|LOC140680780","blue"
"gene-LOC140680777|LOC140680777","darkturquoise"
"gene-ARMC10|ARMC10","yellowgreen"
"gene-NAPEPLD|NAPEPLD","pink"
"gene-PMPCB|PMPCB","brown"
"gene-DNAJC2|DNAJC2","floralwhite"
"gene-PSMC2|PSMC2","brown"
"gene-SLC26A5|SLC26A5","brown"
"gene-ORC5|ORC5","plum2"
"gene-RELN|RELN","grey"
"gene-LHFPL3|LHFPL3","violet"
"gene-KMT2E|KMT2E","darkorange"
"gene-SRPK2|SRPK2","cyan"
"gene-PUS7|PUS7","red"
"gene-RINT1|RINT1","greenyellow"
"gene-EFCAB10|EFCAB10","floralwhite"
"gene-LOC115498534|LOC115498534","skyblue"
"gene-ATXN7L1|ATXN7L1","yellow"
"gene-NAMPT|NAMPT","blue"
"gene-CCDC71L|CCDC71L","midnightblue"
"gene-PIK3CG|PIK3CG","pink"
"gene-PRKAR2B|PRKAR2B","lightcyan"
"gene-SLC26A4|SLC26A4","blue"
"gene-GPR22|GPR22","grey"
"gene-HBP1|HBP1","midnightblue"
"gene-COG5|COG5","turquoise"
"gene-DUS4L|DUS4L","saddlebrown"
"gene-BCAP29|BCAP29","black"
"gene-SLC26A3|SLC26A3","blue"
"gene-CBLL1|CBLL1","red"
"gene-LAMB4|LAMB4","blue"
"gene-DLD|DLD","brown"
"gene-LAMB1|LAMB1","royalblue"
"gene-ERGIC2|ERGIC2","turquoise"
"gene-LRRK2|LRRK2","blue"
"gene-REDIC1|REDIC1","red"
"gene-SLC2A13|SLC2A13","lightgreen"
"gene-ABCD2|ABCD2","pink"
"gene-LOC105758559|LOC105758559","grey"
"gene-KIF21A|KIF21A","pink"
"gene-LOC105758548|LOC105758548","pink"
"gene-LOC100189933|LOC100189933","grey"
"gene-LOC121468070|LOC121468070","lightyellow"
"gene-CPNE8|CPNE8","orange"
"gene-ALG10|ALG10","grey"
"gene-TPRKB|TPRKB","floralwhite"
"gene-GTSE1|GTSE1","bisque4"
"gene-TRMU|TRMU","orangered4"
"gene-CELSR1|CELSR1","blue"
"gene-LOC140681045|LOC140681045","darkslateblue"
"gene-LOC100221272|LOC100221272","pink"
"gene-GRAMD4|GRAMD4","red"
"gene-CERK|CERK","orange"
"gene-LOC116806634|LOC116806634","purple"
"gene-TBC1D22A|TBC1D22A","brown"
"gene-TAFA5|TAFA5","purple"
"gene-BRD1|BRD1","purple"
"gene-LOC140681162|LOC140681162","bisque4"
"gene-LOC115490690|LOC115490690","lightcyan"
"gene-PIM3|PIM3","blue"
"gene-IL17REL|IL17REL","blue"
"gene-MOV10L1|MOV10L1","blue"
"gene-PANX2|PANX2","cyan"
"gene-ZBED4|ZBED4","brown"
"gene-ALG12|ALG12","midnightblue"
"gene-LOC140681163|LOC140681163","salmon4"
"gene-CRELD2|CRELD2","midnightblue"
"gene-TRABD|TRABD","black"
"gene-SELENOO|SELENOO","pink"
"gene-TUBGCP6|TUBGCP6","pink"
"gene-MAPK12|MAPK12","paleturquoise"
"gene-MAPK11|MAPK11","royalblue"
"gene-ZNF800|ZNF800","turquoise"
"gene-PLXNB2|PLXNB2","turquoise"
"gene-GRM8|GRM8","lightsteelblue1"
"gene-LOC100190084|LOC100190084","blue"
"gene-LOC140681374|LOC140681374","grey"
"gene-LOC140682270|LOC140682270","grey"
"gene-POT1|POT1","brown"
"gene-LOC140681380|LOC140681380","yellow"
"gene-WASL|WASL","turquoise"
"gene-LOC140681381|LOC140681381","yellow"
"gene-IQUB|IQUB","blue"
"gene-LOC115490816|LOC115490816","grey60"
"gene-LMOD2|LMOD2","darkolivegreen"
"gene-ASB15|ASB15","pink"
"gene-NDUFA5|NDUFA5","greenyellow"
"gene-LOC100225098|LOC100225098","green"
"gene-SLC13A1|SLC13A1","blue"
"gene-CADPS2|CADPS2","yellow"
"gene-PTPRZ1|PTPRZ1","plum1"
"gene-AASS|AASS","skyblue"
"gene-WNT16|WNT16","cyan"
"gene-FAM3C|FAM3C","skyblue3"
"gene-CPED1|CPED1","grey"
"gene-ING3|ING3","red"
"gene-LOC115490906|LOC115490906","yellow"
"gene-KCND2|KCND2","magenta"
"gene-TSPAN12|TSPAN12","red"
"gene-LOC105758561|LOC105758561","blue"
"gene-ANKRD26|ANKRD26","yellow"
"gene-LOC140681606|LOC140681606","grey60"
"gene-LSM8|LSM8","magenta"
"gene-ASZ1|ASZ1","turquoise"
"gene-CFTR|CFTR","plum1"
"gene-CTTNBP2|CTTNBP2","black"
"gene-ST7|ST7","black"
"gene-CAPZA2|CAPZA2","turquoise"
"gene-TES|TES","salmon"
"gene-TFEC|TFEC","green"
"gene-LOC115490941|LOC115490941","grey"
"gene-MET|MET","purple"
"gene-CAV1|CAV1","darkolivegreen"
"gene-CAV2|CAV2","darkolivegreen"
"gene-LOC115490949|LOC115490949","midnightblue"
"gene-LOC105758560|LOC105758560","bisque4"
"gene-MDFIC|MDFIC","grey"
"gene-FOXP2|FOXP2","yellow"
"gene-GPR85|GPR85","grey"
"gene-SMIM30|SMIM30","turquoise"
"gene-LOC140680252|LOC140680252","blue"
"gene-SAMTOR|SAMTOR","yellowgreen"
"gene-TMEM168|TMEM168","red"
"gene-LSMEM1|LSMEM1","cyan"
"gene-IFRD1|IFRD1","blue"
"gene-DOCK4|DOCK4","blue"
"gene-ZNF277|ZNF277","darkred"
"gene-IMMP2L|IMMP2L","bisque4"
"gene-LRRN3|LRRN3","pink"
"gene-LOC121469186|LOC121469186","yellow"
"gene-DNAJB9|DNAJB9","midnightblue"
"gene-THAP5|THAP5","magenta"
"gene-LOC121468185|LOC121468185","yellow"
"gene-PNPLA8|PNPLA8","blue"
"gene-NRCAM|NRCAM","salmon"
"gene-CNTN1|CNTN1","brown"
"gene-GXYLT1|GXYLT1","grey60"
"gene-YAF2|YAF2","brown"
"gene-ZCRB1|ZCRB1","midnightblue"
"gene-PPHLN1|PPHLN1","grey"
"gene-PRICKLE1|PRICKLE1","thistle1"
"gene-TMEM117|TMEM117","lavenderblush3"
"gene-IRAK4|IRAK4","brown"
"gene-TWF1|TWF1","yellow"
"gene-PUS7L|PUS7L","darkred"
"gene-NELL2|NELL2","royalblue"
"gene-ANO6|ANO6","blue"
"gene-LOC105758557|LOC105758557","tan"
"gene-ARID2|ARID2","yellow"
"gene-SCAF11|SCAF11","turquoise"
"gene-SLC38A1|SLC38A1","steelblue"
"gene-SLC38A2|SLC38A2","salmon"
"gene-LOC115491163|LOC115491163","salmon"
"gene-AMIGO2|AMIGO2","turquoise"
"gene-SLC38A4|SLC38A4","skyblue"
"gene-LRIG3|LRIG3","grey60"
"gene-RPAP3|RPAP3","brown"
"gene-ATP23|ATP23","brown"
"gene-SLC16A7|SLC16A7","darkolivegreen"
"gene-TAFA2|TAFA2","grey"
"gene-USP15|USP15","grey"
"gene-LOC140681922|LOC140681922","brown"
"gene-MIRLET7I|MIRLET7I","lightcyan1"
"gene-LOC115491222|LOC115491222","pink"
"gene-MON2|MON2","brown"
"gene-RXYLT1|RXYLT1","turquoise"
"gene-LOC140681927|LOC140681927","red"
"gene-PPM1H|PPM1H","turquoise"
"gene-AVPR1A|AVPR1A","darkgrey"
"gene-SRGAP1|SRGAP1","grey"
"gene-KICS2|KICS2","brown"
"gene-RPL18A|RPL18A","magenta"
"gene-LOC115493544|LOC115493544","greenyellow"
"gene-XPOT|XPOT","turquoise"
"gene-TBK1|TBK1","darkmagenta"
"gene-RASSF3|RASSF3","turquoise"
"gene-GNS|GNS","brown"
"gene-TBC1D30|TBC1D30","pink"
"gene-LOC140681964|LOC140681964","mediumpurple3"
"gene-WIF1|WIF1","grey"
"gene-LEMD3|LEMD3","yellow"
"gene-MSRB3|MSRB3","ivory"
"gene-LOC140681988|LOC140681988","lightgreen"
"gene-HMGA2|HMGA2","yellow"
"gene-LLPH|LLPH","darkred"
"gene-TMBIM4|TMBIM4","turquoise"
"gene-HELB|HELB","yellow"
"gene-GRIP1|GRIP1","paleturquoise"
"gene-LOC140682036|LOC140682036","yellow"
"gene-CAND1|CAND1","turquoise"
"gene-LOC115491386|LOC115491386","lightgreen"
"gene-DYRK2|DYRK2","pink"
"gene-IFNG|IFNG","tan"
"gene-MDM1|MDM1","grey"
"gene-RAP1B|RAP1B","darkolivegreen"
"gene-NUP107|NUP107","purple"
"gene-SLC35E3|SLC35E3","navajowhite2"
"gene-CPM|CPM","black"
"gene-MDM2|MDM2","purple"
"gene-CPSF6|CPSF6","yellow"
"gene-YEATS4|YEATS4","salmon4"
"gene-FRS2|FRS2","turquoise"
"gene-CCT2|CCT2","sienna3"
"gene-BEST3|BEST3","white"
"gene-LOC100218931|LOC100218931","plum1"
"gene-MYRFL|MYRFL","purple"
"gene-RAB3IP|RAB3IP","brown"
"gene-KCNMB4|KCNMB4","black"
"gene-CNOT2|CNOT2","brown"
"gene-PTPRR|PTPRR","brown"
"gene-PTPRB|PTPRB","brown"
"gene-TSPAN8|TSPAN8","blue"
"gene-LGR5|LGR5","greenyellow"
"gene-ZFC3H1|ZFC3H1","red"
"gene-TMEM19|TMEM19","brown"
"gene-RAB21|RAB21","turquoise"
"gene-TBC1D15|TBC1D15","midnightblue"
"gene-TRHDE|TRHDE","grey"
"gene-KCNC2|KCNC2","orange"
"gene-LOC140682185|LOC140682185","lightcyan"
"gene-LOC100230452|LOC100230452","lightcyan"
"gene-CAPS2|CAPS2","bisque4"
"gene-LOC101233417|LOC101233417","cyan"
"gene-LOC100227638|LOC100227638","green"
"gene-KRR1|KRR1","magenta"
"gene-PHLDA1|PHLDA1","lightcyan"
"gene-NAP1L1|NAP1L1","turquoise"
"gene-BBS10|BBS10","yellow"
"gene-OSBPL8|OSBPL8","brown"
"gene-ZDHHC17|ZDHHC17","yellow"
"gene-CSRP2|CSRP2","green"
"gene-E2F7|E2F7","green"
"gene-LOC140682275|LOC140682275","salmon"
"gene-NAV3|NAV3","darkolivegreen"
"gene-SYT1|SYT1","orange"
"gene-PAWR|PAWR","midnightblue"
"gene-PPP1R12A|PPP1R12A","black"
"gene-OTOGL|OTOGL","grey"
"gene-LIN7A|LIN7A","midnightblue"
"gene-PTPRQ|PTPRQ","blue"
"gene-RPS16|RPS16","magenta"
"gene-PPFIA2|PPFIA2","lightpink4"
"gene-ACSS3|ACSS3","lightpink4"
"gene-METTL25|METTL25","brown"
"gene-CCDC59|CCDC59","floralwhite"
"gene-SLC6A15|SLC6A15","green"
"gene-TMTC2|TMTC2","turquoise"
"gene-LRRIQ1|LRRIQ1","yellow"
"gene-RASSF9|RASSF9","turquoise"
"gene-KITLG|KITLG","tan"
"gene-DUSP6|DUSP6","blue"
"gene-CEP290|CEP290","yellow"
"gene-RLIG1|RLIG1","brown"
"gene-TMTC3|TMTC3","brown"
"gene-POC1B|POC1B","darkorange"
"gene-GALNT4|GALNT4","blue"
"gene-KERA|KERA","lightcyan"
"gene-ATP2B1|ATP2B1","pink"
"gene-LUM|LUM","thistle2"
"gene-LOC115492374|LOC115492374","blue"
"gene-DCN|DCN","thistle2"
"gene-BTG1|BTG1","blue"
"gene-LOC115492382|LOC115492382","turquoise"
"gene-PLEKHG7|PLEKHG7","lightcyan1"
"gene-EEA1|EEA1","white"
"gene-LOC115492399|LOC115492399","lightsteelblue1"
"gene-LOC140682194|LOC140682194","blue"
"gene-NUDT4|NUDT4","turquoise"
"gene-UBE2N|UBE2N","brown"
"gene-MRPL42|MRPL42","greenyellow"
"gene-LOC116807730|LOC116807730","darkgreen"
"gene-CRADD|CRADD","brown"
"gene-LOC140682193|LOC140682193","black"
"gene-LOC121469102|LOC121469102","grey"
"gene-PLXNC1|PLXNC1","green"
"gene-CEP83|CEP83","yellow"
"gene-TMCC3|TMCC3","blue"
"gene-NDUFA12|NDUFA12","greenyellow"
"gene-LOC115492497|LOC115492497","royalblue"
"gene-NR2C1|NR2C1","grey"
"gene-FGD6|FGD6","pink"
"gene-VEZT|VEZT","pink"
"gene-METAP2|METAP2","brown"
"gene-USP44|USP44","lightyellow"
"gene-LOC121469104|LOC121469104","salmon"
"gene-NTN4|NTN4","black"
"gene-SNRPF|SNRPF","magenta"
"gene-LTA4H|LTA4H","turquoise"
"gene-ELK3|ELK3","darkgrey"
"gene-AMDHD1|AMDHD1","brown"
"gene-HAL|HAL","salmon"
"gene-CFAP54|CFAP54","yellow"
"gene-LOC115492672|LOC115492672","orangered4"
"gene-CDK17|CDK17","brown"
"gene-NEDD1|NEDD1","brown"
"gene-TMPO|TMPO","black"
"gene-APAF1|APAF1","brown"
"gene-SLC25A3|SLC25A3","brown"
"gene-LOC115493545|LOC115493545","darkseagreen4"
"gene-IKBIP|IKBIP","paleturquoise"
"gene-ANKS1B|ANKS1B","darkgrey"
"gene-BLTP3B|BLTP3B","brown"
"gene-ACTR6|ACTR6","thistle2"
"gene-SLC17A8|SLC17A8","yellow"
"gene-LOC140682195|LOC140682195","blue"
"gene-DEPDC4|DEPDC4","red"
"gene-SCYL2|SCYL2","turquoise"
"gene-NR1H4|NR1H4","orange"
"gene-GAS2L3|GAS2L3","orange"
"gene-ANO4|ANO4","lightgreen"
"gene-SLC5A8|SLC5A8","palevioletred3"
"gene-UTP20|UTP20","grey"
"gene-ARL1|ARL1","brown"
"gene-NUP205|NUP205","pink"
"gene-CNOT4|CNOT4","black"
"gene-LOC100220534|LOC100220534","maroon"
"gene-LOC140682196|LOC140682196","lightyellow"
"gene-STRA8|STRA8","black"
"gene-WDR91|WDR91","yellow"
"gene-CYREN|CYREN","greenyellow"
"gene-TMEM140|TMEM140","purple"
"gene-LOC115493238|LOC115493238","salmon"
"gene-PDE6H|PDE6H","midnightblue"
"gene-ARHGDIB|ARHGDIB","green"
"gene-MGP|MGP","blue"
"gene-LOC100231110|LOC100231110","grey"
"gene-ART4|ART4","grey"
"gene-SMCO3|SMCO3","blue"
"gene-LOC100224417|LOC100224417","blue"
"gene-WBP11|WBP11","turquoise"
"gene-LOC100224416|LOC100224416","blue"
"gene-LOC140682278|LOC140682278","blue"
"gene-APOLD1|APOLD1","blue"
"gene-LOC121469107|LOC121469107","blue"
"gene-LOC100227298|LOC100227298","blue"
"gene-LOC115493338|LOC115493338","blue"
"gene-LOC100231116|LOC100231116","blue"
"gene-LOC115493503|LOC115493503","blue"
"gene-LOC140682197|LOC140682197","blue"
"gene-LOC100225375|LOC100225375","blue"
"gene-LOC100226305|LOC100226305","blue"
"gene-LOC115493340|LOC115493340","blue"
"gene-LOC140682200|LOC140682200","blue"
"gene-LOC140682199|LOC140682199","blue"
"gene-LOC140682198|LOC140682198","blue"
"gene-LOC100229197|LOC100229197","blue"
"gene-LOC100226365|LOC100226365","blue"
"gene-LOC100223493|LOC100223493","blue"
"gene-LOC100220586|LOC100220586","salmon"
"gene-LOC100221944|LOC100221944","blue"
"gene-LOC115493339|LOC115493339","blue"
"gene-LOC140682288|LOC140682288","blue"
"gene-LOC140680216|LOC140680216","white"
"gene-LOC100221426|LOC100221426","blue"
"gene-LOC115493337|LOC115493337","blue"
"gene-LOC100231060|LOC100231060","blue"
"gene-LOC140682201|LOC140682201","blue"
"gene-LOC115493336|LOC115493336","blue"
"gene-LOC100228204|LOC100228204","blue"
"gene-LOC100225322|LOC100225322","black"
"gene-LOC100229276|LOC100229276","blue"
"gene-LOC100232209|LOC100232209","blue"
"gene-LOC100218691|LOC100218691","blue"
"gene-LOC100220543|LOC100220543","blue"
"gene-LOC140682202|LOC140682202","blue"
"gene-LOC100221480|LOC100221480","blue"
"gene-LOC101233594|LOC101233594","blue"
"gene-LOC100229139|LOC100229139","blue"
"gene-LOC121469108|LOC121469108","blue"
"gene-LOC140682203|LOC140682203","blue"
"gene-LOC100227296|LOC100227296","blue"
"gene-LOC140682204|LOC140682204","grey"
"gene-DDX47|DDX47","brown"
"gene-LOC100225315|LOC100225315","pink"
"gene-HEBP1|HEBP1","saddlebrown"
"gene-FAM234B|FAM234B","red"
"gene-EMP1|EMP1","darkolivegreen"
"gene-ATF7IP|ATF7IP","blue"
"gene-PLBD1|PLBD1","blue"
"gene-GUCY2C|GUCY2C","brown"
"gene-IFT56|IFT56","thistle2"
"gene-LOC116807703|LOC116807703","black"
"gene-UBN2|UBN2","yellow"
"gene-LOC100232117|LOC100232117","grey"
"gene-LUC7L2|LUC7L2","sienna3"
"gene-FMC1|FMC1","magenta"
"gene-LOC100225312|LOC100225312","purple"
"gene-NFAM1|NFAM1","green"
"gene-LOC100223480|LOC100223480","purple"
"gene-LOC100217693|LOC100217693","purple"
"gene-LOC115493543|LOC115493543","magenta"
"gene-POLDIP3|POLDIP3","pink"
"gene-RRP7A|RRP7A","brown"
"gene-SERHL2|SERHL2","yellow"
"gene-TNFRSF13C|TNFRSF13C","tan"
"gene-CENPM|CENPM","salmon"
"gene-TCF20|TCF20","pink"
"gene-WBP2NL|WBP2NL","turquoise"
"gene-LOC140682208|LOC140682208","steelblue"
"gene-LOC121469188|LOC121469188","darkturquoise"
"gene-CYP2D6|CYP2D6","turquoise"
"gene-NDUFA6|NDUFA6","greenyellow"
"gene-SMDT1|SMDT1","magenta"
"gene-PHETA2|PHETA2","pink"
"gene-NAGA|NAGA","tan"
"gene-CSDC2|CSDC2","grey"
"gene-PMM1|PMM1","antiquewhite4"
"gene-POLR3H|POLR3H","greenyellow"
"gene-CCDC134|CCDC134","yellow"
"gene-SREBF2|SREBF2","turquoise"
"gene-SNU13|SNU13","turquoise"
"gene-XRCC6|XRCC6","skyblue"
"gene-DESI1|DESI1","brown"
"gene-TEF|TEF","turquoise"
"gene-ACO2|ACO2","brown"
"gene-LOC140682209|LOC140682209","brown"
"gene-PHF5A|PHF5A","darkred"
"gene-TOB2|TOB2","grey"
"gene-ZC3H7B|ZC3H7B","purple"
"gene-CHADL|CHADL","tan"
"gene-RANGAP1|RANGAP1","turquoise"
"gene-L3MBTL2|L3MBTL2","grey"
"gene-EP300|EP300","salmon"
"gene-LOC140682212|LOC140682212","salmon4"
"gene-RBX1|RBX1","darkred"
"gene-SLC25A17|SLC25A17","yellow"
"gene-XPNPEP3|XPNPEP3","skyblue"
"gene-ST13|ST13","turquoise"
"gene-FAM83F|FAM83F","blue"
"gene-GRAP2|GRAP2","green"
"gene-RPS19BP1|RPS19BP1","greenyellow"
"gene-MRTFA|MRTFA","purple"
"gene-TNRC6B|TNRC6B","yellowgreen"
"gene-SGSM3|SGSM3","yellow"
"gene-ADSL|ADSL","greenyellow"
"gene-LOC140682214|LOC140682214","blue"
"gene-ATF4|ATF4","sienna3"
"gene-MIEF1|MIEF1","turquoise"
"gene-MIURF|MIURF","pink"
"gene-MGAT3|MGAT3","purple"
"gene-TAB1|TAB1","yellow"
"gene-SYNGR1|SYNGR1","turquoise"
"gene-PDGFB|PDGFB","green"
"gene-RPL3|RPL3","turquoise"
"gene-NPTXR|NPTXR","brown"
"gene-CBX7|CBX7","pink"
"gene-CBX6|CBX6","pink"
"gene-DNAL4|DNAL4","grey60"
"gene-LOC100229115|LOC100229115","white"
"gene-SUN2|SUN2","brown"
"gene-GTPBP1|GTPBP1","darkmagenta"
"gene-CBY1|CBY1","tan"
"gene-JOSD1|JOSD1","salmon"
"gene-TOMM22|TOMM22","greenyellow"
"gene-LOC115493361|LOC115493361","midnightblue"
"gene-CSNK1E|CSNK1E","pink"
"gene-DMC1|DMC1","darkred"
"gene-LOC140682215|LOC140682215","pink"
"gene-DDX17|DDX17","yellow"
"gene-KDELR3|KDELR3","grey"
"gene-TMEM184B|TMEM184B","turquoise"
"gene-MAFF|MAFF","blue"
"gene-PLA2G6|PLA2G6","red"
"gene-BAIAP2L2|BAIAP2L2","cyan"
"gene-PICK1|PICK1","skyblue"
"gene-LOC100217677|LOC100217677","black"
"gene-POLR2F|POLR2F","magenta"
"gene-MICALL1|MICALL1","turquoise"
"gene-EIF3L|EIF3L","brown"
"gene-ANKRD54|ANKRD54","turquoise"
"gene-GALR3|GALR3","royalblue"
"gene-H1-0|H1-0","green"
"gene-GCAT|GCAT","greenyellow"
"gene-TRIOBP|TRIOBP","turquoise"
"gene-LOC115493368|LOC115493368","mediumpurple3"
"gene-LOC100224455|LOC100224455","blue"
"gene-NOL12|NOL12","turquoise"
"gene-LOC105758586|LOC105758586","cyan"
"gene-PDXP|PDXP","red"
"gene-SH3BP1|SH3BP1","tan"
"gene-GGA1|GGA1","brown"
"gene-LOC100231144|LOC100231144","green"
"gene-CARD10|CARD10","green"
"gene-MFNG|MFNG","green"
"gene-CDC42EP1|CDC42EP1","pink"
"gene-SSTR3|SSTR3","blue"
"gene-CYTH4|CYTH4","tan"
"gene-RAC2|RAC2","green"
"gene-C1QTNF6|C1QTNF6","plum1"
"gene-KCTD17|KCTD17","darkorange2"
"gene-NCF4|NCF4","green"
"gene-IL2RB|IL2RB","green"
"gene-TMPRSS6|TMPRSS6","grey"
"gene-MPST|MPST","brown"
"gene-LOC116806607|LOC116806607","darkgrey"
"gene-CIMIP4|CIMIP4","salmon"
"gene-CSF2RB|CSF2RB","green"
"gene-IFT27|IFT27","orangered4"
"gene-EIF3D|EIF3D","yellowgreen"
"gene-FOXRED2|FOXRED2","midnightblue"
"gene-TXN2|TXN2","brown"
"gene-MYH9|MYH9","purple"
"gene-RASD2|RASD2","grey"
"gene-MCM5|MCM5","grey"
"gene-RBFOX2|RBFOX2","lightyellow"
"gene-HMOX1|HMOX1","blue"
"gene-TOM1|TOM1","brown4"
"gene-HMGXB4|HMGXB4","black"
"gene-LOC116807704|LOC116807704","grey60"
"gene-LARGE1|LARGE1","lightgreen"
"gene-LOC105758584|LOC105758584","red"
"gene-LOC140682220|LOC140682220","blue"
"gene-LOC100225408|LOC100225408","orange"
"gene-SYN3|SYN3","brown4"
"gene-TIMP3|TIMP3","blue"
"gene-FBXO7|FBXO7","salmon"
"gene-ASCL4|ASCL4","salmon"
"gene-RTCB|RTCB","turquoise"
"gene-PRDM4|PRDM4","pink"
"gene-PWP1|PWP1","brown"
"gene-ABTB3|ABTB3","darkgrey"
"gene-CRY1|CRY1","skyblue3"
"gene-TMEM263|TMEM263","cyan"
"gene-MTERF2|MTERF2","red"
"gene-RIC8B|RIC8B","pink"
"gene-POLR3B|POLR3B","turquoise"
"gene-TCP11L2|TCP11L2","tan"
"gene-CKAP4|CKAP4","grey"
"gene-NUAK1|NUAK1","turquoise"
"gene-LOC105758585|LOC105758585","grey"
"gene-APPL2|APPL2","blue"
"gene-WASHC4|WASHC4","yellow"
"gene-ALDH1L2|ALDH1L2","paleturquoise"
"gene-NOPCHAP1|NOPCHAP1","turquoise"
"gene-SLC41A2|SLC41A2","cyan"
"gene-CHST11|CHST11","red"
"gene-TXNRD1|TXNRD1","blue"
"gene-NFYB|NFYB","midnightblue"
"gene-HCFC2|HCFC2","black"
"gene-NT5DC3|NT5DC3","coral1"
"gene-ASCL1|ASCL1","green"
"gene-STAB2|STAB2","yellow"
"gene-GLT8D2|GLT8D2","salmon"
"gene-TDG|TDG","yellow"
"gene-UQCC6|UQCC6","floralwhite"
"gene-HSP90B1|HSP90B1","midnightblue"
"gene-PAH|PAH","lightpink4"
"gene-LOC121469120|LOC121469120","palevioletred3"
"gene-IGF1|IGF1","brown"
"gene-PARPBP|PARPBP","lightyellow"
"gene-PMCH|PMCH","palevioletred3"
"gene-NUP37|NUP37","brown"
"gene-WASHC3|WASHC3","navajowhite2"
"gene-DRAM1|DRAM1","purple"
"gene-SYCP3|SYCP3","grey"
"gene-CHPT1|CHPT1","steelblue"
"gene-MYBPC1|MYBPC1","salmon"
"gene-GNPTAB|GNPTAB","brown"
"gene-PARP12|PARP12","purple"
"gene-TBXAS1|TBXAS1","green"
"gene-KIAA1549|KIAA1549","green"
"gene-HIPK2|HIPK2","lightpink4"
"gene-TMTC1|TMTC1","green"
"gene-CAPRIN2|CAPRIN2","lavenderblush3"
"gene-SINHCAF|SINHCAF","blue"
"gene-IPO8|IPO8","turquoise"
"gene-ETFBKMT|ETFBKMT","skyblue3"
"gene-AMN1|AMN1","salmon4"
"gene-DENND5B|DENND5B","brown"
"gene-RESF1|RESF1","pink"
"gene-BICD1|BICD1","lightcyan1"
"gene-FGD4|FGD4","cyan"
"gene-DNM1L|DNM1L","brown"
"gene-YARS2|YARS2","sienna3"
"gene-PKP2|PKP2","darkolivegreen"
"gene-SYT10|SYT10","floralwhite"
"gene-STMP1|STMP1","black"
"gene-SLC13A4|SLC13A4","plum2"
"gene-FAM180A|FAM180A","lightcyan"
"gene-MTPN|MTPN","cyan"
"gene-PTN|PTN","yellowgreen"
"gene-DGKI|DGKI","blue"
"gene-CREB3L2|CREB3L2","midnightblue"
"gene-SSBP1|SSBP1","magenta"
"gene-DENND11|DENND11","turquoise"
"gene-AGK|AGK","palevioletred3"
"gene-TMEM178B|TMEM178B","grey"
"gene-MRPS33|MRPS33","black"
"gene-BRAF|BRAF","salmon"
"gene-LOC105758592|LOC105758592","black"
"gene-NDUFB2|NDUFB2","greenyellow"
"gene-ADCK2|ADCK2","thistle2"
"gene-DENND2A|DENND2A","pink"
"gene-LOC100222446|LOC100222446","lightsteelblue1"
"gene-MKRN1|MKRN1","turquoise"
"gene-RAB19|RAB19","brown"
"gene-SLC37A3|SLC37A3","turquoise"
"gene-KDM7A|KDM7A","brown4"
"gene-LOC100220557|LOC100220557","darkred"
"gene-LOC115493416|LOC115493416","darkolivegreen"
"gene-LOC100221492|LOC100221492","blue"
"gene-LOC100217663|LOC100217663","yellowgreen"
"gene-PYROXD1|PYROXD1","pink"
"gene-RECQL|RECQL","black"
"gene-GOLT1B|GOLT1B","navajowhite2"
"gene-LOC140682229|LOC140682229","salmon"
"gene-BCAT1|BCAT1","turquoise"
"gene-SOX5|SOX5","brown"
"gene-LOC115493518|LOC115493518","red"
"gene-ETNK1|ETNK1","blue"
"gene-LOC121469202|LOC121469202","tan"
"gene-LOC116806645|LOC116806645","tan"
"gene-LOC100231733|LOC100231733","black"
"gene-LOC105760106|LOC105760106","darkorange"
"gene-LOC140682230|LOC140682230","brown"
"gene-PRR5|PRR5","honeydew1"
"gene-ST8SIA1|ST8SIA1","grey"
"gene-C2CD5|C2CD5","lightyellow"
"gene-LOC115493520|LOC115493520","violet"
"gene-LOC140682232|LOC140682232","turquoise"
"gene-ETV6|ETV6","midnightblue"
"gene-LOC115493428|LOC115493428","yellow"
"gene-LOC115493429|LOC115493429","tan"
"gene-LOC115493431|LOC115493431","honeydew1"
"gene-LOC115493427|LOC115493427","orangered4"
"gene-ATXN10|ATXN10","darkred"
"gene-FBLN1|FBLN1","darkolivegreen"
"gene-TTC38|TTC38","red"
"gene-LOC100229789|LOC100229789","purple"
"gene-PKDREJ|PKDREJ","yellow"
"gene-LOC140682233|LOC140682233","pink"
"gene-PPARA|PPARA","plum1"
"gene-FAM118A|FAM118A","violet"
"gene-KIAA0930|KIAA0930","green"
"gene-LOC115493432|LOC115493432","royalblue"
"gene-LOC100227890|LOC100227890","brown4"
"gene-LOC115493434|LOC115493434","blue"
"gene-LOC105760244|LOC105760244","royalblue"
"gene-PHF21B|PHF21B","lightyellow"
"gene-NUP50|NUP50","brown"
"gene-ARHGEF5|ARHGEF5","yellow"
"gene-LOC105758607|LOC105758607","yellow"
"gene-CD9|CD9","grey"
"gene-ANO2|ANO2","cyan"
"gene-VWF|VWF","darkturquoise"
"gene-LOC116807753|LOC116807753","yellowgreen"
"gene-NTF3|NTF3","pink"
"gene-LOC100232706|LOC100232706","pink"
"gene-KCNA1|KCNA1","pink"
"gene-LOC105758604|LOC105758604","saddlebrown"
"gene-LOC121469204|LOC121469204","steelblue"
"gene-LOC140682237|LOC140682237","ivory"
"gene-NDUFA9|NDUFA9","brown"
"gene-PARVG|PARVG","green"
"gene-PARVB|PARVB","blue"
"gene-SAMM50|SAMM50","brown"
"gene-SULT4A1|SULT4A1","pink"
"gene-LOC115493437|LOC115493437","darkred"
"gene-LOC100231669|LOC100231669","brown"
"gene-MPPED1|MPPED1","cyan"
"gene-SCUBE1|SCUBE1","blue"
"gene-TTLL12|TTLL12","turquoise"
"gene-TTLL1|TTLL1","brown"
"gene-TSPO|TSPO","greenyellow"
"gene-MCAT|MCAT","brown"
"gene-LOC116807733|LOC116807733","darkred"
"gene-PACSIN2|PACSIN2","turquoise"
"gene-LOC115493441|LOC115493441","steelblue"
"gene-LOC140682244|LOC140682244","grey60"
"gene-SYCE3|SYCE3","purple"
"gene-STYK1|STYK1","yellowgreen"
"gene-LOC116807714|LOC116807714","plum2"
"gene-YBX3|YBX3","turquoise"
"gene-TMEM52B|TMEM52B","salmon"
"gene-GABARAPL1|GABARAPL1","darkgreen"
"gene-LOC100228825|LOC100228825","thistle1"
"gene-CMAS|CMAS","turquoise"
"gene-ABCC9|ABCC9","turquoise"
"gene-KCNJ8|KCNJ8","lightgreen"
"gene-LDHB|LDHB","greenyellow"
"gene-IRAG2|IRAG2","tan"
"gene-GYS2|GYS2","salmon"
"gene-A4GALT|A4GALT","purple"
"gene-CYB5R3|CYB5R3","thistle2"
"gene-STK38L|STK38L","blue"
"gene-PPFIBP1|PPFIBP1","darkturquoise"
"gene-REP15|REP15","grey"
"gene-LOC140682246|LOC140682246","steelblue"
"gene-LOC115493453|LOC115493453","darkmagenta"
"gene-LOC115493454|LOC115493454","plum2"
"gene-LOC140682247|LOC140682247","plum2"
"gene-BMAL2|BMAL2","yellow"
"gene-MED21|MED21","blue"
"gene-TM7SF3|TM7SF3","blue"
"gene-FGFR1OP2|FGFR1OP2","turquoise"
"gene-INTS13|INTS13","turquoise"
"gene-SSPN|SSPN","brown"
"gene-ITPR2|ITPR2","darkgrey"
"gene-LOC115493458|LOC115493458","brown"
"gene-BHLHE41|BHLHE41","brown"
"gene-LOC116807717|LOC116807717","darkseagreen4"
"gene-RASSF8|RASSF8","darkgrey"
"gene-LOC115493459|LOC115493459","lightcyan"
"gene-LOC101234182|LOC101234182","red"
"gene-LOC115493463|LOC115493463","brown"
"gene-LOC121469195|LOC121469195","green"
"gene-LOC101234202|LOC101234202","green"
"gene-LOC115490562|LOC115490562","green"
"gene-KRAS|KRAS","brown"
"gene-DNAI7|DNAI7","yellow"
"gene-ETFRF1|ETFRF1","green"
"gene-ARFGAP3|ARFGAP3","paleturquoise"
"gene-DYRK4|DYRK4","grey60"
"gene-RAD51AP1|RAD51AP1","black"
"gene-LOC140682249|LOC140682249","grey"
"gene-FERRY3|FERRY3","cyan"
"gene-LOC116807720|LOC116807720","pink"
"gene-LOC115493475|LOC115493475","tan"
"gene-LOC140682295|LOC140682295","blue"
"gene-LOC140682255|LOC140682255","thistle1"
"gene-LOC140682256|LOC140682256","green"
"gene-AEBP2|AEBP2","blue"
"gene-LOC140682257|LOC140682257","cyan"
"gene-LOC140682258|LOC140682258","thistle1"
"gene-CAPZA3|CAPZA3","white"
"gene-PLEKHA5|PLEKHA5","yellow"
"gene-PIK3C2G|PIK3C2G","yellow"
"gene-RERGL|RERGL","grey"
"gene-LMO3|LMO3","pink"
"gene-LOC115493467|LOC115493467","yellow"
"gene-LOC121469145|LOC121469145","grey"
"gene-LOC115493470|LOC115493470","green"
"gene-LOC140682251|LOC140682251","red"
"gene-LOC116807725|LOC116807725","black"
"gene-SLCO1C1|SLCO1C1","skyblue"
"gene-PDE3A|PDE3A","tan"
"gene-FGF6|FGF6","bisque4"
"gene-LOC140682250|LOC140682250","darkturquoise"
"gene-FGF23|FGF23","cyan"
"gene-TIGAR|TIGAR","brown"
"gene-CCND2|CCND2","brown"
"gene-TRIM24|TRIM24","yellow"
"gene-LOC121469149|LOC121469149","yellow"
"gene-AKR1D1|AKR1D1","royalblue"
"gene-LOC100220148|LOC100220148","lightyellow"
"gene-SLC15A5|SLC15A5","grey"
"gene-LOC140682260|LOC140682260","midnightblue"
"gene-MGST1|MGST1","brown"
"gene-DERA|DERA","brown"
"gene-STRAP|STRAP","magenta"
"gene-EPS8|EPS8","pink"
"gene-PTPRO|PTPRO","purple"
"gene-LOC100190001|LOC100190001","red"
"gene-CALD1|CALD1","lavenderblush3"
"gene-LOC100228819|LOC100228819","cyan"
"gene-USP18|USP18","purple"
"gene-BPGM|BPGM","turquoise"
"gene-LOC100218307|LOC100218307","maroon"
"gene-LOC100231722|LOC100231722","brown"
"gene-LOC115493487|LOC115493487","grey"
"gene-TUBA8|TUBA8","skyblue3"
"gene-PEX26|PEX26","brown"
"gene-MICAL3|MICAL3","grey"
"gene-CACNA2D4|CACNA2D4","lightgreen"
"gene-BCL2L13|BCL2L13","turquoise"
"gene-ADA2|ADA2","salmon"
"gene-CACNA1C|CACNA1C","cyan"
"gene-DCP1B|DCP1B","grey"
"gene-BID|BID","salmon"
"gene-ATP6V1E1|ATP6V1E1","brown"
"gene-LOC121469154|LOC121469154","blue"
"gene-CECR2|CECR2","salmon"
"gene-LOC115493489|LOC115493489","tan"
"gene-HDHD5|HDHD5","brown"
"gene-TMEM121B|TMEM121B","blue"
"gene-IL17RA|IL17RA","blue"
"gene-ADIPOR2|ADIPOR2","pink"
"gene-WNT5B|WNT5B","paleturquoise"
"gene-ERC1|ERC1","thistle2"
"gene-RAD52|RAD52","antiquewhite4"
"gene-NINJ2|NINJ2","cyan"
"gene-B4GALNT3|B4GALNT3","darkorange"
"gene-WNK1|WNK1","darkgrey"
"gene-LOC140682263|LOC140682263","violet"
"gene-CCDC77|CCDC77","black"
"gene-LOC100224093|LOC100224093","sienna3"
"gene-KDM5A|KDM5A","turquoise"
"gene-LOC100222137|LOC100222137","darkturquoise"
"gene-LOC100225050|LOC100225050","turquoise"
"gene-CCDC91|CCDC91","magenta"
"gene-DDX11|DDX11","paleturquoise"
"gene-WASHC1|WASHC1","greenyellow"
"gene-KLHL42|KLHL42","green"
"gene-MRPS35|MRPS35","brown"
"gene-LOC115493495|LOC115493495","grey60"
"gene-CDKN1B|CDKN1B","turquoise"
"gene-LOC115493497|LOC115493497","yellow"
"gene-LOC140682266|LOC140682266","blue"
"gene-CREBL2|CREBL2","turquoise"
"gene-MANSC1|MANSC1","cyan"
"gene-DUSP16|DUSP16","turquoise"
"gene-BORCS5|BORCS5","steelblue"
"gene-LOC140682558|LOC140682558","mediumpurple3"
"gene-LRP6|LRP6","lightyellow"
"gene-LOC140682269|LOC140682269","skyblue3"
"gene-LOC140682267|LOC140682267","grey60"
"gene-LOC140682268|LOC140682268","grey60"
"gene-LOC140682520|LOC140682520","grey"
"gene-LOC100217746|LOC100217746","black"
"gene-LOC115493670|LOC115493670","black"
"gene-SMARCD3|SMARCD3","yellow"
"gene-CHPF2|CHPF2","turquoise"
"gene-ABCF2|ABCF2","turquoise"
"gene-TMUB1|TMUB1","saddlebrown"
"gene-AGAP3|AGAP3","lightgreen"
"gene-FASTK|FASTK","turquoise"
"gene-SLC4A2|SLC4A2","brown"
"gene-CDK5|CDK5","black"
"gene-NOS3|NOS3","yellow"
"gene-ASIC3|ASIC3","green"
"gene-ABCB8|ABCB8","magenta"
"gene-ATG9B|ATG9B","honeydew1"
"gene-LOC115494108|LOC115494108","darkgreen"
"gene-TBRG4|TBRG4","greenyellow"
"gene-LOC115494079|LOC115494079","plum2"
"gene-CCM2|CCM2","turquoise"
"gene-KCNH2|KCNH2","blue"
"gene-LRRC61|LRRC61","lightgreen"
"gene-AOC1|AOC1","turquoise"
"gene-LOC115494107|LOC115494107","lightyellow"
"gene-LOC115494072|LOC115494072","lightyellow"
"gene-RARRES2|RARRES2","grey"
"gene-PTPN23|PTPN23","yellow"
"gene-SCAP|SCAP","brown"
"gene-CSPG5|CSPG5","pink"
"gene-ELP6|ELP6","cyan"
"gene-SMARCC1|SMARCC1","turquoise"
"gene-DHX30|DHX30","orange"
"gene-MAP4|MAP4","pink"
"gene-LOC140682559|LOC140682559","yellow"
"gene-LOC140682560|LOC140682560","darkmagenta"
"gene-CDC25A|CDC25A","grey"
"gene-LOC100218887|LOC100218887","purple"
"gene-LOC100224667|LOC100224667","yellow"
"gene-LOC115494068|LOC115494068","green"
"gene-LOC115494071|LOC115494071","black"
"gene-LOC105758956|LOC105758956","pink"
"gene-LOC105758955|LOC105758955","orangered4"
"gene-LOC115494110|LOC115494110","black"
"gene-LOC105758954|LOC105758954","cyan"
"gene-LOC115494074|LOC115494074","darkorange"
"gene-CAMP|CAMP","blue"
"gene-KIF9|KIF9","tan"
"gene-SETD2|SETD2","turquoise"
"gene-LOC121469393|LOC121469393","brown"
"gene-NBEAL2|NBEAL2","yellow"
"gene-CCDC12|CCDC12","white"
"gene-TMIE|TMIE","orangered4"
"gene-LOC140682562|LOC140682562","lightcyan"
"gene-PTH1R|PTH1R","lightcyan"
"gene-ALS2CL|ALS2CL","darkorange2"
"gene-SNAP47|SNAP47","darkorange2"
"gene-JMJD4|JMJD4","brown"
"gene-WNT9A|WNT9A","grey"
"gene-LOC140682500|LOC140682500","salmon4"
"gene-IBA57|IBA57","midnightblue"
"gene-LOC115493601|LOC115493601","violet"
"gene-LOC115493600|LOC115493600","magenta"
"gene-ARF1|ARF1","turquoise"
"gene-C2H1orf35|C2H1orf35","blue"
"gene-LOC140682563|LOC140682563","blue"
"gene-MRPL55|MRPL55","magenta"
"gene-LOC100190410|LOC100190410","black"
"gene-GJC2|GJC2","blue"
"gene-ACKR2|ACKR2","darkgrey"
"gene-OBSCN|OBSCN","darkolivegreen"
"gene-CYP8B1|CYP8B1","salmon"
"gene-HIGD1A|HIGD1A","brown"
"gene-KLHL40|KLHL40","ivory"
"gene-CCDC13|CCDC13","ivory"
"gene-ZBTB47|ZBTB47","darkturquoise"
"gene-NKTR|NKTR","yellow"
"gene-SEC22C|SEC22C","greenyellow"
"gene-VIPR1|VIPR1","darkmagenta"
"gene-ADCYAP1R1|ADCYAP1R1","brown"
"gene-AQP1|AQP1","grey"
"gene-MINDY4|MINDY4","grey"
"gene-CRHR2|CRHR2","orange"
"gene-GARS1|GARS1","turquoise"
"gene-VILL|VILL","bisque4"
"gene-CTDSPL|CTDSPL","blue"
"gene-LOC115493606|LOC115493606","ivory"
"gene-PLCD1|PLCD1","yellowgreen"
"gene-LOC100226503|LOC100226503","green"
"gene-LOC100226561|LOC100226561","cyan"
"gene-DLEC1|DLEC1","brown"
"gene-ACAA1|ACAA1","brown"
"gene-MYD88|MYD88","turquoise"
"gene-OXSR1|OXSR1","brown"
"gene-LOC100217895|LOC100217895","brown"
"gene-LOC100220756|LOC100220756","brown"
"gene-XIRP1|XIRP1","royalblue"
"gene-CSRNP1|CSRNP1","thistle1"
"gene-GORASP1|GORASP1","turquoise"
"gene-WDR48|WDR48","turquoise"
"gene-LOC100221337|LOC100221337","blue"
"gene-EXOG|EXOG","grey"
"gene-ACVR2B|ACVR2B","lightgreen"
"gene-C2H9orf152|C2H9orf152","salmon"
"gene-XYLB|XYLB","brown"
"gene-WDR86|WDR86","grey60"
"gene-NUB1|NUB1","purple"
"gene-RHEB|RHEB","turquoise"
"gene-PRKAG2|PRKAG2","violet"
"gene-LOC140682570|LOC140682570","grey60"
"gene-GALNT11|GALNT11","skyblue"
"gene-XRCC2|XRCC2","pink"
"gene-ACTR3B|ACTR3B","brown"
"gene-KMT2C|KMT2C","darkorange"
"gene-LOC115494116|LOC115494116","blue"
"gene-DPP6|DPP6","orange"
"gene-PAXIP1|PAXIP1","yellow"
"gene-INSIG1|INSIG1","brown"
"gene-SHH|SHH","yellow"
"gene-RBM33|RBM33","blue"
"gene-LMBR1|LMBR1","pink"
"gene-NOM1|NOM1","turquoise"
"gene-UBE3C|UBE3C","turquoise"
"gene-DNAJB6|DNAJB6","blue"
"gene-LOC115493620|LOC115493620","blue"
"gene-NCAPG2|NCAPG2","purple"
"gene-PTPRN2|PTPRN2","saddlebrown"
"gene-ESYT2|ESYT2","plum1"
"gene-LOC140682577|LOC140682577","darkmagenta"
"gene-LOC140682578|LOC140682578","white"
"gene-DYNC2I1|DYNC2I1","yellow"
"gene-VIPR2|VIPR2","pink"
"gene-ZMYND11|ZMYND11","yellow"
"gene-DIP2C|DIP2C","tan"
"gene-LOC140682579|LOC140682579","darkred"
"gene-LARP4B|LARP4B","turquoise"
"gene-GTPBP4|GTPBP4","salmon"
"gene-IDI1|IDI1","brown"
"gene-WDR37|WDR37","yellow"
"gene-ADARB2|ADARB2","royalblue"
"gene-PFKP|PFKP","green"
"gene-PITRM1|PITRM1","brown"
"gene-LOC140682582|LOC140682582","magenta"
"gene-KLF6|KLF6","cyan"
"gene-FZD8|FZD8","brown4"
"gene-GJD4|GJD4","grey"
"gene-CCNY|CCNY","brown"
"gene-LOC121469416|LOC121469416","salmon"
"gene-CREM|CREM","midnightblue"
"gene-CUL2|CUL2","brown"
"gene-NRP1|NRP1","pink"
"gene-PARD3|PARD3","turquoise"
"gene-LOC140682587|LOC140682587","salmon"
"gene-ITGB1|ITGB1","purple"
"gene-EPC1|EPC1","blue"
"gene-KIF5B|KIF5B","brown"
"gene-ARHGAP12|ARHGAP12","blue"
"gene-ZEB1|ZEB1","pink"
"gene-ZNF438|ZNF438","plum1"
"gene-SVIL|SVIL","maroon"
"gene-LOC115493642|LOC115493642","lightcyan"
"gene-JCAD|JCAD","antiquewhite4"
"gene-LOC115493643|LOC115493643","darkgreen"
"gene-MTPAP|MTPAP","brown"
"gene-MAP3K8|MAP3K8","midnightblue"
"gene-LOC115493644|LOC115493644","red"
"gene-BAMBI|BAMBI","brown"
"gene-WAC|WAC","coral1"
"gene-LOC100227781|LOC100227781","black"
"gene-LOC140682589|LOC140682589","brown"
"gene-ODAD2|ODAD2","white"
"gene-MPP7|MPP7","brown"
"gene-LOC100231542|LOC100231542","blue"
"gene-RAB18|RAB18","brown"
"gene-LOC100225782|LOC100225782","blue"
"gene-LOC100222288|LOC100222288","blue"
"gene-LOC100219425|LOC100219425","green"
"gene-YME1L1|YME1L1","thistle2"
"gene-MASTL|MASTL","blue"
"gene-ACBD5|ACBD5","saddlebrown"
"gene-LOC115494136|LOC115494136","salmon"
"gene-GAD2|GAD2","orange"
"gene-APBB1IP|APBB1IP","purple"
"gene-ABI1|ABI1","blue"
"gene-LOC115493646|LOC115493646","lightcyan"
"gene-PDSS1|PDSS1","darkseagreen4"
"gene-LOC101234087|LOC101234087","turquoise"
"gene-GPR158|GPR158","pink"
"gene-THNSL1|THNSL1","red"
"gene-ENKUR|ENKUR","salmon"
"gene-PRTFDC1|PRTFDC1","red"
"gene-ARHGAP21|ARHGAP21","pink"
"gene-OTUD1|OTUD1","blue"
"gene-KIAA1217|KIAA1217","tan"
"gene-PIP4K2A|PIP4K2A","green"
"gene-SPAG6|SPAG6","yellow"
"gene-BMI1|BMI1","blue"
"gene-COMMD3|COMMD3","floralwhite"
"gene-DNAJC1|DNAJC1","saddlebrown"
"gene-SKIDA1|SKIDA1","yellow"
"gene-MLLT10|MLLT10","yellow"
"gene-LOC140682595|LOC140682595","lightcyan"
"gene-LOC140682594|LOC140682594","black"
"gene-NEBL|NEBL","yellow"
"gene-PLXDC2|PLXDC2","green"
"gene-MALRD1|MALRD1","darkslateblue"
"gene-ARL5B|ARL5B","turquoise"
"gene-NSUN6|NSUN6","black"
"gene-CACNB2|CACNB2","lightgreen"
"gene-SLC39A12|SLC39A12","blue"
"gene-LOC100231534|LOC100231534","green"
"gene-LOC100219050|LOC100219050","thistle1"
"gene-LOC100228653|LOC100228653","white"
"gene-LOC100225774|LOC100225774","blue"
"gene-LOC100222908|LOC100222908","green"
"gene-STAM|STAM","brown"
"gene-HACD1|HACD1","greenyellow"
"gene-ST8SIA6|ST8SIA6","yellowgreen"
"gene-VIM|VIM","green"
"gene-TRDMT1|TRDMT1","yellow"
"gene-CUBN|CUBN","red"
"gene-RSU1|RSU1","red"
"gene-C1QL3|C1QL3","grey"
"gene-PTER|PTER","palevioletred3"
"gene-LOC140682602|LOC140682602","cyan"
"gene-MINDY3|MINDY3","red"
"gene-ITGA8|ITGA8","tan"
"gene-FAM171A1|FAM171A1","grey"
"gene-NMT2|NMT2","red"
"gene-RPP38|RPP38","black"
"gene-RUNDC3B|RUNDC3B","lightgreen"
"gene-CROT|CROT","darkmagenta"
"gene-ABCB1|ABCB1","palevioletred3"
"gene-ACBD7|ACBD7","grey60"
"gene-OLAH|OLAH","black"
"gene-LOC140682603|LOC140682603","grey"
"gene-DBF4|DBF4","skyblue3"
"gene-ADAM22|ADAM22","lightgreen"
"gene-SRI|SRI","turquoise"
"gene-STEAP2|STEAP2","plum1"
"gene-LOC100221050|LOC100221050","brown"
"gene-CLDN12|CLDN12","skyblue"
"gene-LOC101233268|LOC101233268","turquoise"
"gene-CDK14|CDK14","orange"
"gene-FZD1|FZD1","yellowgreen"
"gene-GATAD1|GATAD1","purple"
"gene-LOC140682606|LOC140682606","green"
"gene-PEX1|PEX1","darkseagreen4"
"gene-RBM48|RBM48","red"
"gene-CLXN|CLXN","paleturquoise"
"gene-FAM133B|FAM133B","turquoise"
"gene-AKAP9|AKAP9","yellow"
"gene-ANKIB1|ANKIB1","midnightblue"
"gene-CYP51A1|CYP51A1","brown"
"gene-LOC140682607|LOC140682607","pink"
"gene-KRIT1|KRIT1","yellow"
"gene-CDK6|CDK6","darkgrey"
"gene-LOC140682608|LOC140682608","grey"
"gene-VPS50|VPS50","turquoise"
"gene-TFPI2|TFPI2","yellowgreen"
"gene-LOC100221885|LOC100221885","orange"
"gene-LOC100226809|LOC100226809","sienna3"
"gene-BET1|BET1","sienna3"
"gene-COL1A2|COL1A2","royalblue"
"gene-CASD1|CASD1","darkgreen"
"gene-SGCE|SGCE","tan"
"gene-ASB4|ASB4","blue"
"gene-LOC140682611|LOC140682611","brown4"
"gene-PPP1R9A|PPP1R9A","blue"
"gene-LOC100218152|LOC100218152","darkred"
"gene-DYNC1I1|DYNC1I1","blue"
"gene-PDK4|PDK4","salmon"
"gene-LOC121469436|LOC121469436","yellow"
"gene-SLC25A13|SLC25A13","turquoise"
"gene-LOC140682612|LOC140682612","cyan"
"gene-LOC121469438|LOC121469438","black"
"gene-LOC115493660|LOC115493660","tan"
"gene-SEM1|SEM1","magenta"
"gene-LOC140682614|LOC140682614","yellow"
"gene-SDHAF3|SDHAF3","brown"
"gene-ASNS|ASNS","darkgreen"
"gene-C1GALT1|C1GALT1","brown"
"gene-MIOS|MIOS","darkred"
"gene-LOC140682616|LOC140682616","red"
"gene-RPA3|RPA3","turquoise"
"gene-UMAD1|UMAD1","brown"
"gene-ICA1|ICA1","blue"
"gene-GLCCI1|GLCCI1","purple"
"gene-NDUFA4|NDUFA4","greenyellow"
"gene-PHF14|PHF14","brown"
"gene-THSD7A|THSD7A","skyblue"
"gene-LOC100228369|LOC100228369","blue"
"gene-VWDE|VWDE","blue"
"gene-SCIN|SCIN","green"
"gene-TMEM106B|TMEM106B","turquoise"
"gene-ARL4A|ARL4A","blue"
"gene-ETV1|ETV1","black"
"gene-DGKB|DGKB","pink"
"gene-MEOX2|MEOX2","plum1"
"gene-AGMO|AGMO","pink"
"gene-SOSTDC1|SOSTDC1","darkolivegreen"
"gene-CRPPA|CRPPA","thistle2"
"gene-LRRC72|LRRC72","brown"
"gene-ANKMY2|ANKMY2","turquoise"
"gene-BZW2|BZW2","black"
"gene-TSPAN13|TSPAN13","brown"
"gene-AGR2|AGR2","saddlebrown"
"gene-AGR3|AGR3","yellowgreen"
"gene-LOC115493678|LOC115493678","pink"
"gene-AHR|AHR","skyblue"
"gene-SNX13|SNX13","brown"
"gene-TWIST1|TWIST1","ivory"
"gene-HDAC9|HDAC9","plum1"
"gene-MACC1|MACC1","yellow"
"gene-POLR1F|POLR1F","magenta"
"gene-ITGB8|ITGB8","greenyellow"
"gene-ABCB5|ABCB5","lightpink4"
"gene-SP4|SP4","darkmagenta"
"gene-DNAH11|DNAH11","brown"
"gene-CDCA7L|CDCA7L","brown"
"gene-LOC115493686|LOC115493686","purple"
"gene-IL6|IL6","lightyellow"
"gene-RAPGEF5|RAPGEF5","blue"
"gene-LOC116807810|LOC116807810","salmon"
"gene-TOMM7|TOMM7","magenta"
"gene-LOC140682624|LOC140682624","black"
"gene-LOC115494158|LOC115494158","grey60"
"gene-HYCC1|HYCC1","yellow"
"gene-GPNMB|GPNMB","pink"
"gene-KLHL7|KLHL7","turquoise"
"gene-LOC105759741|LOC105759741","black"
"gene-NUP42|NUP42","lightgreen"
"gene-MALSU1|MALSU1","greenyellow"
"gene-IGF2BP3|IGF2BP3","purple"
"gene-TRA2A|TRA2A","thistle1"
"gene-CCDC126|CCDC126","skyblue3"
"gene-OSBPL3|OSBPL3","darkolivegreen"
"gene-GSDME|GSDME","pink"
"gene-PALS2|PALS2","saddlebrown"
"gene-MIR148A|MIR148A","black"
"gene-NFE2L3|NFE2L3","green"
"gene-CYCS|CYCS","brown"
"gene-SNX10|SNX10","lightcyan"
"gene-HNRNPA2B1|HNRNPA2B1","mediumpurple3"
"gene-CBX3|CBX3","pink"
"gene-SKAP2|SKAP2","turquoise"
"gene-LOC121469447|LOC121469447","grey"
"gene-HOXA1|HOXA1","grey"
"gene-HOXA2|HOXA2","black"
"gene-LOC140682627|LOC140682627","lightyellow"
"gene-HOXA3|HOXA3","mediumpurple3"
"gene-LOC140682629|LOC140682629","grey60"
"gene-HOXA4|HOXA4","black"
"gene-LOC140682628|LOC140682628","black"
"gene-HOXA5|HOXA5","lightcyan1"
"gene-HOXA6|HOXA6","yellow"
"gene-HOXA7|HOXA7","green"
"gene-HIBADH|HIBADH","brown"
"gene-JAZF1|JAZF1","cyan"
"gene-TAX1BP1|TAX1BP1","turquoise"
"gene-CREB5|CREB5","blue"
"gene-TRIL|TRIL","brown"
"gene-SCRN1|SCRN1","turquoise"
"gene-WIPF3|WIPF3","lightyellow"
"gene-CHN2|CHN2","salmon"
"gene-PRR15|PRR15","midnightblue"
"gene-FKBP14|FKBP14","midnightblue"
"gene-COLQ|COLQ","red"
"gene-PLEKHA8|PLEKHA8","turquoise"
"gene-HACL1|HACL1","grey"
"gene-BTD|BTD","grey"
"gene-ANKRD28|ANKRD28","ivory"
"gene-GALNT15|GALNT15","turquoise"
"gene-DPH3|DPH3","maroon"
"gene-OXNAD1|OXNAD1","darkred"
"gene-RFTN1|RFTN1","green"
"gene-PLCL2|PLCL2","green"
"gene-TBC1D5|TBC1D5","saddlebrown"
"gene-LOC140682506|LOC140682506","paleturquoise"
"gene-SATB1|SATB1","yellow"
"gene-LOC115493557|LOC115493557","tan"
"gene-RAB5A|RAB5A","sienna3"
"gene-LOC140682344|LOC140682344","turquoise"
"gene-PP2D1|PP2D1","magenta"
"gene-SGO1|SGO1","blue"
"gene-KAT2B|KAT2B","brown"
"gene-LOC140682632|LOC140682632","cyan"
"gene-LOC101233878|LOC101233878","plum1"
"gene-NR1D2|NR1D2","salmon"
"gene-UBE2E1|UBE2E1","midnightblue"
"gene-NKIRAS1|NKIRAS1","turquoise"
"gene-RPL15|RPL15","magenta"
"gene-THRB|THRB","brown"
"gene-RARB|RARB","orange"
"gene-LOC140682633|LOC140682633","blue"
"gene-TOP2B|TOP2B","darkmagenta"
"gene-NGLY1|NGLY1","pink"
"gene-OXSM|OXSM","white"
"gene-NEK10|NEK10","lightcyan"
"gene-SLC4A7|SLC4A7","tan"
"gene-EOMES|EOMES","tan"
"gene-CMC1|CMC1","black"
"gene-AZI2|AZI2","turquoise"
"gene-TGFBR2|TGFBR2","brown4"
"gene-GADL1|GADL1","grey60"
"gene-RBMS3|RBMS3","lightyellow"
"gene-LOC140682636|LOC140682636","yellow"
"gene-OSBPL10|OSBPL10","steelblue"
"gene-STT3B|STT3B","turquoise"
"gene-GPD1L|GPD1L","brown"
"gene-CMTM8|CMTM8","pink"
"gene-CMTM7|CMTM7","green"
"gene-CMTM6|CMTM6","red"
"gene-LOC121469455|LOC121469455","yellow"
"gene-DYNC1LI1|DYNC1LI1","brown"
"gene-TRIM71|TRIM71","red"
"gene-CNOT10|CNOT10","navajowhite2"
"gene-TCAIM|TCAIM","green"
"gene-TOPAZ1|TOPAZ1","turquoise"
"gene-MIR2972|MIR2972","white"
"gene-ABHD5|ABHD5","greenyellow"
"gene-ANO10|ANO10","brown"
"gene-SNRK|SNRK","lightgreen"
"gene-POMGNT2|POMGNT2","red"
"gene-ENTPD3|ENTPD3","black"
"gene-GASK1A|GASK1A","lightgreen"
"gene-RPL14|RPL14","magenta"
"gene-NOD1|NOD1","black"
"gene-GGCT|GGCT","lightgreen"
"gene-ZNRF2|ZNRF2","brown"
"gene-MTURN|MTURN","greenyellow"
"gene-METTL6|METTL6","black"
"gene-EAF1|EAF1","red"
"gene-SH3BP5|SH3BP5","blue"
"gene-CAPN7|CAPN7","royalblue"
"gene-PIK3R4|PIK3R4","turquoise"
"gene-ATP2C1|ATP2C1","cyan"
"gene-LOC115493709|LOC115493709","pink"
"gene-NEK11|NEK11","blue"
"gene-ASTE1|ASTE1","orangered4"
"gene-MRPL3|MRPL3","brown"
"gene-LOC115493710|LOC115493710","grey"
"gene-DNAJC13|DNAJC13","blue"
"gene-TMEM108|TMEM108","violet"
"gene-ACKR4|ACKR4","blue"
"gene-ACAD11|ACAD11","turquoise"
"gene-UBA5|UBA5","turquoise"
"gene-NPHP3|NPHP3","red"
"gene-LOC100228345|LOC100228345","royalblue"
"gene-CCR5|CCR5","green"
"gene-LOC100218724|LOC100218724","green"
"gene-XCR1|XCR1","green"
"gene-CDV3|CDV3","turquoise"
"gene-TOPBP1|TOPBP1","pink"
"gene-CCR9|CCR9","black"
"gene-FYCO1|FYCO1","turquoise"
"gene-GLB1|GLB1","turquoise"
"gene-TMPPE|TMPPE","pink"
"gene-LOC100223580|LOC100223580","tan"
"gene-LOC100220664|LOC100220664","royalblue"
"gene-LOC100217789|LOC100217789","tan"
"gene-LOC100224551|LOC100224551","blue"
"gene-MYRIP|MYRIP","plum2"
"gene-SLC25A38|SLC25A38","royalblue"
"gene-RPSA|RPSA","magenta"
"gene-LOC115494152|LOC115494152","darkmagenta"
"gene-LOC115494153|LOC115494153","white"
"gene-EIF1B|EIF1B","greenyellow"
"gene-ULK4|ULK4","green"
"gene-TRAK1|TRAK1","darkgreen"
"gene-LOC115493715|LOC115493715","lightcyan"
"gene-LOC140682643|LOC140682643","lightyellow"
"gene-CTNNB1|CTNNB1","turquoise"
"gene-KIF15|KIF15","tan"
"gene-KIAA1143|KIAA1143","red"
"gene-TMEM42|TMEM42","turquoise"
"gene-TGM4|TGM4","tan"
"gene-ZDHHC3|ZDHHC3","pink"
"gene-EXOSC7|EXOSC7","red"
"gene-CLEC3B|CLEC3B","grey"
"gene-CDCP1|CDCP1","darkorange"
"gene-TMEM158|TMEM158","brown"
"gene-LARS2|LARS2","pink"
"gene-LIMD1|LIMD1","tan"
"gene-SACM1L|SACM1L","brown"
"gene-SLC6A20|SLC6A20","greenyellow"
"gene-LZTFL1|LZTFL1","cyan"
"gene-SNRPD1|SNRPD1","grey"
"gene-AVL9|AVL9","turquoise"
"gene-KBTBD2|KBTBD2","magenta"
"gene-RP9|RP9","brown"
"gene-FKBP9|FKBP9","green"
"gene-NT5C3A|NT5C3A","blue"
"gene-BBS9|BBS9","turquoise"
"gene-BMPER|BMPER","lightpink4"
"gene-LOC140682644|LOC140682644","yellow"
"gene-DPY19L1|DPY19L1","red"
"gene-TBX20|TBX20","plum1"
"gene-HERPUD2|HERPUD2","brown"
"gene-SEPTIN7|SEPTIN7","royalblue"
"gene-EEPD1|EEPD1","greenyellow"
"gene-MATCAP2|MATCAP2","greenyellow"
"gene-ANLN|ANLN","green"
"gene-AOAH|AOAH","green"
"gene-LOC115493722|LOC115493722","purple"
"gene-SFRP4|SFRP4","saddlebrown"
"gene-EPDR1|EPDR1","cyan"
"gene-ELMO1|ELMO1","palevioletred3"
"gene-STARD3NL|STARD3NL","maroon"
"gene-MLH1|MLH1","brown"
"gene-TRANK1|TRANK1","purple"
"gene-DCLK3|DCLK3","green"
"gene-STAC|STAC","green"
"gene-ARPP21|ARPP21","orange"
"gene-PDCD6IP|PDCD6IP","turquoise"
"gene-CLASP2|CLASP2","black"
"gene-UBP1|UBP1","saddlebrown"
"gene-FBXL2|FBXL2","darkgreen"
"gene-CRTAP|CRTAP","magenta"
"gene-EZH2|EZH2","palevioletred3"
"gene-LOC140682650|LOC140682650","blue"
"gene-PDIA4|PDIA4","midnightblue"
"gene-CUL1|CUL1","pink"
"gene-LOC116807760|LOC116807760","black"
"gene-CNTNAP2|CNTNAP2","grey"
"gene-TPK1|TPK1","black"
"gene-LOC140682651|LOC140682651","grey"
"gene-SEC61G|SEC61G","magenta"
"gene-LOC140682652|LOC140682652","tan"
"gene-LANCL2|LANCL2","turquoise"
"gene-VOPP1|VOPP1","darkorange"
"gene-EGFR|EGFR","antiquewhite4"
"gene-BLVRA|BLVRA","saddlebrown"
"gene-COA1|COA1","blue"
"gene-STK17A|STK17A","turquoise"
"gene-HECW1|HECW1","paleturquoise"
"gene-MRPL32|MRPL32","pink"
"gene-PSMA2|PSMA2","greenyellow"
"gene-C2H7orf25|C2H7orf25","brown"
"gene-GLI3|GLI3","royalblue"
"gene-LOC115493727|LOC115493727","paleturquoise"
"gene-SUGCT|SUGCT","red"
"gene-LOC140682655|LOC140682655","black"
"gene-MPLKIP|MPLKIP","black"
"gene-LOC140682656|LOC140682656","darkred"
"gene-CDK13|CDK13","coral1"
"gene-RALA|RALA","brown"
"gene-LOC105758977|LOC105758977","skyblue3"
"gene-YAE1|YAE1","brown"
"gene-AMPH|AMPH","grey"
"gene-VPS41|VPS41","red"
"gene-TARP|TARP","tan"
"gene-LRRFIP2|LRRFIP2","navajowhite2"
"gene-GOLGA4|GOLGA4","turquoise"
"gene-ITGA9|ITGA9","red"
"gene-CDH20|CDH20","grey"
"gene-LOC100223925|LOC100223925","yellow"
"gene-DROSHA|DROSHA","yellow"
"gene-C2H5orf22|C2H5orf22","skyblue3"
"gene-RNF152|RNF152","salmon"
"gene-PIGN|PIGN","turquoise"
"gene-RELCH|RELCH","royalblue"
"gene-TNFRSF11A|TNFRSF11A","green"
"gene-LOC115493744|LOC115493744","lightcyan"
"gene-ZCCHC2|ZCCHC2","midnightblue"
"gene-LOC105758978|LOC105758978","white"
"gene-PHLPP1|PHLPP1","turquoise"
"gene-BCL2|BCL2","brown4"
"gene-LOC140682310|LOC140682310","royalblue"
"gene-KDSR|KDSR","turquoise"
"gene-LOC100224915|LOC100224915","purple"
"gene-LOC100231496|LOC100231496","blue"
"gene-LOC115493746|LOC115493746","darkolivegreen"
"gene-LOC100220117|LOC100220117","salmon"
"gene-VPS4B|VPS4B","red"
"gene-LOC100228737|LOC100228737","green"
"gene-LOC100223369|LOC100223369","purple"
"gene-LOC100221432|LOC100221432","cyan"
"gene-LOC100225866|LOC100225866","magenta"
"gene-LOC140682311|LOC140682311","yellow"
"gene-MYLK4|MYLK4","plum2"
"gene-WRNIP1|WRNIP1","brown"
"gene-GMDS|GMDS","darkturquoise"
"gene-FOXC1|FOXC1","yellow"
"gene-EXOC2|EXOC2","paleturquoise"
"gene-IRF4|IRF4","tan"
"gene-DUSP22|DUSP22","pink"
"gene-PSMG4|PSMG4","darkred"
"gene-LOC100190610|LOC100190610","royalblue"
"gene-LOC140682313|LOC140682313","purple"
"gene-LOC100220924|LOC100220924","brown"
"gene-RIPK1|RIPK1","grey60"
"gene-BPHL|BPHL","greenyellow"
"gene-LOC121468025|LOC121468025","brown"
"gene-LOC100190505|LOC100190505","brown"
"gene-PXDC1|PXDC1","blue"
"gene-SLC22A23|SLC22A23","lightpink4"
"gene-LOC140682349|LOC140682349","pink"
"gene-LOC105758980|LOC105758980","yellow"
"gene-PRP4K|PRP4K","red"
"gene-ECI2|ECI2","skyblue3"
"gene-CDYL|CDYL","green"
"gene-RPP40|RPP40","black"
"gene-PPP1R3G|PPP1R3G","blue"
"gene-LOC140682315|LOC140682315","salmon"
"gene-NRN1|NRN1","grey"
"gene-FARS2|FARS2","red"
"gene-LYRM4|LYRM4","magenta"
"gene-F13A1|F13A1","blue"
"gene-LOC115493763|LOC115493763","cyan"
"gene-LY86|LY86","blue"
"gene-LOC115493760|LOC115493760","palevioletred3"
"gene-RIOK1|RIOK1","plum1"
"gene-DSP|DSP","royalblue"
"gene-RREB1|RREB1","pink"
"gene-SSR1|SSR1","turquoise"
"gene-BMP6|BMP6","tan"
"gene-TXNDC5|TXNDC5","lavenderblush3"
"gene-LOC121469478|LOC121469478","yellow"
"gene-BLOC1S5|BLOC1S5","greenyellow"
"gene-EEF1E1|EEF1E1","darkred"
"gene-SLC35B3|SLC35B3","brown"
"gene-MAK|MAK","white"
"gene-LOC100190710|LOC100190710","brown"
"gene-SYCP2L|SYCP2L","greenyellow"
"gene-ELOVL2|ELOVL2","brown"
"gene-SMIM13|SMIM13","orange"
"gene-TMEM170B|TMEM170B","grey"
"gene-NEDD9|NEDD9","purple"
"gene-ADTRP|ADTRP","maroon"
"gene-PHACTR1|PHACTR1","pink"
"gene-HIVEP1|HIVEP1","bisque4"
"gene-LOC121469481|LOC121469481","blue"
"gene-LOC140682322|LOC140682322","blue"
"gene-EDN1|EDN1","magenta"
"gene-TBC1D7|TBC1D7","greenyellow"
"gene-GFOD1|GFOD1","tan"
"gene-LOC100189937|LOC100189937","green"
"gene-PAK1IP1|PAK1IP1","darkgreen"
"gene-LOC100229913|LOC100229913","blue"
"gene-NUP153|NUP153","pink"
"gene-CAP2|CAP2","green"
"gene-FAM8A1|FAM8A1","greenyellow"
"gene-MYLIP|MYLIP","blue"
"gene-RBM24|RBM24","blue"
"gene-ATXN1|ATXN1","salmon"
"gene-LOC140682326|LOC140682326","midnightblue"
"gene-GMPR|GMPR","brown"
"gene-LOC115493772|LOC115493772","cyan"
"gene-DTNBP1|DTNBP1","brown"
"gene-JARID2|JARID2","darkgrey"
"gene-LOC115493774|LOC115493774","green"
"gene-CD83|CD83","green"
"gene-MCUR1|MCUR1","skyblue3"
"gene-NHLRC1|NHLRC1","white"
"gene-RANBP9|RANBP9","darkorange"
"gene-NOL7|NOL7","mediumpurple3"
"gene-SIRT5|SIRT5","greenyellow"
"gene-KIF13A|KIF13A","red"
"gene-TPMT|TPMT","palevioletred3"
"gene-KDM1B|KDM1B","pink"
"gene-DEK|DEK","pink"
"gene-RNF144B|RNF144B","brown"
"gene-LOC121469484|LOC121469484","blue"
"gene-ID4|ID4","blue"
"gene-MBOAT1|MBOAT1","tan"
"gene-E2F3|E2F3","blue"
"gene-LOC140682336|LOC140682336","red"
"gene-CDKAL1|CDKAL1","turquoise"
"gene-LOC140682335|LOC140682335","magenta"
"gene-SOX4|SOX4","blue"
"gene-LOC121469490|LOC121469490","green"
"gene-NRSN1|NRSN1","green"
"gene-DCDC2|DCDC2","blue"
"gene-KIAA0319|KIAA0319","blue"
"gene-MRS2|MRS2","turquoise"
"gene-GPLD1|GPLD1","brown"
"gene-ALDH5A1|ALDH5A1","brown"
"gene-ATP9B|ATP9B","cyan"
"gene-NFATC1|NFATC1","blue"
"gene-LOC115493791|LOC115493791","yellow"
"gene-KCNG2|KCNG2","purple"
"gene-SLC66A2|SLC66A2","turquoise"
"gene-CTDP1|CTDP1","turquoise"
"gene-HSBP1L1|HSBP1L1","black"
"gene-TXNL4A|TXNL4A","darkred"
"gene-LOC105759005|LOC105759005","lightcyan"
"gene-TPPP|TPPP","darkmagenta"
"gene-SLC9A3|SLC9A3","green"
"gene-LOC100220322|LOC100220322","orangered4"
"gene-RBFA|RBFA","red"
"gene-LOC116807842|LOC116807842","green"
"gene-ADNP2|ADNP2","black"
"gene-RECK|RECK","black"
"gene-LOC140682340|LOC140682340","red"
"gene-TGFBR1|TGFBR1","pink"
"gene-LOC140682341|LOC140682341","grey60"
"gene-COL15A1|COL15A1","bisque4"
"gene-TRIP13|TRIP13","yellow"
"gene-BRD9|BRD9","greenyellow"
"gene-SLC12A7|SLC12A7","blue"
"gene-NFX1|NFX1","palevioletred3"
"gene-ICE1|ICE1","black"
"gene-HUS1|HUS1","midnightblue"
"gene-TNS3|TNS3","grey"
"gene-RAMP3|RAMP3","cyan"
"gene-ADCY1|ADCY1","royalblue"
"gene-IGFBP1|IGFBP1","blue"
"gene-LOC140682347|LOC140682347","cyan"
"gene-IGFBP3|IGFBP3","cyan"
"gene-LOC140682346|LOC140682346","grey60"
"gene-LOC140680226|LOC140680226","red"
"gene-LOC140682352|LOC140682352","grey"
"gene-BASP1|BASP1","tan"
"gene-LOC140682355|LOC140682355","saddlebrown"
"gene-MYO10|MYO10","lightgreen"
"gene-RETREG1|RETREG1","royalblue"
"gene-ZNF622|ZNF622","darkred"
"gene-FBXL7|FBXL7","lightgreen"
"gene-ANKH|ANKH","turquoise"
"gene-LOC140682356|LOC140682356","purple"
"gene-LOC115494100|LOC115494100","grey"
"gene-OTULINL|OTULINL","tan"
"gene-OTULIN|OTULIN","brown"
"gene-LOC100231437|LOC100231437","brown4"
"gene-TRIO|TRIO","yellow"
"gene-CTNND2|CTNND2","yellow"
"gene-SEMA5A|SEMA5A","plum1"
"gene-MTRR|MTRR","brown"
"gene-FASTKD3|FASTKD3","paleturquoise"
"gene-CFAP90|CFAP90","darkred"
"gene-ADCY2|ADCY2","brown4"
"gene-ROPN1L|ROPN1L","grey"
"gene-LOC100219014|LOC100219014","salmon4"
"gene-LOC100231369|LOC100231369","brown"
"gene-LOC140682368|LOC140682368","lightgreen"
"gene-ATPSCKMT|ATPSCKMT","turquoise"
"gene-DAP|DAP","brown"
"gene-SNRNP48|SNRNP48","black"
"gene-MARCHF6|MARCHF6","brown"
"gene-LOC100229490|LOC100229490","brown"
"gene-CCT5|CCT5","ivory"
"gene-TENT4A|TENT4A","grey"
"gene-SRD5A1|SRD5A1","brown"
"gene-NSUN2|NSUN2","red"
"gene-UBE2QL1|UBE2QL1","turquoise"
"gene-MED10|MED10","lightcyan1"
"gene-UPP1|UPP1","magenta"
"gene-IKZF1|IKZF1","green"
"gene-FIGNL1|FIGNL1","salmon"
"gene-DDC|DDC","pink"
"gene-LOC140682517|LOC140682517","purple"
"gene-GRB10|GRB10","yellow"
"gene-COBL|COBL","plum1"
"gene-LOC140682374|LOC140682374","blue"
"gene-FHOD3|FHOD3","orange"
"gene-RPRD1A|RPRD1A","grey60"
"gene-RMP24|RMP24","black"
"gene-LOC115493811|LOC115493811","black"
"gene-GALNT1|GALNT1","turquoise"
"gene-INO80C|INO80C","brown"
"gene-LOC140682375|LOC140682375","cyan"
"gene-FRRS1L|FRRS1L","pink"
"gene-TMEM245|TMEM245","brown"
"gene-EPB41L4B|EPB41L4B","brown"
"gene-PTPN3|PTPN3","turquoise"
"gene-MOCOS|MOCOS","turquoise"
"gene-LOC100223410|LOC100223410","black"
"gene-BAG1|BAG1","skyblue3"
"gene-ZNF830|ZNF830","darkred"
"gene-CHMP5|CHMP5","brown"
"gene-FH|FH","greenyellow"
"gene-LOC100223404|LOC100223404","violet"
"gene-LOC100220507|LOC100220507","red"
"gene-TERT|TERT","tan"
"gene-CCDC127|CCDC127","brown"
"gene-LOC140682379|LOC140682379","darkred"
"gene-SDHA|SDHA","turquoise"
"gene-CLPTM1L|CLPTM1L","brown"
"gene-LPCAT1|LPCAT1","green"
"gene-LOC140682380|LOC140682380","yellow"
"gene-MRPL36|MRPL36","greenyellow"
"gene-NDUFS6|NDUFS6","greenyellow"
"gene-ANKS6|ANKS6","orangered4"
"gene-GALNT12|GALNT12","white"
"gene-ELP2|ELP2","black"
"gene-CAVIN4|CAVIN4","turquoise"
"gene-CTNNAL1|CTNNAL1","black"
"gene-LOC121469261|LOC121469261","darkorange"
"gene-ABITRAM|ABITRAM","magenta"
"gene-SLC39A6|SLC39A6","red"
"gene-LOC100232083|LOC100232083","ivory"
"gene-EXOC3|EXOC3","brown"
"gene-PDCD6|PDCD6","turquoise"
"gene-LOC100230122|LOC100230122","black"
"gene-MSANTD3|MSANTD3","grey"
"gene-LOC100228270|LOC100228270","yellow"
"gene-NR4A3|NR4A3","blue"
"gene-LOC140682382|LOC140682382","salmon"
"gene-LOC121469507|LOC121469507","skyblue"
"gene-LOC140682383|LOC140682383","blue"
"gene-LOC140682384|LOC140682384","violet"
"gene-TEX10|TEX10","turquoise"
"gene-INVS|INVS","black"
"gene-ERP44|ERP44","turquoise"
"gene-STX17|STX17","turquoise"
"gene-SEC61B|SEC61B","magenta"
"gene-ALG2|ALG2","midnightblue"
"gene-IFI6|IFI6","purple"
"gene-GLIPR2|GLIPR2","grey"
"gene-BLOC1S4|BLOC1S4","turquoise"
"gene-SCGN|SCGN","brown"
"gene-PARD6G|PARD6G","turquoise"
"gene-CARMIL1|CARMIL1","salmon"
"gene-RIPOR2|RIPOR2","tan"
"gene-GMNN|GMNN","turquoise"
"gene-C2H6orf62|C2H6orf62","salmon"
"gene-LOC121469508|LOC121469508","brown"
"gene-ACOT13|ACOT13","brown"
"gene-TDP2|TDP2","red"
"gene-MBP|MBP","cyan"
"gene-ZNF236|ZNF236","red"
"gene-ZNF516|ZNF516","pink"
"gene-LOC140682388|LOC140682388","lightgreen"
"gene-TSHZ1|TSHZ1","black"
"gene-LOC140682391|LOC140682391","grey60"
"gene-PTGR3|PTGR3","black"
"gene-LOC100232073|LOC100232073","grey"
"gene-ZNF407|ZNF407","turquoise"
"gene-DIPK1C|DIPK1C","tan"
"gene-CNDP2|CNDP2","floralwhite"
"gene-C2H18orf63|C2H18orf63","grey"
"gene-CYB5A|CYB5A","brown"
"gene-TIMM21|TIMM21","floralwhite"
"gene-CBLN2|CBLN2","blue"
"gene-FBXO15|FBXO15","thistle2"
"gene-SOCS6|SOCS6","brown"
"gene-LOC140682358|LOC140682358","red"
"gene-RTTN|RTTN","yellow"
"gene-DOK6|DOK6","turquoise"
"gene-LOC115493832|LOC115493832","grey"
"gene-DSEL|DSEL","grey"
"gene-LOC100223004|LOC100223004","yellow"
"gene-TMX3|TMX3","turquoise"
"gene-CDH19|CDH19","pink"
"gene-CDH7|CDH7","lightcyan"
"gene-MC2R|MC2R","brown4"
"gene-LOC140682527|LOC140682527","darkturquoise"
"gene-MC5R|MC5R","blue"
"gene-LOC100223646|LOC100223646","blue"
"gene-FAM210A|FAM210A","brown"
"gene-LOC115493837|LOC115493837","blue"
"gene-CEP192|CEP192","yellow"
"gene-SEH1L|SEH1L","midnightblue"
"gene-PTPN2|PTPN2","midnightblue"
"gene-PSMG2|PSMG2","black"
"gene-CEP76|CEP76","yellow"
"gene-SPIRE1|SPIRE1","black"
"gene-PRELID3A|PRELID3A","blue"
"gene-AFG3L2|AFG3L2","turquoise"
"gene-IMPA2|IMPA2","brown4"
"gene-TUBB6|TUBB6","green"
"gene-CIDEA|CIDEA","brown"
"gene-GNAL|GNAL","black"
"gene-LOC121469266|LOC121469266","black"
"gene-MPPE1|MPPE1","skyblue"
"gene-PIEZO2|PIEZO2","tan"
"gene-NAPG|NAPG","brown"
"gene-APCDD1|APCDD1","brown4"
"gene-VAPA|VAPA","midnightblue"
"gene-RAB31|RAB31","purple"
"gene-PPP4R1|PPP4R1","lightgreen"
"gene-TWSG1|TWSG1","blue"
"gene-LOC140682398|LOC140682398","mediumpurple3"
"gene-RALBP1|RALBP1","brown"
"gene-MTCL1|MTCL1","green"
"gene-ANKRD12|ANKRD12","blue"
"gene-NDUFV2|NDUFV2","brown"
"gene-RAB12|RAB12","red"
"gene-LOC121469518|LOC121469518","lightcyan1"
"gene-ARHGAP28|ARHGAP28","green"
"gene-TMEM200C|TMEM200C","white"
"gene-LOC140682401|LOC140682401","darkturquoise"
"gene-PTPRM|PTPRM","green"
"gene-EPB41L3|EPB41L3","plum1"
"gene-ZBTB14|ZBTB14","greenyellow"
"gene-DLGAP1|DLGAP1","plum1"
"gene-LOC140682402|LOC140682402","violet"
"gene-LOC115493851|LOC115493851","yellow"
"gene-TGIF1|TGIF1","darkolivegreen"
"gene-MYOM1|MYOM1","blue"
"gene-LOC100190123|LOC100190123","skyblue3"
"gene-LOC100218287|LOC100218287","grey"
"gene-EMILIN2|EMILIN2","brown4"
"gene-LPIN2|LPIN2","brown"
"gene-SMCHD1|SMCHD1","darkorange"
"gene-ADCYAP1|ADCYAP1","orange"
"gene-METTL4|METTL4","yellow"
"gene-NDC80|NDC80","tan"
"gene-TYMS|TYMS","darkorange"
"gene-YES1|YES1","brown"
"gene-COLEC12|COLEC12","green"
"gene-THOC1|THOC1","red"
"gene-USP14|USP14","brown"
"gene-ROCK1|ROCK1","brown"
"gene-GREB1L|GREB1L","yellow"
"gene-ESCO1|ESCO1","turquoise"
"gene-ABHD3|ABHD3","grey"
"gene-MIB1|MIB1","pink"
"gene-LOC115493857|LOC115493857","grey"
"gene-LOC140682406|LOC140682406","paleturquoise"
"gene-RBBP8|RBBP8","red"
"gene-GATA6|GATA6","brown"
"gene-TMEM241|TMEM241","brown"
"gene-CABLES1|CABLES1","greenyellow"
"gene-LOC140682407|LOC140682407","pink"
"gene-RIOK3|RIOK3","thistle2"
"gene-ANKRD29|ANKRD29","mediumpurple3"
"gene-RMC1|RMC1","brown"
"gene-NPC1|NPC1","lightgreen"
"gene-LAMA3|LAMA3","yellow"
"gene-TTC39C|TTC39C","darkolivegreen"
"gene-LOC100223101|LOC100223101","darkslateblue"
"gene-OSBPL1A|OSBPL1A","turquoise"
"gene-IMPACT|IMPACT","yellow"
"gene-ZNF521|ZNF521","yellow"
"gene-LOC115493860|LOC115493860","darkorange"
"gene-TAF4B|TAF4B","blue"
"gene-SS18|SS18","pink"
"gene-KCTD1|KCTD1","plum1"
"gene-AQP4|AQP4","royalblue"
"gene-CHST9|CHST9","darkgrey"
"gene-CDH2|CDH2","green"
"gene-DSG4|DSG4","grey"
"gene-DSC1|DSC1","maroon"
"gene-DSG2|DSG2","blue"
"gene-TRAPPC8|TRAPPC8","turquoise"
"gene-LOC115493869|LOC115493869","blue"
"gene-RNF138|RNF138","sienna3"
"gene-MEP1B|MEP1B","greenyellow"
"gene-KLHL14|KLHL14","darkolivegreen"
"gene-GAREM1|GAREM1","turquoise"
"gene-LOC101234096|LOC101234096","magenta"
"gene-ASXL3|ASXL3","grey"
"gene-TTR|TTR","red"
"gene-LOC100226992|LOC100226992","maroon"
"gene-B4GALT6|B4GALT6","grey"
"gene-DTNA|DTNA","midnightblue"
"gene-MAPRE2|MAPRE2","green"
"gene-SPIDR|SPIDR","blue"
"gene-MCM4|MCM4","darkmagenta"
"gene-CEBPD|CEBPD","blue"
"gene-PRKDC|PRKDC","yellow"
"gene-LOC115493878|LOC115493878","darkmagenta"
"gene-UBE2V2|UBE2V2","brown"
"gene-SNAI2|SNAI2","honeydew1"
"gene-LOC140682416|LOC140682416","darkolivegreen"
"gene-LOC140682536|LOC140682536","blue"
"gene-LOC121469219|LOC121469219","thistle2"
"gene-SNTG1|SNTG1","yellowgreen"
"gene-LOC115493881|LOC115493881","brown4"
"gene-PPDPFL|PPDPFL","midnightblue"
"gene-LOC115493884|LOC115493884","grey"
"gene-PCMTD1|PCMTD1","salmon"
"gene-RB1CC1|RB1CC1","turquoise"
"gene-RGS20|RGS20","brown4"
"gene-ATP6V1H|ATP6V1H","brown"
"gene-TCEA1|TCEA1","blue"
"gene-LYPLA1|LYPLA1","brown"
"gene-MRPL15|MRPL15","brown"
"gene-LOC115493889|LOC115493889","blue"
"gene-LOC100230766|LOC100230766","green"
"gene-LOC100221139|LOC100221139","brown"
"gene-TGS1|TGS1","lightsteelblue1"
"gene-LOC100218250|LOC100218250","grey"
"gene-LYN|LYN","green"
"gene-RPS20|RPS20","magenta"
"gene-PLAG1|PLAG1","darkorange"
"gene-CHCHD7|CHCHD7","brown"
"gene-LOC140682419|LOC140682419","yellow"
"gene-SDR16C5|SDR16C5","turquoise"
"gene-BPNT2|BPNT2","turquoise"
"gene-LOC121469267|LOC121469267","turquoise"
"gene-FAM110B|FAM110B","blue"
"gene-UBXN2B|UBXN2B","blue"
"gene-CYP7A1|CYP7A1","antiquewhite4"
"gene-SDCBP|SDCBP","turquoise"
"gene-NSMAF|NSMAF","darkred"
"gene-TOX|TOX","green"
"gene-CA8|CA8","brown"
"gene-LOC140682424|LOC140682424","yellow"
"gene-LOC116807874|LOC116807874","purple"
"gene-RAB2A|RAB2A","turquoise"
"gene-CHD7|CHD7","lightsteelblue1"
"gene-ASPH|ASPH","grey"
"gene-GGH|GGH","blue"
"gene-TTPA|TTPA","saddlebrown"
"gene-YTHDF3|YTHDF3","turquoise"
"gene-CYP7B1|CYP7B1","lightgreen"
"gene-LOC140682429|LOC140682429","salmon"
"gene-LOC115493909|LOC115493909","magenta"
"gene-TRIM55|TRIM55","darkolivegreen"
"gene-PDE7A|PDE7A","blue"
"gene-ARMC1|ARMC1","turquoise"
"gene-MTFR1|MTFR1","turquoise"
"gene-MYBL1|MYBL1","blue"
"gene-ADHFE1|ADHFE1","lightpink4"
"gene-RRS1|RRS1","greenyellow"
"gene-VXN|VXN","orangered4"
"gene-VCPIP1|VCPIP1","turquoise"
"gene-LOC140682432|LOC140682432","yellow"
"gene-SGK3|SGK3","ivory"
"gene-LOC121469231|LOC121469231","black"
"gene-LOC115493912|LOC115493912","yellow"
"gene-MCMDC2|MCMDC2","black"
"gene-LOC140682431|LOC140682431","purple"
"gene-COPS5|COPS5","brown"
"gene-CSPP1|CSPP1","yellow"
"gene-ARFGEF1|ARFGEF1","turquoise"
"gene-PREX2|PREX2","darkolivegreen"
"gene-SLCO5A1|SLCO5A1","pink"
"gene-SULF1|SULF1","tan"
"gene-NCOA2|NCOA2","grey"
"gene-TRAM1|TRAM1","sienna3"
"gene-LACTB2|LACTB2","brown"
"gene-XKR9|XKR9","royalblue"
"gene-LOC121470748|LOC121470748","blue"
"gene-EYA1|EYA1","turquoise"
"gene-TERF1|TERF1","tan"
"gene-KCNB2|KCNB2","yellow"
"gene-RPL7|RPL7","magenta"
"gene-RDH10|RDH10","maroon"
"gene-LOC115493916|LOC115493916","ivory"
"gene-STAU2|STAU2","turquoise"
"gene-LOC121469233|LOC121469233","tan"
"gene-UBE2W|UBE2W","thistle2"
"gene-ELOC|ELOC","magenta"
"gene-TMEM70|TMEM70","greenyellow"
"gene-LY96|LY96","blue"
"gene-GDAP1|GDAP1","grey"
"gene-PI15|PI15","brown4"
"gene-JPH1|JPH1","greenyellow"
"gene-CRISPLD1|CRISPLD1","lightyellow"
"gene-HNF4G|HNF4G","turquoise"
"gene-ZFHX4|ZFHX4","purple"
"gene-PEX2|PEX2","brown"
"gene-PKIA|PKIA","grey"
"gene-ZC2HC1A|ZC2HC1A","red"
"gene-IL7|IL7","red"
"gene-LOC115493928|LOC115493928","purple"
"gene-STMN2|STMN2","orange"
"gene-LOC140682439|LOC140682439","black"
"gene-HEY1|HEY1","grey"
"gene-TPD52|TPD52","magenta"
"gene-LOC115493932|LOC115493932","grey60"
"gene-ZBTB10|ZBTB10","skyblue"
"gene-ZNF704|ZNF704","turquoise"
"gene-PAG1|PAG1","skyblue3"
"gene-LOC140682441|LOC140682441","black"
"gene-FABP5|FABP5","blue"
"gene-MRPL53|MRPL53","greenyellow"
"gene-LOC100223994|LOC100223994","red"
"gene-IMPA1|IMPA1","saddlebrown"
"gene-ZFAND1|ZFAND1","lightcyan"
"gene-CHMP4C|CHMP4C","grey"
"gene-SNX16|SNX16","turquoise"
"gene-LOC140682361|LOC140682361","yellow"
"gene-SLC7A13|SLC7A13","thistle1"
"gene-RALYL|RALYL","brown"
"gene-LRRCC1|LRRCC1","black"
"gene-E2F5|E2F5","black"
"gene-RBIS|RBIS","darkred"
"gene-LOC100219287|LOC100219287","blue"
"gene-LOC100228865|LOC100228865","brown"
"gene-LOC140682447|LOC140682447","cyan"
"gene-ATP6V0D2|ATP6V0D2","greenyellow"
"gene-LOC100224950|LOC100224950","brown"
"gene-LOC140682444|LOC140682444","cyan"
"gene-MMP16|MMP16","darkslateblue"
"gene-LOC100220197|LOC100220197","magenta"
"gene-RIPK2|RIPK2","green"
"gene-LOC140682452|LOC140682452","blue"
"gene-OSGIN2|OSGIN2","black"
"gene-WWP1|WWP1","brown"
"gene-RMDN1|RMDN1","darkred"
"gene-CPNE3|CPNE3","pink"
"gene-NBN|NBN","grey"
"gene-CALB1|CALB1","turquoise"
"gene-DECR1|DECR1","brown"
"gene-TMEM64|TMEM64","darkolivegreen"
"gene-PIP4P2|PIP4P2","greenyellow"
"gene-SLC26A7|SLC26A7","grey"
"gene-LOC140682454|LOC140682454","grey"
"gene-OTUD6B|OTUD6B","brown"
"gene-RUNX1T1|RUNX1T1","brown"
"gene-LOC115493947|LOC115493947","mediumpurple3"
"gene-TRIQK|TRIQK","darkolivegreen"
"gene-CIBAR1|CIBAR1","lightcyan1"
"gene-RBM12B|RBM12B","black"
"gene-TMEM67|TMEM67","black"
"gene-PDP1|PDP1","orange"
"gene-GEM|GEM","green"
"gene-CDH17|CDH17","grey"
"gene-RAD54B|RAD54B","violet"
"gene-FSBP|FSBP","grey"
"gene-LOC100224067|LOC100224067","pink"
"gene-ESRP1|ESRP1","lightgreen"
"gene-LOC115493953|LOC115493953","brown"
"gene-VIRMA|VIRMA","turquoise"
"gene-LOC115493954|LOC115493954","yellowgreen"
"gene-DPY19L4|DPY19L4","brown"
"gene-LOC100227924|LOC100227924","white"
"gene-CCNE2|CCNE2","lightcyan1"
"gene-INTS8|INTS8","red"
"gene-TP53INP1|TP53INP1","coral1"
"gene-NDUFAF6|NDUFAF6","red"
"gene-LOC116807770|LOC116807770","yellowgreen"
"gene-PLEKHF2|PLEKHF2","blue"
"gene-CFAP418|CFAP418","pink"
"gene-UQCRB|UQCRB","greenyellow"
"gene-MTERF3|MTERF3","skyblue3"
"gene-PTDSS1|PTDSS1","grey"
"gene-SDC2|SDC2","brown"
"gene-LOC140682541|LOC140682541","purple"
"gene-CPQ|CPQ","royalblue"
"gene-MTDH|MTDH","turquoise"
"gene-LAPTM4B|LAPTM4B","brown"
"gene-MATN2|MATN2","floralwhite"
"gene-RPL30|RPL30","magenta"
"gene-LOC115494154|LOC115494154","blue"
"gene-NIPAL2|NIPAL2","cyan"
"gene-RIDA|RIDA","brown"
"gene-POP1|POP1","red"
"gene-STK3|STK3","brown"
"gene-KCNS2|KCNS2","cyan"
"gene-RGS22|RGS22","green"
"gene-POLR2K|POLR2K","darkred"
"gene-SPAG1|SPAG1","white"
"gene-VPS13B|VPS13B","turquoise"
"gene-COX6C|COX6C","magenta"
"gene-RNF19A|RNF19A","lightgreen"
"gene-LOC116807893|LOC116807893","grey"
"gene-ANKRD46|ANKRD46","brown"
"gene-PABPC1|PABPC1","blue"
"gene-YWHAZ|YWHAZ","pink"
"gene-ZNF706|ZNF706","midnightblue"
"gene-GRHL2|GRHL2","tan"
"gene-NCALD|NCALD","turquoise"
"gene-RRM2B|RRM2B","red"
"gene-LOC140682458|LOC140682458","tan"
"gene-LOC140682459|LOC140682459","turquoise"
"gene-KLF10|KLF10","brown"
"gene-UBR5|UBR5","pink"
"gene-AZIN1|AZIN1","turquoise"
"gene-ATP6V1C1|ATP6V1C1","skyblue3"
"gene-FZD6|FZD6","pink"
"gene-CTHRC1|CTHRC1","brown"
"gene-SLC25A32|SLC25A32","turquoise"
"gene-DCAF13|DCAF13","turquoise"
"gene-DCSTAMP|DCSTAMP","darkgrey"
"gene-RIMS2|RIMS2","blue"
"gene-DPYS|DPYS","brown"
"gene-LRP12|LRP12","turquoise"
"gene-ZFPM2|ZFPM2","yellowgreen"
"gene-RSPO2|RSPO2","lightgreen"
"gene-ANGPT1|ANGPT1","pink"
"gene-OXR1|OXR1","pink"
"gene-LOC140682465|LOC140682465","blue"
"gene-ABRA|ABRA","bisque4"
"gene-EIF3E|EIF3E","midnightblue"
"gene-TMEM74|TMEM74","red"
"gene-EMC2|EMC2","brown"
"gene-LOC115493976|LOC115493976","yellow"
"gene-NUDCD1|NUDCD1","greenyellow"
"gene-ENY2|ENY2","magenta"
"gene-SYBU|SYBU","blue"
"gene-KCNV1|KCNV1","brown4"
"gene-EBAG9|EBAG9","turquoise"
"gene-LOC140682471|LOC140682471","grey60"
"gene-LOC140682470|LOC140682470","yellow"
"gene-TRPS1|TRPS1","salmon"
"gene-EIF3H|EIF3H","greenyellow"
"gene-UTP23|UTP23","black"
"gene-RAD21|RAD21","pink"
"gene-MED30|MED30","saddlebrown"
"gene-LOC115493985|LOC115493985","magenta"
"gene-EXT1|EXT1","turquoise"
"gene-TNFRSF11B|TNFRSF11B","darkolivegreen"
"gene-SAMD12|SAMD12","turquoise"
"gene-COLEC10|COLEC10","lavenderblush3"
"gene-LOC140682473|LOC140682473","royalblue"
"gene-LOC140682475|LOC140682475","white"
"gene-CCN3|CCN3","grey"
"gene-LOC140682474|LOC140682474","red"
"gene-MAL2|MAL2","turquoise"
"gene-ENPP2|ENPP2","greenyellow"
"gene-TAF2|TAF2","brown"
"gene-DSCC1|DSCC1","pink"
"gene-DEPTOR|DEPTOR","brown"
"gene-COL14A1|COL14A1","green"
"gene-MTBP|MTBP","yellow"
"gene-MRPL13|MRPL13","greenyellow"
"gene-HAS2|HAS2","plum1"
"gene-SNTB1|SNTB1","turquoise"
"gene-ZHX2|ZHX2","maroon"
"gene-FAM83A|FAM83A","grey"
"gene-TBC1D31|TBC1D31","lightcyan"
"gene-DERL1|DERL1","turquoise"
"gene-C2H8orf76|C2H8orf76","thistle1"
"gene-ZHX1|ZHX1","red"
"gene-ATAD2|ATAD2","plum1"
"gene-NTAQ1|NTAQ1","blue"
"gene-FBXO32|FBXO32","blue"
"gene-KLHL38|KLHL38","lightsteelblue1"
"gene-ANXA13|ANXA13","salmon"
"gene-FER1L6|FER1L6","grey"
"gene-FAM91A1|FAM91A1","maroon"
"gene-TMEM65|TMEM65","turquoise"
"gene-RNF139|RNF139","turquoise"
"gene-TATDN1|TATDN1","magenta"
"gene-NDUFB9|NDUFB9","greenyellow"
"gene-MTSS1|MTSS1","ivory"
"gene-SQLE|SQLE","pink"
"gene-TRIB1|TRIB1","blue"
"gene-WASHC5|WASHC5","brown"
"gene-NSMCE2|NSMCE2","darkred"
"gene-LRATD2|LRATD2","midnightblue"
"gene-MYC|MYC","blue"
"gene-LOC115493999|LOC115493999","yellow"
"gene-CYRIB|CYRIB","darkorange"
"gene-ASAP1|ASAP1","green"
"gene-OC90|OC90","magenta"
"gene-DNAAF11|DNAAF11","blue"
"gene-TMEM71|TMEM71","tan"
"gene-EFR3A|EFR3A","brown"
"gene-PHF20L1|PHF20L1","grey"
"gene-LOC121469275|LOC121469275","salmon"
"gene-CCN4|CCN4","skyblue"
"gene-TG|TG","salmon"
"gene-SLA|SLA","green"
"gene-ST3GAL1|ST3GAL1","red"
"gene-LOC115494009|LOC115494009","red"
"gene-NDRG1|NDRG1","red"
"gene-ZFAT|ZFAT","grey"
"gene-LOC115494015|LOC115494015","lavenderblush3"
"gene-KHDRBS3|KHDRBS3","blue"
"gene-KCNK9|KCNK9","lightcyan"
"gene-TRAPPC9|TRAPPC9","turquoise"
"gene-CHRAC1|CHRAC1","violet"
"gene-AGO2|AGO2","pink"
"gene-RPLP1|RPLP1","magenta"
"gene-DENND3|DENND3","green"
"gene-PTK2|PTK2","yellow"
"gene-GPR20|GPR20","lightcyan"
"gene-SLC45A4|SLC45A4","blue"
"gene-PTP4A3|PTP4A3","brown"
"gene-TSNARE1|TSNARE1","turquoise"
"gene-ADGRB1|ADGRB1","cyan"
"gene-LOC140682489|LOC140682489","purple"
"gene-LOC121469303|LOC121469303","turquoise"
"gene-LOC100190135|LOC100190135","lightgreen"
"gene-MAFA|MAFA","blue"
"gene-RHPN1|RHPN1","salmon"
"gene-ZC3H3|ZC3H3","pink"
"gene-LOC115494036|LOC115494036","brown"
"gene-LOC101232977|LOC101232977","red"
"gene-TIGD5|TIGD5","grey"
"gene-NAPRT|NAPRT","turquoise"
"gene-LOC115494034|LOC115494034","grey"
"gene-EEF1D|EEF1D","magenta"
"gene-LOC115493583|LOC115493583","black"
"gene-PYCR3|PYCR3","magenta"
"gene-GFUS|GFUS","brown"
"gene-ARHGAP39|ARHGAP39","red"
"gene-LOC115494059|LOC115494059","darkturquoise"
"gene-C2H8orf82|C2H8orf82","greenyellow"
"gene-LRRC14|LRRC14","grey60"
"gene-RECQL4|RECQL4","yellow"
"gene-FOXH1|FOXH1","violet"
"gene-TMEM276|TMEM276","bisque4"
"gene-GPT|GPT","brown"
"gene-ZFTRAF1|ZFTRAF1","turquoise"
"gene-TONSL|TONSL","black"
"gene-LOC140682366|LOC140682366","black"
"gene-VPS28|VPS28","greenyellow"
"gene-CPSF1|CPSF1","grey"
"gene-ADCK5|ADCK5","pink"
"gene-FBXL6|FBXL6","lightyellow"
"gene-DGAT1|DGAT1","pink"
"gene-EXOSC4|EXOSC4","cyan"
"gene-OPLAH|OPLAH","lightyellow"
"gene-LOC115492365|LOC115492365","purple"
"gene-MROH1|MROH1","purple"
"gene-HGH1|HGH1","turquoise"
"gene-GPAA1|GPAA1","cyan"
"gene-HSF1|HSF1","antiquewhite4"
"gene-BOP1|BOP1","turquoise"
"gene-MAF1|MAF1","turquoise"
"gene-SHARPIN|SHARPIN","cyan"
"gene-CYC1|CYC1","greenyellow"
"gene-LOC100229852|LOC100229852","darkolivegreen"
"gene-LOC115492408|LOC115492408","green"
"gene-LOC100223160|LOC100223160","green"
"gene-GRINA|GRINA","turquoise"
"gene-PARP10|PARP10","purple"
"gene-EPPK1|EPPK1","pink"
"gene-LOC115492384|LOC115492384","lightsteelblue1"
"gene-LOC140682498|LOC140682498","steelblue"
"gene-PLEC|PLEC","pink"
"gene-NRBP2|NRBP2","blue"
"gene-PUF60|PUF60","pink"
"gene-SCRIB|SCRIB","turquoise"
"gene-FAM83H|FAM83H","grey"
"gene-MAPK15|MAPK15","royalblue"
"gene-THUMPD2|THUMPD2","yellow"
"gene-LOC115492366|LOC115492366","grey"
"gene-LOC140683789|LOC140683789","lightyellow"
"gene-GPN1|GPN1","floralwhite"
"gene-ZNF512|ZNF512","grey"
"gene-GTF3C2|GTF3C2","black"
"gene-LOC100218564|LOC100218564","yellow"
"gene-NRBP1|NRBP1","grey"
"gene-FNDC4|FNDC4","brown"
"gene-LOC100231911|LOC100231911","yellow"
"gene-IFT172|IFT172","red"
"gene-KRTCAP3|KRTCAP3","brown"
"gene-PPM1G|PPM1G","sienna3"
"gene-LOC115494680|LOC115494680","yellow"
"gene-LOC100222286|LOC100222286","lightyellow"
"gene-ZNF513|ZNF513","lightgreen"
"gene-SNX17|SNX17","saddlebrown"
"gene-LOC140683593|LOC140683593","yellow"
"gene-EIF2B4|EIF2B4","white"
"gene-DNAJC5G|DNAJC5G","greenyellow"
"gene-TRIM54|TRIM54","steelblue"
"gene-MPV17|MPV17","antiquewhite4"
"gene-CAD|CAD","brown"
"gene-ATRAID|ATRAID","magenta"
"gene-SLC5A6|SLC5A6","cyan"
"gene-PREB|PREB","skyblue3"
"gene-CGREF1|CGREF1","blue"
"gene-KHK|KHK","magenta"
"gene-EMILIN1|EMILIN1","blue"
"gene-OST4|OST4","magenta"
"gene-AGBL5|AGBL5","orangered4"
"gene-TMEM214|TMEM214","midnightblue"
"gene-MAPRE3|MAPRE3","green"
"gene-LOC140683597|LOC140683597","lightyellow"
"gene-DNMT3A|DNMT3A","lightyellow"
"gene-DTNB|DTNB","steelblue"
"gene-LOC140683599|LOC140683599","darkturquoise"
"gene-GAREM2|GAREM2","blue"
"gene-PBK|PBK","blue"
"gene-ASXL2|ASXL2","red"
"gene-KIF3C|KIF3C","brown"
"gene-RAB10|RAB10","turquoise"
"gene-LOC140683598|LOC140683598","magenta"
"gene-HADHA|HADHA","turquoise"
"gene-HADHB|HADHB","turquoise"
"gene-LOC105760019|LOC105760019","grey"
"gene-SELENOI|SELENOI","grey"
"gene-LOC121469818|LOC121469818","purple"
"gene-ESCO2|ESCO2","blue"
"gene-LOC115494647|LOC115494647","lightsteelblue1"
"gene-STMN4|STMN4","orange"
"gene-CLU|CLU","blue"
"gene-CHRNA2|CHRNA2","turquoise"
"gene-PTK2B|PTK2B","yellow"
"gene-LOC140683600|LOC140683600","cyan"
"gene-LOC140683849|LOC140683849","midnightblue"
"gene-LOC105760434|LOC105760434","blue"
"gene-EPHX2|EPHX2","grey"
"gene-POMC|POMC","grey"
"gene-ADCY3|ADCY3","darkturquoise"
"gene-LOC115494645|LOC115494645","blue"
"gene-DNAJC27|DNAJC27","yellow"
"gene-CENPO|CENPO","darkturquoise"
"gene-PTRHD1|PTRHD1","black"
"gene-PNOC|PNOC","grey"
"gene-NCOA1|NCOA1","yellow"
"gene-FZD3|FZD3","pink"
"gene-ELP3|ELP3","brown"
"gene-FBXO16|FBXO16","yellow"
"gene-EXTL3|EXTL3","turquoise"
"gene-INTS9|INTS9","red"
"gene-HMBOX1|HMBOX1","darkgrey"
"gene-KIF13B|KIF13B","pink"
"gene-SOX7|SOX7","tan"
"gene-MSRA|MSRA","blue"
"gene-PINX1|PINX1","pink"
"gene-XKR6|XKR6","turquoise"
"gene-FAM167A|FAM167A","green"
"gene-BLK|BLK","tan"
"gene-MTMR9|MTMR9","grey"
"gene-LOC101234062|LOC101234062","turquoise"
"gene-LOC140683607|LOC140683607","yellow"
"gene-GATA4|GATA4","darkgrey"
"gene-NEIL2|NEIL2","lightyellow"
"gene-FDFT1|FDFT1","pink"
"gene-LOC140683602|LOC140683602","blue"
"gene-LOC140683603|LOC140683603","blue"
"gene-CTSB|CTSB","green"
"gene-LOC101233915|LOC101233915","blue"
"gene-LOC115494694|LOC115494694","blue"
"gene-XKR5|XKR5","green"
"gene-EFHC1|EFHC1","black"
"gene-TRAM2|TRAM2","brown"
"gene-PAQR8|PAQR8","darkgrey"
"gene-LOC115494630|LOC115494630","red"
"gene-MCM3|MCM3","purple"
"gene-PKHD1|PKHD1","darkgrey"
"gene-LOC100231317|LOC100231317","red"
"gene-LOC140683613|LOC140683613","darkslateblue"
"gene-RHAG|RHAG","purple"
"gene-LOC115494687|LOC115494687","blue"
"gene-LOC115494689|LOC115494689","magenta"
"gene-LOC100224630|LOC100224630","brown"
"gene-CENPQ|CENPQ","brown"
"gene-MMUT|MMUT","turquoise"
"gene-LOC100217864|LOC100217864","white"
"gene-LOC105759121|LOC105759121","greenyellow"
"gene-CDC5L|CDC5L","antiquewhite4"
"gene-LOC140683615|LOC140683615","salmon4"
"gene-LOC140683616|LOC140683616","red"
"gene-SUPT3H|SUPT3H","skyblue"
"gene-RUNX2|RUNX2","tan"
"gene-CLIC5|CLIC5","brown"
"gene-ENPP5|ENPP5","turquoise"
"gene-ENPP4|ENPP4","brown"
"gene-RCAN2|RCAN2","yellowgreen"
"gene-LOC115494704|LOC115494704","lightgreen"
"gene-CYP39A1|CYP39A1","turquoise"
"gene-SLC25A27|SLC25A27","grey"
"gene-ANKRD66|ANKRD66","lightcyan"
"gene-TDRD6|TDRD6","lightcyan"
"gene-PLA2G7|PLA2G7","brown"
"gene-ADGRF5|ADGRF5","red"
"gene-MEP1A|MEP1A","yellow"
"gene-ADGRF4|ADGRF4","thistle1"
"gene-TNFRSF21|TNFRSF21","green"
"gene-CD2AP|CD2AP","saddlebrown"
"gene-EVA1A|EVA1A","lavenderblush3"
"gene-MRPL19|MRPL19","black"
"gene-GCFC2|GCFC2","yellow"
"gene-ITSN2|ITSN2","antiquewhite4"
"gene-LOC140683620|LOC140683620","yellow"
"gene-FAM228B|FAM228B","turquoise"
"gene-LOC140683619|LOC140683619","skyblue"
"gene-FKBP1B|FKBP1B","greenyellow"
"gene-TP53I3|TP53I3","red"
"gene-SF3B6|SF3B6","grey"
"gene-LOC100223718|LOC100223718","lightsteelblue1"
"gene-ATAD2B|ATAD2B","brown"
"gene-MFSD2B|MFSD2B","grey60"
"gene-UBXN2A|UBXN2A","turquoise"
"gene-KLHL29|KLHL29","blue"
"gene-LOC140683621|LOC140683621","salmon"
"gene-LOC115494710|LOC115494710","blue"
"gene-TDRD15|TDRD15","blue"
"gene-GDF7|GDF7","turquoise"
"gene-LDAH|LDAH","brown"
"gene-HS1BP3|HS1BP3","darkolivegreen"
"gene-RHOB|RHOB","blue"
"gene-LOC105759122|LOC105759122","black"
"gene-PUM2|PUM2","yellow"
"gene-SDC1|SDC1","turquoise"
"gene-LOC105759117|LOC105759117","blue"
"gene-APOB|APOB","lightgreen"
"gene-MATN3|MATN3","magenta"
"gene-LAPTM4A|LAPTM4A","blue"
"gene-WDR35|WDR35","royalblue"
"gene-TTC32|TTC32","black"
"gene-LOC115494714|LOC115494714","magenta"
"gene-OSR1|OSR1","red"
"gene-LOC121469659|LOC121469659","lightsteelblue1"
"gene-NT5C1B|NT5C1B","darkorange"
"gene-RDH14|RDH14","brown"
"gene-LOC140683624|LOC140683624","midnightblue"
"gene-LOC140683540|LOC140683540","blue"
"gene-LOC140683545|LOC140683545","blue"
"gene-LOC140683630|LOC140683630","darkgreen"
"gene-LOC140683633|LOC140683633","darkgreen"
"gene-LOC140683547|LOC140683547","blue"
"gene-LOC140683635|LOC140683635","darkgreen"
"gene-LOC140683636|LOC140683636","darkgreen"
"gene-LOC140683553|LOC140683553","blue"
"gene-LOC140683638|LOC140683638","darkgreen"
"gene-LOC140683639|LOC140683639","darkgreen"
"gene-LOC140683559|LOC140683559","blue"
"gene-LOC140683506|LOC140683506","darkgreen"
"gene-LOC140683641|LOC140683641","darkgreen"
"gene-LOC116807261|LOC116807261","darkgreen"
"gene-KCNS3|KCNS3","lightcyan"
"gene-LOC100229718|LOC100229718","yellowgreen"
"gene-GEN1|GEN1","turquoise"
"gene-SMC6|SMC6","salmon4"
"gene-VSNL1|VSNL1","orange"
"gene-CYRIA|CYRIA","green"
"gene-LOC115494725|LOC115494725","ivory"
"gene-MYCN|MYCN","blue"
"gene-DDX1|DDX1","cyan"
"gene-NBAS|NBAS","brown"
"gene-LRATD1|LRATD1","blue"
"gene-LOC140683645|LOC140683645","yellow"
"gene-LOC115494729|LOC115494729","white"
"gene-TRIB2|TRIB2","sienna3"
"gene-LPIN1|LPIN1","orange"
"gene-GREB1|GREB1","black"
"gene-KCNF1|KCNF1","purple"
"gene-ROCK2|ROCK2","brown"
"gene-SLC66A3|SLC66A3","salmon"
"gene-E2F6|E2F6","brown"
"gene-ODC1|ODC1","darkred"
"gene-HPCAL1|HPCAL1","turquoise"
"gene-ATP6V1C2|ATP6V1C2","blue"
"gene-PDIA6|PDIA6","midnightblue"
"gene-NOL10|NOL10","darkred"
"gene-RRM2|RRM2","green"
"gene-CYS1|CYS1","grey"
"gene-KLF11|KLF11","brown"
"gene-GRHL1|GRHL1","grey"
"gene-TAF1B|TAF1B","blue"
"gene-YWHAQ|YWHAQ","greenyellow"
"gene-ADAM17|ADAM17","turquoise"
"gene-IAH1|IAH1","brown"
"gene-ITGB1BP1|ITGB1BP1","black"
"gene-ASAP2|ASAP2","purple"
"gene-CPSF3|CPSF3","pink"
"gene-MBOAT2|MBOAT2","yellowgreen"
"gene-KIDINS220|KIDINS220","turquoise"
"gene-LOC115494734|LOC115494734","green"
"gene-ID2|ID2","blue"
"gene-RNF144A|RNF144A","turquoise"
"gene-RSAD2|RSAD2","purple"
"gene-CMPK2|CMPK2","purple"
"gene-SOX11|SOX11","blue"
"gene-COLEC11|COLEC11","lightgreen"
"gene-RPS7|RPS7","magenta"
"gene-RNASEH1|RNASEH1","black"
"gene-ADI1|ADI1","turquoise"
"gene-EIPR1|EIPR1","pink"
"gene-TRAPPC12|TRAPPC12","brown"
"gene-PXDN|PXDN","tan"
"gene-SNTG2|SNTG2","lightyellow"
"gene-TMEM18|TMEM18","magenta"
"gene-ERICH1|ERICH1","salmon4"
"gene-ALKAL2|ALKAL2","saddlebrown"
"gene-SH3YL1|SH3YL1","darkolivegreen"
"gene-LOC140683656|LOC140683656","royalblue"
"gene-ACP1|ACP1","turquoise"
"gene-FAM110C|FAM110C","turquoise"
"gene-FBXO25|FBXO25","red"
"gene-TDRP|TDRP","saddlebrown"
"gene-LOC115494247|LOC115494247","pink"
"gene-DLGAP2|DLGAP2","brown"
"gene-CLN8|CLN8","brown"
"gene-ARHGEF10|ARHGEF10","darkgrey"
"gene-KBTBD11|KBTBD11","darkseagreen4"
"gene-MYOM2|MYOM2","darkolivegreen"
"gene-MCPH1|MCPH1","magenta"
"gene-ANGPT2|ANGPT2","plum1"
"gene-AGPAT5|AGPAT5","maroon"
"gene-LOC116808167|LOC116808167","floralwhite"
"gene-TMEM14A|TMEM14A","grey"
"gene-LOC100190204|LOC100190204","grey"
"gene-LOC100219265|LOC100219265","green"
"gene-LOC100218258|LOC100218258","saddlebrown"
"gene-CILK1|CILK1","plum2"
"gene-LOC100190440|LOC100190440","royalblue"
"gene-FBXO9|FBXO9","skyblue3"
"gene-ELOVL5|ELOVL5","brown"
"gene-KLHL31|KLHL31","steelblue"
"gene-GCLC|GCLC","greenyellow"
"gene-LOC140683658|LOC140683658","pink"
"gene-LOC100224932|LOC100224932","black"
"gene-LRRC1|LRRC1","thistle1"
"gene-MLIP|MLIP","darkolivegreen"
"gene-TINAG|TINAG","skyblue3"
"gene-FAM83B|FAM83B","turquoise"
"gene-HMGCLL1|HMGCLL1","lightgreen"
"gene-BMP5|BMP5","salmon"
"gene-COL21A1|COL21A1","red"
"gene-BEND6|BEND6","darkturquoise"
"gene-DST|DST","lightsteelblue1"
"gene-LOC140683660|LOC140683660","mediumpurple3"
"gene-ZNF451|ZNF451","pink"
"gene-BAG2|BAG2","blue"
"gene-RAB23|RAB23","red"
"gene-LOC140683661|LOC140683661","floralwhite"
"gene-PRIM2|PRIM2","grey"
"gene-KHDRBS2|KHDRBS2","darkturquoise"
"gene-LOC140683663|LOC140683663","cyan"
"gene-LOC140683664|LOC140683664","turquoise"
"gene-PTP4A1|PTP4A1","grey"
"gene-PHF3|PHF3","turquoise"
"gene-EYS|EYS","blue"
"gene-ADGRB3|ADGRB3","orange"
"gene-LMBRD1|LMBRD1","turquoise"
"gene-COL9A1|COL9A1","lightyellow"
"gene-COL19A1|COL19A1","grey"
"gene-FAM135A|FAM135A","turquoise"
"gene-LOC140683520|LOC140683520","tan"
"gene-SDHAF4|SDHAF4","salmon4"
"gene-LOC121469679|LOC121469679","yellow"
"gene-SMAP1|SMAP1","brown"
"gene-B3GAT2|B3GAT2","ivory"
"gene-OGFRL1|OGFRL1","yellowgreen"
"gene-ASRGL1|ASRGL1","grey"
"gene-RIMS1|RIMS1","grey"
"gene-KCNQ5|KCNQ5","tan"
"gene-LOC115494264|LOC115494264","tan"
"gene-DDX43|DDX43","midnightblue"
"gene-CGAS|CGAS","purple"
"gene-MTO1|MTO1","brown"
"gene-SLC17A5|SLC17A5","brown"
"gene-CD109|CD109","green"
"gene-COL12A1|COL12A1","royalblue"
"gene-EEF1A1|EEF1A1","magenta"
"gene-COX7A2|COX7A2","greenyellow"
"gene-FILIP1|FILIP1","brown"
"gene-TMEM30A|TMEM30A","brown"
"gene-SENP6|SENP6","lightgreen"
"gene-IMPG1|IMPG1","pink"
"gene-MYO6|MYO6","red"
"gene-HTR1B|HTR1B","grey"
"gene-IRAK1BP1|IRAK1BP1","midnightblue"
"gene-PHIP|PHIP","darkorange"
"gene-LOC121469596|LOC121469596","salmon4"
"gene-HMGN3|HMGN3","tan"
"gene-LCA5|LCA5","black"
"gene-LOC140683521|LOC140683521","royalblue"
"gene-SH3BGRL2|SH3BGRL2","greenyellow"
"gene-ELOVL4|ELOVL4","yellowgreen"
"gene-TTK|TTK","green"
"gene-BCKDHB|BCKDHB","brown"
"gene-LOC140683674|LOC140683674","purple"
"gene-LOC140683675|LOC140683675","grey"
"gene-TENT5A|TENT5A","midnightblue"
"gene-IBTK|IBTK","turquoise"
"gene-TPBG|TPBG","green"
"gene-UBE3D|UBE3D","green"
"gene-PRSS35|PRSS35","brown"
"gene-SNAP91|SNAP91","green"
"gene-DOP1A|DOP1A","black"
"gene-RWDD2A|RWDD2A","brown"
"gene-PGM3|PGM3","cyan"
"gene-ME1|ME1","brown"
"gene-LOC121469685|LOC121469685","skyblue3"
"gene-RIPPLY2|RIPPLY2","black"
"gene-CYB5R4|CYB5R4","darkred"
"gene-MRAP2|MRAP2","lightcyan"
"gene-CEP162|CEP162","yellow"
"gene-TBX18|TBX18","darkolivegreen"
"gene-SNX14|SNX14","brown"
"gene-NT5E|NT5E","grey"
"gene-SYNCRIP|SYNCRIP","red"
"gene-LOC140683680|LOC140683680","blue"
"gene-GJB7|GJB7","blue"
"gene-ZNF292|ZNF292","pink"
"gene-SMIM8|SMIM8","black"
"gene-CFAP206|CFAP206","yellow"
"gene-RARS2|RARS2","yellow"
"gene-ORC3|ORC3","thistle2"
"gene-SLC35A1|SLC35A1","skyblue"
"gene-AKIRIN2|AKIRIN2","magenta"
"gene-CNR1|CNR1","red"
"gene-RNGTT|RNGTT","turquoise"
"gene-BORCS6|BORCS6","midnightblue"
"gene-PNRC1|PNRC1","blue"
"gene-GABRR1|GABRR1","skyblue"
"gene-LOC100230156|LOC100230156","white"
"gene-PM20D2|PM20D2","honeydew1"
"gene-UBE2J1|UBE2J1","lightcyan"
"gene-RRAGD|RRAGD","salmon"
"gene-ANKRD6|ANKRD6","pink"
"gene-CASP8AP2|CASP8AP2","pink"
"gene-LYRM2|LYRM2","magenta"
"gene-MDN1|MDN1","yellow"
"gene-BACH2|BACH2","pink"
"gene-GJA10|GJA10","midnightblue"
"gene-MAP3K7|MAP3K7","brown"
"gene-EPHA7|EPHA7","grey"
"gene-MANEA|MANEA","red"
"gene-LOC121469689|LOC121469689","grey"
"gene-MMS22L|MMS22L","pink"
"gene-POU3F2|POU3F2","grey"
"gene-LOC116808022|LOC116808022","skyblue"
"gene-FHL5|FHL5","red"
"gene-GPR63|GPR63","green"
"gene-KLHL32|KLHL32","red"
"gene-UFL1|UFL1","skyblue3"
"gene-NDUFAF4|NDUFAF4","greenyellow"
"gene-LOC140683683|LOC140683683","grey60"
"gene-LOC140683684|LOC140683684","grey"
"gene-FBXL4|FBXL4","brown"
"gene-FAXC|FAXC","turquoise"
"gene-COQ3|COQ3","blue"
"gene-PNISR|PNISR","yellow"
"gene-USP45|USP45","black"
"gene-LOC116808102|LOC116808102","grey60"
"gene-TSTD1|TSTD1","midnightblue"
"gene-CCNC|CCNC","brown"
"gene-ASCC3|ASCC3","brown"
"gene-HACE1|HACE1","brown"
"gene-POPDC1|POPDC1","darkolivegreen"
"gene-POPDC3|POPDC3","darkmagenta"
"gene-PREP|PREP","turquoise"
"gene-PRDM1|PRDM1","green"
"gene-ATG5|ATG5","brown"
"gene-CRYBG1|CRYBG1","brown"
"gene-LOC121469694|LOC121469694","ivory"
"gene-RTN4IP1|RTN4IP1","plum2"
"gene-QRSL1|QRSL1","greenyellow"
"gene-CD24|CD24","blue"
"gene-LOC140683687|LOC140683687","bisque4"
"gene-MTRES1|MTRES1","black"
"gene-BEND3|BEND3","brown"
"gene-PDSS2|PDSS2","brown"
"gene-SOBP|SOBP","lightyellow"
"gene-SEC63|SEC63","turquoise"
"gene-OSTM1|OSTM1","turquoise"
"gene-NR2E1|NR2E1","lightgreen"
"gene-SNX3|SNX3","turquoise"
"gene-AFG1L|AFG1L","red"
"gene-LOC115494306|LOC115494306","yellow"
"gene-FOXO3|FOXO3","blue"
"gene-LOC140683688|LOC140683688","blue"
"gene-LOC115494307|LOC115494307","blue"
"gene-LOC140683689|LOC140683689","palevioletred3"
"gene-ARMC2|ARMC2","grey"
"gene-SESN1|SESN1","blue"
"gene-CEP57L1|CEP57L1","yellow"
"gene-LOC140683690|LOC140683690","greenyellow"
"gene-ZBTB24|ZBTB24","red"
"gene-CD164|CD164","brown"
"gene-AK9|AK9","orangered4"
"gene-FIG4|FIG4","red"
"gene-WASF1|WASF1","red"
"gene-CDC40|CDC40","saddlebrown"
"gene-METTL24|METTL24","yellow"
"gene-SLC22A16|SLC22A16","lightgreen"
"gene-DDO|DDO","yellow"
"gene-LOC115494311|LOC115494311","brown"
"gene-CDK19|CDK19","pink"
"gene-AMD1|AMD1","brown"
"gene-GTF3C6|GTF3C6","black"
"gene-RPF2|RPF2","grey"
"gene-SLC16A10|SLC16A10","turquoise"
"gene-MFSD4B|MFSD4B","grey60"
"gene-REV3L|REV3L","blue"
"gene-TRAF3IP2|TRAF3IP2","blue"
"gene-TUBE1|TUBE1","magenta"
"gene-FYN|FYN","green"
"gene-LOC140683524|LOC140683524","grey"
"gene-LAMA4|LAMA4","lavenderblush3"
"gene-MARCKS|MARCKS","tan"
"gene-HDAC2|HDAC2","red"
"gene-FRK|FRK","midnightblue"
"gene-LOC115494316|LOC115494316","purple"
"gene-NT5DC1|NT5DC1","blue"
"gene-DSE|DSE","green"
"gene-CALHM6|CALHM6","green"
"gene-CALHM5|CALHM5","darkmagenta"
"gene-CALHM4|CALHM4","grey"
"gene-RFX6|RFX6","blue"
"gene-RWDD1|RWDD1","brown"
"gene-ZUP1|ZUP1","floralwhite"
"gene-KPNA5|KPNA5","brown"
"gene-FAM162B|FAM162B","darkgreen"
"gene-DCBLD1|DCBLD1","salmon"
"gene-GOPC|GOPC","royalblue"
"gene-NUS1|NUS1","magenta"
"gene-SLC35F1|SLC35F1","blue"
"gene-CEP85L|CEP85L","green"
"gene-MCM9|MCM9","grey"
"gene-ASF1A|ASF1A","grey"
"gene-LOC140683694|LOC140683694","darkturquoise"
"gene-FAM184A|FAM184A","royalblue"
"gene-MAN1A1|MAN1A1","salmon"
"gene-TBC1D32|TBC1D32","yellow"
"gene-GJA1|GJA1","pink"
"gene-HSF2|HSF2","salmon"
"gene-PKIB|PKIB","blue"
"gene-SERINC1|SERINC1","brown"
"gene-FABP7|FABP7","greenyellow"
"gene-SMPDL3A|SMPDL3A","sienna3"
"gene-TRDN|TRDN","darkolivegreen"
"gene-NKAIN2|NKAIN2","grey"
"gene-RNF217|RNF217","darkturquoise"
"gene-TPD52L1|TPD52L1","lightyellow"
"gene-HDDC2|HDDC2","grey60"
"gene-NCOA7|NCOA7","purple"
"gene-LOC116808104|LOC116808104","salmon"
"gene-HINT3|HINT3","brown"
"gene-LOC115494323|LOC115494323","salmon"
"gene-TRMT11|TRMT11","red"
"gene-CENPW|CENPW","purple"
"gene-RSPO3|RSPO3","salmon"
"gene-RNF146|RNF146","turquoise"
"gene-ECHDC1|ECHDC1","cyan"
"gene-KIAA0408|KIAA0408","orange"
"gene-THEMIS|THEMIS","tan"
"gene-PTPRK|PTPRK","turquoise"
"gene-ARHGAP18|ARHGAP18","green"
"gene-L3MBTL3|L3MBTL3","green"
"gene-LAMA2|LAMA2","grey"
"gene-TMEM200A|TMEM200A","grey"
"gene-ENPP3|ENPP3","grey"
"gene-EPB41L2|EPB41L2","lightsteelblue1"
"gene-AKAP7|AKAP7","turquoise"
"gene-MSH5|MSH5","turquoise"
"gene-LOC116808035|LOC116808035","royalblue"
"gene-SMLR1|SMLR1","greenyellow"
"gene-MED23|MED23","red"
"gene-ENPP1|ENPP1","brown"
"gene-CCN2|CCN2","thistle1"
"gene-LOC115494330|LOC115494330","grey60"
"gene-TAAR1|TAAR1","purple"
"gene-STX7|STX7","green"
"gene-LOC100220807|LOC100220807","turquoise"
"gene-LOC100217969|LOC100217969","turquoise"
"gene-SLC18B1|SLC18B1","maroon"
"gene-EYA4|EYA4","pink"
"gene-RPS12|RPS12","magenta"
"gene-LOC140683850|LOC140683850","palevioletred3"
"gene-LOC115494758|LOC115494758","blue"
"gene-LOC115494757|LOC115494757","blue"
"gene-LOC140683708|LOC140683708","darkmagenta"
"gene-TCF21|TCF21","purple"
"gene-TBPL1|TBPL1","salmon"
"gene-SLC2A12|SLC2A12","pink"
"gene-SGK1|SGK1","blue"
"gene-LOC140683710|LOC140683710","lightcyan"
"gene-LOC115494339|LOC115494339","blue"
"gene-ALDH8A1|ALDH8A1","brown"
"gene-MYB|MYB","blue"
"gene-HBS1L|HBS1L","orange"
"gene-AHI1|AHI1","grey60"
"gene-SLC22A3|SLC22A3","lightgreen"
"gene-MAS1|MAS1","brown"
"gene-LOC100229480|LOC100229480","brown"
"gene-IGF2R|IGF2R","turquoise"
"gene-PNLDC1|PNLDC1","white"
"gene-LOC100231371|LOC100231371","skyblue"
"gene-MRPL18|MRPL18","greenyellow"
"gene-TCP1|TCP1","turquoise"
"gene-MIR7644|MIR7644","plum2"
"gene-ACAT2|ACAT2","red"
"gene-WTAP|WTAP","turquoise"
"gene-SOD2|SOD2","brown"
"gene-LOC121469716|LOC121469716","navajowhite2"
"gene-PLEKHG1|PLEKHG1","green"
"gene-FNDC1|FNDC1","red"
"gene-KATNA1|KATNA1","blue"
"gene-PPP1R14C|PPP1R14C","grey"
"gene-IYD|IYD","blue"
"gene-LOC121469715|LOC121469715","royalblue"
"gene-GINM1|GINM1","turquoise"
"gene-LATS1|LATS1","turquoise"
"gene-NUP43|NUP43","yellow"
"gene-LOC140683711|LOC140683711","lightyellow"
"gene-PCMT1|PCMT1","saddlebrown"
"gene-LRP11|LRP11","lavenderblush3"
"gene-MTHFD1L|MTHFD1L","violet"
"gene-AKAP12|AKAP12","steelblue"
"gene-ZBTB2|ZBTB2","grey"
"gene-RMND1|RMND1","skyblue3"
"gene-LOC140683712|LOC140683712","purple"
"gene-LOC100232427|LOC100232427","pink"
"gene-ESR1|ESR1","turquoise"
"gene-MYCT1|MYCT1","salmon"
"gene-SYNE1|SYNE1","green"
"gene-VIP|VIP","midnightblue"
"gene-FBXO5|FBXO5","blue"
"gene-MTRF1L|MTRF1L","greenyellow"
"gene-RGS17|RGS17","darkred"
"gene-IPCEF1|IPCEF1","yellow"
"gene-OPRM1|OPRM1","skyblue3"
"gene-CNKSR3|CNKSR3","turquoise"
"gene-TIAM2|TIAM2","green"
"gene-TFB1M|TFB1M","skyblue3"
"gene-SCAF8|SCAF8","blue"
"gene-CLDN20|CLDN20","green"
"gene-LOC140683720|LOC140683720","black"
"gene-ARID1B|ARID1B","yellow"
"gene-TMEM242|TMEM242","magenta"
"gene-ZDHHC14|ZDHHC14","royalblue"
"gene-LOC121469600|LOC121469600","red"
"gene-SNX9|SNX9","pink"
"gene-SYNJ2|SYNJ2","lightgreen"
"gene-SERAC1|SERAC1","grey60"
"gene-GTF2H5|GTF2H5","magenta"
"gene-DYNLT1|DYNLT1","grey"
"gene-TULP4|TULP4","bisque4"
"gene-LOC115494614|LOC115494614","yellow"
"gene-TMEM181|TMEM181","thistle2"
"gene-SYTL3|SYTL3","tan"
"gene-EZR|EZR","salmon4"
"gene-TAGAP|TAGAP","green"
"gene-RSPH3|RSPH3","blue"
"gene-PLAGL1|PLAGL1","red"
"gene-LTV1|LTV1","skyblue3"
"gene-PHACTR2|PHACTR2","yellow"
"gene-LOC115494354|LOC115494354","magenta"
"gene-FUCA2|FUCA2","lightcyan1"
"gene-PEX3|PEX3","brown"
"gene-ADAT2|ADAT2","greenyellow"
"gene-AIG1|AIG1","grey"
"gene-HIVEP2|HIVEP2","blue"
"gene-LOC140683525|LOC140683525","yellow"
"gene-ADGRG6|ADGRG6","turquoise"
"gene-VTA1|VTA1","darkred"
"gene-GJE1|GJE1","darkslateblue"
"gene-LOC140683725|LOC140683725","salmon"
"gene-CITED2|CITED2","blue"
"gene-TXLNB|TXLNB","grey60"
"gene-HECA|HECA","turquoise"
"gene-ABRACL|ABRACL","tan"
"gene-LOC115494359|LOC115494359","green"
"gene-REPS1|REPS1","sienna3"
"gene-CCDC28A|CCDC28A","grey"
"gene-NHSL1|NHSL1","darkturquoise"
"gene-ARFGEF3|ARFGEF3","blue"
"gene-PERP|PERP","orangered4"
"gene-TNFAIP3|TNFAIP3","purple"
"gene-OLIG3|OLIG3","grey"
"gene-LOC115494365|LOC115494365","salmon"
"gene-IL22RA2|IL22RA2","salmon"
"gene-IFNGR1|IFNGR1","turquoise"
"gene-IL20RA|IL20RA","green"
"gene-SLC35D3|SLC35D3","cyan"
"gene-PEX7|PEX7","brown"
"gene-LOC101234090|LOC101234090","yellow"
"gene-MAP7|MAP7","grey60"
"gene-MAP3K5|MAP3K5","royalblue"
"gene-MTFR2|MTFR2","purple"
"gene-BCLAF1|BCLAF1","yellow"
"gene-PDE7B|PDE7B","turquoise"
"gene-LOC115494366|LOC115494366","yellow"
"gene-SF3B5|SF3B5","grey"
"gene-STX11|STX11","blue"
"gene-EPM2A|EPM2A","red"
"gene-FBXO30|FBXO30","grey"
"gene-UTRN|UTRN","brown"
"gene-SHPRH|SHPRH","yellow"
"gene-ADGB|ADGB","cyan"
"gene-LOC140683728|LOC140683728","blue"
"gene-RAB32|RAB32","turquoise"
"gene-STXBP5|STXBP5","turquoise"
"gene-SASH1|SASH1","purple"
"gene-LOC140683729|LOC140683729","blue"
"gene-UST|UST","lightgreen"
"gene-TAB2|TAB2","pink"
"gene-ZC3H12D|ZC3H12D","purple"
"gene-PPIL4|PPIL4","grey"
"gene-LOC115494372|LOC115494372","blue"
"gene-EXO1|EXO1","purple"
"gene-LOC115494373|LOC115494373","midnightblue"
"gene-OPN3|OPN3","blue"
"gene-RGS7|RGS7","pink"
"gene-PIGM|PIGM","darkred"
"gene-FMN2|FMN2","brown"
"gene-GREM2|GREM2","turquoise"
"gene-CHRM3|CHRM3","grey60"
"gene-RYR2|RYR2","darkolivegreen"
"gene-ACTN2|ACTN2","darkolivegreen"
"gene-MTR|MTR","red"
"gene-HEATR1|HEATR1","grey"
"gene-LGALS8|LGALS8","turquoise"
"gene-EDARADD|EDARADD","purple"
"gene-GPR137B|GPR137B","blue"
"gene-ERO1B|ERO1B","turquoise"
"gene-NID1|NID1","brown4"
"gene-GNG4|GNG4","grey"
"gene-LYST|LYST","yellow"
"gene-B3GALNT2|B3GALNT2","turquoise"
"gene-TBCE|TBCE","pink"
"gene-GGPS1|GGPS1","grey"
"gene-ARID4B|ARID4B","purple"
"gene-RBM34|RBM34","magenta"
"gene-TOMM20|TOMM20","brown"
"gene-LOC140683739|LOC140683739","red"
"gene-LOC140683737|LOC140683737","black"
"gene-IRF2BP2|IRF2BP2","lightcyan"
"gene-SLC35F3|SLC35F3","midnightblue"
"gene-TARBP1|TARBP1","black"
"gene-COA6|COA6","magenta"
"gene-KCNK1|KCNK1","brown"
"gene-LOC140683741|LOC140683741","salmon"
"gene-LOC140683740|LOC140683740","black"
"gene-MAP3K21|MAP3K21","pink"
"gene-PCNX2|PCNX2","black"
"gene-NTPCR|NTPCR","pink"
"gene-MAP10|MAP10","black"
"gene-SIPA1L2|SIPA1L2","green"
"gene-LOC116808105|LOC116808105","darkred"
"gene-DISC1|DISC1","yellow"
"gene-LOC115494383|LOC115494383","grey"
"gene-LOC140683743|LOC140683743","lightpink4"
"gene-TSNAX|TSNAX","lightsteelblue1"
"gene-LOC140683526|LOC140683526","darkseagreen4"
"gene-EGLN1|EGLN1","turquoise"
"gene-SPRTN|SPRTN","red"
"gene-EXOC8|EXOC8","turquoise"
"gene-RHOU|RHOU","turquoise"
"gene-RAB4A|RAB4A","turquoise"
"gene-CCSAP|CCSAP","turquoise"
"gene-ACTA1|ACTA1","plum2"
"gene-NUP133|NUP133","violet"
"gene-ABCB10|ABCB10","pink"
"gene-TAF5L|TAF5L","turquoise"
"gene-URB2|URB2","brown"
"gene-GALNT2|GALNT2","turquoise"
"gene-PGBD5|PGBD5","lightyellow"
"gene-C3H1orf198|C3H1orf198","turquoise"
"gene-COG2|COG2","navajowhite2"
"gene-AGT|AGT","turquoise"
"gene-TTC13|TTC13","black"
"gene-ARV1|ARV1","cyan"
"gene-FAM89A|FAM89A","cyan"
"gene-FAM120B|FAM120B","red"
"gene-DLL1|DLL1","orangered4"
"gene-TRIM67|TRIM67","pink"
"gene-GNPAT|GNPAT","turquoise"
"gene-PDCD2|PDCD2","midnightblue"
"gene-TBP|TBP","skyblue"
"gene-PSMB1|PSMB1","magenta"
"gene-WDR27|WDR27","darkslateblue"
"gene-ERMARD|ERMARD","grey60"
"gene-DYNLT2|DYNLT2","royalblue"
"gene-PHF10|PHF10","red"
"gene-C3H6orf120|C3H6orf120","brown"
"gene-THBS2|THBS2","red"
"gene-SMOC2|SMOC2","lightpink4"
"gene-DACT2|DACT2","pink"
"gene-LOC100232745|LOC100232745","greenyellow"
"gene-LOC140683527|LOC140683527","pink"
"gene-FRMD1|FRMD1","blue"
"gene-KIF25|KIF25","yellow"
"gene-UNC93A|UNC93A","lightyellow"
"gene-CCR6|CCR6","black"
"gene-AFDN|AFDN","pink"
"gene-CEP43|CEP43","brown"
"gene-RNASET2|RNASET2","lightcyan"
"gene-RPS6KA2|RPS6KA2","brown"
"gene-MPC1|MPC1","brown"
"gene-SFT2D1|SFT2D1","skyblue3"
"gene-PRR18|PRR18","blue"
"gene-PDE10A|PDE10A","salmon"
"gene-LOC115494396|LOC115494396","paleturquoise"
"gene-AGPAT4|AGPAT4","darkmagenta"
"gene-QKI|QKI","salmon"
"gene-PACRG|PACRG","grey"
"gene-PRKN|PRKN","brown"
"gene-LOC140683515|LOC140683515","steelblue"
"gene-LOC140683516|LOC140683516","black"
"gene-LOC140683519|LOC140683519","yellow"
"gene-LOC140683746|LOC140683746","grey"
"gene-MAP3K4|MAP3K4","royalblue"
"gene-LOC140683588|LOC140683588","cyan"
"gene-LOC105760628|LOC105760628","tan"
"gene-SCCPDH|SCCPDH","pink"
"gene-LOC100231213|LOC100231213","darkmagenta"
"gene-LOC100230263|LOC100230263","yellow"
"gene-MEMO1|MEMO1","sienna3"
"gene-LOC100190436|LOC100190436","magenta"
"gene-LOC116808052|LOC116808052","yellow"
"gene-SPAST|SPAST","pink"
"gene-SLC30A6|SLC30A6","skyblue3"
"gene-QPCT|QPCT","maroon"
"gene-PRKD3|PRKD3","grey"
"gene-NDUFAF7|NDUFAF7","brown"
"gene-CEBPZ|CEBPZ","pink"
"gene-SULT6B1|SULT6B1","black"
"gene-CRIM1|CRIM1","green"
"gene-LOC140683752|LOC140683752","blue"
"gene-FEZ2|FEZ2","violet"
"gene-LOC100231164|LOC100231164","red"
"gene-VIT|VIT","plum2"
"gene-STRN|STRN","turquoise"
"gene-NANP|NANP","turquoise"
"gene-HEATR5B|HEATR5B","turquoise"
"gene-GPATCH11|GPATCH11","brown"
"gene-EIF2AK2|EIF2AK2","purple"
"gene-CYP1B1|CYP1B1","royalblue"
"gene-RMDN2|RMDN2","greenyellow"
"gene-CDC42EP3|CDC42EP3","brown"
"gene-LOC115494412|LOC115494412","pink"
"gene-YIPF4|YIPF4","brown"
"gene-BIRC6|BIRC6","lightsteelblue1"
"gene-LOC105759092|LOC105759092","yellow"
"gene-TTC27|TTC27","brown"
"gene-LTBP1|LTBP1","grey"
"gene-RASGRP3|RASGRP3","darkorange"
"gene-LOC115494415|LOC115494415","green"
"gene-FAM98A|FAM98A","turquoise"
"gene-ZNF318|ZNF318","grey"
"gene-ABCC10|ABCC10","violet"
"gene-TJAP1|TJAP1","red"
"gene-LRRC73|LRRC73","skyblue"
"gene-GTPBP2|GTPBP2","pink"
"gene-YIPF3|YIPF3","turquoise"
"gene-POLR1C|POLR1C","paleturquoise"
"gene-XPO5|XPO5","yellow"
"gene-POLH|POLH","darkred"
"gene-MAD2L1BP|MAD2L1BP","grey"
"gene-LOC100227392|LOC100227392","red"
"gene-LOC100228354|LOC100228354","midnightblue"
"gene-CNST|CNST","maroon"
"gene-TFB2M|TFB2M","greenyellow"
"gene-SMYD3|SMYD3","brown"
"gene-KIF26B|KIF26B","grey"
"gene-EFCAB2|EFCAB2","grey60"
"gene-LOC115494423|LOC115494423","grey"
"gene-HNRNPU|HNRNPU","darkmagenta"
"gene-COX20|COX20","greenyellow"
"gene-DESI2|DESI2","brown"
"gene-ADSS2|ADSS2","purple"
"gene-ZBTB18|ZBTB18","red"
"gene-RSPH9|RSPH9","blue"
"gene-PLD5|PLD5","royalblue"
"gene-LOC121469756|LOC121469756","lightpink4"
"gene-AKT3|AKT3","darkmagenta"
"gene-SDCCAG8|SDCCAG8","darkred"
"gene-CEP170|CEP170","tan"
"gene-LOC140683528|LOC140683528","antiquewhite4"
"gene-MRPS18A|MRPS18A","blue"
"gene-LOC140683756|LOC140683756","purple"
"gene-LOC140683755|LOC140683755","purple"
"gene-LOC140683757|LOC140683757","purple"
"gene-VEGFA|VEGFA","salmon"
"gene-TMEM63B|TMEM63B","pink"
"gene-MRPL14|MRPL14","greenyellow"
"gene-CAPN11|CAPN11","paleturquoise"
"gene-SLC29A1|SLC29A1","brown"
"gene-LOC105759083|LOC105759083","green"
"gene-HSP90AB1|HSP90AB1","darkorange2"
"gene-SLC35B2|SLC35B2","saddlebrown"
"gene-NFKBIE|NFKBIE","pink"
"gene-TMEM151B|TMEM151B","pink"
"gene-TCTE1|TCTE1","plum1"
"gene-AARS2|AARS2","turquoise"
"gene-RNF8|RNF8","brown"
"gene-CMTR1|CMTR1","purple"
"gene-CCDC167|CCDC167","turquoise"
"gene-MDGA1|MDGA1","turquoise"
"gene-LOC140683758|LOC140683758","grey"
"gene-ZFAND3|ZFAND3","turquoise"
"gene-DNAH8|DNAH8","skyblue3"
"gene-BTBD9|BTBD9","turquoise"
"gene-GLO1|GLO1","skyblue3"
"gene-GLP1R|GLP1R","darkmagenta"
"gene-SAYSD1|SAYSD1","magenta"
"gene-KCNK5|KCNK5","pink"
"gene-LOC140683761|LOC140683761","yellow"
"gene-KCNK17|KCNK17","darkolivegreen"
"gene-KCNK16|KCNK16","darkred"
"gene-RIN2|RIN2","blue"
"gene-LOC140683759|LOC140683759","white"
"gene-LOC140683760|LOC140683760","skyblue3"
"gene-SLC24A3|SLC24A3","red"
"gene-CRNKL1|CRNKL1","yellow"
"gene-CFAP61|CFAP61","darkorange"
"gene-RALGAPA2|RALGAPA2","yellow"
"gene-LOC140683763|LOC140683763","purple"
"gene-KIZ|KIZ","black"
"gene-XRN2|XRN2","blue"
"gene-LOC140683764|LOC140683764","salmon"
"gene-SSTR4|SSTR4","darkred"
"gene-LOC140683765|LOC140683765","blue"
"gene-FOXA2|FOXA2","salmon"
"gene-THBD|THBD","darkgrey"
"gene-CD93|CD93","darkgrey"
"gene-LOC100231535|LOC100231535","skyblue"
"gene-FBLN7|FBLN7","blue"
"gene-LOC115494443|LOC115494443","yellow"
"gene-GZF1|GZF1","turquoise"
"gene-NAPB|NAPB","red"
"gene-ZC3H6|ZC3H6","yellow"
"gene-MERTK|MERTK","green"
"gene-ANAPC1|ANAPC1","lightgreen"
"gene-BCL2L11|BCL2L11","darkturquoise"
"gene-LOC140683767|LOC140683767","green"
"gene-BUB1|BUB1","black"
"gene-MTLN|MTLN","black"
"gene-NPHP1|NPHP1","yellow"
"gene-GPR75|GPR75","lightgreen"
"gene-MALL|MALL","brown"
"gene-ASB3|ASB3","mediumpurple3"
"gene-CHAC2|CHAC2","brown"
"gene-ERLEC1|ERLEC1","midnightblue"
"gene-PSME4|PSME4","turquoise"
"gene-LOC121469768|LOC121469768","honeydew1"
"gene-ACYP2|ACYP2","greenyellow"
"gene-SPTBN1|SPTBN1","brown4"
"gene-EML6|EML6","greenyellow"
"gene-RTN4|RTN4","brown"
"gene-RPS27A|RPS27A","magenta"
"gene-MTIF2|MTIF2","brown"
"gene-CCDC88A|CCDC88A","purple"
"gene-LOC100230549|LOC100230549","brown"
"gene-CFAP36|CFAP36","black"
"gene-PPP4R3B|PPP4R3B","turquoise"
"gene-PNPT1|PNPT1","turquoise"
"gene-EFEMP1|EFEMP1","brown"
"gene-CCDC85A|CCDC85A","blue"
"gene-MIR216B|MIR216B","darkred"
"gene-VRK2|VRK2","purple"
"gene-FANCL|FANCL","salmon"
"gene-BCL11A|BCL11A","tan"
"gene-LOC121469604|LOC121469604","grey"
"gene-PAPOLG|PAPOLG","darkorange2"
"gene-PUS10|PUS10","yellow"
"gene-REL|REL","blue"
"gene-PEX13|PEX13","pink"
"gene-SANBR|SANBR","lightyellow"
"gene-LOC115494460|LOC115494460","black"
"gene-LOC100225817|LOC100225817","grey"
"gene-LOC121469771|LOC121469771","yellow"
"gene-AHSA2P|AHSA2P","blue"
"gene-USP34|USP34","darkturquoise"
"gene-LOC101233698|LOC101233698","black"
"gene-XPO1|XPO1","salmon"
"gene-LRRN4|LRRN4","plum1"
"gene-FAM161A|FAM161A","darkmagenta"
"gene-LOC121469772|LOC121469772","blue"
"gene-CCT4|CCT4","turquoise"
"gene-FERMT1|FERMT1","green"
"gene-PLCB1|PLCB1","cyan"
"gene-LAMP5|LAMP5","black"
"gene-PLCB4|PLCB4","steelblue"
"gene-BMP2|BMP2","lightcyan"
"gene-LOC116808070|LOC116808070","grey60"
"gene-LOC115494463|LOC115494463","pink"
"gene-HAO1|HAO1","lightpink4"
"gene-TMX4|TMX4","turquoise"
"gene-PAK5|PAK5","green"
"gene-LOC100228630|LOC100228630","darkolivegreen"
"gene-SNAP25|SNAP25","orange"
"gene-SLX4IP|SLX4IP","grey"
"gene-MKKS|MKKS","turquoise"
"gene-LOC140683777|LOC140683777","brown"
"gene-LOC140683776|LOC140683776","turquoise"
"gene-JAG1|JAG1","red"
"gene-LOC140683778|LOC140683778","salmon"
"gene-LOC121469775|LOC121469775","blue"
"gene-LOC140683529|LOC140683529","salmon"
"gene-APMAP|APMAP","salmon"
"gene-CST7|CST7","white"
"gene-FSHR|FSHR","maroon"
"gene-NRXN1|NRXN1","grey"
"gene-MGME1|MGME1","grey60"
"gene-DZANK1|DZANK1","green"
"gene-LOC100190483|LOC100190483","magenta"
"gene-DSTN|DSTN","pink"
"gene-RRBP1|RRBP1","midnightblue"
"gene-SNX5|SNX5","purple"
"gene-OVOL2|OVOL2","darkorange2"
"gene-PET117|PET117","pink"
"gene-KAT14|KAT14","red"
"gene-BIRC5|BIRC5","green"
"gene-POLR3F|POLR3F","red"
"gene-SEC23B|SEC23B","skyblue"
"gene-SMIM26|SMIM26","magenta"
"gene-DTD1|DTD1","pink"
"gene-STON1|STON1","darkturquoise"
"gene-PPP1R21|PPP1R21","brown"
"gene-FOXN2|FOXN2","red"
"gene-LOC121469778|LOC121469778","red"
"gene-FBXO11|FBXO11","brown"
"gene-MSH6|MSH6","pink"
"gene-KCNK12|KCNK12","green"
"gene-MSH2|MSH2","red"
"gene-EPCAM|EPCAM","saddlebrown"
"gene-TRMT61B|TRMT61B","black"
"gene-WDR43|WDR43","turquoise"
"gene-CLIP4|CLIP4","cyan"
"gene-ALK|ALK","salmon"
"gene-YPEL5|YPEL5","salmon"
"gene-LBH|LBH","blue"
"gene-LCLAT1|LCLAT1","turquoise"
"gene-LOC115494484|LOC115494484","turquoise"
"gene-LOC115494483|LOC115494483","cyan"
"gene-ACSS1|ACSS1","cyan"
"gene-TTBK1|TTBK1","lightyellow"
"gene-LOC121469779|LOC121469779","black"
"gene-TTL|TTL","turquoise"
"gene-POLR1B|POLR1B","turquoise"
"gene-PTCRA|PTCRA","purple"
"gene-CNPY3|CNPY3","saddlebrown"
"gene-GNMT|GNMT","greenyellow"
"gene-VSX1|VSX1","grey"
"gene-PEX6|PEX6","cyan"
"gene-LOC140683787|LOC140683787","magenta"
"gene-ENTPD6|ENTPD6","red"
"gene-PYGB|PYGB","pink"
"gene-ABHD12|ABHD12","turquoise"
"gene-LOC100226843|LOC100226843","pink"
"gene-PPP2R5D|PPP2R5D","turquoise"
"gene-MEA1|MEA1","magenta"
"gene-KLHDC3|KLHDC3","turquoise"
"gene-LOC105759064|LOC105759064","grey"
"gene-LOC140683788|LOC140683788","darkorange2"
"gene-RRP36|RRP36","greenyellow"
"gene-LOC100220079|LOC100220079","yellow"
"gene-PTK7|PTK7","grey"
"gene-KLC4|KLC4","pink"
"gene-LOC100222956|LOC100222956","yellow"
"gene-MRPL2|MRPL2","black"
"gene-LOC100221933|LOC100221933","grey"
"gene-SRF|SRF","turquoise"
"gene-CAPN13|CAPN13","red"
"gene-CUL9|CUL9","yellow"
"gene-GALNT14|GALNT14","yellow"
"gene-CAPN14|CAPN14","yellow"
"gene-EHD3|EHD3","darkgrey"
"gene-LOC140683790|LOC140683790","orangered4"
"gene-XDH|XDH","skyblue"
"gene-LOC140683791|LOC140683791","midnightblue"
"gene-LOC115494488|LOC115494488","salmon"
"gene-CDC42BPA|CDC42BPA","lightgreen"
"gene-COQ8A|COQ8A","skyblue"
"gene-PSEN2|PSEN2","turquoise"
"gene-ITPKB|ITPKB","midnightblue"
"gene-STUM|STUM","cyan"
"gene-PARP1|PARP1","turquoise"
"gene-LOC115494490|LOC115494490","blue"
"gene-LIN9|LIN9","skyblue"
"gene-ACBD3|ACBD3","midnightblue"
"gene-LOC140683792|LOC140683792","red"
"gene-H3-3A|H3-3A","magenta"
"gene-SDE2|SDE2","greenyellow"
"gene-TMEM63A|TMEM63A","midnightblue"
"gene-EPHX1|EPHX1","cyan"
"gene-SRP9|SRP9","turquoise"
"gene-LOC115494498|LOC115494498","yellow"
"gene-ENAH|ENAH","turquoise"
"gene-CNIH3|CNIH3","salmon"
"gene-LBR|LBR","saddlebrown"
"gene-LOC115494499|LOC115494499","ivory"
"gene-WDR26|WDR26","brown"
"gene-CNIH4|CNIH4","magenta"
"gene-NVL|NVL","grey60"
"gene-DEGS1|DEGS1","sienna3"
"gene-FBXO28|FBXO28","turquoise"
"gene-TP53BP2|TP53BP2","turquoise"
"gene-LOC115494500|LOC115494500","darkturquoise"
"gene-LOC115494502|LOC115494502","greenyellow"
"gene-CRIPT|CRIPT","skyblue3"
"gene-PIGF|PIGF","thistle2"
"gene-RHOQ|RHOQ","cyan"
"gene-LOC116808080|LOC116808080","skyblue"
"gene-PRKCE|PRKCE","yellow"
"gene-SRBD1|SRBD1","brown"
"gene-LOC115494505|LOC115494505","darkgreen"
"gene-LOC115494503|LOC115494503","blue"
"gene-EPAS1|EPAS1","purple"
"gene-LOC140683795|LOC140683795","grey"
"gene-LOC140683797|LOC140683797","cyan"
"gene-LOC140683798|LOC140683798","salmon"
"gene-CAMKMT|CAMKMT","darkgreen"
"gene-PREPL|PREPL","yellow"
"gene-SLC3A1|SLC3A1","blue"
"gene-PPM1B|PPM1B","midnightblue"
"gene-LRPPRC|LRPPRC","turquoise"
"gene-PLEKHH2|PLEKHH2","yellow"
"gene-ABCG8|ABCG8","red"
"gene-ABCG5|ABCG5","saddlebrown"
"gene-DYNC2LI1|DYNC2LI1","purple"
"gene-LOC140683799|LOC140683799","salmon"
"gene-LOC121469792|LOC121469792","salmon"
"gene-LOC115494509|LOC115494509","green"
"gene-THADA|THADA","blue"
"gene-ZFP36L2|ZFP36L2","blue"
"gene-HAAO|HAAO","red"
"gene-MTA3|MTA3","cyan"
"gene-KCNG3|KCNG3","green"
"gene-COX7A2L|COX7A2L","magenta"
"gene-EML4|EML4","turquoise"
"gene-PKDCC|PKDCC","darkred"
"gene-LOC121469793|LOC121469793","grey60"
"gene-BICRAL|BICRAL","darkorange"
"gene-TBCC|TBCC","turquoise"
"gene-UBR2|UBR2","pink"
"gene-TRERF1|TRERF1","pink"
"gene-MRPS10|MRPS10","black"
"gene-UTP25|UTP25","thistle2"
"gene-SERTAD4|SERTAD4","red"
"gene-HHAT|HHAT","royalblue"
"gene-KCNH1|KCNH1","black"
"gene-LOC140683804|LOC140683804","royalblue"
"gene-LOC115494516|LOC115494516","yellow"
"gene-RCOR3|RCOR3","yellow"
"gene-TRAF5|TRAF5","tan"
"gene-LOC100221905|LOC100221905","cyan"
"gene-RD3|RD3","red"
"gene-LOC115494518|LOC115494518","mediumpurple3"
"gene-LOC115494519|LOC115494519","cyan"
"gene-NEK2|NEK2","green"
"gene-SLC30A1|SLC30A1","turquoise"
"gene-LPGAT1|LPGAT1","skyblue"
"gene-INTS7|INTS7","black"
"gene-DTL|DTL","thistle2"
"gene-PPP2R5A|PPP2R5A","saddlebrown"
"gene-PACC1|PACC1","brown"
"gene-NENF|NENF","midnightblue"
"gene-ATF3|ATF3","turquoise"
"gene-BATF3|BATF3","green"
"gene-NSL1|NSL1","turquoise"
"gene-TATDN3|TATDN3","floralwhite"
"gene-FLVCR1|FLVCR1","red"
"gene-VASH2|VASH2","darkslateblue"
"gene-ANGEL2|ANGEL2","greenyellow"
"gene-RPS6KC1|RPS6KC1","cyan"
"gene-PROX1|PROX1","blue"
"gene-SMYD2|SMYD2","grey"
"gene-PTPN14|PTPN14","orangered4"
"gene-CENPF|CENPF","green"
"gene-USH2A|USH2A","turquoise"
"gene-KCTD3|KCTD3","turquoise"
"gene-ESRRG|ESRRG","brown"
"gene-LOC116808118|LOC116808118","purple"
"gene-LOC140683806|LOC140683806","saddlebrown"
"gene-LOC115494523|LOC115494523","black"
"gene-SPATA17|SPATA17","royalblue"
"gene-GPATCH2|GPATCH2","brown"
"gene-RRP15|RRP15","brown"
"gene-TGFB2|TGFB2","maroon"
"gene-LYPLAL1|LYPLAL1","greenyellow"
"gene-LOC100227698|LOC100227698","black"
"gene-LOC121469797|LOC121469797","palevioletred3"
"gene-EPRS1|EPRS1","turquoise"
"gene-RAB3GAP2|RAB3GAP2","pink"
"gene-BPNT1|BPNT1","brown"
"gene-IARS2|IARS2","pink"
"gene-LOC121469799|LOC121469799","tan"
"gene-MARK1|MARK1","brown"
"gene-C3H1orf115|C3H1orf115","red"
"gene-LOC100232595|LOC100232595","brown"
"gene-HLX|HLX","grey"
"gene-DUSP10|DUSP10","blue"
"gene-TAF1A|TAF1A","blue"
"gene-DISP1|DISP1","darkturquoise"
"gene-MIA3|MIA3","salmon"
"gene-AIDA|AIDA","pink"
"gene-BROX|BROX","darkmagenta"
"gene-TLR5|TLR5","grey"
"gene-LOC115494530|LOC115494530","blue"
"gene-SUSD4|SUSD4","mediumpurple3"
"gene-CAPN8|CAPN8","lightsteelblue1"
"gene-LOC115494584|LOC115494584","lightsteelblue1"
"gene-SOCS5|SOCS5","brown"
"gene-MCFD2|MCFD2","brown"
"gene-TTC7A|TTC7A","pink"
"gene-LOC140683815|LOC140683815","turquoise"
"gene-CALM2|CALM2","turquoise"
"gene-PPP1CB|PPP1CB","brown"
"gene-PLB1|PLB1","yellow"
"gene-FOSL2|FOSL2","midnightblue"
"gene-BABAM2|BABAM2","bisque4"
"gene-RBKS|RBKS","lightpink4"
"gene-MRPL33|MRPL33","grey"
"gene-LOC100218075|LOC100218075","turquoise"
"gene-SLC4A1AP|SLC4A1AP","thistle2"
"gene-SUPT7L|SUPT7L","grey"
"gene-LOC140683819|LOC140683819","lightyellow"
"gene-MOCS1|MOCS1","turquoise"
"gene-DAAM2|DAAM2","blue"
"gene-BTBD3|BTBD3","grey"
"gene-ISM1|ISM1","green"
"gene-TASP1|TASP1","red"
"gene-ESF1|ESF1","pink"
"gene-NDUFAF5|NDUFAF5","greenyellow"
"gene-MACROD2|MACROD2","brown"
"gene-FLRT3|FLRT3","greenyellow"
"gene-KIF16B|KIF16B","cyan"
"gene-OTOR|OTOR","royalblue"
"gene-LOC115494543|LOC115494543","grey"
"gene-SNRPB2|SNRPB2","darkturquoise"
"gene-PCSK2|PCSK2","plum2"
"gene-APLF|APLF","black"
"gene-FBXO48|FBXO48","darkred"
"gene-PLEK|PLEK","green"
"gene-CNRIP1|CNRIP1","magenta"
"gene-PPP3R1|PPP3R1","turquoise"
"gene-PNO1|PNO1","brown"
"gene-DNAAF10|DNAAF10","red"
"gene-C1D|C1D","skyblue3"
"gene-ETAA1|ETAA1","red"
"gene-LOC115494545|LOC115494545","lightcyan"
"gene-MEIS1|MEIS1","darkorange"
"gene-LOC115494547|LOC115494547","black"
"gene-LOC105759055|LOC105759055","lightcyan1"
"gene-SPRED2|SPRED2","tan"
"gene-ACTR2|ACTR2","grey"
"gene-LOC116808098|LOC116808098","purple"
"gene-CEP68|CEP68","blue"
"gene-SLC1A4|SLC1A4","blue"
"gene-LOC115494556|LOC115494556","royalblue"
"gene-RAB1A|RAB1A","brown"
"gene-SERTAD2|SERTAD2","blue"
"gene-AFTPH|AFTPH","turquoise"
"gene-LOC115494557|LOC115494557","blue"
"gene-LOC140683825|LOC140683825","yellow"
"gene-LGALSL|LGALSL","red"
"gene-PELI1|PELI1","green"
"gene-LOC140683826|LOC140683826","grey"
"gene-VPS54|VPS54","darkorange"
"gene-UGP2|UGP2","turquoise"
"gene-WDPCP|WDPCP","brown"
"gene-MDH1|MDH1","brown"
"gene-LOC140683828|LOC140683828","black"
"gene-EHBP1|EHBP1","turquoise"
"gene-LOC121469591|LOC121469591","brown"
"gene-LOC140683829|LOC140683829","darkturquoise"
"gene-TMEM17|TMEM17","blue"
"gene-LOC105759051|LOC105759051","royalblue"
"gene-B3GNT2|B3GNT2","grey"
"gene-COMMD1|COMMD1","magenta"
"gene-LOC140683831|LOC140683831","floralwhite"
"gene-CRLS1|CRLS1","blue"
"gene-MCM8|MCM8","black"
"gene-TRMT6|TRMT6","palevioletred3"
"gene-CHGB|CHGB","ivory"
"gene-SHLD1|SHLD1","blue"
"gene-LOC140683827|LOC140683827","grey"
"gene-GPCPD1|GPCPD1","grey"
"gene-MAL|MAL","blue"
"gene-MRPS5|MRPS5","pink"
"gene-SLC8A1|SLC8A1","green"
"gene-LOC140683832|LOC140683832","blue"
"gene-LOC121469813|LOC121469813","magenta"
"gene-GINS1|GINS1","magenta"
"gene-LOC140683833|LOC140683833","yellow"
"gene-LOC105759048|LOC105759048","yellow"
"gene-EIF4A3|EIF4A3","saddlebrown"
"gene-ATL2|ATL2","brown"
"gene-LOC140683834|LOC140683834","salmon"
"gene-HNRNPLL|HNRNPLL","tan"
"gene-LOC115494559|LOC115494559","lightyellow"
"gene-GALM|GALM","blue"
"gene-SRSF7|SRSF7","black"
"gene-GEMIN6|GEMIN6","grey"
"gene-ARHGEF33|ARHGEF33","grey"
"gene-LOC100222291|LOC100222291","yellow"
"gene-DHX57|DHX57","blue"
"gene-SOS1|SOS1","red"
"gene-LOC105759056|LOC105759056","darkorange"
"gene-MAP4K3|MAP4K3","brown"
"gene-LOC140680265|LOC140680265","lightyellow"
"gene-LOC140683835|LOC140683835","grey60"
"gene-LOC140683840|LOC140683840","grey60"
"gene-LOC140683837|LOC140683837","grey60"
"gene-LOC140683838|LOC140683838","grey60"
"gene-LOC140683836|LOC140683836","grey60"
"gene-LOC140683841|LOC140683841","grey60"
"gene-LOC140683839|LOC140683839","grey60"
"gene-LOC140683842|LOC140683842","grey60"
"gene-LOC140683843|LOC140683843","grey60"
"gene-LOC140683845|LOC140683845","grey60"
"gene-LOC140683844|LOC140683844","grey60"
"gene-LOC140683846|LOC140683846","grey60"
"gene-LOC140683847|LOC140683847","grey60"
"gene-LOC140683848|LOC140683848","grey60"
"gene-LOC140683531|LOC140683531","lightyellow"
"gene-LOC140683881|LOC140683881","brown4"
"gene-LOC115494833|LOC115494833","pink"
"gene-ATRN|ATRN","turquoise"
"gene-LOC121469833|LOC121469833","midnightblue"
"gene-ADAM33|ADAM33","green"
"gene-ALMS1|ALMS1","red"
"gene-FBXO41|FBXO41","lightcyan"
"gene-CCT7|CCT7","turquoise"
"gene-PRADC1|PRADC1","magenta"
"gene-SMYD5|SMYD5","mediumpurple3"
"gene-RAB11FIP5|RAB11FIP5","turquoise"
"gene-LOC115494782|LOC115494782","darkgrey"
"gene-SFXN5|SFXN5","lightgreen"
"gene-SPR|SPR","brown"
"gene-LOC115494837|LOC115494837","red"
"gene-LOC121469838|LOC121469838","blue"
"gene-DYSF|DYSF","darkgrey"
"gene-EXOC6B|EXOC6B","pink"
"gene-CYP26B1|CYP26B1","blue"
"gene-VAX2|VAX2","lightcyan"
"gene-ADISSP|ADISSP","grey"
"gene-HSPA12B|HSPA12B","grey"
"gene-SIGLEC1|SIGLEC1","midnightblue"
"gene-LOC115494810|LOC115494810","green"
"gene-TEX261|TEX261","turquoise"
"gene-NAGK|NAGK","black"
"gene-PAIP2B|PAIP2B","skyblue"
"gene-CPXM1|CPXM1","lightcyan1"
"gene-ZNF638|ZNF638","yellow"
"gene-NAT8|NAT8","cyan"
"gene-VPS16|VPS16","steelblue"
"gene-IDH3B|IDH3B","grey"
"gene-NOP56|NOP56","turquoise"
"gene-DCTN1|DCTN1","pink"
"gene-LOC115494850|LOC115494850","steelblue"
"gene-LOC115494811|LOC115494811","navajowhite2"
"gene-WDR54|WDR54","darkred"
"gene-LOC115494853|LOC115494853","salmon"
"gene-RTKN|RTKN","yellow"
"gene-LOC115494852|LOC115494852","orangered4"
"gene-INO80B|INO80B","tan"
"gene-WBP1|WBP1","black"
"gene-MOGS|MOGS","turquoise"
"gene-CCDC142|CCDC142","black"
"gene-TTC31|TTC31","red"
"gene-PCGF1|PCGF1","floralwhite"
"gene-LOC115494797|LOC115494797","darkolivegreen"
"gene-DQX1|DQX1","red"
"gene-LOC100227341|LOC100227341","darkslateblue"
"gene-LOC115494793|LOC115494793","grey"
"gene-AUP1|AUP1","brown"
"gene-HTRA2|HTRA2","magenta"
"gene-LOXL3|LOXL3","violet"
"gene-LOC100217691|LOC100217691","saddlebrown"
"gene-DOK1|DOK1","green"
"gene-M1AP|M1AP","darkred"
"gene-DNAAF9|DNAAF9","yellow"
"gene-SLC4A11|SLC4A11","yellow"
"gene-LOC115494861|LOC115494861","thistle1"
"gene-DDRGK1|DDRGK1","turquoise"
"gene-LZTS3|LZTS3","blue"
"gene-UBOX5|UBOX5","red"
"gene-FASTKD5|FASTKD5","turquoise"
"gene-MRPS26|MRPS26","darkred"
"gene-PTPRA|PTPRA","turquoise"
"gene-PANK2|PANK2","grey"
"gene-MAVS|MAVS","skyblue"
"gene-RNF24|RNF24","blue"
"gene-SMOX|SMOX","grey"
"gene-ADRA1D|ADRA1D","pink"
"gene-CTNNA2|CTNNA2","plum1"
"gene-SUCLG1|SUCLG1","brown"
"gene-LOC121469852|LOC121469852","grey"
"gene-RPIA|RPIA","cyan"
"gene-LOC115494816|LOC115494816","grey"
"gene-EIF2AK3|EIF2AK3","midnightblue"
"gene-LOC116808201|LOC116808201","grey"
"gene-FOXI3|FOXI3","darkorange2"
"gene-THNSL2|THNSL2","darkred"
"gene-SMYD1|SMYD1","royalblue"
"gene-FABP1|FABP1","brown"
"gene-LOC115494875|LOC115494875","salmon"
"gene-CD8B|CD8B","tan"
"gene-CD8A|CD8A","tan"
"gene-RMND5A|RMND5A","saddlebrown"
"gene-REEP1|REEP1","pink"
"gene-LOC100190340|LOC100190340","lightgreen"
"gene-KDM3A|KDM3A","grey60"
"gene-MRPL35|MRPL35","magenta"
"gene-ST3GAL5|ST3GAL5","tan"
"gene-IMMT|IMMT","brown"
"gene-PTCD3|PTCD3","pink"
"gene-LOC115495186|LOC115495186","red"
"gene-POLR1A|POLR1A","turquoise"
"gene-ATOH8|ATOH8","blue"
"gene-FGFRL1|FGFRL1","midnightblue"
"gene-CTBP1|CTBP1","yellowgreen"
"gene-LOC115494886|LOC115494886","yellow"
"gene-MAEA|MAEA","magenta"
"gene-UVSSA|UVSSA","turquoise"
"gene-FAM53A|FAM53A","orange"
"gene-LOC100227664|LOC100227664","green"
"gene-LOC105759233|LOC105759233","yellow"
"gene-TMEM129|TMEM129","ivory"
"gene-TACC3|TACC3","tan"
"gene-FGFR3|FGFR3","lightgreen"
"gene-LOC101233650|LOC101233650","green"
"gene-NSD2|NSD2","pink"
"gene-LETM1|LETM1","brown"
"gene-NELFA|NELFA","grey60"
"gene-LOC101233722|LOC101233722","royalblue"
"gene-NAT8L|NAT8L","red"
"gene-HAUS3|HAUS3","black"
"gene-POLN|POLN","white"
"gene-MXD4|MXD4","red"
"gene-ZFYVE28|ZFYVE28","antiquewhite4"
"gene-LOC121469861|LOC121469861","pink"
"gene-CFAP99|CFAP99","black"
"gene-LOC115494908|LOC115494908","grey"
"gene-RNF4|RNF4","greenyellow"
"gene-FAM193A|FAM193A","purple"
"gene-TNIP2|TNIP2","blue"
"gene-MFSD10|MFSD10","green"
"gene-SH3BP2|SH3BP2","skyblue3"
"gene-ADD1|ADD1","darkmagenta"
"gene-NOP14|NOP14","brown"
"gene-GRK4|GRK4","darkmagenta"
"gene-HTT|HTT","yellow"
"gene-RGS12|RGS12","red"
"gene-LOC100229516|LOC100229516","green"
"gene-DOK7|DOK7","lightcyan"
"gene-HGFAC|HGFAC","turquoise"
"gene-LOC140683901|LOC140683901","red"
"gene-LRPAP1|LRPAP1","turquoise"
"gene-LOC115494911|LOC115494911","purple"
"gene-ADRA2C|ADRA2C","blue"
"gene-LOC140683902|LOC140683902","darkolivegreen"
"gene-ACOX3|ACOX3","red"
"gene-TRMT44|TRMT44","red"
"gene-HTRA3|HTRA3","grey"
"gene-ABLIM2|ABLIM2","saddlebrown"
"gene-AFAP1|AFAP1","yellowgreen"
"gene-SORCS2|SORCS2","lightgreen"
"gene-GRPEL1|GRPEL1","brown"
"gene-TADA2B|TADA2B","skyblue"
"gene-TBC1D14|TBC1D14","lightgreen"
"gene-KIAA0232|KIAA0232","pink"
"gene-LOC115494818|LOC115494818","blue"
"gene-LOC115494917|LOC115494917","green"
"gene-S100P|S100P","blue"
"gene-MAN2B2|MAN2B2","maroon"
"gene-PPP2R2C|PPP2R2C","blue"
"gene-WFS1|WFS1","turquoise"
"gene-CRMP1|CRMP1","orange"
"gene-JAKMIP1|JAKMIP1","lightcyan"
"gene-C4H4orf50|C4H4orf50","paleturquoise"
"gene-EVC|EVC","darkmagenta"
"gene-EVC2|EVC2","darkmagenta"
"gene-NSG1|NSG1","blue"
"gene-STX18|STX18","black"
"gene-LYAR|LYAR","brown"
"gene-ZBTB49|ZBTB49","brown"
"gene-TMEM128|TMEM128","brown"
"gene-OTOP1|OTOP1","blue"
"gene-DRD5|DRD5","steelblue"
"gene-SLC2A9|SLC2A9","pink"
"gene-WDR1|WDR1","turquoise"
"gene-ZNF518B|ZNF518B","brown"
"gene-CLNK|CLNK","royalblue"
"gene-HS3ST1|HS3ST1","magenta"
"gene-RAB28|RAB28","saddlebrown"
"gene-NKX3-2|NKX3-2","orange"
"gene-BOD1L1|BOD1L1","royalblue"
"gene-LOC115494929|LOC115494929","mediumpurple3"
"gene-CPEB2|CPEB2","yellow"
"gene-C1QTNF7|C1QTNF7","skyblue3"
"gene-CC2D2A|CC2D2A","brown"
"gene-FBXL5|FBXL5","midnightblue"
"gene-BST1|BST1","blue"
"gene-CD38|CD38","pink"
"gene-FGFBP1|FGFBP1","blue"
"gene-PROM1|PROM1","orange"
"gene-TAPT1|TAPT1","brown"
"gene-LOC115494933|LOC115494933","magenta"
"gene-LDB2|LDB2","greenyellow"
"gene-LOC140683913|LOC140683913","blue"
"gene-LOC115494937|LOC115494937","darkgreen"
"gene-QDPR|QDPR","greenyellow"
"gene-CLRN2|CLRN2","blue"
"gene-FAM184B|FAM184B","lightpink4"
"gene-LAP3|LAP3","skyblue3"
"gene-MED28|MED28","magenta"
"gene-NCAPG|NCAPG","green"
"gene-LCORL|LCORL","yellowgreen"
"gene-PACRGL|PACRGL","yellow"
"gene-SLIT2|SLIT2","grey"
"gene-KCNIP4|KCNIP4","royalblue"
"gene-ADGRA3|ADGRA3","orangered4"
"gene-PPARGC1A|PPARGC1A","grey"
"gene-DHX15|DHX15","turquoise"
"gene-SOD3|SOD3","green"
"gene-LGI2|LGI2","turquoise"
"gene-CCDC149|CCDC149","red"
"gene-SEPSECS|SEPSECS","red"
"gene-PI4K2B|PI4K2B","turquoise"
"gene-ZCCHC4|ZCCHC4","yellow"
"gene-ANAPC4|ANAPC4","red"
"gene-SLC34A2|SLC34A2","red"
"gene-SEL1L3|SEL1L3","darkmagenta"
"gene-SMIM20|SMIM20","magenta"
"gene-RBPJ|RBPJ","salmon"
"gene-TBC1D19|TBC1D19","darkorange"
"gene-STIM2|STIM2","blue"
"gene-LOC140683917|LOC140683917","blue"
"gene-PCDH7|PCDH7","turquoise"
"gene-ARAP2|ARAP2","green"
"gene-RELL1|RELL1","grey"
"gene-NWD2|NWD2","orange"
"gene-PGCKA1|PGCKA1","antiquewhite4"
"gene-PGM2|PGM2","brown"
"gene-TBC1D1|TBC1D1","lightcyan"
"gene-LOC140683923|LOC140683923","brown4"
"gene-KLF3|KLF3","blue"
"gene-LOC100226645|LOC100226645","green"
"gene-LOC100232395|LOC100232395","cyan"
"gene-FAM114A1|FAM114A1","brown"
"gene-TMEM156|TMEM156","tan"
"gene-WDR19|WDR19","royalblue"
"gene-RFC1|RFC1","red"
"gene-KLHL5|KLHL5","turquoise"
"gene-KLB|KLB","orange"
"gene-RPL9|RPL9","magenta"
"gene-LIAS|LIAS","red"
"gene-UGDH|UGDH","pink"
"gene-SMIM14|SMIM14","brown"
"gene-UBE2K|UBE2K","turquoise"
"gene-PDS5A|PDS5A","brown"
"gene-LOC140683924|LOC140683924","red"
"gene-N4BP2|N4BP2","red"
"gene-RHOH|RHOH","red"
"gene-LOC140683880|LOC140683880","royalblue"
"gene-LOC115494951|LOC115494951","royalblue"
"gene-CHRNA9|CHRNA9","brown"
"gene-RBM47|RBM47","blue"
"gene-LOC140683925|LOC140683925","salmon4"
"gene-UCHL1|UCHL1","saddlebrown"
"gene-APBB2|APBB2","darkgrey"
"gene-NSUN7|NSUN7","blue"
"gene-LIMCH1|LIMCH1","brown"
"gene-TMEM33|TMEM33","brown"
"gene-BEND4|BEND4","red"
"gene-SHISA3|SHISA3","cyan"
"gene-SLC30A9|SLC30A9","brown"
"gene-ATP8A1|ATP8A1","darkgrey"
"gene-GUF1|GUF1","yellow"
"gene-GNPDA2|GNPDA2","greenyellow"
"gene-GABRA2|GABRA2","orange"
"gene-GABRA4|GABRA4","orange"
"gene-COMMD8|COMMD8","greenyellow"
"gene-ATP10D|ATP10D","yellow"
"gene-CORIN|CORIN","thistle1"
"gene-NIPAL1|NIPAL1","blue"
"gene-NFXL1|NFXL1","red"
"gene-TEC|TEC","steelblue"
"gene-TXK|TXK","green"
"gene-SLAIN2|SLAIN2","turquoise"
"gene-LOC140683929|LOC140683929","pink"
"gene-FRYL|FRYL","lightsteelblue1"
"gene-LOC115494822|LOC115494822","orangered4"
"gene-OCIAD1|OCIAD1","brown"
"gene-OCIAD2|OCIAD2","magenta"
"gene-SPATA18|SPATA18","black"
"gene-DCUN1D4|DCUN1D4","darkgreen"
"gene-LRRC66|LRRC66","skyblue"
"gene-SGCB|SGCB","saddlebrown"
"gene-LOC121469883|LOC121469883","salmon"
"gene-USP46|USP46","darkmagenta"
"gene-LOC101233028|LOC101233028","grey"
"gene-LOC115495185|LOC115495185","orangered4"
"gene-RASL11B|RASL11B","brown4"
"gene-LNX1|LNX1","red"
"gene-SCFD2|SCFD2","brown"
"gene-FIP1L1|FIP1L1","brown"
"gene-CHIC2|CHIC2","blue"
"gene-PDGFRA|PDGFRA","pink"
"gene-KIT|KIT","darkorange"
"gene-KDR|KDR","tan"
"gene-SRD5A3|SRD5A3","black"
"gene-EXOC1L|EXOC1L","saddlebrown"
"gene-CLOCK|CLOCK","red"
"gene-TMEM165|TMEM165","brown"
"gene-EXOC1|EXOC1","orangered4"
"gene-CEP135|CEP135","green"
"gene-CRACD|CRACD","orange"
"gene-AASDH|AASDH","yellow"
"gene-TRMT9B|TRMT9B","grey"
"gene-LONRF1|LONRF1","blue"
"gene-LOC116808182|LOC116808182","purple"
"gene-LOC140683934|LOC140683934","thistle1"
"gene-DLC1|DLC1","tan"
"gene-TUSC3|TUSC3","darkgrey"
"gene-FGF20|FGF20","yellow"
"gene-PAICS|PAICS","lightgreen"
"gene-PPAT|PPAT","lightgreen"
"gene-MICU3|MICU3","brown"
"gene-ZDHHC2|ZDHHC2","grey"
"gene-VPS37A|VPS37A","brown"
"gene-MTMR7|MTMR7","yellow"
"gene-CNOT7|CNOT7","turquoise"
"gene-SLC7A2|SLC7A2","red"
"gene-PDGFRL|PDGFRL","darkmagenta"
"gene-MTUS1|MTUS1","lightgreen"
"gene-FGL1|FGL1","plum1"
"gene-PCM1|PCM1","palevioletred3"
"gene-LOC115494966|LOC115494966","yellow"
"gene-ASAH1|ASAH1","green"
"gene-FRG1|FRG1","black"
"gene-LOC140683937|LOC140683937","turquoise"
"gene-LOC140683938|LOC140683938","yellow"
"gene-FAT1|FAT1","lightgreen"
"gene-FAM149A|FAM149A","lightgreen"
"gene-CYP4V2|CYP4V2","turquoise"
"gene-LOC100228027|LOC100228027","lightsteelblue1"
"gene-PDLIM3|PDLIM3","green"
"gene-TLR3|TLR3","purple"
"gene-SORBS2|SORBS2","greenyellow"
"gene-LOC140684028|LOC140684028","yellow"
"gene-LOC100227970|LOC100227970","brown"
"gene-ANKRD37|ANKRD37","skyblue3"
"gene-SNX25|SNX25","turquoise"
"gene-CFAP97|CFAP97","saddlebrown"
"gene-SLC25A4|SLC25A4","brown"
"gene-ACSL1|ACSL1","brown"
"gene-CENPU|CENPU","orangered4"
"gene-PRIMPOL|PRIMPOL","yellow"
"gene-CASP3|CASP3","red"
"gene-ENPP6|ENPP6","grey"
"gene-IRF2|IRF2","turquoise"
"gene-STOX2|STOX2","green"
"gene-LOC121469885|LOC121469885","yellow"
"gene-TRAPPC11|TRAPPC11","brown"
"gene-RWDD4|RWDD4","brown"
"gene-ING2|ING2","brown"
"gene-LOC121469886|LOC121469886","grey60"
"gene-CDKN2AIP|CDKN2AIP","grey"
"gene-WWC2|WWC2","brown"
"gene-DCTD|DCTD","darkseagreen4"
"gene-TENM3|TENM3","tan"
"gene-AGA|AGA","grey"
"gene-NEIL3|NEIL3","grey"
"gene-VEGFC|VEGFC","lightgreen"
"gene-GPM6A|GPM6A","greenyellow"
"gene-LOC140683943|LOC140683943","violet"
"gene-ASB5|ASB5","midnightblue"
"gene-WDR17|WDR17","tan"
"gene-SPCS3|SPCS3","magenta"
"gene-HPGD|HPGD","grey"
"gene-CEP44|CEP44","darkgreen"
"gene-FBXO8|FBXO8","thistle2"
"gene-LOC115494981|LOC115494981","steelblue"
"gene-HAND2|HAND2","blue"
"gene-LOC140683946|LOC140683946","blue"
"gene-LOC140683945|LOC140683945","lightcyan"
"gene-SCRG1|SCRG1","magenta"
"gene-SAP30|SAP30","black"
"gene-HMGB2|HMGB2","tan"
"gene-GALNT7|GALNT7","tan"
"gene-AADAT|AADAT","honeydew1"
"gene-LOC121469887|LOC121469887","royalblue"
"gene-MFAP3L|MFAP3L","turquoise"
"gene-SH3RF1|SH3RF1","blue"
"gene-NEK1|NEK1","violet"
"gene-HPF1|HPF1","brown"
"gene-CLCN3|CLCN3","turquoise"
"gene-PALLD|PALLD","maroon"
"gene-CBR4|CBR4","brown"
"gene-LOC101233484|LOC101233484","darkslateblue"
"gene-ANXA10|ANXA10","blue"
"gene-TLL1|TLL1","yellowgreen"
"gene-SPOCK3|SPOCK3","antiquewhite4"
"gene-LOC140683952|LOC140683952","royalblue"
"gene-CPE|CPE","blue"
"gene-TMEM192|TMEM192","darkmagenta"
"gene-APELA|APELA","salmon"
"gene-KLHL2|KLHL2","thistle1"
"gene-MSMO1|MSMO1","midnightblue"
"gene-MARCHF1|MARCHF1","green"
"gene-TMA16|TMA16","black"
"gene-NAF1|NAF1","orangered4"
"gene-LOC115494995|LOC115494995","grey60"
"gene-RAPGEF2|RAPGEF2","cyan"
"gene-FNIP2|FNIP2","brown"
"gene-RXFP1|RXFP1","darkolivegreen"
"gene-PPID|PPID","brown"
"gene-ETFDH|ETFDH","brown"
"gene-C4H4orf46|C4H4orf46","darkolivegreen"
"gene-GASK1B|GASK1B","plum1"
"gene-TMEM144|TMEM144","midnightblue"
"gene-GRIA2|GRIA2","orange"
"gene-PDGFC|PDGFC","paleturquoise"
"gene-LOC115495002|LOC115495002","brown"
"gene-LOC140683963|LOC140683963","green"
"gene-GUCY1B1|GUCY1B1","paleturquoise"
"gene-GUCY1A1|GUCY1A1","darkred"
"gene-MAP9|MAP9","green"
"gene-RBM46|RBM46","maroon"
"gene-CTSO|CTSO","skyblue3"
"gene-TDO2|TDO2","cyan"
"gene-ASIC5|ASIC5","blue"
"gene-LRAT|LRAT","darkgrey"
"gene-LOC101233224|LOC101233224","darkgreen"
"gene-FGG|FGG","midnightblue"
"gene-DCHS2|DCHS2","blue"
"gene-SFRP2|SFRP2","turquoise"
"gene-TLR2|TLR2","purple"
"gene-LOC100219691|LOC100219691","green"
"gene-TMEM131L|TMEM131L","tan"
"gene-TRIM2|TRIM2","turquoise"
"gene-MND1|MND1","magenta"
"gene-FHDC1|FHDC1","bisque4"
"gene-ARFIP1|ARFIP1","red"
"gene-TIGD4|TIGD4","ivory"
"gene-TMEM154|TMEM154","tan"
"gene-FBXW7|FBXW7","lavenderblush3"
"gene-GATB|GATB","thistle2"
"gene-FHIP1A|FHIP1A","turquoise"
"gene-LOC140683970|LOC140683970","brown"
"gene-SH3D19|SH3D19","cyan"
"gene-RPS3A|RPS3A","magenta"
"gene-LOC115495181|LOC115495181","grey"
"gene-FGA|FGA","midnightblue"
"gene-FGB|FGB","midnightblue"
"gene-PLRG1|PLRG1","thistle2"
"gene-PRAG1|PRAG1","green"
"gene-CLDN23|CLDN23","grey"
"gene-LOC105759204|LOC105759204","royalblue"
"gene-LOC115495009|LOC115495009","magenta"
"gene-PPP1R3B|PPP1R3B","brown"
"gene-ERI1|ERI1","tan"
"gene-MFHAS1|MFHAS1","pink"
"gene-TNKS|TNKS","lightgreen"
"gene-DUSP4|DUSP4","green"
"gene-SPMAP2L|SPMAP2L","lightcyan"
"gene-HOPX|HOPX","cyan"
"gene-ARL9|ARL9","red"
"gene-SRP72|SRP72","darkgreen"
"gene-LEPROTL1|LEPROTL1","navajowhite2"
"gene-SARAF|SARAF","midnightblue"
"gene-REST|REST","turquoise"
"gene-EPHA5|EPHA5","yellowgreen"
"gene-CENPC|CENPC","brown"
"gene-LOC140683972|LOC140683972","darkturquoise"
"gene-UBA6|UBA6","brown"
"gene-LOC100223548|LOC100223548","greenyellow"
"gene-YTHDC1|YTHDC1","black"
"gene-LOC100226418|LOC100226418","blue"
"gene-LOC100229245|LOC100229245","black"
"gene-LOC100190592|LOC100190592","orangered4"
"gene-LOC100220601|LOC100220601","paleturquoise"
"gene-AP5S1|AP5S1","yellowgreen"
"gene-SH2D4A|SH2D4A","plum1"
"gene-CSGALNACT1|CSGALNACT1","yellow"
"gene-HGSNAT|HGSNAT","red"
"gene-INTS10|INTS10","brown"
"gene-POMK|POMK","red"
"gene-SMIM19|SMIM19","skyblue3"
"gene-SLC20A2|SLC20A2","red"
"gene-FAM241A|FAM241A","green"
"gene-ENPEP|ENPEP","midnightblue"
"gene-PLA2G12A|PLA2G12A","brown"
"gene-CASP6|CASP6","turquoise"
"gene-MCUB|MCUB","blue"
"gene-SEC24B|SEC24B","turquoise"
"gene-LOC140683976|LOC140683976","brown"
"gene-ELOVL6|ELOVL6","brown"
"gene-LRIT3|LRIT3","thistle1"
"gene-RRH|RRH","violet"
"gene-GAR1|GAR1","saddlebrown"
"gene-CFI|CFI","maroon"
"gene-COL25A1|COL25A1","ivory"
"gene-ETNPPL|ETNPPL","lightgreen"
"gene-OSTC|OSTC","midnightblue"
"gene-LEF1|LEF1","tan"
"gene-RPL34|RPL34","magenta"
"gene-SGMS2|SGMS2","yellowgreen"
"gene-DKK2|DKK2","yellow"
"gene-HADH|HADH","brown"
"gene-CYP2U1|CYP2U1","brown"
"gene-PAPSS1|PAPSS1","honeydew1"
"gene-GIMD1|GIMD1","brown"
"gene-AIMP1|AIMP1","brown"
"gene-TBCK|TBCK","turquoise"
"gene-LOC140683983|LOC140683983","salmon"
"gene-NPNT|NPNT","green"
"gene-GSTCD|GSTCD","cyan"
"gene-INTS12|INTS12","purple"
"gene-ARHGEF38|ARHGEF38","lightyellow"
"gene-PPA2|PPA2","grey"
"gene-TET2|TET2","tan"
"gene-CXXC4|CXXC4","cyan"
"gene-BANK1|BANK1","green"
"gene-PPP3CA|PPP3CA","green"
"gene-CENPE|CENPE","green"
"gene-LOC100222552|LOC100222552","yellow"
"gene-UBE2D3|UBE2D3","magenta"
"gene-LOC100226425|LOC100226425","darkgrey"
"gene-BDH2|BDH2","lightyellow"
"gene-CISD2|CISD2","skyblue3"
"gene-MANBA|MANBA","black"
"gene-NFKB1|NFKB1","purple"
"gene-SLC39A8|SLC39A8","blue"
"gene-EMCN|EMCN","grey"
"gene-H2AZ1|H2AZ1","sienna3"
"gene-DNAJB14|DNAJB14","brown"
"gene-DAPP1|DAPP1","tan"
"gene-LAMTOR3|LAMTOR3","black"
"gene-MTTP|MTTP","brown"
"gene-LOC140683988|LOC140683988","grey"
"gene-TRMT10A|TRMT10A","salmon"
"gene-LOC100218703|LOC100218703","violet"
"gene-LOC100190137|LOC100190137","greenyellow"
"gene-LOC100222320|LOC100222320","grey60"
"gene-METAP1|METAP1","turquoise"
"gene-EIF4E|EIF4E","turquoise"
"gene-LOC140683989|LOC140683989","darkgreen"
"gene-TSPAN5|TSPAN5","turquoise"
"gene-RAP1GDS1|RAP1GDS1","blue"
"gene-LOC140683993|LOC140683993","lightcyan"
"gene-UNC5C|UNC5C","antiquewhite4"
"gene-BMPR1B|BMPR1B","tan"
"gene-LOC100220647|LOC100220647","magenta"
"gene-PDLIM5|PDLIM5","purple"
"gene-HPGDS|HPGDS","grey"
"gene-SMARCAD1|SMARCAD1","turquoise"
"gene-GRID2|GRID2","midnightblue"
"gene-MMRN1|MMRN1","cyan"
"gene-SNCA|SNCA","orange"
"gene-CCSER1|CCSER1","cyan"
"gene-GPRIN3|GPRIN3","green"
"gene-HERC3|HERC3","yellow"
"gene-FAM13A|FAM13A","brown"
"gene-LOC100228372|LOC100228372","blue"
"gene-LOC101233514|LOC101233514","purple"
"gene-PYURF|PYURF","grey"
"gene-PIGY|PIGY","greenyellow"
"gene-IGFBP7|IGFBP7","maroon"
"gene-POLR2B|POLR2B","turquoise"
"gene-NOA1|NOA1","turquoise"
"gene-ADGRL3|ADGRL3","royalblue"
"gene-LOC115493508|LOC115493508","brown"
"gene-RASGEF1B|RASGEF1B","blue"
"gene-HNRNPD|HNRNPD","yellow"
"gene-SCD5|SCD5","turquoise"
"gene-TMEM150C|TMEM150C","cyan"
"gene-HNRNPDL|HNRNPDL","black"
"gene-ENOPH1|ENOPH1","midnightblue"
"gene-ARHGAP24|ARHGAP24","turquoise"
"gene-THAP9|THAP9","yellow"
"gene-SEC31A|SEC31A","orangered4"
"gene-LIN54|LIN54","black"
"gene-COPS4|COPS4","turquoise"
"gene-MAPK10|MAPK10","honeydew1"
"gene-PTPN13|PTPN13","tan"
"gene-AFF1|AFF1","darkmagenta"
"gene-HHIP|HHIP","brown4"
"gene-SMAD1|SMAD1","skyblue"
"gene-LOC140683996|LOC140683996","skyblue"
"gene-MMAA|MMAA","darkred"
"gene-OTUD4|OTUD4","salmon"
"gene-ANAPC10|ANAPC10","darkgreen"
"gene-ABCE1|ABCE1","sienna3"
"gene-LOC115495057|LOC115495057","lavenderblush3"
"gene-ZNF827|ZNF827","grey"
"gene-LSM6|LSM6","lightcyan1"
"gene-SLC10A7|SLC10A7","saddlebrown"
"gene-LOC100230182|LOC100230182","blue"
"gene-REELD1|REELD1","greenyellow"
"gene-TTC29|TTC29","darkturquoise"
"gene-EDNRA|EDNRA","saddlebrown"
"gene-TMEM184C|TMEM184C","turquoise"
"gene-PRMT9|PRMT9","coral1"
"gene-ARHGAP10|ARHGAP10","grey"
"gene-NR3C2|NR3C2","midnightblue"
"gene-LOC115495058|LOC115495058","black"
"gene-DCLK2|DCLK2","thistle1"
"gene-LRBA|LRBA","turquoise"
"gene-MAB21L2|MAB21L2","pink"
"gene-LOC140683998|LOC140683998","purple"
"gene-PPM1K|PPM1K","salmon"
"gene-WDFY3|WDFY3","blue"
"gene-NOCT|NOCT","lightgreen"
"gene-ELF2|ELF2","turquoise"
"gene-MGARP|MGARP","royalblue"
"gene-NDUFC1|NDUFC1","greenyellow"
"gene-NAA15|NAA15","brown"
"gene-RAB33B|RAB33B","turquoise"
"gene-LOC115495061|LOC115495061","grey"
"gene-SETD7|SETD7","thistle2"
"gene-SMARCA5|SMARCA5","brown"
"gene-GAB1|GAB1","pink"
"gene-LOC140684000|LOC140684000","darkmagenta"
"gene-LOC116808210|LOC116808210","lightcyan1"
"gene-LOC140683999|LOC140683999","green"
"gene-USP38|USP38","brown"
"gene-INPP4B|INPP4B","grey60"
"gene-LOC140684001|LOC140684001","magenta"
"gene-IL15|IL15","skyblue3"
"gene-ZNF330|ZNF330","red"
"gene-RNF150|RNF150","royalblue"
"gene-TBC1D9|TBC1D9","violet"
"gene-MGAT4D|MGAT4D","yellow"
"gene-ELMOD2|ELMOD2","brown"
"gene-CLGN|CLGN","cyan"
"gene-SCOC|SCOC","turquoise"
"gene-LOC121469917|LOC121469917","yellow"
"gene-CDS1|CDS1","brown"
"gene-LOC105760489|LOC105760489","grey"
"gene-MAML3|MAML3","ivory"
"gene-KLHL8|KLHL8","grey"
"gene-SPARCL1|SPARCL1","black"
"gene-ABRAXAS1|ABRAXAS1","black"
"gene-LOC100220060|LOC100220060","royalblue"
"gene-LOC100229546|LOC100229546","plum2"
"gene-LOC101232972|LOC101232972","turquoise"
"gene-NUDT9|NUDT9","salmon"
"gene-SPP1|SPP1","blue"
"gene-PKD2|PKD2","darkmagenta"
"gene-ABCG2|ABCG2","darkslateblue"
"gene-LOC105759190|LOC105759190","purple"
"gene-COQ2|COQ2","steelblue"
"gene-HPSE|HPSE","lightgreen"
"gene-HELQ|HELQ","red"
"gene-MRPS18C|MRPS18C","floralwhite"
"gene-LOC100225801|LOC100225801","brown4"
"gene-FAT4|FAT4","yellow"
"gene-ANKRD50|ANKRD50","lavenderblush3"
"gene-LOC140684005|LOC140684005","purple"
"gene-LARP1B|LARP1B","lightgreen"
"gene-PLK4|PLK4","green"
"gene-INTU|INTU","black"
"gene-SCLT1|SCLT1","darkgrey"
"gene-JADE1|JADE1","grey"
"gene-LOC121469922|LOC121469922","darkred"
"gene-PGRMC2|PGRMC2","red"
"gene-ABHD18|ABHD18","grey"
"gene-MFSD8|MFSD8","red"
"gene-LOC140684007|LOC140684007","blue"
"gene-HSPA4L|HSPA4L","blue"
"gene-LOC115494806|LOC115494806","lightyellow"
"gene-SPRY1|SPRY1","blue"
"gene-AFG2A|AFG2A","lightgreen"
"gene-NUDT6|NUDT6","lightyellow"
"gene-FGF2|FGF2","lightcyan"
"gene-BBS12|BBS12","yellow"
"gene-LOC100226754|LOC100226754","cyan"
"gene-LOC115495075|LOC115495075","tan"
"gene-TRPC3|TRPC3","darkolivegreen"
"gene-BBS7|BBS7","salmon"
"gene-BLTP1|BLTP1","lightcyan"
"gene-ADAD1|ADAD1","lightcyan1"
"gene-CCNA2|CCNA2","green"
"gene-EXOSC9|EXOSC9","black"
"gene-QRFPR|QRFPR","darkorange"
"gene-ANXA5|ANXA5","blue"
"gene-TNIP3|TNIP3","purple"
"gene-NDNF|NDNF","green"
"gene-PRDM5|PRDM5","yellow"
"gene-LOC115495079|LOC115495079","paleturquoise"
"gene-LOC100229648|LOC100229648","violet"
"gene-LOC140684009|LOC140684009","yellow"
"gene-PDE5A|PDE5A","cyan"
"gene-USP53|USP53","red"
"gene-MYOZ2|MYOZ2","darkolivegreen"
"gene-LOC140684011|LOC140684011","pink"
"gene-METTL14|METTL14","blue"
"gene-MAD2L1|MAD2L1","blue"
"gene-RPL7L1|RPL7L1","brown"
"gene-LOC101233937|LOC101233937","blue"
"gene-LOC115495082|LOC115495082","grey60"
"gene-SYNPO2|SYNPO2","antiquewhite4"
"gene-SEC24D|SEC24D","brown"
"gene-PRSS12|PRSS12","blue"
"gene-LOC115495184|LOC115495184","steelblue"
"gene-UGT8|UGT8","darkgreen"
"gene-ARSJ|ARSJ","lavenderblush3"
"gene-CAMK2D|CAMK2D","green"
"gene-ANK2|ANK2","brown4"
"gene-LARP7|LARP7","blue"
"gene-ZGRF1|ZGRF1","yellow"
"gene-ALPK1|ALPK1","midnightblue"
"gene-TIFA|TIFA","blue"
"gene-AP1AR|AP1AR","turquoise"
"gene-PARM1|PARM1","magenta"
"gene-BTC|BTC","darkslateblue"
"gene-CDKL2|CDKL2","saddlebrown"
"gene-RCHY1|RCHY1","red"
"gene-GC|GC","blue"
"gene-LOC115495104|LOC115495104","blue"
"gene-LOC140684013|LOC140684013","salmon"
"gene-GTF2E2|GTF2E2","royalblue"
"gene-WRN|WRN","yellow"
"gene-DCTN6|DCTN6","black"
"gene-RBPMS|RBPMS","paleturquoise"
"gene-LOC140684014|LOC140684014","lightpink4"
"gene-PURG|PURG","grey60"
"gene-PPP2CB|PPP2CB","turquoise"
"gene-GSR|GSR","green"
"gene-NPFFR2|NPFFR2","salmon4"
"gene-LOC115495107|LOC115495107","antiquewhite4"
"gene-FRAS1|FRAS1","darkorange2"
"gene-LOC101233771|LOC101233771","white"
"gene-MRPL1|MRPL1","greenyellow"
"gene-LOC140684015|LOC140684015","salmon4"
"gene-CNOT6L|CNOT6L","turquoise"
"gene-CCNG2|CCNG2","pink"
"gene-CCNI|CCNI","greenyellow"
"gene-LOC140684017|LOC140684017","skyblue"
"gene-SEPTIN11|SEPTIN11","red"
"gene-SOWAHB|SOWAHB","yellow"
"gene-SHROOM3|SHROOM3","blue"
"gene-LOC100227202|LOC100227202","darkslateblue"
"gene-STBD1|STBD1","darkgrey"
"gene-SCARB2|SCARB2","pink"
"gene-NUP54|NUP54","brown"
"gene-PPEF2|PPEF2","yellow"
"gene-NAAA|NAAA","white"
"gene-SDAD1|SDAD1","brown"
"gene-JCHAIN|JCHAIN","darkgreen"
"gene-UTP3|UTP3","grey"
"gene-RUFY3|RUFY3","yellow"
"gene-GRSF1|GRSF1","greenyellow"
"gene-DCK|DCK","green"
"gene-MOB1B|MOB1B","pink"
"gene-SLC4A4|SLC4A4","salmon"
"gene-LOC121469956|LOC121469956","grey"
"gene-LOC121469937|LOC121469937","violet"
"gene-LOC140684019|LOC140684019","turquoise"
"gene-LOC121469938|LOC121469938","magenta"
"gene-ADAMTS3|ADAMTS3","floralwhite"
"gene-AREG|AREG","cyan"
"gene-LOC100222345|LOC100222345","blue"
"gene-USO1|USO1","brown"
"gene-LOC100224318|LOC100224318","yellow"
"gene-LOC140684020|LOC140684020","darkturquoise"
"gene-LOC116808100|LOC116808100","black"
"gene-RASSF6|RASSF6","lightgreen"
"gene-BMP3|BMP3","grey"
"gene-LOC121469941|LOC121469941","salmon"
"gene-LOC115495126|LOC115495126","pink"
"gene-ANTXR2|ANTXR2","turquoise"
"gene-BMP2K|BMP2K","blue"
"gene-PAQR3|PAQR3","royalblue"
"gene-LOC115495130|LOC115495130","yellow"
"gene-PCDH18|PCDH18","turquoise"
"gene-PCDH10|PCDH10","lightyellow"
"gene-LOC116806620|LOC116806620","lightyellow"
"gene-LOC140684029|LOC140684029","darkorange2"
"gene-LOC140684138|LOC140684138","yellow"
"gene-CD40LG|CD40LG","black"
"gene-BRS3|BRS3","plum2"
"gene-LOC140684140|LOC140684140","lightcyan"
"gene-VGLL1|VGLL1","black"
"gene-LOC140680260|LOC140680260","yellow"
"gene-HTATSF1|HTATSF1","brown"
"gene-ARHGEF6|ARHGEF6","black"
"gene-RBMX|RBMX","steelblue"
"gene-LOC100225043|LOC100225043","turquoise"
"gene-FGF13|FGF13","blue"
"gene-MCF2|MCF2","green"
"gene-F9|F9","purple"
"gene-NOX1|NOX1","salmon"
"gene-XKRX|XKRX","blue"
"gene-ATP11C|ATP11C","lightyellow"
"gene-CSTF2|CSTF2","yellow"
"gene-TRMT12|TRMT12","floralwhite"
"gene-SYTL4|SYTL4","yellow"
"gene-TSPAN6|TSPAN6","turquoise"
"gene-PCDH19|PCDH19","white"
"gene-LOC140684145|LOC140684145","magenta"
"gene-DIAPH2|DIAPH2","orange"
"gene-PCDH11X|PCDH11X","grey"
"gene-KLHL4|KLHL4","blue"
"gene-DACH2|DACH2","grey"
"gene-CHM|CHM","turquoise"
"gene-POF1B|POF1B","red"
"gene-ZNF711|ZNF711","tan"
"gene-LOC140684149|LOC140684149","magenta"
"gene-APOOL|APOOL","royalblue"
"gene-LOC100218233|LOC100218233","tan"
"gene-HDX|HDX","brown"
"gene-POU3F4|POU3F4","green"
"gene-LOC140684151|LOC140684151","cyan"
"gene-LOC115495212|LOC115495212","salmon"
"gene-RPS6KA6|RPS6KA6","darkorange"
"gene-COX18|COX18","green"
"gene-ANKRD17|ANKRD17","lightyellow"
"gene-LOC115495119|LOC115495119","midnightblue"
"gene-ALB|ALB","midnightblue"
"gene-G3BP2|G3BP2","red"
"gene-LOC100219761|LOC100219761","darkolivegreen"
"gene-SH3BGRL|SH3BGRL","brown"
"gene-HMGN5|HMGN5","darkred"
"gene-LOC140684155|LOC140684155","grey"
"gene-LOC115495215|LOC115495215","brown"
"gene-BRWD3|BRWD3","yellow"
"gene-CHMP1B|CHMP1B","cyan"
"gene-GPR174|GPR174","green"
"gene-LOC100230295|LOC100230295","green"
"gene-P2RY10|P2RY10","green"
"gene-LOC115495219|LOC115495219","bisque4"
"gene-ITM2A|ITM2A","turquoise"
"gene-LPAR4|LPAR4","grey"
"gene-CYSLTR1|CYSLTR1","darkorange2"
"gene-LOC100223640|LOC100223640","midnightblue"
"gene-LOC100226560|LOC100226560","yellow"
"gene-LOC100223684|LOC100223684","yellow"
"gene-EDA|EDA","brown"
"gene-NALF2|NALF2","cyan"
"gene-KIF4A|KIF4A","green"
"gene-ARR3|ARR3","cyan"
"gene-TAF9B|TAF9B","blue"
"gene-LOC140684156|LOC140684156","blue"
"gene-PDZD11|PDZD11","black"
"gene-RAB41|RAB41","yellow"
"gene-LOC100222691|LOC100222691","tan"
"gene-P2RY4|P2RY4","brown"
"gene-LOC100232309|LOC100232309","greenyellow"
"gene-IGBP1|IGBP1","navajowhite2"
"gene-EFNB1|EFNB1","turquoise"
"gene-STARD8|STARD8","blue"
"gene-YIPF6|YIPF6","brown"
"gene-OPHN1|OPHN1","royalblue"
"gene-AR|AR","greenyellow"
"gene-EDA2R|EDA2R","blue"
"gene-LOC100226496|LOC100226496","pink"
"gene-HEPH|HEPH","blue"
"gene-LOC100217839|LOC100217839","black"
"gene-LOC115495221|LOC115495221","green"
"gene-VSIG4|VSIG4","green"
"gene-LOC116808418|LOC116808418","blue"
"gene-LOC115495222|LOC115495222","pink"
"gene-MSN|MSN","green"
"gene-ZC3H12B|ZC3H12B","red"
"gene-ZC4H2|ZC4H2","white"
"gene-LAS1L|LAS1L","purple"
"gene-FHL1|FHL1","darkolivegreen"
"gene-MAP7D3|MAP7D3","red"
"gene-SLC9A6|SLC9A6","red"
"gene-MMGT1|MMGT1","turquoise"
"gene-LOC100220752|LOC100220752","darkorange"
"gene-MOSPD1|MOSPD1","salmon"
"gene-LOC100219814|LOC100219814","orange"
"gene-LOC100227536|LOC100227536","pink"
"gene-LOC115495295|LOC115495295","pink"
"gene-LOC115495223|LOC115495223","brown"
"gene-LOC116808422|LOC116808422","yellow"
"gene-HPRT1|HPRT1","paleturquoise"
"gene-PHF6|PHF6","turquoise"
"gene-LOC140684161|LOC140684161","blue"
"gene-GPC3|GPC3","lightyellow"
"gene-GPC4|GPC4","skyblue"
"gene-HS6ST2|HS6ST2","turquoise"
"gene-LOC140684162|LOC140684162","white"
"gene-MBNL3|MBNL3","grey60"
"gene-RAP2C|RAP2C","turquoise"
"gene-FRMD7|FRMD7","yellow"
"gene-STK26|STK26","brown"
"gene-AGTR2|AGTR2","lightcyan"
"gene-PLS3|PLS3","grey"
"gene-SLC6A14|SLC6A14","ivory"
"gene-KLHL13|KLHL13","cyan"
"gene-WDR44|WDR44","turquoise"
"gene-DOCK11|DOCK11","blue"
"gene-IL1RAPL2|IL1RAPL2","lavenderblush3"
"gene-ESX1|ESX1","turquoise"
"gene-LOC115495232|LOC115495232","yellow"
"gene-RADX|RADX","darkorange"
"gene-LOC116808427|LOC116808427","darkslateblue"
"gene-NRK|NRK","green"
"gene-IL13RA1|IL13RA1","salmon"
"gene-FAM199X|FAM199X","turquoise"
"gene-COMMD5|COMMD5","paleturquoise"
"gene-LONRF3|LONRF3","brown"
"gene-KIAA1210|KIAA1210","yellowgreen"
"gene-LOC115495234|LOC115495234","darkolivegreen"
"gene-LOC105759171|LOC105759171","darkorange"
"gene-PGRMC1|PGRMC1","turquoise"
"gene-SLC25A43|SLC25A43","lightgreen"
"gene-SLC25A5|SLC25A5","magenta"
"gene-LOC140684167|LOC140684167","blue"
"gene-STEEP1|STEEP1","magenta"
"gene-UBE2A|UBE2A","turquoise"
"gene-NKRF|NKRF","sienna3"
"gene-SEPTIN6|SEPTIN6","purple"
"gene-SOWAHD|SOWAHD","red"
"gene-MCTS1|MCTS1","sienna3"
"gene-C1GALT1C1|C1GALT1C1","brown"
"gene-GRIA3|GRIA3","royalblue"
"gene-LOC121469984|LOC121469984","paleturquoise"
"gene-RPL39|RPL39","magenta"
"gene-LOC115495297|LOC115495297","black"
"gene-UPF3B|UPF3B","brown"
"gene-NDUFA1|NDUFA1","magenta"
"gene-AKAP14|AKAP14","purple"
"gene-NKAP|NKAP","grey"
"gene-ZBTB33|ZBTB33","turquoise"
"gene-TMEM255A|TMEM255A","red"
"gene-ATP1B4|ATP1B4","blue"
"gene-LAMP2|LAMP2","turquoise"
"gene-CUL4B|CUL4B","turquoise"
"gene-THOC2|THOC2","black"
"gene-XIAP|XIAP","green"
"gene-STAG2|STAG2","pink"
"gene-SH2D1A|SH2D1A","tan"
"gene-TENM1|TENM1","salmon4"
"gene-SMARCA1|SMARCA1","red"
"gene-GAB3|GAB3","tan"
"gene-LOC100230284|LOC100230284","brown"
"gene-VBP1|VBP1","cyan"
"gene-RAB39B|RAB39B","green"
"gene-LOC100231283|LOC100231283","pink"
"gene-VSIG1|VSIG1","grey"
"gene-LOC140684168|LOC140684168","blue"
"gene-PSMD10|PSMD10","skyblue3"
"gene-ATG4A|ATG4A","saddlebrown"
"gene-COL4A6|COL4A6","red"
"gene-COL4A5|COL4A5","yellow"
"gene-IRS4|IRS4","midnightblue"
"gene-LOC105759170|LOC105759170","blue"
"gene-NXT2|NXT2","navajowhite2"
"gene-ACSL4|ACSL4","green"
"gene-TMEM164|TMEM164","green"
"gene-CHRDL1|CHRDL1","lightcyan"
"gene-AMMECR1|AMMECR1","grey"
"gene-LOC140684170|LOC140684170","lightgreen"
"gene-PAK3|PAK3","white"
"gene-RNF128|RNF128","brown"
"gene-PASD1|PASD1","brown"
"gene-TBC1D8B|TBC1D8B","brown"
"gene-VMA21|VMA21","grey"
"gene-GPR50|GPR50","blue"
"gene-HMGB3|HMGB3","red"
"gene-CD99L2|CD99L2","brown"
"gene-MTMR1|MTMR1","pink"
"gene-MTM1|MTM1","pink"
"gene-MAMLD1|MAMLD1","blue"
"gene-LOC100218829|LOC100218829","lightyellow"
"gene-TMEM185A|TMEM185A","turquoise"
"gene-IDS|IDS","greenyellow"
"gene-AFF2|AFF2","brown"
"gene-SLITRK2|SLITRK2","turquoise"
"gene-FMR1|FMR1","turquoise"
"gene-FMR1NB|FMR1NB","yellow"
"gene-SLITRK4|SLITRK4","purple"
"gene-RPGRIP1L|RPGRIP1L","red"
"gene-RBM11|RBM11","magenta"
"gene-RPS4X|RPS4X","magenta"
"gene-HDAC8|HDAC8","brown"
"gene-PHKA1|PHKA1","royalblue"
"gene-CCNB3|CCNB3","green"
"gene-DGKK|DGKK","tan"
"gene-SHROOM4|SHROOM4","darkturquoise"
"gene-LOC100220740|LOC100220740","tan"
"gene-LOC100229375|LOC100229375","steelblue"
"gene-LOC115495252|LOC115495252","salmon"
"gene-FAAH2|FAAH2","turquoise"
"gene-TSC22D3|TSC22D3","coral1"
"gene-MID2|MID2","brown"
"gene-NHSL2|NHSL2","lavenderblush3"
"gene-PIN4|PIN4","floralwhite"
"gene-LOC105759153|LOC105759153","green"
"gene-ARHGAP36|ARHGAP36","royalblue"
"gene-ERCC6L|ERCC6L","lightgreen"
"gene-OCRL|OCRL","yellow"
"gene-XPNPEP2|XPNPEP2","yellowgreen"
"gene-SASH3|SASH3","green"
"gene-ZDHHC9|ZDHHC9","turquoise"
"gene-UTP14A|UTP14A","turquoise"
"gene-BCORL1|BCORL1","red"
"gene-LOC115495255|LOC115495255","blue"
"gene-AIFM1|AIFM1","greenyellow"
"gene-MARS2|MARS2","brown"
"gene-RAB33A|RAB33A","turquoise"
"gene-RBMX2|RBMX2","salmon4"
"gene-SLC25A14|SLC25A14","black"
"gene-ENOX2|ENOX2","grey"
"gene-LOC115495286|LOC115495286","grey"
"gene-LOC100229350|LOC100229350","greenyellow"
"gene-LOC115495264|LOC115495264","turquoise"
"gene-LOC115495258|LOC115495258","black"
"gene-TMLHE|TMLHE","turquoise"
"gene-SPRY3|SPRY3","darkgrey"
"gene-LOC115495261|LOC115495261","tan"
"gene-LOC140684173|LOC140684173","brown4"
"gene-ZNF185|ZNF185","greenyellow"
"gene-LOC100221701|LOC100221701","magenta"
"gene-LOC100189957|LOC100189957","black"
"gene-VAMP7|VAMP7","turquoise"
"gene-NSDHL|NSDHL","red"
"gene-CETN2|CETN2","black"
"gene-LOC100232337|LOC100232337","grey"
"gene-GLOD5|GLOD5","green"
"gene-LOC100220779|LOC100220779","tan"
"gene-LOC100227542|LOC100227542","blue"
"gene-KLF8|KLF8","plum1"
"gene-LOC100221727|LOC100221727","magenta"
"gene-LOC115495268|LOC115495268","floralwhite"
"gene-LOC115495271|LOC115495271","saddlebrown"
"gene-C4AH8orf48|C4AH8orf48","pink"
"gene-LOC100231272|LOC100231272","royalblue"
"gene-AMER1|AMER1","turquoise"
"gene-ARHGEF9|ARHGEF9","darkgrey"
"gene-LOC100229347|LOC100229347","darkgrey"
"gene-CHIC1|CHIC1","greenyellow"
"gene-LOC100217869|LOC100217869","lightcyan1"
"gene-LOC100230322|LOC100230322","yellow"
"gene-LOC100228496|LOC100228496","turquoise"
"gene-LOC100190002|LOC100190002","brown"
"gene-LOC100221700|LOC100221700","turquoise"
"gene-SLC16A2|SLC16A2","royalblue"
"gene-RLIM|RLIM","turquoise"
"gene-NEXMIF|NEXMIF","lightpink4"
"gene-ABCB7|ABCB7","brown"
"gene-UPRT|UPRT","magenta"
"gene-ZDHHC15|ZDHHC15","pink"
"gene-ATRX|ATRX","turquoise"
"gene-MAGT1|MAGT1","turquoise"
"gene-COX7B|COX7B","greenyellow"
"gene-CAPN6|CAPN6","grey"
"gene-LOC100228420|LOC100228420","bisque4"
"gene-LOC100221324|LOC100221324","grey"
"gene-DCX|DCX","cyan"
"gene-ATP7A|ATP7A","yellow"
"gene-PGK1|PGK1","brown"
"gene-AMOT|AMOT","lavenderblush3"
"gene-LOC105759159|LOC105759159","darkred"
"gene-LOC100144431|LOC100144431","turquoise"
"gene-CNGA2|CNGA2","bisque4"
"gene-LOC100225216|LOC100225216","yellow"
"gene-PRRG3|PRRG3","salmon4"
"gene-CLDN2|CLDN2","grey"
"gene-FRMPD3|FRMPD3","pink"
"gene-RBM41|RBM41","black"
"gene-LOC121470002|LOC121470002","salmon4"
"gene-LOC121469997|LOC121469997","green"
"gene-LOC140684181|LOC140684181","yellow"
"gene-LOC121469998|LOC121469998","tan"
"gene-DNAAF6|DNAAF6","grey60"
"gene-PRPS1|PRPS1","turquoise"
"gene-TMSB15B|TMSB15B","magenta"
"gene-RAB9B|RAB9B","pink"
"gene-LOC100221380|LOC100221380","bisque4"
"gene-PLP1|PLP1","purple"
"gene-LOC121470007|LOC121470007","grey"
"gene-LOC140684183|LOC140684183","grey"
"gene-GLA|GLA","greenyellow"
"gene-RPL36A|RPL36A","floralwhite"
"gene-LOC100225279|LOC100225279","blue"
"gene-LOC105760210|LOC105760210","turquoise"
"gene-BTK|BTK","tan"
"gene-TIMM8A|TIMM8A","brown"
"gene-TAF7L|TAF7L","brown"
"gene-TMEM35A|TMEM35A","midnightblue"
"gene-DRP2|DRP2","magenta"
"gene-CENPI|CENPI","magenta"
"gene-TRMT2B|TRMT2B","yellow"
"gene-LOC101234180|LOC101234180","floralwhite"
"gene-DKC1|DKC1","darkgreen"
"gene-LOC115495293|LOC115495293","grey"
"gene-LOC115495299|LOC115495299","darkturquoise"
"gene-MPP1|MPP1","turquoise"
"gene-F8|F8","darkturquoise"
"gene-FUNDC2|FUNDC2","pink"
"gene-MTCP1|MTCP1","grey60"
"gene-CMC4|CMC4","turquoise"
"gene-BRCC3|BRCC3","black"
"gene-GCNA|GCNA","magenta"
"gene-OGT|OGT","yellow"
"gene-ITGB1BP2|ITGB1BP2","plum2"
"gene-TAF1|TAF1","yellow"
"gene-LOC100226244|LOC100226244","turquoise"
"gene-NLGN3|NLGN3","red"
"gene-NONO|NONO","red"
"gene-ZMYM3|ZMYM3","yellow"
"gene-LOC100222314|LOC100222314","turquoise"
"gene-GJB1|GJB1","turquoise"
"gene-SLC7A3|SLC7A3","green"
"gene-LOC105759174|LOC105759174","blue"
"gene-MED12|MED12","darkmagenta"
"gene-IL2RG|IL2RG","green"
"gene-LOC100220428|LOC100220428","darkmagenta"
"gene-FOXO4|FOXO4","lightgreen"
"gene-SNX12|SNX12","turquoise"
"gene-TEX11|TEX11","black"
"gene-LOC100190722|LOC100190722","turquoise"
"gene-DLG3|DLG3","midnightblue"
"gene-IL13RA2|IL13RA2","magenta"
"gene-LOC115495280|LOC115495280","brown"
"gene-LRCH2|LRCH2","yellow"
"gene-LOC105759175|LOC105759175","red"
"gene-LOC100224235|LOC100224235","black"
"gene-LUZP2|LUZP2","black"
"gene-LOC140684210|LOC140684210","salmon4"
"gene-LOC140684211|LOC140684211","yellow"
"gene-SVIP|SVIP","brown"
"gene-GAS2|GAS2","grey"
"gene-FANCF|FANCF","black"
"gene-LOC121470053|LOC121470053","bisque4"
"gene-LOC121470114|LOC121470114","orangered4"
"gene-ANO5|ANO5","yellow"
"gene-LOC105760050|LOC105760050","tan"
"gene-LOC115495368|LOC115495368","yellow"
"gene-BBOX1|BBOX1","turquoise"
"gene-FIBIN|FIBIN","brown"
"gene-SLC5A12|SLC5A12","green"
"gene-KIF18A|KIF18A","grey"
"gene-LOC100224227|LOC100224227","green"
"gene-LOC140684214|LOC140684214","grey"
"gene-LGR4|LGR4","saddlebrown"
"gene-LIN7C|LIN7C","turquoise"
"gene-METTL15|METTL15","greenyellow"
"gene-LOC140684205|LOC140684205","darkolivegreen"
"gene-LOC121469915|LOC121469915","blue"
"gene-LOC121470037|LOC121470037","yellow"
"gene-LOC121470038|LOC121470038","yellow"
"gene-LOC121469913|LOC121469913","blue"
"gene-ARL14EP|ARL14EP","brown"
"gene-MPPED2|MPPED2","black"
"gene-LOC115495377|LOC115495377","brown4"
"gene-PAX6|PAX6","brown4"
"gene-DNAJC24|DNAJC24","darkgreen"
"gene-IMMP1L|IMMP1L","midnightblue"
"gene-LOC115495379|LOC115495379","darkorange"
"gene-ELP4|ELP4","navajowhite2"
"gene-LOC121470036|LOC121470036","blue"
"gene-LOC121470029|LOC121470029","grey"
"gene-RCN1|RCN1","brown"
"gene-LOC100231973|LOC100231973","darkorange2"
"gene-WT1|WT1","plum1"
"gene-EIF3M|EIF3M","magenta"
"gene-CCDC73|CCDC73","blue"
"gene-QSER1|QSER1","turquoise"
"gene-PRRG4|PRRG4","blue"
"gene-DEPDC7|DEPDC7","maroon"
"gene-TCP11L1|TCP11L1","purple"
"gene-CSTF3|CSTF3","magenta"
"gene-LOC140684224|LOC140684224","salmon"
"gene-HIPK3|HIPK3","plum1"
"gene-KIAA1549L|KIAA1549L","green"
"gene-SPON1|SPON1","skyblue"
"gene-SYT9|SYT9","brown4"
"gene-FAR1|FAR1","tan"
"gene-PPFIBP2|PPFIBP2","grey"
"gene-CYB5R2|CYB5R2","skyblue3"
"gene-LOC140684226|LOC140684226","darkred"
"gene-RASSF10|RASSF10","blue"
"gene-BTBD10|BTBD10","turquoise"
"gene-BMAL1|BMAL1","brown"
"gene-TEAD1|TEAD1","ivory"
"gene-PARVA|PARVA","brown"
"gene-MICAL2|MICAL2","brown"
"gene-DKK3|DKK3","darkgrey"
"gene-GALNT18|GALNT18","lightgreen"
"gene-USP47|USP47","blue"
"gene-LOC140684227|LOC140684227","blue"
"gene-LOC140684230|LOC140684230","blue"
"gene-LOC115495387|LOC115495387","green"
"gene-ZDHHC13|ZDHHC13","purple"
"gene-E2F8|E2F8","blue"
"gene-CSRP3|CSRP3","darkolivegreen"
"gene-LOC140684232|LOC140684232","purple"
"gene-NAV2|NAV2","blue"
"gene-PRMT3|PRMT3","red"
"gene-LOC140684233|LOC140684233","white"
"gene-LOC140684235|LOC140684235","grey60"
"gene-LOC140684234|LOC140684234","lightcyan1"
"gene-LOC140684236|LOC140684236","yellow"
"gene-LOC121470061|LOC121470061","red"
"gene-DHCR7|DHCR7","pink"
"gene-NADSYN1|NADSYN1","grey"
"gene-TPCN2|TPCN2","honeydew1"
"gene-SMIM38|SMIM38","floralwhite"
"gene-LOC140684238|LOC140684238","grey"
"gene-CCND1|CCND1","darkred"
"gene-LTO1|LTO1","brown"
"gene-ANO1|ANO1","salmon"
"gene-FADD|FADD","turquoise"
"gene-PPFIA1|PPFIA1","coral1"
"gene-CTTN|CTTN","lightyellow"
"gene-SHANK2|SHANK2","paleturquoise"
"gene-LOC115495400|LOC115495400","paleturquoise"
"gene-LOC140684239|LOC140684239","floralwhite"
"gene-LOC100218173|LOC100218173","brown"
"gene-LOC115495401|LOC115495401","orangered4"
"gene-FBXO3|FBXO3","brown"
"gene-LMO2|LMO2","black"
"gene-LOC121470096|LOC121470096","magenta"
"gene-CAPRIN1|CAPRIN1","blue"
"gene-NAT10|NAT10","red"
"gene-LOC140684241|LOC140684241","darkorange2"
"gene-ABTB2|ABTB2","magenta"
"gene-LOC100228631|LOC100228631","grey"
"gene-CAT|CAT","red"
"gene-FADS1|FADS1","brown"
"gene-LOC115495659|LOC115495659","tan"
"gene-RAB3IL1|RAB3IL1","blue"
"gene-LOC100222881|LOC100222881","brown"
"gene-BEST1|BEST1","lightcyan1"
"gene-FTH1|FTH1","blue"
"gene-RHOD|RHOD","skyblue3"
"gene-LOC121470097|LOC121470097","bisque4"
"gene-LOC115490544|LOC115490544","tan"
"gene-LOC140680234|LOC140680234","white"
"gene-LOC115495350|LOC115495350","tan"
"gene-LOC140684209|LOC140684209","bisque4"
"gene-LOC115495663|LOC115495663","white"
"gene-LOC140684243|LOC140684243","grey"
"gene-LOC115495661|LOC115495661","magenta"
"gene-SSH3|SSH3","green"
"gene-KDM2A|KDM2A","blue"
"gene-GRK2|GRK2","yellow"
"gene-ANKRD13D|ANKRD13D","grey"
"gene-POLD4|POLD4","navajowhite2"
"gene-CLCF1|CLCF1","blue"
"gene-RAD9A|RAD9A","salmon"
"gene-PPP1CA|PPP1CA","brown"
"gene-RPS6KB2|RPS6KB2","black"
"gene-PTPRCAP|PTPRCAP","green"
"gene-CORO1B|CORO1B","salmon4"
"gene-CABP4|CABP4","floralwhite"
"gene-OSBP|OSBP","midnightblue"
"gene-PATL1|PATL1","mediumpurple3"
"gene-STX3|STX3","grey"
"gene-MRPL16|MRPL16","greenyellow"
"gene-LOC100229557|LOC100229557","royalblue"
"gene-LOC140684245|LOC140684245","cyan"
"gene-CCDC86|CCDC86","greenyellow"
"gene-LOC115495423|LOC115495423","brown"
"gene-ZP1|ZP1","grey"
"gene-PRPF19|PRPF19","turquoise"
"gene-TMEM109|TMEM109","turquoise"
"gene-TMEM132A|TMEM132A","turquoise"
"gene-CD6|CD6","tan"
"gene-CD5|CD5","green"
"gene-LOC115495428|LOC115495428","blue"
"gene-CYB561A3|CYB561A3","plum2"
"gene-TMEM138|TMEM138","green"
"gene-TMEM216|TMEM216","tan"
"gene-CPSF7|CPSF7","black"
"gene-SDHAF2|SDHAF2","floralwhite"
"gene-SYT7|SYT7","blue"
"gene-DAGLA|DAGLA","black"
"gene-VPS37C|VPS37C","blue"
"gene-LOC100231572|LOC100231572","blue"
"gene-VWCE|VWCE","yellow"
"gene-DDB1|DDB1","brown"
"gene-TKFC|TKFC","brown"
"gene-MYRF|MYRF","grey"
"gene-LOC140684246|LOC140684246","red"
"gene-TMEM258|TMEM258","midnightblue"
"gene-FEN1|FEN1","grey"
"gene-LOC115495431|LOC115495431","blue"
"gene-LOC100230622|LOC100230622","blue"
"gene-DEAF1|DEAF1","floralwhite"
"gene-TMEM80|TMEM80","black"
"gene-EPS8L2|EPS8L2","turquoise"
"gene-SYT12|SYT12","maroon"
"gene-PTDSS2|PTDSS2","blue"
"gene-LOC100224843|LOC100224843","yellow"
"gene-SIRT3|SIRT3","brown"
"gene-RIC8A|RIC8A","green"
"gene-TNKS1BP1|TNKS1BP1","brown"
"gene-LOC115495440|LOC115495440","violet"
"gene-SLC43A3|SLC43A3","green"
"gene-LOC115495446|LOC115495446","steelblue"
"gene-CDHR5|CDHR5","lightgreen"
"gene-LOC115495432|LOC115495432","grey"
"gene-RMDN3|RMDN3","grey"
"gene-GCHFR|GCHFR","midnightblue"
"gene-DNAJC17|DNAJC17","darkmagenta"
"gene-C5H15orf62|C5H15orf62","darkorange"
"gene-LOC121468017|LOC121468017","lightcyan"
"gene-LOC115495434|LOC115495434","darkgreen"
"gene-MRPL21|MRPL21","greenyellow"
"gene-IGHMBP2|IGHMBP2","yellow"
"gene-ANO9|ANO9","plum2"
"gene-LOC140684247|LOC140684247","grey"
"gene-SIGIRR|SIGIRR","maroon"
"gene-B4GALNT4|B4GALNT4","white"
"gene-LOC121470066|LOC121470066","purple"
"gene-LOC115495436|LOC115495436","purple"
"gene-LOC115495435|LOC115495435","skyblue"
"gene-PGGHG|PGGHG","paleturquoise"
"gene-LOC115495437|LOC115495437","darkolivegreen"
"gene-PSMD13|PSMD13","sienna3"
"gene-BET1L|BET1L","cyan"
"gene-VPS51|VPS51","red"
"gene-INCENP|INCENP","darkturquoise"
"gene-LOC100232561|LOC100232561","blue"
"gene-LRRC55|LRRC55","palevioletred3"
"gene-APLNR|APLNR","darkorange2"
"gene-P2RX3|P2RX3","yellow"
"gene-SSRP1|SSRP1","pink"
"gene-LOC115495441|LOC115495441","midnightblue"
"gene-TIMM10|TIMM10","greenyellow"
"gene-SMTNL1|SMTNL1","purple"
"gene-UBE2L6|UBE2L6","midnightblue"
"gene-SERPING1|SERPING1","green"
"gene-YPEL4|YPEL4","black"
"gene-CLP1|CLP1","saddlebrown"
"gene-ZDHHC5|ZDHHC5","darkseagreen4"
"gene-MED19|MED19","turquoise"
"gene-TMX2|TMX2","saddlebrown"
"gene-SELENOH|SELENOH","magenta"
"gene-CTNND1|CTNND1","turquoise"
"gene-LPXN|LPXN","tan"
"gene-ZFP91|ZFP91","darkseagreen4"
"gene-CNTF|CNTF","blue"
"gene-DTX4|DTX4","turquoise"
"gene-MPEG1|MPEG1","green"
"gene-LOC105759312|LOC105759312","black"
"gene-DRD4|DRD4","grey"
"gene-PAK6|PAK6","grey"
"gene-BUB1B|BUB1B","green"
"gene-LOC140684249|LOC140684249","blue"
"gene-PLCB2|PLCB2","yellow"
"gene-INAFM2|INAFM2","midnightblue"
"gene-CCDC9B|CCDC9B","darkmagenta"
"gene-DISP2|DISP2","blue"
"gene-KNSTRN|KNSTRN","tan"
"gene-IVD|IVD","turquoise"
"gene-BAHD1|BAHD1","turquoise"
"gene-CHST14|CHST14","turquoise"
"gene-KNL1|KNL1","darkturquoise"
"gene-CCDC32|CCDC32","brown"
"gene-LOC100221958|LOC100221958","grey"
"gene-RPUSD2|RPUSD2","skyblue"
"gene-LOC140684251|LOC140684251","orangered4"
"gene-UNC93B1|UNC93B1","green"
"gene-RAB15|RAB15","red"
"gene-PLEKHG3|PLEKHG3","blue"
"gene-AGBL2|AGBL2","bisque4"
"gene-CABP2|CABP2","grey"
"gene-LOC100223936|LOC100223936","mediumpurple3"
"gene-LOC140684377|LOC140684377","yellow"
"gene-LOC140684378|LOC140684378","yellow"
"gene-LOC140684385|LOC140684385","blue"
"gene-GATD1|GATD1","brown"
"gene-RAD51|RAD51","violet"
"gene-LOC116808525|LOC116808525","orangered4"
"gene-LOC115495451|LOC115495451","mediumpurple3"
"gene-TCIRG1|TCIRG1","black"
"gene-NDUFS8|NDUFS8","greenyellow"
"gene-LOC100219991|LOC100219991","lightcyan1"
"gene-LOC100232483|LOC100232483","yellow"
"gene-MAX|MAX","green"
"gene-FNTB|FNTB","greenyellow"
"gene-GPX2|GPX2","grey"
"gene-CHURC1|CHURC1","sienna3"
"gene-SPTB|SPTB","steelblue"
"gene-NUP160|NUP160","red"
"gene-FNBP4|FNBP4","yellow"
"gene-MTCH2|MTCH2","greenyellow"
"gene-NUDT8|NUDT8","floralwhite"
"gene-NDUFV1|NDUFV1","greenyellow"
"gene-CDK2AP2|CDK2AP2","magenta"
"gene-PITPNM1|PITPNM1","yellow"
"gene-AIP|AIP","greenyellow"
"gene-LOC140684217|LOC140684217","yellow"
"gene-LOC140684220|LOC140684220","yellow"
"gene-LOC116808453|LOC116808453","yellow"
"gene-LOC140684383|LOC140684383","lightcyan1"
"gene-LOC140684382|LOC140684382","green"
"gene-LOC140684384|LOC140684384","grey60"
"gene-LOC140684381|LOC140684381","green"
"gene-LOC140684379|LOC140684379","lightcyan"
"gene-LOC140684222|LOC140684222","yellow"
"gene-LOC115495359|LOC115495359","yellow"
"gene-LOC100227788|LOC100227788","red"
"gene-CEND1|CEND1","tan"
"gene-TALDO1|TALDO1","pink"
"gene-LOC115495679|LOC115495679","darkgreen"
"gene-LOC140684386|LOC140684386","tan"
"gene-LOC115495460|LOC115495460","mediumpurple3"
"gene-LOC140684252|LOC140684252","black"
"gene-EIF4G2|EIF4G2","turquoise"
"gene-LOC115495695|LOC115495695","grey"
"gene-CTR9|CTR9","turquoise"
"gene-IRAG1|IRAG1","grey"
"gene-LYVE1|LYVE1","blue"
"gene-AMPD3|AMPD3","lightcyan"
"gene-RNF141|RNF141","brown"
"gene-ADM|ADM","thistle1"
"gene-SBF2|SBF2","plum1"
"gene-LOC121470121|LOC121470121","yellow"
"gene-SWAP70|SWAP70","darkgrey"
"gene-WEE1|WEE1","red"
"gene-ZNF143|ZNF143","red"
"gene-IPO7|IPO7","turquoise"
"gene-LOC115495360|LOC115495360","grey"
"gene-TMEM41B|TMEM41B","brown"
"gene-DENND5A|DENND5A","turquoise"
"gene-SCUBE2|SCUBE2","brown"
"gene-NRIP3|NRIP3","lightpink4"
"gene-TRIM66|TRIM66","tan"
"gene-LMO1|LMO1","tan"
"gene-C5H11orf16|C5H11orf16","brown"
"gene-DENND2B|DENND2B","midnightblue"
"gene-TMEM9B|TMEM9B","turquoise"
"gene-AKIP1|AKIP1","grey"
"gene-RPL27A|RPL27A","magenta"
"gene-LOC115495697|LOC115495697","grey"
"gene-LOC115495698|LOC115495698","grey"
"gene-RIC3|RIC3","midnightblue"
"gene-TUB|TUB","brown"
"gene-LOC140684256|LOC140684256","skyblue3"
"gene-RRAS2|RRAS2","turquoise"
"gene-COPB1|COPB1","brown"
"gene-LOC100190416|LOC100190416","greenyellow"
"gene-PDE3B|PDE3B","antiquewhite4"
"gene-CYP2R1|CYP2R1","yellow"
"gene-LOC100228652|LOC100228652","blue"
"gene-SOX6|SOX6","yellowgreen"
"gene-C5H11orf58|C5H11orf58","cyan"
"gene-PLEKHA7|PLEKHA7","white"
"gene-LOC140684258|LOC140684258","salmon"
"gene-PIK3C2A|PIK3C2A","turquoise"
"gene-RPS13|RPS13","magenta"
"gene-NUCB2|NUCB2","turquoise"
"gene-KCNJ11|KCNJ11","cyan"
"gene-ABCC8|ABCC8","violet"
"gene-USH1C|USH1C","darkorange2"
"gene-LOC105759308|LOC105759308","darkorange2"
"gene-LOC100224825|LOC100224825","blue"
"gene-TPH1|TPH1","darkolivegreen"
"gene-KCNC1|KCNC1","orange"
"gene-SERGEF|SERGEF","turquoise"
"gene-LOC140684262|LOC140684262","blue"
"gene-SAAL1|SAAL1","blue"
"gene-LOC100226788|LOC100226788","blue"
"gene-HPS5|HPS5","blue"
"gene-GTF2H1|GTF2H1","darkorange"
"gene-LOC115495479|LOC115495479","grey"
"gene-SPTY2D1|SPTY2D1","lightgreen"
"gene-LOC100223914|LOC100223914","brown"
"gene-TSG101|TSG101","brown"
"gene-UEVLD|UEVLD","red"
"gene-LOC140684263|LOC140684263","yellow"
"gene-PTPN5|PTPN5","tan"
"gene-LOC121470057|LOC121470057","salmon"
"gene-TMEM86A|TMEM86A","salmon"
"gene-LOC140684264|LOC140684264","blue"
"gene-PTPRJ|PTPRJ","grey60"
"gene-OSBPL5|OSBPL5","grey"
"gene-LOC100231625|LOC100231625","blue"
"gene-CARS1|CARS1","darkgreen"
"gene-PHLDA2|PHLDA2","blue"
"gene-NAP1L4|NAP1L4","brown"
"gene-LOC115495692|LOC115495692","pink"
"gene-SLC67A1|SLC67A1","darkred"
"gene-CDKN1C|CDKN1C","blue"
"gene-KCNQ1|KCNQ1","blue"
"gene-TSSC4|TSSC4","turquoise"
"gene-TRPM5|TRPM5","skyblue"
"gene-TSPAN32|TSPAN32","purple"
"gene-LOC115495484|LOC115495484","yellow"
"gene-IGF2|IGF2","orange"
"gene-LOC140684267|LOC140684267","red"
"gene-CD81|CD81","lightgreen"
"gene-MRPL23|MRPL23","magenta"
"gene-IFITM10|IFITM10","green"
"gene-DUSP8|DUSP8","coral1"
"gene-MOB2|MOB2","lightgreen"
"gene-BRSK2|BRSK2","tan"
"gene-TNNT3|TNNT3","plum2"
"gene-PRR33|PRR33","red"
"gene-LSP1|LSP1","cyan"
"gene-TNNI2|TNNI2","plum2"
"gene-SYT8|SYT8","grey"
"gene-LOC100229613|LOC100229613","pink"
"gene-CTSD|CTSD","turquoise"
"gene-MUC2|MUC2","plum2"
"gene-MUC6|MUC6","plum2"
"gene-TOLLIP|TOLLIP","turquoise"
"gene-LOC105759305|LOC105759305","grey"
"gene-AP2A2|AP2A2","brown"
"gene-CHID1|CHID1","cyan"
"gene-TSPAN4|TSPAN4","paleturquoise"
"gene-POLR2L|POLR2L","sienna3"
"gene-CD151|CD151","turquoise"
"gene-CRACR2B|CRACR2B","red"
"gene-PNPLA2|PNPLA2","lightgreen"
"gene-RPLP2|RPLP2","magenta"
"gene-LOC115495691|LOC115495691","lightyellow"
"gene-PIDD1|PIDD1","yellow"
"gene-LOC115495488|LOC115495488","blue"
"gene-SLC25A22|SLC25A22","ivory"
"gene-LOC100220042|LOC100220042","yellow"
"gene-LOC140684271|LOC140684271","steelblue"
"gene-IRF7|IRF7","purple"
"gene-PHRF1|PHRF1","orange"
"gene-RASSF7|RASSF7","turquoise"
"gene-LRRC56|LRRC56","blue"
"gene-HRAS|HRAS","turquoise"
"gene-LOC100224883|LOC100224883","tan"
"gene-RNH1|RNH1","brown"
"gene-CHKA|CHKA","blue"
"gene-KMT5B|KMT5B","grey"
"gene-C5H11orf24|C5H11orf24","brown"
"gene-LRP5|LRP5","lightgreen"
"gene-GAL|GAL","blue"
"gene-PPP6R3|PPP6R3","turquoise"
"gene-LOC115495493|LOC115495493","blue"
"gene-CPT1A|CPT1A","brown"
"gene-EHF|EHF","blue"
"gene-APIP|APIP","brown"
"gene-PDHX|PDHX","brown"
"gene-CD44|CD44","green"
"gene-SLC1A2|SLC1A2","orange"
"gene-PAMR1|PAMR1","greenyellow"
"gene-LOC115495495|LOC115495495","pink"
"gene-FJX1|FJX1","plum1"
"gene-LDLRAD3|LDLRAD3","cyan"
"gene-COMMD9|COMMD9","greenyellow"
"gene-PRR5L|PRR5L","green"
"gene-TRAF6|TRAF6","brown"
"gene-IFTAP|IFTAP","magenta"
"gene-LRRC4C|LRRC4C","grey"
"gene-API5|API5","red"
"gene-TTC17|TTC17","maroon"
"gene-LOC105759311|LOC105759311","brown"
"gene-ALKBH3|ALKBH3","darkgreen"
"gene-HSD17B12|HSD17B12","brown"
"gene-C5H11orf96|C5H11orf96","magenta"
"gene-ACCS|ACCS","salmon4"
"gene-EXT2|EXT2","turquoise"
"gene-ALX4|ALX4","antiquewhite4"
"gene-CD82|CD82","pink"
"gene-TSPAN18|TSPAN18","antiquewhite4"
"gene-TP53I11|TP53I11","cyan"
"gene-PRDM11|PRDM11","red"
"gene-SYT13|SYT13","grey"
"gene-LOC100218141|LOC100218141","black"
"gene-FUT8|FUT8","green"
"gene-C1QTNF4|C1QTNF4","antiquewhite4"
"gene-FAM180B|FAM180B","pink"
"gene-CELF1|CELF1","navajowhite2"
"gene-NDUFS3|NDUFS3","brown"
"gene-KBTBD4|KBTBD4","pink"
"gene-PTPMT1|PTPMT1","mediumpurple3"
"gene-RAPSN|RAPSN","grey"
"gene-PSMC3|PSMC3","brown"
"gene-LOC100220107|LOC100220107","midnightblue"
"gene-LOC140684278|LOC140684278","yellow"
"gene-SLC39A13|SLC39A13","turquoise"
"gene-SPI1|SPI1","green"
"gene-MYBPC3|MYBPC3","darkolivegreen"
"gene-MADD|MADD","yellow"
"gene-NR1H3|NR1H3","green"
"gene-ACP2|ACP2","turquoise"
"gene-DDB2|DDB2","green"
"gene-PACSIN3|PACSIN3","tan"
"gene-ARFGAP2|ARFGAP2","pink"
"gene-CSTPP1|CSTPP1","purple"
"gene-LRP4|LRP4","darkmagenta"
"gene-LOC140684364|LOC140684364","blue"
"gene-CKAP5|CKAP5","pink"
"gene-F2|F2","sienna3"
"gene-ARHGAP1|ARHGAP1","pink"
"gene-ATG13|ATG13","turquoise"
"gene-HARBI1|HARBI1","brown"
"gene-CHRM4|CHRM4","turquoise"
"gene-MDK|MDK","grey"
"gene-AMBRA1|AMBRA1","turquoise"
"gene-CREB3L1|CREB3L1","salmon"
"gene-DGKZ|DGKZ","purple"
"gene-PHF21A|PHF21A","darkgrey"
"gene-LARGE2|LARGE2","turquoise"
"gene-PEX16|PEX16","blue"
"gene-FREY1|FREY1","darkgreen"
"gene-MAPK8IP1|MAPK8IP1","turquoise"
"gene-CHST1|CHST1","turquoise"
"gene-CRY2|CRY2","black"
"gene-SLC35C1|SLC35C1","royalblue"
"gene-LOC115495502|LOC115495502","tan"
"gene-LOC100222906|LOC100222906","royalblue"
"gene-LOC140684280|LOC140684280","cyan"
"gene-ZFYVE19|ZFYVE19","greenyellow"
"gene-PPP1R14D|PPP1R14D","magenta"
"gene-SPINT1|SPINT1","darkgrey"
"gene-RHOV|RHOV","pink"
"gene-VPS18|VPS18","pink"
"gene-DLL4|DLL4","black"
"gene-CHAC1|CHAC1","blue"
"gene-INO80|INO80","yellow"
"gene-CHP1|CHP1","turquoise"
"gene-NUSAP1|NUSAP1","green"
"gene-OIP5|OIP5","darkorange2"
"gene-LOC140684281|LOC140684281","turquoise"
"gene-NDUFAF1|NDUFAF1","greenyellow"
"gene-RTF1|RTF1","turquoise"
"gene-LOC100221947|LOC100221947","paleturquoise"
"gene-ITPKA|ITPKA","coral1"
"gene-LTK|LTK","blue"
"gene-RPAP1|RPAP1","orange"
"gene-LOC101234163|LOC101234163","violet"
"gene-TYRO3|TYRO3","turquoise"
"gene-MGA|MGA","blue"
"gene-EHD4|EHD4","salmon"
"gene-MAPKBP1|MAPKBP1","brown"
"gene-LOC100229594|LOC100229594","red"
"gene-JMJD7|JMJD7","purple"
"gene-LOC101233080|LOC101233080","brown"
"gene-PLA2G4F|PLA2G4F","salmon"
"gene-VPS39|VPS39","black"
"gene-CAPN3|CAPN3","blue"
"gene-TMEM87A|TMEM87A","turquoise"
"gene-GANC|GANC","turquoise"
"gene-ZNF106|ZNF106","brown"
"gene-STARD9|STARD9","green"
"gene-SNAP23|SNAP23","turquoise"
"gene-LRRC57|LRRC57","thistle1"
"gene-HAUS2|HAUS2","blue"
"gene-TTBK2|TTBK2","turquoise"
"gene-LOC100222897|LOC100222897","black"
"gene-CDAN1|CDAN1","yellow"
"gene-LOC115495688|LOC115495688","magenta"
"gene-UBR1|UBR1","red"
"gene-TMEM62|TMEM62","brown"
"gene-PTGR2|PTGR2","lightyellow"
"gene-MIDEAS|MIDEAS","pink"
"gene-LOC100220974|LOC100220974","red"
"gene-LOC140684283|LOC140684283","red"
"gene-LOC100224870|LOC100224870","palevioletred3"
"gene-LOC100221946|LOC100221946","yellow"
"gene-NUMB|NUMB","lightpink4"
"gene-PAPLN|PAPLN","lightcyan"
"gene-PSEN1|PSEN1","turquoise"
"gene-RIOX1|RIOX1","saddlebrown"
"gene-LOC115495508|LOC115495508","ivory"
"gene-RBM25|RBM25","yellow"
"gene-LOC115495509|LOC115495509","yellow"
"gene-ZFYVE1|ZFYVE1","turquoise"
"gene-DCAF4|DCAF4","grey"
"gene-DPF3|DPF3","pink"
"gene-RGS6|RGS6","lightcyan"
"gene-SIPA1L1|SIPA1L1","royalblue"
"gene-PCNX1|PCNX1","turquoise"
"gene-MAP3K9|MAP3K9","lightyellow"
"gene-TTC9|TTC9","yellow"
"gene-MED6|MED6","skyblue3"
"gene-LOC100220969|LOC100220969","grey"
"gene-SYNJ2BP|SYNJ2BP","red"
"gene-LOC100221884|LOC100221884","blue"
"gene-COX16|COX16","yellowgreen"
"gene-SLC8A3|SLC8A3","purple"
"gene-SMOC1|SMOC1","turquoise"
"gene-SLC10A1|SLC10A1","blue"
"gene-SRSF5|SRSF5","yellow"
"gene-LOC140684285|LOC140684285","turquoise"
"gene-CCDC177|CCDC177","lightcyan"
"gene-SUSD6|SUSD6","turquoise"
"gene-PLEKHD1|PLEKHD1","grey"
"gene-SLC39A9|SLC39A9","turquoise"
"gene-ERH|ERH","brown"
"gene-GALNT16|GALNT16","grey"
"gene-EXD2|EXD2","black"
"gene-DCAF5|DCAF5","darkmagenta"
"gene-ACTN1|ACTN1","turquoise"
"gene-LOC140684288|LOC140684288","ivory"
"gene-LOC100220017|LOC100220017","black"
"gene-ZFP36L1|ZFP36L1","blue"
"gene-PLEKHH1|PLEKHH1","blue"
"gene-RAD51B|RAD51B","blue"
"gene-LOC115495520|LOC115495520","salmon"
"gene-TMEM229B|TMEM229B","grey"
"gene-LOC140684291|LOC140684291","black"
"gene-LOC115495521|LOC115495521","purple"
"gene-PIGH|PIGH","magenta"
"gene-PLEK2|PLEK2","blue"
"gene-LOC101233692|LOC101233692","blue"
"gene-ZFYVE26|ZFYVE26","green"
"gene-ARG2|ARG2","antiquewhite4"
"gene-VTI1B|VTI1B","blue"
"gene-LOC100226769|LOC100226769","blue"
"gene-BMF|BMF","salmon"
"gene-EIF2S1|EIF2S1","sienna3"
"gene-GPHN|GPHN","turquoise"
"gene-ATP6V1D|ATP6V1D","turquoise"
"gene-PALS1|PALS1","turquoise"
"gene-LOC116808444|LOC116808444","black"
"gene-LOC140684293|LOC140684293","red"
"gene-LOC140684294|LOC140684294","blue"
"gene-FSIP1|FSIP1","cyan"
"gene-SRP14|SRP14","skyblue3"
"gene-EIF2AK4|EIF2AK4","skyblue3"
"gene-THBS1|THBS1","maroon"
"gene-LOC116808484|LOC116808484","blue"
"gene-KATNBL1|KATNBL1","brown"
"gene-EMC7|EMC7","magenta"
"gene-FMN1|FMN1","blue"
"gene-RYR3|RYR3","royalblue"
"gene-AVEN|AVEN","grey"
"gene-GREM1|GREM1","orange"
"gene-SCG5|SCG5","grey"
"gene-ARHGAP11A|ARHGAP11A","yellow"
"gene-RASGRP1|RASGRP1","green"
"gene-FAM98B|FAM98B","salmon"
"gene-SPRED1|SPRED1","coral1"
"gene-LOC115495530|LOC115495530","grey"
"gene-MEIS2|MEIS2","red"
"gene-LOC140684297|LOC140684297","mediumpurple3"
"gene-LOC140684296|LOC140684296","pink"
"gene-CDIN1|CDIN1","turquoise"
"gene-LOC140684298|LOC140684298","darkturquoise"
"gene-DPH6|DPH6","lightyellow"
"gene-LOC115495533|LOC115495533","pink"
"gene-ZNF770|ZNF770","yellow"
"gene-ACTC1|ACTC1","darkolivegreen"
"gene-AQR|AQR","turquoise"
"gene-LOC140684299|LOC140684299","black"
"gene-STXBP6|STXBP6","purple"
"gene-NOVA1|NOVA1","yellow"
"gene-LOC101234101|LOC101234101","black"
"gene-FOXG1|FOXG1","antiquewhite4"
"gene-PRKD1|PRKD1","darkorange"
"gene-G2E3|G2E3","brown"
"gene-SCFD1|SCFD1","thistle2"
"gene-COCH|COCH","grey"
"gene-STRN3|STRN3","turquoise"
"gene-AP4S1|AP4S1","darkred"
"gene-HECTD1|HECTD1","ivory"
"gene-HEATR5A|HEATR5A","grey"
"gene-LOC115495546|LOC115495546","yellow"
"gene-DTD2|DTD2","black"
"gene-NUBPL|NUBPL","greenyellow"
"gene-ARHGAP5|ARHGAP5","turquoise"
"gene-AKAP6|AKAP6","plum1"
"gene-NPAS3|NPAS3","grey"
"gene-EGLN3|EGLN3","orange"
"gene-LOC140684304|LOC140684304","pink"
"gene-SPTSSA|SPTSSA","skyblue3"
"gene-EAPP|EAPP","skyblue3"
"gene-SNX6|SNX6","turquoise"
"gene-CFL2|CFL2","red"
"gene-BAZ1A|BAZ1A","brown"
"gene-LOC100232496|LOC100232496","royalblue"
"gene-LOC100225763|LOC100225763","skyblue3"
"gene-PRORP|PRORP","turquoise"
"gene-PPP2R3C|PPP2R3C","black"
"gene-PSMA6|PSMA6","magenta"
"gene-NFKBIA|NFKBIA","thistle1"
"gene-RALGAPA1|RALGAPA1","yellow"
"gene-LOC140684305|LOC140684305","orange"
"gene-BRMS1L|BRMS1L","brown"
"gene-LOC115495549|LOC115495549","white"
"gene-MBIP|MBIP","cyan"
"gene-PAX9|PAX9","brown"
"gene-SLC25A21|SLC25A21","greenyellow"
"gene-MIPOL1|MIPOL1","honeydew1"
"gene-LOC140684308|LOC140684308","grey60"
"gene-LOC115495551|LOC115495551","magenta"
"gene-FOXA1|FOXA1","orange"
"gene-LOC116808448|LOC116808448","black"
"gene-SSTR1|SSTR1","greenyellow"
"gene-CLEC14A|CLEC14A","saddlebrown"
"gene-SEC23A|SEC23A","brown"
"gene-LOC121470075|LOC121470075","black"
"gene-GEMIN2|GEMIN2","floralwhite"
"gene-TRAPPC6B|TRAPPC6B","skyblue3"
"gene-PNN|PNN","yellow"
"gene-MIA2|MIA2","turquoise"
"gene-FBXO33|FBXO33","red"
"gene-COQ6|COQ6","midnightblue"
"gene-ZNF410|ZNF410","cyan"
"gene-FAM161B|FAM161B","brown4"
"gene-ENTPD5|ENTPD5","lightgreen"
"gene-VRTN|VRTN","pink"
"gene-SYNDIG1L|SYNDIG1L","brown"
"gene-ISCA2|ISCA2","brown"
"gene-ABCD4|ABCD4","yellow"
"gene-ALDH6A1|ALDH6A1","turquoise"
"gene-LIN52|LIN52","lightgreen"
"gene-VSX2|VSX2","grey"
"gene-LOC140684311|LOC140684311","lightcyan1"
"gene-NPC2|NPC2","blue"
"gene-LTBP2|LTBP2","pink"
"gene-AREL1|AREL1","lightgreen"
"gene-FCF1|FCF1","greenyellow"
"gene-YLPM1|YLPM1","red"
"gene-RPS6KL1|RPS6KL1","floralwhite"
"gene-DLST|DLST","brown"
"gene-PGF|PGF","yellow"
"gene-MLH3|MLH3","brown"
"gene-EIF2B2|EIF2B2","grey"
"gene-ACYP1|ACYP1","brown"
"gene-FOS|FOS","thistle1"
"gene-ZC2HC1C|ZC2HC1C","turquoise"
"gene-NEK9|NEK9","turquoise"
"gene-TMED10|TMED10","turquoise"
"gene-JDP2|JDP2","blue"
"gene-BATF|BATF","green"
"gene-FLVCR2|FLVCR2","turquoise"
"gene-ERG28|ERG28","brown"
"gene-TTLL5|TTLL5","honeydew1"
"gene-TGFB3|TGFB3","green"
"gene-IFT43|IFT43","paleturquoise"
"gene-GPATCH2L|GPATCH2L","purple"
"gene-ESRRB|ESRRB","bisque4"
"gene-VASH1|VASH1","green"
"gene-ANGEL1|ANGEL1","red"
"gene-LOC121470115|LOC121470115","skyblue"
"gene-LOC140684314|LOC140684314","yellow"
"gene-IRF2BPL|IRF2BPL","turquoise"
"gene-LOC140684315|LOC140684315","blue"
"gene-LOC140684316|LOC140684316","ivory"
"gene-CIPC|CIPC","grey"
"gene-TMEM63C|TMEM63C","darkolivegreen"
"gene-ISM2|ISM2","blue"
"gene-SPTLC2|SPTLC2","turquoise"
"gene-NGB|NGB","black"
"gene-GSTZ1|GSTZ1","brown"
"gene-POMT2|POMT2","pink"
"gene-LOC100221985|LOC100221985","grey"
"gene-TMED8|TMED8","pink"
"gene-NOXRED1|NOXRED1","blue"
"gene-VIPAS39|VIPAS39","blue"
"gene-AHSA1|AHSA1","blue"
"gene-ALKBH1|ALKBH1","brown"
"gene-SLIRP|SLIRP","magenta"
"gene-SNW1|SNW1","greenyellow"
"gene-ADCK1|ADCK1","yellow"
"gene-NRXN3|NRXN3","darkseagreen4"
"gene-DIO2|DIO2","orange"
"gene-CEP128|CEP128","tan"
"gene-TSHR|TSHR","royalblue"
"gene-GTF2A1|GTF2A1","brown"
"gene-STON2|STON2","orange"
"gene-SEL1L|SEL1L","midnightblue"
"gene-LOC115495574|LOC115495574","yellow"
"gene-FLRT2|FLRT2","darkseagreen4"
"gene-GALC|GALC","tan"
"gene-GPR65|GPR65","tan"
"gene-SPATA7|SPATA7","darkorange"
"gene-PTPN21|PTPN21","purple"
"gene-EML5|EML5","thistle1"
"gene-LOC121470125|LOC121470125","lightyellow"
"gene-ZC3H14|ZC3H14","palevioletred3"
"gene-TTC8|TTC8","royalblue"
"gene-FOXN3|FOXN3","lightgreen"
"gene-TDP1|TDP1","grey"
"gene-KCNK13|KCNK13","green"
"gene-PSMC1|PSMC1","brown"
"gene-NRDE2|NRDE2","pink"
"gene-CALM1|CALM1","turquoise"
"gene-TTC7B|TTC7B","cyan"
"gene-RPS6KA5|RPS6KA5","pink"
"gene-DGLUCY|DGLUCY","darkorange"
"gene-GPR68|GPR68","darkorange"
"gene-CCDC88C|CCDC88C","tan"
"gene-LOC140684327|LOC140684327","ivory"
"gene-LOC140684326|LOC140684326","yellow"
"gene-PPP4R3A|PPP4R3A","sienna3"
"gene-TC2N|TC2N","turquoise"
"gene-FBLN5|FBLN5","salmon"
"gene-TRIP11|TRIP11","grey"
"gene-ATXN3|ATXN3","midnightblue"
"gene-NDUFB1|NDUFB1","floralwhite"
"gene-CPSF2|CPSF2","brown"
"gene-SLC24A4|SLC24A4","blue"
"gene-RIN3|RIN3","green"
"gene-LGMN|LGMN","blue"
"gene-CHGA|CHGA","orange"
"gene-GOLGA5|GOLGA5","skyblue"
"gene-ITPK1|ITPK1","blue"
"gene-LYSET|LYSET","magenta"
"gene-UBR7|UBR7","skyblue"
"gene-BTBD7|BTBD7","turquoise"
"gene-LOC115495591|LOC115495591","blue"
"gene-UNC79|UNC79","darkslateblue"
"gene-PRIMA1|PRIMA1","antiquewhite4"
"gene-ASB2|ASB2","green"
"gene-DDX24|DDX24","greenyellow"
"gene-LOC121470129|LOC121470129","purple"
"gene-SYNE3|SYNE3","green"
"gene-DICER1|DICER1","greenyellow"
"gene-LOC115495649|LOC115495649","lightyellow"
"gene-CLMN|CLMN","grey"
"gene-LOC116808499|LOC116808499","red"
"gene-LOC115495690|LOC115495690","purple"
"gene-GLRX5|GLRX5","brown"
"gene-C5H14orf132|C5H14orf132","grey"
"gene-PPP4R4|PPP4R4","grey"
"gene-LOC100225789|LOC100225789","midnightblue"
"gene-SERPINA10|SERPINA10","midnightblue"
"gene-LOC100228673|LOC100228673","brown"
"gene-LOC100222926|LOC100222926","skyblue"
"gene-LOC140684331|LOC140684331","salmon"
"gene-LOC100220049|LOC100220049","saddlebrown"
"gene-LOC100232544|LOC100232544","turquoise"
"gene-BDKRB1|BDKRB1","darkgreen"
"gene-BDKRB2|BDKRB2","black"
"gene-ATG2B|ATG2B","turquoise"
"gene-GSKIP|GSKIP","turquoise"
"gene-AK7|AK7","ivory"
"gene-PAPOLA|PAPOLA","sienna3"
"gene-LOC121470130|LOC121470130","tan"
"gene-VRK1|VRK1","purple"
"gene-LOC140684335|LOC140684335","yellow"
"gene-BCL11B|BCL11B","tan"
"gene-SETD3|SETD3","brown"
"gene-HHIPL1|HHIPL1","midnightblue"
"gene-CCNK|CCNK","blue"
"gene-CCDC85C|CCDC85C","turquoise"
"gene-CYP46A1|CYP46A1","turquoise"
"gene-LOC100219136|LOC100219136","brown"
"gene-EML1|EML1","tan"
"gene-EVL|EVL","green"
"gene-DEGS2|DEGS2","blue"
"gene-YY1|YY1","turquoise"
"gene-SLC25A29|SLC25A29","ivory"
"gene-SLC25A47|SLC25A47","greenyellow"
"gene-WARS1|WARS1","brown"
"gene-WDR25|WDR25","grey"
"gene-LOC115495650|LOC115495650","midnightblue"
"gene-LOC140684341|LOC140684341","grey"
"gene-PPP2R5C|PPP2R5C","turquoise"
"gene-DLK1|DLK1","darkolivegreen"
"gene-LOC140684342|LOC140684342","darkorange"
"gene-DIO3|DIO3","salmon"
"gene-DYNC1H1|DYNC1H1","lightgreen"
"gene-LOC121470013|LOC121470013","black"
"gene-HSP90AA1|HSP90AA1","blue"
"gene-WDR20|WDR20","grey"
"gene-LOC105759344|LOC105759344","yellow"
"gene-MOK|MOK","red"
"gene-LOC140684343|LOC140684343","lightcyan1"
"gene-CINP|CINP","red"
"gene-TECPR2|TECPR2","brown"
"gene-ZNF839|ZNF839","yellowgreen"
"gene-ANKRD9|ANKRD9","brown"
"gene-LOC140684345|LOC140684345","blue"
"gene-RCOR1|RCOR1","coral1"
"gene-TRAF3|TRAF3","brown"
"gene-AMN|AMN","darkgreen"
"gene-CDC42BPB|CDC42BPB","lightgreen"
"gene-LBHD2|LBHD2","darkgrey"
"gene-EXOC3L4|EXOC3L4","turquoise"
"gene-LOC115495610|LOC115495610","turquoise"
"gene-TNFAIP2|TNFAIP2","lightsteelblue1"
"gene-EIF5|EIF5","blue"
"gene-LOC115495699|LOC115495699","blue"
"gene-MARK3|MARK3","turquoise"
"gene-CKB|CKB","cyan"
"gene-LOC121470015|LOC121470015","darkred"
"gene-TRMT61A|TRMT61A","red"
"gene-BAG5|BAG5","red"
"gene-COA8|COA8","darkred"
"gene-KLC1|KLC1","tan"
"gene-TDRD9|TDRD9","ivory"
"gene-PPP1R13B|PPP1R13B","yellow"
"gene-XRCC3|XRCC3","orange"
"gene-ZFYVE21|ZFYVE21","red"
"gene-ATP5MJ|ATP5MJ","magenta"
"gene-ASPG|ASPG","darkgreen"
"gene-KIF26A|KIF26A","brown"
"gene-C5H14orf180|C5H14orf180","blue"
"gene-TMEM179|TMEM179","lavenderblush3"
"gene-LOC101234217|LOC101234217","grey"
"gene-INF2|INF2","lightgreen"
"gene-ADSS1|ADSS1","bisque4"
"gene-SIVA1|SIVA1","black"
"gene-ZBTB42|ZBTB42","yellow"
"gene-AKT1|AKT1","brown"
"gene-CEP170B|CEP170B","yellow"
"gene-PLD4|PLD4","green"
"gene-CLBA1|CLBA1","magenta"
"gene-AHNAK2|AHNAK2","plum1"
"gene-LOC100230587|LOC100230587","lightcyan1"
"gene-LOC115495615|LOC115495615","brown4"
"gene-CDCA4|CDCA4","black"
"gene-GPR132|GPR132","green"
"gene-JAG2|JAG2","grey"
"gene-NUDT14|NUDT14","brown"
"gene-LOC116808502|LOC116808502","grey"
"gene-LOC140684350|LOC140684350","lightsteelblue1"
"gene-BRF1|BRF1","palevioletred3"
"gene-BTBD6|BTBD6","blue"
"gene-HSPA2|HSPA2","blue"
"gene-ZBTB1|ZBTB1","red"
"gene-ZBTB25|ZBTB25","black"
"gene-AKAP5|AKAP5","ivory"
"gene-ESR2|ESR2","brown"
"gene-SGPP1|SGPP1","lightgreen"
"gene-WDR89|WDR89","darkmagenta"
"gene-SYNE2|SYNE2","yellow"
"gene-LOC115495623|LOC115495623","green"
"gene-PPP2R5E|PPP2R5E","turquoise"
"gene-LOC115495625|LOC115495625","lightyellow"
"gene-RHOJ|RHOJ","turquoise"
"gene-LOC115495621|LOC115495621","grey60"
"gene-MTHFD1|MTHFD1","lightgreen"
"gene-LOC121470069|LOC121470069","black"
"gene-SYT16|SYT16","darkorange2"
"gene-SNAPC1|SNAPC1","black"
"gene-HIF1A|HIF1A","blue"
"gene-PRKCH|PRKCH","green"
"gene-SIX1|SIX1","green"
"gene-SLC38A6|SLC38A6","red"
"gene-TRMT5|TRMT5","thistle2"
"gene-MNAT1|MNAT1","greenyellow"
"gene-SIX4|SIX4","grey"
"gene-PPM1A|PPM1A","turquoise"
"gene-RTN1|RTN1","blue"
"gene-GPR135|GPR135","darkred"
"gene-JKAMP|JKAMP","midnightblue"
"gene-L3HYPDH|L3HYPDH","brown"
"gene-PCNX4|PCNX4","yellow"
"gene-DHRS7|DHRS7","lightgreen"
"gene-DAAM1|DAAM1","purple"
"gene-LOC100224802|LOC100224802","lightcyan"
"gene-DACT1|DACT1","lightgreen"
"gene-KIAA0586|KIAA0586","black"
"gene-TIMM9|TIMM9","floralwhite"
"gene-ARID4A|ARID4A","purple"
"gene-PSMA3|PSMA3","red"
"gene-ACTR10|ACTR10","lightpink4"
"gene-ARMH4|ARMH4","lightcyan"
"gene-LOC140684353|LOC140684353","darkslateblue"
"gene-CCDC198|CCDC198","darkturquoise"
"gene-NAA30|NAA30","skyblue3"
"gene-AP5M1|AP5M1","tan"
"gene-EXOC5|EXOC5","turquoise"
"gene-TMEM260|TMEM260","pink"
"gene-PELI2|PELI2","blue"
"gene-ATG14|ATG14","turquoise"
"gene-KTN1|KTN1","yellow"
"gene-DLGAP5|DLGAP5","green"
"gene-FBXO34|FBXO34","pink"
"gene-LGALS3|LGALS3","thistle1"
"gene-MAPK1IP1L|MAPK1IP1L","greenyellow"
"gene-SOCS4|SOCS4","turquoise"
"gene-WDHD1|WDHD1","darkturquoise"
"gene-GCH1|GCH1","brown"
"gene-SAMD4A|SAMD4A","brown"
"gene-CGRRF1|CGRRF1","brown"
"gene-CDKN3|CDKN3","honeydew1"
"gene-GMFB|GMFB","paleturquoise"
"gene-CNIH1|CNIH1","sienna3"
"gene-BMP4|BMP4","blue"
"gene-DDHD1|DDHD1","lightgreen"
"gene-FERMT2|FERMT2","brown"
"gene-ERO1A|ERO1A","red"
"gene-GPR137C|GPR137C","grey"
"gene-TXNDC16|TXNDC16","red"
"gene-GNPNAT1|GNPNAT1","orange"
"gene-STYX|STYX","black"
"gene-PSMC6|PSMC6","pink"
"gene-FRMD6|FRMD6","brown"
"gene-PTGER2|PTGER2","red"
"gene-PTGDR|PTGDR","darkturquoise"
"gene-NID2|NID2","darkslateblue"
"gene-RTRAF|RTRAF","brown"
"gene-GNG2|GNG2","blue"
"gene-LOC115495332|LOC115495332","grey60"
"gene-TMX1|TMX1","salmon"
"gene-SOS2|SOS2","turquoise"
"gene-VCPKMT|VCPKMT","yellow"
"gene-TRIM9|TRIM9","cyan"
"gene-NIN|NIN","grey60"
"gene-CDKL1|CDKL1","red"
"gene-LOC140684358|LOC140684358","tan"
"gene-PYGL|PYGL","brown"
"gene-ABHD12B|ABHD12B","cyan"
"gene-SAV1|SAV1","thistle1"
"gene-ATL1|ATL1","brown"
"gene-MAP4K5|MAP4K5","darkgrey"
"gene-DMAC2L|DMAC2L","tan"
"gene-L2HGDH|L2HGDH","pink"
"gene-ARF6|ARF6","turquoise"
"gene-NEMF|NEMF","darkseagreen4"
"gene-KLHDC2|KLHDC2","brown"
"gene-POLE2|POLE2","tan"
"gene-KLHDC1|KLHDC1","black"
"gene-DNAAF2|DNAAF2","grey"
"gene-MGAT2|MGAT2","midnightblue"
"gene-LRR1|LRR1","navajowhite2"
"gene-RPS29|RPS29","magenta"
"gene-MIS18BP1|MIS18BP1","darkorange"
"gene-LOC100225532|LOC100225532","turquoise"
"gene-MDGA2|MDGA2","purple"
"gene-FANCM|FANCM","pink"
"gene-FKBP3|FKBP3","greenyellow"
"gene-PRPF39|PRPF39","black"
"gene-LOC115495694|LOC115495694","yellow"
"gene-TOGARAM1|TOGARAM1","yellow"
"gene-KLHL28|KLHL28","lightgreen"
"gene-LRFN5|LRFN5","grey"
"gene-LOC140684360|LOC140684360","lightyellow"
"gene-LOC121468908|LOC121468908","grey60"
"gene-LOC140684361|LOC140684361","grey60"
"gene-LOC140684363|LOC140684363","grey60"
"gene-LOC140684362|LOC140684362","grey60"
"gene-LOC140684376|LOC140684376","lightyellow"
"gene-LOC140684473|LOC140684473","tan"
"gene-LOC140684483|LOC140684483","darkturquoise"
"gene-CTNNA3|CTNNA3","blue"
"gene-LRRTM3|LRRTM3","darkorange2"
"gene-LOC140684404|LOC140684404","steelblue"
"gene-LOC140684405|LOC140684405","royalblue"
"gene-DNAJC12|DNAJC12","blue"
"gene-SIRT1|SIRT1","salmon"
"gene-HERC4|HERC4","turquoise"
"gene-MYPN|MYPN","yellow"
"gene-PBLD|PBLD","brown"
"gene-ATOH7|ATOH7","steelblue"
"gene-RUFY2|RUFY2","darkgreen"
"gene-DNA2|DNA2","lightcyan"
"gene-HNRNPH3|HNRNPH3","orangered4"
"gene-SLC25A16|SLC25A16","darkred"
"gene-TET1|TET1","darkmagenta"
"gene-STOX1|STOX1","lightyellow"
"gene-CCAR1|CCAR1","yellow"
"gene-LOC100228351|LOC100228351","saddlebrown"
"gene-LOC100225471|LOC100225471","brown"
"gene-KIFBP|KIFBP","brown"
"gene-SRGN|SRGN","green"
"gene-VPS26A|VPS26A","turquoise"
"gene-SUPV3L1|SUPV3L1","brown"
"gene-LOC100226456|LOC100226456","brown4"
"gene-TSPAN15|TSPAN15","maroon"
"gene-LOC116808571|LOC116808571","black"
"gene-MACROH2A2|MACROH2A2","midnightblue"
"gene-AIFM2|AIFM2","grey"
"gene-COL13A1|COL13A1","blue"
"gene-LOC140684407|LOC140684407","pink"
"gene-CHST3|CHST3","darkorange"
"gene-LOC100220618|LOC100220618","brown4"
"gene-CDH23|CDH23","green"
"gene-VSIR|VSIR","green"
"gene-SLC29A3|SLC29A3","midnightblue"
"gene-UNC5B|UNC5B","darkmagenta"
"gene-LOC140684408|LOC140684408","grey"
"gene-PSAP|PSAP","turquoise"
"gene-LOC101233500|LOC101233500","white"
"gene-LOC115495722|LOC115495722","darkturquoise"
"gene-LOC140684409|LOC140684409","salmon"
"gene-PCBD1|PCBD1","turquoise"
"gene-SGPL1|SGPL1","turquoise"
"gene-LOC105759397|LOC105759397","mediumpurple3"
"gene-LOC105759353|LOC105759353","black"
"gene-LOC100217745|LOC100217745","darkred"
"gene-LOC140684411|LOC140684411","royalblue"
"gene-LOC140684410|LOC140684410","darkred"
"gene-LOC121468036|LOC121468036","grey"
"gene-ADAMTS14|ADAMTS14","darkmagenta"
"gene-PALD1|PALD1","blue"
"gene-EIF4EBP2|EIF4EBP2","skyblue"
"gene-LRRC20|LRRC20","grey"
"gene-LOC140684412|LOC140684412","yellow"
"gene-NPFFR1|NPFFR1","black"
"gene-PPA1|PPA1","darkred"
"gene-SAR1A|SAR1A","grey"
"gene-TYSND1|TYSND1","palevioletred3"
"gene-SPOCK2|SPOCK2","lightyellow"
"gene-DDIT4|DDIT4","blue"
"gene-ASCC1|ASCC1","skyblue3"
"gene-ANAPC16|ANAPC16","saddlebrown"
"gene-LOC115495731|LOC115495731","yellow"
"gene-DNAJB12|DNAJB12","pink"
"gene-MICU1|MICU1","darkgrey"
"gene-MCU|MCU","blue"
"gene-OIT3|OIT3","darkgrey"
"gene-PLA2G12B|PLA2G12B","turquoise"
"gene-P4HA1|P4HA1","blue"
"gene-LOC140684414|LOC140684414","steelblue"
"gene-NUDT13|NUDT13","blue"
"gene-LOC140680262|LOC140680262","red"
"gene-LOC105760408|LOC105760408","darkred"
"gene-ECD|ECD","orangered4"
"gene-FAM149B1|FAM149B1","black"
"gene-DNAJC9|DNAJC9","red"
"gene-CHUK|CHUK","red"
"gene-ADAM8|ADAM8","grey"
"gene-TUBGCP2|TUBGCP2","red"
"gene-LOC140684419|LOC140684419","royalblue"
"gene-PAPSS2|PAPSS2","antiquewhite4"
"gene-CWF19L1|CWF19L1","mediumpurple3"
"gene-ERLIN1|ERLIN1","turquoise"
"gene-ZNF511|ZNF511","mediumpurple3"
"gene-PRAP1|PRAP1","black"
"gene-ECHS1|ECHS1","greenyellow"
"gene-SPRN|SPRN","green"
"gene-MTG1|MTG1","black"
"gene-LOC121470148|LOC121470148","grey"
"gene-PAOX|PAOX","blue"
"gene-RNLS|RNLS","midnightblue"
"gene-LOC140684417|LOC140684417","salmon"
"gene-PTEN|PTEN","turquoise"
"gene-LOC140684418|LOC140684418","magenta"
"gene-ATAD1|ATAD1","turquoise"
"gene-MINPP1|MINPP1","turquoise"
"gene-SGMS1|SGMS1","pink"
"gene-PRKG1|PRKG1","lightgreen"
"gene-LOC100219353|LOC100219353","blue"
"gene-A1CF|A1CF","turquoise"
"gene-PCDH15|PCDH15","blue"
"gene-IPMK|IPMK","pink"
"gene-CISD1|CISD1","brown"
"gene-UBE2D1|UBE2D1","red"
"gene-TFAM|TFAM","brown"
"gene-REEP3|REEP3","brown"
"gene-JMJD1C|JMJD1C","skyblue"
"gene-NRBF2|NRBF2","magenta"
"gene-EGR2|EGR2","blue"
"gene-RTKN2|RTKN2","purple"
"gene-ADO|ADO","midnightblue"
"gene-ZNF365|ZNF365","darkseagreen4"
"gene-ARID5B|ARID5B","blue"
"gene-LOC140684421|LOC140684421","purple"
"gene-LOC140684420|LOC140684420","yellow"
"gene-CABCOCO1|CABCOCO1","honeydew1"
"gene-TMEM26|TMEM26","thistle1"
"gene-LOC140684423|LOC140684423","violet"
"gene-LOC140684422|LOC140684422","brown"
"gene-RHOBTB1|RHOBTB1","orange"
"gene-CDK1|CDK1","blue"
"gene-LOC140684424|LOC140684424","magenta"
"gene-ANK3|ANK3","brown"
"gene-CCDC6|CCDC6","orange"
"gene-SLC16A9|SLC16A9","salmon"
"gene-FAM13C|FAM13C","lightcyan"
"gene-PHYHIPL|PHYHIPL","orange"
"gene-LOC100219300|LOC100219300","paleturquoise"
"gene-BICC1|BICC1","brown4"
"gene-CCSER2|CCSER2","darkred"
"gene-LOC116808539|LOC116808539","purple"
"gene-GRID1|GRID1","pink"
"gene-OPN4|OPN4","salmon4"
"gene-WAPL|WAPL","turquoise"
"gene-LDB3|LDB3","blue"
"gene-BMPR1A|BMPR1A","turquoise"
"gene-MMRN2|MMRN2","tan"
"gene-SNCG|SNCG","orange"
"gene-SHLD2|SHLD2","black"
"gene-GLUD1|GLUD1","skyblue"
"gene-LOC140684474|LOC140684474","blue"
"gene-SYT15|SYT15","grey"
"gene-GPRIN2|GPRIN2","blue"
"gene-OGDHL|OGDHL","grey"
"gene-LRIT2|LRIT2","royalblue"
"gene-NCOA4|NCOA4","blue"
"gene-LOC100221217|LOC100221217","brown"
"gene-PARG|PARG","brown"
"gene-LOC140684431|LOC140684431","royalblue"
"gene-CDHR1|CDHR1","ivory"
"gene-GHITM|GHITM","turquoise"
"gene-SH2D4B|SH2D4B","salmon"
"gene-LOC100222268|LOC100222268","turquoise"
"gene-TSPAN14|TSPAN14","brown"
"gene-PRXL2A|PRXL2A","grey"
"gene-EXOSC3|EXOSC3","magenta"
"gene-DYDC1|DYDC1","thistle1"
"gene-MAT1A|MAT1A","pink"
"gene-LOC100229447|LOC100229447","darkolivegreen"
"gene-LOC100227997|LOC100227997","brown4"
"gene-LOC115495757|LOC115495757","navajowhite2"
"gene-RASGEF1A|RASGEF1A","blue"
"gene-RET|RET","blue"
"gene-CSGALNACT2|CSGALNACT2","cyan"
"gene-BMS1|BMS1","pink"
"gene-LOC115495845|LOC115495845","mediumpurple3"
"gene-TMEM254|TMEM254","brown"
"gene-LOC100227087|LOC100227087","orangered4"
"gene-PLAC9|PLAC9","white"
"gene-ANXA11|ANXA11","salmon"
"gene-LOC140684434|LOC140684434","ivory"
"gene-ZCCHC24|ZCCHC24","turquoise"
"gene-PPIF|PPIF","brown"
"gene-ZMIZ1|ZMIZ1","ivory"
"gene-RPS24|RPS24","magenta"
"gene-POLR3A|POLR3A","pink"
"gene-DLG5|DLG5","brown"
"gene-LOC115495769|LOC115495769","bisque4"
"gene-COMTD1|COMTD1","purple"
"gene-KCNMA1|KCNMA1","darkgrey"
"gene-LRMDA|LRMDA","grey"
"gene-ZNF503|ZNF503","grey"
"gene-VDAC2|VDAC2","brown"
"gene-DUSP13A|DUSP13A","yellow"
"gene-SAMD8|SAMD8","pink"
"gene-DUSP13B|DUSP13B","tan"
"gene-LOC100232794|LOC100232794","grey"
"gene-DUSP29|DUSP29","brown"
"gene-KAT6B|KAT6B","lavenderblush3"
"gene-CAMK2G|CAMK2G","palevioletred3"
"gene-PLAU|PLAU","green"
"gene-NDST2|NDST2","pink"
"gene-ZSWIM8|ZSWIM8","turquoise"
"gene-LOC121470136|LOC121470136","steelblue"
"gene-LOC100229828|LOC100229828","black"
"gene-CHCHD1|CHCHD1","brown"
"gene-FUT11|FUT11","grey"
"gene-VCL|VCL","black"
"gene-ADK|ADK","brown"
"gene-LOC140684479|LOC140684479","brown"
"gene-AP3M1|AP3M1","brown"
"gene-USP54|USP54","red"
"gene-SYNPO2L|SYNPO2L","darkolivegreen"
"gene-SEC24C|SEC24C","turquoise"
"gene-PPP3CB|PPP3CB","yellow"
"gene-ANXA7|ANXA7","cyan"
"gene-EIF3F|EIF3F","magenta"
"gene-PDLIM1|PDLIM1","darkred"
"gene-SORBS1|SORBS1","lightsteelblue1"
"gene-HELLS|HELLS","grey60"
"gene-TLL2|TLL2","yellow"
"gene-TM9SF3|TM9SF3","brown"
"gene-LOC101233446|LOC101233446","tan"
"gene-LOC100227084|LOC100227084","grey60"
"gene-LOC100228872|LOC100228872","grey"
"gene-PIK3AP1|PIK3AP1","turquoise"
"gene-PITX3|PITX3","green"
"gene-NOLC1|NOLC1","turquoise"
"gene-GBF1|GBF1","midnightblue"
"gene-TMEM150A|TMEM150A","navajowhite2"
"gene-NFKB2|NFKB2","green"
"gene-PSD|PSD","blue"
"gene-FBXL15|FBXL15","turquoise"
"gene-CUEDC2|CUEDC2","thistle1"
"gene-HIF1AN|HIF1AN","turquoise"
"gene-NDUFB8|NDUFB8","greenyellow"
"gene-SEC31B|SEC31B","brown"
"gene-PKD2L1|PKD2L1","black"
"gene-LOC100227038|LOC100227038","turquoise"
"gene-SCD|SCD","brown"
"gene-MARCHF8|MARCHF8","grey"
"gene-ALOX5|ALOX5","white"
"gene-BLOC1S2|BLOC1S2","sienna3"
"gene-LOC140680219|LOC140680219","greenyellow"
"gene-ZFAND4|ZFAND4","yellow"
"gene-WASHC2C|WASHC2C","orange"
"gene-NPY4R2|NPY4R2","lavenderblush3"
"gene-LOC100227999|LOC100227999","plum1"
"gene-ANTXRL|ANTXRL","lavenderblush3"
"gene-GDF2|GDF2","lightpink4"
"gene-GDF10|GDF10","floralwhite"
"gene-LOC100231107|LOC100231107","darkgreen"
"gene-LOC121470171|LOC121470171","black"
"gene-LOC116808547|LOC116808547","ivory"
"gene-VSTM4|VSTM4","yellow"
"gene-C6H10orf71|C6H10orf71","darkolivegreen"
"gene-TMEM273|TMEM273","black"
"gene-ARHGAP22|ARHGAP22","royalblue"
"gene-MAPK8|MAPK8","brown"
"gene-FRMPD2|FRMPD2","royalblue"
"gene-WDFY4|WDFY4","green"
"gene-LOC100226673|LOC100226673","darkseagreen4"
"gene-ERCC6|ERCC6","brown"
"gene-LOC100219000|LOC100219000","magenta"
"gene-CXCL12|CXCL12","turquoise"
"gene-ANKRD22|ANKRD22","blue"
"gene-STAMBPL1|STAMBPL1","tan"
"gene-CH25H|CH25H","blue"
"gene-ACTA2|ACTA2","lightcyan"
"gene-FAS|FAS","midnightblue"
"gene-LOC100229421|LOC100229421","purple"
"gene-LIPA|LIPA","turquoise"
"gene-KIF20B|KIF20B","darkturquoise"
"gene-HTR7|HTR7","darkslateblue"
"gene-SLC16A12|SLC16A12","black"
"gene-LOC140684442|LOC140684442","black"
"gene-PANK1|PANK1","greenyellow"
"gene-RPP30|RPP30","blue"
"gene-ANKRD1|ANKRD1","green"
"gene-PCGF5|PCGF5","turquoise"
"gene-HECTD2|HECTD2","lightyellow"
"gene-LOC115495784|LOC115495784","brown4"
"gene-PPP1R3C|PPP1R3C","pink"
"gene-TNKS2|TNKS2","turquoise"
"gene-TBC1D12|TBC1D12","darkmagenta"
"gene-NOC3L|NOC3L","brown"
"gene-PLCE1|PLCE1","blue"
"gene-SLC35G1|SLC35G1","brown"
"gene-LGI1|LGI1","red"
"gene-LOC100220799|LOC100220799","skyblue3"
"gene-PDE6C|PDE6C","bisque4"
"gene-CYP26A1|CYP26A1","blue"
"gene-EXOC6|EXOC6","plum1"
"gene-CYP26C1|CYP26C1","blue"
"gene-HHEX|HHEX","sienna3"
"gene-KIF11|KIF11","grey"
"gene-IDE|IDE","brown"
"gene-LOC140684445|LOC140684445","grey"
"gene-LOC140684446|LOC140684446","magenta"
"gene-CEP55|CEP55","green"
"gene-RBP4|RBP4","greenyellow"
"gene-FFAR4|FFAR4","lightcyan"
"gene-MYOF|MYOF","white"
"gene-CPEB3|CPEB3","brown"
"gene-MARCHF5|MARCHF5","skyblue3"
"gene-BTAF1|BTAF1","blue"
"gene-LOC101234170|LOC101234170","blue"
"gene-CCNJ|CCNJ","turquoise"
"gene-ZNF518A|ZNF518A","plum1"
"gene-BLNK|BLNK","darkorange"
"gene-DNTT|DNTT","grey"
"gene-KNDC1|KNDC1","grey"
"gene-ADGRA1|ADGRA1","lightpink4"
"gene-LOC115495789|LOC115495789","salmon"
"gene-ENTPD1|ENTPD1","darkturquoise"
"gene-CPN1|CPN1","turquoise"
"gene-DNMBP|DNMBP","purple"
"gene-ABCC2|ABCC2","yellow"
"gene-COX15|COX15","magenta"
"gene-ATP6V0E2|ATP6V0E2","black"
"gene-ENTPD7|ENTPD7","brown"
"gene-SLC25A28|SLC25A28","black"
"gene-LOC115495790|LOC115495790","tan"
"gene-NKX2-3|NKX2-3","blue"
"gene-CNNM1|CNNM1","lightyellow"
"gene-GOT1|GOT1","brown"
"gene-HPSE2|HPSE2","yellow"
"gene-LOC140684449|LOC140684449","black"
"gene-LOXL4|LOXL4","thistle1"
"gene-HPS1|HPS1","black"
"gene-PYROXD2|PYROXD2","darkred"
"gene-R3HCC1L|R3HCC1L","red"
"gene-CRTAC1|CRTAC1","blue"
"gene-SFRP5|SFRP5","blue"
"gene-ZFYVE27|ZFYVE27","turquoise"
"gene-AVPI1|AVPI1","darkorange2"
"gene-MARVELD1|MARVELD1","blue"
"gene-PI4K2A|PI4K2A","pink"
"gene-MORN4|MORN4","grey"
"gene-HOGA1|HOGA1","blue"
"gene-ANKRD2|ANKRD2","red"
"gene-UBTD1|UBTD1","magenta"
"gene-MMS19|MMS19","cyan"
"gene-ZDHHC16|ZDHHC16","salmon"
"gene-EXOSC1|EXOSC1","darkseagreen4"
"gene-ARHGAP19|ARHGAP19","tan"
"gene-SLIT1|SLIT1","lightpink4"
"gene-PGAM1|PGAM1","brown"
"gene-RRP12|RRP12","pink"
"gene-LCOR|LCOR","tan"
"gene-LOC140684451|LOC140684451","yellow"
"gene-LOC121470213|LOC121470213","blue"
"gene-PPRC1|PPRC1","orangered4"
"gene-LDB1|LDB1","purple"
"gene-KCNIP2|KCNIP2","brown4"
"gene-LOC100218935|LOC100218935","paleturquoise"
"gene-HPS6|HPS6","pink"
"gene-ARMH3|ARMH3","turquoise"
"gene-OGA|OGA","darkorange"
"gene-NPM3|NPM3","turquoise"
"gene-FBXW4|FBXW4","saddlebrown"
"gene-DPCD|DPCD","yellow"
"gene-POLL|POLL","yellowgreen"
"gene-LOC140684486|LOC140684486","steelblue"
"gene-LOC100223789|LOC100223789","violet"
"gene-BTRC|BTRC","pink"
"gene-PDZD7|PDZD7","black"
"gene-SFXN3|SFXN3","turquoise"
"gene-LZTS2|LZTS2","darkseagreen4"
"gene-SEMA4G|SEMA4G","yellow"
"gene-TWNK|TWNK","turquoise"
"gene-LOC116808554|LOC116808554","greenyellow"
"gene-C6H10orf95|C6H10orf95","black"
"gene-SLF2|SLF2","darkred"
"gene-MFSD13A|MFSD13A","turquoise"
"gene-ACTR1A|ACTR1A","turquoise"
"gene-SUFU|SUFU","lightgreen"
"gene-TRIM8|TRIM8","salmon"
"gene-ARL3|ARL3","brown4"
"gene-SFXN2|SFXN2","red"
"gene-WBP1L|WBP1L","turquoise"
"gene-CYP17A1|CYP17A1","skyblue"
"gene-BORCS7|BORCS7","grey"
"gene-AS3MT|AS3MT","red"
"gene-CNNM2|CNNM2","brown4"
"gene-NT5C2|NT5C2","antiquewhite4"
"gene-INA|INA","salmon"
"gene-PCGF6|PCGF6","pink"
"gene-CALHM2|CALHM2","violet"
"gene-TAF5|TAF5","pink"
"gene-ATP5MK|ATP5MK","greenyellow"
"gene-PDCD11|PDCD11","pink"
"gene-NEURL1|NEURL1","blue"
"gene-SH3PXD2A|SH3PXD2A","red"
"gene-COL17A1|COL17A1","cyan"
"gene-SFR1|SFR1","lightcyan1"
"gene-SLK|SLK","pink"
"gene-STN1|STN1","darkorange2"
"gene-CFAP43|CFAP43","yellow"
"gene-LOC100228612|LOC100228612","magenta"
"gene-CFAP58|CFAP58","darkgreen"
"gene-ITPRIP|ITPRIP","turquoise"
"gene-SORCS3|SORCS3","lightcyan1"
"gene-LOC100226716|LOC100226716","plum1"
"gene-XPNPEP1|XPNPEP1","cyan"
"gene-ADD3|ADD3","red"
"gene-MXI1|MXI1","orange"
"gene-LOC115495805|LOC115495805","green"
"gene-SMNDC1|SMNDC1","lightgreen"
"gene-LOC121470210|LOC121470210","green"
"gene-DUSP5|DUSP5","blue"
"gene-SMC3|SMC3","red"
"gene-RBM20|RBM20","blue"
"gene-PDCD4|PDCD4","blue"
"gene-BBIP1|BBIP1","floralwhite"
"gene-SHOC2|SHOC2","brown"
"gene-ADRA2A|ADRA2A","cyan"
"gene-LOC115495811|LOC115495811","darkolivegreen"
"gene-LOC140684460|LOC140684460","salmon"
"gene-LOC115495813|LOC115495813","brown"
"gene-TECTB|TECTB","brown"
"gene-GPAM|GPAM","brown"
"gene-ACSL5|ACSL5","brown"
"gene-ZDHHC6|ZDHHC6","turquoise"
"gene-VTI1A|VTI1A","grey"
"gene-TCF7L2|TCF7L2","darkorange"
"gene-CASP7|CASP7","purple"
"gene-PLEKHS1|PLEKHS1","skyblue"
"gene-DCLRE1A|DCLRE1A","grey"
"gene-LOC140684464|LOC140684464","pink"
"gene-HABP2|HABP2","brown"
"gene-NRAP|NRAP","grey60"
"gene-NHLRC2|NHLRC2","darkolivegreen"
"gene-ADRB1|ADRB1","blue"
"gene-TDRD1|TDRD1","thistle2"
"gene-CCDC186|CCDC186","turquoise"
"gene-AFAP1L2|AFAP1L2","lavenderblush3"
"gene-LOC115495816|LOC115495816","blue"
"gene-ABLIM1|ABLIM1","palevioletred3"
"gene-FHIP2A|FHIP2A","brown"
"gene-TRUB1|TRUB1","brown"
"gene-ATRNL1|ATRNL1","plum1"
"gene-GFRA1|GFRA1","mediumpurple3"
"gene-HSPA12A|HSPA12A","lightpink4"
"gene-ENO4|ENO4","blue"
"gene-SHTN1|SHTN1","greenyellow"
"gene-SLC18A2|SLC18A2","yellow"
"gene-PDZD8|PDZD8","cyan"
"gene-RAB11FIP2|RAB11FIP2","brown"
"gene-FAM204A|FAM204A","greenyellow"
"gene-CACUL1|CACUL1","sienna3"
"gene-NANOS1|NANOS1","salmon"
"gene-EIF3A|EIF3A","pink"
"gene-DENND10|DENND10","navajowhite2"
"gene-SFXN4|SFXN4","darkred"
"gene-PRDX3|PRDX3","greenyellow"
"gene-GRK5|GRK5","turquoise"
"gene-RGS10|RGS10","green"
"gene-TIAL1|TIAL1","black"
"gene-BAG3|BAG3","blue"
"gene-PLPP4|PLPP4","orange"
"gene-INPP5F|INPP5F","steelblue"
"gene-MCMBP|MCMBP","navajowhite2"
"gene-SEC23IP|SEC23IP","turquoise"
"gene-WDR11|WDR11","grey"
"gene-FGFR2|FGFR2","lightpink4"
"gene-ATE1|ATE1","pink"
"gene-NSMCE4A|NSMCE4A","floralwhite"
"gene-LOC100231121|LOC100231121","grey"
"gene-TACC2|TACC2","darkolivegreen"
"gene-PLEKHA1|PLEKHA1","darkred"
"gene-HTRA1|HTRA1","royalblue"
"gene-DMBT1|DMBT1","yellow"
"gene-C6H10orf88|C6H10orf88","brown"
"gene-LOC100220484|LOC100220484","magenta"
"gene-PSTK|PSTK","darkred"
"gene-IKZF5|IKZF5","red"
"gene-ACADSB|ACADSB","ivory"
"gene-BUB3|BUB3","pink"
"gene-CPXM2|CPXM2","lavenderblush3"
"gene-CHST15|CHST15","lavenderblush3"
"gene-ADAM12|ADAM12","mediumpurple3"
"gene-OAT|OAT","lightgreen"
"gene-CTBP2|CTBP2","magenta"
"gene-UROS|UROS","pink"
"gene-LHPP|LHPP","turquoise"
"gene-LOC140684470|LOC140684470","salmon"
"gene-FAM53B|FAM53B","pink"
"gene-EEF1AKMT2|EEF1AKMT2","saddlebrown"
"gene-ABRAXAS2|ABRAXAS2","turquoise"
"gene-ZRANB1|ZRANB1","turquoise"
"gene-EDRF1|EDRF1","lightcyan1"
"gene-BCCIP|BCCIP","greenyellow"
"gene-CLRN3|CLRN3","blue"
"gene-INSYN2A|INSYN2A","grey"
"gene-DOCK1|DOCK1","grey"
"gene-PTPRE|PTPRE","tan"
"gene-MKI67|MKI67","green"
"gene-LOC140684490|LOC140684490","grey"
"gene-MGMT|MGMT","brown"
"gene-C6H10orf143|C6H10orf143","skyblue3"
"gene-GLRX3|GLRX3","darkgrey"
"gene-TCERG1L|TCERG1L","salmon"
"gene-PPP2R2D|PPP2R2D","pink"
"gene-JAKMIP3|JAKMIP3","green"
"gene-BNIP3|BNIP3","salmon"
"gene-STK32C|STK32C","grey"
"gene-PWWP2B|PWWP2B","turquoise"
"gene-NKX6-2|NKX6-2","grey"
"gene-CFAP46|CFAP46","purple"
"gene-INPP5A|INPP5A","magenta"
"gene-ALDH18A1|ALDH18A1","skyblue3"
"gene-MSH4|MSH4","black"
"gene-LOC121470206|LOC121470206","grey60"
"gene-LOC140684526|LOC140684526","lightsteelblue1"
"gene-LOC121469000|LOC121469000","lightsteelblue1"
"gene-LOC140684579|LOC140684579","violet"
"gene-ABCA12|ABCA12","salmon"
"gene-BARD1|BARD1","black"
"gene-VWC2L|VWC2L","darkturquoise"
"gene-SPAG16|SPAG16","darkturquoise"
"gene-IKZF2|IKZF2","tan"
"gene-MREG|MREG","grey"
"gene-LOC100231735|LOC100231735","grey"
"gene-LOC115495912|LOC115495912","grey"
"gene-UBE2F|UBE2F","turquoise"
"gene-LOC115495908|LOC115495908","green"
"gene-FN1|FN1","turquoise"
"gene-ATIC|ATIC","salmon"
"gene-LRRFIP1|LRRFIP1","grey"
"gene-PRLH|PRLH","blue"
"gene-RAB17|RAB17","grey"
"gene-MLPH|MLPH","blue"
"gene-COL6A3|COL6A3","pink"
"gene-LOC140684533|LOC140684533","red"
"gene-COPS8|COPS8","brown"
"gene-ACKR3|ACKR3","darkolivegreen"
"gene-TRPM8|TRPM8","lightsteelblue1"
"gene-AGAP1|AGAP1","brown"
"gene-LOC121470267|LOC121470267","darkslateblue"
"gene-POFUT2|POFUT2","yellowgreen"
"gene-YBEY|YBEY","pink"
"gene-MCM3AP|MCM3AP","yellow"
"gene-COL6A2|COL6A2","pink"
"gene-FTCD|FTCD","lightpink4"
"gene-LOC140684538|LOC140684538","salmon"
"gene-COL6A1|COL6A1","pink"
"gene-PCBP3|PCBP3","tan"
"gene-COL18A1|COL18A1","darkolivegreen"
"gene-SLC19A1|SLC19A1","royalblue"
"gene-LOC116808583|LOC116808583","floralwhite"
"gene-NDUFA10|NDUFA10","brown"
"gene-TWIST2|TWIST2","grey"
"gene-HDAC4|HDAC4","salmon"
"gene-ASB1|ASB1","black"
"gene-TRAF3IP1|TRAF3IP1","red"
"gene-LOC140684541|LOC140684541","yellow"
"gene-USP40|USP40","paleturquoise"
"gene-SH3BP4|SH3BP4","green"
"gene-LOC100229734|LOC100229734","greenyellow"
"gene-LOC140684542|LOC140684542","blue"
"gene-LOC140684543|LOC140684543","turquoise"
"gene-LOC121470225|LOC121470225","turquoise"
"gene-ARL4C|ARL4C","brown"
"gene-LOC140684544|LOC140684544","salmon4"
"gene-LOC140684520|LOC140684520","navajowhite2"
"gene-SPP2|SPP2","greenyellow"
"gene-SMC1A|SMC1A","pink"
"gene-LOC140684585|LOC140684585","orangered4"
"gene-LOC121470250|LOC121470250","yellow"
"gene-LOC115495914|LOC115495914","grey"
"gene-LOC100218844|LOC100218844","blue"
"gene-LOC115495916|LOC115495916","black"
"gene-PARP9|PARP9","purple"
"gene-DTX3L|DTX3L","purple"
"gene-LOC105759399|LOC105759399","tan"
"gene-LOC100226582|LOC100226582","purple"
"gene-LMLN|LMLN","red"
"gene-LOC100219837|LOC100219837","lightpink4"
"gene-OSBPL11|OSBPL11","turquoise"
"gene-LOC100224677|LOC100224677","tan"
"gene-SNX4|SNX4","brown"
"gene-ZNF148|ZNF148","purple"
"gene-SLC12A8|SLC12A8","midnightblue"
"gene-MUC13|MUC13","orange"
"gene-HEG1|HEG1","darkgrey"
"gene-ITGB5|ITGB5","brown"
"gene-UMPS|UMPS","red"
"gene-KALRN|KALRN","darkgrey"
"gene-ADCY5|ADCY5","grey"
"gene-CCDC14|CCDC14","black"
"gene-MYLK|MYLK","orange"
"gene-LOC140684551|LOC140684551","blue"
"gene-HACD2|HACD2","brown"
"gene-SEC22A|SEC22A","brown"
"gene-PDIA5|PDIA5","brown"
"gene-SEMA5B|SEMA5B","darkgrey"
"gene-SLC49A4|SLC49A4","royalblue"
"gene-HSPBAP1|HSPBAP1","lightcyan"
"gene-LOC121470153|LOC121470153","purple"
"gene-SLC15A2|SLC15A2","cyan"
"gene-EAF2|EAF2","greenyellow"
"gene-LOC100223706|LOC100223706","green"
"gene-IQCB1|IQCB1","thistle2"
"gene-TSN|TSN","skyblue"
"gene-NIFK|NIFK","turquoise"
"gene-CLASP1|CLASP1","green"
"gene-TFCP2L1|TFCP2L1","lightgreen"
"gene-GLI2|GLI2","turquoise"
"gene-INHBB|INHBB","bisque4"
"gene-RALB|RALB","darkgrey"
"gene-LOC105759403|LOC105759403","yellow"
"gene-EPB41L5|EPB41L5","royalblue"
"gene-LOC140684553|LOC140684553","violet"
"gene-PTPN4|PTPN4","salmon"
"gene-TMEM177|TMEM177","yellow"
"gene-MRAS|MRAS","darkgrey"
"gene-CNTNAP5|CNTNAP5","royalblue"
"gene-GYPC|GYPC","purple"
"gene-BIN1|BIN1","yellow"
"gene-CYP27C1|CYP27C1","blue"
"gene-TMEM169|TMEM169","brown"
"gene-ERCC3|ERCC3","darkslateblue"
"gene-MAP3K2|MAP3K2","red"
"gene-PECR|PECR","yellow"
"gene-XRCC5|XRCC5","brown"
"gene-MARCHF4|MARCHF4","grey"
"gene-SMARCAL1|SMARCAL1","red"
"gene-RPL37A|RPL37A","magenta"
"gene-IGFBP2|IGFBP2","salmon"
"gene-IGFBP5|IGFBP5","grey"
"gene-RUFY4|RUFY4","darkorange"
"gene-TNS1|TNS1","lightsteelblue1"
"gene-ARPC2|ARPC2","sienna3"
"gene-AAMP|AAMP","red"
"gene-TMBIM1|TMBIM1","blue"
"gene-PNKD|PNKD","red"
"gene-CATIP|CATIP","yellow"
"gene-SLC11A1|SLC11A1","green"
"gene-CTDSP1|CTDSP1","saddlebrown"
"gene-VIL1|VIL1","blue"
"gene-USP37|USP37","blue"
"gene-CNOT9|CNOT9","turquoise"
"gene-ZNF142|ZNF142","red"
"gene-STK36|STK36","yellow"
"gene-TTLL4|TTLL4","lightsteelblue1"
"gene-BCS1L|BCS1L","brown"
"gene-RNF25|RNF25","red"
"gene-FEV|FEV","blue"
"gene-PRKAG3|PRKAG3","yellow"
"gene-CYP27A1|CYP27A1","turquoise"
"gene-CFAP65|CFAP65","salmon4"
"gene-CRYBA2|CRYBA2","palevioletred3"
"gene-MIR375|MIR375","yellow"
"gene-NHEJ1|NHEJ1","brown"
"gene-IHH|IHH","orangered4"
"gene-LOC140684555|LOC140684555","red"
"gene-SLC23A3|SLC23A3","midnightblue"
"gene-CNPPD1|CNPPD1","skyblue"
"gene-RETREG2|RETREG2","turquoise"
"gene-LOC100218848|LOC100218848","plum2"
"gene-LOC100231318|LOC100231318","green"
"gene-LOC100222650|LOC100222650","black"
"gene-ZFAND2B|ZFAND2B","brown"
"gene-ABCB6|ABCB6","green"
"gene-ATG9A|ATG9A","turquoise"
"gene-GLB1L|GLB1L","green"
"gene-DNAJB2|DNAJB2","lightgreen"
"gene-PTPRN|PTPRN","saddlebrown"
"gene-DNPEP|DNPEP","greenyellow"
"gene-MIR2965|MIR2965","honeydew1"
"gene-DES|DES","yellowgreen"
"gene-SPEG|SPEG","darkturquoise"
"gene-GMPPA|GMPPA","brown"
"gene-CHPF|CHPF","saddlebrown"
"gene-OBSL1|OBSL1","darkgreen"
"gene-TMEM198|TMEM198","turquoise"
"gene-LOC100219825|LOC100219825","pink"
"gene-SLC4A3|SLC4A3","darkorange"
"gene-STK11IP|STK11IP","grey"
"gene-LOC100221738|LOC100221738","lightyellow"
"gene-LY75|LY75","grey"
"gene-PLA2R1|PLA2R1","green"
"gene-ITGB6|ITGB6","salmon"
"gene-RBMS1|RBMS1","yellow"
"gene-TANK|TANK","black"
"gene-TBR1|TBR1","lightcyan1"
"gene-PSMD14|PSMD14","brown"
"gene-LOC100228501|LOC100228501","darkgreen"
"gene-SLC4A10|SLC4A10","pink"
"gene-DPP4|DPP4","turquoise"
"gene-IFIH1|IFIH1","purple"
"gene-LOC115495950|LOC115495950","pink"
"gene-FIGN|FIGN","red"
"gene-GRB14|GRB14","yellow"
"gene-COBLL1|COBLL1","brown"
"gene-SCN2A|SCN2A","orange"
"gene-CSRNP3|CSRNP3","lightyellow"
"gene-TTC21B|TTC21B","red"
"gene-GALNT3|GALNT3","lightcyan1"
"gene-LOC100224567|LOC100224567","yellow"
"gene-LOC100221646|LOC100221646","white"
"gene-STK39|STK39","blue"
"gene-B3GALT1|B3GALT1","red"
"gene-CERS6|CERS6","grey"
"gene-SPC25|SPC25","grey"
"gene-G6PC2|G6PC2","blue"
"gene-LRP2|LRP2","violet"
"gene-ABCB11|ABCB11","red"
"gene-DHRS9|DHRS9","grey"
"gene-FASTKD1|FASTKD1","palevioletred3"
"gene-BBS5|BBS5","yellow"
"gene-KLHL41|KLHL41","bisque4"
"gene-PPIG|PPIG","white"
"gene-MYO3B|MYO3B","brown"
"gene-SP5|SP5","grey"
"gene-METTL5|METTL5","black"
"gene-LOC121470230|LOC121470230","red"
"gene-CFAP210|CFAP210","darkolivegreen"
"gene-SSB|SSB","greenyellow"
"gene-PHOSPHO2|PHOSPHO2","cyan"
"gene-KLHL23|KLHL23","yellow"
"gene-UBR3|UBR3","brown"
"gene-GAD1|GAD1","darkorange2"
"gene-GORASP2|GORASP2","sienna3"
"gene-CYBRD1|CYBRD1","salmon"
"gene-TLK1|TLK1","brown"
"gene-METTL8|METTL8","black"
"gene-DCAF17|DCAF17","salmon4"
"gene-DYNC1I2|DYNC1I2","brown"
"gene-LOC140684521|LOC140684521","midnightblue"
"gene-SLC25A12|SLC25A12","yellow"
"gene-DLX2|DLX2","blue"
"gene-LOC140684561|LOC140684561","yellow"
"gene-DLX1|DLX1","darkorange"
"gene-HAT1|HAT1","cyan"
"gene-METAP1D|METAP1D","salmon"
"gene-RAPGEF4|RAPGEF4","black"
"gene-ITGA6|ITGA6","ivory"
"gene-LOC100217844|LOC100217844","darkturquoise"
"gene-LOC140684562|LOC140684562","grey60"
"gene-LOC121470256|LOC121470256","salmon"
"gene-PDK1|PDK1","turquoise"
"gene-MAP3K20|MAP3K20","orange"
"gene-CDCA7|CDCA7","grey"
"gene-SP3|SP3","salmon"
"gene-OLA1|OLA1","greenyellow"
"gene-CIRSR|CIRSR","maroon"
"gene-SCRN3|SCRN3","brown"
"gene-GPR155|GPR155","lightgreen"
"gene-WIPF1|WIPF1","green"
"gene-CHN1|CHN1","cyan"
"gene-ATF2|ATF2","darkmagenta"
"gene-LOC140684565|LOC140684565","white"
"gene-ATP5MC3|ATP5MC3","greenyellow"
"gene-HOXD9|HOXD9","grey60"
"gene-LNPK|LNPK","blue"
"gene-MTX2|MTX2","brown"
"gene-LOC140684566|LOC140684566","lightcyan"
"gene-PDE11A|PDE11A","midnightblue"
"gene-LOC115495979|LOC115495979","blue"
"gene-IFT70A|IFT70A","pink"
"gene-HNRNPA3|HNRNPA3","orangered4"
"gene-NFE2L2|NFE2L2","lightgreen"
"gene-LOC140684571|LOC140684571","magenta"
"gene-AGPS|AGPS","cyan"
"gene-RBM45|RBM45","black"
"gene-OSBPL6|OSBPL6","salmon"
"gene-CCDC141|CCDC141","darkolivegreen"
"gene-PJVK|PJVK","lightgreen"
"gene-TTN|TTN","darkolivegreen"
"gene-FKBP7|FKBP7","black"
"gene-PLEKHA3|PLEKHA3","brown"
"gene-SESTD1|SESTD1","turquoise"
"gene-ZNF385B|ZNF385B","salmon"
"gene-CWC22|CWC22","red"
"gene-UBE2E3|UBE2E3","red"
"gene-CERKL|CERKL","salmon"
"gene-ITGA4|ITGA4","green"
"gene-ITPRID2|ITPRID2","blue"
"gene-PPP1R1C|PPP1R1C","violet"
"gene-LOC140684575|LOC140684575","pink"
"gene-PDE1A|PDE1A","blue"
"gene-PIKFYVE|PIKFYVE","steelblue"
"gene-DNAJC10|DNAJC10","brown"
"gene-IDH1|IDH1","turquoise"
"gene-LOC101233194|LOC101233194","turquoise"
"gene-NBEAL1|NBEAL1","grey"
"gene-LOC100190105|LOC100190105","cyan"
"gene-CYP20A1|CYP20A1","magenta"
"gene-ABI2|ABI2","turquoise"
"gene-RAPH1|RAPH1","turquoise"
"gene-CD28|CD28","tan"
"gene-CTLA4|CTLA4","yellow"
"gene-ICOS|ICOS","red"
"gene-PARD3B|PARD3B","turquoise"
"gene-LOC140684576|LOC140684576","blue"
"gene-NRP2|NRP2","lightgreen"
"gene-INO80D|INO80D","darkorange"
"gene-CMKLR2|CMKLR2","grey60"
"gene-ZDBF2|ZDBF2","pink"
"gene-DYTN|DYTN","red"
"gene-ADAM23|ADAM23","saddlebrown"
"gene-NDUFS1|NDUFS1","pink"
"gene-EEF1B2|EEF1B2","magenta"
"gene-LOC115496089|LOC115496089","blue"
"gene-LOC115496092|LOC115496092","black"
"gene-MDH1B|MDH1B","black"
"gene-FASTKD2|FASTKD2","brown"
"gene-KLF7|KLF7","darkslateblue"
"gene-CREB1|CREB1","lightgreen"
"gene-METTL21A|METTL21A","black"
"gene-LOC140684578|LOC140684578","black"
"gene-CCNYL1|CCNYL1","white"
"gene-PLEKHM3|PLEKHM3","blue"
"gene-FZD5|FZD5","lightgreen"
"gene-TRAK2|TRAK2","pink"
"gene-STRADB|STRADB","lightgreen"
"gene-LOC100222284|LOC100222284","black"
"gene-CARF|CARF","black"
"gene-CDK15|CDK15","lightcyan1"
"gene-WDR12|WDR12","darkred"
"gene-FAM117B|FAM117B","darkolivegreen"
"gene-BMPR2|BMPR2","turquoise"
"gene-LOC121470298|LOC121470298","red"
"gene-NOP58|NOP58","blue"
"gene-SUMO1|SUMO1","turquoise"
"gene-FZD7|FZD7","turquoise"
"gene-ALS2|ALS2","yellow"
"gene-MPP4|MPP4","grey60"
"gene-TMEM237|TMEM237","darkmagenta"
"gene-LOC100223333|LOC100223333","black"
"gene-LOC100220453|LOC100220453","blue"
"gene-CFLAR|CFLAR","turquoise"
"gene-ORC2|ORC2","yellow"
"gene-HYCC2|HYCC2","lightgreen"
"gene-NDUFB3|NDUFB3","greenyellow"
"gene-NIF3L1|NIF3L1","skyblue3"
"gene-PPIL3|PPIL3","darkgreen"
"gene-SGO2|SGO2","red"
"gene-BZW1|BZW1","turquoise"
"gene-LOC140684580|LOC140684580","darkslateblue"
"gene-AOX1|AOX1","cyan"
"gene-LOC121470299|LOC121470299","salmon4"
"gene-SPATS2L|SPATS2L","blue"
"gene-TYW5|TYW5","black"
"gene-MAIP1|MAIP1","magenta"
"gene-LOC121470304|LOC121470304","grey60"
"gene-C7H2orf69|C7H2orf69","turquoise"
"gene-SATB2|SATB2","lightyellow"
"gene-LOC115496002|LOC115496002","salmon"
"gene-PLCL1|PLCL1","blue"
"gene-RFTN2|RFTN2","tan"
"gene-MOB4|MOB4","blue"
"gene-LOC115496003|LOC115496003","blue"
"gene-HSPE1|HSPE1","magenta"
"gene-HSPD1|HSPD1","lightgreen"
"gene-COQ10B|COQ10B","turquoise"
"gene-SF3B1|SF3B1","yellow"
"gene-HECW2|HECW2","blue"
"gene-ANKRD44|ANKRD44","green"
"gene-LOC115496004|LOC115496004","darkolivegreen"
"gene-PGAP1|PGAP1","brown"
"gene-LOC140684583|LOC140684583","red"
"gene-C7H2orf66|C7H2orf66","red"
"gene-GTF3C3|GTF3C3","red"
"gene-STK17B|STK17B","blue"
"gene-LOC115496005|LOC115496005","salmon"
"gene-LOC100229685|LOC100229685","bisque4"
"gene-SLC39A10|SLC39A10","salmon"
"gene-TMEFF2|TMEFF2","purple"
"gene-CAVIN2|CAVIN2","turquoise"
"gene-LOC115496009|LOC115496009","red"
"gene-LOC100221395|LOC100221395","red"
"gene-NABP1|NABP1","midnightblue"
"gene-GLS|GLS","yellow"
"gene-MYO1B|MYO1B","skyblue"
"gene-LOC105759428|LOC105759428","purple"
"gene-STAT4|STAT4","tan"
"gene-STAT1|STAT1","purple"
"gene-NAB1|NAB1","turquoise"
"gene-NEMP2|NEMP2","turquoise"
"gene-C7H2orf88|C7H2orf88","blue"
"gene-MFSD6|MFSD6","red"
"gene-HIBCH|HIBCH","brown"
"gene-PMS1|PMS1","yellow"
"gene-ORMDL1|ORMDL1","greenyellow"
"gene-OSGEPL1|OSGEPL1","brown"
"gene-ASNSD1|ASNSD1","brown"
"gene-ASDURF|ASDURF","turquoise"
"gene-SLC40A1|SLC40A1","salmon"
"gene-LOC115496012|LOC115496012","yellowgreen"
"gene-WDR75|WDR75","salmon"
"gene-COL5A2|COL5A2","darkgrey"
"gene-COL3A1|COL3A1","grey60"
"gene-GULP1|GULP1","lightgreen"
"gene-TFPI|TFPI","bisque4"
"gene-CALCRL|CALCRL","darkgrey"
"gene-FAM171B|FAM171B","cyan"
"gene-ITGAV|ITGAV","turquoise"
"gene-ZC3H15|ZC3H15","turquoise"
"gene-LOC100220375|LOC100220375","grey"
"gene-ZNF804A|ZNF804A","darkgreen"
"gene-LOC140684495|LOC140684495","black"
"gene-ADARB1|ADARB1","turquoise"
"gene-SLX9|SLX9","green"
"gene-C7H21orf58|C7H21orf58","green"
"gene-ITGB2|ITGB2","green"
"gene-KMO|KMO","yellow"
"gene-PCNT|PCNT","yellow"
"gene-DIP2A|DIP2A","red"
"gene-S100B|S100B","cyan"
"gene-LOC115496018|LOC115496018","bisque4"
"gene-LSS|LSS","brown"
"gene-NUP35|NUP35","black"
"gene-DUSP19|DUSP19","turquoise"
"gene-NCKAP1|NCKAP1","brown"
"gene-FRZB|FRZB","lightcyan"
"gene-MAP2|MAP2","darkturquoise"
"gene-UNC80|UNC80","navajowhite2"
"gene-RPE|RPE","brown"
"gene-KANSL1L|KANSL1L","blue"
"gene-MYL1|MYL1","plum2"
"gene-ACADL|ACADL","brown"
"gene-LOC115496020|LOC115496020","yellow"
"gene-LOC115496022|LOC115496022","yellow"
"gene-LANCL1|LANCL1","saddlebrown"
"gene-CPS1|CPS1","cyan"
"gene-ERBB4|ERBB4","yellow"
"gene-CFAP221|CFAP221","red"
"gene-LOC100231025|LOC100231025","brown"
"gene-ESYT3|ESYT3","purple"
"gene-LOC100225287|LOC100225287","black"
"gene-SCTR|SCTR","thistle1"
"gene-TMEM37|TMEM37","blue"
"gene-C1QL2|C1QL2","darkorange2"
"gene-C7H2orf76|C7H2orf76","grey60"
"gene-DBI|DBI","brown"
"gene-STEAP3|STEAP3","turquoise"
"gene-MARCO|MARCO","green"
"gene-LOC115496028|LOC115496028","royalblue"
"gene-INSIG2|INSIG2","turquoise"
"gene-CCDC93|CCDC93","pink"
"gene-LOC100225224|LOC100225224","yellow"
"gene-DDX18|DDX18","turquoise"
"gene-LOC140684500|LOC140684500","thistle2"
"gene-DPP10|DPP10","thistle1"
"gene-ACTR3|ACTR3","brown"
"gene-SLC35F5|SLC35F5","turquoise"
"gene-GPR39|GPR39","turquoise"
"gene-LYPD1|LYPD1","brown"
"gene-NCKAP5|NCKAP5","darkturquoise"
"gene-LOC115496031|LOC115496031","black"
"gene-MGAT5|MGAT5","green"
"gene-ACMSD|ACMSD","black"
"gene-MCM6|MCM6","lavenderblush3"
"gene-MAP3K19|MAP3K19","black"
"gene-ZRANB3|ZRANB3","red"
"gene-R3HDM1|R3HDM1","paleturquoise"
"gene-LCT|LCT","grey"
"gene-CCNT2|CCNT2","red"
"gene-RAB3GAP1|RAB3GAP1","pink"
"gene-LOC115496032|LOC115496032","darkseagreen4"
"gene-UBXN4|UBXN4","greenyellow"
"gene-DARS1|DARS1","cyan"
"gene-CXCR4|CXCR4","blue"
"gene-THSD7B|THSD7B","yellow"
"gene-LOC100228106|LOC100228106","grey"
"gene-LOC140684528|LOC140684528","tan"
"gene-SPOPL|SPOPL","palevioletred3"
"gene-NXPH2|NXPH2","yellowgreen"
"gene-LRP1B|LRP1B","darkgrey"
"gene-LOC115496033|LOC115496033","black"
"gene-LOC140684503|LOC140684503","grey60"
"gene-KYNU|KYNU","midnightblue"
"gene-ARHGAP15|ARHGAP15","tan"
"gene-GTDC1|GTDC1","tan"
"gene-LOC121470289|LOC121470289","tan"
"gene-ZEB2|ZEB2","tan"
"gene-LOC140684504|LOC140684504","pink"
"gene-ACVR2A|ACVR2A","turquoise"
"gene-ORC4|ORC4","royalblue"
"gene-MBD5|MBD5","turquoise"
"gene-LOC115496040|LOC115496040","magenta"
"gene-EPC2|EPC2","turquoise"
"gene-KIF5C|KIF5C","cyan"
"gene-MMADHC|MMADHC","brown"
"gene-RND3|RND3","blue"
"gene-RBM43|RBM43","purple"
"gene-NMI|NMI","purple"
"gene-RIF1|RIF1","purple"
"gene-NEB|NEB","plum2"
"gene-LOC115496041|LOC115496041","turquoise"
"gene-ARL5A|ARL5A","turquoise"
"gene-CACNB4|CACNB4","grey"
"gene-LOC121470244|LOC121470244","bisque4"
"gene-STAM2|STAM2","brown"
"gene-LOC140684508|LOC140684508","yellow"
"gene-LOC115496043|LOC115496043","tan"
"gene-LOC140684537|LOC140684537","yellow"
"gene-FMNL2|FMNL2","darkorange2"
"gene-RPRM|RPRM","saddlebrown"
"gene-PRPF40A|PRPF40A","midnightblue"
"gene-LOC140684509|LOC140684509","darkred"
"gene-GALNT13|GALNT13","red"
"gene-KCNJ3|KCNJ3","darkolivegreen"
"gene-NR4A2|NR4A2","blue"
"gene-GPD2|GPD2","brown"
"gene-GALNT5|GALNT5","grey"
"gene-ERMN|ERMN","yellow"
"gene-CYTIP|CYTIP","tan"
"gene-DAPL1|DAPL1","skyblue3"
"gene-CCDC148|CCDC148","blue"
"gene-PKP4|PKP4","orange"
"gene-ACVR1|ACVR1","blue"
"gene-LOC140684512|LOC140684512","tan"
"gene-UPP2|UPP2","salmon"
"gene-LOC140684513|LOC140684513","blue"
"gene-LOC115496050|LOC115496050","blue"
"gene-TANC1|TANC1","pink"
"gene-WDSUB1|WDSUB1","cyan"
"gene-BAZ2B|BAZ2B","yellow"
"gene-LOC140684515|LOC140684515","green"
"gene-MARCHF7|MARCHF7","grey"
"gene-LOC115496051|LOC115496051","black"
"gene-LOC121470339|LOC121470339","darkmagenta"
"gene-NAA20|NAA20","black"
"gene-RABGGTB|RABGGTB","sienna3"
"gene-LOC115496148|LOC115496148","black"
"gene-ACADM|ACADM","greenyellow"
"gene-SLC44A5|SLC44A5","turquoise"
"gene-CRYZ|CRYZ","grey"
"gene-ERICH3|ERICH3","plum2"
"gene-TYW3|TYW3","red"
"gene-TNNI3K|TNNI3K","darkgrey"
"gene-FPGT|FPGT","darkseagreen4"
"gene-PTGER3|PTGER3","blue"
"gene-NEGR1|NEGR1","blue"
"gene-ZRANB2|ZRANB2","orangered4"
"gene-LEPR|LEPR","skyblue"
"gene-LOC116808670|LOC116808670","pink"
"gene-LEPROT|LEPROT","turquoise"
"gene-DNAJC6|DNAJC6","blue"
"gene-LRRC7|LRRC7","orange"
"gene-CTH|CTH","lightgreen"
"gene-DEPDC1|DEPDC1","green"
"gene-DNAI4|DNAI4","paleturquoise"
"gene-SGIP1|SGIP1","orange"
"gene-PDE4B|PDE4B","salmon"
"gene-LRRC40|LRRC40","skyblue"
"gene-SRSF11|SRSF11","yellow"
"gene-ANKRD13C|ANKRD13C","blue"
"gene-RPE65|RPE65","blue"
"gene-LOC115496174|LOC115496174","yellow"
"gene-WLS|WLS","lightgreen"
"gene-DIRAS3|DIRAS3","lightcyan1"
"gene-GNG12|GNG12","black"
"gene-GADD45A|GADD45A","brown"
"gene-LOC140684596|LOC140684596","honeydew1"
"gene-SERBP1|SERBP1","turquoise"
"gene-LOC115496184|LOC115496184","tan"
"gene-SLC35D1|SLC35D1","saddlebrown"
"gene-MIER1|MIER1","brown"
"gene-DYNLT5|DYNLT5","purple"
"gene-AK4|AK4","lightgreen"
"gene-JAK1|JAK1","lightgreen"
"gene-LOC115496292|LOC115496292","blue"
"gene-RAVER2|RAVER2","grey60"
"gene-CACHD1|CACHD1","skyblue"
"gene-ROR1|ROR1","brown"
"gene-LOC140684642|LOC140684642","red"
"gene-PGM1|PGM1","red"
"gene-EFCAB7|EFCAB7","darkred"
"gene-ITGB3BP|ITGB3BP","grey"
"gene-ALG6|ALG6","brown"
"gene-ATG4C|ATG4C","red"
"gene-DOCK7|DOCK7","pink"
"gene-USP1|USP1","red"
"gene-ANGPTL3|ANGPTL3","turquoise"
"gene-KANK4|KANK4","white"
"gene-PATJ|PATJ","grey"
"gene-LOC121470314|LOC121470314","grey"
"gene-TM2D1|TM2D1","brown"
"gene-NFIA|NFIA","brown"
"gene-LOC140684630|LOC140684630","violet"
"gene-LOC115496127|LOC115496127","darkgreen"
"gene-CYP2J19A|CYP2J19A","grey60"
"gene-CYP2J40|CYP2J40","darkorange"
"gene-HOOK1|HOOK1","grey"
"gene-LOC115496126|LOC115496126","magenta"
"gene-FGGY|FGGY","red"
"gene-LOC115496129|LOC115496129","orangered4"
"gene-DAB1|DAB1","blue"
"gene-LOC140684609|LOC140684609","grey"
"gene-JUN|JUN","blue"
"gene-LOC121470393|LOC121470393","grey"
"gene-MYSM1|MYSM1","yellow"
"gene-TACSTD2|TACSTD2","blue"
"gene-OMA1|OMA1","brown"
"gene-PRKAA2|PRKAA2","yellow"
"gene-C8B|C8B","midnightblue"
"gene-C8A|C8A","midnightblue"
"gene-FYB2|FYB2","black"
"gene-PLPP3|PLPP3","pink"
"gene-PCSK9|PCSK9","grey60"
"gene-TMEM61|TMEM61","turquoise"
"gene-LOC115496151|LOC115496151","skyblue"
"gene-USP24|USP24","pink"
"gene-DHCR24|DHCR24","brown"
"gene-PARS2|PARS2","darkred"
"gene-ACOT11|ACOT11","black"
"gene-TTC4|TTC4","yellow"
"gene-TMEM205|TMEM205","darkgrey"
"gene-SSBP3|SSBP3","floralwhite"
"gene-CDCP2|CDCP2","yellow"
"gene-CYB5RL|CYB5RL","black"
"gene-MRPL37|MRPL37","turquoise"
"gene-TCEANC2|TCEANC2","skyblue"
"gene-TMEM59|TMEM59","greenyellow"
"gene-LDLRAD1|LDLRAD1","white"
"gene-LRRC42|LRRC42","darkred"
"gene-IFT25|IFT25","darkred"
"gene-DIO1|DIO1","brown"
"gene-YIPF1|YIPF1","darkgrey"
"gene-NDC1|NDC1","turquoise"
"gene-GLIS1|GLIS1","lightgreen"
"gene-LOC140684637|LOC140684637","blue"
"gene-LRP8|LRP8","purple"
"gene-MAGOH|MAGOH","black"
"gene-CZIB|CZIB","greenyellow"
"gene-CPT2|CPT2","turquoise"
"gene-PODN|PODN","lightgreen"
"gene-COA7|COA7","yellow"
"gene-GPX7|GPX7","darkred"
"gene-SCP2|SCP2","brown"
"gene-ECHDC2|ECHDC2","midnightblue"
"gene-LOC100218379|LOC100218379","turquoise"
"gene-TUT4|TUT4","red"
"gene-PRPF38A|PRPF38A","darkgreen"
"gene-ZFYVE9|ZFYVE9","turquoise"
"gene-ORC1|ORC1","purple"
"gene-CC2D1B|CC2D1B","brown"
"gene-BTF3L4|BTF3L4","darkred"
"gene-TXNDC12|TXNDC12","turquoise"
"gene-KTI12|KTI12","cyan"
"gene-LOC121470337|LOC121470337","floralwhite"
"gene-EPS15|EPS15","turquoise"
"gene-RAB3B|RAB3B","yellow"
"gene-NRDC|NRDC","turquoise"
"gene-OSBPL9|OSBPL9","blue"
"gene-TTC39A|TTC39A","cyan"
"gene-RNF11|RNF11","turquoise"
"gene-LOC115496227|LOC115496227","darkorange2"
"gene-LOC140684635|LOC140684635","darkorange2"
"gene-CDKN2C|CDKN2C","grey"
"gene-FAF1|FAF1","turquoise"
"gene-DMRTA2|DMRTA2","blue"
"gene-ELAVL4|ELAVL4","orange"
"gene-SPATA6|SPATA6","tan"
"gene-BEND5|BEND5","skyblue3"
"gene-TRABD2B|TRABD2B","grey"
"gene-LOC140684603|LOC140684603","darkmagenta"
"gene-STIL|STIL","midnightblue"
"gene-FOXD2|FOXD2","blue"
"gene-FOXE3|FOXE3","blue"
"gene-CMPK1|CMPK1","brown"
"gene-TAL1|TAL1","green"
"gene-PDZK1IP1|PDZK1IP1","turquoise"
"gene-LOC100228937|LOC100228937","skyblue3"
"gene-LOC100231862|LOC100231862","brown"
"gene-EFCAB14|EFCAB14","pink"
"gene-ATPAF1|ATPAF1","brown"
"gene-MOB3C|MOB3C","blue"
"gene-MKNK1|MKNK1","brown"
"gene-LOC100229855|LOC100229855","royalblue"
"gene-LRRC41|LRRC41","darkorange"
"gene-TMEM275|TMEM275","grey"
"gene-LOC100230788|LOC100230788","brown"
"gene-LOC100230849|LOC100230849","blue"
"gene-LOC100218384|LOC100218384","violet"
"gene-NSUN4|NSUN4","steelblue"
"gene-UQCRH|UQCRH","greenyellow"
"gene-RAD54L|RAD54L","turquoise"
"gene-TSPAN1|TSPAN1","blue"
"gene-POMGNT1|POMGNT1","turquoise"
"gene-LURAP1|LURAP1","turquoise"
"gene-PIK3R3|PIK3R3","brown"
"gene-MAST2|MAST2","salmon"
"gene-LOC100225066|LOC100225066","yellowgreen"
"gene-IPP|IPP","red"
"gene-TMEM69|TMEM69","pink"
"gene-GPBP1L1|GPBP1L1","turquoise"
"gene-LOC140684605|LOC140684605","steelblue"
"gene-CCDC17|CCDC17","darkorange"
"gene-NASP|NASP","purple"
"gene-AKR1A1|AKR1A1","turquoise"
"gene-LOC140684606|LOC140684606","yellow"
"gene-LOC100224218|LOC100224218","lightgreen"
"gene-PRDX1|PRDX1","greenyellow"
"gene-MMACHC|MMACHC","brown"
"gene-TESK2|TESK2","grey"
"gene-TOE1|TOE1","red"
"gene-HPDL|HPDL","blue"
"gene-MUTYH|MUTYH","darkgreen"
"gene-LOC101233925|LOC101233925","turquoise"
"gene-ZSWIM5|ZSWIM5","brown4"
"gene-UROD|UROD","brown"
"gene-HECTD3|HECTD3","brown"
"gene-LOC100225136|LOC100225136","cyan"
"gene-EIF2B3|EIF2B3","brown"
"gene-PTCH2|PTCH2","salmon"
"gene-BTBD19|BTBD19","grey"
"gene-PLK3|PLK3","blue"
"gene-KIF2C|KIF2C","darkorange2"
"gene-LOC121470330|LOC121470330","thistle2"
"gene-LOC115496160|LOC115496160","brown"
"gene-RPS8|RPS8","magenta"
"gene-LOC115496314|LOC115496314","black"
"gene-LOC115496315|LOC115496315","coral1"
"gene-LOC115496312|LOC115496312","steelblue"
"gene-TMEM53|TMEM53","brown"
"gene-RNF220|RNF220","turquoise"
"gene-ERI3|ERI3","turquoise"
"gene-DMAP1|DMAP1","turquoise"
"gene-KLF17|KLF17","blue"
"gene-SLC6A9|SLC6A9","green"
"gene-B4GALT2|B4GALT2","turquoise"
"gene-ATP6V0B|ATP6V0B","magenta"
"gene-ARTN|ARTN","lightcyan"
"gene-DPH2|DPH2","skyblue3"
"gene-IPO13|IPO13","turquoise"
"gene-ST3GAL3|ST3GAL3","turquoise"
"gene-KDM4A|KDM4A","darkmagenta"
"gene-PTPRF|PTPRF","pink"
"gene-HYI|HYI","magenta"
"gene-SZT2|SZT2","yellow"
"gene-MED8|MED8","magenta"
"gene-ELOVL1|ELOVL1","turquoise"
"gene-TIE1|TIE1","darkgrey"
"gene-CDC20|CDC20","green"
"gene-MPL|MPL","darkturquoise"
"gene-C8H1orf210|C8H1orf210","cyan"
"gene-TMEM125|TMEM125","skyblue3"
"gene-CFAP57|CFAP57","yellow"
"gene-EBNA1BP2|EBNA1BP2","turquoise"
"gene-CFAP144|CFAP144","midnightblue"
"gene-PIF1|PIF1","darkorange"
"gene-LOC115496172|LOC115496172","grey"
"gene-ST6GALNAC3|ST6GALNAC3","turquoise"
"gene-ST6GALNAC5|ST6GALNAC5","midnightblue"
"gene-LOC140684666|LOC140684666","cyan"
"gene-PIGK|PIGK","turquoise"
"gene-AK5|AK5","red"
"gene-ZZZ3|ZZZ3","yellow"
"gene-USP33|USP33","brown"
"gene-NEXN|NEXN","darkolivegreen"
"gene-MIGA1|MIGA1","black"
"gene-FUBP1|FUBP1","blue"
"gene-DNAJB4|DNAJB4","blue"
"gene-GIPC2|GIPC2","red"
"gene-PTGFR|PTGFR","turquoise"
"gene-LOC100227069|LOC100227069","white"
"gene-ADGRL4|ADGRL4","black"
"gene-ADGRL2|ADGRL2","tan"
"gene-TTLL7|TTLL7","grey"
"gene-LOC140684648|LOC140684648","tan"
"gene-PRKACB|PRKACB","brown"
"gene-SAMD13|SAMD13","brown"
"gene-LOC115496192|LOC115496192","sienna3"
"gene-LOC100189932|LOC100189932","yellow"
"gene-DNASE2B|DNASE2B","white"
"gene-VIT2|VIT2","white"
"gene-SSX2IP|SSX2IP","cyan"
"gene-LOC121470350|LOC121470350","yellow"
"gene-RPF1|RPF1","skyblue3"
"gene-GNG5|GNG5","brown"
"gene-SPATA1|SPATA1","red"
"gene-CTBS|CTBS","greenyellow"
"gene-LOC100219379|LOC100219379","white"
"gene-LPAR3|LPAR3","brown"
"gene-MCOLN3|MCOLN3","grey60"
"gene-DNAI3|DNAI3","black"
"gene-MCOLN2|MCOLN2","darkred"
"gene-SYDE2|SYDE2","lightcyan"
"gene-C8H1orf52|C8H1orf52","maroon"
"gene-BCL10|BCL10","pink"
"gene-LOC140684591|LOC140684591","darkred"
"gene-DDAH1|DDAH1","turquoise"
"gene-LOC121470317|LOC121470317","lightcyan"
"gene-CCN1|CCN1","thistle1"
"gene-ZNHIT6|ZNHIT6","steelblue"
"gene-COL24A1|COL24A1","red"
"gene-ODF2L|ODF2L","turquoise"
"gene-SH3GLB1|SH3GLB1","brown"
"gene-LOC115496199|LOC115496199","lightyellow"
"gene-LOC140684668|LOC140684668","plum2"
"gene-SELENOF|SELENOF","greenyellow"
"gene-HS2ST1|HS2ST1","turquoise"
"gene-LMO4|LMO4","yellowgreen"
"gene-LOC115496202|LOC115496202","cyan"
"gene-PKN2|PKN2","red"
"gene-GTF2B|GTF2B","turquoise"
"gene-LOC140684670|LOC140684670","plum2"
"gene-KYAT3|KYAT3","royalblue"
"gene-LRRC8B|LRRC8B","brown"
"gene-LRRC8C|LRRC8C","darkturquoise"
"gene-LOC140684593|LOC140684593","darkorange2"
"gene-LOC140684594|LOC140684594","darkmagenta"
"gene-LRRC8D|LRRC8D","orange"
"gene-ZNF326|ZNF326","black"
"gene-ZNF644|ZNF644","orange"
"gene-CDC7|CDC7","violet"
"gene-HFM1|HFM1","grey60"
"gene-BTBD8|BTBD8","navajowhite2"
"gene-TGFBR3|TGFBR3","grey"
"gene-C8H1orf146|C8H1orf146","red"
"gene-GLMN|GLMN","darkgreen"
"gene-RPAP2|RPAP2","red"
"gene-GFI1|GFI1","tan"
"gene-MTF2|MTF2","salmon"
"gene-EVI5|EVI5","turquoise"
"gene-RPL5|RPL5","magenta"
"gene-DIPK1A|DIPK1A","turquoise"
"gene-TMED5|TMED5","turquoise"
"gene-CCDC18|CCDC18","orange"
"gene-LOC100220645|LOC100220645","brown"
"gene-DR1|DR1","turquoise"
"gene-FNBP1L|FNBP1L","lightgreen"
"gene-BCAR3|BCAR3","blue"
"gene-LOC100230168|LOC100230168","red"
"gene-DNTTIP2|DNTTIP2","greenyellow"
"gene-GCLM|GCLM","brown"
"gene-ABCA4|ABCA4","blue"
"gene-ARHGAP29|ARHGAP29","antiquewhite4"
"gene-F3|F3","darkolivegreen"
"gene-SLC44A3|SLC44A3","plum2"
"gene-ABCD3|ABCD3","brown"
"gene-LOC140684587|LOC140684587","yellow"
"gene-CNN3|CNN3","blue"
"gene-RWDD3|RWDD3","red"
"gene-LOC115496212|LOC115496212","grey"
"gene-TLCD4|TLCD4","brown"
"gene-ALG14|ALG14","sienna3"
"gene-LOC115496213|LOC115496213","honeydew1"
"gene-LOC115496214|LOC115496214","darkmagenta"
"gene-LOC115496215|LOC115496215","grey"
"gene-HCCS|HCCS","brown"
"gene-PTBP2|PTBP2","black"
"gene-PLPPR5|PLPPR5","purple"
"gene-SNX7|SNX7","skyblue3"
"gene-DPYD|DPYD","turquoise"
"gene-LOC121470322|LOC121470322","skyblue"
"gene-LOC121470323|LOC121470323","grey"
"gene-PLPPR4|PLPPR4","orange"
"gene-LOC140684595|LOC140684595","orangered4"
"gene-PALMD|PALMD","brown"
"gene-FRRS1|FRRS1","royalblue"
"gene-AGL|AGL","red"
"gene-LOC101234018|LOC101234018","lightyellow"
"gene-LOC115496224|LOC115496224","grey60"
"gene-SLC35A3|SLC35A3","brown"
"gene-RTCA|RTCA","salmon"
"gene-SASS6|SASS6","yellow"
"gene-MFSD14A|MFSD14A","red"
"gene-TRMT13|TRMT13","darkgreen"
"gene-LRRC39|LRRC39","yellow"
"gene-DBT|DBT","turquoise"
"gene-VCAM1|VCAM1","green"
"gene-GPR88|GPR88","yellow"
"gene-CDC14A|CDC14A","greenyellow"
"gene-S1PR1|S1PR1","blue"
"gene-EXTL2|EXTL2","blue"
"gene-SLC30A7|SLC30A7","turquoise"
"gene-DPH5|DPH5","brown"
"gene-LOC100218707|LOC100218707","grey"
"gene-OLFM3|OLFM3","skyblue3"
"gene-LOC100218765|LOC100218765","darkgreen"
"gene-LOC115496226|LOC115496226","purple"
"gene-COL11A1|COL11A1","grey"
"gene-RNPC3|RNPC3","black"
"gene-LOC100231240|LOC100231240","darkgreen"
"gene-LOC100221615|LOC100221615","darkgreen"
"gene-NTNG1|NTNG1","grey"
"gene-LOC115496235|LOC115496235","darkgreen"
"gene-VAV3|VAV3","yellowgreen"
"gene-SLC25A24|SLC25A24","green"
"gene-EEIG2|EEIG2","blue"
"gene-HENMT1|HENMT1","blue"
"gene-PRPF38B|PRPF38B","blue"
"gene-FNDC7|FNDC7","lightcyan"
"gene-AKNAD1|AKNAD1","tan"
"gene-STXBP3|STXBP3","mediumpurple3"
"gene-GPSM2|GPSM2","turquoise"
"gene-CLCC1|CLCC1","cyan"
"gene-WDR47|WDR47","yellow"
"gene-KIF14|KIF14","tan"
"gene-ZNF281|ZNF281","turquoise"
"gene-DDX59|DDX59","darkred"
"gene-CAMSAP2|CAMSAP2","brown"
"gene-LOC115496238|LOC115496238","blue"
"gene-NR5A2|NR5A2","turquoise"
"gene-LOC140684586|LOC140684586","grey"
"gene-LOC115496241|LOC115496241","darkorange2"
"gene-LOC140684613|LOC140684613","grey60"
"gene-LOC116808643|LOC116808643","black"
"gene-PTPRC|PTPRC","green"
"gene-NEK7|NEK7","pink"
"gene-LOC140684652|LOC140684652","pink"
"gene-DENND1B|DENND1B","turquoise"
"gene-CRB1|CRB1","green"
"gene-ZBTB41|ZBTB41","pink"
"gene-ASPM|ASPM","green"
"gene-LOC100220118|LOC100220118","greenyellow"
"gene-CFH|CFH","midnightblue"
"gene-LOC115496249|LOC115496249","blue"
"gene-KCNT2|KCNT2","midnightblue"
"gene-LOC115496250|LOC115496250","darkgreen"
"gene-CDC73|CDC73","turquoise"
"gene-B3GALT2|B3GALT2","pink"
"gene-LAMC2|LAMC2","salmon"
"gene-LAMC1|LAMC1","royalblue"
"gene-NCF2|NCF2","green"
"gene-NPL|NPL","yellow"
"gene-GLRX2|GLRX2","brown"
"gene-RO60|RO60","grey"
"gene-UCHL5|UCHL5","greenyellow"
"gene-LOC115496254|LOC115496254","yellow"
"gene-RC3H1|RC3H1","turquoise"
"gene-SERPINC1|SERPINC1","turquoise"
"gene-ZBTB37|ZBTB37","lightyellow"
"gene-MIR2989-2|MIR2989-2","brown"
"gene-LOC115496310|LOC115496310","blue"
"gene-LOC115496322|LOC115496322","cyan"
"gene-LOC115496319|LOC115496319","cyan"
"gene-LOC115496311|LOC115496311","blue"
"gene-HEBP2|HEBP2","blue"
"gene-DHX9|DHX9","palevioletred3"
"gene-SMG7|SMG7","yellow"
"gene-RGL1|RGL1","green"
"gene-ARPC5|ARPC5","saddlebrown"
"gene-COLGALT2|COLGALT2","maroon"
"gene-TSEN15|TSEN15","magenta"
"gene-NIBAN1|NIBAN1","tan"
"gene-C8H1orf21|C8H1orf21","darkolivegreen"
"gene-EDEM3|EDEM3","purple"
"gene-LOC115496258|LOC115496258","pink"
"gene-RNF2|RNF2","pink"
"gene-TRMT1L|TRMT1L","turquoise"
"gene-SWT1|SWT1","yellow"
"gene-HMCN1|HMCN1","darkorange"
"gene-IVNS1ABP|IVNS1ABP","lightcyan"
"gene-PRG4|PRG4","darkolivegreen"
"gene-TPR|TPR","tan"
"gene-ODR4|ODR4","pink"
"gene-PTGS2|PTGS2","green"
"gene-LOC140684616|LOC140684616","grey"
"gene-PLA2G4A|PLA2G4A","cyan"
"gene-LOC140684658|LOC140684658","blue"
"gene-LOC100224894|LOC100224894","palevioletred3"
"gene-RABGAP1L|RABGAP1L","cyan"
"gene-LOC140684622|LOC140684622","red"
"gene-GPR52|GPR52","palevioletred3"
"gene-CACYBP|CACYBP","blue"
"gene-MRPS14|MRPS14","greenyellow"
"gene-LOC115492431|LOC115492431","tan"
"gene-LOC121470381|LOC121470381","black"
"gene-LOC121470383|LOC121470383","blue"
"gene-LOC140684627|LOC140684627","yellow"
"gene-LOC140684626|LOC140684626","bisque4"
"gene-LOC100231026|LOC100231026","black"
"gene-RGS2|RGS2","green"
"gene-RGS1|RGS1","thistle1"
"gene-RGS18|RGS18","green"
"gene-LOC115496301|LOC115496301","lightcyan"
"gene-RGS4|RGS4","tan"
"gene-LOC100229508|LOC100229508","grey"
"gene-HTATIP2|HTATIP2","brown"
"gene-LOC100231450|LOC100231450","green"
"gene-ATF6|ATF6","midnightblue"
"gene-OLFML2B|OLFML2B","turquoise"
"gene-HSD17B7|HSD17B7","coral1"
"gene-DDR2|DDR2","blue"
"gene-UAP1|UAP1","midnightblue"
"gene-NOS1AP|NOS1AP","brown"
"gene-SPATA46|SPATA46","lightyellow"
"gene-UHMK1|UHMK1","turquoise"
"gene-TMEM121|TMEM121","royalblue"
"gene-TEDC1|TEDC1","pink"
"gene-CRIP1|CRIP1","tan"
"gene-LOC100218042|LOC100218042","lightpink4"
"gene-MTA1|MTA1","blue"
"gene-PACS2|PACS2","darkmagenta"
"gene-SEC22B|SEC22B","brown"
"gene-REG4|REG4","blue"
"gene-NOTCH2|NOTCH2","brown4"
"gene-PDE4DIP|PDE4DIP","palevioletred3"
"gene-PRKAB2|PRKAB2","yellow"
"gene-LOC100232391|LOC100232391","white"
"gene-LOC100229443|LOC100229443","brown"
"gene-HMGCS2|HMGCS2","yellowgreen"
"gene-PHGDH|PHGDH","blue"
"gene-TNFSF4|TNFSF4","lightgreen"
"gene-PLPP6|PLPP6","sienna3"
"gene-FAM78B|FAM78B","red"
"gene-PRDX6|PRDX6","sienna3"
"gene-TADA1|TADA1","blue"
"gene-FASLG|FASLG","tan"
"gene-SUCO|SUCO","turquoise"
"gene-LOC140684632|LOC140684632","black"
"gene-LOC115496285|LOC115496285","grey60"
"gene-PIGC|PIGC","grey"
"gene-DNM3|DNM3","black"
"gene-LOC140684631|LOC140684631","lightsteelblue1"
"gene-METTL13|METTL13","navajowhite2"
"gene-ITPA|ITPA","magenta"
"gene-MYOC|MYOC","pink"
"gene-VAMP4|VAMP4","thistle2"
"gene-PRRC2C|PRRC2C","grey"
"gene-PRRX1|PRRX1","cyan"
"gene-LOC100225686|LOC100225686","grey"
"gene-FMO1|FMO1","brown"
"gene-GORAB|GORAB","black"
"gene-NTMT2|NTMT2","thistle1"
"gene-FIRRM|FIRRM","red"
"gene-KIFAP3|KIFAP3","turquoise"
"gene-SCYL3|SCYL3","greenyellow"
"gene-METTL18|METTL18","greenyellow"
"gene-LOC140684633|LOC140684633","plum1"
"gene-LOC100189978|LOC100189978","magenta"
"gene-SELE|SELE","purple"
"gene-RXRG|RXRG","paleturquoise"
"gene-LOC115496283|LOC115496283","orangered4"
"gene-PBX1|PBX1","turquoise"
"gene-LOC115496281|LOC115496281","thistle2"
"gene-LOC140684638|LOC140684638","navajowhite2"
"gene-NUF2|NUF2","purple"
"gene-KLHL20|KLHL20","skyblue"
"gene-LOC115496279|LOC115496279","red"
"gene-CENPL|CENPL","grey"
"gene-DARS2|DARS2","white"
"gene-MGST3|MGST3","magenta"
"gene-ALDH9A1|ALDH9A1","turquoise"
"gene-TMCO1|TMCO1","midnightblue"
"gene-UCK2|UCK2","midnightblue"
"gene-RGS8|RGS8","white"
"gene-LOC115496278|LOC115496278","black"
"gene-LOC100230430|LOC100230430","lightcyan"
"gene-CACNA1E|CACNA1E","orange"
"gene-IER5|IER5","orange"
"gene-STX6|STX6","turquoise"
"gene-KIAA1614|KIAA1614","tan"
"gene-GLUL|GLUL","pink"
"gene-XPR1|XPR1","turquoise"
"gene-ACBD6|ACBD6","maroon"
"gene-QSOX1|QSOX1","blue"
"gene-CEP350|CEP350","darkgrey"
"gene-LOC100225641|LOC100225641","turquoise"
"gene-TOR1AIP2|TOR1AIP2","pink"
"gene-TDRD5|TDRD5","grey"
"gene-SOAT1|SOAT1","blue"
"gene-ABL2|ABL2","grey"
"gene-TOR3A|TOR3A","brown"
"gene-FAM20B|FAM20B","brown"
"gene-RALGPS2|RALGPS2","brown"
"gene-RASAL2|RASAL2","purple"
"gene-LOC140684645|LOC140684645","darkorange"
"gene-LOC115496274|LOC115496274","brown"
"gene-LOC140684646|LOC140684646","brown"
"gene-SEC16B|SEC16B","brown"
"gene-LOC116808648|LOC116808648","tan"
"gene-BRINP2|BRINP2","magenta"
"gene-LOC116808649|LOC116808649","purple"
"gene-COP1|COP1","turquoise"
"gene-TNR|TNR","lightyellow"
"gene-LOC140684649|LOC140684649","yellow"
"gene-KIAA0040|KIAA0040","grey"
"gene-LOC140684656|LOC140684656","darkturquoise"
"gene-CLSTN2|CLSTN2","grey60"
"gene-NMNAT3|NMNAT3","paleturquoise"
"gene-LOC115496384|LOC115496384","mediumpurple3"
"gene-COPB2|COPB2","brown"
"gene-MRPS22|MRPS22","brown"
"gene-PIK3CB|PIK3CB","pink"
"gene-PER2|PER2","antiquewhite4"
"gene-LOC100232098|LOC100232098","lightgreen"
"gene-LOC115496397|LOC115496397","brown4"
"gene-CAB39|CAB39","saddlebrown"
"gene-ITM2C|ITM2C","green"
"gene-GPR55|GPR55","tan"
"gene-LOC105759491|LOC105759491","green"
"gene-LOC100232037|LOC100232037","green"
"gene-LOC121470441|LOC121470441","blue"
"gene-ST6GAL1|ST6GAL1","midnightblue"
"gene-LOC140684685|LOC140684685","salmon"
"gene-ADIPOQ|ADIPOQ","brown4"
"gene-COPS9|COPS9","greenyellow"
"gene-OTOS|OTOS","lavenderblush3"
"gene-LOC100218614|LOC100218614","plum1"
"gene-GPC1|GPC1","yellow"
"gene-MAP6D1|MAP6D1","greenyellow"
"gene-DUSP28|DUSP28","grey"
"gene-LOC100219596|LOC100219596","darkred"
"gene-LOC140684688|LOC140684688","green"
"gene-PARL|PARL","brown"
"gene-KLHL6|KLHL6","green"
"gene-ARHGEF4|ARHGEF4","tan"
"gene-YEATS2|YEATS2","red"
"gene-LOC140684675|LOC140684675","grey"
"gene-KLHL24|KLHL24","antiquewhite4"
"gene-LOC115496469|LOC115496469","lightcyan"
"gene-FAM168B|FAM168B","lightgreen"
"gene-PLEKHB2|PLEKHB2","blue"
"gene-HS6ST1|HS6ST1","lightgreen"
"gene-UGGT1|UGGT1","turquoise"
"gene-SAP130|SAP130","ivory"
"gene-FBXL12|FBXL12","grey"
"gene-WDR33|WDR33","turquoise"
"gene-AMMECR1L|AMMECR1L","turquoise"
"gene-LOC140684672|LOC140684672","red"
"gene-POLR2D|POLR2D","cyan"
"gene-SFT2D3|SFT2D3","black"
"gene-PAK2|PAK2","grey"
"gene-LOC115496349|LOC115496349","violet"
"gene-NRROS|NRROS","pink"
"gene-PIGX|PIGX","black"
"gene-CEP19|CEP19","magenta"
"gene-FBXO45|FBXO45","greenyellow"
"gene-WDR53|WDR53","brown"
"gene-LOC140684753|LOC140684753","black"
"gene-RNF168|RNF168","red"
"gene-UBXN7|UBXN7","red"
"gene-TM4SF19|TM4SF19","green"
"gene-NEU4|NEU4","lightgreen"
"gene-TSPEAR|TSPEAR","yellow"
"gene-LOC100227325|LOC100227325","blue"
"gene-ETV5|ETV5","brown"
"gene-FARP2|FARP2","red"
"gene-D2HGDH|D2HGDH","yellow"
"gene-ING5|ING5","skyblue"
"gene-DTYMK|DTYMK","black"
"gene-ATG4B|ATG4B","skyblue"
"gene-THAP4|THAP4","greenyellow"
"gene-UBE2G2|UBE2G2","turquoise"
"gene-LOC115496454|LOC115496454","blue"
"gene-PTTG1IP|PTTG1IP","blue"
"gene-BOK|BOK","darkgrey"
"gene-STK25|STK25","turquoise"
"gene-MAB21L4|MAB21L4","darkmagenta"
"gene-AGXT|AGXT","yellow"
"gene-PASK|PASK","yellow"
"gene-SEPTIN2|SEPTIN2","green"
"gene-HDLBP|HDLBP","turquoise"
"gene-PPP1R7|PPP1R7","floralwhite"
"gene-MTERF4|MTERF4","magenta"
"gene-SNED1|SNED1","yellow"
"gene-KLHL30|KLHL30","darkred"
"gene-LOC105759498|LOC105759498","orangered4"
"gene-ESPNL|ESPNL","purple"
"gene-KIF1A|KIF1A","royalblue"
"gene-ILKAP|ILKAP","magenta"
"gene-SRPRB|SRPRB","turquoise"
"gene-SLCO2A1|SLCO2A1","green"
"gene-RYK|RYK","sienna3"
"gene-AMOTL2|AMOTL2","blue"
"gene-SENP2|SENP2","darkmagenta"
"gene-IGF2BP2|IGF2BP2","darkorange"
"gene-TRA2B|TRA2B","darkred"
"gene-LOC140684686|LOC140684686","red"
"gene-CFAP410|CFAP410","cyan"
"gene-PFKL|PFKL","brown4"
"gene-PROCR|PROCR","darkgrey"
"gene-DNAJB11|DNAJB11","midnightblue"
"gene-TBCCD1|TBCCD1","purple"
"gene-CRYGS|CRYGS","grey"
"gene-EPHB1|EPHB1","darkgrey"
"gene-CEP63|CEP63","yellow"
"gene-ANAPC13|ANAPC13","skyblue3"
"gene-TF|TF","blue"
"gene-LIPH|LIPH","yellow"
"gene-MAP3K13|MAP3K13","blue"
"gene-TMEM41A|TMEM41A","brown"
"gene-EHHADH|EHHADH","brown"
"gene-C9H3orf70|C9H3orf70","salmon4"
"gene-VPS8|VPS8","grey"
"gene-NME9|NME9","yellow"
"gene-ARMC8|ARMC8","turquoise"
"gene-DBR1|DBR1","brown"
"gene-PPP2R3A|PPP2R3A","brown"
"gene-SLC35G2|SLC35G2","blue"
"gene-PCCB|PCCB","grey"
"gene-MSL2|MSL2","turquoise"
"gene-STAG1|STAG1","turquoise"
"gene-LOC121470470|LOC121470470","magenta"
"gene-SCLY|SCLY","paleturquoise"
"gene-LOC100218598|LOC100218598","turquoise"
"gene-EFHD1|EFHD1","skyblue"
"gene-LOC115496364|LOC115496364","lightcyan"
"gene-SNORC|SNORC","blue"
"gene-GIGYF2|GIGYF2","yellow"
"gene-KCNJ13|KCNJ13","yellow"
"gene-NGEF|NGEF","salmon"
"gene-INPP5D|INPP5D","darkorange"
"gene-NEU2|NEU2","salmon4"
"gene-ATG16L1|ATG16L1","skyblue"
"gene-SAG|SAG","black"
"gene-LOC115496478|LOC115496478","grey"
"gene-SPSB4|SPSB4","lightpink4"
"gene-DGKD|DGKD","yellow"
"gene-LOC100226327|LOC100226327","coral1"
"gene-LOC140684699|LOC140684699","darkgrey"
"gene-PROC|PROC","lightyellow"
"gene-IWS1|IWS1","red"
"gene-LIMS2|LIMS2","brown"
"gene-SLC25A36|SLC25A36","yellow"
"gene-PXYLP1|PXYLP1","brown"
"gene-EPHA4|EPHA4","yellow"
"gene-RNF228|RNF228","lightcyan"
"gene-SGPP2|SGPP2","pink"
"gene-FARSB|FARSB","skyblue"
"gene-MOGAT1|MOGAT1","skyblue"
"gene-KCNE4|KCNE4","grey"
"gene-ACSL3|ACSL3","pink"
"gene-SCG2|SCG2","turquoise"
"gene-AP1S3|AP1S3","purple"
"gene-WDFY1|WDFY1","turquoise"
"gene-SERPINE2|SERPINE2","plum1"
"gene-FAM124B|FAM124B","red"
"gene-LOC100225337|LOC100225337","brown4"
"gene-CUL3|CUL3","brown"
"gene-DOCK10|DOCK10","green"
"gene-NYAP2|NYAP2","violet"
"gene-LOC121470428|LOC121470428","darkturquoise"
"gene-LOC115496381|LOC115496381","blue"
"gene-IRS1|IRS1","turquoise"
"gene-RHBDD1|RHBDD1","yellow"
"gene-LOC115496365|LOC115496365","purple"
"gene-COL4A4|COL4A4","purple"
"gene-COL4A3|COL4A3","yellow"
"gene-MFF|MFF","darkred"
"gene-AGFG1|AGFG1","turquoise"
"gene-MRPL44|MRPL44","greenyellow"
"gene-LOC100227272|LOC100227272","grey"
"gene-SLC19A3|SLC19A3","blue"
"gene-CCL20|CCL20","blue"
"gene-SPHKAP|SPHKAP","purple"
"gene-PID1|PID1","blue"
"gene-DNER|DNER","grey"
"gene-SLC16A14|SLC16A14","pink"
"gene-LOC140684709|LOC140684709","grey"
"gene-LOC140684701|LOC140684701","grey60"
"gene-TRIP12|TRIP12","lightgreen"
"gene-ZBTB38|ZBTB38","grey"
"gene-RASA2|RASA2","red"
"gene-RNF7|RNF7","brown"
"gene-GRK7|GRK7","sienna3"
"gene-ATP1B3|ATP1B3","green"
"gene-TFDP2|TFDP2","turquoise"
"gene-XRN1|XRN1","darkmagenta"
"gene-GK5|GK5","darkred"
"gene-ATR|ATR","yellow"
"gene-PLS1|PLS1","white"
"gene-TRPC1|TRPC1","royalblue"
"gene-PCOLCE2|PCOLCE2","grey60"
"gene-U2SURP|U2SURP","darkorange"
"gene-PAQR9|PAQR9","turquoise"
"gene-CHST2|CHST2","skyblue"
"gene-SLC9A9|SLC9A9","tan"
"gene-DIPK2A|DIPK2A","darkorange"
"gene-PLOD2|PLOD2","cyan"
"gene-PLSCR1|PLSCR1","purple"
"gene-LOC115496391|LOC115496391","purple"
"gene-AGTR1|AGTR1","plum1"
"gene-DLG1|DLG1","brown"
"gene-CPB1|CPB1","plum2"
"gene-LOC116808685|LOC116808685","turquoise"
"gene-PIGZ|PIGZ","blue"
"gene-MELTF|MELTF","purple"
"gene-APOD|APOD","turquoise"
"gene-LOC121470442|LOC121470442","turquoise"
"gene-BDH1|BDH1","lightgreen"
"gene-LOC100232689|LOC100232689","midnightblue"
"gene-PPP1R2|PPP1R2","turquoise"
"gene-ACAP2|ACAP2","red"
"gene-XXYLT1|XXYLT1","sienna3"
"gene-FAM43A|FAM43A","blue"
"gene-LSG1|LSG1","grey"
"gene-LOC140684687|LOC140684687","yellow"
"gene-ATP13A3|ATP13A3","turquoise"
"gene-LOC101234091|LOC101234091","green"
"gene-LOC116808697|LOC116808697","violet"
"gene-LOC116808714|LOC116808714","yellow"
"gene-HES1|HES1","blue"
"gene-ATP13A4|ATP13A4","darkseagreen4"
"gene-OPA1|OPA1","brown"
"gene-MB21D2|MB21D2","lightcyan"
"gene-FGF12|FGF12","turquoise"
"gene-LOC100224009|LOC100224009","thistle2"
"gene-LOC100232623|LOC100232623","green"
"gene-LOC100190450|LOC100190450","purple"
"gene-LOC115496342|LOC115496342","purple"
"gene-LOC100226902|LOC100226902","pink"
"gene-PLAAT1|PLAAT1","greenyellow"
"gene-LOC140684674|LOC140684674","violet"
"gene-CCDC50|CCDC50","mediumpurple3"
"gene-TMEM207|TMEM207","grey"
"gene-IL1RAP|IL1RAP","brown4"
"gene-CLDN1|CLDN1","turquoise"
"gene-P3H2|P3H2","lightpink4"
"gene-TP63|TP63","lightgreen"
"gene-LPP|LPP","skyblue"
"gene-LOC140684748|LOC140684748","purple"
"gene-LOC116808692|LOC116808692","black"
"gene-BCL6|BCL6","orangered4"
"gene-LOC101232826|LOC101232826","brown"
"gene-MASP1|MASP1","lavenderblush3"
"gene-PDCD1|PDCD1","green"
"gene-DYNLT2B|DYNLT2B","lightgreen"
"gene-PCYT1A|PCYT1A","coral1"
"gene-SLC51A|SLC51A","midnightblue"
"gene-TFRC|TFRC","grey"
"gene-TNK2|TNK2","blue"
"gene-LOC101232903|LOC101232903","orange"
"gene-RUBCN|RUBCN","steelblue"
"gene-LRCH3|LRCH3","darkturquoise"
"gene-IQCG|IQCG","plum2"
"gene-LOC105759518|LOC105759518","green"
"gene-LOC100226900|LOC100226900","steelblue"
"gene-LOC115496426|LOC115496426","brown"
"gene-FYTTD1|FYTTD1","saddlebrown"
"gene-RPL35A|RPL35A","magenta"
"gene-LOC115496371|LOC115496371","blue"
"gene-C9H2orf72|C9H2orf72","yellow"
"gene-PSMD1|PSMD1","turquoise"
"gene-HTR2B|HTR2B","brown4"
"gene-ARMC9|ARMC9","cyan"
"gene-B3GNT7|B3GNT7","green"
"gene-NCL|NCL","skyblue"
"gene-LOC115496473|LOC115496473","blue"
"gene-LOC115496477|LOC115496477","steelblue"
"gene-LOC140684718|LOC140684718","yellow"
"gene-PTMA|PTMA","midnightblue"
"gene-PDE6D|PDE6D","midnightblue"
"gene-COPS7B|COPS7B","turquoise"
"gene-LOC100219277|LOC100219277","tan"
"gene-LOC100231768|LOC100231768","navajowhite2"
"gene-LOC100228856|LOC100228856","navajowhite2"
"gene-DIS3L2|DIS3L2","turquoise"
"gene-CHRNG|CHRNG","maroon"
"gene-SLC12A9|SLC12A9","green"
"gene-EIF4E2|EIF4E2","turquoise"
"gene-LOC100218227|LOC100218227","lightsteelblue1"
"gene-LOC100221075|LOC100221075","salmon4"
"gene-LOC100230674|LOC100230674","blue"
"gene-CAPN10|CAPN10","salmon"
"gene-RNPEPL1|RNPEPL1","lightgreen"
"gene-ABCC5|ABCC5","salmon"
"gene-EIF2B5|EIF2B5","turquoise"
"gene-DVL3|DVL3","purple"
"gene-AP2M1|AP2M1","turquoise"
"gene-ABCF3|ABCF3","turquoise"
"gene-VWA5B2|VWA5B2","purple"
"gene-LOC121470407|LOC121470407","turquoise"
"gene-LOC121470408|LOC121470408","purple"
"gene-ALG3|ALG3","grey"
"gene-EEF1AKMT4|EEF1AKMT4","purple"
"gene-CAMK2N2|CAMK2N2","blue"
"gene-ECE2|ECE2","maroon"
"gene-LOC105759524|LOC105759524","brown"
"gene-PSMD2|PSMD2","pink"
"gene-FAM131A|FAM131A","darkgrey"
"gene-EIF4G1|EIF4G1","turquoise"
"gene-CHRD|CHRD","darkturquoise"
"gene-THPO|THPO","green"
"gene-CLCN2|CLCN2","palevioletred3"
"gene-POLR2H|POLR2H","yellowgreen"
"gene-EPHB3|EPHB3","lightsteelblue1"
"gene-LOC115496408|LOC115496408","black"
"gene-LOC140684715|LOC140684715","midnightblue"
"gene-LOC140684694|LOC140684694","darkgreen"
"gene-SENP5|SENP5","brown"
"gene-LOC140684693|LOC140684693","blue"
"gene-AHSG|AHSG","greenyellow"
"gene-FETUB|FETUB","red"
"gene-HRG|HRG","saddlebrown"
"gene-KNG1|KNG1","greenyellow"
"gene-RFC4|RFC4","magenta"
"gene-MCF2L2|MCF2L2","violet"
"gene-B3GNT5|B3GNT5","green"
"gene-LAMP3|LAMP3","yellow"
"gene-EIF4A2|EIF4A2","coral1"
"gene-LOC115496485|LOC115496485","steelblue"
"gene-LOC115496482|LOC115496482","steelblue"
"gene-LOC115496474|LOC115496474","steelblue"
"gene-MCCC1|MCCC1","orange"
"gene-DCUN1D1|DCUN1D1","grey60"
"gene-ATP11B|ATP11B","turquoise"
"gene-SOX2|SOX2","lavenderblush3"
"gene-DNAJC19|DNAJC19","black"
"gene-FXR1|FXR1","blue"
"gene-CCDC39|CCDC39","blue"
"gene-TTC14|TTC14","yellow"
"gene-PEX5L|PEX5L","orange"
"gene-USP13|USP13","tan"
"gene-NDUFB5|NDUFB5","greenyellow"
"gene-MRPL47|MRPL47","brown"
"gene-ACTL6A|ACTL6A","brown"
"gene-GNB4|GNB4","turquoise"
"gene-ZNF639|ZNF639","brown"
"gene-MFN1|MFN1","brown"
"gene-PIK3CA|PIK3CA","antiquewhite4"
"gene-LOC140684714|LOC140684714","blue"
"gene-ZMAT3|ZMAT3","turquoise"
"gene-LOC140684722|LOC140684722","darkgreen"
"gene-LOC121470467|LOC121470467","grey"
"gene-TBL1XR1|TBL1XR1","turquoise"
"gene-LOC115496373|LOC115496373","ivory"
"gene-ECT2|ECT2","tan"
"gene-NAALADL2|NAALADL2","violet"
"gene-NCEH1|NCEH1","turquoise"
"gene-LOC115496336|LOC115496336","yellow"
"gene-TNFSF10|TNFSF10","yellow"
"gene-FNDC3B|FNDC3B","midnightblue"
"gene-PLD1|PLD1","brown4"
"gene-TNIK|TNIK","green"
"gene-SLC2A2|SLC2A2","midnightblue"
"gene-EIF5A2|EIF5A2","turquoise"
"gene-RPL22L1|RPL22L1","blue"
"gene-SKIL|SKIL","pink"
"gene-PRKCI|PRKCI","red"
"gene-PHC3|PHC3","yellow"
"gene-GPR160|GPR160","tan"
"gene-LRRC31|LRRC31","brown4"
"gene-SAMD7|SAMD7","blue"
"gene-LRRC34|LRRC34","brown4"
"gene-SEC62|SEC62","turquoise"
"gene-MYNN|MYNN","turquoise"
"gene-MECOM|MECOM","darkmagenta"
"gene-LOC100227840|LOC100227840","grey"
"gene-GOLIM4|GOLIM4","darkgreen"
"gene-SERPINI1|SERPINI1","white"
"gene-PDCD10|PDCD10","turquoise"
"gene-SI|SI","violet"
"gene-SLITRK3|SLITRK3","pink"
"gene-BCHE|BCHE","salmon"
"gene-LOC115496398|LOC115496398","grey"
"gene-LOC140684720|LOC140684720","purple"
"gene-NMD3|NMD3","cyan"
"gene-ARL14|ARL14","blue"
"gene-PPM1L|PPM1L","brown"
"gene-LOC140684721|LOC140684721","royalblue"
"gene-B3GALNT1|B3GALNT1","darkred"
"gene-KPNA4|KPNA4","greenyellow"
"gene-LOC115496484|LOC115496484","magenta"
"gene-SMC4|SMC4","green"
"gene-IFT80|IFT80","black"
"gene-TRIM59|TRIM59","turquoise"
"gene-CARD8|CARD8","orangered4"
"gene-SCHIP1|SCHIP1","lightcyan"
"gene-LOC115496402|LOC115496402","purple"
"gene-MFSD1|MFSD1","midnightblue"
"gene-RARRES1|RARRES1","darkslateblue"
"gene-GFM1|GFM1","brown"
"gene-LOC105759531|LOC105759531","cyan"
"gene-MLF1|MLF1","brown"
"gene-LOC140684730|LOC140684730","plum2"
"gene-RSRC1|RSRC1","turquoise"
"gene-VEPH1|VEPH1","bisque4"
"gene-CCNL1|CCNL1","black"
"gene-LEKR1|LEKR1","blue"
"gene-TIPARP|TIPARP","blue"
"gene-KCNAB1|KCNAB1","cyan"
"gene-SSR3|SSR3","magenta"
"gene-GMPS|GMPS","turquoise"
"gene-LOC140684680|LOC140684680","grey"
"gene-PLCH1|PLCH1","darkmagenta"
"gene-SLC33A1|SLC33A1","turquoise"
"gene-C9H3orf33|C9H3orf33","red"
"gene-MME|MME","white"
"gene-RAP2B|RAP2B","plum1"
"gene-DHX36|DHX36","turquoise"
"gene-LOC140684681|LOC140684681","tan"
"gene-ARHGEF26|ARHGEF26","violet"
"gene-P2RY1|P2RY1","darkgreen"
"gene-SUCNR1|SUCNR1","darkolivegreen"
"gene-MBNL1|MBNL1","green"
"gene-AADAC|AADAC","turquoise"
"gene-IGSF10|IGSF10","orange"
"gene-LOC140684752|LOC140684752","grey"
"gene-P2RY12|P2RY12","green"
"gene-P2RY13|P2RY13","purple"
"gene-P2RY14|P2RY14","lightpink4"
"gene-GPR171|GPR171","grey60"
"gene-CLRN1|CLRN1","green"
"gene-SIAH2|SIAH2","green"
"gene-ERICH6|ERICH6","blue"
"gene-SELENOT|SELENOT","magenta"
"gene-EIF2A|EIF2A","turquoise"
"gene-LOC115496387|LOC115496387","darkgreen"
"gene-LOC115496385|LOC115496385","paleturquoise"
"gene-SERP1|SERP1","magenta"
"gene-TSC22D2|TSC22D2","midnightblue"
"gene-LOC140684754|LOC140684754","grey"
"gene-PFN2|PFN2","brown"
"gene-RNF13|RNF13","sienna3"
"gene-COMMD2|COMMD2","black"
"gene-TM4SF1|TM4SF1","blue"
"gene-WWTR1|WWTR1","red"
"gene-TM4SF4|TM4SF4","black"
"gene-TM4SF18|TM4SF18","salmon"
"gene-LOC115496394|LOC115496394","grey60"
"gene-GYG1|GYG1","red"
"gene-LOC121470438|LOC121470438","darkgreen"
"gene-CP|CP","midnightblue"
"gene-HPS3|HPS3","grey"
"gene-LOC100229371|LOC100229371","grey"
"gene-LOC140684698|LOC140684698","white"
"gene-USP3|USP3","turquoise"
"gene-HERC1|HERC1","pink"
"gene-LOC121470544|LOC121470544","red"
"gene-FBXL22|FBXL22","red"
"gene-DAPK2|DAPK2","cyan"
"gene-TBC1D2B|TBC1D2B","green"
"gene-CIB2|CIB2","purple"
"gene-DNAJA4|DNAJA4","blue"
"gene-IDH3A|IDH3A","brown"
"gene-ACSBG1|ACSBG1","blue"
"gene-SKIC8|SKIC8","darkred"
"gene-LOC140684795|LOC140684795","yellow"
"gene-IREB2|IREB2","brown"
"gene-CHRNA5|CHRNA5","green"
"gene-CHRNA3|CHRNA3","black"
"gene-HYKK|HYKK","magenta"
"gene-PSMA4|PSMA4","greenyellow"
"gene-SCAPER|SCAPER","yellow"
"gene-NRG4|NRG4","brown"
"gene-TMEM266|TMEM266","yellow"
"gene-UBE2Q2|UBE2Q2","turquoise"
"gene-FBXO22|FBXO22","greenyellow"
"gene-ETFA|ETFA","brown"
"gene-RCN2|RCN2","blue"
"gene-PSTPIP1|PSTPIP1","green"
"gene-LOC140684831|LOC140684831","brown"
"gene-PEAK1|PEAK1","pink"
"gene-TSPAN3|TSPAN3","brown"
"gene-HMG20A|HMG20A","red"
"gene-LINGO1|LINGO1","grey"
"gene-LOC140684772|LOC140684772","blue"
"gene-CSPG4|CSPG4","blue"
"gene-SNX33|SNX33","brown"
"gene-SNUPN|SNUPN","pink"
"gene-PTPN9|PTPN9","red"
"gene-SIN3A|SIN3A","darkmagenta"
"gene-MAN2C1|MAN2C1","steelblue"
"gene-NEIL1|NEIL1","salmon"
"gene-COMMD4|COMMD4","greenyellow"
"gene-PPCDC|PPCDC","turquoise"
"gene-LOC100229886|LOC100229886","blue"
"gene-LOC140684806|LOC140684806","darkorange2"
"gene-LOC140684807|LOC140684807","violet"
"gene-LOC140684808|LOC140684808","bisque4"
"gene-LOC140684794|LOC140684794","yellow"
"gene-LOC121470534|LOC121470534","grey"
"gene-LOC140684789|LOC140684789","darkorange2"
"gene-LOC140684809|LOC140684809","darkorange2"
"gene-LOC140684810|LOC140684810","red"
"gene-LOC140684812|LOC140684812","tan"
"gene-SCAMP5|SCAMP5","turquoise"
"gene-RPP25|RPP25","coral1"
"gene-LOC140684769|LOC140684769","sienna3"
"gene-COX5A|COX5A","greenyellow"
"gene-FAM219B|FAM219B","plum2"
"gene-MPI|MPI","green"
"gene-SCAMP2|SCAMP2","brown"
"gene-ULK3|ULK3","orangered4"
"gene-CSK|CSK","pink"
"gene-LOC100230890|LOC100230890","salmon"
"gene-LOC100231840|LOC100231840","salmon"
"gene-CLK3|CLK3","yellow"
"gene-EDC3|EDC3","skyblue"
"gene-ARID3B|ARID3B","purple"
"gene-LOC115496608|LOC115496608","sienna3"
"gene-UBL7|UBL7","salmon4"
"gene-SEMA7A|SEMA7A","yellow"
"gene-ISLR|ISLR","violet"
"gene-PML|PML","blue"
"gene-LOXL1|LOXL1","darkgreen"
"gene-INSYN1|INSYN1","grey"
"gene-CD276|CD276","paleturquoise"
"gene-NPTN|NPTN","turquoise"
"gene-NEO1|NEO1","darkturquoise"
"gene-LOC115496629|LOC115496629","salmon"
"gene-ADPGK|ADPGK","cyan"
"gene-BBS4|BBS4","cyan"
"gene-ARIH1|ARIH1","turquoise"
"gene-HEXA|HEXA","cyan"
"gene-CELF6|CELF6","grey"
"gene-PARP6|PARP6","tan"
"gene-PKM|PKM","brown"
"gene-GRAMD2A|GRAMD2A","blue"
"gene-SENP8|SENP8","brown"
"gene-AP3B2|AP3B2","tan"
"gene-MYO9A|MYO9A","green"
"gene-CPEB1|CPEB1","black"
"gene-RPS17|RPS17","magenta"
"gene-LOC115496735|LOC115496735","darkgreen"
"gene-PATL2|PATL2","purple"
"gene-B2M|B2M","green"
"gene-CSNK1G1|CSNK1G1","pink"
"gene-PCLAF|PCLAF","darkgreen"
"gene-SNX1|SNX1","midnightblue"
"gene-SNX22|SNX22","green"
"gene-PPIB|PPIB","magenta"
"gene-TRIP4|TRIP4","yellow"
"gene-ZNF609|ZNF609","turquoise"
"gene-OAZ2|OAZ2","saddlebrown"
"gene-RBPMS2|RBPMS2","black"
"gene-DUOX2|DUOX2","thistle1"
"gene-NMB|NMB","thistle1"
"gene-SORD|SORD","turquoise"
"gene-SEC11A|SEC11A","black"
"gene-ALPK3|ALPK3","blue"
"gene-ZNF592|ZNF592","turquoise"
"gene-LOC105760451|LOC105760451","coral1"
"gene-LOC116808782|LOC116808782","yellow"
"gene-LOC100226446|LOC100226446","coral1"
"gene-LOC100223574|LOC100223574","turquoise"
"gene-LOC100220663|LOC100220663","black"
"gene-RAB8B|RAB8B","turquoise"
"gene-LOC140684799|LOC140684799","yellow"
"gene-RPS27L|RPS27L","brown"
"gene-LACTB|LACTB","brown"
"gene-TPM1|TPM1","plum2"
"gene-TLN2|TLN2","lightgreen"
"gene-VPS13C|VPS13C","grey"
"gene-LOC100224303|LOC100224303","blue"
"gene-RORA|RORA","red"
"gene-ICE2|ICE2","red"
"gene-ANXA2|ANXA2","cyan"
"gene-BNIP2|BNIP2","lightcyan"
"gene-LOC121470501|LOC121470501","grey"
"gene-GTF2A2|GTF2A2","black"
"gene-OTUD7A|OTUD7A","grey"
"gene-GCNT3|GCNT3","red"
"gene-TRPM1|TRPM1","white"
"gene-KLF13|KLF13","orange"
"gene-MTMR10|MTMR10","lightgreen"
"gene-FAN1|FAN1","darkgreen"
"gene-MPHOSPH10|MPHOSPH10","red"
"gene-MCEE|MCEE","grey"
"gene-APBA2|APBA2","grey"
"gene-TJP1|TJP1","midnightblue"
"gene-LOC100224497|LOC100224497","yellow"
"gene-TM2D3|TM2D3","floralwhite"
"gene-LRRC49|LRRC49","green"
"gene-MAPDA|MAPDA","violet"
"gene-LARP6|LARP6","green"
"gene-LOC100228395|LOC100228395","red"
"gene-THSD4|THSD4","lightgreen"
"gene-CCNB2|CCNB2","blue"
"gene-MYO1E|MYO1E","pink"
"gene-RNF111|RNF111","purple"
"gene-SLTM|SLTM","grey"
"gene-MINDY2|MINDY2","turquoise"
"gene-ADAM10|ADAM10","purple"
"gene-LIPC|LIPC","turquoise"
"gene-AQP9|AQP9","brown"
"gene-ALDH1A2|ALDH1A2","turquoise"
"gene-LOC115496624|LOC115496624","grey"
"gene-LOC140684765|LOC140684765","darkmagenta"
"gene-CGNL1|CGNL1","ivory"
"gene-MYZAP|MYZAP","turquoise"
"gene-TCF12|TCF12","salmon"
"gene-ZNF280D|ZNF280D","grey"
"gene-MNS1|MNS1","yellow"
"gene-TEX9|TEX9","tan"
"gene-RFX7|RFX7","orange"
"gene-PRTG|PRTG","turquoise"
"gene-NEDD4|NEDD4","darkred"
"gene-DNAAF4|DNAAF4","blue"
"gene-PYGO1|PYGO1","ivory"
"gene-CCPG1|CCPG1","turquoise"
"gene-RAB27A|RAB27A","turquoise"
"gene-PIGB|PIGB","darkred"
"gene-RSL24D1|RSL24D1","darkred"
"gene-UNC13C|UNC13C","blue"
"gene-ONECUT1|ONECUT1","pink"
"gene-ATOSA|ATOSA","red"
"gene-ARPP19|ARPP19","brown"
"gene-MYO5C|MYO5C","blue"
"gene-MYO5A|MYO5A","blue"
"gene-GNB5|GNB5","lightyellow"
"gene-BCL2L10|BCL2L10","lightgreen"
"gene-MAPK6|MAPK6","brown"
"gene-LEO1|LEO1","brown"
"gene-LOC100228347|LOC100228347","pink"
"gene-TMOD2|TMOD2","white"
"gene-LYSMD2|LYSMD2","sienna3"
"gene-SCG3|SCG3","blue"
"gene-AP4E1|AP4E1","yellow"
"gene-TNFAIP8L3|TNFAIP8L3","red"
"gene-DMXL2|DMXL2","turquoise"
"gene-LOC140684814|LOC140684814","red"
"gene-SEMA6D|SEMA6D","yellowgreen"
"gene-SLC24A5|SLC24A5","yellow"
"gene-MYEF2|MYEF2","plum2"
"gene-LOC115496552|LOC115496552","violet"
"gene-SLC12A1|SLC12A1","blue"
"gene-LOC140684832|LOC140684832","cyan"
"gene-DUT|DUT","midnightblue"
"gene-FBN1|FBN1","lightyellow"
"gene-CEP152|CEP152","yellow"
"gene-SHC4|SHC4","lightgreen"
"gene-LOC115496578|LOC115496578","yellow"
"gene-FGF7|FGF7","red"
"gene-DTWD1|DTWD1","darkred"
"gene-SECISBP2L|SECISBP2L","brown"
"gene-COPS2|COPS2","greenyellow"
"gene-GALK2|GALK2","skyblue3"
"gene-AFG2B|AFG2B","darkseagreen4"
"gene-C10H15orf48|C10H15orf48","magenta"
"gene-SLC30A4|SLC30A4","turquoise"
"gene-LOC101234123|LOC101234123","green"
"gene-BLOC1S6|BLOC1S6","brown"
"gene-SQOR|SQOR","brown"
"gene-LOC100190699|LOC100190699","magenta"
"gene-SPPL2A|SPPL2A","turquoise"
"gene-TRPM7|TRPM7","turquoise"
"gene-USP50|USP50","magenta"
"gene-USP8|USP8","turquoise"
"gene-GABPB1|GABPB1","turquoise"
"gene-HDC|HDC","green"
"gene-GATM|GATM","brown"
"gene-PDE8A|PDE8A","blue"
"gene-LOC140684821|LOC140684821","darkslateblue"
"gene-FSD2|FSD2","steelblue"
"gene-LOC121468063|LOC121468063","grey"
"gene-LOC115496736|LOC115496736","palevioletred3"
"gene-WHAMM|WHAMM","blue"
"gene-HOMER2|HOMER2","brown"
"gene-LOC121470542|LOC121470542","black"
"gene-RAMAC|RAMAC","grey"
"gene-C10H15orf40|C10H15orf40","lightcyan1"
"gene-BTBD1|BTBD1","sienna3"
"gene-TM6SF1|TM6SF1","turquoise"
"gene-HDGFL3|HDGFL3","blue"
"gene-BNC1|BNC1","darkmagenta"
"gene-SH3GL3|SH3GL3","blue"
"gene-LOC100232247|LOC100232247","grey"
"gene-ADAMTSL3|ADAMTSL3","turquoise"
"gene-SAXO2|SAXO2","darkorange2"
"gene-EFL1|EFL1","royalblue"
"gene-LOC140684763|LOC140684763","paleturquoise"
"gene-MEX3B|MEX3B","blue"
"gene-LOC115496651|LOC115496651","paleturquoise"
"gene-TMC3|TMC3","darkgreen"
"gene-CFAP161|CFAP161","magenta"
"gene-LOC121470543|LOC121470543","tan"
"gene-IL16|IL16","blue"
"gene-STARD5|STARD5","greenyellow"
"gene-TLNRD1|TLNRD1","red"
"gene-MESD|MESD","brown"
"gene-CEMIP|CEMIP","yellow"
"gene-LOC121470507|LOC121470507","yellow"
"gene-ABHD17C|ABHD17C","brown"
"gene-ARNT2|ARNT2","plum1"
"gene-LOC116808803|LOC116808803","antiquewhite4"
"gene-FAH|FAH","grey60"
"gene-BCL2A1|BCL2A1","purple"
"gene-ZFAND6|ZFAND6","black"
"gene-MTHFS|MTHFS","brown"
"gene-WDR93|WDR93","grey"
"gene-PEX11A|PEX11A","pink"
"gene-PLIN1|PLIN1","paleturquoise"
"gene-LOC100220690|LOC100220690","navajowhite2"
"gene-KIF7|KIF7","paleturquoise"
"gene-TICRR|TICRR","darkmagenta"
"gene-FANCI|FANCI","purple"
"gene-POLG|POLG","orangered4"
"gene-ABHD2|ABHD2","turquoise"
"gene-MFGE8|MFGE8","turquoise"
"gene-HAPLN3|HAPLN3","salmon"
"gene-ACAN|ACAN","salmon"
"gene-AEN|AEN","purple"
"gene-DET1|DET1","lightgreen"
"gene-MRPS11|MRPS11","turquoise"
"gene-MRPL46|MRPL46","red"
"gene-NTRK3|NTRK3","paleturquoise"
"gene-AGBL1|AGBL1","purple"
"gene-KLHL25|KLHL25","turquoise"
"gene-AKAP13|AKAP13","cyan"
"gene-SLCO3A1|SLCO3A1","red"
"gene-FAM174B|FAM174B","turquoise"
"gene-LOC115496638|LOC115496638","grey"
"gene-RGMA|RGMA","blue"
"gene-CHD2|CHD2","darkseagreen4"
"gene-MCTP2|MCTP2","darkorange"
"gene-LOC140684777|LOC140684777","royalblue"
"gene-NR2F2|NR2F2","red"
"gene-LOC115496654|LOC115496654","royalblue"
"gene-LOC121470515|LOC121470515","magenta"
"gene-ARRDC4|ARRDC4","orange"
"gene-PGPEP1L|PGPEP1L","darkgreen"
"gene-LOC100232173|LOC100232173","lightyellow"
"gene-IGF1R|IGF1R","salmon"
"gene-SYNM|SYNM","bisque4"
"gene-LRRC28|LRRC28","brown"
"gene-LOC116808792|LOC116808792","yellow"
"gene-MEF2A|MEF2A","blue"
"gene-LYSMD4|LYSMD4","lightyellow"
"gene-ADAMTS17|ADAMTS17","brown"
"gene-CERS3|CERS3","grey"
"gene-LOC140684767|LOC140684767","pink"
"gene-LINS1|LINS1","grey"
"gene-ASB7|ASB7","red"
"gene-ALDH1A3|ALDH1A3","plum1"
"gene-LRRK1|LRRK1","green"
"gene-CHSY1|CHSY1","blue"
"gene-SELENOS|SELENOS","midnightblue"
"gene-SNRPA1|SNRPA1","darkred"
"gene-PCSK6|PCSK6","green"
"gene-PLEKHO2|PLEKHO2","green"
"gene-CLPX|CLPX","brown"
"gene-UBAP1L|UBAP1L","blue"
"gene-SPG21|SPG21","brown"
"gene-PDCD7|PDCD7","white"
"gene-RASL12|RASL12","lightyellow"
"gene-KBTBD13|KBTBD13","blue"
"gene-SLC51B|SLC51B","royalblue"
"gene-CILP|CILP","steelblue"
"gene-MTFMT|MTFMT","mediumpurple3"
"gene-LOC100221534|LOC100221534","red"
"gene-PARP16|PARP16","greenyellow"
"gene-IGDCC3|IGDCC3","grey"
"gene-IGDCC4|IGDCC4","lightgreen"
"gene-DPP8|DPP8","turquoise"
"gene-SLC24A1|SLC24A1","grey"
"gene-HACD3|HACD3","turquoise"
"gene-INTS14|INTS14","turquoise"
"gene-DENND4A|DENND4A","pink"
"gene-MEGF11|MEGF11","white"
"gene-RAB11A|RAB11A","turquoise"
"gene-LOC140684792|LOC140684792","purple"
"gene-DIS3L|DIS3L","turquoise"
"gene-TIPIN|TIPIN","orangered4"
"gene-LOC115496737|LOC115496737","black"
"gene-SMAD6|SMAD6","blue"
"gene-LOC100190622|LOC100190622","pink"
"gene-LOC140684766|LOC140684766","pink"
"gene-LCTL|LCTL","royalblue"
"gene-MAP2K1|MAP2K1","turquoise"
"gene-SNAPC5|SNAPC5","turquoise"
"gene-RPL4|RPL4","magenta"
"gene-LOC115496740|LOC115496740","blue"
"gene-LOC140684828|LOC140684828","greenyellow"
"gene-ZWILCH|ZWILCH","red"
"gene-AAGAB|AAGAB","navajowhite2"
"gene-IQCH|IQCH","red"
"gene-LOC140684823|LOC140684823","blue"
"gene-MAP2K5|MAP2K5","turquoise"
"gene-C10H15orf61|C10H15orf61","magenta"
"gene-LOC121470524|LOC121470524","darkgreen"
"gene-PIAS1|PIAS1","yellow"
"gene-CALML4|CALML4","grey"
"gene-CLN6|CLN6","sienna3"
"gene-ITGA11|ITGA11","yellowgreen"
"gene-FEM1B|FEM1B","turquoise"
"gene-CORO2B|CORO2B","lightgreen"
"gene-ANP32A|ANP32A","black"
"gene-LOC115490584|LOC115490584","yellow"
"gene-GLCE|GLCE","brown4"
"gene-PAQR5|PAQR5","salmon"
"gene-KIF23|KIF23","green"
"gene-TLE3|TLE3","yellow"
"gene-UACA|UACA","red"
"gene-MORF4L1|MORF4L1","brown"
"gene-CTDSPL2|CTDSPL2","turquoise"
"gene-LOC115496566|LOC115496566","yellow"
"gene-ADAMTS7|ADAMTS7","floralwhite"
"gene-CIAO2A|CIAO2A","black"
"gene-SPG11|SPG11","purple"
"gene-EIF3J|EIF3J","turquoise"
"gene-GOLM2|GOLM2","blue"
"gene-FRMD5|FRMD5","salmon"
"gene-WDR76|WDR76","yellow"
"gene-RASGRF1|RASGRF1","grey"
"gene-BLM|BLM","mediumpurple3"
"gene-CTSH|CTSH","grey"
"gene-TMED3|TMED3","blue"
"gene-ANPEP|ANPEP","lightyellow"
"gene-ZNF710|ZNF710","green"
"gene-AP3S2|AP3S2","greenyellow"
"gene-IDH2|IDH2","lightgreen"
"gene-SEMA4B|SEMA4B","pink"
"gene-CKMT1A|CKMT1A","grey"
"gene-PPIP5K1|PPIP5K1","yellow"
"gene-MAP1A|MAP1A","brown4"
"gene-PRC1|PRC1","darkorange"
"gene-FES|FES","darkorange"
"gene-FURIN|FURIN","coral1"
"gene-LOC115496557|LOC115496557","midnightblue"
"gene-CIB1|CIB1","blue"
"gene-GDPGP1|GDPGP1","white"
"gene-LOC100225172|LOC100225172","lightcyan1"
"gene-HDDC3|HDDC3","magenta"
"gene-VPS33B|VPS33B","black"
"gene-RCCD1|RCCD1","black"
"gene-UNC45A|UNC45A","red"
"gene-LOC121470512|LOC121470512","royalblue"
"gene-MAN2A2|MAN2A2","turquoise"
"gene-MFAP1|MFAP1","lightgreen"
"gene-HYPK|HYPK","magenta"
"gene-SERINC4|SERINC4","black"
"gene-SERF2|SERF2","magenta"
"gene-PDIA3|PDIA3","midnightblue"
"gene-TP53BP1|TP53BP1","pink"
"gene-LOC140684820|LOC140684820","yellow"
"gene-TUBGCP4|TUBGCP4","yellow"
"gene-LOC140684817|LOC140684817","lightyellow"
"gene-LOC140684816|LOC140684816","yellow"
"gene-IQGAP1|IQGAP1","cyan"
"gene-LOC140684778|LOC140684778","black"
"gene-NKD1|NKD1","darkgrey"
"gene-SNX20|SNX20","green"
"gene-CYLD|CYLD","brown"
"gene-LOC121470597|LOC121470597","turquoise"
"gene-SALL1|SALL1","lightcyan"
"gene-LOC140684856|LOC140684856","salmon"
"gene-LOC115496799|LOC115496799","maroon"
"gene-TOX3|TOX3","brown4"
"gene-CHD9|CHD9","darkorange"
"gene-IRX3|IRX3","grey"
"gene-LOC105758733|LOC105758733","darkgreen"
"gene-RBL2|RBL2","maroon"
"gene-AKTIP|AKTIP","magenta"
"gene-LOC140684871|LOC140684871","blue"
"gene-FTO|FTO","grey"
"gene-MMP2|MMP2","cyan"
"gene-LOC105758737|LOC105758737","brown"
"gene-LPCAT2|LPCAT2","green"
"gene-CAPNS2|CAPNS2","steelblue"
"gene-SLC12A4|SLC12A4","purple"
"gene-LOC140684895|LOC140684895","violet"
"gene-LOC100220796|LOC100220796","purple"
"gene-DDX28|DDX28","brown"
"gene-DUS2|DUS2","black"
"gene-NFATC3|NFATC3","turquoise"
"gene-LOC101233626|LOC101233626","green"
"gene-ESRP2|ESRP2","navajowhite2"
"gene-PLA2G15|PLA2G15","turquoise"
"gene-SMPD3|SMPD3","green"
"gene-SLC7A6|SLC7A6","green"
"gene-LOC105758756|LOC105758756","black"
"gene-PRMT7|PRMT7","navajowhite2"
"gene-SLC7A6OS|SLC7A6OS","skyblue"
"gene-LOC115496886|LOC115496886","paleturquoise"
"gene-OSGIN1|OSGIN1","midnightblue"
"gene-SLC38A8|SLC38A8","red"
"gene-DNAAF1|DNAAF1","lightyellow"
"gene-MBTPS1|MBTPS1","turquoise"
"gene-HSDL1|HSDL1","lightyellow"
"gene-HSF4|HSF4","violet"
"gene-TRADD|TRADD","grey"
"gene-LOC140684841|LOC140684841","pink"
"gene-B3GNT9|B3GNT9","black"
"gene-PHAF1|PHAF1","brown"
"gene-CBFB|CBFB","green"
"gene-GNAO1|GNAO1","orange"
"gene-AMFR|AMFR","turquoise"
"gene-NUDT21|NUDT21","magenta"
"gene-OGFOD1|OGFOD1","brown"
"gene-BBS2|BBS2","white"
"gene-LOC100190094|LOC100190094","salmon"
"gene-LOC100190731|LOC100190731","salmon"
"gene-NUP93|NUP93","darkorange"
"gene-SLC12A3|SLC12A3","yellow"
"gene-TMEM170A|TMEM170A","red"
"gene-CFDP1|CFDP1","sienna3"
"gene-LOC140684853|LOC140684853","lightyellow"
"gene-BCAR1|BCAR1","lightgreen"
"gene-LOC115496876|LOC115496876","paleturquoise"
"gene-FA2H|FA2H","turquoise"
"gene-LOC100227651|LOC100227651","orangered4"
"gene-WDR59|WDR59","yellow"
"gene-ZNRF1|ZNRF1","magenta"
"gene-MLKL|MLKL","grey"
"gene-LOC116808825|LOC116808825","purple"
"gene-RFWD3|RFWD3","darkseagreen4"
"gene-GLG1|GLG1","turquoise"
"gene-PDPR|PDPR","turquoise"
"gene-ST3GAL2|ST3GAL2","skyblue"
"gene-FCSK|FCSK","yellow"
"gene-COG4|COG4","skyblue"
"gene-SF3B3|SF3B3","turquoise"
"gene-IL34|IL34","blue"
"gene-MTSS2|MTSS2","palevioletred3"
"gene-VAC14|VAC14","turquoise"
"gene-LOC115496758|LOC115496758","steelblue"
"gene-CMTR2|CMTR2","tan"
"gene-SLC38A7|SLC38A7","blue"
"gene-CALB2|CALB2","darkolivegreen"
"gene-LOC140684846|LOC140684846","turquoise"
"gene-GOT2|GOT2","turquoise"
"gene-CNOT1|CNOT1","lightgreen"
"gene-LOC115496895|LOC115496895","red"
"gene-SETD6|SETD6","red"
"gene-LOC100232364|LOC100232364","darkorange2"
"gene-SLC9A5|SLC9A5","green"
"gene-ATP6V0D1|ATP6V0D1","turquoise"
"gene-HSD11B2|HSD11B2","antiquewhite4"
"gene-FHOD1|FHOD1","red"
"gene-TPPP3|TPPP3","brown"
"gene-PLEKHG4|PLEKHG4","darkgrey"
"gene-ZDHHC1|ZDHHC1","royalblue"
"gene-LOC100220861|LOC100220861","blue"
"gene-EXOSC6|EXOSC6","blue"
"gene-AARS1|AARS1","turquoise"
"gene-ACD|ACD","yellow"
"gene-CARMIL2|CARMIL2","green"
"gene-CTCF|CTCF","pink"
"gene-RIPOR1|RIPOR1","red"
"gene-LOC140684868|LOC140684868","darkorange"
"gene-LOC115496818|LOC115496818","grey60"
"gene-LOC100223250|LOC100223250","magenta"
"gene-LOC100232832|LOC100232832","blue"
"gene-LCAT|LCAT","turquoise"
"gene-MATCAP1|MATCAP1","salmon"
"gene-TMEM208|TMEM208","magenta"
"gene-EXOC3L1|EXOC3L1","plum2"
"gene-CTRL|CTRL","blue"
"gene-E2F4|E2F4","yellow"
"gene-ELMO3|ELMO3","brown"
"gene-PSKH1|PSKH1","pink"
"gene-NRN1L|NRN1L","yellow"
"gene-EDC4|EDC4","cyan"
"gene-NUTF2|NUTF2","greenyellow"
"gene-LOC100227074|LOC100227074","blue"
"gene-LOC140684877|LOC140684877","tan"
"gene-LOC105758643|LOC105758643","purple"
"gene-RANBP10|RANBP10","blue"
"gene-PLLP|PLLP","lightcyan"
"gene-CENPT|CENPT","magenta"
"gene-THAP11|THAP11","turquoise"
"gene-ARL2BP|ARL2BP","black"
"gene-RSPRY1|RSPRY1","turquoise"
"gene-PSME3IP1|PSME3IP1","brown"
"gene-CPNE2|CPNE2","midnightblue"
"gene-NLRC5|NLRC5","purple"
"gene-CETP|CETP","honeydew1"
"gene-HERPUD1|HERPUD1","midnightblue"
"gene-PARD6A|PARD6A","blue"
"gene-ENKD1|ENKD1","grey"
"gene-GFOD2|GFOD2","pink"
"gene-CCDC102A|CCDC102A","yellow"
"gene-LOC100223247|LOC100223247","brown"
"gene-COQ9|COQ9","brown"
"gene-DOK4|DOK4","darkseagreen4"
"gene-LOC101234219|LOC101234219","green"
"gene-CIAPIN1|CIAPIN1","turquoise"
"gene-LOC140684862|LOC140684862","yellow"
"gene-POLR2C|POLR2C","blue"
"gene-ADGRG3|ADGRG3","blue"
"gene-DRC7|DRC7","royalblue"
"gene-KIFC3|KIFC3","yellow"
"gene-LOC121470596|LOC121470596","royalblue"
"gene-KATNB1|KATNB1","pink"
"gene-ZNF319|ZNF319","turquoise"
"gene-USB1|USB1","black"
"gene-MMP15|MMP15","cyan"
"gene-CFAP20|CFAP20","sienna3"
"gene-CSNK2A2|CSNK2A2","turquoise"
"gene-GINS3|GINS3","cyan"
"gene-NDRG4|NDRG4","turquoise"
"gene-LOC140684852|LOC140684852","ivory"
"gene-WWOX|WWOX","turquoise"
"gene-MAF|MAF","pink"
"gene-CDYL2|CDYL2","purple"
"gene-CENPN|CENPN","plum2"
"gene-CMC2|CMC2","saddlebrown"
"gene-ATMIN|ATMIN","red"
"gene-PPP1R3E|PPP1R3E","salmon"
"gene-GCSH|GCSH","greenyellow"
"gene-LOC100226108|LOC100226108","salmon"
"gene-BCO1|BCO1","brown"
"gene-GAN|GAN","red"
"gene-CMIP|CMIP","salmon"
"gene-PLCG2|PLCG2","green"
"gene-HSD17B2|HSD17B2","grey"
"gene-SDR42E1|SDR42E1","red"
"gene-LOC100222183|LOC100222183","sienna3"
"gene-LOC140680217|LOC140680217","pink"
"gene-LOC100218405|LOC100218405","grey"
"gene-LOC115490547|LOC115490547","brown"
"gene-MPHOSPH6|MPHOSPH6","red"
"gene-WFDC1|WFDC1","grey60"
"gene-ATP2C2|ATP2C2","green"
"gene-MEAK7|MEAK7","plum1"
"gene-LOC115496786|LOC115496786","tan"
"gene-CDH13|CDH13","brown4"
"gene-MLYCD|MLYCD","turquoise"
"gene-LOC115496781|LOC115496781","grey"
"gene-HSBP1|HSBP1","red"
"gene-KLHL36|KLHL36","darkgrey"
"gene-COTL1|COTL1","green"
"gene-CRISPLD2|CRISPLD2","steelblue"
"gene-USP10|USP10","brown"
"gene-LOC101233820|LOC101233820","lightcyan"
"gene-LOC100227703|LOC100227703","salmon"
"gene-ZDHHC7|ZDHHC7","turquoise"
"gene-LOC116808841|LOC116808841","blue"
"gene-FOXC2|FOXC2","blue"
"gene-LOC140684840|LOC140684840","yellow"
"gene-MTHFSD|MTHFSD","blue"
"gene-FOXF1|FOXF1","turquoise"
"gene-IRF8|IRF8","green"
"gene-LOC101234162|LOC101234162","greenyellow"
"gene-BANP|BANP","turquoise"
"gene-ZNF469|ZNF469","mediumpurple3"
"gene-LOC115496768|LOC115496768","tan"
"gene-KIAA0513|KIAA0513","purple"
"gene-ZCCHC14|ZCCHC14","pink"
"gene-JPH3|JPH3","cyan"
"gene-COX4I1|COX4I1","greenyellow"
"gene-EMC8|EMC8","brown"
"gene-GINS2|GINS2","green"
"gene-GSE1|GSE1","lightsteelblue1"
"gene-FBXO31|FBXO31","turquoise"
"gene-MAP1LC3B|MAP1LC3B","blue"
"gene-KLHDC4|KLHDC4","turquoise"
"gene-SLC7A5|SLC7A5","brown"
"gene-CA5A|CA5A","brown"
"gene-ZFPM1|ZFPM1","brown"
"gene-CIDEC|CIDEC","brown"
"gene-ZC3H18|ZC3H18","brown"
"gene-CYBA|CYBA","green"
"gene-CDT1|CDT1","plum1"
"gene-APRT|APRT","cyan"
"gene-PIEZO1|PIEZO1","tan"
"gene-MVD|MVD","brown"
"gene-RNF166|RNF166","yellow"
"gene-CTU2|CTU2","black"
"gene-PABPN1L|PABPN1L","darkgrey"
"gene-GALNS|GALNS","plum1"
"gene-TRAPPC2L|TRAPPC2L","floralwhite"
"gene-CBFA2T3|CBFA2T3","green"
"gene-ACSF3|ACSF3","turquoise"
"gene-ANKRD11|ANKRD11","blue"
"gene-SPG7|SPG7","turquoise"
"gene-CPNE7|CPNE7","lightgreen"
"gene-RPL13|RPL13","magenta"
"gene-LOC115496872|LOC115496872","greenyellow"
"gene-DPEP1|DPEP1","grey"
"gene-FANCA|FANCA","yellow"
"gene-CHMP1A|CHMP1A","lightcyan1"
"gene-CDK10|CDK10","salmon4"
"gene-SPATA2L|SPATA2L","black"
"gene-VPS9D1|VPS9D1","yellow"
"gene-ZNF276|ZNF276","orangered4"
"gene-LOC140684891|LOC140684891","honeydew1"
"gene-SPIRE2|SPIRE2","brown"
"gene-TUBB3|TUBB3","turquoise"
"gene-TCF25|TCF25","brown"
"gene-MC1R|MC1R","pink"
"gene-DEF8|DEF8","black"
"gene-DBNDD1|DBNDD1","royalblue"
"gene-GAS8|GAS8","black"
"gene-LOC115496849|LOC115496849","cyan"
"gene-LOC140684890|LOC140684890","turquoise"
"gene-LOC140684839|LOC140684839","turquoise"
"gene-LOC100232461|LOC100232461","skyblue"
"gene-TANGO6|TANGO6","darkred"
"gene-HAS3|HAS3","blue"
"gene-UTP4|UTP4","grey"
"gene-SNTB2|SNTB2","red"
"gene-VPS4A|VPS4A","darkred"
"gene-COG8|COG8","orangered4"
"gene-NIP7|NIP7","sienna3"
"gene-TMED6|TMED6","green"
"gene-TERF2|TERF2","cyan"
"gene-LOC121470594|LOC121470594","lightcyan1"
"gene-CYB5B|CYB5B","brown"
"gene-NFAT5|NFAT5","yellow"
"gene-NOB1|NOB1","darkred"
"gene-WWP2|WWP2","tan"
"gene-PSMD7|PSMD7","greenyellow"
"gene-LOC121470598|LOC121470598","grey60"
"gene-ZFHX3|ZFHX3","salmon"
"gene-LOC105758863|LOC105758863","yellow"
"gene-LOC115496779|LOC115496779","black"
"gene-LOC140684878|LOC140684878","lightyellow"
"gene-DHX38|DHX38","darkgrey"
"gene-ZNF821|ZNF821","black"
"gene-LOC100221763|LOC100221763","blue"
"gene-DHODH|DHODH","blue"
"gene-IST1|IST1","floralwhite"
"gene-ATXN1L|ATXN1L","lightyellow"
"gene-AP1G1|AP1G1","turquoise"
"gene-BRD7|BRD7","turquoise"
"gene-ADCY7|ADCY7","yellow"
"gene-TENT4B|TENT4B","lightgreen"
"gene-PHLPP2|PHLPP2","palevioletred3"
"gene-ADAT1|ADAT1","royalblue"
"gene-MARVELD3|MARVELD3","lightcyan1"
"gene-TAT|TAT","ivory"
"gene-CHST4|CHST4","blue"
"gene-KARS1|KARS1","purple"
"gene-GABARAPL2|GABARAPL2","midnightblue"
"gene-TMEM231|TMEM231","darkred"
"gene-LOC140684864|LOC140684864","black"
"gene-LOC100228584|LOC100228584","lightcyan1"
"gene-LOC115496752|LOC115496752","darkgreen"
"gene-HEATR3|HEATR3","pink"
"gene-CNEP1R1|CNEP1R1","blue"
"gene-LOC140684863|LOC140684863","skyblue"
"gene-CBLN1|CBLN1","blue"
"gene-ZNF423|ZNF423","brown"
"gene-LOC140684836|LOC140684836","brown4"
"gene-N4BP1|N4BP1","turquoise"
"gene-SIAH1|SIAH1","turquoise"
"gene-LONP2|LONP2","turquoise"
"gene-PHKB|PHKB","red"
"gene-ITFG1|ITFG1","brown"
"gene-NETO2|NETO2","sienna3"
"gene-DNAJA2|DNAJA2","brown"
"gene-LOC101233796|LOC101233796","blue"
"gene-GPT2|GPT2","turquoise"
"gene-SHCBP1|SHCBP1","green"
"gene-C11H16orf87|C11H16orf87","purple"
"gene-MYLK3|MYLK3","darkgreen"
"gene-LOC100226706|LOC100226706","red"
"gene-ORC6|ORC6","grey60"
"gene-VPS35|VPS35","brown"
"gene-UQCRFS1|UQCRFS1","brown"
"gene-LOC140684876|LOC140684876","tan"
"gene-LOC140684838|LOC140684838","orangered4"
"gene-VSTM2B|VSTM2B","yellow"
"gene-POP4|POP4","yellow"
"gene-LOC115496888|LOC115496888","grey"
"gene-LOC100228529|LOC100228529","pink"
"gene-LOC100223778|LOC100223778","orangered4"
"gene-LOC115496889|LOC115496889","darkslateblue"
"gene-LOC100220853|LOC100220853","purple"
"gene-LOC140684882|LOC140684882","white"
"gene-LOC105758876|LOC105758876","lightcyan"
"gene-CCNE1|CCNE1","turquoise"
"gene-URI1|URI1","blue"
"gene-ZNF536|ZNF536","violet"
"gene-TSHZ3|TSHZ3","green"
"gene-LOC140684873|LOC140684873","blue"
"gene-ZNF507|ZNF507","red"
"gene-LOC100232129|LOC100232129","grey"
"gene-DPY19L3|DPY19L3","pink"
"gene-PDCD5|PDCD5","sienna3"
"gene-ANKRD27|ANKRD27","palevioletred3"
"gene-RGS9BP|RGS9BP","grey"
"gene-NUDT19|NUDT19","brown"
"gene-TDRD12|TDRD12","lightyellow"
"gene-LOC115496831|LOC115496831","blue"
"gene-CLEC3A|CLEC3A","magenta"
"gene-VAT1L|VAT1L","saddlebrown"
"gene-LOC100232125|LOC100232125","darkturquoise"
"gene-ADAMTS18|ADAMTS18","yellow"
"gene-LOC105760502|LOC105760502","green"
"gene-NUDT7|NUDT7","red"
"gene-FAAP24|FAAP24","maroon"
"gene-CEP89|CEP89","lightcyan"
"gene-SLC7A9|SLC7A9","grey"
"gene-CDH8|CDH8","plum1"
"gene-RHPN2|RHPN2","turquoise"
"gene-GPATCH1|GPATCH1","red"
"gene-LRP3|LRP3","turquoise"
"gene-LOC140684850|LOC140684850","salmon"
"gene-CEBPA|CEBPA","grey"
"gene-CEBPG|CEBPG","black"
"gene-PEPD|PEPD","turquoise"
"gene-LOC100218634|LOC100218634","green"
"gene-NAE1|NAE1","greenyellow"
"gene-LOC140684844|LOC140684844","darkred"
"gene-DYNC1LI2|DYNC1LI2","turquoise"
"gene-LOC115496843|LOC115496843","grey"
"gene-CMTM4|CMTM4","turquoise"
"gene-CMTM3|CMTM3","tan"
"gene-RRAD|RRAD","coral1"
"gene-CA7|CA7","purple"
"gene-KCTD15|KCTD15","yellow"
"gene-LOC101233672|LOC101233672","yellow"
"gene-LSM14A|LSM14A","turquoise"
"gene-SS18L2|SS18L2","black"
"gene-GARRE1|GARRE1","yellowgreen"
"gene-GPI|GPI","brown"
"gene-LOC115496754|LOC115496754","lightyellow"
"gene-LOC140684893|LOC140684893","red"
"gene-WTIP|WTIP","blue"
"gene-UBA2|UBA2","turquoise"
"gene-PDCD2L|PDCD2L","darkgreen"
"gene-LOC121470571|LOC121470571","cyan"
"gene-LOC115496789|LOC115496789","grey60"
"gene-LOC100225286|LOC100225286","cyan"
"gene-LOC121470573|LOC121470573","grey"
"gene-LOC100223441|LOC100223441","yellow"
"gene-CIAO2B|CIAO2B","floralwhite"
"gene-PDP2|PDP2","brown"
"gene-TK2|TK2","paleturquoise"
"gene-CKLF|CKLF","darkorange"
"gene-LOC115496802|LOC115496802","plum1"
"gene-LOC140684869|LOC140684869","grey"
"gene-BEAN1|BEAN1","tan"
"gene-LOC116808823|LOC116808823","tan"
"gene-LOC115496777|LOC115496777","black"
"gene-CDH5|CDH5","green"
"gene-LOC140684880|LOC140684880","skyblue"
"gene-CDH11|CDH11","blue"
"gene-LOC140684956|LOC140684956","grey60"
"gene-LOC101234119|LOC101234119","yellow"
"gene-H1-8|H1-8","blue"
"gene-RHO|RHO","thistle1"
"gene-PLXND1|PLXND1","green"
"gene-NR2C2|NR2C2","grey60"
"gene-LOC115496914|LOC115496914","black"
"gene-TRH|TRH","yellow"
"gene-LOC116808883|LOC116808883","black"
"gene-LOC121470603|LOC121470603","blue"
"gene-FGD5|FGD5","darkgrey"
"gene-LOC115496915|LOC115496915","grey60"
"gene-MRPS25|MRPS25","greenyellow"
"gene-RBSN|RBSN","turquoise"
"gene-LOC105759267|LOC105759267","blue"
"gene-TMCC1|TMCC1","blue"
"gene-IFT122|IFT122","royalblue"
"gene-MBD4|MBD4","yellow"
"gene-RPL32|RPL32","magenta"
"gene-LOC115497033|LOC115497033","magenta"
"gene-LOC100222277|LOC100222277","yellow"
"gene-SEC13|SEC13","brown"
"gene-IRAK2|IRAK2","lightyellow"
"gene-VHL|VHL","brown"
"gene-THUMPD3|THUMPD3","brown"
"gene-SRGAP3|SRGAP3","pink"
"gene-RAD18|RAD18","grey"
"gene-OXTR|OXTR","blue"
"gene-CAV3|CAV3","skyblue"
"gene-LMCD1|LMCD1","plum1"
"gene-GRM7|GRM7","red"
"gene-LOC115496972|LOC115496972","royalblue"
"gene-EDEM1|EDEM1","turquoise"
"gene-ARL8B|ARL8B","turquoise"
"gene-BHLHE40|BHLHE40","turquoise"
"gene-LOC140684912|LOC140684912","lightyellow"
"gene-LOC140684940|LOC140684940","orangered4"
"gene-ITPR1|ITPR1","grey"
"gene-LOC140684937|LOC140684937","orangered4"
"gene-LOC140684938|LOC140684938","blue"
"gene-SUMF1|SUMF1","brown"
"gene-LOC116808879|LOC116808879","thistle1"
"gene-LOC100222344|LOC100222344","red"
"gene-LRRN1|LRRN1","cyan"
"gene-IL5RA|IL5RA","grey"
"gene-LOC140684898|LOC140684898","lightcyan1"
"gene-LOC140684897|LOC140684897","ivory"
"gene-CRBN|CRBN","yellow"
"gene-TRNT1|TRNT1","skyblue3"
"gene-LOC100224263|LOC100224263","thistle2"
"gene-LOC115496966|LOC115496966","tan"
"gene-CHL1|CHL1","saddlebrown"
"gene-CNTN3|CNTN3","yellow"
"gene-LOC140684903|LOC140684903","black"
"gene-PDZRN3|PDZRN3","salmon"
"gene-PPP4R2|PPP4R2","sienna3"
"gene-GXYLT2|GXYLT2","orange"
"gene-SHQ1|SHQ1","grey"
"gene-RYBP|RYBP","midnightblue"
"gene-GPR27|GPR27","orange"
"gene-LOC115496979|LOC115496979","grey"
"gene-FOXP1|FOXP1","ivory"
"gene-MITF|MITF","lightcyan1"
"gene-FRMD4B|FRMD4B","black"
"gene-ARL6IP5|ARL6IP5","brown"
"gene-UBA3|UBA3","red"
"gene-TMF1|TMF1","turquoise"
"gene-EOGT|EOGT","green"
"gene-TAFA4|TAFA4","grey"
"gene-SUCLG2|SUCLG2","cyan"
"gene-LOC100228408|LOC100228408","turquoise"
"gene-KBTBD8|KBTBD8","grey"
"gene-SLC25A26|SLC25A26","greenyellow"
"gene-LRIG1|LRIG1","salmon"
"gene-LOC115496932|LOC115496932","black"
"gene-ADAMTS9|ADAMTS9","blue"
"gene-MAGI1|MAGI1","lightgreen"
"gene-PRICKLE2|PRICKLE2","grey60"
"gene-PSMD6|PSMD6","brown"
"gene-SYNPR|SYNPR","orange"
"gene-ATXN7|ATXN7","midnightblue"
"gene-THOC7|THOC7","brown"
"gene-CEP15|CEP15","red"
"gene-LOC140684917|LOC140684917","grey60"
"gene-PTPRG|PTPRG","greenyellow"
"gene-LOC140684983|LOC140684983","magenta"
"gene-LOC115497013|LOC115497013","darkorange2"
"gene-LOC121470631|LOC121470631","yellow"
"gene-FHIT|FHIT","blue"
"gene-CFAP20DC|CFAP20DC","grey"
"gene-FAM107A|FAM107A","pink"
"gene-KCTD6|KCTD6","blue"
"gene-PXK|PXK","purple"
"gene-ACOX2|ACOX2","turquoise"
"gene-PDHB|PDHB","turquoise"
"gene-RPP14|RPP14","brown"
"gene-PRKAR2A|PRKAR2A","turquoise"
"gene-SLC25A20|SLC25A20","brown"
"gene-ARIH2|ARIH2","coral1"
"gene-P4HTM|P4HTM","black"
"gene-LOC115496930|LOC115496930","yellow"
"gene-WDR6|WDR6","yellow"
"gene-DALRD3|DALRD3","red"
"gene-NDUFAF3|NDUFAF3","lightcyan"
"gene-IMPDH2|IMPDH2","brown"
"gene-QRICH1|QRICH1","turquoise"
"gene-QARS1|QARS1","turquoise"
"gene-LOC105759208|LOC105759208","blue"
"gene-SLC6A8|SLC6A8","turquoise"
"gene-USP19|USP19","greenyellow"
"gene-LAMB2|LAMB2","darkslateblue"
"gene-LOC115496947|LOC115496947","grey"
"gene-KLHDC8B|KLHDC8B","grey"
"gene-LOC115496923|LOC115496923","darkgreen"
"gene-CCDC71|CCDC71","darkturquoise"
"gene-LOC100218845|LOC100218845","turquoise"
"gene-IHO1|IHO1","lightsteelblue1"
"gene-PRRT3|PRRT3","yellow"
"gene-CRELD1|CRELD1","royalblue"
"gene-IL17RC|IL17RC","darkorange"
"gene-IL17RE|IL17RE","yellow"
"gene-JAGN1|JAGN1","magenta"
"gene-RPUSD3|RPUSD3","magenta"
"gene-BRPF1|BRPF1","turquoise"
"gene-ARPC4|ARPC4","saddlebrown"
"gene-TADA3|TADA3","turquoise"
"gene-CAMK1|CAMK1","black"
"gene-OGG1|OGG1","darkred"
"gene-CPNE9|CPNE9","lightsteelblue1"
"gene-MTMR14|MTMR14","red"
"gene-LHFPL4|LHFPL4","darkred"
"gene-LOC115496920|LOC115496920","darkorange"
"gene-SETD5|SETD5","darkorange"
"gene-PLXNB1|PLXNB1","darkgrey"
"gene-CCDC51|CCDC51","grey"
"gene-LOC101233349|LOC101233349","floralwhite"
"gene-CCDC174|CCDC174","brown"
"gene-GRIP2|GRIP2","tan"
"gene-SLC6A6|SLC6A6","yellow"
"gene-LOC140684993|LOC140684993","grey"
"gene-LOC140684991|LOC140684991","black"
"gene-LOC140684992|LOC140684992","grey"
"gene-LOC105759937|LOC105759937","lightcyan"
"gene-LSM3|LSM3","yellow"
"gene-XPC|XPC","grey"
"gene-TMEM43|TMEM43","turquoise"
"gene-CHCHD4|CHCHD4","brown"
"gene-UROC1|UROC1","antiquewhite4"
"gene-ZXDC|ZXDC","grey"
"gene-CFAP100|CFAP100","ivory"
"gene-LOC121470646|LOC121470646","ivory"
"gene-LOC140684978|LOC140684978","skyblue3"
"gene-KLF15|KLF15","ivory"
"gene-LOC121470619|LOC121470619","blue"
"gene-SLC41A3|SLC41A3","turquoise"
"gene-CHST13|CHST13","blue"
"gene-TXNRD3|TXNRD3","brown"
"gene-PLXNA1|PLXNA1","pink"
"gene-CHCHD6|CHCHD6","greenyellow"
"gene-MCM2|MCM2","purple"
"gene-TPRA1|TPRA1","purple"
"gene-PODXL2|PODXL2","yellowgreen"
"gene-ABTB1|ABTB1","turquoise"
"gene-KBTBD12|KBTBD12","grey60"
"gene-MGLL|MGLL","brown"
"gene-LOC121470636|LOC121470636","blue"
"gene-SEC61A1|SEC61A1","turquoise"
"gene-RUVBL1|RUVBL1","turquoise"
"gene-EEFSEC|EEFSEC","cyan"
"gene-GATA2|GATA2","blue"
"gene-LOC140684921|LOC140684921","blue"
"gene-LOC140684922|LOC140684922","darkgreen"
"gene-RPN1|RPN1","turquoise"
"gene-LOC115497019|LOC115497019","black"
"gene-RAB7A|RAB7A","turquoise"
"gene-H1-10|H1-10","green"
"gene-LOC115496993|LOC115496993","blue"
"gene-HMCES|HMCES","brown"
"gene-COPG1|COPG1","brown"
"gene-LOC140684928|LOC140684928","tan"
"gene-COL7A1|COL7A1","red"
"gene-UQCRC1|UQCRC1","brown"
"gene-CELSR3|CELSR3","palevioletred3"
"gene-NCKIPSD|NCKIPSD","blue"
"gene-IP6K2|IP6K2","turquoise"
"gene-ABHD6|ABHD6","brown"
"gene-DNASE1L3|DNASE1L3","tan"
"gene-FLNB|FLNB","cyan"
"gene-HESX1|HESX1","lightcyan1"
"gene-DNAH12|DNAH12","yellow"
"gene-ASB14|ASB14","black"
"gene-APPL1|APPL1","black"
"gene-ARHGEF3|ARHGEF3","darkturquoise"
"gene-LOC115496955|LOC115496955","tan"
"gene-SLMAP|SLMAP","turquoise"
"gene-DENND6A|DENND6A","yellow"
"gene-ARF4|ARF4","brown"
"gene-PDE12|PDE12","turquoise"
"gene-TASOR|TASOR","yellow"
"gene-CCDC66|CCDC66","black"
"gene-WNT5A|WNT5A","plum1"
"gene-SELENOK|SELENOK","floralwhite"
"gene-ACTR8|ACTR8","cyan"
"gene-CHDH|CHDH","turquoise"
"gene-CACNA1D|CACNA1D","grey"
"gene-DCP1A|DCP1A","darkolivegreen"
"gene-FANCD2|FANCD2","mediumpurple3"
"gene-TKT|TKT","brown"
"gene-TMEM40|TMEM40","darkorange"
"gene-BRK1|BRK1","magenta"
"gene-LOC100190503|LOC100190503","magenta"
"gene-USP4|USP4","turquoise"
"gene-GPX1|GPX1","pink"
"gene-RHOA|RHOA","brown"
"gene-LOC140684995|LOC140684995","purple"
"gene-TEX264|TEX264","sienna3"
"gene-RRP9|RRP9","red"
"gene-NAA80|NAA80","darkorange2"
"gene-HYAL3|HYAL3","black"
"gene-IFRD2|IFRD2","purple"
"gene-LOC100224927|LOC100224927","purple"
"gene-SEMA3B|SEMA3B","yellow"
"gene-SLC38A3|SLC38A3","pink"
"gene-GNAI2|GNAI2","blue"
"gene-SEMA3F|SEMA3F","brown"
"gene-PARP3|PARP3","tan"
"gene-PCBP4|PCBP4","floralwhite"
"gene-RBM5|RBM5","darkorange"
"gene-ABHD14B|ABHD14B","brown"
"gene-ABHD14A|ABHD14A","red"
"gene-SEMA3G|SEMA3G","yellow"
"gene-ACY1|ACY1","red"
"gene-DNAH1|DNAH1","blue"
"gene-BAP1|BAP1","brown"
"gene-LOC116808871|LOC116808871","darkorange2"
"gene-GLYCTK|GLYCTK","brown"
"gene-WDR82|WDR82","blue"
"gene-PPM1M|PPM1M","red"
"gene-TWF2|TWF2","blue"
"gene-ALAS1|ALAS1","blue"
"gene-LOC115496951|LOC115496951","black"
"gene-POC1A|POC1A","mediumpurple3"
"gene-LOC115496928|LOC115496928","lightsteelblue1"
"gene-DUSP7|DUSP7","thistle1"
"gene-TNNC1|TNNC1","darkolivegreen"
"gene-LOC140684948|LOC140684948","black"
"gene-LOC140684949|LOC140684949","plum1"
"gene-LOC121470622|LOC121470622","salmon"
"gene-RPL29|RPL29","magenta"
"gene-NISCH|NISCH","thistle2"
"gene-STAB1|STAB1","darkturquoise"
"gene-NT5DC2|NT5DC2","blue"
"gene-LOC140684919|LOC140684919","grey"
"gene-UQCC5|UQCC5","blue"
"gene-PBRM1|PBRM1","pink"
"gene-GNL3|GNL3","darkred"
"gene-LOC115497036|LOC115497036","yellow"
"gene-MUSTN1|MUSTN1","salmon4"
"gene-STIMATE|STIMATE","turquoise"
"gene-SFMBT1|SFMBT1","grey"
"gene-LOC140684960|LOC140684960","purple"
"gene-RFT1|RFT1","lightcyan"
"gene-CENPP|CENPP","paleturquoise"
"gene-OMD|OMD","brown4"
"gene-ASPN|ASPN","floralwhite"
"gene-IPPK|IPPK","turquoise"
"gene-NOL8|NOL8","yellow"
"gene-OGN|OGN","grey"
"gene-ECM2|ECM2","blue"
"gene-GLT8D1|GLT8D1","red"
"gene-SPCS1|SPCS1","magenta"
"gene-NEK4|NEK4","red"
"gene-LOC100227823|LOC100227823","blue"
"gene-LOC115496960|LOC115496960","darkorange"
"gene-ITIH4|ITIH4","brown"
"gene-LOC100189947|LOC100189947","blue"
"gene-ATRIP|ATRIP","grey"
"gene-SHISA5|SHISA5","lightgreen"
"gene-RNF123|RNF123","pink"
"gene-AMIGO3|AMIGO3","blue"
"gene-GMPPB|GMPPB","green"
"gene-IP6K1|IP6K1","brown4"
"gene-TRAIP|TRAIP","blue"
"gene-INKA1|INKA1","darkgrey"
"gene-UBA7|UBA7","blue"
"gene-DAG1|DAG1","pink"
"gene-TCTA|TCTA","magenta"
"gene-AMT|AMT","greenyellow"
"gene-NICN1|NICN1","coral1"
"gene-LOC140684985|LOC140684985","cyan"
"gene-MST1|MST1","mediumpurple3"
"gene-LOC100231670|LOC100231670","yellow"
"gene-CAMKV|CAMKV","orange"
"gene-BSN|BSN","turquoise"
"gene-LOC100219182|LOC100219182","yellow"
"gene-MST1R|MST1R","grey"
"gene-RBM6|RBM6","yellow"
"gene-MON1A|MON1A","turquoise"
"gene-RAD54L2|RAD54L2","coral1"
"gene-LOC100224101|LOC100224101","red"
"gene-LOC140684934|LOC140684934","grey"
"gene-DCAF1|DCAF1","lightgreen"
"gene-RBM15B|RBM15B","blue"
"gene-CACNA2D2|CACNA2D2","mediumpurple3"
"gene-DOCK3|DOCK3","blue"
"gene-MAPKAPK3|MAPKAPK3","yellow"
"gene-HEMK1|HEMK1","darkorange"
"gene-LOC105759033|LOC105759033","tan"
"gene-MANF|MANF","midnightblue"
"gene-CISH|CISH","orange"
"gene-C12H3orf18|C12H3orf18","orange"
"gene-ZMYND10|ZMYND10","black"
"gene-TMEM115|TMEM115","turquoise"
"gene-CYB561D2|CYB561D2","skyblue"
"gene-NPRL2|NPRL2","black"
"gene-RASSF1|RASSF1","blue"
"gene-LOC100219184|LOC100219184","blue"
"gene-LOC100228780|LOC100228780","turquoise"
"gene-TUSC2|TUSC2","turquoise"
"gene-LOC100227828|LOC100227828","green"
"gene-PRKCD|PRKCD","green"
"gene-LOC100226935|LOC100226935","red"
"gene-IARS1|IARS1","turquoise"
"gene-LOC115497034|LOC115497034","darkturquoise"
"gene-SLC6A11|SLC6A11","grey"
"gene-ATP2B2|ATP2B2","grey"
"gene-SLC6A1|SLC6A1","orange"
"gene-HRH1|HRH1","bisque4"
"gene-LOC115496933|LOC115496933","black"
"gene-ATG7|ATG7","white"
"gene-VGLL4|VGLL4","orange"
"gene-TAMM41|TAMM41","midnightblue"
"gene-RAF1|RAF1","orange"
"gene-LOC100231678|LOC100231678","purple"
"gene-EFCC1|EFCC1","palevioletred3"
"gene-SYN2|SYN2","orange"
"gene-PPARG|PPARG","brown"
"gene-TSEN2|TSEN2","pink"
"gene-MKRN2OS|MKRN2OS","blue"
"gene-MKRN2|MKRN2","red"
"gene-CNBP|CNBP","brown"
"gene-ISY1|ISY1","skyblue"
"gene-RAB43|RAB43","red"
"gene-GP9|GP9","midnightblue"
"gene-ACAD9|ACAD9","brown"
"gene-IQSEC1|IQSEC1","brown"
"gene-HDAC11|HDAC11","yellow"
"gene-LOC140684961|LOC140684961","black"
"gene-NUP210|NUP210","purple"
"gene-LOC121469129|LOC121469129","purple"
"gene-FBLN2|FBLN2","turquoise"
"gene-LOC115497003|LOC115497003","honeydew1"
"gene-WNT7A|WNT7A","coral1"
"gene-LOC121470618|LOC121470618","yellow"
"gene-LOC140684951|LOC140684951","bisque4"
"gene-LOC140684901|LOC140684901","grey"
"gene-PTPDC1|PTPDC1","yellow"
"gene-LOC115497031|LOC115497031","yellow"
"gene-PHF2|PHF2","tan"
"gene-WNK2|WNK2","darkgrey"
"gene-LOC115496974|LOC115496974","yellow"
"gene-FAM120A|FAM120A","brown"
"gene-NINJ1|NINJ1","darkorange"
"gene-CARD19|CARD19","yellow"
"gene-LOC115496970|LOC115496970","green"
"gene-SUSD3|SUSD3","green"
"gene-FGD3|FGD3","tan"
"gene-MAJIN|MAJIN","black"
"gene-BICD2|BICD2","turquoise"
"gene-LOC100217705|LOC100217705","blue"
"gene-LOC100232116|LOC100232116","blue"
"gene-LOC100232716|LOC100232716","cyan"
"gene-LOC105760188|LOC105760188","yellow"
"gene-LOC140684958|LOC140684958","yellow"
"gene-CCDC25|CCDC25","black"
"gene-LOC121470626|LOC121470626","salmon"
"gene-LOC121470656|LOC121470656","magenta"
"gene-EGR1|EGR1","thistle1"
"gene-REEP2|REEP2","yellow"
"gene-KDM3B|KDM3B","pink"
"gene-LOC100224313|LOC100224313","turquoise"
"gene-LOC100217491|LOC100217491","purple"
"gene-SOWAHA|SOWAHA","darkseagreen4"
"gene-SHROOM1|SHROOM1","midnightblue"
"gene-SEPTIN8|SEPTIN8","brown"
"gene-CCNI2|CCNI2","yellow"
"gene-KIF3A|KIF3A","pink"
"gene-RAD50|RAD50","purple"
"gene-IRF1|IRF1","purple"
"gene-LOC100218092|LOC100218092","ivory"
"gene-LOC100220939|LOC100220939","red"
"gene-PDLIM4|PDLIM4","coral1"
"gene-P4HA2|P4HA2","blue"
"gene-LOC140685021|LOC140685021","grey"
"gene-LOC115497150|LOC115497150","black"
"gene-ACSL6|ACSL6","tan"
"gene-FNIP1|FNIP1","blue"
"gene-LOC140685050|LOC140685050","mediumpurple3"
"gene-MEIKIN|MEIKIN","darkgrey"
"gene-RAPGEF6|RAPGEF6","blue"
"gene-FSTL4|FSTL4","lightcyan"
"gene-C13H5orf15|C13H5orf15","brown"
"gene-VDAC1|VDAC1","cyan"
"gene-LOC116808926|LOC116808926","black"
"gene-TCF7|TCF7","turquoise"
"gene-LOC115497123|LOC115497123","blue"
"gene-SKP1|SKP1","brown"
"gene-PPP2CA|PPP2CA","brown"
"gene-UBE2B|UBE2B","blue"
"gene-LOC121470668|LOC121470668","blue"
"gene-JADE2|JADE2","blue"
"gene-SAR1B|SAR1B","brown"
"gene-SEC24A|SEC24A","brown"
"gene-CAMLG|CAMLG","turquoise"
"gene-DDX46|DDX46","brown"
"gene-C13H5orf24|C13H5orf24","red"
"gene-TXNDC15|TXNDC15","cyan"
"gene-PCBD2|PCBD2","saddlebrown"
"gene-MACROH2A1|MACROH2A1","brown"
"gene-CXCL14|CXCL14","orange"
"gene-SLC25A48|SLC25A48","black"
"gene-LECT2|LECT2","blue"
"gene-FBXL21P|FBXL21P","yellow"
"gene-TGFBI|TGFBI","green"
"gene-SMAD5|SMAD5","pink"
"gene-LOC140684998|LOC140684998","grey"
"gene-SMIM32|SMIM32","grey"
"gene-SPOCK1|SPOCK1","turquoise"
"gene-MYOT|MYOT","white"
"gene-KLHL3|KLHL3","pink"
"gene-HNRNPA0|HNRNPA0","saddlebrown"
"gene-FAM13B|FAM13B","grey"
"gene-LOC100232010|LOC100232010","grey"
"gene-NME5|NME5","black"
"gene-LOC115497064|LOC115497064","salmon"
"gene-LOC115497063|LOC115497063","blue"
"gene-HNRNPAB|HNRNPAB","turquoise"
"gene-PHYKPL|PHYKPL","brown"
"gene-CLK4|CLK4","black"
"gene-RASGEF1C|RASGEF1C","salmon"
"gene-GFPT2|GFPT2","salmon"
"gene-MAPK9|MAPK9","red"
"gene-CNOT6|CNOT6","red"
"gene-LOC101233680|LOC101233680","pink"
"gene-ADAMTS2|ADAMTS2","salmon"
"gene-RUFY1|RUFY1","royalblue"
"gene-MAML1|MAML1","pink"
"gene-LOC100219450|LOC100219450","magenta"
"gene-MGAT4B|MGAT4B","honeydew1"
"gene-LOC100218541|LOC100218541","magenta"
"gene-HNRNPH1|HNRNPH1","blue"
"gene-LOC100220427|LOC100220427","steelblue"
"gene-CANX|CANX","midnightblue"
"gene-SQSTM1|SQSTM1","blue"
"gene-MRNIP|MRNIP","darkorange"
"gene-LOC140685051|LOC140685051","blue"
"gene-TBC1D9B|TBC1D9B","turquoise"
"gene-RNF130|RNF130","brown"
"gene-FLT4|FLT4","darkslateblue"
"gene-LOC100224234|LOC100224234","darkturquoise"
"gene-HMGXB3|HMGXB3","salmon4"
"gene-CSF1R|CSF1R","turquoise"
"gene-PDGFRB|PDGFRB","darkmagenta"
"gene-CAMK2A|CAMK2A","red"
"gene-ARSI|ARSI","brown"
"gene-TCOF1|TCOF1","paleturquoise"
"gene-CD74|CD74","green"
"gene-RPS14|RPS14","magenta"
"gene-NDST1|NDST1","turquoise"
"gene-SYNPO|SYNPO","brown"
"gene-MYOZ3|MYOZ3","plum2"
"gene-CCDC69|CCDC69","tan"
"gene-ANXA6|ANXA6","green"
"gene-GM2A|GM2A","salmon"
"gene-LOC100223308|LOC100223308","blue"
"gene-FAT2|FAT2","green"
"gene-SPARC|SPARC","maroon"
"gene-ATOX1|ATOX1","magenta"
"gene-G3BP1|G3BP1","brown"
"gene-GLRA1|GLRA1","honeydew1"
"gene-GRIA1|GRIA1","orange"
"gene-LOC100225213|LOC100225213","turquoise"
"gene-RBM22|RBM22","navajowhite2"
"gene-DCTN4|DCTN4","turquoise"
"gene-SMIM3|SMIM3","green"
"gene-GPX3|GPX3","lightgreen"
"gene-TNIP1|TNIP1","brown"
"gene-FAM114A2|FAM114A2","turquoise"
"gene-MFAP3|MFAP3","turquoise"
"gene-GALNT10|GALNT10","pink"
"gene-LOC140685034|LOC140685034","darkturquoise"
"gene-SAP30L|SAP30L","turquoise"
"gene-LARP1|LARP1","turquoise"
"gene-FAXDC2|FAXDC2","paleturquoise"
"gene-CNOT8|CNOT8","red"
"gene-GEMIN5|GEMIN5","red"
"gene-MRPL22|MRPL22","brown"
"gene-SGCD|SGCD","brown4"
"gene-LOC101233188|LOC101233188","green"
"gene-LOC100226241|LOC100226241","green"
"gene-MED7|MED7","red"
"gene-ITK|ITK","tan"
"gene-CYFIP2|CYFIP2","greenyellow"
"gene-NIPAL4|NIPAL4","brown"
"gene-ADAM19|ADAM19","green"
"gene-SOX30|SOX30","royalblue"
"gene-THG1L|THG1L","bisque4"
"gene-LSM11|LSM11","royalblue"
"gene-EBF1|EBF1","tan"
"gene-CLINT1|CLINT1","red"
"gene-LOC115497166|LOC115497166","pink"
"gene-LOC115497098|LOC115497098","lightcyan1"
"gene-HRH2|HRH2","cyan"
"gene-CPLX2|CPLX2","brown"
"gene-SIMC1|SIMC1","lightcyan1"
"gene-THOC3|THOC3","turquoise"
"gene-KIAA1191|KIAA1191","coral1"
"gene-NOP16|NOP16","magenta"
"gene-HIGD2A|HIGD2A","magenta"
"gene-CLTB|CLTB","turquoise"
"gene-FAF2|FAF2","brown"
"gene-RNF44|RNF44","darkorange2"
"gene-HK3|HK3","antiquewhite4"
"gene-UBLCP1|UBLCP1","brown"
"gene-LOC115497131|LOC115497131","magenta"
"gene-LOC100220430|LOC100220430","thistle1"
"gene-RNF145|RNF145","pink"
"gene-LOC100223312|LOC100223312","antiquewhite4"
"gene-LOC140684997|LOC140684997","blue"
"gene-UIMC1|UIMC1","yellow"
"gene-ZNF346|ZNF346","darkolivegreen"
"gene-FGFR4|FGFR4","brown"
"gene-LOC101233052|LOC101233052","brown4"
"gene-NSD1|NSD1","yellow"
"gene-RAB24|RAB24","paleturquoise"
"gene-PRELID1|PRELID1","magenta"
"gene-MXD3|MXD3","darkturquoise"
"gene-DOK3|DOK3","yellow"
"gene-FAM193B|FAM193B","yellow"
"gene-DDX41|DDX41","turquoise"
"gene-PDLIM7|PDLIM7","blue"
"gene-DBN1|DBN1","orange"
"gene-PRR7|PRR7","blue"
"gene-LOC101232953|LOC101232953","green"
"gene-GRK6|GRK6","pink"
"gene-SLC34A1|SLC34A1","yellow"
"gene-RGS14|RGS14","green"
"gene-LMAN2|LMAN2","turquoise"
"gene-B4GALT7|B4GALT7","greenyellow"
"gene-N4BP3|N4BP3","turquoise"
"gene-NHP2|NHP2","magenta"
"gene-BRD8|BRD8","red"
"gene-KIF20A|KIF20A","yellow"
"gene-SFXN1|SFXN1","greenyellow"
"gene-DRD1|DRD1","purple"
"gene-NSG2|NSG2","saddlebrown"
"gene-LOC121470688|LOC121470688","turquoise"
"gene-CPEB4|CPEB4","steelblue"
"gene-BOD1|BOD1","blue"
"gene-LOC140685007|LOC140685007","blue"
"gene-STC2|STC2","coral1"
"gene-BNIP1|BNIP1","magenta"
"gene-CREBRF|CREBRF","salmon"
"gene-ATP6V0E1|ATP6V0E1","magenta"
"gene-RPL26L1|RPL26L1","magenta"
"gene-LOC115497108|LOC115497108","mediumpurple3"
"gene-ERGIC1|ERGIC1","greenyellow"
"gene-LOC140685002|LOC140685002","salmon4"
"gene-DUSP1|DUSP1","blue"
"gene-SH3PXD2B|SH3PXD2B","yellow"
"gene-NEURL1B|NEURL1B","lavenderblush3"
"gene-STK10|STK10","palevioletred3"
"gene-UBTD2|UBTD2","pink"
"gene-ADRB2|ADRB2","turquoise"
"gene-SH3TC2|SH3TC2","yellow"
"gene-ABLIM3|ABLIM3","blue"
"gene-AFAP1L1|AFAP1L1","darkgrey"
"gene-GRPEL2|GRPEL2","turquoise"
"gene-PCYOX1L|PCYOX1L","brown4"
"gene-ARHGEF37|ARHGEF37","brown"
"gene-CSNK1A1|CSNK1A1","turquoise"
"gene-PPARGC1B|PPARGC1B","palevioletred3"
"gene-SLC26A2|SLC26A2","green"
"gene-HTR4|HTR4","purple"
"gene-LOC101234089|LOC101234089","purple"
"gene-IL12B|IL12B","royalblue"
"gene-FBXO38|FBXO38","brown"
"gene-LOC140685042|LOC140685042","darkred"
"gene-LOC121470705|LOC121470705","darkred"
"gene-PWWP2A|PWWP2A","brown"
"gene-LOC115497141|LOC115497141","brown"
"gene-ADRA1B|ADRA1B","brown"
"gene-TTC1|TTC1","greenyellow"
"gene-FABP6|FABP6","salmon4"
"gene-C1QTNF2|C1QTNF2","blue"
"gene-GDF9|GDF9","violet"
"gene-UQCRQ|UQCRQ","greenyellow"
"gene-LEAP2|LEAP2","brown"
"gene-AFF4|AFF4","lightgreen"
"gene-LOC115497085|LOC115497085","thistle1"
"gene-ZCCHC10|ZCCHC10","lightcyan1"
"gene-HSPA4|HSPA4","blue"
"gene-LOC140685048|LOC140685048","grey60"
"gene-GNPDA1|GNPDA1","brown"
"gene-RNF14|RNF14","turquoise"
"gene-NDFIP1|NDFIP1","brown"
"gene-LOC116808901|LOC116808901","darkturquoise"
"gene-SPRY4|SPRY4","blue"
"gene-FGF1|FGF1","grey"
"gene-ARHGAP26|ARHGAP26","steelblue"
"gene-NR3C1|NR3C1","turquoise"
"gene-YIPF5|YIPF5","brown"
"gene-SH3RF2|SH3RF2","blue"
"gene-LARS1|LARS1","saddlebrown"
"gene-RBM27|RBM27","royalblue"
"gene-PPP2R2B|PPP2R2B","purple"
"gene-DPYSL3|DPYSL3","red"
"gene-TCERG1|TCERG1","black"
"gene-JAKMIP2|JAKMIP2","darkgreen"
"gene-CDC23|CDC23","midnightblue"
"gene-SLU7|SLU7","yellow"
"gene-PTTG1|PTTG1","magenta"
"gene-LOC115497107|LOC115497107","darkmagenta"
"gene-GABRB2|GABRB2","cyan"
"gene-GABRA1|GABRA1","orange"
"gene-HMMR|HMMR","green"
"gene-CCNG1|CCNG1","lightyellow"
"gene-NUDCD2|NUDCD2","greenyellow"
"gene-MAT2B|MAT2B","red"
"gene-TENM2|TENM2","lightsteelblue1"
"gene-WWC1|WWC1","turquoise"
"gene-LOC100229617|LOC100229617","darkturquoise"
"gene-RARS1|RARS1","turquoise"
"gene-PANK3|PANK3","brown"
"gene-SLIT3|SLIT3","brown4"
"gene-SPDL1|SPDL1","black"
"gene-INSYN2B|INSYN2B","red"
"gene-DOCK2|DOCK2","green"
"gene-FOXI1|FOXI1","black"
"gene-LCP2|LCP2","green"
"gene-DND1|DND1","green"
"gene-WDR55|WDR55","red"
"gene-CD14|CD14","turquoise"
"gene-IK|IK","pink"
"gene-NDUFA2|NDUFA2","greenyellow"
"gene-TMCO6|TMCO6","grey60"
"gene-SLC35A4|SLC35A4","turquoise"
"gene-LOC100220927|LOC100220927","brown"
"gene-LOC115497143|LOC115497143","tan"
"gene-STING1|STING1","midnightblue"
"gene-UBE2D2|UBE2D2","sienna3"
"gene-CXXC5|CXXC5","greenyellow"
"gene-NRG2|NRG2","darkgreen"
"gene-PURA|PURA","green"
"gene-LOC115497093|LOC115497093","yellow"
"gene-CYSTM1|CYSTM1","blue"
"gene-PFDN1|PFDN1","greenyellow"
"gene-HBEGF|HBEGF","blue"
"gene-ANKHD1|ANKHD1","brown4"
"gene-APBB3|APBB3","brown"
"gene-LOC100221968|LOC100221968","red"
"gene-LOC140685016|LOC140685016","yellow"
"gene-LOC100224886|LOC100224886","greenyellow"
"gene-ZMAT2|ZMAT2","turquoise"
"gene-LOC100220115|LOC100220115","lightcyan"
"gene-LOC140685011|LOC140685011","grey"
"gene-LOC115497068|LOC115497068","darkslateblue"
"gene-LOC115497067|LOC115497067","darkslateblue"
"gene-LOC115497044|LOC115497044","red"
"gene-LOC140685056|LOC140685056","turquoise"
"gene-LOC100226723|LOC100226723","turquoise"
"gene-LOC100225784|LOC100225784","purple"
"gene-LOC140685054|LOC140685054","cyan"
"gene-LOC140685055|LOC140685055","turquoise"
"gene-LOC115497045|LOC115497045","navajowhite2"
"gene-LOC140685045|LOC140685045","yellow"
"gene-LOC100225858|LOC100225858","yellow"
"gene-LOC140685043|LOC140685043","pink"
"gene-RELL2|RELL2","red"
"gene-HDAC3|HDAC3","skyblue"
"gene-FCHSD1|FCHSD1","black"
"gene-ARAP3|ARAP3","darkturquoise"
"gene-LOC115497097|LOC115497097","turquoise"
"gene-PCDH1|PCDH1","mediumpurple3"
"gene-DELE1|DELE1","lightyellow"
"gene-PCDH12|PCDH12","grey"
"gene-ECSCR|ECSCR","red"
"gene-DNAJC18|DNAJC18","red"
"gene-MZB1|MZB1","green"
"gene-SLC23A1|SLC23A1","grey"
"gene-SIL1|SIL1","yellowgreen"
"gene-PAIP2|PAIP2","magenta"
"gene-MATR3|MATR3","purple"
"gene-LOC115497169|LOC115497169","grey"
"gene-CTNNA1|CTNNA1","brown"
"gene-LRRTM2|LRRTM2","brown"
"gene-LOC116808909|LOC116808909","black"
"gene-HSPA9|HSPA9","turquoise"
"gene-LOC121470694|LOC121470694","darkorange"
"gene-ETF1|ETF1","turquoise"
"gene-FBXW11|FBXW11","turquoise"
"gene-FGF18|FGF18","lightgreen"
"gene-NPM1|NPM1","blue"
"gene-KCNMB1|KCNMB1","darkslateblue"
"gene-LOC140685023|LOC140685023","purple"
"gene-LOC140685027|LOC140685027","grey"
"gene-CLEC19A|CLEC19A","saddlebrown"
"gene-SYT17|SYT17","darkturquoise"
"gene-ITPRIPL2|ITPRIPL2","darkorange2"
"gene-COQ7|COQ7","magenta"
"gene-TMC7|TMC7","tan"
"gene-UBE2I|UBE2I","magenta"
"gene-PDPK1|PDPK1","turquoise"
"gene-IL21R|IL21R","yellow"
"gene-IL4R|IL4R","turquoise"
"gene-GNPTG|GNPTG","grey"
"gene-TSR3|TSR3","brown"
"gene-LOC100224150|LOC100224150","darkseagreen4"
"gene-LOC121468057|LOC121468057","yellow"
"gene-NSMCE1|NSMCE1","grey60"
"gene-KDM8|KDM8","black"
"gene-LOC116808970|LOC116808970","grey60"
"gene-SMG1|SMG1","lightsteelblue1"
"gene-TMC5|TMC5","midnightblue"
"gene-CCP110|CCP110","brown"
"gene-GPRC5B|GPRC5B","pink"
"gene-GDE1|GDE1","brown"
"gene-VPS35L|VPS35L","red"
"gene-KNOP1|KNOP1","royalblue"
"gene-IQCK|IQCK","paleturquoise"
"gene-DCUN1D3|DCUN1D3","brown"
"gene-LYRM1|LYRM1","darkred"
"gene-ERI2|ERI2","grey"
"gene-LOC100226082|LOC100226082","yellow"
"gene-LOC105759942|LOC105759942","yellow"
"gene-LOC100231857|LOC100231857","yellow"
"gene-THUMPD1|THUMPD1","saddlebrown"
"gene-LOC121470736|LOC121470736","lightyellow"
"gene-REXO5|REXO5","yellow"
"gene-ZP2|ZP2","magenta"
"gene-DNAH3|DNAH3","yellow"
"gene-LDAF1|LDAF1","darkgreen"
"gene-MOSMO|MOSMO","turquoise"
"gene-VWA3A|VWA3A","darkorange2"
"gene-LOC100223156|LOC100223156","grey60"
"gene-ANKS4B|ANKS4B","red"
"gene-CRYM|CRYM","pink"
"gene-UQCRC2|UQCRC2","brown"
"gene-EEF2K|EEF2K","pink"
"gene-OTOA|OTOA","blue"
"gene-LOC100225060|LOC100225060","yellow"
"gene-POLR3E|POLR3E","darkslateblue"
"gene-CDR2|CDR2","grey"
"gene-METTL9|METTL9","turquoise"
"gene-IGSF6|IGSF6","darkslateblue"
"gene-KDELR2|KDELR2","sienna3"
"gene-DAGLB|DAGLB","turquoise"
"gene-RAC1|RAC1","saddlebrown"
"gene-USP42|USP42","darkorange"
"gene-LOC100228927|LOC100228927","grey"
"gene-SMIM10L3|SMIM10L3","turquoise"
"gene-LOC140685120|LOC140685120","grey"
"gene-CYTH3|CYTH3","brown"
"gene-EIF2AK1|EIF2AK1","floralwhite"
"gene-AIMP2|AIMP2","greenyellow"
"gene-PMS2|PMS2","brown"
"gene-CCZ1|CCZ1","brown"
"gene-LMTK2|LMTK2","brown"
"gene-BHLHA15|BHLHA15","midnightblue"
"gene-TECPR1|TECPR1","palevioletred3"
"gene-NPTX2|NPTX2","green"
"gene-BRI3|BRI3","magenta"
"gene-BAIAP2L1|BAIAP2L1","brown"
"gene-TMEM130|TMEM130","ivory"
"gene-TRRAP|TRRAP","ivory"
"gene-LOC140685082|LOC140685082","yellow"
"gene-LOC140685081|LOC140685081","grey"
"gene-FAM20C|FAM20C","brown"
"gene-PDGFA|PDGFA","black"
"gene-LOC121470740|LOC121470740","blue"
"gene-PRKAR1B|PRKAR1B","turquoise"
"gene-LOC140685105|LOC140685105","cyan"
"gene-DNAAF5|DNAAF5","turquoise"
"gene-SUN1|SUN1","salmon4"
"gene-GET4|GET4","turquoise"
"gene-ADAP1|ADAP1","turquoise"
"gene-COX19|COX19","darkred"
"gene-LOC140685075|LOC140685075","salmon"
"gene-CYP2AC7|CYP2AC7","salmon"
"gene-LOC115497175|LOC115497175","salmon"
"gene-CYP2W1|CYP2W1","blue"
"gene-ZFAND2A|ZFAND2A","blue"
"gene-CHLSN|CHLSN","salmon"
"gene-GPR146|GPR146","orange"
"gene-LOC116808987|LOC116808987","darkslateblue"
"gene-GPER1|GPER1","blue"
"gene-MICALL2|MICALL2","purple"
"gene-INTS1|INTS1","brown"
"gene-MAFK|MAFK","blue"
"gene-TMEM184A|TMEM184A","red"
"gene-LOC100226089|LOC100226089","blue"
"gene-PSMG3|PSMG3","darkred"
"gene-MAD1L1|MAD1L1","turquoise"
"gene-SNX8|SNX8","pink"
"gene-MRM2|MRM2","skyblue3"
"gene-NUDT1|NUDT1","plum1"
"gene-EIF3B|EIF3B","turquoise"
"gene-LOC115497252|LOC115497252","paleturquoise"
"gene-CHST12|CHST12","maroon"
"gene-LOC115497219|LOC115497219","green"
"gene-LFNG|LFNG","pink"
"gene-LOC115497176|LOC115497176","salmon"
"gene-BRAT1|BRAT1","yellow"
"gene-TTYH3|TTYH3","turquoise"
"gene-IQCE|IQCE","brown"
"gene-GNA12|GNA12","purple"
"gene-CARD11|CARD11","green"
"gene-LOC100223162|LOC100223162","darkolivegreen"
"gene-SDK1|SDK1","tan"
"gene-LOC100226034|LOC100226034","blue"
"gene-FOXK1|FOXK1","salmon"
"gene-AP5Z1|AP5Z1","yellow"
"gene-RADIL|RADIL","greenyellow"
"gene-WIPI2|WIPI2","turquoise"
"gene-SLC29A4|SLC29A4","lightcyan"
"gene-LOC140685085|LOC140685085","yellow"
"gene-TNRC18|TNRC18","darkmagenta"
"gene-FBXL18|FBXL18","turquoise"
"gene-FSCN1|FSCN1","orange"
"gene-ACTB|ACTB","green"
"gene-RNF216|RNF216","salmon"
"gene-SMURF1|SMURF1","darkmagenta"
"gene-LOC121470718|LOC121470718","pink"
"gene-MAP2K3|MAP2K3","purple"
"gene-KPNA7|KPNA7","yellow"
"gene-ARPC1A|ARPC1A","brown"
"gene-ARPC1B|ARPC1B","green"
"gene-PDAP1|PDAP1","turquoise"
"gene-BUD31|BUD31","floralwhite"
"gene-PTCD1|PTCD1","lightgreen"
"gene-CPSF4|CPSF4","greenyellow"
"gene-ATP5MF|ATP5MF","greenyellow"
"gene-NATD1|NATD1","turquoise"
"gene-TMEM11|TMEM11","greenyellow"
"gene-LOC115497245|LOC115497245","grey60"
"gene-DHRS7B|DHRS7B","greenyellow"
"gene-TNFRSF13B|TNFRSF13B","grey"
"gene-USP22|USP22","lightyellow"
"gene-PLD6|PLD6","cyan"
"gene-MPRIP|MPRIP","grey"
"gene-FLCN|FLCN","brown"
"gene-COPS3|COPS3","grey"
"gene-NT5M|NT5M","grey"
"gene-MED9|MED9","midnightblue"
"gene-RASD1|RASD1","salmon"
"gene-PEMT|PEMT","brown"
"gene-RAI1|RAI1","grey"
"gene-SREBF1|SREBF1","brown"
"gene-TOM1L2|TOM1L2","darkmagenta"
"gene-ATPAF2|ATPAF2","brown"
"gene-GID4|GID4","turquoise"
"gene-DRG2|DRG2","turquoise"
"gene-ALKBH5|ALKBH5","turquoise"
"gene-LLGL1|LLGL1","mediumpurple3"
"gene-FLII|FLII","turquoise"
"gene-MIEF2|MIEF2","brown"
"gene-TOP3A|TOP3A","pink"
"gene-SMCR8|SMCR8","turquoise"
"gene-SHMT1|SHMT1","pink"
"gene-LOC100230856|LOC100230856","blue"
"gene-LOC140685101|LOC140685101","magenta"
"gene-LOC121470730|LOC121470730","yellow"
"gene-PRPSAP2|PRPSAP2","mediumpurple3"
"gene-FAM83G|FAM83G","brown"
"gene-GRAP|GRAP","tan"
"gene-LOC116808969|LOC116808969","yellow"
"gene-EPN2|EPN2","turquoise"
"gene-B9D1|B9D1","darkorange2"
"gene-CACNA1H|CACNA1H","darkgrey"
"gene-SSTR5|SSTR5","violet"
"gene-C1QTNF8|C1QTNF8","lavenderblush3"
"gene-SOX8|SOX8","salmon"
"gene-LMF1|LMF1","sienna3"
"gene-LOC140685122|LOC140685122","grey"
"gene-LOC115497185|LOC115497185","blue"
"gene-LOC115497277|LOC115497277","grey"
"gene-CHTF18|CHTF18","purple"
"gene-RPUSD1|RPUSD1","midnightblue"
"gene-LOC101232842|LOC101232842","purple"
"gene-CIAO3|CIAO3","grey"
"gene-LOC115497190|LOC115497190","black"
"gene-HAGH|HAGH","grey"
"gene-FAHD1|FAHD1","brown"
"gene-MEIOB|MEIOB","grey60"
"gene-MSRB1|MSRB1","turquoise"
"gene-LOC115497184|LOC115497184","white"
"gene-NDUFB10|NDUFB10","greenyellow"
"gene-RPS2|RPS2","sienna3"
"gene-LOC140685068|LOC140685068","steelblue"
"gene-LOC115497309|LOC115497309","steelblue"
"gene-TBL3|TBL3","floralwhite"
"gene-NOXO1|NOXO1","darkgreen"
"gene-GFER|GFER","turquoise"
"gene-SYNGR3|SYNGR3","green"
"gene-ZNF598|ZNF598","turquoise"
"gene-NHERF2|NHERF2","darkgrey"
"gene-NTHL1|NTHL1","magenta"
"gene-TSC2|TSC2","brown"
"gene-PKD1|PKD1","yellow"
"gene-RAB26|RAB26","blue"
"gene-LOC121470738|LOC121470738","blue"
"gene-TRAF7|TRAF7","turquoise"
"gene-CASKIN1|CASKIN1","blue"
"gene-BRICD5|BRICD5","midnightblue"
"gene-MLST8|MLST8","brown"
"gene-SLC5A11|SLC5A11","lightcyan1"
"gene-PGP|PGP","brown"
"gene-E4F1|E4F1","yellow"
"gene-ZDHHC4|ZDHHC4","mediumpurple3"
"gene-LOC115497282|LOC115497282","lavenderblush3"
"gene-ARHGAP17|ARHGAP17","darkorange"
"gene-LCMT1|LCMT1","red"
"gene-PRKCB|PRKCB","green"
"gene-RBBP6|RBBP6","yellow"
"gene-TNRC6A|TNRC6A","purple"
"gene-LOC115497297|LOC115497297","red"
"gene-LOC115497240|LOC115497240","yellow"
"gene-NDUFAB1|NDUFAB1","greenyellow"
"gene-PALB2|PALB2","yellow"
"gene-DCTN5|DCTN5","red"
"gene-ERN2|ERN2","black"
"gene-GGA2|GGA2","tan"
"gene-SCNN1B|SCNN1B","blue"
"gene-USP31|USP31","grey"
"gene-PLK1|PLK1","green"
"gene-UBFD1|UBFD1","skyblue"
"gene-EARS2|EARS2","mediumpurple3"
"gene-COG7|COG7","yellow"
"gene-SCNN1G|SCNN1G","yellow"
"gene-HS3ST2|HS3ST2","steelblue"
"gene-ARL6IP1|ARL6IP1","blue"
"gene-RPS15A|RPS15A","magenta"
"gene-XYLT1|XYLT1","blue"
"gene-LOC140685072|LOC140685072","yellow"
"gene-LOC140685089|LOC140685089","lightcyan1"
"gene-LOC140685094|LOC140685094","violet"
"gene-CEP20|CEP20","magenta"
"gene-LOC100227445|LOC100227445","lightcyan"
"gene-LOC100224521|LOC100224521","brown"
"gene-ABCC6|ABCC6","brown"
"gene-NDE1|NDE1","steelblue"
"gene-MYH11|MYH11","grey"
"gene-BMERB1|BMERB1","orange"
"gene-MARF1|MARF1","pink"
"gene-MPV17L|MPV17L","brown"
"gene-PDXDC1|PDXDC1","brown"
"gene-NTAN1|NTAN1","yellow"
"gene-RRN3|RRN3","turquoise"
"gene-LOC105760548|LOC105760548","purple"
"gene-RSL1D1|RSL1D1","darkred"
"gene-TNFRSF17|TNFRSF17","green"
"gene-GSPT1|GSPT1","turquoise"
"gene-SNX29|SNX29","plum1"
"gene-CPPED1|CPPED1","brown"
"gene-LOC115497271|LOC115497271","red"
"gene-ERCC4|ERCC4","red"
"gene-MRTFB|MRTFB","turquoise"
"gene-LOC115497283|LOC115497283","magenta"
"gene-LOC121470714|LOC121470714","grey"
"gene-PARN|PARN","cyan"
"gene-BFAR|BFAR","pink"
"gene-PLA2G10|PLA2G10","black"
"gene-ZC3H7A|ZC3H7A","thistle2"
"gene-TXNDC11|TXNDC11","midnightblue"
"gene-LOC140685087|LOC140685087","purple"
"gene-SNN|SNN","blue"
"gene-LOC121470715|LOC121470715","salmon"
"gene-LITAF|LITAF","turquoise"
"gene-LOC115497284|LOC115497284","black"
"gene-RMI2|RMI2","magenta"
"gene-SOCS1|SOCS1","green"
"gene-CLEC16A|CLEC16A","pink"
"gene-CIITA|CIITA","tan"
"gene-DEXI|DEXI","orangered4"
"gene-TVP23A|TVP23A","cyan"
"gene-LOC140685088|LOC140685088","blue"
"gene-NUBP1|NUBP1","greenyellow"
"gene-EMP2|EMP2","plum1"
"gene-GRIN2A|GRIN2A","white"
"gene-LOC140685090|LOC140685090","lightyellow"
"gene-LOC140685091|LOC140685091","yellow"
"gene-HAPSTR1|HAPSTR1","turquoise"
"gene-USP7|USP7","coral1"
"gene-METTL22|METTL22","blue"
"gene-CARHSP1|CARHSP1","blue"
"gene-PMM2|PMM2","brown"
"gene-TMEM186|TMEM186","lightcyan1"
"gene-ABAT|ABAT","turquoise"
"gene-LOC140685113|LOC140685113","cyan"
"gene-GSG1L|GSG1L","brown"
"gene-RBFOX1|RBFOX1","grey"
"gene-LOC140685118|LOC140685118","grey"
"gene-RHBDF1|RHBDF1","darkred"
"gene-KATNIP|KATNIP","cyan"
"gene-GTF3C1|GTF3C1","palevioletred3"
"gene-LOC100190325|LOC100190325","greenyellow"
"gene-SNRNP25|SNRNP25","magenta"
"gene-NPRL3|NPRL3","blue"
"gene-LOC140685060|LOC140685060","grey60"
"gene-MPG|MPG","mediumpurple3"
"gene-LOC140685061|LOC140685061","ivory"
"gene-MRPL28|MRPL28","brown"
"gene-HBAD|HBAD","green"
"gene-HBAA|HBAA","green"
"gene-PGAP6|PGAP6","turquoise"
"gene-PDIA2|PDIA2","midnightblue"
"gene-AXIN1|AXIN1","blue"
"gene-ARHGDIG|ARHGDIG","blue"
"gene-PERCC1|PERCC1","grey"
"gene-LUC7L|LUC7L","yellow"
"gene-FAM234A|FAM234A","lavenderblush3"
"gene-CLCN7|CLCN7","blue"
"gene-LOC100219720|LOC100219720","green"
"gene-ECI1|ECI1","greenyellow"
"gene-INTS15|INTS15","grey"
"gene-NAA60|NAA60","saddlebrown"
"gene-MGRN1|MGRN1","greenyellow"
"gene-NUDT16L1|NUDT16L1","navajowhite2"
"gene-UBALD1|UBALD1","skyblue"
"gene-CDIP1|CDIP1","grey"
"gene-HMOX2|HMOX2","brown"
"gene-SLX4|SLX4","plum2"
"gene-TRAP1|TRAP1","brown"
"gene-CREBBP|CREBBP","blue"
"gene-ADCY9|ADCY9","turquoise"
"gene-SRL|SRL","darkolivegreen"
"gene-NMRAL1|NMRAL1","violet"
"gene-NLRC3|NLRC3","tan"
"gene-CLUAP1|CLUAP1","darkred"
"gene-LOC115497306|LOC115497306","darkorange"
"gene-TFAP4|TFAP4","black"
"gene-GLIS2|GLIS2","brown"
"gene-LOC100219950|LOC100219950","magenta"
"gene-VASN|VASN","blue"
"gene-DNAJA3|DNAJA3","turquoise"
"gene-LOC100228308|LOC100228308","thistle2"
"gene-DNAAF8|DNAAF8","tan"
"gene-ANKS3|ANKS3","red"
"gene-LOC115497263|LOC115497263","darkolivegreen"
"gene-XPO6|XPO6","yellowgreen"
"gene-DECR2|DECR2","thistle2"
"gene-RAB11FIP3|RAB11FIP3","yellow"
"gene-SEPTIN12|SEPTIN12","green"
"gene-LOC100232233|LOC100232233","blue"
"gene-MSS51|MSS51","salmon"
"gene-LOC105760369|LOC105760369","steelblue"
"gene-CFAP70|CFAP70","yellow"
"gene-LOC100231218|LOC100231218","darkturquoise"
"gene-STUB1|STUB1","turquoise"
"gene-LOC140685069|LOC140685069","steelblue"
"gene-JMJD8|JMJD8","green"
"gene-WDR24|WDR24","pink"
"gene-CAPN15|CAPN15","darkgrey"
"gene-PIGQ|PIGQ","yellow"
"gene-CCDC78|CCDC78","black"
"gene-NUBP2|NUBP2","saddlebrown"
"gene-UBN1|UBN1","yellow"
"gene-NDUFB6|NDUFB6","greenyellow"
"gene-ANTKMT|ANTKMT","greenyellow"
"gene-IGFALS|IGFALS","turquoise"
"gene-SPSB3|SPSB3","red"
"gene-NME3|NME3","turquoise"
"gene-PPL|PPL","turquoise"
"gene-LOC101233507|LOC101233507","orange"
"gene-SEC14L5|SEC14L5","tan"
"gene-NAGPA|NAGPA","turquoise"
"gene-ALG1|ALG1","yellow"
"gene-EEF2KMT|EEF2KMT","darkred"
"gene-RAB40C|RAB40C","darkmagenta"
"gene-WFIKKN1|WFIKKN1","yellow"
"gene-METTL26|METTL26","magenta"
"gene-MCRIP2|MCRIP2","greenyellow"
"gene-ABCA3|ABCA3","pink"
"gene-VRK3|VRK3","yellow"
"gene-CCNF|CCNF","purple"
"gene-TEDC2|TEDC2","yellow"
"gene-LOC100219675|LOC100219675","yellow"
"gene-LOC100225436|LOC100225436","blue"
"gene-NTN3|NTN3","grey"
"gene-TBC1D24|TBC1D24","brown"
"gene-AMDHD2|AMDHD2","yellow"
"gene-IFT140|IFT140","darkorange"
"gene-MAPK8IP3|MAPK8IP3","darkorange"
"gene-LOC116808958|LOC116808958","purple"
"gene-ATP6V0C|ATP6V0C","magenta"
"gene-C14H8orf33|C14H8orf33","cyan"
"gene-LOC115497205|LOC115497205","darkmagenta"
"gene-RNPS1|RNPS1","paleturquoise"
"gene-TELO2|TELO2","yellow"
"gene-TMEM204|TMEM204","darkslateblue"
"gene-CRAMP1|CRAMP1","yellow"
"gene-JPT2|JPT2","thistle2"
"gene-LOC140685077|LOC140685077","blue"
"gene-MRPS34|MRPS34","brown"
"gene-GLYR1|GLYR1","turquoise"
"gene-ROGDI|ROGDI","brown"
"gene-MORC2|MORC2","yellow"
"gene-LOC140685130|LOC140685130","salmon"
"gene-SMTN|SMTN","yellow"
"gene-SELENOM|SELENOM","black"
"gene-INPP5J|INPP5J","steelblue"
"gene-PLA2G3|PLA2G3","blue"
"gene-POLE|POLE","cyan"
"gene-AIFM3|AIFM3","mediumpurple3"
"gene-P2RX6|P2RX6","lightyellow"
"gene-LOC140685168|LOC140685168","yellow"
"gene-SLC7A4|SLC7A4","cyan"
"gene-DGCR6|DGCR6","black"
"gene-LOC115497326|LOC115497326","violet"
"gene-SCARF2|SCARF2","green"
"gene-LOC115497435|LOC115497435","yellow"
"gene-PRODH|PRODH","salmon"
"gene-RTN4R|RTN4R","red"
"gene-TBC1D10A|TBC1D10A","turquoise"
"gene-CASTOR1|CASTOR1","royalblue"
"gene-LIF|LIF","royalblue"
"gene-OSBP2|OSBP2","turquoise"
"gene-GAL3ST1|GAL3ST1","darkorange2"
"gene-CCDC157|CCDC157","yellow"
"gene-IQCD|IQCD","darkgreen"
"gene-SLC35E4|SLC35E4","turquoise"
"gene-TCN2|TCN2","lightyellow"
"gene-PES1|PES1","magenta"
"gene-MTFP1|MTFP1","grey"
"gene-SEC14L2|SEC14L2","darkseagreen4"
"gene-LOC140685144|LOC140685144","yellow"
"gene-RNF215|RNF215","red"
"gene-SF3A1|SF3A1","turquoise"
"gene-HORMAD2|HORMAD2","grey"
"gene-LOC115497391|LOC115497391","royalblue"
"gene-MTMR3|MTMR3","turquoise"
"gene-ASCC2|ASCC2","purple"
"gene-UQCR10|UQCR10","greenyellow"
"gene-ZMAT5|ZMAT5","brown"
"gene-NF2|NF2","turquoise"
"gene-PLEKHA4|PLEKHA4","lightcyan1"
"gene-NIPSNAP1|NIPSNAP1","brown"
"gene-NEFH|NEFH","green"
"gene-THOC5|THOC5","yellow"
"gene-AP1B1|AP1B1","turquoise"
"gene-GAS2L1|GAS2L1","turquoise"
"gene-EWSR1|EWSR1","yellowgreen"
"gene-EMID1|EMID1","greenyellow"
"gene-RASAL1|RASAL1","darkred"
"gene-KSR2|KSR2","darkturquoise"
"gene-DTX1|DTX1","cyan"
"gene-WSB2|WSB2","brown"
"gene-RFC5|RFC5","brown"
"gene-NOS1|NOS1","yellow"
"gene-TESC|TESC","green"
"gene-FBXO21|FBXO21","plum1"
"gene-HRK|HRK","grey"
"gene-FBXW8|FBXW8","turquoise"
"gene-RNFT2|RNFT2","lightyellow"
"gene-SPRING1|SPRING1","turquoise"
"gene-C15H22orf15|C15H22orf15","salmon4"
"gene-VPREB3|VPREB3","tan"
"gene-CHCHD10|CHCHD10","greenyellow"
"gene-MMP11|MMP11","darkgrey"
"gene-SMARCB1|SMARCB1","skyblue"
"gene-SLC2A11|SLC2A11","blue"
"gene-LOC101233554|LOC101233554","salmon"
"gene-DERL3|DERL3","midnightblue"
"gene-LOC115497385|LOC115497385","violet"
"gene-LOC100190143|LOC100190143","lightpink4"
"gene-DDX51|DDX51","red"
"gene-LOC100222749|LOC100222749","paleturquoise"
"gene-LOC100232469|LOC100232469","brown"
"gene-DDT|DDT","brown"
"gene-LOC100225628|LOC100225628","grey"
"gene-CABIN1|CABIN1","purple"
"gene-LOC115497401|LOC115497401","lavenderblush3"
"gene-CRKL|CRKL","turquoise"
"gene-LOC140685149|LOC140685149","mediumpurple3"
"gene-KLHL22|KLHL22","red"
"gene-MED15|MED15","yellow"
"gene-SMPD4|SMPD4","lightyellow"
"gene-GGT5|GGT5","pink"
"gene-GGT1|GGT1","grey"
"gene-LRRC75B|LRRC75B","turquoise"
"gene-ADORA2A|ADORA2A","salmon"
"gene-SNRPD3|SNRPD3","magenta"
"gene-GUCD1|GUCD1","brown"
"gene-UPB1|UPB1","brown"
"gene-SPECC1L|SPECC1L","brown"
"gene-LOC115497407|LOC115497407","magenta"
"gene-BCR|BCR","green"
"gene-RAB36|RAB36","darkgreen"
"gene-GNAZ|GNAZ","pink"
"gene-SLC5A1|SLC5A1","blue"
"gene-YWHAH|YWHAH","coral1"
"gene-PATZ1|PATZ1","yellow"
"gene-DEPDC5|DEPDC5","darkorange"
"gene-SFI1|SFI1","honeydew1"
"gene-PRR14L|PRR14L","pink"
"gene-LOC100221772|LOC100221772","grey60"
"gene-PISD|PISD","cyan"
"gene-EIF4ENIF1|EIF4ENIF1","yellow"
"gene-DRG1|DRG1","greenyellow"
"gene-CABP1|CABP1","magenta"
"gene-PIK3IP1|PIK3IP1","salmon"
"gene-LIMK2|LIMK2","grey"
"gene-RNF185|RNF185","turquoise"
"gene-C15H12orf43|C15H12orf43","grey60"
"gene-HNF1A|HNF1A","palevioletred3"
"gene-SPPL3|SPPL3","yellow"
"gene-LOC115497394|LOC115497394","salmon4"
"gene-ACADS|ACADS","red"
"gene-UNC119B|UNC119B","turquoise"
"gene-MLEC|MLEC","turquoise"
"gene-POP5|POP5","blue"
"gene-RNF10|RNF10","turquoise"
"gene-DYNLL1|DYNLL1","sienna3"
"gene-COQ5|COQ5","blue"
"gene-LOC100190349|LOC100190349","maroon"
"gene-GATC|GATC","magenta"
"gene-TRIAP1|TRIAP1","turquoise"
"gene-COX6A1|COX6A1","greenyellow"
"gene-MSI1|MSI1","red"
"gene-SIRT4|SIRT4","grey"
"gene-PXN|PXN","turquoise"
"gene-LOC115497354|LOC115497354","purple"
"gene-BICDL1|BICDL1","skyblue3"
"gene-CIT|CIT","green"
"gene-PRKAB1|PRKAB1","skyblue"
"gene-HSPB8|HSPB8","blue"
"gene-RPLP0|RPLP0","magenta"
"gene-GCN1|GCN1","brown"
"gene-RAB35|RAB35","pink"
"gene-VSIG10|VSIG10","green"
"gene-TAOK3|TAOK3","darkgrey"
"gene-SUDS3|SUDS3","green"
"gene-PEBP1|PEBP1","saddlebrown"
"gene-DDX54|DDX54","red"
"gene-RITA1|RITA1","magenta"
"gene-TPCN1|TPCN1","red"
"gene-SLC8B1|SLC8B1","brown"
"gene-SDSL|SDSL","honeydew1"
"gene-PLBD2|PLBD2","darkgrey"
"gene-RBM19|RBM19","turquoise"
"gene-LOC140685142|LOC140685142","blue"
"gene-TBX3|TBX3","yellow"
"gene-LOC115497378|LOC115497378","black"
"gene-MED13L|MED13L","blue"
"gene-LOC100227652|LOC100227652","honeydew1"
"gene-LOC101234199|LOC101234199","darkgreen"
"gene-ESS2|ESS2","blue"
"gene-GSC2|GSC2","darkturquoise"
"gene-DGCR2|DGCR2","turquoise"
"gene-CLTCL1|CLTCL1","lightgreen"
"gene-LOC100223798|LOC100223798","yellow"
"gene-LOC101234247|LOC101234247","steelblue"
"gene-SLC25A1|SLC25A1","brown"
"gene-HIC2|HIC2","pink"
"gene-SNAP29|SNAP29","brown"
"gene-PI4KA|PI4KA","turquoise"
"gene-SERPIND1|SERPIND1","turquoise"
"gene-UBE2L3|UBE2L3","brown"
"gene-YDJC|YDJC","grey"
"gene-SDF2L1|SDF2L1","midnightblue"
"gene-LOC121470778|LOC121470778","grey60"
"gene-MIR130A|MIR130A","yellow"
"gene-TOP3B|TOP3B","turquoise"
"gene-PPM1F|PPM1F","turquoise"
"gene-LOC115497359|LOC115497359","violet"
"gene-LOC115497360|LOC115497360","tan"
"gene-MAPK1|MAPK1","midnightblue"
"gene-LOC140685141|LOC140685141","black"
"gene-YPEL1|YPEL1","grey60"
"gene-PPIL2|PPIL2","skyblue"
"gene-CDC45|CDC45","purple"
"gene-CLDN5|CLDN5","black"
"gene-HIRA|HIRA","turquoise"
"gene-MRPL40|MRPL40","brown"
"gene-C15H22orf39|C15H22orf39","navajowhite2"
"gene-UFD1|UFD1","turquoise"
"gene-LOC100218025|LOC100218025","skyblue"
"gene-SEPTIN5|SEPTIN5","brown"
"gene-GP1BB|GP1BB","yellow"
"gene-TBX1|TBX1","yellow"
"gene-GNB1L|GNB1L","blue"
"gene-TXNRD2|TXNRD2","red"
"gene-ARVCF|ARVCF","lightgreen"
"gene-COMT|COMT","palevioletred3"
"gene-TANGO2|TANGO2","red"
"gene-DGCR8|DGCR8","grey"
"gene-TRMT2A|TRMT2A","turquoise"
"gene-RANBP1|RANBP1","brown"
"gene-LOC115497456|LOC115497456","yellow"
"gene-ZDHHC8|ZDHHC8","red"
"gene-PGAM5|PGAM5","turquoise"
"gene-ANKLE2|ANKLE2","pink"
"gene-LOC100231426|LOC100231426","royalblue"
"gene-GOLGA3|GOLGA3","brown"
"gene-CHFR|CHFR","yellow"
"gene-FBRSL1|FBRSL1","blue"
"gene-LOC140685152|LOC140685152","grey"
"gene-LOC140685151|LOC140685151","grey"
"gene-GALNT9|GALNT9","orangered4"
"gene-LOC140685148|LOC140685148","purple"
"gene-EP400|EP400","yellow"
"gene-NOC4L|NOC4L","skyblue"
"gene-PUS1|PUS1","midnightblue"
"gene-ULK1|ULK1","greenyellow"
"gene-SUSD2|SUSD2","darkgreen"
"gene-KREMEN1|KREMEN1","pink"
"gene-ZNRF3|ZNRF3","midnightblue"
"gene-LOC115497382|LOC115497382","salmon"
"gene-LOC100227658|LOC100227658","royalblue"
"gene-CHEK2|CHEK2","yellow"
"gene-XBP1|XBP1","midnightblue"
"gene-CCDC117|CCDC117","turquoise"
"gene-LOC100230469|LOC100230469","black"
"gene-TTC28|TTC28","antiquewhite4"
"gene-PITPNB|PITPNB","brown"
"gene-MN1|MN1","blue"
"gene-TPST2|TPST2","darkgrey"
"gene-HPS4|HPS4","darkturquoise"
"gene-TFIP11|TFIP11","grey"
"gene-SRRD|SRRD","black"
"gene-MYO18B|MYO18B","paleturquoise"
"gene-GRK3|GRK3","green"
"gene-KIAA1671|KIAA1671","lightgreen"
"gene-CRYBB3|CRYBB3","white"
"gene-LOC116809018|LOC116809018","blue"
"gene-SGSM1|SGSM1","grey"
"gene-C15H12orf76|C15H12orf76","maroon"
"gene-ANKRD13A|ANKRD13A","purple"
"gene-TRPV4|TRPV4","tan"
"gene-FAM222A|FAM222A","thistle1"
"gene-GIT2|GIT2","grey"
"gene-TCHP|TCHP","yellow"
"gene-GLTP|GLTP","grey"
"gene-MVK|MVK","pink"
"gene-MMAB|MMAB","grey"
"gene-ACACB|ACACB","darkolivegreen"
"gene-UBE3B|UBE3B","pink"
"gene-KCTD10|KCTD10","pink"
"gene-SVOP|SVOP","magenta"
"gene-ALKBH2|ALKBH2","pink"
"gene-UNG|UNG","black"
"gene-USP30|USP30","brown"
"gene-DAO|DAO","red"
"gene-SSH1|SSH1","darkturquoise"
"gene-SELPLG|SELPLG","tan"
"gene-CORO1C|CORO1C","green"
"gene-TMEM119|TMEM119","saddlebrown"
"gene-ISCU|ISCU","magenta"
"gene-SART3|SART3","lightgreen"
"gene-FICD|FICD","midnightblue"
"gene-CMKLR1|CMKLR1","blue"
"gene-WSCD2|WSCD2","ivory"
"gene-RPH3A|RPH3A","darkgrey"
"gene-PTPN11|PTPN11","turquoise"
"gene-RPL6|RPL6","magenta"
"gene-HECTD4|HECTD4","darkturquoise"
"gene-TRAFD1|TRAFD1","palevioletred3"
"gene-NAA25|NAA25","yellow"
"gene-ERP29|ERP29","turquoise"
"gene-TMEM116|TMEM116","turquoise"
"gene-MAPKAPK5|MAPKAPK5","blue"
"gene-ALDH2|ALDH2","saddlebrown"
"gene-PHETA1|PHETA1","red"
"gene-ATXN2|ATXN2","black"
"gene-ACAD10|ACAD10","cyan"
"gene-BRAP|BRAP","pink"
"gene-LOC115497450|LOC115497450","tan"
"gene-SH2B3|SH2B3","blue"
"gene-CUX2|CUX2","grey60"
"gene-PPP1CC|PPP1CC","turquoise"
"gene-HVCN1|HVCN1","darkslateblue"
"gene-LOC116808998|LOC116808998","magenta"
"gene-TCTN1|TCTN1","grey"
"gene-RAD9B|RAD9B","black"
"gene-PPTC7|PPTC7","brown"
"gene-KNTC1|KNTC1","lightcyan1"
"gene-VPS29|VPS29","greenyellow"
"gene-RSRC2|RSRC2","blue"
"gene-LOC121470754|LOC121470754","lightyellow"
"gene-ZCCHC8|ZCCHC8","yellow"
"gene-CLIP1|CLIP1","salmon"
"gene-VPS33A|VPS33A","grey"
"gene-LOC140685140|LOC140685140","red"
"gene-DIABLO|DIABLO","red"
"gene-LRRC43|LRRC43","red"
"gene-B3GNT4|B3GNT4","grey60"
"gene-MLXIP|MLXIP","darkorange2"
"gene-CFAP251|CFAP251","bisque4"
"gene-BCL7A|BCL7A","yellow"
"gene-PSMD9|PSMD9","midnightblue"
"gene-MORN3|MORN3","yellow"
"gene-LOC100218031|LOC100218031","grey60"
"gene-KDM2B|KDM2B","darkmagenta"
"gene-LOC115497321|LOC115497321","darkolivegreen"
"gene-RNF34|RNF34","pink"
"gene-ANAPC5|ANAPC5","black"
"gene-RHOF|RHOF","pink"
"gene-HPD|HPD","salmon"
"gene-SETD1B|SETD1B","darkmagenta"
"gene-CAMKK2|CAMKK2","purple"
"gene-P2RX4|P2RX4","midnightblue"
"gene-LOC115497352|LOC115497352","darkmagenta"
"gene-IFT81|IFT81","ivory"
"gene-ATP2A2|ATP2A2","midnightblue"
"gene-CCDC62|CCDC62","black"
"gene-ANAPC7|ANAPC7","pink"
"gene-LOC116809019|LOC116809019","white"
"gene-ARPC3|ARPC3","magenta"
"gene-GPN3|GPN3","darkred"
"gene-DENR|DENR","magenta"
"gene-HIP1R|HIP1R","grey"
"gene-VPS37B|VPS37B","turquoise"
"gene-ARL6IP4|ARL6IP4","orangered4"
"gene-PITPNM2|PITPNM2","darkturquoise"
"gene-LOC115497418|LOC115497418","lightyellow"
"gene-ABCB9|ABCB9","turquoise"
"gene-OGFOD2|OGFOD2","paleturquoise"
"gene-MPHOSPH9|MPHOSPH9","yellow"
"gene-CDK2AP1|CDK2AP1","black"
"gene-MTRFR|MTRFR","black"
"gene-SBNO1|SBNO1","yellow"
"gene-RILPL1|RILPL1","green"
"gene-KMT5A|KMT5A","brown"
"gene-RILPL2|RILPL2","blue"
"gene-SNRNP35|SNRNP35","floralwhite"
"gene-TMED2|TMED2","midnightblue"
"gene-DDX55|DDX55","salmon4"
"gene-EIF2B1|EIF2B1","darkgreen"
"gene-GTF2H3|GTF2H3","blue"
"gene-TCTN2|TCTN2","lightpink4"
"gene-ATP6V0A2|ATP6V0A2","turquoise"
"gene-RFLNA|RFLNA","pink"
"gene-DNAH10|DNAH10","tan"
"gene-CCDC92|CCDC92","turquoise"
"gene-SCARB1|SCARB1","greenyellow"
"gene-NCOR2|NCOR2","darkgrey"
"gene-LOC115497404|LOC115497404","darkgrey"
"gene-UBC|UBC","darkslateblue"
"gene-DHX37|DHX37","greenyellow"
"gene-LOC140685163|LOC140685163","greenyellow"
"gene-BRI3BP|BRI3BP","turquoise"
"gene-LOC140685164|LOC140685164","orangered4"
"gene-TMEM132B|TMEM132B","royalblue"
"gene-AACS|AACS","brown"
"gene-TMEM132D|TMEM132D","navajowhite2"
"gene-FZD10|FZD10","green"
"gene-LOC115497443|LOC115497443","darkmagenta"
"gene-SLC15A4|SLC15A4","turquoise"
"gene-GLT1D1|GLT1D1","midnightblue"
"gene-LOC115497444|LOC115497444","darkorange2"
"gene-RIMBP2|RIMBP2","purple"
"gene-STX2|STX2","darkslateblue"
"gene-LOC140685155|LOC140685155","yellow"
"gene-ADGRD1|ADGRD1","skyblue"
"gene-RAN|RAN","greenyellow"
"gene-SFSWAP|SFSWAP","yellow"
"gene-LOC101234054|LOC101234054","blue"
"gene-MMP17|MMP17","blue"
"gene-LOC140685157|LOC140685157","blue"
"gene-LOC121469060|LOC121469060","pink"
"gene-LOC100229898|LOC100229898","sienna3"
"gene-LOC140685191|LOC140685191","black"
"gene-LOC115491911|LOC115491911","grey60"
"gene-SNRPA|SNRPA","grey"
"gene-LOC140685189|LOC140685189","yellow"
"gene-LOC115491912|LOC115491912","black"
"gene-LOC140685188|LOC140685188","black"
"gene-LOC140685204|LOC140685204","red"
"gene-LOC140685203|LOC140685203","lightyellow"
"gene-LOC140685202|LOC140685202","red"
"gene-LOC121468893|LOC121468893","darkgrey"
"gene-LOC116807405|LOC116807405","greenyellow"
"gene-LOC121469005|LOC121469005","blue"
"gene-LOC101234064|LOC101234064","lightcyan1"
"gene-LOC140685197|LOC140685197","midnightblue"
"gene-LOC121470816|LOC121470816","blue"
"gene-LOC121470793|LOC121470793","midnightblue"
"gene-LOC121470792|LOC121470792","midnightblue"
"gene-MAPK7|MAPK7","midnightblue"
"gene-LOC121470821|LOC121470821","darkgreen"
"gene-LOC121470790|LOC121470790","blue"
"gene-LOC140685198|LOC140685198","white"
"gene-LOC121470818|LOC121470818","darkorange"
"gene-LOC121470833|LOC121470833","black"
"gene-TAOK2|TAOK2","grey"
"gene-LOC140685193|LOC140685193","brown"
"gene-VKORC1|VKORC1","black"
"gene-LOC140685194|LOC140685194","plum2"
"gene-LOC140685195|LOC140685195","salmon"
"gene-LOC121470800|LOC121470800","yellow"
"gene-TBRG1|TBRG1","yellow"
"gene-LOC140685186|LOC140685186","blue"
"gene-TLCD3B|TLCD3B","magenta"
"gene-LOC140685187|LOC140685187","lightpink4"
"gene-ALDOA|ALDOA","grey"
"gene-PPP4C|PPP4C","brown"
"gene-SRCAP|SRCAP","yellow"
"gene-RNF40|RNF40","lavenderblush3"
"gene-RUSF1|RUSF1","bisque4"
"gene-LOC140685170|LOC140685170","red"
"gene-ARMC5|ARMC5","lightyellow"
"gene-NOP9|NOP9","darkorange"
"gene-KAT8|KAT8","grey"
"gene-FUS|FUS","black"
"gene-LOC140685196|LOC140685196","brown"
"gene-BCKDK|BCKDK","navajowhite2"
"gene-PAGR1|PAGR1","turquoise"
"gene-HIRIP3|HIRIP3","yellow"
"gene-INO80E|INO80E","turquoise"
"gene-EIF3CL|EIF3CL","pink"
"gene-PRODH2|PRODH2","purple"
"gene-MAZ|MAZ","magenta"
"gene-CLN3|CLN3","tan"
"gene-SGF29|SGF29","yellow"
"gene-SLX1B|SLX1B","magenta"
"gene-BOLA2B|BOLA2B","magenta"
"gene-LOC121470834|LOC121470834","paleturquoise"
"gene-CDIPT|CDIPT","magenta"
"gene-SPNS1|SPNS1","turquoise"
"gene-LOC140685183|LOC140685183","royalblue"
"gene-ELOB|ELOB","greenyellow"
"gene-MFAP4|MFAP4","lightcyan"
"gene-ATP2A1|ATP2A1","darkorange"
"gene-HSD3B7|HSD3B7","grey"
"gene-TACO1|TACO1","royalblue"
"gene-TUFM|TUFM","yellowgreen"
"gene-THOC6|THOC6","black"
"gene-CD2BP2|CD2BP2","black"
"gene-LOC121471138|LOC121471138","lightyellow"
"gene-LOC140685184|LOC140685184","yellow"
"gene-LOC140685185|LOC140685185","yellow"
"gene-LOC100229165|LOC100229165","purple"
"gene-SAPCD2|SAPCD2","turquoise"
"gene-MAN1B1|MAN1B1","brown"
"gene-LOC115497538|LOC115497538","yellow"
"gene-LOC116809027|LOC116809027","yellow"
"gene-DPP7|DPP7","brown"
"gene-UAP1L1|UAP1L1","red"
"gene-CLIC3|CLIC3","saddlebrown"
"gene-TMEM141|TMEM141","floralwhite"
"gene-ENTPD2|ENTPD2","pink"
"gene-LOC140685235|LOC140685235","grey"
"gene-PAXX|PAXX","magenta"
"gene-FUT7|FUT7","brown4"
"gene-ABCA2|ABCA2","yellow"
"gene-NPDC1|NPDC1","blue"
"gene-LOC100232025|LOC100232025","blue"
"gene-LOC115497556|LOC115497556","blue"
"gene-LOC100218607|LOC100218607","blue"
"gene-C8G|C8G","blue"
"gene-FBXW5|FBXW5","blue"
"gene-TRAF2|TRAF2","blue"
"gene-MAMDC4|MAMDC4","darkseagreen4"
"gene-EDF1|EDF1","magenta"
"gene-AJM1|AJM1","purple"
"gene-PHPT1|PHPT1","greenyellow"
"gene-LOC140685210|LOC140685210","yellow"
"gene-TMEM203|TMEM203","magenta"
"gene-NDOR1|NDOR1","brown"
"gene-RNF208|RNF208","blue"
"gene-LOC105758784|LOC105758784","cyan"
"gene-LOC116809049|LOC116809049","purple"
"gene-LRRC26|LRRC26","cyan"
"gene-GRIN1|GRIN1","brown"
"gene-EXD3|EXD3","brown"
"gene-NOXA1|NOXA1","blue"
"gene-LOC100229162|LOC100229162","turquoise"
"gene-LOC105760940|LOC105760940","blue"
"gene-RABL6|RABL6","steelblue"
"gene-AMBP|AMBP","magenta"
"gene-NRARP|NRARP","black"
"gene-ENTPD8|ENTPD8","blue"
"gene-ZNF618|ZNF618","yellow"
"gene-RGS3|RGS3","grey"
"gene-POLE3|POLE3","skyblue"
"gene-ALAD|ALAD","turquoise"
"gene-HDHD3|HDHD3","floralwhite"
"gene-NSMF|NSMF","tan"
"gene-LOC115497543|LOC115497543","yellow"
"gene-ANAPC2|ANAPC2","tan"
"gene-WDR31|WDR31","pink"
"gene-PRPF4|PRPF4","black"
"gene-CDC26|CDC26","black"
"gene-FKBP15|FKBP15","turquoise"
"gene-LRSAM1|LRSAM1","red"
"gene-PNPLA7|PNPLA7","turquoise"
"gene-BSPRY|BSPRY","red"
"gene-SLC31A1|SLC31A1","turquoise"
"gene-RPL12|RPL12","magenta"
"gene-LOC115497604|LOC115497604","black"
"gene-ZMYND19|ZMYND19","midnightblue"
"gene-DPH7|DPH7","salmon4"
"gene-MRPL41|MRPL41","magenta"
"gene-TOR4A|TOR4A","blue"
"gene-LOC115497551|LOC115497551","turquoise"
"gene-LOC115497571|LOC115497571","darkorange2"
"gene-CIMIP2A|CIMIP2A","blue"
"gene-TUBB4B|TUBB4B","blue"
"gene-NELFB|NELFB","pink"
"gene-LOC115490557|LOC115490557","yellowgreen"
"gene-ARRDC1|ARRDC1","pink"
"gene-EHMT1|EHMT1","brown4"
"gene-LOC105760944|LOC105760944","magenta"
"gene-CACNA1B|CACNA1B","palevioletred3"
"gene-NIBAN2|NIBAN2","lavenderblush3"
"gene-SLC31A2|SLC31A2","darkorange"
"gene-LOC140685212|LOC140685212","red"
"gene-STXBP1|STXBP1","darkturquoise"
"gene-AKNA|AKNA","tan"
"gene-TMEM268|TMEM268","blue"
"gene-WHRN|WHRN","darkmagenta"
"gene-ATP6V1G1|ATP6V1G1","blue"
"gene-LOC115497561|LOC115497561","maroon"
"gene-TNFSF15|TNFSF15","blue"
"gene-TNFSF8|TNFSF8","blue"
"gene-TNC|TNC","lavenderblush3"
"gene-PAPPA|PAPPA","yellow"
"gene-ASTN2|ASTN2","orange"
"gene-TRIM32|TRIM32","red"
"gene-TLR4|TLR4","pink"
"gene-BRINP1|BRINP1","lightpink4"
"gene-CDK5RAP2|CDK5RAP2","darkturquoise"
"gene-MEGF9|MEGF9","turquoise"
"gene-COL27A1|COL27A1","yellow"
"gene-SLC25A25|SLC25A25","antiquewhite4"
"gene-LOC115497572|LOC115497572","greenyellow"
"gene-NAIF1|NAIF1","blue"
"gene-EEIG1|EEIG1","steelblue"
"gene-DPM2|DPM2","midnightblue"
"gene-ST6GALNAC4|ST6GALNAC4","brown"
"gene-ST6GALNAC6|ST6GALNAC6","darkgrey"
"gene-AK1|AK1","honeydew1"
"gene-SH2D3C|SH2D3C","darkgrey"
"gene-ENG|ENG","blue"
"gene-FPGS|FPGS","salmon"
"gene-CDK9|CDK9","grey60"
"gene-CERCAM|CERCAM","grey"
"gene-TOR2A|TOR2A","turquoise"
"gene-PTRH1|PTRH1","lightgreen"
"gene-URM1|URM1","magenta"
"gene-LOC116809048|LOC116809048","purple"
"gene-SLC27A4|SLC27A4","turquoise"
"gene-GOLGA2|GOLGA2","navajowhite2"
"gene-DNM1|DNM1","red"
"gene-COQ4|COQ4","greenyellow"
"gene-LOC140685237|LOC140685237","purple"
"gene-TRUB2|TRUB2","darkred"
"gene-SWI5|SWI5","black"
"gene-CIZ1|CIZ1","yellow"
"gene-BBLN|BBLN","thistle2"
"gene-PTGES2|PTGES2","red"
"gene-ODF2|ODF2","yellow"
"gene-GLE1|GLE1","pink"
"gene-SPTAN1|SPTAN1","cyan"
"gene-DYNC2I2|DYNC2I2","darkmagenta"
"gene-PKN3|PKN3","green"
"gene-SET|SET","red"
"gene-ZDHHC12|ZDHHC12","red"
"gene-LOC121470857|LOC121470857","yellow"
"gene-ZER1|ZER1","saddlebrown"
"gene-TBC1D13|TBC1D13","darkturquoise"
"gene-KYAT1|KYAT1","brown"
"gene-ENDOG|ENDOG","brown"
"gene-SPOUT1|SPOUT1","turquoise"
"gene-PHYHD1|PHYHD1","darkturquoise"
"gene-SH3GLB2|SH3GLB2","lightsteelblue1"
"gene-LRRC8A|LRRC8A","pink"
"gene-DOLK|DOLK","skyblue"
"gene-NUP188|NUP188","grey60"
"gene-MIGA2|MIGA2","turquoise"
"gene-DOLPP1|DOLPP1","coral1"
"gene-CRAT|CRAT","brown"
"gene-PTPA|PTPA","turquoise"
"gene-IER5L|IER5L","blue"
"gene-PTGES|PTGES","pink"
"gene-LOC115497566|LOC115497566","red"
"gene-NTMT1|NTMT1","greenyellow"
"gene-ASB6|ASB6","grey"
"gene-FNBP1|FNBP1","green"
"gene-TOR1B|TOR1B","purple"
"gene-LOC100230113|LOC100230113","brown"
"gene-C17H9orf78|C17H9orf78","black"
"gene-USP20|USP20","darkmagenta"
"gene-GPR107|GPR107","blue"
"gene-NCS1|NCS1","salmon"
"gene-ASS1|ASS1","lightcyan"
"gene-FUBP3|FUBP3","red"
"gene-PRDM12|PRDM12","darkgreen"
"gene-EXOSC2|EXOSC2","plum2"
"gene-LOC115497558|LOC115497558","black"
"gene-ABL1|ABL1","turquoise"
"gene-LAMC3|LAMC3","tan"
"gene-AIF1L|AIF1L","green"
"gene-NUP214|NUP214","pink"
"gene-FAM78A|FAM78A","tan"
"gene-PLPP7|PLPP7","darkorange"
"gene-PRRC2B|PRRC2B","pink"
"gene-POMT1|POMT1","mediumpurple3"
"gene-UCK1|UCK1","greenyellow"
"gene-RAPGEF1|RAPGEF1","pink"
"gene-PRRT1B|PRRT1B","brown"
"gene-MED27|MED27","midnightblue"
"gene-NTNG2|NTNG2","grey"
"gene-SETX|SETX","turquoise"
"gene-CFAP77|CFAP77","purple"
"gene-TTF1|TTF1","turquoise"
"gene-AK8|AK8","lightsteelblue1"
"gene-SPACA9|SPACA9","lightcyan1"
"gene-GTF3C4|GTF3C4","pink"
"gene-DDX31|DDX31","salmon"
"gene-GFI1B|GFI1B","green"
"gene-TSC1|TSC1","red"
"gene-GBGT1|GBGT1","grey"
"gene-GTF3C5|GTF3C5","yellow"
"gene-RALGDS|RALGDS","purple"
"gene-ADAMTSL2|ADAMTSL2","grey60"
"gene-STKLD1|STKLD1","skyblue3"
"gene-SURF6|SURF6","yellow"
"gene-MED22|MED22","grey"
"gene-RPL7A|RPL7A","magenta"
"gene-LOC115497596|LOC115497596","sienna3"
"gene-SURF1|SURF1","cyan"
"gene-SURF2|SURF2","floralwhite"
"gene-SURF4|SURF4","turquoise"
"gene-REXO4|REXO4","skyblue3"
"gene-ADAMTS13|ADAMTS13","yellow"
"gene-CACFD1|CACFD1","black"
"gene-SLC2A6|SLC2A6","green"
"gene-BRD3OS|BRD3OS","orange"
"gene-VAV2|VAV2","turquoise"
"gene-DBH|DBH","royalblue"
"gene-SARDH|SARDH","pink"
"gene-LOC115497562|LOC115497562","grey"
"gene-BRD3|BRD3","darkmagenta"
"gene-WDR5|WDR5","turquoise"
"gene-RXRA|RXRA","turquoise"
"gene-COL5A1|COL5A1","lavenderblush3"
"gene-OLFM1|OLFM1","pink"
"gene-PPP1R26|PPP1R26","pink"
"gene-PIERCE1|PIERCE1","black"
"gene-MRPS2|MRPS2","greenyellow"
"gene-LOC105760973|LOC105760973","blue"
"gene-LOC115497597|LOC115497597","darkseagreen4"
"gene-DIPK1B|DIPK1B","cyan"
"gene-AGPAT2|AGPAT2","brown"
"gene-EGFL7|EGFL7","darkorange"
"gene-NOTCH1|NOTCH1","darkturquoise"
"gene-SEC16A|SEC16A","pink"
"gene-INPP5E|INPP5E","red"
"gene-PMPCA|PMPCA","brown"
"gene-ENTR1|ENTR1","greenyellow"
"gene-SNAPC4|SNAPC4","pink"
"gene-CARD9|CARD9","green"
"gene-DNLZ|DNLZ","floralwhite"
"gene-GPSM1|GPSM1","yellow"
"gene-QSOX2|QSOX2","pink"
"gene-TMEM250|TMEM250","blue"
"gene-NACC2|NACC2","pink"
"gene-LOC140685208|LOC140685208","lightcyan"
"gene-UBAC1|UBAC1","brown"
"gene-CAMSAP1|CAMSAP1","blue"
"gene-KCNT1|KCNT1","orange"
"gene-B3GALT9|B3GALT9","blue"
"gene-PSMD5|PSMD5","skyblue"
"gene-LOC100225027|LOC100225027","darkred"
"gene-PHF19|PHF19","tan"
"gene-TRAF1|TRAF1","purple"
"gene-C5|C5","midnightblue"
"gene-CNTRL|CNTRL","midnightblue"
"gene-RAB14|RAB14","brown"
"gene-GSN|GSN","darkolivegreen"
"gene-STOM|STOM","darkgrey"
"gene-DAB2IP|DAB2IP","turquoise"
"gene-LOC116809032|LOC116809032","darkgrey"
"gene-TTLL11|TTLL11","orangered4"
"gene-LOC115497553|LOC115497553","brown"
"gene-MORN5|MORN5","darkgrey"
"gene-LHX6|LHX6","grey"
"gene-NDUFA8|NDUFA8","greenyellow"
"gene-MRRF|MRRF","black"
"gene-RBM18|RBM18","turquoise"
"gene-PTGS1|PTGS1","yellow"
"gene-PDCL|PDCL","turquoise"
"gene-RC3H2|RC3H2","red"
"gene-RABGAP1|RABGAP1","red"
"gene-ZBTB6|ZBTB6","skyblue"
"gene-ZBTB26|ZBTB26","blue"
"gene-GPR21|GPR21","darkorange"
"gene-STRBP|STRBP","yellow"
"gene-LHX2|LHX2","blue"
"gene-LOC140685221|LOC140685221","lightyellow"
"gene-DENND1A|DENND1A","turquoise"
"gene-CRB2|CRB2","grey"
"gene-NR6A1|NR6A1","royalblue"
"gene-LOC140685209|LOC140685209","darkgreen"
"gene-NEK6|NEK6","brown"
"gene-PSMB7|PSMB7","greenyellow"
"gene-OLFML2A|OLFML2A","grey"
"gene-RPL35|RPL35","magenta"
"gene-SCAI|SCAI","palevioletred3"
"gene-LOC116809029|LOC116809029","antiquewhite4"
"gene-GAPVD1|GAPVD1","midnightblue"
"gene-GOLGA1|GOLGA1","purple"
"gene-ARPC5L|ARPC5L","brown"
"gene-PPP6C|PPP6C","saddlebrown"
"gene-RABEPK|RABEPK","paleturquoise"
"gene-HSPA5|HSPA5","midnightblue"
"gene-MAPKAP1|MAPKAP1","turquoise"
"gene-PBX3|PBX3","darkgreen"
"gene-LOC116809045|LOC116809045","salmon"
"gene-MVB12B|MVB12B","palevioletred3"
"gene-LMX1B|LMX1B","yellow"
"gene-ZBTB43|ZBTB43","pink"
"gene-ZBTB34|ZBTB34","darkslateblue"
"gene-RALGPS1|RALGPS1","red"
"gene-ANGPTL2|ANGPTL2","blue"
"gene-LOC100228858|LOC100228858","brown"
"gene-FBXW2|FBXW2","turquoise"
"gene-LOC115497592|LOC115497592","black"
"gene-GARNL3|GARNL3","darkmagenta"
"gene-MAP2K6|MAP2K6","royalblue"
"gene-KCNJ16|KCNJ16","lightpink4"
"gene-KCNJ2|KCNJ2","tan"
"gene-LOC121470875|LOC121470875","salmon"
"gene-LOC140685256|LOC140685256","salmon"
"gene-SOX9|SOX9","blue"
"gene-SSTR2|SSTR2","grey"
"gene-SLC39A11|SLC39A11","navajowhite2"
"gene-COG1|COG1","green"
"gene-VCF1|VCF1","blue"
"gene-MTNAP1|MTNAP1","grey60"
"gene-CDC42EP4|CDC42EP4","brown"
"gene-SDK2|SDK2","grey"
"gene-RPL38|RPL38","magenta"
"gene-BTBD17|BTBD17","grey"
"gene-DNAI2|DNAI2","grey"
"gene-TTYH2|TTYH2","green"
"gene-GPRC5C|GPRC5C","grey"
"gene-CCDC137|CCDC137","paleturquoise"
"gene-PDE6G|PDE6G","midnightblue"
"gene-NPLOC4|NPLOC4","turquoise"
"gene-FAAP100|FAAP100","yellow"
"gene-FSCN2|FSCN2","grey"
"gene-ACTG1|ACTG1","brown"
"gene-LOC121470889|LOC121470889","black"
"gene-BAHCC1|BAHCC1","yellow"
"gene-TEPSIN|TEPSIN","black"
"gene-CEP131|CEP131","lavenderblush3"
"gene-SLC38A10|SLC38A10","turquoise"
"gene-NDUFAF8|NDUFAF8","black"
"gene-AATK|AATK","lightcyan"
"gene-BAIAP2|BAIAP2","lightyellow"
"gene-CHMP6|CHMP6","orangered4"
"gene-NPTX1|NPTX1","brown4"
"gene-RPTOR|RPTOR","turquoise"
"gene-RNF213|RNF213","purple"
"gene-CCDC40|CCDC40","black"
"gene-ENDOV|ENDOV","black"
"gene-SLC26A11|SLC26A11","yellow"
"gene-SGSH|SGSH","blue"
"gene-GAA|GAA","white"
"gene-TBC1D16|TBC1D16","green"
"gene-LOC121470872|LOC121470872","purple"
"gene-CBX4|CBX4","salmon"
"gene-CBX8|CBX8","black"
"gene-RBFOX3|RBFOX3","grey"
"gene-ENGASE|ENGASE","blue"
"gene-USP36|USP36","purple"
"gene-C1QTNF1|C1QTNF1","blue"
"gene-CANT1|CANT1","honeydew1"
"gene-TIMP2|TIMP2","turquoise"
"gene-CYTH1|CYTH1","green"
"gene-SOCS3|SOCS3","midnightblue"
"gene-DNAH17|DNAH17","blue"
"gene-PGS1|PGS1","midnightblue"
"gene-LOC115497647|LOC115497647","tan"
"gene-AFMID|AFMID","red"
"gene-TK1|TK1","grey"
"gene-SYNGR2|SYNGR2","turquoise"
"gene-TMC6|TMC6","red"
"gene-HGS|HGS","brown"
"gene-MRPL12|MRPL12","greenyellow"
"gene-SLC25A10|SLC25A10","brown"
"gene-GCGR|GCGR","brown"
"gene-ARHGDIA|ARHGDIA","turquoise"
"gene-P4HB|P4HB","turquoise"
"gene-ALYREF|ALYREF","grey"
"gene-ANAPC11|ANAPC11","magenta"
"gene-PCYT2|PCYT2","brown"
"gene-SIRT7|SIRT7","yellow"
"gene-MAFG|MAFG","greenyellow"
"gene-PYCR1|PYCR1","grey"
"gene-ASPSCR1|ASPSCR1","lightgreen"
"gene-NOTUM|NOTUM","yellow"
"gene-CENPX|CENPX","brown"
"gene-LRRC45|LRRC45","yellow"
"gene-RAC3|RAC3","brown"
"gene-DCXR|DCXR","black"
"gene-RFNG|RFNG","brown"
"gene-GPS1|GPS1","turquoise"
"gene-DUS1L|DUS1L","blue"
"gene-ABCA5|ABCA5","cyan"
"gene-LOC100223114|LOC100223114","black"
"gene-LOC115497648|LOC115497648","salmon"
"gene-LOC140685244|LOC140685244","yellow"
"gene-LOC115497666|LOC115497666","black"
"gene-FAM20A|FAM20A","salmon"
"gene-PRKAR1A|PRKAR1A","greenyellow"
"gene-LOC115497667|LOC115497667","lightcyan1"
"gene-CCDC57|CCDC57","lightcyan1"
"gene-FASN|FASN","brown"
"gene-LOC140685249|LOC140685249","brown"
"gene-LOC140685250|LOC140685250","grey"
"gene-SLC16A3|SLC16A3","cyan"
"gene-CSNK1D|CSNK1D","black"
"gene-WIPI1|WIPI1","salmon"
"gene-ARSG|ARSG","lightcyan1"
"gene-SLC16A6|SLC16A6","blue"
"gene-GNA13|GNA13","turquoise"
"gene-RGS9|RGS9","green"
"gene-PRKCA|PRKCA","pink"
"gene-HELZ|HELZ","darkgrey"
"gene-LOC115497653|LOC115497653","yellow"
"gene-PSMD12|PSMD12","brown"
"gene-AXIN2|AXIN2","midnightblue"
"gene-CEP112|CEP112","blue"
"gene-APOH|APOH","turquoise"
"gene-PITPNC1|PITPNC1","green"
"gene-NOL11|NOL11","turquoise"
"gene-C18H17orf58|C18H17orf58","red"
"gene-BPTF|BPTF","turquoise"
"gene-LOC140685252|LOC140685252","pink"
"gene-KPNA2|KPNA2","tan"
"gene-CEP95|CEP95","brown"
"gene-SMURF2|SMURF2","orange"
"gene-LOC116809059|LOC116809059","honeydew1"
"gene-TEX2|TEX2","turquoise"
"gene-LOC140685251|LOC140685251","steelblue"
"gene-MILR1|MILR1","green"
"gene-PECAM1|PECAM1","honeydew1"
"gene-DDX5|DDX5","yellow"
"gene-POLG2|POLG2","blue"
"gene-C18H17orf75|C18H17orf75","skyblue3"
"gene-RHBDL3|RHBDL3","brown4"
"gene-LOC100229802|LOC100229802","purple"
"gene-ZNF207|ZNF207","yellow"
"gene-ERN1|ERN1","yellow"
"gene-RHOT1|RHOT1","brown"
"gene-RNF135|RNF135","purple"
"gene-ADAP2|ADAP2","green"
"gene-CRLF3|CRLF3","turquoise"
"gene-ATAD5|ATAD5","violet"
"gene-SUZ12|SUZ12","blue"
"gene-LOC140685266|LOC140685266","turquoise"
"gene-UTP6|UTP6","sienna3"
"gene-LOC140685282|LOC140685282","brown"
"gene-COX10|COX10","turquoise"
"gene-LOC100232659|LOC100232659","plum1"
"gene-PMP22|PMP22","brown4"
"gene-TEKT3|TEKT3","purple"
"gene-LOC100227898|LOC100227898","floralwhite"
"gene-LOC100222099|LOC100222099","blue"
"gene-LOC100219254|LOC100219254","blue"
"gene-USP43|USP43","plum1"
"gene-LOC116809068|LOC116809068","tan"
"gene-PIK3R6|PIK3R6","green"
"gene-PIK3R5|PIK3R5","green"
"gene-STX8|STX8","cyan"
"gene-MYH10|MYH10","lightgreen"
"gene-NDEL1|NDEL1","lightgreen"
"gene-SHISA6|SHISA6","skyblue"
"gene-ELAC2|ELAC2","brown"
"gene-MYOCD|MYOCD","darkturquoise"
"gene-MAP2K4|MAP2K4","brown"
"gene-LOC100226551|LOC100226551","plum2"
"gene-TMEM220|TMEM220","magenta"
"gene-ADPRM|ADPRM","black"
"gene-SCO1|SCO1","royalblue"
"gene-GAS7|GAS7","green"
"gene-GLP2R|GLP2R","white"
"gene-DHRS7C|DHRS7C","skyblue3"
"gene-BLOC1S3|BLOC1S3","magenta"
"gene-CCDC61|CCDC61","black"
"gene-LOC100225609|LOC100225609","floralwhite"
"gene-B3GNTL1|B3GNTL1","darkgreen"
"gene-LOC100232358|LOC100232358","blue"
"gene-METRNL|METRNL","plum1"
"gene-TBCD|TBCD","pink"
"gene-FN3K|FN3K","red"
"gene-WDR45B|WDR45B","turquoise"
"gene-LOC140685273|LOC140685273","red"
"gene-FOXK2|FOXK2","steelblue"
"gene-NARF|NARF","lightgreen"
"gene-HEXD|HEXD","grey"
"gene-CYBC1|CYBC1","lightgreen"
"gene-OGFOD3|OGFOD3","darkorange2"
"gene-LOC101233381|LOC101233381","purple"
"gene-CD7|CD7","tan"
"gene-SEPTIN9|SEPTIN9","turquoise"
"gene-TNRC6C|TNRC6C","pink"
"gene-SEC14L1|SEC14L1","lightgreen"
"gene-LOC115497651|LOC115497651","yellow"
"gene-MIR2978|MIR2978","purple"
"gene-MFSD11|MFSD11","grey"
"gene-MXRA7|MXRA7","plum1"
"gene-ST6GALNAC1|ST6GALNAC1","blue"
"gene-SRSF2|SRSF2","steelblue"
"gene-METTL23|METTL23","midnightblue"
"gene-JMJD6|JMJD6","blue"
"gene-ST6GALNAC2|ST6GALNAC2","blue"
"gene-LOC105760995|LOC105760995","magenta"
"gene-CYGB|CYGB","turquoise"
"gene-AANAT|AANAT","turquoise"
"gene-RHBDF2|RHBDF2","steelblue"
"gene-UBE2O|UBE2O","turquoise"
"gene-SPHK1|SPHK1","lightgreen"
"gene-PRPSAP1|PRPSAP1","ivory"
"gene-LOC115497642|LOC115497642","steelblue"
"gene-LOC101233767|LOC101233767","grey"
"gene-UBALD2|UBALD2","midnightblue"
"gene-RNF157|RNF157","green"
"gene-FOXJ1|FOXJ1","purple"
"gene-GALR2|GALR2","ivory"
"gene-EXOC7|EXOC7","blue"
"gene-EVPL|EVPL","yellowgreen"
"gene-SRP68|SRP68","turquoise"
"gene-CDK3|CDK3","black"
"gene-TEN1|TEN1","black"
"gene-ACOX1|ACOX1","brown"
"gene-MRPL38|MRPL38","orangered4"
"gene-TRIM65|TRIM65","purple"
"gene-TRIM47|TRIM47","green"
"gene-WBP2|WBP2","thistle2"
"gene-UNC13D|UNC13D","green"
"gene-UNK|UNK","yellow"
"gene-H3-3B|H3-3B","blue"
"gene-GALK1|GALK1","blue"
"gene-ITGB4|ITGB4","blue"
"gene-RECQL5|RECQL5","lightyellow"
"gene-SMIM5|SMIM5","violet"
"gene-MYO15B|MYO15B","white"
"gene-SAP30BP|SAP30BP","turquoise"
"gene-LLGL2|LLGL2","pink"
"gene-TSEN54|TSEN54","red"
"gene-RAB37|RAB37","grey"
"gene-LOC105760998|LOC105760998","grey60"
"gene-LOC121470882|LOC121470882","darkred"
"gene-XYLT2|XYLT2","red"
"gene-LOC115497694|LOC115497694","mediumpurple3"
"gene-EME1|EME1","darkmagenta"
"gene-MRPL27|MRPL27","darkred"
"gene-LRRC59|LRRC59","thistle2"
"gene-CASKIN2|CASKIN2","grey"
"gene-TMEM94|TMEM94","pink"
"gene-USH1G|USH1G","red"
"gene-FDXR|FDXR","brown"
"gene-GRB2|GRB2","turquoise"
"gene-SLC25A19|SLC25A19","brown"
"gene-MIF4GD|MIF4GD","cyan"
"gene-MRPS7|MRPS7","sienna3"
"gene-GGA3|GGA3","turquoise"
"gene-NUP85|NUP85","red"
"gene-SUMO2|SUMO2","greenyellow"
"gene-JPT1|JPT1","red"
"gene-ARMC7|ARMC7","grey"
"gene-SLC16A5|SLC16A5","darkgrey"
"gene-KCTD2|KCTD2","turquoise"
"gene-ATP5PD|ATP5PD","greenyellow"
"gene-MRPL58|MRPL58","magenta"
"gene-CDR2L|CDR2L","paleturquoise"
"gene-HID1|HID1","floralwhite"
"gene-OTOP2|OTOP2","royalblue"
"gene-GRIN2C|GRIN2C","white"
"gene-TMEM104|TMEM104","lightgreen"
"gene-NAT9|NAT9","sienna3"
"gene-NHERF1|NHERF1","brown"
"gene-CHAD|CHAD","pink"
"gene-ACSF2|ACSF2","red"
"gene-LOC115497695|LOC115497695","saddlebrown"
"gene-SPATA20|SPATA20","green"
"gene-RSAD1|RSAD1","orangered4"
"gene-MYCBPAP|MYCBPAP","plum1"
"gene-LOC115497696|LOC115497696","brown"
"gene-EPN3|EPN3","turquoise"
"gene-ABCC3|ABCC3","blue"
"gene-LOC140685270|LOC140685270","darkturquoise"
"gene-ANKRD40|ANKRD40","darkred"
"gene-LUC7L3|LUC7L3","yellow"
"gene-LOC100218804|LOC100218804","palevioletred3"
"gene-LOC140685254|LOC140685254","orangered4"
"gene-TOB1|TOB1","turquoise"
"gene-NME1|NME1","grey"
"gene-SPAG9|SPAG9","thistle2"
"gene-NME2|NME2","magenta"
"gene-MBTD1|MBTD1","yellow"
"gene-LOC101233957|LOC101233957","lightsteelblue1"
"gene-UTP18|UTP18","black"
"gene-CA10|CA10","plum2"
"gene-TOM1L1|TOM1L1","blue"
"gene-LOC115497613|LOC115497613","black"
"gene-STXBP4|STXBP4","darkred"
"gene-HLF|HLF","turquoise"
"gene-LOC115497649|LOC115497649","tan"
"gene-TMEM100|TMEM100","blue"
"gene-LOC140685258|LOC140685258","green"
"gene-PCTP|PCTP","lightcyan"
"gene-NOG|NOG","orange"
"gene-MMD|MMD","brown"
"gene-LOC140685280|LOC140685280","orange"
"gene-DGKE|DGKE","turquoise"
"gene-LOC100224576|LOC100224576","blue"
"gene-TRIM25|TRIM25","purple"
"gene-COIL|COIL","lightcyan1"
"gene-SCPEP1|SCPEP1","green"
"gene-RAB11FIP4|RAB11FIP4","salmon"
"gene-LOC116809055|LOC116809055","black"
"gene-MIR365-2|MIR365-2","yellow"
"gene-LOC115495198|LOC115495198","grey60"
"gene-COPRS|COPRS","grey"
"gene-LOC115497663|LOC115497663","grey60"
"gene-SMTNL2|SMTNL2","pink"
"gene-TEKT1|TEKT1","darkorange2"
"gene-LOC100223320|LOC100223320","skyblue3"
"gene-LOC115497794|LOC115497794","mediumpurple3"
"gene-LOC140680309|LOC140680309","salmon"
"gene-PIMREG|PIMREG","grey60"
"gene-PITPNM3|PITPNM3","salmon"
"gene-KIAA0753|KIAA0753","yellow"
"gene-TXNDC17|TXNDC17","greenyellow"
"gene-MED31|MED31","magenta"
"gene-CCDC92B|CCDC92B","midnightblue"
"gene-RAP1GAP2|RAP1GAP2","yellow"
"gene-LOC121470927|LOC121470927","yellow"
"gene-CLUH|CLUH","turquoise"
"gene-LOC116809158|LOC116809158","grey"
"gene-PAFAH1B1|PAFAH1B1","turquoise"
"gene-MNT|MNT","darkmagenta"
"gene-SGSM2|SGSM2","brown"
"gene-TNFAIP1|TNFAIP1","brown"
"gene-IFT20|IFT20","floralwhite"
"gene-TMEM97|TMEM97","brown"
"gene-NLK|NLK","purple"
"gene-NOS2|NOS2","yellow"
"gene-LYRM9|LYRM9","yellow"
"gene-KSR1|KSR1","darkorange"
"gene-LOC121470921|LOC121470921","orangered4"
"gene-WSB1|WSB1","yellow"
"gene-NF1|NF1","darkturquoise"
"gene-OMG|OMG","blue"
"gene-EVI2B|EVI2B","green"
"gene-EVI2A|EVI2A","tan"
"gene-LOC121470916|LOC121470916","magenta"
"gene-AKAP1|AKAP1","brown"
"gene-MSI2|MSI2","darkgrey"
"gene-MRPS23|MRPS23","purple"
"gene-LOC121470935|LOC121470935","yellow"
"gene-CUEDC1|CUEDC1","darkturquoise"
"gene-VEZF1|VEZF1","turquoise"
"gene-SRSF1|SRSF1","black"
"gene-DYNLL2|DYNLL2","brown"
"gene-HEATR6|HEATR6","red"
"gene-HNF1B|HNF1B","royalblue"
"gene-DDX52|DDX52","yellow"
"gene-DUSP14|DUSP14","grey"
"gene-SYNRG|SYNRG","brown"
"gene-LHX1|LHX1","ivory"
"gene-MRM1|MRM1","grey"
"gene-DHRS11|DHRS11","pink"
"gene-TADA2A|TADA2A","brown"
"gene-ACACA|ACACA","brown"
"gene-AATF|AATF","pink"
"gene-PIGW|PIGW","blue"
"gene-GGNBP2|GGNBP2","pink"
"gene-MYO19|MYO19","blue"
"gene-ZNHIT3|ZNHIT3","violet"
"gene-LOC115497772|LOC115497772","turquoise"
"gene-CA4|CA4","grey60"
"gene-USP32|USP32","grey"
"gene-APPBP2|APPBP2","turquoise"
"gene-PPM1D|PPM1D","brown"
"gene-LOC115497718|LOC115497718","steelblue"
"gene-BCAS3|BCAS3","thistle2"
"gene-LOC140680295|LOC140680295","grey60"
"gene-TBX2|TBX2","darkorange2"
"gene-TBX4|TBX4","lightsteelblue1"
"gene-BRIP1|BRIP1","purple"
"gene-INTS2|INTS2","yellow"
"gene-MED13|MED13","salmon"
"gene-LOC105758514|LOC105758514","darkturquoise"
"gene-RNFT1|RNFT1","cyan"
"gene-RPS6KB1|RPS6KB1","brown"
"gene-TUBD1|TUBD1","brown"
"gene-VMP1|VMP1","lightgreen"
"gene-PTRH2|PTRH2","floralwhite"
"gene-DHX40|DHX40","grey60"
"gene-CLTC|CLTC","turquoise"
"gene-YPEL2|YPEL2","darkmagenta"
"gene-GDPD1|GDPD1","grey"
"gene-SMG8|SMG8","turquoise"
"gene-PRR11|PRR11","green"
"gene-SKA2|SKA2","salmon4"
"gene-PPM1E|PPM1E","brown4"
"gene-RAD51C|RAD51C","ivory"
"gene-TRIM37|TRIM37","steelblue"
"gene-TEX14|TEX14","green"
"gene-LOC115497843|LOC115497843","blue"
"gene-LOC115497831|LOC115497831","magenta"
"gene-LOC115497844|LOC115497844","green"
"gene-DOC2B|DOC2B","tan"
"gene-RPH3AL|RPH3AL","mediumpurple3"
"gene-RFLNB|RFLNB","turquoise"
"gene-VPS53|VPS53","turquoise"
"gene-TLCD3A|TLCD3A","turquoise"
"gene-GEMIN4|GEMIN4","pink"
"gene-GLOD4|GLOD4","turquoise"
"gene-MRM3|MRM3","darkolivegreen"
"gene-NXN|NXN","brown"
"gene-LOC100220385|LOC100220385","brown"
"gene-LOC100223273|LOC100223273","yellowgreen"
"gene-LOC121470910|LOC121470910","grey"
"gene-ALDH3A2|ALDH3A2","pink"
"gene-NLE1|NLE1","brown"
"gene-ULK2|ULK2","brown"
"gene-AKAP10|AKAP10","brown"
"gene-SPATA22|SPATA22","blue"
"gene-LHFPL7|LHFPL7","tan"
"gene-ASPA|ASPA","magenta"
"gene-TRPV3|TRPV3","magenta"
"gene-P2RX5|P2RX5","darkturquoise"
"gene-TRPV1|TRPV1","yellow"
"gene-CTNS|CTNS","lightcyan1"
"gene-TAX1BP3|TAX1BP3","turquoise"
"gene-EMC6|EMC6","magenta"
"gene-LOC100222342|LOC100222342","darkgrey"
"gene-HASPIN|HASPIN","brown4"
"gene-UBB|UBB","blue"
"gene-CENPV|CENPV","magenta"
"gene-PIGL|PIGL","salmon"
"gene-NCOR1|NCOR1","darkturquoise"
"gene-TTC19|TTC19","brown"
"gene-ZSWIM7|ZSWIM7","grey"
"gene-ADORA2B|ADORA2B","green"
"gene-SPECC1|SPECC1","green"
"gene-LOC115497828|LOC115497828","green"
"gene-TIMM22|TIMM22","brown"
"gene-ABR|ABR","red"
"gene-TRARG1|TRARG1","blue"
"gene-GOSR1|GOSR1","pink"
"gene-CPD|CPD","pink"
"gene-BLMH|BLMH","turquoise"
"gene-SLC6A4|SLC6A4","brown"
"gene-NSRP1|NSRP1","red"
"gene-CORO6|CORO6","darkturquoise"
"gene-ANKRD13B|ANKRD13B","yellow"
"gene-EFCAB5|EFCAB5","paleturquoise"
"gene-SSH2|SSH2","blue"
"gene-GIT1|GIT1","darkgrey"
"gene-LOC115497775|LOC115497775","yellow"
"gene-TAOK1|TAOK1","pink"
"gene-NUFIP2|NUFIP2","turquoise"
"gene-SEZ6|SEZ6","brown"
"gene-MYO18A|MYO18A","cyan"
"gene-PIPOX|PIPOX","darkred"
"gene-PHF12|PHF12","turquoise"
"gene-FLOT2|FLOT2","cyan"
"gene-FAM222B|FAM222B","pink"
"gene-ERAL1|ERAL1","blue"
"gene-TRAF4|TRAF4","grey"
"gene-NEK8|NEK8","darkorange"
"gene-TLCD1|TLCD1","brown"
"gene-RPL23A|RPL23A","greenyellow"
"gene-LOC115497846|LOC115497846","red"
"gene-RAB34|RAB34","greenyellow"
"gene-SUPT6H|SUPT6H","turquoise"
"gene-SDF2|SDF2","sienna3"
"gene-SPAG5|SPAG5","purple"
"gene-BLTP2|BLTP2","turquoise"
"gene-RSKR|RSKR","blue"
"gene-ALDOC|ALDOC","pink"
"gene-PIGS|PIGS","magenta"
"gene-UNC119|UNC119","pink"
"gene-SLC13A2|SLC13A2","pink"
"gene-TSR1|TSR1","pink"
"gene-LOC115497839|LOC115497839","darkorange2"
"gene-SRR|SRR","red"
"gene-SMG6|SMG6","purple"
"gene-HIC1|HIC1","green"
"gene-LOC115497748|LOC115497748","black"
"gene-OVCA2|OVCA2","floralwhite"
"gene-DPH1|DPH1","turquoise"
"gene-RTN4RL1|RTN4RL1","yellowgreen"
"gene-SLC46A1|SLC46A1","pink"
"gene-SARM1|SARM1","purple"
"gene-VTN|VTN","magenta"
"gene-KIF12|KIF12","blue"
"gene-SEBOX|SEBOX","blue"
"gene-VMA12|VMA12","white"
"gene-POLDIP2|POLDIP2","turquoise"
"gene-SMYD4|SMYD4","salmon4"
"gene-SERPINF1|SERPINF1","royalblue"
"gene-RPA1|RPA1","turquoise"
"gene-SERPINF2|SERPINF2","midnightblue"
"gene-WDR81|WDR81","turquoise"
"gene-LOC115497750|LOC115497750","blue"
"gene-TLCD2|TLCD2","brown"
"gene-PRPF8|PRPF8","turquoise"
"gene-RILP|RILP","lightgreen"
"gene-SCARF1|SCARF1","yellow"
"gene-SLC43A2|SLC43A2","white"
"gene-PITPNA|PITPNA","plum1"
"gene-MYO1C|MYO1C","pink"
"gene-INPP5K|INPP5K","brown"
"gene-YWHAE|YWHAE","brown"
"gene-CRK|CRK","brown"
"gene-NCBP3|NCBP3","black"
"gene-LOC115497832|LOC115497832","blue"
"gene-LOC115497838|LOC115497838","blue"
"gene-LRRC75A|LRRC75A","darkorange2"
"gene-TMEM248|TMEM248","red"
"gene-KCTD7|KCTD7","yellow"
"gene-RABGEF1|RABGEF1","orange"
"gene-TPST1|TPST1","black"
"gene-CRCP|CRCP","grey"
"gene-LOC100222299|LOC100222299","darkseagreen4"
"gene-LOC100225196|LOC100225196","darkseagreen4"
"gene-GUSB|GUSB","brown"
"gene-VKORC1L1|VKORC1L1","brown"
"gene-CHCHD2|CHCHD2","greenyellow"
"gene-LOC115497824|LOC115497824","darkslateblue"
"gene-PHKG1|PHKG1","turquoise"
"gene-SUMF2|SUMF2","purple"
"gene-LOC100225248|LOC100225248","turquoise"
"gene-LOC115497836|LOC115497836","white"
"gene-LOC115497837|LOC115497837","lightyellow"
"gene-LOC100230978|LOC100230978","lightcyan1"
"gene-LOC115497720|LOC115497720","purple"
"gene-LOC115497760|LOC115497760","darkolivegreen"
"gene-NIPSNAP2|NIPSNAP2","red"
"gene-LOC140685283|LOC140685283","red"
"gene-MRPS17|MRPS17","skyblue3"
"gene-TMEM132E|TMEM132E","grey"
"gene-PSPH|PSPH","black"
"gene-RAD51D|RAD51D","orangered4"
"gene-UNC45B|UNC45B","grey"
"gene-RFFL|RFFL","midnightblue"
"gene-LIG3|LIG3","turquoise"
"gene-GAS2L2|GAS2L2","white"
"gene-MMP28|MMP28","pink"
"gene-LOC115497766|LOC115497766","orangered4"
"gene-PEX12|PEX12","saddlebrown"
"gene-AP2B1|AP2B1","turquoise"
"gene-TAF15|TAF15","darkorange"
"gene-RHBDD2|RHBDD2","blue"
"gene-POR|POR","lightgreen"
"gene-TMEM120A|TMEM120A","turquoise"
"gene-HSPB1|HSPB1","green"
"gene-STYXL1|STYXL1","blue"
"gene-MDH2|MDH2","greenyellow"
"gene-YWHAG|YWHAG","brown"
"gene-DTX2|DTX2","yellowgreen"
"gene-LOC100230025|LOC100230025","darkgrey"
"gene-LRWD1|LRWD1","black"
"gene-POLR2J|POLR2J","magenta"
"gene-ALKBH4|ALKBH4","grey60"
"gene-ORAI2|ORAI2","sienna3"
"gene-PRKRIP1|PRKRIP1","bisque4"
"gene-SH2B2|SH2B2","turquoise"
"gene-MYL10|MYL10","grey"
"gene-CUX1|CUX1","blue"
"gene-LOC105758513|LOC105758513","blue"
"gene-LOC115497813|LOC115497813","royalblue"
"gene-COL26A1|COL26A1","lightcyan"
"gene-LOC115497737|LOC115497737","yellow"
"gene-IFT22|IFT22","darkred"
"gene-RABEP1|RABEP1","turquoise"
"gene-NUP88|NUP88","yellowgreen"
"gene-RPAIN|RPAIN","yellow"
"gene-LOC100190026|LOC100190026","brown"
"gene-MIS12|MIS12","skyblue"
"gene-DHX33|DHX33","darkred"
"gene-DERL2|DERL2","saddlebrown"
"gene-CAMKK1|CAMKK1","royalblue"
"gene-P2RX1|P2RX1","red"
"gene-ATP2A3|ATP2A3","darkgrey"
"gene-ZZEF1|ZZEF1","turquoise"
"gene-CYB5D2|CYB5D2","lightgreen"
"gene-ANKFY1|ANKFY1","turquoise"
"gene-LOC100217562|LOC100217562","green"
"gene-UBE2G1|UBE2G1","turquoise"
"gene-LOC100223347|LOC100223347","yellow"
"gene-MYBBP1A|MYBBP1A","cyan"
"gene-RFC2|RFC2","midnightblue"
"gene-LAT2|LAT2","green"
"gene-EIF4H|EIF4H","turquoise"
"gene-CLIP2|CLIP2","green"
"gene-NCF1|NCF1","blue"
"gene-CASTOR2|CASTOR2","lavenderblush3"
"gene-RCC1L|RCC1L","pink"
"gene-GTF2IRD1|GTF2IRD1","yellow"
"gene-GTF2I|GTF2I","plum1"
"gene-MKS1|MKS1","black"
"gene-VPS37D|VPS37D","lightpink4"
"gene-STX1A|STX1A","lightyellow"
"gene-BUD23|BUD23","greenyellow"
"gene-DNAJC30|DNAJC30","royalblue"
"gene-GALNT17|GALNT17","grey"
"gene-CALN1|CALN1","turquoise"
"gene-AUTS2|AUTS2","midnightblue"
"gene-LOC140685296|LOC140685296","violet"
"gene-LOC140680307|LOC140680307","darkred"
"gene-SEPTIN4|SEPTIN4","brown"
"gene-TYW1B|TYW1B","turquoise"
"gene-SBDS|SBDS","brown"
"gene-LIMK1|LIMK1","darkgrey"
"gene-ELN|ELN","yellow"
"gene-METTL27|METTL27","brown"
"gene-LOC140680282|LOC140680282","cyan"
"gene-ABHD11|ABHD11","paleturquoise"
"gene-MTMR4|MTMR4","purple"
"gene-RNF43|RNF43","coral1"
"gene-SUPT4H1|SUPT4H1","magenta"
"gene-LOC140680298|LOC140680298","green"
"gene-EPX|EPX","green"
"gene-TSPOAP1|TSPOAP1","yellow"
"gene-LOC140680311|LOC140680311","blue"
"gene-LOC140680289|LOC140680289","green"
"gene-LOC140680290|LOC140680290","salmon"
"gene-LOC140680291|LOC140680291","green"
"gene-TRIM50|TRIM50","midnightblue"
"gene-HIP1|HIP1","yellow"
"gene-LOC140680315|LOC140680315","black"
"gene-NSUN5|NSUN5","yellow"
"gene-BAZ1B|BAZ1B","grey"
"gene-FZD9|FZD9","turquoise"
"gene-LOC140680284|LOC140680284","purple"
"gene-MLXIPL|MLXIPL","lightyellow"
"gene-TBL2|TBL2","yellow"
"gene-BCL7B|BCL7B","midnightblue"
"gene-LOC121470960|LOC121470960","yellowgreen"
"gene-LOC115497952|LOC115497952","black"
"gene-RALGAPB|RALGAPB","turquoise"
"gene-ERGIC3|ERGIC3","brown"
"gene-CPNE1|CPNE1","yellow"
"gene-LOC100217539|LOC100217539","red"
"gene-PHF20|PHF20","brown"
"gene-NDRG3|NDRG3","grey"
"gene-LOC140680395|LOC140680395","grey60"
"gene-RBM12|RBM12","blue"
"gene-NFS1|NFS1","darkred"
"gene-ROMO1|ROMO1","magenta"
"gene-RBM39|RBM39","black"
"gene-LOC115497884|LOC115497884","purple"
"gene-LOC140680346|LOC140680346","yellow"
"gene-LOC140680345|LOC140680345","yellow"
"gene-LOC140680381|LOC140680381","thistle1"
"gene-LOC140680360|LOC140680360","darkred"
"gene-CHD6|CHD6","yellow"
"gene-RBL1|RBL1","yellow"
"gene-LOC140680378|LOC140680378","green"
"gene-SAMHD1|SAMHD1","cyan"
"gene-TLDC2|TLDC2","red"
"gene-PIGU|PIGU","pink"
"gene-TP53INP2|TP53INP2","turquoise"
"gene-NCOA6|NCOA6","pink"
"gene-GGT7|GGT7","yellow"
"gene-LOC140680384|LOC140680384","grey"
"gene-TGIF2|TGIF2","yellow"
"gene-DLGAP4|DLGAP4","green"
"gene-EPB41L1|EPB41L1","darkgrey"
"gene-RAB5IF|RAB5IF","turquoise"
"gene-LOC140680391|LOC140680391","tan"
"gene-MYL9|MYL9","grey"
"gene-AAR2|AAR2","grey"
"gene-L3MBTL1|L3MBTL1","darkorange2"
"gene-LOC121470955|LOC121470955","green"
"gene-SRSF6|SRSF6","black"
"gene-UQCC1|UQCC1","brown"
"gene-FAM83C|FAM83C","blue"
"gene-ITCH|ITCH","pink"
"gene-LOC101232850|LOC101232850","red"
"gene-LOC140680362|LOC140680362","purple"
"gene-LOC105760648|LOC105760648","pink"
"gene-LOC140680364|LOC140680364","purple"
"gene-LOC116807474|LOC116807474","purple"
"gene-LOC100231510|LOC100231510","purple"
"gene-LOC140680367|LOC140680367","purple"
"gene-LOC140680387|LOC140680387","red"
"gene-LOC140680363|LOC140680363","purple"
"gene-LOC140680385|LOC140680385","darkgrey"
"gene-LOC140680366|LOC140680366","purple"
"gene-LOC140680365|LOC140680365","purple"
"gene-LOC140680396|LOC140680396","pink"
"gene-DYNLRB1|DYNLRB1","saddlebrown"
"gene-MAP1LC3A|MAP1LC3A","salmon"
"gene-LOC115497953|LOC115497953","yellow"
"gene-LOC140680390|LOC140680390","darkgrey"
"gene-EIF6|EIF6","turquoise"
"gene-MMP24|MMP24","turquoise"
"gene-LOC140680400|LOC140680400","yellow"
"gene-AHCY|AHCY","lightgreen"
"gene-EIF2S2|EIF2S2","brown"
"gene-RALY|RALY","greenyellow"
"gene-SNTA1|SNTA1","darkorange2"
"gene-CBFA2T2|CBFA2T2","purple"
"gene-CHMP4B|CHMP4B","darkred"
"gene-ZNF341|ZNF341","yellow"
"gene-PXMP4|PXMP4","turquoise"
"gene-E2F1|E2F1","grey"
"gene-NECAB3|NECAB3","grey"
"gene-TOX2|TOX2","green"
"gene-EDEM2|EDEM2","yellow"
"gene-LOC140680399|LOC140680399","red"
"gene-TRPC4AP|TRPC4AP","turquoise"
"gene-MTCL2|MTCL2","green"
"gene-LOC140680376|LOC140680376","royalblue"
"gene-GSS|GSS","turquoise"
"gene-LOC140680351|LOC140680351","red"
"gene-ACSS2|ACSS2","turquoise"
"gene-PTPRT|PTPRT","orange"
"gene-MYBL2|MYBL2","green"
"gene-IFT52|IFT52","turquoise"
"gene-SLC32A1|SLC32A1","magenta"
"gene-SGK2|SGK2","navajowhite2"
"gene-ARHGAP40|ARHGAP40","red"
"gene-ACTR5|ACTR5","sienna3"
"gene-PPP1R16B|PPP1R16B","grey60"
"gene-LOC100226756|LOC100226756","darkturquoise"
"gene-DHX35|DHX35","steelblue"
"gene-LOC115497897|LOC115497897","darkorange"
"gene-MAFB|MAFB","blue"
"gene-TOP1|TOP1","turquoise"
"gene-PLCG1|PLCG1","tan"
"gene-ZHX3|ZHX3","grey"
"gene-RPN2|RPN2","midnightblue"
"gene-MANBAL|MANBAL","purple"
"gene-SRC|SRC","cyan"
"gene-BLCAP|BLCAP","brown"
"gene-PIGT|PIGT","paleturquoise"
"gene-DBNDD2|DBNDD2","green"
"gene-LOC100227800|LOC100227800","blue"
"gene-SYS1|SYS1","magenta"
"gene-LOC101232941|LOC101232941","blue"
"gene-KCNS1|KCNS1","blue"
"gene-LOC121470966|LOC121470966","red"
"gene-SDC4|SDC4","turquoise"
"gene-STK4|STK4","turquoise"
"gene-TOMM34|TOMM34","skyblue"
"gene-FITM2|FITM2","brown"
"gene-GDAP1L1|GDAP1L1","greenyellow"
"gene-CCN5|CCN5","tan"
"gene-PKIG|PKIG","magenta"
"gene-YWHAB|YWHAB","turquoise"
"gene-RIMS4|RIMS4","pink"
"gene-KCNK15|KCNK15","tan"
"gene-LOC115497917|LOC115497917","darkturquoise"
"gene-ADA|ADA","salmon"
"gene-SERINC3|SERINC3","greenyellow"
"gene-TTPAL|TTPAL","pink"
"gene-HNF4A|HNF4A","brown"
"gene-LOC140680401|LOC140680401","darkseagreen4"
"gene-MIR2997|MIR2997","red"
"gene-R3HDML|R3HDML","grey"
"gene-LOC140680402|LOC140680402","floralwhite"
"gene-OSER1|OSER1","magenta"
"gene-LOC100220010|LOC100220010","lightcyan1"
"gene-JPH2|JPH2","darkolivegreen"
"gene-SLC13A3|SLC13A3","grey"
"gene-SLC2A10|SLC2A10","red"
"gene-TP53RK|TP53RK","greenyellow"
"gene-LOC100224907|LOC100224907","blue"
"gene-EYA2|EYA2","yellow"
"gene-ZMYND8|ZMYND8","darkorange"
"gene-EPB42|EPB42","green"
"gene-CCNDBP1|CCNDBP1","darkgrey"
"gene-ZNFX1|ZNFX1","purple"
"gene-DDX27|DDX27","purple"
"gene-CDH22|CDH22","grey"
"gene-SNRPB|SNRPB","magenta"
"gene-ELMO2|ELMO2","turquoise"
"gene-SLC35C2|SLC35C2","black"
"gene-CD40|CD40","purple"
"gene-MMP9|MMP9","blue"
"gene-NCOA5|NCOA5","floralwhite"
"gene-SLC12A5|SLC12A5","grey"
"gene-ZNF335|ZNF335","brown"
"gene-PCIF1|PCIF1","red"
"gene-PLTP|PLTP","red"
"gene-LOC115497967|LOC115497967","magenta"
"gene-CTSA|CTSA","green"
"gene-NEURL2|NEURL2","grey"
"gene-ACOT8|ACOT8","brown"
"gene-SNX21|SNX21","brown"
"gene-LOC115497903|LOC115497903","grey"
"gene-UBE2C|UBE2C","blue"
"gene-DNTTIP1|DNTTIP1","brown"
"gene-LOC115497939|LOC115497939","blue"
"gene-CTNNBL1|CTNNBL1","greenyellow"
"gene-VSTM2L|VSTM2L","blue"
"gene-TGM2|TGM2","cyan"
"gene-LOC115497900|LOC115497900","blue"
"gene-KIAA1755|KIAA1755","lightsteelblue1"
"gene-TTI1|TTI1","saddlebrown"
"gene-RPRD1B|RPRD1B","brown"
"gene-LOC100225730|LOC100225730","turquoise"
"gene-LOC116809179|LOC116809179","turquoise"
"gene-LOC100219992|LOC100219992","blue"
"gene-CDK5RAP1|CDK5RAP1","black"
"gene-LOC140680394|LOC140680394","pink"
"gene-LOC100230541|LOC100230541","green"
"gene-LOC140680375|LOC140680375","grey"
"gene-DNMT3B|DNMT3B","grey"
"gene-MAPRE1|MAPRE1","turquoise"
"gene-COMMD7|COMMD7","cyan"
"gene-NOL4L|NOL4L","mediumpurple3"
"gene-LOC140680369|LOC140680369","steelblue"
"gene-ASXL1|ASXL1","yellow"
"gene-KIF3B|KIF3B","lightgreen"
"gene-CCM2L|CCM2L","yellow"
"gene-HCK|HCK","green"
"gene-POFUT1|POFUT1","turquoise"
"gene-PLAGL2|PLAGL2","maroon"
"gene-TM9SF4|TM9SF4","turquoise"
"gene-LOC140680392|LOC140680392","lightcyan1"
"gene-XKR7|XKR7","ivory"
"gene-PDRG1|PDRG1","magenta"
"gene-DUSP15|DUSP15","purple"
"gene-FOXS1|FOXS1","purple"
"gene-LOC100217786|LOC100217786","blue"
"gene-TPX2|TPX2","green"
"gene-BCL2L1|BCL2L1","blue"
"gene-TBC1D20|TBC1D20","brown"
"gene-ID1|ID1","blue"
"gene-HM13|HM13","turquoise"
"gene-REM1|REM1","orange"
"gene-SOX12|SOX12","blue"
"gene-CSNK2A1|CSNK2A1","turquoise"
"gene-TCF15|TCF15","darkslateblue"
"gene-SRXN1|SRXN1","darkolivegreen"
"gene-SCRT2|SCRT2","blue"
"gene-SLC52A3|SLC52A3","cyan"
"gene-FAM110A|FAM110A","purple"
"gene-ANGPT4|ANGPT4","blue"
"gene-RSPO4|RSPO4","cyan"
"gene-PSMF1|PSMF1","thistle2"
"gene-RAD21L1|RAD21L1","palevioletred3"
"gene-SNPH|SNPH","greenyellow"
"gene-SDCBP2|SDCBP2","black"
"gene-LOC100190467|LOC100190467","brown"
"gene-NSFL1C|NSFL1C","brown"
"gene-LOC100219073|LOC100219073","turquoise"
"gene-PDYN|PDYN","floralwhite"
"gene-LOC100231564|LOC100231564","turquoise"
"gene-LOC100228682|LOC100228682","turquoise"
"gene-STK35|STK35","salmon"
"gene-STMN3|STMN3","orange"
"gene-RTEL1|RTEL1","grey60"
"gene-HELZ2|HELZ2","purple"
"gene-FNDC11|FNDC11","greenyellow"
"gene-GMEB2|GMEB2","magenta"
"gene-TNFRSF6B|TNFRSF6B","blue"
"gene-SLC2A4RG|SLC2A4RG","darkmagenta"
"gene-ARFRP1|ARFRP1","turquoise"
"gene-ZGPAT|ZGPAT","grey"
"gene-LIME1|LIME1","darkorange"
"gene-ZBTB46|ZBTB46","turquoise"
"gene-TPD52L2|TPD52L2","salmon"
"gene-LOC121470963|LOC121470963","purple"
"gene-DNAJC5|DNAJC5","pink"
"gene-UCKL1|UCKL1","yellow"
"gene-ZNF512B|ZNF512B","brown"
"gene-PRPF6|PRPF6","turquoise"
"gene-C20H20orf204|C20H20orf204","red"
"gene-SOX18|SOX18","tan"
"gene-LOC115497933|LOC115497933","grey"
"gene-TCEA2|TCEA2","greenyellow"
"gene-RGS19|RGS19","green"
"gene-LOC100220938|LOC100220938","brown"
"gene-LOC100218088|LOC100218088","red"
"gene-PCMTD2|PCMTD2","brown"
"gene-PPDPF|PPDPF","grey"
"gene-EEF1A2|EEF1A2","darkolivegreen"
"gene-KCNQ2|KCNQ2","darkolivegreen"
"gene-CHRNA4|CHRNA4","grey60"
"gene-COL20A1|COL20A1","cyan"
"gene-LOC100231559|LOC100231559","blue"
"gene-NKAIN4|NKAIN4","cyan"
"gene-ARFGAP1|ARFGAP1","brown"
"gene-YTHDF1|YTHDF1","turquoise"
"gene-SLC17A9|SLC17A9","midnightblue"
"gene-DIDO1|DIDO1","yellow"
"gene-GID8|GID8","turquoise"
"gene-COL9A3|COL9A3","lightcyan1"
"gene-OGFR|OGFR","purple"
"gene-MRGBP|MRGBP","saddlebrown"
"gene-NTSR1|NTSR1","brown"
"gene-SLCO4A1|SLCO4A1","tan"
"gene-GATA5|GATA5","salmon"
"gene-CABLES2|CABLES2","yellow"
"gene-RPS21|RPS21","magenta"
"gene-LAMA5|LAMA5","darkturquoise"
"gene-ADRM1|ADRM1","red"
"gene-OSBPL2|OSBPL2","blue"
"gene-MTG2|MTG2","darkgreen"
"gene-SS18L1|SS18L1","orange"
"gene-PSMA7|PSMA7","magenta"
"gene-LSM14B|LSM14B","black"
"gene-TAF4|TAF4","yellow"
"gene-CDH4|CDH4","brown"
"gene-FAM217B|FAM217B","pink"
"gene-PPP1R3D|PPP1R3D","orange"
"gene-PHACTR3|PHACTR3","midnightblue"
"gene-ZNF831|ZNF831","tan"
"gene-EDN3|EDN3","royalblue"
"gene-NELFCD|NELFCD","royalblue"
"gene-LOC121470936|LOC121470936","lightcyan"
"gene-PRELID3B|PRELID3B","brown"
"gene-ATP5F1E|ATP5F1E","magenta"
"gene-TUBB1|TUBB1","green"
"gene-CTSZ|CTSZ","blue"
"gene-LOC115497881|LOC115497881","white"
"gene-GNAS|GNAS","brown"
"gene-NPEPL1|NPEPL1","paleturquoise"
"gene-STX16|STX16","turquoise"
"gene-LOC115497927|LOC115497927","pink"
"gene-APCDD1L|APCDD1L","green"
"gene-VAPB|VAPB","turquoise"
"gene-RAB22A|RAB22A","green"
"gene-LOC100224823|LOC100224823","red"
"gene-CIMIP1|CIMIP1","lightyellow"
"gene-PMEPA1|PMEPA1","maroon"
"gene-LOC140680352|LOC140680352","ivory"
"gene-LOC121470959|LOC121470959","ivory"
"gene-RBM38|RBM38","royalblue"
"gene-LOC115497893|LOC115497893","thistle1"
"gene-RAE1|RAE1","brown"
"gene-BMP7|BMP7","red"
"gene-CASS4|CASS4","tan"
"gene-LOC105758723|LOC105758723","turquoise"
"gene-LOC115497926|LOC115497926","blue"
"gene-RTF2|RTF2","pink"
"gene-AURKA|AURKA","green"
"gene-CSTF1|CSTF1","black"
"gene-FAM210B|FAM210B","darkolivegreen"
"gene-PCK1|PCK1","antiquewhite4"
"gene-LOC115497946|LOC115497946","salmon"
"gene-CTCFL|CTCFL","salmon"
"gene-LOC115497921|LOC115497921","tan"
"gene-DOK5|DOK5","blue"
"gene-PFDN4|PFDN4","magenta"
"gene-BCAS1|BCAS1","midnightblue"
"gene-ZNF217|ZNF217","blue"
"gene-LOC140680355|LOC140680355","blue"
"gene-TSHZ2|TSHZ2","blue"
"gene-ZFP64|ZFP64","greenyellow"
"gene-PTPN1|PTPN1","orange"
"gene-NFATC2|NFATC2","tan"
"gene-LOC116809168|LOC116809168","yellow"
"gene-ADNP|ADNP","purple"
"gene-SALL4|SALL4","red"
"gene-ATP9A|ATP9A","blue"
"gene-KCNG1|KCNG1","yellow"
"gene-MOCS3|MOCS3","magenta"
"gene-DPM1|DPM1","greenyellow"
"gene-PARD6B|PARD6B","brown"
"gene-LOC115497886|LOC115497886","bisque4"
"gene-RIPOR3|RIPOR3","bisque4"
"gene-CEBPB|CEBPB","blue"
"gene-PEDS1|PEDS1","lightgreen"
"gene-UBE2V1|UBE2V1","brown"
"gene-SNAI1|SNAI1","blue"
"gene-RNF114|RNF114","turquoise"
"gene-SPATA2|SPATA2","turquoise"
"gene-SLC9A8|SLC9A8","yellow"
"gene-LOC115497879|LOC115497879","palevioletred3"
"gene-B4GALT5|B4GALT5","red"
"gene-KCNB1|KCNB1","darkmagenta"
"gene-LOC140680335|LOC140680335","blue"
"gene-LOC115497968|LOC115497968","steelblue"
"gene-LOC121470949|LOC121470949","blue"
"gene-LOC115497970|LOC115497970","blue"
"gene-STAU1|STAU1","pink"
"gene-CSE1L|CSE1L","turquoise"
"gene-ARFGEF2|ARFGEF2","turquoise"
"gene-PREX1|PREX1","darkgrey"
"gene-LOC140680368|LOC140680368","darkturquoise"
"gene-SULF2|SULF2","pink"
"gene-NCOA3|NCOA3","yellow"
"gene-LOC140680432|LOC140680432","grey60"
"gene-SCNN1D|SCNN1D","violet"
"gene-UBE2J2|UBE2J2","sienna3"
"gene-C1QTNF12|C1QTNF12","blue"
"gene-TNFRSF4|TNFRSF4","yellow"
"gene-TNFRSF18|TNFRSF18","green"
"gene-LOC121471003|LOC121471003","skyblue3"
"gene-B3GALT6|B3GALT6","navajowhite2"
"gene-SDF4|SDF4","sienna3"
"gene-LOC140680433|LOC140680433","green"
"gene-C21H1orf159|C21H1orf159","lightyellow"
"gene-RNF223|RNF223","lightcyan"
"gene-AGRN|AGRN","maroon"
"gene-HES4|HES4","steelblue"
"gene-PLEKHN1|PLEKHN1","lightyellow"
"gene-KLHL17|KLHL17","orangered4"
"gene-NOC2L|NOC2L","cyan"
"gene-SAMD11|SAMD11","navajowhite2"
"gene-RERE|RERE","blue"
"gene-ENO1|ENO1","brown"
"gene-LOC140680422|LOC140680422","darkmagenta"
"gene-CA6|CA6","grey60"
"gene-LOC100219398|LOC100219398","brown"
"gene-GPR157|GPR157","blue"
"gene-LOC140680423|LOC140680423","white"
"gene-LOC116809194|LOC116809194","blue"
"gene-H6PD|H6PD","midnightblue"
"gene-SPSB1|SPSB1","grey"
"gene-SLC25A33|SLC25A33","greenyellow"
"gene-TMEM201|TMEM201","turquoise"
"gene-LOC101233936|LOC101233936","saddlebrown"
"gene-PIK3CD|PIK3CD","green"
"gene-CLSTN1|CLSTN1","pink"
"gene-CTNNBIP1|CTNNBIP1","turquoise"
"gene-RBP7|RBP7","yellowgreen"
"gene-LZIC|LZIC","paleturquoise"
"gene-NMNAT1|NMNAT1","red"
"gene-CENPS|CENPS","black"
"gene-KIF1B|KIF1B","pink"
"gene-UBE4B|UBE4B","turquoise"
"gene-LOC140680438|LOC140680438","turquoise"
"gene-PGD|PGD","lightyellow"
"gene-LOC140680436|LOC140680436","lightyellow"
"gene-PEX14|PEX14","turquoise"
"gene-DFFA|DFFA","yellowgreen"
"gene-CASZ1|CASZ1","black"
"gene-ACAP3|ACAP3","paleturquoise"
"gene-TARDBP|TARDBP","steelblue"
"gene-MASP2|MASP2","blue"
"gene-LOC140680410|LOC140680410","darkred"
"gene-MXRA8|MXRA8","orange"
"gene-PUSL1|PUSL1","orangered4"
"gene-DVL1|DVL1","turquoise"
"gene-INTS11|INTS11","saddlebrown"
"gene-CPTP|CPTP","grey60"
"gene-LOC140680409|LOC140680409","lightcyan"
"gene-TAS1R3|TAS1R3","grey60"
"gene-LOC140680408|LOC140680408","darkseagreen4"
"gene-LOC100224487|LOC100224487","bisque4"
"gene-AURKAIP1|AURKAIP1","black"
"gene-CCNL2|CCNL2","steelblue"
"gene-MRPL20|MRPL20","magenta"
"gene-TMEM278|TMEM278","darkorange2"
"gene-VWA1|VWA1","royalblue"
"gene-LOC100222621|LOC100222621","turquoise"
"gene-FNDC10|FNDC10","purple"
"gene-SSU72|SSU72","skyblue3"
"gene-LOC140680413|LOC140680413","yellow"
"gene-LOC105758753|LOC105758753","royalblue"
"gene-LOC140680412|LOC140680412","darkgreen"
"gene-MIB2|MIB2","turquoise"
"gene-MMP23B|MMP23B","thistle1"
"gene-LOC100231234|LOC100231234","red"
"gene-SLC35E2B|SLC35E2B","turquoise"
"gene-LOC121470997|LOC121470997","grey"
"gene-NADK|NADK","red"
"gene-GABRD|GABRD","turquoise"
"gene-GNB1|GNB1","cyan"
"gene-LOC115497990|LOC115497990","purple"
"gene-TMEM52|TMEM52","blue"
"gene-PRKCZ|PRKCZ","greenyellow"
"gene-FAAP20|FAAP20","grey"
"gene-SKI|SKI","brown4"
"gene-RER1|RER1","saddlebrown"
"gene-PEX10|PEX10","turquoise"
"gene-MMEL1|MMEL1","cyan"
"gene-PLCH2|PLCH2","brown"
"gene-LOC116809204|LOC116809204","royalblue"
"gene-LOC100220650|LOC100220650","red"
"gene-PANK4|PANK4","red"
"gene-LOC115498050|LOC115498050","pink"
"gene-PRDM16|PRDM16","darkgrey"
"gene-ARHGEF16|ARHGEF16","red"
"gene-MEGF6|MEGF6","darkseagreen4"
"gene-TP73|TP73","green"
"gene-LOC115498003|LOC115498003","darkmagenta"
"gene-TPRG1L|TPRG1L","brown"
"gene-WRAP73|WRAP73","yellow"
"gene-CCDC27|CCDC27","steelblue"
"gene-LRRC47|LRRC47","pink"
"gene-CEP104|CEP104","red"
"gene-DFFB|DFFB","yellow"
"gene-C21H1orf174|C21H1orf174","darkred"
"gene-AJAP1|AJAP1","orange"
"gene-NPHP4|NPHP4","yellow"
"gene-KCNAB2|KCNAB2","green"
"gene-CHD5|CHD5","yellow"
"gene-RPL22|RPL22","magenta"
"gene-RNF207|RNF207","salmon4"
"gene-ICMT|ICMT","turquoise"
"gene-ACOT7|ACOT7","green"
"gene-LOC100229308|LOC100229308","palevioletred3"
"gene-TNFRSF25|TNFRSF25","green"
"gene-PLEKHG5|PLEKHG5","honeydew1"
"gene-NOL9|NOL9","palevioletred3"
"gene-TAS1R1|TAS1R1","yellow"
"gene-LOC140680420|LOC140680420","red"
"gene-ZBTB48|ZBTB48","yellow"
"gene-KLHL21|KLHL21","turquoise"
"gene-PHF13|PHF13","turquoise"
"gene-DNAJC11|DNAJC11","pink"
"gene-CAMTA1|CAMTA1","black"
"gene-LOC115498048|LOC115498048","blue"
"gene-VAMP3|VAMP3","green"
"gene-PER3|PER3","darkgreen"
"gene-TNFRSF9|TNFRSF9","lightsteelblue1"
"gene-PARK7|PARK7","greenyellow"
"gene-LOC140680429|LOC140680429","magenta"
"gene-LOC140680435|LOC140680435","magenta"
"gene-ERRFI1|ERRFI1","grey"
"gene-SLC45A1|SLC45A1","yellow"
"gene-MRPS16|MRPS16","brown"
"gene-TMEM51|TMEM51","blue"
"gene-PDPN|PDPN","plum1"
"gene-LOC100218769|LOC100218769","maroon"
"gene-LOC100222565|LOC100222565","lightyellow"
"gene-LOC121471000|LOC121471000","red"
"gene-LOC115498029|LOC115498029","yellow"
"gene-LOC100223512|LOC100223512","grey"
"gene-DHRS3|DHRS3","brown"
"gene-LOC140680434|LOC140680434","salmon4"
"gene-VPS13D|VPS13D","lightcyan"
"gene-TNFRSF1B|TNFRSF1B","midnightblue"
"gene-TNFRSF8|TNFRSF8","purple"
"gene-MIIP|MIIP","darkorange2"
"gene-MFN2|MFN2","brown"
"gene-PLOD1|PLOD1","darkgrey"
"gene-KIAA2013|KIAA2013","turquoise"
"gene-NPPA|NPPA","darkolivegreen"
"gene-CLCN6|CLCN6","red"
"gene-MTHFR|MTHFR","paleturquoise"
"gene-C21H1orf167|C21H1orf167","purple"
"gene-AGTRAP|AGTRAP","darkslateblue"
"gene-DRAXIN|DRAXIN","lightyellow"
"gene-MAD2L2|MAD2L2","grey"
"gene-FBXO44|FBXO44","greenyellow"
"gene-FBXO2|FBXO2","skyblue3"
"gene-DISP3|DISP3","magenta"
"gene-UBIAD1|UBIAD1","sienna3"
"gene-MTOR|MTOR","pink"
"gene-EXOSC10|EXOSC10","blue"
"gene-LOC140680405|LOC140680405","darkgreen"
"gene-SRM|SRM","brown"
"gene-LOC100228336|LOC100228336","blue"
"gene-CCDC30|CCDC30","bisque4"
"gene-ZMYND12|ZMYND12","blue"
"gene-PPCS|PPCS","brown"
"gene-SLC2A1|SLC2A1","turquoise"
"gene-PHC2|PHC2","magenta"
"gene-ZNF362|ZNF362","yellow"
"gene-LOC115497975|LOC115497975","lightcyan"
"gene-SVBP|SVBP","magenta"
"gene-TMEM269|TMEM269","maroon"
"gene-HSPG2|HSPG2","yellow"
"gene-USP48|USP48","lightgreen"
"gene-RAP1GAP|RAP1GAP","darkslateblue"
"gene-ALPL|ALPL","darkgrey"
"gene-ECE1|ECE1","red"
"gene-EIF4G3|EIF4G3","red"
"gene-SH2D5|SH2D5","yellow"
"gene-HP1BP3|HP1BP3","red"
"gene-KIF17|KIF17","grey60"
"gene-DDOST|DDOST","midnightblue"
"gene-DDI2|DDI2","turquoise"
"gene-PLEKHM2|PLEKHM2","turquoise"
"gene-FBLIM1|FBLIM1","salmon4"
"gene-SLC25A34|SLC25A34","black"
"gene-TMEM82|TMEM82","darkseagreen4"
"gene-SPEN|SPEN","blue"
"gene-LOC121470994|LOC121470994","salmon4"
"gene-ZBTB17|ZBTB17","turquoise"
"gene-HSPB7|HSPB7","plum1"
"gene-CLCNKA|CLCNKA","darkturquoise"
"gene-EPHA2|EPHA2","lightyellow"
"gene-CPLANE2|CPLANE2","black"
"gene-FBXO42|FBXO42","turquoise"
"gene-MFAP2|MFAP2","turquoise"
"gene-ATP13A2|ATP13A2","orangered4"
"gene-SZRD1|SZRD1","brown"
"gene-NECAP2|NECAP2","yellow"
"gene-CROCC|CROCC","yellow"
"gene-LOC115498013|LOC115498013","salmon"
"gene-SDHB|SDHB","greenyellow"
"gene-LOC140680415|LOC140680415","greenyellow"
"gene-RCC2|RCC2","cyan"
"gene-ARHGEF10L|ARHGEF10L","blue"
"gene-IGSF21|IGSF21","brown"
"gene-KLHDC7A|KLHDC7A","pink"
"gene-PAX7|PAX7","tan"
"gene-ALDH4A1|ALDH4A1","pink"
"gene-IFFO2|IFFO2","pink"
"gene-UBR4|UBR4","darkturquoise"
"gene-SLC66A1|SLC66A1","grey"
"gene-EMC1|EMC1","lightgreen"
"gene-MRTO4|MRTO4","grey"
"gene-AKR7A2|AKR7A2","brown"
"gene-NBL1|NBL1","thistle2"
"gene-CAPZB|CAPZB","turquoise"
"gene-LOC140680416|LOC140680416","bisque4"
"gene-MICOS10|MICOS10","greenyellow"
"gene-HTR6|HTR6","yellow"
"gene-TMCO4|TMCO4","yellow"
"gene-RNF186|RNF186","blue"
"gene-OTUD3|OTUD3","red"
"gene-LOC100219387|LOC100219387","purple"
"gene-LOC100228959|LOC100228959","brown"
"gene-CAMK2N1|CAMK2N1","brown"
"gene-MUL1|MUL1","greenyellow"
"gene-CDA|CDA","darkred"
"gene-DNAJC16|DNAJC16","pink"
"gene-PINK1|PINK1","brown"
"gene-AGMAT|AGMAT","turquoise"
"gene-CASP9|CASP9","darkred"
"gene-EFHD2|EFHD2","red"
"gene-EPHB2|EPHB2","blue"
"gene-C1QB|C1QB","green"
"gene-C1QC|C1QC","green"
"gene-C1QA|C1QA","green"
"gene-WNT4|WNT4","red"
"gene-CDC42|CDC42","brown"
"gene-LOC100218403|LOC100218403","mediumpurple3"
"gene-C21H1orf50|C21H1orf50","saddlebrown"
"gene-P3H1|P3H1","brown"
"gene-YBX1|YBX1","greenyellow"
"gene-PPIH|PPIH","black"
"gene-LOC140680269|LOC140680269","salmon"
"gene-LOC140680430|LOC140680430","grey"
"gene-LOC116807646|LOC116807646","skyblue"
"gene-LOC140680418|LOC140680418","skyblue"
"gene-LOC140680439|LOC140680439","pink"
"gene-LOC115493304|LOC115493304","grey"
"gene-LOC140680456|LOC140680456","yellow"
"gene-LOC121468887|LOC121468887","grey"
"gene-LOC121468033|LOC121468033","mediumpurple3"
"gene-POLB|POLB","black"
"gene-VDAC3|VDAC3","brown"
"gene-IKBKB|IKBKB","lightyellow"
"gene-PLAT|PLAT","turquoise"
"gene-AP3M2|AP3M2","turquoise"
"gene-KAT6A|KAT6A","darkturquoise"
"gene-ANK1|ANK1","steelblue"
"gene-GPAT4|GPAT4","turquoise"
"gene-GINS4|GINS4","brown"
"gene-LOC115490548|LOC115490548","black"
"gene-GOLGA7|GOLGA7","brown"
"gene-SFRP1|SFRP1","turquoise"
"gene-ZMAT4|ZMAT4","brown"
"gene-TCIM|TCIM","greenyellow"
"gene-LOC100219367|LOC100219367","brown"
"gene-LOC100222224|LOC100222224","yellow"
"gene-LOC100225139|LOC100225139","turquoise"
"gene-TM2D2|TM2D2","magenta"
"gene-PLEKHA2|PLEKHA2","tan"
"gene-TACC1|TACC1","pink"
"gene-FGFR1|FGFR1","grey"
"gene-LETM2|LETM2","saddlebrown"
"gene-PLPP5|PLPP5","cyan"
"gene-NSD3|NSD3","midnightblue"
"gene-DDHD2|DDHD2","brown"
"gene-LSM1|LSM1","brown"
"gene-BAG4|BAG4","turquoise"
"gene-STAR|STAR","lightyellow"
"gene-ASH2L|ASH2L","brown"
"gene-EIF4EBP1|EIF4EBP1","yellowgreen"
"gene-RAB11FIP1|RAB11FIP1","turquoise"
"gene-BRF2|BRF2","grey60"
"gene-ADGRA2|ADGRA2","mediumpurple3"
"gene-ZNF703|ZNF703","pink"
"gene-PLPBP|PLPBP","turquoise"
"gene-ERLIN2|ERLIN2","turquoise"
"gene-DUSP26|DUSP26","darkturquoise"
"gene-TTI2|TTI2","yellow"
"gene-MAK16|MAK16","blue"
"gene-ATP6V1B2|ATP6V1B2","turquoise"
"gene-LZTS1|LZTS1","red"
"gene-LOC140680443|LOC140680443","mediumpurple3"
"gene-DOK2|DOK2","purple"
"gene-XPO7|XPO7","honeydew1"
"gene-PBDC1|PBDC1","grey"
"gene-NPM2|NPM2","lightcyan1"
"gene-RHOBTB2|RHOBTB2","blue"
"gene-LOC115498199|LOC115498199","blue"
"gene-DMTN|DMTN","steelblue"
"gene-NUDT18|NUDT18","mediumpurple3"
"gene-LGI3|LGI3","darkmagenta"
"gene-LOC140680447|LOC140680447","purple"
"gene-PPP3CC|PPP3CC","steelblue"
"gene-SORBS3|SORBS3","blue"
"gene-EGR3|EGR3","green"
"gene-LOC115498119|LOC115498119","blue"
"gene-LOC140680442|LOC140680442","grey"
"gene-REEP4|REEP4","grey"
"gene-SFTPC|SFTPC","yellow"
"gene-LOC115498080|LOC115498080","blue"
"gene-BMP1|BMP1","midnightblue"
"gene-PHYHIP|PHYHIP","yellowgreen"
"gene-POLR3D|POLR3D","brown"
"gene-PIWIL2|PIWIL2","yellow"
"gene-SLC39A14|SLC39A14","royalblue"
"gene-LOC140680444|LOC140680444","lightpink4"
"gene-PDLIM2|PDLIM2","black"
"gene-BIN3|BIN3","yellowgreen"
"gene-CHMP7|CHMP7","turquoise"
"gene-R3HCC1|R3HCC1","blue"
"gene-LOXL2|LOXL2","lightpink4"
"gene-ENTPD4|ENTPD4","lightgreen"
"gene-SLC25A37|SLC25A37","grey"
"gene-LOC121471026|LOC121471026","yellow"
"gene-LOC121471027|LOC121471027","grey"
"gene-LOC140680452|LOC140680452","green"
"gene-LOC100222168|LOC100222168","lightcyan"
"gene-CDCA2|CDCA2","green"
"gene-EBF2|EBF2","midnightblue"
"gene-DOCK5|DOCK5","blue"
"gene-LOC140680441|LOC140680441","blue"
"gene-NEFM|NEFM","orange"
"gene-NEFL|NEFL","green"
"gene-KCTD9|KCTD9","red"
"gene-LOC140680455|LOC140680455","midnightblue"
"gene-PPP2R2A|PPP2R2A","blue"
"gene-BNIP3L|BNIP3L","lightcyan"
"gene-DPYSL2|DPYSL2","lavenderblush3"
"gene-LRRTM4|LRRTM4","plum1"
"gene-LOC140680453|LOC140680453","darkslateblue"
"gene-TGFA|TGFA","magenta"
"gene-TIA1|TIA1","black"
"gene-FAM136A|FAM136A","red"
"gene-SNRPG|SNRPG","magenta"
"gene-PCYOX1|PCYOX1","turquoise"
"gene-C22H2orf42|C22H2orf42","yellow"
"gene-MRPS24|MRPS24","magenta"
"gene-NPC1L1|NPC1L1","honeydew1"
"gene-DDX56|DDX56","grey"
"gene-LOC115498164|LOC115498164","darkslateblue"
"gene-LOC115498162|LOC115498162","coral1"
"gene-TMED4|TMED4","midnightblue"
"gene-LOC115498090|LOC115498090","yellow"
"gene-STARD7|STARD7","turquoise"
"gene-TMEM127|TMEM127","turquoise"
"gene-SEMA4C|SEMA4C","mediumpurple3"
"gene-CIAO1|CIAO1","turquoise"
"gene-SNRNP200|SNRNP200","darkgrey"
"gene-LOC140680446|LOC140680446","blue"
"gene-ANKRD39|ANKRD39","black"
"gene-CNNM4|CNNM4","sienna3"
"gene-LMAN2L|LMAN2L","pink"
"gene-NCAPH|NCAPH","salmon"
"gene-KANSL3|KANSL3","brown"
"gene-ARID5A|ARID5A","blue"
"gene-SLC4A5|SLC4A5","grey"
"gene-TACR1|TACR1","blue"
"gene-MTHFD2|MTHFD2","blue"
"gene-BOLA3|BOLA3","magenta"
"gene-TET3|TET3","darkorange2"
"gene-DGUOK|DGUOK","grey"
"gene-ACTG2|ACTG2","magenta"
"gene-STAMBP|STAMBP","red"
"gene-DUSP11|DUSP11","turquoise"
"gene-PROM2|PROM2","darkgreen"
"gene-LOC115498177|LOC115498177","darkgreen"
"gene-PRNP|PRNP","darkgreen"
"gene-LOC140680459|LOC140680459","blue"
"gene-RASSF2|RASSF2","green"
"gene-SLC23A2|SLC23A2","blue"
"gene-LOC115498161|LOC115498161","floralwhite"
"gene-ANTXR1|ANTXR1","red"
"gene-TMEM230|TMEM230","turquoise"
"gene-PCNA|PCNA","blue"
"gene-CDS2|CDS2","green"
"gene-ARHGAP25|ARHGAP25","green"
"gene-BMP10|BMP10","blue"
"gene-GKN2|GKN2","violet"
"gene-LOC115498168|LOC115498168","pink"
"gene-GFPT1|GFPT1","pink"
"gene-LOC140680440|LOC140680440","midnightblue"
"gene-AAK1|AAK1","brown4"
"gene-NFU1|NFU1","turquoise"
"gene-LOC140680457|LOC140680457","yellow"
"gene-ANXA4|ANXA4","darkolivegreen"
"gene-LOC101233732|LOC101233732","green"
"gene-GMCL1|GMCL1","turquoise"
"gene-ADD2|ADD2","bisque4"
"gene-SNRNP27|SNRNP27","turquoise"
"gene-MXD1|MXD1","salmon"
"gene-USP39|USP39","blue"
"gene-C22H2orf68|C22H2orf68","magenta"
"gene-LOC115498215|LOC115498215","green"
"gene-VAMP8|VAMP8","grey"
"gene-GGCX|GGCX","darkred"
"gene-MAT2A|MAT2A","steelblue"
"gene-H2AFV|H2AFV","greenyellow"
"gene-PURB|PURB","midnightblue"
"gene-COX5B|COX5B","greenyellow"
"gene-LOC100189956|LOC100189956","red"
"gene-LOC115498212|LOC115498212","grey"
"gene-LOC115498208|LOC115498208","royalblue"
"gene-ELMOD3|ELMOD3","black"
"gene-RETSAT|RETSAT","pink"
"gene-TCF7L1|TCF7L1","lightyellow"
"gene-TGOLN2|TGOLN2","turquoise"
"gene-DBNL|DBNL","pink"
"gene-GNLY|GNLY","tan"
"gene-AEBP1|AEBP1","cyan"
"gene-POLD2|POLD2","midnightblue"
"gene-GCK|GCK","tan"
"gene-CAMK2B|CAMK2B","yellow"
"gene-YKT6|YKT6","red"
"gene-NUDCD3|NUDCD3","turquoise"
"gene-SLC20A1|SLC20A1","blue"
"gene-LOC100218400|LOC100218400","turquoise"
"gene-CKAP2L|CKAP2L","ivory"
"gene-LOC100227014|LOC100227014","blue"
"gene-OGDH|OGDH","pink"
"gene-LOC140680449|LOC140680449","yellow"
"gene-ZMIZ2|ZMIZ2","yellow"
"gene-PPIA|PPIA","magenta"
"gene-LUZP1|LUZP1","turquoise"
"gene-KDM1A|KDM1A","turquoise"
"gene-ZMPSTE24|ZMPSTE24","brown"
"gene-RLF|RLF","yellow"
"gene-LOC115498248|LOC115498248","grey"
"gene-MYCBP|MYCBP","magenta"
"gene-GJA9|GJA9","blue"
"gene-RRAGC|RRAGC","turquoise"
"gene-LOC115498278|LOC115498278","paleturquoise"
"gene-FHL3|FHL3","blue"
"gene-UTP11|UTP11","yellowgreen"
"gene-LOC115498232|LOC115498232","royalblue"
"gene-SF3A3|SF3A3","black"
"gene-INPP5B|INPP5B","yellow"
"gene-MTF1|MTF1","steelblue"
"gene-YRDC|YRDC","greenyellow"
"gene-EPHA10|EPHA10","grey"
"gene-CDCA8|CDCA8","yellow"
"gene-AIRIM|AIRIM","yellow"
"gene-LOC115498236|LOC115498236","lightpink4"
"gene-GNL2|GNL2","honeydew1"
"gene-SNIP1|SNIP1","salmon"
"gene-DNALI1|DNALI1","ivory"
"gene-MEAF6|MEAF6","black"
"gene-LOC115498258|LOC115498258","ivory"
"gene-ZC3H12A|ZC3H12A","blue"
"gene-GRIK3|GRIK3","violet"
"gene-CSF3R|CSF3R","green"
"gene-MRPS15|MRPS15","greenyellow"
"gene-OSCP1|OSCP1","grey"
"gene-LSM10|LSM10","black"
"gene-LOC100221865|LOC100221865","brown"
"gene-MAP7D1|MAP7D1","green"
"gene-STK40|STK40","turquoise"
"gene-EVA1B|EVA1B","brown"
"gene-LOC115498277|LOC115498277","tan"
"gene-THRAP3|THRAP3","black"
"gene-TRAPPC3|TRAPPC3","brown"
"gene-COL8A2|COL8A2","yellow"
"gene-ADPRS|ADPRS","red"
"gene-AGO3|AGO3","turquoise"
"gene-LOC100232386|LOC100232386","pink"
"gene-AGO4|AGO4","pink"
"gene-CLSPN|CLSPN","darkturquoise"
"gene-C23H1orf216|C23H1orf216","cyan"
"gene-PSMB2|PSMB2","magenta"
"gene-NCDN|NCDN","red"
"gene-KIAA0319L|KIAA0319L","pink"
"gene-LOC100227613|LOC100227613","palevioletred3"
"gene-LOC140680472|LOC140680472","magenta"
"gene-TMEM35B|TMEM35B","magenta"
"gene-SFPQ|SFPQ","yellow"
"gene-SMIM12|SMIM12","magenta"
"gene-GJA4|GJA4","brown"
"gene-CSMD2|CSMD2","grey"
"gene-RIMS3|RIMS3","grey"
"gene-COL9A2|COL9A2","red"
"gene-SMAP2|SMAP2","orangered4"
"gene-LOC140680491|LOC140680491","salmon4"
"gene-NFYC|NFYC","pink"
"gene-LOC140680476|LOC140680476","yellow"
"gene-KCNQ4|KCNQ4","navajowhite2"
"gene-TINAGL1|TINAGL1","blue"
"gene-PEF1|PEF1","turquoise"
"gene-COL16A1|COL16A1","plum2"
"gene-LOC140680466|LOC140680466","red"
"gene-PTP4A2|PTP4A2","greenyellow"
"gene-LOC140680467|LOC140680467","darkslateblue"
"gene-LOC140680481|LOC140680481","black"
"gene-KHDRBS1|KHDRBS1","pink"
"gene-TMEM39B|TMEM39B","blue"
"gene-MARCKSL1|MARCKSL1","darkgrey"
"gene-HDAC1|HDAC1","yellow"
"gene-LCK|LCK","tan"
"gene-LOC100226641|LOC100226641","green"
"gene-EIF3I|EIF3I","sienna3"
"gene-TMEM234|TMEM234","blue"
"gene-IQCC|IQCC","honeydew1"
"gene-CCDC28B|CCDC28B","lightcyan1"
"gene-TXLNA|TXLNA","brown"
"gene-KPNA6|KPNA6","brown"
"gene-BSDC1|BSDC1","red"
"gene-ZBTB8B|ZBTB8B","sienna3"
"gene-ZBTB8A|ZBTB8A","midnightblue"
"gene-LOC121468050|LOC121468050","steelblue"
"gene-LOC100222777|LOC100222777","midnightblue"
"gene-LOC140680479|LOC140680479","darkgreen"
"gene-ZBTB8OS|ZBTB8OS","greenyellow"
"gene-RBBP4|RBBP4","turquoise"
"gene-SYNC|SYNC","cyan"
"gene-S100PBP|S100PBP","yellow"
"gene-NHSL3|NHSL3","brown"
"gene-YARS1|YARS1","turquoise"
"gene-FNDC5|FNDC5","darkturquoise"
"gene-AZIN2|AZIN2","blue"
"gene-RNF19B|RNF19B","green"
"gene-AK2|AK2","turquoise"
"gene-NDUFS5|NDUFS5","greenyellow"
"gene-PPIE|PPIE","paleturquoise"
"gene-MACF1|MACF1","yellow"
"gene-PABPC4|PABPC4","purple"
"gene-LOC115498300|LOC115498300","lightsteelblue1"
"gene-HEYL|HEYL","red"
"gene-NT5C1A|NT5C1A","royalblue"
"gene-MYCL|MYCL","blue"
"gene-TRIT1|TRIT1","magenta"
"gene-MFSD2A|MFSD2A","orange"
"gene-CAP1|CAP1","grey"
"gene-PPT1|PPT1","green"
"gene-SRRM1|SRRM1","steelblue"
"gene-RUNX3|RUNX3","green"
"gene-CLIC4|CLIC4","lightgreen"
"gene-LOC140680465|LOC140680465","white"
"gene-ELOA|ELOA","pink"
"gene-IFNLR1|IFNLR1","brown"
"gene-GRHL3|GRHL3","grey"
"gene-RCAN3|RCAN3","red"
"gene-RPL11|RPL11","magenta"
"gene-LOC140680470|LOC140680470","magenta"
"gene-PITHD1|PITHD1","magenta"
"gene-LOC121471059|LOC121471059","grey60"
"gene-LYPLA2|LYPLA2","red"
"gene-GALE|GALE","blue"
"gene-HMGCL|HMGCL","salmon"
"gene-FUCA1|FUCA1","blue"
"gene-CNR2|CNR2","blue"
"gene-PNRC2|PNRC2","ivory"
"gene-SRSF10|SRSF10","sienna3"
"gene-LOC100226705|LOC100226705","magenta"
"gene-MYOM3|MYOM3","blue"
"gene-IL22RA1|IL22RA1","blue"
"gene-LOC121471055|LOC121471055","lightcyan"
"gene-NIPAL3|NIPAL3","skyblue"
"gene-NCMAP|NCMAP","grey"
"gene-SYF2|SYF2","yellowgreen"
"gene-RSRP1|RSRP1","black"
"gene-TMEM50A|TMEM50A","midnightblue"
"gene-RHCE|RHCE","green"
"gene-MACO1|MACO1","midnightblue"
"gene-LDLRAP1|LDLRAP1","midnightblue"
"gene-SELENON|SELENON","cyan"
"gene-MAN1C1|MAN1C1","midnightblue"
"gene-MTFR1L|MTFR1L","brown"
"gene-LOC105758795|LOC105758795","yellowgreen"
"gene-PAQR7|PAQR7","blue"
"gene-STMN1|STMN1","green"
"gene-EXTL1|EXTL1","lavenderblush3"
"gene-PDIK1L|PDIK1L","yellow"
"gene-FAM110D|FAM110D","darkorange2"
"gene-ZNF593|ZNF593","magenta"
"gene-LOC121471044|LOC121471044","purple"
"gene-LOC115498294|LOC115498294","black"
"gene-DHDDS|DHDDS","grey"
"gene-RPS6KA1|RPS6KA1","turquoise"
"gene-CNKSR1|CNKSR1","paleturquoise"
"gene-CEP85|CEP85","yellow"
"gene-SH3BGRL3|SH3BGRL3","green"
"gene-UBXN11|UBXN11","purple"
"gene-CRYBG2|CRYBG2","yellow"
"gene-LIN28A|LIN28A","floralwhite"
"gene-HMGN2|HMGN2","salmon"
"gene-ARID1A|ARID1A","purple"
"gene-SFN|SFN","darkgreen"
"gene-PIGV|PIGV","red"
"gene-ZDHHC18|ZDHHC18","midnightblue"
"gene-LOC115498267|LOC115498267","darkseagreen4"
"gene-SLC9A1|SLC9A1","green"
"gene-GPN2|GPN2","lightcyan"
"gene-GPATCH3|GPATCH3","magenta"
"gene-NR0B2|NR0B2","red"
"gene-NUDC|NUDC","cyan"
"gene-KDF1|KDF1","ivory"
"gene-TRNP1|TRNP1","lightyellow"
"gene-LOC140680475|LOC140680475","brown"
"gene-TENT5B|TENT5B","turquoise"
"gene-WDTC1|WDTC1","turquoise"
"gene-TMEM222|TMEM222","turquoise"
"gene-SYTL1|SYTL1","tan"
"gene-WASF2|WASF2","pink"
"gene-AHDC1|AHDC1","tan"
"gene-LOC115498240|LOC115498240","black"
"gene-FGR|FGR","yellow"
"gene-LOC100218918|LOC100218918","blue"
"gene-FAM76A|FAM76A","turquoise"
"gene-LOC115498270|LOC115498270","yellow"
"gene-SESN2|SESN2","black"
"gene-LOC140680463|LOC140680463","blue"
"gene-PHACTR4|PHACTR4","black"
"gene-RCC1|RCC1","blue"
"gene-LOC115498299|LOC115498299","blue"
"gene-TCEA3|TCEA3","lightpink4"
"gene-ASAP3|ASAP3","salmon4"
"gene-E2F2|E2F2","grey"
"gene-LOC105758793|LOC105758793","darkorange"
"gene-ID3|ID3","lightcyan1"
"gene-LOC121471042|LOC121471042","grey60"
"gene-HNRNPR|HNRNPR","turquoise"
"gene-PTAFR|PTAFR","green"
"gene-ATP5IF1|ATP5IF1","greenyellow"
"gene-DNAJC8|DNAJC8","turquoise"
"gene-EYA3|EYA3","lightgreen"
"gene-XKR8|XKR8","grey60"
"gene-RPA2|RPA2","mediumpurple3"
"gene-SMPDL3B|SMPDL3B","darkolivegreen"
"gene-PPP1R8|PPP1R8","turquoise"
"gene-LOC115498304|LOC115498304","grey"
"gene-STX12|STX12","brown"
"gene-CITED4|CITED4","salmon"
"gene-CTPS1|CTPS1","brown"
"gene-SCMH1|SCMH1","grey"
"gene-FOXO6|FOXO6","maroon"
"gene-LOC140680473|LOC140680473","ivory"
"gene-PTPRU|PTPRU","darkgrey"
"gene-HIVEP3|HIVEP3","tan"
"gene-EDN2|EDN2","thistle1"
"gene-SERINC2|SERINC2","skyblue"
"gene-FABP3|FABP3","blue"
"gene-ZCCHC17|ZCCHC17","red"
"gene-LOC100190336|LOC100190336","midnightblue"
"gene-PUM1|PUM1","brown"
"gene-SDC3|SDC3","lightpink4"
"gene-LAPTM5|LAPTM5","green"
"gene-LOC140680474|LOC140680474","lavenderblush3"
"gene-MECR|MECR","blue"
"gene-SRSF4|SRSF4","grey"
"gene-LOC100220846|LOC100220846","brown"
"gene-TMEM200B|TMEM200B","lightyellow"
"gene-LOC100219910|LOC100219910","royalblue"
"gene-EPB41|EPB41","blue"
"gene-TRNAU1AP|TRNAU1AP","red"
"gene-LOC140680477|LOC140680477","magenta"
"gene-LOC121471063|LOC121471063","black"
"gene-LOC115498308|LOC115498308","steelblue"
"gene-LOC121471064|LOC121471064","black"
"gene-LOC115498305|LOC115498305","black"
"gene-LOC105758783|LOC105758783","yellow"
"gene-TAF12|TAF12","greenyellow"
"gene-LOC115498303|LOC115498303","green"
"gene-GMEB1|GMEB1","yellow"
"gene-YTHDF2|YTHDF2","turquoise"
"gene-LOC116807435|LOC116807435","tan"
"gene-LOC140680514|LOC140680514","yellow"
"gene-ST14|ST14","pink"
"gene-NFRKB|NFRKB","yellow"
"gene-PRDM10|PRDM10","red"
"gene-LOC115498359|LOC115498359","ivory"
"gene-LOC140680496|LOC140680496","ivory"
"gene-TMEM45B|TMEM45B","blue"
"gene-ARHGAP32|ARHGAP32","green"
"gene-APLP2|APLP2","turquoise"
"gene-FLI1|FLI1","green"
"gene-ETS1|ETS1","tan"
"gene-KIRREL3|KIRREL3","turquoise"
"gene-ST3GAL4|ST3GAL4","red"
"gene-LOC140680508|LOC140680508","royalblue"
"gene-DCPS|DCPS","darkred"
"gene-TIRAP|TIRAP","brown"
"gene-LOC115498310|LOC115498310","purple"
"gene-FAM118B|FAM118B","purple"
"gene-SRPRA|SRPRA","turquoise"
"gene-FOXRED1|FOXRED1","green"
"gene-EI24|EI24","turquoise"
"gene-STT3A|STT3A","midnightblue"
"gene-CHEK1|CHEK1","green"
"gene-VSIG10L2|VSIG10L2","blue"
"gene-CDON|CDON","lightgreen"
"gene-NRGN|NRGN","orange"
"gene-PUS3|PUS3","yellow"
"gene-HYLS1|HYLS1","black"
"gene-DDX25|DDX25","mediumpurple3"
"gene-RPUSD4|RPUSD4","lightcyan"
"gene-PANX3|PANX3","yellow"
"gene-SIAE|SIAE","yellow"
"gene-LOC105758824|LOC105758824","darkslateblue"
"gene-MSANTD2|MSANTD2","yellow"
"gene-ROBO4|ROBO4","yellow"
"gene-CCDC15|CCDC15","black"
"gene-SLC37A2|SLC37A2","darkslateblue"
"gene-TMEM218|TMEM218","paleturquoise"
"gene-PKNOX2|PKNOX2","white"
"gene-FEZ1|FEZ1","cyan"
"gene-LOC115498340|LOC115498340","grey60"
"gene-ZBTB44|ZBTB44","pink"
"gene-ADAMTS8|ADAMTS8","plum1"
"gene-ADAMTS15|ADAMTS15","darkolivegreen"
"gene-SNX19|SNX19","lightyellow"
"gene-LOC100226286|LOC100226286","red"
"gene-LOC100229124|LOC100229124","greenyellow"
"gene-IGSF9B|IGSF9B","darkslateblue"
"gene-JAM3|JAM3","turquoise"
"gene-NCAPD3|NCAPD3","turquoise"
"gene-VPS26B|VPS26B","turquoise"
"gene-THYN1|THYN1","mediumpurple3"
"gene-ACAD8|ACAD8","turquoise"
"gene-B3GAT1|B3GAT1","plum2"
"gene-GLB1L2|GLB1L2","saddlebrown"
"gene-CLMP|CLMP","cyan"
"gene-LOC121471083|LOC121471083","turquoise"
"gene-GRAMD1B|GRAMD1B","red"
"gene-ATP12A|ATP12A","plum1"
"gene-SCN3B|SCN3B","orange"
"gene-CRTAM|CRTAM","green"
"gene-HSPA8|HSPA8","blue"
"gene-LOC115498370|LOC115498370","blue"
"gene-LOC115498371|LOC115498371","blue"
"gene-LOC115498372|LOC115498372","blue"
"gene-UBASH3B|UBASH3B","tan"
"gene-LOC140680500|LOC140680500","magenta"
"gene-MIR125-2|MIR125-2","green"
"gene-SORL1|SORL1","grey"
"gene-SC5D|SC5D","greenyellow"
"gene-TECTA|TECTA","yellow"
"gene-TBCEL|TBCEL","grey"
"gene-GRIK4|GRIK4","honeydew1"
"gene-ARHGEF12|ARHGEF12","pink"
"gene-LOC100225363|LOC100225363","grey"
"gene-LOC100221565|LOC100221565","blue"
"gene-OAF|OAF","brown"
"gene-NECTIN1|NECTIN1","salmon"
"gene-LOC140680531|LOC140680531","lightyellow"
"gene-THY1|THY1","plum1"
"gene-USP2|USP2","lightyellow"
"gene-C1QTNF5|C1QTNF5","darkgrey"
"gene-RNF26|RNF26","turquoise"
"gene-LOC140680528|LOC140680528","grey60"
"gene-MCAM|MCAM","tan"
"gene-CBL|CBL","green"
"gene-NHERF4|NHERF4","lightcyan1"
"gene-NLRX1|NLRX1","purple"
"gene-HINFP|HINFP","magenta"
"gene-POU2AF1|POU2AF1","darkgreen"
"gene-LAYN|LAYN","blue"
"gene-SIK2|SIK2","lightgreen"
"gene-CRYAB|CRYAB","pink"
"gene-LOC100232104|LOC100232104","navajowhite2"
"gene-C24H11orf52|C24H11orf52","brown"
"gene-DIXDC1|DIXDC1","brown"
"gene-NKAPD1|NKAPD1","turquoise"
"gene-DLAT|DLAT","brown"
"gene-IL18|IL18","blue"
"gene-SDHD|SDHD","greenyellow"
"gene-BCO2|BCO2","blue"
"gene-LOC115498338|LOC115498338","grey"
"gene-PTS|PTS","darkred"
"gene-NCAM1|NCAM1","green"
"gene-ZW10|ZW10","red"
"gene-LOC100222416|LOC100222416","tan"
"gene-CD3E|CD3E","tan"
"gene-LOC100228193|LOC100228193","salmon4"
"gene-MPZL3|MPZL3","lightpink4"
"gene-LOC105758833|LOC105758833","greenyellow"
"gene-SCN2B|SCN2B","tan"
"gene-SMIM35|SMIM35","blue"
"gene-IL10RA|IL10RA","tan"
"gene-TMPRSS13|TMPRSS13","green"
"gene-FXYD6|FXYD6","yellowgreen"
"gene-CEP164|CEP164","darkmagenta"
"gene-BACE1|BACE1","grey"
"gene-RNF214|RNF214","brown"
"gene-PCSK7|PCSK7","brown"
"gene-TAGLN|TAGLN","greenyellow"
"gene-SIDT2|SIDT2","sienna3"
"gene-PAFAH1B2|PAFAH1B2","turquoise"
"gene-ZPR1|ZPR1","black"
"gene-BUD13|BUD13","yellow"
"gene-CADM1|CADM1","green"
"gene-REXO2|REXO2","magenta"
"gene-RBM7|RBM7","sienna3"
"gene-ZBTB16|ZBTB16","salmon"
"gene-USP28|USP28","greenyellow"
"gene-CLDN25|CLDN25","pink"
"gene-LOC100222418|LOC100222418","coral1"
"gene-UBE4A|UBE4A","turquoise"
"gene-ATP5MG|ATP5MG","magenta"
"gene-KMT2A|KMT2A","yellow"
"gene-SIK3|SIK3","cyan"
"gene-APOA1|APOA1","sienna3"
"gene-APOC3|APOC3","greenyellow"
"gene-APOA4|APOA4","brown"
"gene-PHLDB1|PHLDB1","yellow"
"gene-TTC36|TTC36","greenyellow"
"gene-TMEM25|TMEM25","yellow"
"gene-IFT46|IFT46","black"
"gene-ARCN1|ARCN1","brown"
"gene-HMBS|HMBS","maroon"
"gene-VPS11|VPS11","yellow"
"gene-H2AX|H2AX","black"
"gene-CENATAC|CENATAC","steelblue"
"gene-HYOU1|HYOU1","midnightblue"
"gene-SLC37A4|SLC37A4","turquoise"
"gene-TRAPPC4|TRAPPC4","darkred"
"gene-RPS25|RPS25","magenta"
"gene-LOC115498361|LOC115498361","purple"
"gene-BCL9L|BCL9L","turquoise"
"gene-CXCR5|CXCR5","lightcyan"
"gene-DDX6|DDX6","red"
"gene-C2CD2L|C2CD2L","turquoise"
"gene-DPAGT1|DPAGT1","brown"
"gene-LOC140680510|LOC140680510","bisque4"
"gene-LOC140680511|LOC140680511","darkturquoise"
"gene-LOC140680621|LOC140680621","salmon4"
"gene-LOC140680620|LOC140680620","lightcyan"
"gene-LOC140680601|LOC140680601","lightcyan"
"gene-LOC121468294|LOC121468294","lightcyan"
"gene-LOC140680605|LOC140680605","grey60"
"gene-LOC121468896|LOC121468896","white"
"gene-LOC115492331|LOC115492331","grey60"
"gene-LOC140680578|LOC140680578","paleturquoise"
"gene-LOC116807514|LOC116807514","salmon"
"gene-LOC140680579|LOC140680579","green"
"gene-LOC140680609|LOC140680609","grey60"
"gene-LOC140680540|LOC140680540","grey"
"gene-LOC140680613|LOC140680613","grey60"
"gene-LOC140680589|LOC140680589","black"
"gene-LOC140680541|LOC140680541","purple"
"gene-LOC140680580|LOC140680580","red"
"gene-LOC140680272|LOC140680272","darkturquoise"
"gene-LOC140680618|LOC140680618","lightcyan"
"gene-LOC140680542|LOC140680542","lightcyan"
"gene-LOC140680644|LOC140680644","lightcyan"
"gene-LOC140680602|LOC140680602","lightcyan"
"gene-LOC140680585|LOC140680585","lightcyan"
"gene-LOC140680586|LOC140680586","grey"
"gene-LOC140680544|LOC140680544","lightcyan"
"gene-LOC140680545|LOC140680545","yellow"
"gene-LOC116807467|LOC116807467","lightcyan"
"gene-LOC140680631|LOC140680631","violet"
"gene-LOC140680655|LOC140680655","lightcyan"
"gene-LOC140680567|LOC140680567","lightcyan"
"gene-LOC140680610|LOC140680610","lightcyan"
"gene-LOC140680623|LOC140680623","grey60"
"gene-LOC140680568|LOC140680568","green"
"gene-LOC121468895|LOC121468895","darkmagenta"
"gene-LOC140680553|LOC140680553","grey"
"gene-LOC140680624|LOC140680624","lightcyan"
"gene-LOC140680615|LOC140680615","green"
"gene-LOC140680558|LOC140680558","brown"
"gene-LOC140680656|LOC140680656","lightcyan"
"gene-LOC140680616|LOC140680616","lightcyan"
"gene-LOC140680560|LOC140680560","white"
"gene-LOC140680592|LOC140680592","tan"
"gene-LOC140680607|LOC140680607","lightcyan"
"gene-LOC140680617|LOC140680617","paleturquoise"
"gene-LOC140680619|LOC140680619","salmon4"
"gene-LOC121468058|LOC121468058","ivory"
"gene-LOC140680535|LOC140680535","grey"
"gene-LOC140680648|LOC140680648","green"
"gene-LOC140680630|LOC140680630","paleturquoise"
"gene-LOC121468924|LOC121468924","lightyellow"
"gene-LOC121468894|LOC121468894","midnightblue"
"gene-LOC105760177|LOC105760177","white"
"gene-LOC115498493|LOC115498493","green"
"gene-LOC115490551|LOC115490551","orangered4"
"gene-LOC115498494|LOC115498494","tan"
"gene-LOC140680645|LOC140680645","purple"
"gene-LOC140680650|LOC140680650","purple"
"gene-LOC140680563|LOC140680563","grey"
"gene-LOC100231660|LOC100231660","brown"
"gene-CCT3|CCT3","turquoise"
"gene-LOC100190115|LOC100190115","turquoise"
"gene-LOC116806633|LOC116806633","darkorange2"
"gene-LOC140680246|LOC140680246","grey"
"gene-ZBTB7B|ZBTB7B","brown"
"gene-LOC105758838|LOC105758838","brown"
"gene-FLAD1|FLAD1","greenyellow"
"gene-CKS1B|CKS1B","black"
"gene-SHC1|SHC1","brown"
"gene-PYGO2|PYGO2","yellowgreen"
"gene-PBXIP1|PBXIP1","green"
"gene-PMVK|PMVK","greenyellow"
"gene-KCNN3|KCNN3","lightpink4"
"gene-ADAR|ADAR","purple"
"gene-CHRNB2|CHRNB2","turquoise"
"gene-UBE2Q1|UBE2Q1","sienna3"
"gene-ATP8B2|ATP8B2","darkturquoise"
"gene-SHE|SHE","darkgrey"
"gene-IL6R|IL6R","maroon"
"gene-AQP10|AQP10","mediumpurple3"
"gene-LOC140680532|LOC140680532","honeydew1"
"gene-HAX1|HAX1","magenta"
"gene-PMF1|PMF1","brown"
"gene-TPM3|TPM3","turquoise"
"gene-UBAP2L|UBAP2L","yellow"
"gene-C25H1orf43|C25H1orf43","sienna3"
"gene-LOC140680611|LOC140680611","blue"
"gene-TMEM79|TMEM79","brown"
"gene-SMG5|SMG5","turquoise"
"gene-SLC25A44|SLC25A44","turquoise"
"gene-SEMA4A|SEMA4A","green"
"gene-LMNA|LMNA","coral1"
"gene-MEX3A|MEX3A","violet"
"gene-LOC100231666|LOC100231666","blue"
"gene-RAB25|RAB25","brown"
"gene-LAMTOR2|LAMTOR2","magenta"
"gene-UBQLN4|UBQLN4","brown"
"gene-TTC24|TTC24","lightyellow"
"gene-GPATCH4|GPATCH4","brown"
"gene-NAXE|NAXE","brown"
"gene-LOC116809308|LOC116809308","darkgrey"
"gene-IQGAP3|IQGAP3","green"
"gene-MEF2D|MEF2D","pink"
"gene-RHBG|RHBG","blue"
"gene-HAPLN2|HAPLN2","blue"
"gene-BCAN|BCAN","plum1"
"gene-NES|NES","grey"
"gene-LOC105759762|LOC105759762","blue"
"gene-CRABP2|CRABP2","blue"
"gene-ISG20L2|ISG20L2","darkturquoise"
"gene-METTL25B|METTL25B","black"
"gene-MRPL24|MRPL24","magenta"
"gene-HDGF|HDGF","greenyellow"
"gene-INSRR|INSRR","blue"
"gene-LOC115498461|LOC115498461","green"
"gene-PRCC|PRCC","sienna3"
"gene-SH2D2A|SH2D2A","yellow"
"gene-PEAR1|PEAR1","mediumpurple3"
"gene-ADAM15|ADAM15","coral1"
"gene-EFNA4|EFNA4","bisque4"
"gene-EFNA3|EFNA3","salmon"
"gene-EFNA1|EFNA1","salmon"
"gene-SLC50A1|SLC50A1","steelblue"
"gene-DPM3|DPM3","magenta"
"gene-MUC1|MUC1","ivory"
"gene-KRTCAP2|KRTCAP2","skyblue3"
"gene-TRIM46|TRIM46","paleturquoise"
"gene-LOC115498471|LOC115498471","black"
"gene-MTX1|MTX1","brown"
"gene-THBS3|THBS3","darkgrey"
"gene-ENTREP3|ENTREP3","black"
"gene-CLK2|CLK2","black"
"gene-LOC100227578|LOC100227578","cyan"
"gene-SCAMP3|SCAMP3","turquoise"
"gene-DUSP23|DUSP23","red"
"gene-IGSF9|IGSF9","magenta"
"gene-TAGLN2|TAGLN2","green"
"gene-PEX19|PEX19","greenyellow"
"gene-HCN3|HCN3","turquoise"
"gene-HORMAD1|HORMAD1","salmon"
"gene-LOC115498470|LOC115498470","pink"
"gene-LOC115498460|LOC115498460","blue"
"gene-LOC116807689|LOC116807689","blue"
"gene-LOC100230049|LOC100230049","grey"
"gene-FDPS|FDPS","red"
"gene-RUSC1|RUSC1","darkred"
"gene-ASH1L|ASH1L","lightsteelblue1"
"gene-DAP3|DAP3","greenyellow"
"gene-MSTO1|MSTO1","black"
"gene-GON4L|GON4L","pink"
"gene-SYT11|SYT11","pink"
"gene-RIT1|RIT1","blue"
"gene-KHDC4|KHDC4","black"
"gene-GOLPH3L|GOLPH3L","turquoise"
"gene-GLMP|GLMP","turquoise"
"gene-TRNAR-UCU-3|TRNAR-UCU","blue"
"gene-ACKR1|ACKR1","tan"
"gene-LOC105760330|LOC105760330","paleturquoise"
"gene-DCAF8|DCAF8","turquoise"
"gene-PEA15|PEA15","green"
"gene-F11R|F11R","turquoise"
"gene-ARHGAP30|ARHGAP30","green"
"gene-USF1|USF1","turquoise"
"gene-MPZ|MPZ","blue"
"gene-LOC115498404|LOC115498404","tan"
"gene-NIT1|NIT1","greenyellow"
"gene-LOC115498406|LOC115498406","blue"
"gene-CFAP126|CFAP126","darkturquoise"
"gene-SDHC|SDHC","turquoise"
"gene-PFDN2|PFDN2","magenta"
"gene-DEDD|DEDD","turquoise"
"gene-S100A10|S100A10","brown"
"gene-TDRKH|TDRKH","yellow"
"gene-MRPL9|MRPL9","darkgrey"
"gene-LOC115498413|LOC115498413","salmon"
"gene-SNX27|SNX27","turquoise"
"gene-TOMM40L|TOMM40L","greenyellow"
"gene-UFC1|UFC1","saddlebrown"
"gene-USP21|USP21","magenta"
"gene-PPOX|PPOX","skyblue3"
"gene-B4GALT3|B4GALT3","magenta"
"gene-NDUFS2|NDUFS2","brown"
"gene-ITGA10|ITGA10","thistle1"
"gene-FCER1G|FCER1G","green"
"gene-POLR3C|POLR3C","yellow"
"gene-RNF115|RNF115","pink"
"gene-PEX11B|PEX11B","saddlebrown"
"gene-LIX1L|LIX1L","black"
"gene-RBM8A|RBM8A","greenyellow"
"gene-ANKRD34A|ANKRD34A","skyblue"
"gene-POLR3GL|POLR3GL","steelblue"
"gene-TXNIP|TXNIP","blue"
"gene-HJV|HJV","turquoise"
"gene-BOLA1|BOLA1","saddlebrown"
"gene-SF3B4|SF3B4","brown"
"gene-MTMR11|MTMR11","purple"
"gene-OTUD7B|OTUD7B","turquoise"
"gene-VPS45|VPS45","brown"
"gene-PLEKHO1|PLEKHO1","blue"
"gene-LOC115498446|LOC115498446","yellow"
"gene-LOC116809303|LOC116809303","lightcyan"
"gene-LOC115498426|LOC115498426","magenta"
"gene-ANP32E|ANP32E","turquoise"
"gene-APH1A|APH1A","midnightblue"
"gene-CIART|CIART","salmon"
"gene-MRPS21|MRPS21","greenyellow"
"gene-PRPF3|PRPF3","blue"
"gene-RPRD2|RPRD2","turquoise"
"gene-ECM1|ECM1","blue"
"gene-TARS2|TARS2","yellow"
"gene-CTSK|CTSK","lightgreen"
"gene-ARNT|ARNT","mediumpurple3"
"gene-CTXND2|CTXND2","yellow"
"gene-SETDB1|SETDB1","darkgrey"
"gene-CERS2|CERS2","turquoise"
"gene-MINDY1|MINDY1","darkturquoise"
"gene-MLLT11|MLLT11","turquoise"
"gene-LOC140680575|LOC140680575","yellowgreen"
"gene-PRUNE1|PRUNE1","black"
"gene-CDC42SE1|CDC42SE1","turquoise"
"gene-SEMA6C|SEMA6C","yellow"
"gene-NUDT17|NUDT17","lightcyan1"
"gene-ANKRD35|ANKRD35","grey"
"gene-LOC100223082|LOC100223082","green"
"gene-ARHGEF2|ARHGEF2","yellow"
"gene-RPS27|RPS27","magenta"
"gene-RAB13|RAB13","black"
"gene-JTB|JTB","magenta"
"gene-CREB3L4|CREB3L4","midnightblue"
"gene-SLC39A1|SLC39A1","blue"
"gene-CRTC2|CRTC2","blue"
"gene-DENND4B|DENND4B","yellow"
"gene-LOC140680576|LOC140680576","black"
"gene-GATAD2B|GATAD2B","green"
"gene-SLC27A3|SLC27A3","green"
"gene-INTS3|INTS3","lightyellow"
"gene-NPR1|NPR1","yellow"
"gene-LOC115498449|LOC115498449","lightyellow"
"gene-ILF2|ILF2","greenyellow"
"gene-SNAPIN|SNAPIN","greenyellow"
"gene-S100A13|S100A13","lightcyan1"
"gene-LOC115498511|LOC115498511","darkgrey"
"gene-CHTOP|CHTOP","magenta"
"gene-S100A16|S100A16","darkslateblue"
"gene-LOC115498500|LOC115498500","blue"
"gene-LOC115498509|LOC115498509","blue"
"gene-LOC115498515|LOC115498515","darkmagenta"
"gene-LOC140680598|LOC140680598","lightcyan"
"gene-TCHH|TCHH","tan"
"gene-S100A11|S100A11","blue"
"gene-VANGL2|VANGL2","tan"
"gene-LOC115498454|LOC115498454","green"
"gene-NCSTN|NCSTN","turquoise"
"gene-COPA|COPA","brown"
"gene-LOC115498496|LOC115498496","green"
"gene-LOC140680565|LOC140680565","blue"
"gene-SLAMF1|SLAMF1","green"
"gene-CD48|CD48","green"
"gene-LOC115498489|LOC115498489","green"
"gene-KIRREL1|KIRREL1","grey"
"gene-LOC115498399|LOC115498399","darkturquoise"
"gene-ETV3|ETV3","pink"
"gene-LOC105758865|LOC105758865","yellow"
"gene-SCNM1|SCNM1","black"
"gene-LYSMD1|LYSMD1","grey"
"gene-TMOD4|TMOD4","blue"
"gene-VPS72|VPS72","purple"
"gene-LOC100229769|LOC100229769","floralwhite"
"gene-RFX5|RFX5","red"
"gene-ZNF687|ZNF687","black"
"gene-PI4KB|PI4KB","turquoise"
"gene-LOC140680536|LOC140680536","darkmagenta"
"gene-LOC100221156|LOC100221156","turquoise"
"gene-POGZ|POGZ","yellow"
"gene-PSMB4|PSMB4","greenyellow"
"gene-CGN|CGN","yellow"
"gene-TUFT1|TUFT1","skyblue3"
"gene-MAGI3|MAGI3","pink"
"gene-LRIG2|LRIG2","yellow"
"gene-SLC16A1|SLC16A1","turquoise"
"gene-TAFA3|TAFA3","darkred"
"gene-PPM1J|PPM1J","tan"
"gene-RHOC|RHOC","darkred"
"gene-MOV10|MOV10","purple"
"gene-WNT2B|WNT2B","turquoise"
"gene-CAPZA1|CAPZA1","cyan"
"gene-ST7L|ST7L","turquoise"
"gene-CTTNBP2NL|CTTNBP2NL","purple"
"gene-DDX20|DDX20","red"
"gene-INKA2|INKA2","grey"
"gene-RAP1A|RAP1A","brown"
"gene-C26H1orf162|C26H1orf162","blue"
"gene-ATP5PB|ATP5PB","greenyellow"
"gene-WDR77|WDR77","darkred"
"gene-C26H6orf132|C26H6orf132","red"
"gene-IRF6|IRF6","cyan"
"gene-C26H1orf74|C26H1orf74","yellow"
"gene-TRAF3IP3|TRAF3IP3","red"
"gene-LOC100225021|LOC100225021","brown"
"gene-LOC100222111|LOC100222111","grey"
"gene-LAMB3|LAMB3","brown"
"gene-G0S2|G0S2","brown"
"gene-PLXNA2|PLXNA2","honeydew1"
"gene-LOC115498542|LOC115498542","blue"
"gene-CD34|CD34","orange"
"gene-LOC115498543|LOC115498543","blue"
"gene-LOC100232607|LOC100232607","turquoise"
"gene-PTPN22|PTPN22","green"
"gene-HIPK1|HIPK1","turquoise"
"gene-DCLRE1B|DCLRE1B","green"
"gene-AP4B1|AP4B1","yellow"
"gene-RSBN1|RSBN1","darkorange2"
"gene-PHTF1|PHTF1","black"
"gene-TBC1D22B|TBC1D22B","grey60"
"gene-BRPF3|BRPF3","brown"
"gene-LOC140680661|LOC140680661","red"
"gene-MAPK13|MAPK13","cyan"
"gene-MAPK14|MAPK14","turquoise"
"gene-LHFPL5|LHFPL5","turquoise"
"gene-SRPK1|SRPK1","turquoise"
"gene-FKBP5|FKBP5","lightgreen"
"gene-TEAD3|TEAD3","maroon"
"gene-MICAL1|MICAL1","darkorange"
"gene-LOC116809331|LOC116809331","yellow"
"gene-SMPD2|SMPD2","black"
"gene-LOC115498566|LOC115498566","darkgreen"
"gene-LOC115498585|LOC115498585","cyan"
"gene-FANCE|FANCE","grey60"
"gene-PPARD|PPARD","blue"
"gene-DEF6|DEF6","tan"
"gene-ZNF76|ZNF76","black"
"gene-RPL10A|RPL10A","sienna3"
"gene-ANKS1A|ANKS1A","blue"
"gene-BLTP3A|BLTP3A","midnightblue"
"gene-TAF11|TAF11","yellow"
"gene-SNRPC|SNRPC","black"
"gene-SPDEF|SPDEF","blue"
"gene-ILRUN|ILRUN","turquoise"
"gene-PACSIN1|PACSIN1","brown"
"gene-RPS10|RPS10","magenta"
"gene-NUDT3|NUDT3","pink"
"gene-SMIM29|SMIM29","navajowhite2"
"gene-HMGA1|HMGA1","darkorange"
"gene-GRM4|GRM4","lavenderblush3"
"gene-LEMD2|LEMD2","pink"
"gene-UQCC2|UQCC2","magenta"
"gene-ITPR3|ITPR3","darkgrey"
"gene-BAK1|BAK1","purple"
"gene-USP49|USP49","tan"
"gene-NFYA|NFYA","yellow"
"gene-FOXP4|FOXP4","midnightblue"
"gene-APOBEC2|APOBEC2","green"
"gene-OARD1|OARD1","turquoise"
"gene-NCR2|NCR2","plum1"
"gene-TREM1|TREM1","purple"
"gene-LOC140680663|LOC140680663","blue"
"gene-MDFI|MDFI","lightpink4"
"gene-TFEB|TFEB","blue"
"gene-PGC|PGC","blue"
"gene-FRS3|FRS3","grey"
"gene-PRICKLE4|PRICKLE4","darkslateblue"
"gene-LOC115498535|LOC115498535","green"
"gene-TOMM6|TOMM6","turquoise"
"gene-MED20|MED20","pink"
"gene-BYSL|BYSL","turquoise"
"gene-CCND3|CCND3","green"
"gene-CIMAP3|CIMAP3","purple"
"gene-TAF8|TAF8","yellow"
"gene-LOC115498586|LOC115498586","blue"
"gene-LOC100219821|LOC100219821","blue"
"gene-BTG2|BTG2","blue"
"gene-FMOD|FMOD","brown4"
"gene-PRELP|PRELP","pink"
"gene-ATP2B4|ATP2B4","green"
"gene-ZC3H11A|ZC3H11A","yellow"
"gene-SNRPE|SNRPE","darkred"
"gene-SOX13|SOX13","steelblue"
"gene-ETNK2|ETNK2","lightgreen"
"gene-REN|REN","blue"
"gene-GOLT1A|GOLT1A","greenyellow"
"gene-DSTYK|DSTYK","pink"
"gene-TMCC2|TMCC2","green"
"gene-PLEKHA6|PLEKHA6","yellow"
"gene-PIK3C2B|PIK3C2B","yellow"
"gene-MDM4|MDM4","floralwhite"
"gene-LRRN2|LRRN2","blue"
"gene-LOC140680664|LOC140680664","thistle1"
"gene-NFASC|NFASC","tan"
"gene-RBBP5|RBBP5","grey60"
"gene-PPP1R15B|PPP1R15B","turquoise"
"gene-LOC140680692|LOC140680692","darkorange2"
"gene-TMEM81|TMEM81","blue"
"gene-KLHDC8A|KLHDC8A","darkgrey"
"gene-NUAK2|NUAK2","blue"
"gene-CDK18|CDK18","red"
"gene-MFSD4A|MFSD4A","grey"
"gene-ELK4|ELK4","pink"
"gene-LOC115498601|LOC115498601","blue"
"gene-SLC45A3|SLC45A3","royalblue"
"gene-LOC115498551|LOC115498551","black"
"gene-LOC115498553|LOC115498553","yellow"
"gene-PSRC1|PSRC1","black"
"gene-CELSR2|CELSR2","yellow"
"gene-PPIL1|PPIL1","darkred"
"gene-ELAPOR1|ELAPOR1","mediumpurple3"
"gene-SARS1|SARS1","greenyellow"
"gene-LOC115490606|LOC115490606","grey60"
"gene-TMEM167B|TMEM167B","greenyellow"
"gene-SHISA4|SHISA4","orange"
"gene-LOC115498559|LOC115498559","greenyellow"
"gene-LMOD1|LMOD1","orange"
"gene-TIMM17A|TIMM17A","brown"
"gene-ADIPOR1|ADIPOR1","turquoise"
"gene-UBE2T|UBE2T","yellow"
"gene-LOC100231703|LOC100231703","yellow"
"gene-DRAM2|DRAM2","blue"
"gene-LRIF1|LRIF1","grey"
"gene-CEPT1|CEPT1","ivory"
"gene-DENND2D|DENND2D","purple"
"gene-MYBPH|MYBPH","plum2"
"gene-PPFIA4|PPFIA4","yellow"
"gene-IGFN1|IGFN1","yellow"
"gene-LOC121471145|LOC121471145","yellow"
"gene-TMEM183A|TMEM183A","sienna3"
"gene-TMEM9|TMEM9","red"
"gene-TNNT2|TNNT2","darkolivegreen"
"gene-LAD1|LAD1","grey"
"gene-PHLDA3|PHLDA3","blue"
"gene-CSRP1|CSRP1","yellowgreen"
"gene-RABIF|RABIF","turquoise"
"gene-PPP1R12B|PPP1R12B","blue"
"gene-NAV1|NAV1","palevioletred3"
"gene-SYT2|SYT2","pink"
"gene-RNPEP|RNPEP","darkslateblue"
"gene-LZTR1|LZTR1","red"
"gene-IPO9|IPO9","pink"
"gene-KDM5B|KDM5B","pink"
"gene-LOC100223131|LOC100223131","brown"
"gene-KLHL12|KLHL12","red"
"gene-LOC100222119|LOC100222119","cyan"
"gene-PTPN7|PTPN7","green"
"gene-ARL8A|ARL8A","purple"
"gene-GPR37L1|GPR37L1","green"
"gene-ELF3|ELF3","midnightblue"
"gene-KIF21B|KIF21B","green"
"gene-CACNA1S|CACNA1S","plum2"
"gene-LYZ|LYZ","yellowgreen"
"gene-PSMA5|PSMA5","sienna3"
"gene-SYPL2|SYPL2","plum2"
"gene-ATXN7L2|ATXN7L2","orangered4"
"gene-AMIGO1|AMIGO1","turquoise"
"gene-GNAI3|GNAI3","turquoise"
"gene-GNAT2|GNAT2","darkmagenta"
"gene-AMPD2|AMPD2","red"
"gene-LOC115490593|LOC115490593","honeydew1"
"gene-EPS8L3|EPS8L3","grey"
"gene-LOC115490595|LOC115490595","magenta"
"gene-CSF1|CSF1","midnightblue"
"gene-AHCYL1|AHCYL1","turquoise"
"gene-STRIP1|STRIP1","darkgreen"
"gene-RBM15|RBM15","pink"
"gene-SLC16A4|SLC16A4","brown"
"gene-LAMTOR5|LAMTOR5","brown"
"gene-KCNA2|KCNA2","darkgreen"
"gene-KCNA3|KCNA3","blue"
"gene-PNPLA1|PNPLA1","floralwhite"
"gene-BNIP5|BNIP5","purple"
"gene-ETV7|ETV7","purple"
"gene-KCTD20|KCTD20","skyblue"
"gene-STK38|STK38","pink"
"gene-SRSF3|SRSF3","yellow"
"gene-CDKN1A|CDKN1A","blue"
"gene-RAB44|RAB44","green"
"gene-PI16|PI16","turquoise"
"gene-C26H6orf89|C26H6orf89","pink"
"gene-LOC140680683|LOC140680683","lightcyan"
"gene-LOC115490603|LOC115490603","yellow"
"gene-MTCH1|MTCH1","brown"
"gene-FGD2|FGD2","green"
"gene-PIM1|PIM1","purple"
"gene-LOC115498575|LOC115498575","cyan"
"gene-NGF|NGF","lightcyan"
"gene-TSPAN2|TSPAN2","green"
"gene-TSHB|TSHB","grey"
"gene-LOC100227863|LOC100227863","grey"
"gene-SIKE1|SIKE1","turquoise"
"gene-CSDE1|CSDE1","black"
"gene-NRAS|NRAS","turquoise"
"gene-AMPD1|AMPD1","grey60"
"gene-BCAS2|BCAS2","magenta"
"gene-DENND2C|DENND2C","lightyellow"
"gene-TRIM33|TRIM33","blue"
"gene-PFKFB2|PFKFB2","darkorange"
"gene-YOD1|YOD1","turquoise"
"gene-OLFML3|OLFML3","blue"
"gene-LOC140680677|LOC140680677","blue"
"gene-LOC100223070|LOC100223070","midnightblue"
"gene-C26H1orf116|C26H1orf116","red"
"gene-LOC121471166|LOC121471166","brown4"
"gene-IL10|IL10","blue"
"gene-LOC115498552|LOC115498552","blue"
"gene-MAPKAPK2|MAPKAPK2","lightgreen"
"gene-DYRK3|DYRK3","thistle1"
"gene-PIGR|PIGR","turquoise"
"gene-LOC100221146|LOC100221146","blue"
"gene-IKBKE|IKBKE","purple"
"gene-EIF2D|EIF2D","skyblue"
"gene-RASSF5|RASSF5","salmon"
"gene-SRGAP2|SRGAP2","tan"
"gene-FAM72A|FAM72A","green"
"gene-CTSE|CTSE","blue"
"gene-RAB7B|RAB7B","grey"
"gene-SLC26A9|SLC26A9","yellow"
"gene-PM20D1|PM20D1","salmon"
"gene-SLC41A1|SLC41A1","honeydew1"
"gene-RAB29|RAB29","pink"
"gene-NUCKS1|NUCKS1","turquoise"
"gene-TANC2|TANC2","green"
"gene-ACE|ACE","steelblue"
"gene-LIMD2|LIMD2","green"
"gene-DCAF7|DCAF7","turquoise"
"gene-MAP3K3|MAP3K3","pink"
"gene-LOC100232263|LOC100232263","yellow"
"gene-LOC100220758|LOC100220758","yellow"
"gene-STRADA|STRADA","red"
"gene-DDX42|DDX42","pink"
"gene-CCDC47|CCDC47","brown"
"gene-RNF113A2|RNF113A2","black"
"gene-LOC115490769|LOC115490769","pink"
"gene-CDC27|CDC27","brown"
"gene-MAPT|MAPT","lightyellow"
"gene-KANSL1|KANSL1","lightyellow"
"gene-RUNDC3A|RUNDC3A","green"
"gene-SLC25A39|SLC25A39","skyblue"
"gene-SLC4A1|SLC4A1","green"
"gene-UBTF|UBTF","red"
"gene-ATXN7L3|ATXN7L3","yellowgreen"
"gene-TMUB2|TMUB2","sienna3"
"gene-HDAC5|HDAC5","black"
"gene-ASB16|ASB16","orangered4"
"gene-HROB|HROB","magenta"
"gene-G6PC3|G6PC3","paleturquoise"
"gene-LSM12|LSM12","blue"
"gene-TMEM101|TMEM101","skyblue"
"gene-LOC115490750|LOC115490750","darkgreen"
"gene-LOC115490615|LOC115490615","turquoise"
"gene-MPP2|MPP2","purple"
"gene-LOC115490742|LOC115490742","greenyellow"
"gene-SGCA|SGCA","blue"
"gene-COL1A1|COL1A1","lightpink4"
"gene-PPP1R9B|PPP1R9B","green"
"gene-PDK2|PDK2","lightgreen"
"gene-ITGA3|ITGA3","turquoise"
"gene-KAT7|KAT7","lightgreen"
"gene-SLC35B1|SLC35B1","turquoise"
"gene-SPOP|SPOP","blue"
"gene-NGFR|NGFR","lavenderblush3"
"gene-LOC115490644|LOC115490644","red"
"gene-PHB1|PHB1","greenyellow"
"gene-ZNF652|ZNF652","turquoise"
"gene-PHOSPHO1|PHOSPHO1","green"
"gene-ABI3|ABI3","green"
"gene-LOC121471208|LOC121471208","darkred"
"gene-ATP5MC1|ATP5MC1","greenyellow"
"gene-UBE2Z|UBE2Z","saddlebrown"
"gene-SNF8|SNF8","turquoise"
"gene-LOC140680709|LOC140680709","blue"
"gene-HOXB6|HOXB6","floralwhite"
"gene-HOXB5|HOXB5","magenta"
"gene-HOXB4|HOXB4","grey60"
"gene-HOXB3|HOXB3","grey60"
"gene-HOXB2|HOXB2","blue"
"gene-HOXB1|HOXB1","yellow"
"gene-SKAP1|SKAP1","paleturquoise"
"gene-SNX11|SNX11","pink"
"gene-CBX1|CBX1","turquoise"
"gene-NFE2L1|NFE2L1","yellowgreen"
"gene-PNPO|PNPO","pink"
"gene-CDK5RAP3|CDK5RAP3","blue"
"gene-PRR15L|PRR15L","red"
"gene-SP2|SP2","darkorange2"
"gene-SCRN2|SCRN2","paleturquoise"
"gene-MRPL10|MRPL10","magenta"
"gene-OSBPL7|OSBPL7","yellow"
"gene-TBX21|TBX21","green"
"gene-TBKBP1|TBKBP1","tan"
"gene-KPNB1|KPNB1","floralwhite"
"gene-LOC140680745|LOC140680745","yellow"
"gene-NPEPPS|NPEPPS","steelblue"
"gene-MRPL45|MRPL45","turquoise"
"gene-GPR179|GPR179","lightyellow"
"gene-SOCS7|SOCS7","red"
"gene-ARHGAP23|ARHGAP23","yellow"
"gene-SRCIN1|SRCIN1","grey"
"gene-EPOP|EPOP","steelblue"
"gene-MLLT6|MLLT6","yellow"
"gene-CISD3|CISD3","red"
"gene-PCGF2|PCGF2","salmon"
"gene-PSMB3|PSMB3","darkslateblue"
"gene-PIP4K2B|PIP4K2B","pink"
"gene-CWC25|CWC25","yellow"
"gene-LOC115490620|LOC115490620","tan"
"gene-LOC115490725|LOC115490725","tan"
"gene-LOC121471179|LOC121471179","darkturquoise"
"gene-LOC101232986|LOC101232986","tan"
"gene-LOC121471180|LOC121471180","lightcyan1"
"gene-LOC115490733|LOC115490733","tan"
"gene-LOC140680230|LOC140680230","tan"
"gene-LOC140680694|LOC140680694","green"
"gene-LOC101233001|LOC101233001","tan"
"gene-LOC140680254|LOC140680254","tan"
"gene-DAD1|DAD1","magenta"
"gene-SDR39U1|SDR39U1","skyblue"
"gene-LOC100223725|LOC100223725","midnightblue"
"gene-LOC100217831|LOC100217831","bisque4"
"gene-MPP3|MPP3","darkmagenta"
"gene-LOC105758914|LOC105758914","paleturquoise"
"gene-DUSP3|DUSP3","paleturquoise"
"gene-SOST|SOST","grey60"
"gene-DHX8|DHX8","turquoise"
"gene-BRCA1|BRCA1","tan"
"gene-NBR1|NBR1","black"
"gene-RND2|RND2","darkgrey"
"gene-VAT1|VAT1","turquoise"
"gene-LOC115490720|LOC115490720","purple"
"gene-IFI35|IFI35","purple"
"gene-RPL27|RPL27","magenta"
"gene-AOC3|AOC3","darkorange2"
"gene-AOC2|AOC2","blue"
"gene-LOC105758909|LOC105758909","salmon4"
"gene-AARSD1|AARSD1","floralwhite"
"gene-RUNDC1|RUNDC1","turquoise"
"gene-PTGES3L|PTGES3L","honeydew1"
"gene-G6PC1|G6PC1","steelblue"
"gene-WNK4|WNK4","yellow"
"gene-PSME3|PSME3","brown"
"gene-BECN1|BECN1","yellow"
"gene-CNTD1|CNTD1","blue"
"gene-COA3|COA3","darkred"
"gene-VPS25|VPS25","red"
"gene-RAMP2|RAMP2","honeydew1"
"gene-CNTNAP1|CNTNAP1","magenta"
"gene-EZH1|EZH1","darkmagenta"
"gene-PLEKHH3|PLEKHH3","brown"
"gene-TUBG1|TUBG1","ivory"
"gene-RETREG3|RETREG3","turquoise"
"gene-PSMC3IP|PSMC3IP","yellow"
"gene-MLX|MLX","violet"
"gene-COASY|COASY","honeydew1"
"gene-NAGLU|NAGLU","lightgreen"
"gene-ATP6V0A1|ATP6V0A1","blue"
"gene-CAVIN1|CAVIN1","turquoise"
"gene-STAT3|STAT3","skyblue"
"gene-LOC100222731|LOC100222731","salmon"
"gene-GHDC|GHDC","yellow"
"gene-LOC100228479|LOC100228479","darkturquoise"
"gene-LOC100190429|LOC100190429","blue"
"gene-LOC100218864|LOC100218864","blue"
"gene-RAB5C|RAB5C","turquoise"
"gene-KAT2A|KAT2A","blue"
"gene-DHX58|DHX58","purple"
"gene-LOC140680708|LOC140680708","darkorange"
"gene-ODAD4|ODAD4","grey60"
"gene-ZNF385C|ZNF385C","yellow"
"gene-C27H17orf113|C27H17orf113","darkgreen"
"gene-NKIRAS2|NKIRAS2","saddlebrown"
"gene-DNAJC7|DNAJC7","saddlebrown"
"gene-CNP|CNP","purple"
"gene-P3H4|P3H4","royalblue"
"gene-KLHL10|KLHL10","darkmagenta"
"gene-KLHL11|KLHL11","darkmagenta"
"gene-NT5C3B|NT5C3B","red"
"gene-FKBP10|FKBP10","green"
"gene-HAP1|HAP1","blue"
"gene-JUP|JUP","salmon"
"gene-ACLY|ACLY","pink"
"gene-LOC140680235|LOC140680235","blue"
"gene-LOC116806599|LOC116806599","blue"
"gene-LOC100230285|LOC100230285","grey"
"gene-EIF1|EIF1","magenta"
"gene-LOC100228906|LOC100228906","cyan"
"gene-LOC101233334|LOC101233334","blue"
"gene-LOC100227535|LOC100227535","plum1"
"gene-LOC100223619|LOC100223619","blue"
"gene-KRT23|KRT23","salmon4"
"gene-LOC100226488|LOC100226488","yellow"
"gene-KRT12|KRT12","yellow"
"gene-KRT222|KRT222","yellow"
"gene-CCR7|CCR7","tan"
"gene-SMARCE1|SMARCE1","turquoise"
"gene-TOP2A|TOP2A","green"
"gene-TNS4|TNS4","blue"
"gene-IGFBP4|IGFBP4","turquoise"
"gene-LOC101233280|LOC101233280","yellow"
"gene-GJD3|GJD3","magenta"
"gene-RARA|RARA","turquoise"
"gene-CDC6|CDC6","green"
"gene-RAPGEFL1|RAPGEFL1","magenta"
"gene-WIPF2|WIPF2","red"
"gene-CASC3|CASC3","floralwhite"
"gene-MSL1|MSL1","orange"
"gene-THRA|THRA","skyblue"
"gene-NR1D1|NR1D1","blue"
"gene-CSF3|CSF3","midnightblue"
"gene-MED24|MED24","cyan"
"gene-PSMD3|PSMD3","midnightblue"
"gene-GSDMA|GSDMA","green"
"gene-ORMDL3|ORMDL3","thistle2"
"gene-GRB7|GRB7","black"
"gene-ZPBP2|ZPBP2","grey"
"gene-IKZF3|IKZF3","tan"
"gene-LRRC3C|LRRC3C","grey"
"gene-MIEN1|MIEN1","grey"
"gene-ERBB2|ERBB2","blue"
"gene-PNMT|PNMT","yellow"
"gene-PGAP3|PGAP3","navajowhite2"
"gene-TCAP|TCAP","darkolivegreen"
"gene-STARD3|STARD3","turquoise"
"gene-PPP1R1B|PPP1R1B","blue"
"gene-CDK12|CDK12","coral1"
"gene-MED1|MED1","lightpink4"
"gene-FBXL20|FBXL20","black"
"gene-PLXDC1|PLXDC1","thistle2"
"gene-LOC140680697|LOC140680697","blue"
"gene-RPL19|RPL19","magenta"
"gene-LASP1|LASP1","sienna3"
"gene-RPL23|RPL23","magenta"
"gene-PLEKHM1|PLEKHM1","yellow"
"gene-ARHGAP27|ARHGAP27","green"
"gene-TMEM98|TMEM98","blue"
"gene-GRN|GRN","blue"
"gene-FAM171A2|FAM171A2","blue"
"gene-GPATCH8|GPATCH8","yellow"
"gene-ITGA2B|ITGA2B","green"
"gene-LOC140680739|LOC140680739","darkturquoise"
"gene-FZD2|FZD2","yellow"
"gene-MYO1D|MYO1D","darkgrey"
"gene-PSMD11|PSMD11","turquoise"
"gene-CDK5R1|CDK5R1","mediumpurple3"
"gene-LOC121471215|LOC121471215","grey"
"gene-MAP3K14|MAP3K14","purple"
"gene-FMNL1|FMNL1","green"
"gene-LOC116806664|LOC116806664","yellow"
"gene-LOC115490676|LOC115490676","greenyellow"
"gene-LOC115490677|LOC115490677","yellowgreen"
"gene-HEXIM1|HEXIM1","blue"
"gene-ACBD4|ACBD4","black"
"gene-PLCD3|PLCD3","magenta"
"gene-NMT1|NMT1","brown"
"gene-DCAKD|DCAKD","magenta"
"gene-DNAAF19|DNAAF19","magenta"
"gene-EFTUD2|EFTUD2","pink"
"gene-GJC1|GJC1","plum2"
"gene-ADAM11|ADAM11","grey"
"gene-DBF4B|DBF4B","yellow"
"gene-CCDC43|CCDC43","green"
"gene-NSF|NSF","turquoise"
"gene-LOC115490701|LOC115490701","midnightblue"
"gene-GOSR2|GOSR2","turquoise"
"gene-LOC100220754|LOC100220754","paleturquoise"
"gene-MRC2|MRC2","grey"
"gene-ITGB3|ITGB3","darkgrey"
"gene-TLK2|TLK2","turquoise"
"gene-LOC140680733|LOC140680733","grey"
"gene-LOC140680732|LOC140680732","pink"
"gene-ASIC2|ASIC2","green"
"gene-LOC115490748|LOC115490748","midnightblue"
"gene-SMARCD2|SMARCD2","midnightblue"
"gene-PSMC5|PSMC5","darkred"
"gene-FTSJ3|FTSJ3","red"
"gene-LOC115490639|LOC115490639","midnightblue"
"gene-SCN4A|SCN4A","salmon"
"gene-CD79B|CD79B","green"
"gene-LOC140680729|LOC140680729","royalblue"
"gene-MAP1S|MAP1S","pink"
"gene-FCHO1|FCHO1","darkturquoise"
"gene-JAK3|JAK3","tan"
"gene-CCDC124|CCDC124","turquoise"
"gene-KCNN1|KCNN1","tan"
"gene-OCLN|OCLN","darkturquoise"
"gene-NR2F6|NR2F6","turquoise"
"gene-LOC140680762|LOC140680762","lightcyan"
"gene-USHBP1|USHBP1","yellow"
"gene-BABAM1|BABAM1","greenyellow"
"gene-ANO8|ANO8","brown"
"gene-MRPL34|MRPL34","magenta"
"gene-DDA1|DDA1","grey"
"gene-GTPBP3|GTPBP3","lightyellow"
"gene-LOC116806695|LOC116806695","violet"
"gene-PLVAP|PLVAP","darkgrey"
"gene-NDUFA13|NDUFA13","greenyellow"
"gene-GATAD2A|GATAD2A","brown"
"gene-MAU2|MAU2","blue"
"gene-SUGP1|SUGP1","black"
"gene-TM6SF2|TM6SF2","turquoise"
"gene-HAPLN4|HAPLN4","blue"
"gene-MEF2B|MEF2B","tan"
"gene-NR2C2AP|NR2C2AP","lightcyan1"
"gene-RFXANK|RFXANK","greenyellow"
"gene-BORCS8|BORCS8","darkred"
"gene-TMEM161A|TMEM161A","black"
"gene-SLC25A42|SLC25A42","brown4"
"gene-ARMC6|ARMC6","pink"
"gene-SUGP2|SUGP2","red"
"gene-HOMER3|HOMER3","green"
"gene-DDX49|DDX49","red"
"gene-COPE|COPE","sienna3"
"gene-CRTC1|CRTC1","pink"
"gene-LOC140680763|LOC140680763","darkturquoise"
"gene-GDF1|GDF1","grey"
"gene-COMP|COMP","darkturquoise"
"gene-UPF1|UPF1","turquoise"
"gene-KLHL26|KLHL26","orange"
"gene-TMEM59L|TMEM59L","darkseagreen4"
"gene-CRLF1|CRLF1","blue"
"gene-REX1BD|REX1BD","tan"
"gene-UBA52|UBA52","magenta"
"gene-KXD1|KXD1","blue"
"gene-FKBP8|FKBP8","turquoise"
"gene-ELL|ELL","midnightblue"
"gene-ISYNA1|ISYNA1","brown"
"gene-SSBP4|SSBP4","lightgreen"
"gene-LOC115490883|LOC115490883","blue"
"gene-GDF15|GDF15","blue"
"gene-LOC115490863|LOC115490863","blue"
"gene-LOC140680770|LOC140680770","turquoise"
"gene-PGPEP1|PGPEP1","darkgrey"
"gene-LSM4|LSM4","turquoise"
"gene-JUND|JUND","blue"
"gene-CIST1|CIST1","lightgreen"
"gene-PDE4C|PDE4C","grey"
"gene-NRTN|NRTN","violet"
"gene-MPV17L2|MPV17L2","red"
"gene-RAB3A|RAB3A","grey"
"gene-DUS3L|DUS3L","yellow"
"gene-LOC115490831|LOC115490831","tan"
"gene-SHD|SHD","blue"
"gene-LOC121468081|LOC121468081","purple"
"gene-FSD1|FSD1","yellow"
"gene-ATCAY|ATCAY","orange"
"gene-DAPK3|DAPK3","turquoise"
"gene-ZBTB7A|ZBTB7A","pink"
"gene-CREB3L3|CREB3L3","brown"
"gene-LOC100224348|LOC100224348","grey"
"gene-CTXN1|CTXN1","orange"
"gene-NMRK2|NMRK2","yellow"
"gene-EEF2|EEF2","turquoise"
"gene-PIAS4|PIAS4","turquoise"
"gene-MAP2K2|MAP2K2","pink"
"gene-SIRT6|SIRT6","tan"
"gene-ANKRD24|ANKRD24","yellow"
"gene-EBI3|EBI3","greenyellow"
"gene-TIMM44|TIMM44","royalblue"
"gene-LOC100227220|LOC100227220","purple"
"gene-LOC140680796|LOC140680796","pink"
"gene-YJU2|YJU2","saddlebrown"
"gene-CNN2|CNN2","green"
"gene-ARHGAP45|ARHGAP45","tan"
"gene-POLR2E|POLR2E","greenyellow"
"gene-GPX4|GPX4","floralwhite"
"gene-SBNO2|SBNO2","salmon"
"gene-STK11|STK11","skyblue"
"gene-CBARP|CBARP","palevioletred3"
"gene-ATP5F1D|ATP5F1D","magenta"
"gene-MIDN|MIDN","blue"
"gene-CIRBP|CIRBP","yellow"
"gene-FAM174C|FAM174C","turquoise"
"gene-LOC140680797|LOC140680797","turquoise"
"gene-EFNA2|EFNA2","violet"
"gene-LOC100220416|LOC100220416","grey"
"gene-PWWP3A|PWWP3A","turquoise"
"gene-NDUFS7|NDUFS7","brown"
"gene-GAMT|GAMT","violet"
"gene-DAZAP1|DAZAP1","grey60"
"gene-APC2|APC2","yellow"
"gene-RPS15|RPS15","magenta"
"gene-PCSK4|PCSK4","blue"
"gene-C28H19orf25|C28H19orf25","blue"
"gene-REEP6|REEP6","blue"
"gene-LOC140680759|LOC140680759","blue"
"gene-PLK5|PLK5","mediumpurple3"
"gene-ADAMTSL5|ADAMTSL5","grey"
"gene-THOP1|THOP1","cyan"
"gene-SGTA|SGTA","grey"
"gene-SLC39A3|SLC39A3","darkgrey"
"gene-DIRAS1|DIRAS1","greenyellow"
"gene-GNG7|GNG7","lavenderblush3"
"gene-GADD45B|GADD45B","blue"
"gene-STAP2|STAP2","purple"
"gene-MPND|MPND","lightcyan1"
"gene-CHAF1A|CHAF1A","pink"
"gene-SH3GL1|SH3GL1","turquoise"
"gene-UBXN6|UBXN6","red"
"gene-HDGFL2|HDGFL2","turquoise"
"gene-LOC115490840|LOC115490840","grey"
"gene-LOC115490839|LOC115490839","brown"
"gene-SEMA6B|SEMA6B","paleturquoise"
"gene-TNFAIP8L1|TNFAIP8L1","green"
"gene-MYDGF|MYDGF","midnightblue"
"gene-LOC100226165|LOC100226165","green"
"gene-DPP9|DPP9","pink"
"gene-LOC115490841|LOC115490841","red"
"gene-LOC140680748|LOC140680748","yellow"
"gene-FEM1A|FEM1A","turquoise"
"gene-TICAM1|TICAM1","red"
"gene-UHRF1|UHRF1","green"
"gene-KDM4B|KDM4B","darkgreen"
"gene-PTPRS|PTPRS","lightsteelblue1"
"gene-TINCR|TINCR","grey"
"gene-TPM4|TPM4","darkolivegreen"
"gene-KLF2|KLF2","coral1"
"gene-RAB8A|RAB8A","navajowhite2"
"gene-CIB3|CIB3","green"
"gene-FAM32A|FAM32A","magenta"
"gene-AP1M1|AP1M1","brown"
"gene-EPS15L1|EPS15L1","lightcyan"
"gene-C28H19orf44|C28H19orf44","red"
"gene-CHERP|CHERP","turquoise"
"gene-ABCA7|ABCA7","floralwhite"
"gene-WDR18|WDR18","grey"
"gene-GRIN3B|GRIN3B","blue"
"gene-TMEM259|TMEM259","turquoise"
"gene-ARID3A|ARID3A","red"
"gene-R3HDM4|R3HDM4","red"
"gene-MED16|MED16","floralwhite"
"gene-LOC100224290|LOC100224290","red"
"gene-PLPPR3|PLPPR3","grey"
"gene-LOC115490872|LOC115490872","midnightblue"
"gene-PTBP1|PTBP1","midnightblue"
"gene-MISP|MISP","green"
"gene-PALM|PALM","brown"
"gene-FSTL3|FSTL3","turquoise"
"gene-RNF126|RNF126","darkgrey"
"gene-FGF22|FGF22","grey"
"gene-POLRMT|POLRMT","turquoise"
"gene-HCN2|HCN2","brown"
"gene-CDC34|CDC34","blue"
"gene-TPGS1|TPGS1","black"
"gene-BSG|BSG","turquoise"
"gene-MADCAM1|MADCAM1","midnightblue"
"gene-LOC100229925|LOC100229925","turquoise"
"gene-SHC2|SHC2","yellow"
"gene-C2CD4C|C2CD4C","blue"
"gene-MIER2|MIER2","yellow"
"gene-PLPP2|PLPP2","skyblue3"
"gene-TLE2|TLE2","yellow"
"gene-LOC100226230|LOC100226230","cyan"
"gene-LOC140680758|LOC140680758","blue"
"gene-TLE5|TLE5","turquoise"
"gene-LOC140680757|LOC140680757","grey60"
"gene-GNA11|GNA11","turquoise"
"gene-LOC100225270|LOC100225270","green"
"gene-S1PR4|S1PR4","green"
"gene-NCLN|NCLN","turquoise"
"gene-MED26|MED26","blue"
"gene-LOC116806700|LOC116806700","steelblue"
"gene-CELF5|CELF5","purple"
"gene-LOC121468066|LOC121468066","lightcyan"
"gene-MICOS13|MICOS13","greenyellow"
"gene-LOC100229022|LOC100229022","yellow"
"gene-LOC100227175|LOC100227175","black"
"gene-SLC35E1|SLC35E1","magenta"
"gene-SMIM7|SMIM7","black"
"gene-TMEM38A|TMEM38A","brown"
"gene-CPAMD8|CPAMD8","black"
"gene-F2RL3|F2RL3","blue"
"gene-LOC115490877|LOC115490877","darkred"
"gene-SIN3B|SIN3B","turquoise"
"gene-HAUS8|HAUS8","midnightblue"
"gene-USE1|USE1","thistle2"
"gene-MYO9B|MYO9B","green"
"gene-ACER1|ACER1","grey"
"gene-ARHGEF18|ARHGEF18","lightgreen"
"gene-LOC101233818|LOC101233818","lightgreen"
"gene-IL12RB1|IL12RB1","purple"
"gene-MAST3|MAST3","green"
"gene-LOC100219508|LOC100219508","orange"
"gene-INSR|INSR","darkgrey"
"gene-PEX11G|PEX11G","yellow"
"gene-ARRDC2|ARRDC2","black"
"gene-PIK3R2|PIK3R2","turquoise"
"gene-IFI30|IFI30","green"
"gene-LOC105758935|LOC105758935","darkorange"
"gene-ACSBG2|ACSBG2","brown"
"gene-MLLT1|MLLT1","turquoise"
"gene-ZNF414|ZNF414","plum1"
"gene-LOC100218528|LOC100218528","tan"
"gene-MYO1F|MYO1F","green"
"gene-ADAMTS10|ADAMTS10","red"
"gene-ZAP70|ZAP70","tan"
"gene-PEAK3|PEAK3","tan"
"gene-JSRP1|JSRP1","plum2"
"gene-LOC140680778|LOC140680778","darkorange"
"gene-OAZ1|OAZ1","turquoise"
"gene-SF3A2|SF3A2","saddlebrown"
"gene-PLEKHJ1|PLEKHJ1","grey"
"gene-DOT1L|DOT1L","yellow"
"gene-AP3D1|AP3D1","turquoise"
"gene-MOB3A|MOB3A","blue"
"gene-MKNK2|MKNK2","salmon"
"gene-LOC115490864|LOC115490864","black"
"gene-BTBD2|BTBD2","turquoise"
"gene-CSNK1G2|CSNK1G2","turquoise"
"gene-SCAMP4|SCAMP4","pink"
"gene-LOC100221315|LOC100221315","brown"
"gene-LOC100229929|LOC100229929","brown"
"gene-ABHD17A|ABHD17A","sienna3"
"gene-REXO1|REXO1","pink"
"gene-ATP8B3|ATP8B3","grey"
"gene-TCF3|TCF3","brown4"
"gene-MBD3|MBD3","pink"
"gene-NFIC|NFIC","lightsteelblue1"
"gene-FZR1|FZR1","turquoise"
"gene-HMG20B|HMG20B","pink"
"gene-TBXA2R|TBXA2R","paleturquoise"
"gene-MATK|MATK","purple"
"gene-PRAM1|PRAM1","yellow"
"gene-LOC100217480|LOC100217480","yellow"
"gene-KANK3|KANK3","red"
"gene-UQCR11|UQCR11","greenyellow"
"gene-MEX3D|MEX3D","pink"
"gene-UNC13A|UNC13A","yellow"
"gene-SMIM24|SMIM24","cyan"
"gene-SMIM44|SMIM44","black"
"gene-DOHH|DOHH","cyan"
"gene-LOC115490876|LOC115490876","pink"
"gene-LOC115490792|LOC115490792","black"
"gene-MFSD12|MFSD12","pink"
"gene-GIPC3|GIPC3","lightyellow"
"gene-CACTIN|CACTIN","brown"
"gene-PIP5K1C|PIP5K1C","darkorange"
"gene-TJP3|TJP3","lightyellow"
"gene-APBA3|APBA3","turquoise"
"gene-MRPL54|MRPL54","magenta"
"gene-LOC140680765|LOC140680765","grey"
"gene-LOC100223311|LOC100223311","green"
"gene-LOC115490889|LOC115490889","lightcyan"
"gene-ELAVL1|ELAVL1","sienna3"
"gene-LOC100231934|LOC100231934","darkturquoise"
"gene-LOC140680768|LOC140680768","floralwhite"
"gene-POLE4|POLE4","black"
"gene-CD320|CD320","yellowgreen"
"gene-NDUFA7|NDUFA7","darkseagreen4"
"gene-RPS28|RPS28","magenta"
"gene-LOC115490860|LOC115490860","magenta"
"gene-ANGPTL4|ANGPTL4","grey"
"gene-RAB11B|RAB11B","turquoise"
"gene-MARCHF2|MARCHF2","turquoise"
"gene-LOC100224239|LOC100224239","lightcyan"
"gene-LOC115490794|LOC115490794","lightcyan"
"gene-LOC115490810|LOC115490810","darkgrey"
"gene-CERS4|CERS4","orangered4"
"gene-TMPRSS9|TMPRSS9","green"
"gene-LOC100223254|LOC100223254","plum2"
"gene-LSM7|LSM7","grey"
"gene-SPPL2B|SPPL2B","brown"
"gene-TIMM13|TIMM13","greenyellow"
"gene-LMNB2|LMNB2","brown"
"gene-RPL36|RPL36","magenta"
"gene-SLC1A6|SLC1A6","plum1"
"gene-LONP1|LONP1","brown"
"gene-RANBP3|RANBP3","paleturquoise"
"gene-LOC140680798|LOC140680798","yellow"
"gene-KLHL33|KLHL33","grey60"
"gene-NDUFA11|NDUFA11","greenyellow"
"gene-LOC100222319|LOC100222319","darkorange"
"gene-LOC140680794|LOC140680794","bisque4"
"gene-LOC140680782|LOC140680782","lightcyan"
"gene-LOC140680755|LOC140680755","purple"
"gene-LOC121468884|LOC121468884","black"
"gene-LOC140680792|LOC140680792","lightcyan"
"gene-LOC140680781|LOC140680781","orangered4"
"gene-LOC140680786|LOC140680786","grey"
"gene-LOC140680790|LOC140680790","pink"
"gene-LOC140680860|LOC140680860","black"
"gene-LOC140680844|LOC140680844","lightcyan"
"gene-LOC140680840|LOC140680840","purple"
"gene-LOC140680832|LOC140680832","lightcyan"
"gene-LOC140680836|LOC140680836","lightcyan"
"gene-LOC116807510|LOC116807510","lightyellow"
"gene-LOC140680845|LOC140680845","royalblue"
"gene-LOC140680809|LOC140680809","pink"
"gene-LOC116807547|LOC116807547","grey60"
"gene-LOC140680810|LOC140680810","lightcyan"
"gene-LOC140680868|LOC140680868","lightcyan"
"gene-LOC140680813|LOC140680813","darkorange2"
"gene-LOC140680843|LOC140680843","lightcyan"
"gene-LOC115493297|LOC115493297","salmon4"
"gene-LOC140680815|LOC140680815","darkorange2"
"gene-LOC100226112|LOC100226112","turquoise"
"gene-LOC140680805|LOC140680805","navajowhite2"
"gene-LOC140680839|LOC140680839","lightcyan"
"gene-LOC140680817|LOC140680817","navajowhite2"
"gene-LOC140680853|LOC140680853","lightcyan"
"gene-LOC140680855|LOC140680855","lightcyan"
"gene-LOC140680871|LOC140680871","lightcyan"
"gene-LOC140680863|LOC140680863","grey"
"gene-LOC140680847|LOC140680847","lightcyan"
"gene-LOC140680841|LOC140680841","lightcyan"
"gene-LOC140680862|LOC140680862","lightcyan"
"gene-LOC140680842|LOC140680842","lightcyan"
"gene-LOC140680859|LOC140680859","lightcyan"
"gene-LOC140680848|LOC140680848","lightcyan"
"gene-LOC140680837|LOC140680837","grey60"
"gene-LOC115491921|LOC115491921","grey60"
"gene-LOC140680249|LOC140680249","pink"
"gene-CSAD|CSAD","black"
"gene-ZNF740|ZNF740","maroon"
"gene-LOC115491348|LOC115491348","darkred"
"gene-RARG|RARG","grey60"
"gene-MFSD5|MFSD5","cyan"
"gene-SPRYD3|SPRYD3","turquoise"
"gene-TNS2|TNS2","lightyellow"
"gene-EIF4B|EIF4B","yellowgreen"
"gene-LOC101233849|LOC101233849","steelblue"
"gene-KRT18|KRT18","darkslateblue"
"gene-KRT8|KRT8","white"
"gene-LOC100224644|LOC100224644","turquoise"
"gene-LOC115491353|LOC115491353","tan"
"gene-BCDIN3D|BCDIN3D","magenta"
"gene-AQP5|AQP5","lightpink4"
"gene-SLC4A8|SLC4A8","cyan"
"gene-CELA1|CELA1","honeydew1"
"gene-LOC115491510|LOC115491510","grey"
"gene-GALNT6|GALNT6","tan"
"gene-BIN2|BIN2","green"
"gene-SMAGP|SMAGP","darkgrey"
"gene-DAZAP2|DAZAP2","greenyellow"
"gene-POU6F1|POU6F1","turquoise"
"gene-TFCP2|TFCP2","green"
"gene-DTX3|DTX3","lightyellow"
"gene-KIF5A|KIF5A","brown"
"gene-PIP4K2C|PIP4K2C","black"
"gene-DCTN2|DCTN2","magenta"
"gene-MARS1|MARS1","black"
"gene-DDIT3|DDIT3","magenta"
"gene-CSRNP2|CSRNP2","lightyellow"
"gene-LOC140680819|LOC140680819","black"
"gene-AGAP2|AGAP2","green"
"gene-OS9|OS9","turquoise"
"gene-TSPAN31|TSPAN31","magenta"
"gene-CYP27B1|CYP27B1","midnightblue"
"gene-METTL1|METTL1","magenta"
"gene-EEF1AKMT3|EEF1AKMT3","darkturquoise"
"gene-TSFM|TSFM","darkslateblue"
"gene-LOC115491394|LOC115491394","blue"
"gene-LETMD1|LETMD1","grey"
"gene-LOC140680849|LOC140680849","royalblue"
"gene-ACVRL1|ACVRL1","darkturquoise"
"gene-ACVR1B|ACVR1B","turquoise"
"gene-LOC140680869|LOC140680869","blue"
"gene-TAMALIN|TAMALIN","blue"
"gene-NR4A1|NR4A1","thistle1"
"gene-ATG101|ATG101","greenyellow"
"gene-FMNL3|FMNL3","red"
"gene-TMBIM6|TMBIM6","magenta"
"gene-NCKAP5L|NCKAP5L","yellow"
"gene-KANSL2|KANSL2","orangered4"
"gene-LOC115491520|LOC115491520","black"
"gene-CCNT1|CCNT1","blue"
"gene-ADCY6|ADCY6","lightyellow"
"gene-LOC140680872|LOC140680872","mediumpurple3"
"gene-CACNB3|CACNB3","mediumpurple3"
"gene-DDX23|DDX23","lightgreen"
"gene-RND1|RND1","turquoise"
"gene-CCDC65|CCDC65","green"
"gene-FKBP11|FKBP11","magenta"
"gene-WNT1|WNT1","black"
"gene-ARF3|ARF3","brown"
"gene-DDN|DDN","blue"
"gene-PRKAG1|PRKAG1","darkturquoise"
"gene-DHH|DHH","steelblue"
"gene-KMT2D|KMT2D","darkturquoise"
"gene-LMBR1L|LMBR1L","blue"
"gene-PRPH|PRPH","blue"
"gene-GLI1|GLI1","brown"
"gene-LOC100220137|LOC100220137","brown"
"gene-TUBA1B|TUBA1B","brown"
"gene-LOC115491411|LOC115491411","blue"
"gene-LOC115490530|LOC115490530","sienna3"
"gene-R3HDM2|R3HDM2","cyan"
"gene-LOC100223012|LOC100223012","royalblue"
"gene-SHMT2|SHMT2","greenyellow"
"gene-MYO1A|MYO1A","yellow"
"gene-NEMP1|NEMP1","blue"
"gene-ZBTB39|ZBTB39","violet"
"gene-LRP1|LRP1","darkgrey"
"gene-NAB2|NAB2","blue"
"gene-STAT6|STAT6","darkorange"
"gene-GPR182|GPR182","blue"
"gene-LOC115491432|LOC115491432","orange"
"gene-LOC101233006|LOC101233006","sienna3"
"gene-PRIM1|PRIM1","grey"
"gene-LOC100218298|LOC100218298","magenta"
"gene-LOC116807010|LOC116807010","darkorange2"
"gene-PTGES3|PTGES3","turquoise"
"gene-ATP5F1B|ATP5F1B","brown"
"gene-LOC115491518|LOC115491518","honeydew1"
"gene-LOC115491517|LOC115491517","red"
"gene-BAZ2A|BAZ2A","pink"
"gene-LOC140680834|LOC140680834","thistle1"
"gene-RBMS2|RBMS2","blue"
"gene-LOC115491449|LOC115491449","salmon"
"gene-TIMELESS|TIMELESS","yellow"
"gene-LOC100220064|LOC100220064","salmon"
"gene-APOF|APOF","purple"
"gene-STAT2|STAT2","purple"
"gene-IL23A|IL23A","black"
"gene-SLC39A5|SLC39A5","purple"
"gene-COQ10A|COQ10A","brown"
"gene-ANKRD52|ANKRD52","lightyellow"
"gene-PAN2|PAN2","honeydew1"
"gene-CNPY2|CNPY2","brown"
"gene-CS|CS","brown"
"gene-NABP2|NABP2","greenyellow"
"gene-RNF41|RNF41","red"
"gene-SMARCC2|SMARCC2","yellow"
"gene-MYL6|MYL6","magenta"
"gene-ESYT1|ESYT1","mediumpurple3"
"gene-ZC3H10|ZC3H10","saddlebrown"
"gene-LOC140680850|LOC140680850","blue"
"gene-PA2G4|PA2G4","brown"
"gene-ERBB3|ERBB3","darkturquoise"
"gene-RPS26|RPS26","magenta"
"gene-IKZF4|IKZF4","brown4"
"gene-SUOX|SUOX","turquoise"
"gene-RAB5B|RAB5B","turquoise"
"gene-CDK2|CDK2","turquoise"
"gene-PMEL|PMEL","cyan"
"gene-CERS5|CERS5","grey60"
"gene-RACGAP1|RACGAP1","green"
"gene-LOC101233303|LOC101233303","purple"
"gene-COX14|COX14","magenta"
"gene-GPD1|GPD1","brown"
"gene-SMARCD1|SMARCD1","black"
"gene-LOC140680829|LOC140680829","lightgreen"
"gene-LOC140680820|LOC140680820","cyan"
"gene-LOC100221708|LOC100221708","black"
"gene-HDAC7|HDAC7","green"
"gene-SLC48A1|SLC48A1","magenta"
"gene-LOC115491367|LOC115491367","lightyellow"
"gene-RAPGEF3|RAPGEF3","yellow"
"gene-ENDOU|ENDOU","blue"
"gene-LOC140680822|LOC140680822","blue"
"gene-TESPA1|TESPA1","darkturquoise"
"gene-GTSF1|GTSF1","blue"
"gene-NCKAP1L|NCKAP1L","grey"
"gene-ITGA5|ITGA5","lightgreen"
"gene-ZNF385A|ZNF385A","grey"
"gene-SMUG1|SMUG1","pink"
"gene-COPZ1|COPZ1","grey"
"gene-HNRNPA1|HNRNPA1","magenta"
"gene-CBX5|CBX5","brown"
"gene-HOXC13|HOXC13","greenyellow"
"gene-LOC100219141|LOC100219141","mediumpurple3"
"gene-TARBP2|TARBP2","darkturquoise"
"gene-AMHR2|AMHR2","magenta"
"gene-MAP3K12|MAP3K12","blue"
"gene-PCBP2|PCBP2","sienna3"
"gene-SP1|SP1","yellow"
"gene-AAAS|AAAS","grey60"
"gene-MYG1|MYG1","saddlebrown"
"gene-VDR|VDR","darkmagenta"
"gene-TMEM106C|TMEM106C","royalblue"
"gene-SENP1|SENP1","green"
"gene-ASB8|ASB8","turquoise"
"gene-PFKM|PFKM","plum2"
"gene-LOC105758775|LOC105758775","pink"
"gene-LOC115491454|LOC115491454","darkorange2"
"gene-LIMA1|LIMA1","lightgreen"
"gene-LARP4|LARP4","pink"
"gene-DIP2B|DIP2B","green"
"gene-ATF1|ATF1","turquoise"
"gene-TMPRSS12|TMPRSS12","turquoise"
"gene-LOC100218813|LOC100218813","blue"
"gene-SCN8A|SCN8A","blue"
"gene-ESPL1|ESPL1","white"
"gene-PFDN5|PFDN5","floralwhite"
"gene-C1QL4|C1QL4","green"
"gene-LOC115491410|LOC115491410","darkslateblue"
"gene-MCRS1|MCRS1","floralwhite"
"gene-SARNP|SARNP","black"
"gene-GDF11|GDF11","steelblue"
"gene-INPP1|INPP1","darkslateblue"
"gene-CD63|CD63","magenta"
"gene-RDH5|RDH5","steelblue"
"gene-BLOC1S1|BLOC1S1","greenyellow"
"gene-ITGA7|ITGA7","darkslateblue"
"gene-DNAJC14|DNAJC14","grey"
"gene-PYM1|PYM1","black"
"gene-CACNA1A|CACNA1A","lightcyan"
"gene-MAN2B1|MAN2B1","blue"
"gene-TRMT1|TRMT1","brown"
"gene-NACC1|NACC1","turquoise"
"gene-IER2|IER2","blue"
"gene-LOC140681012|LOC140681012","black"
"gene-MRI1|MRI1","magenta"
"gene-YJU2B|YJU2B","steelblue"
"gene-C30H19orf53|C30H19orf53","magenta"
"gene-NANOS3|NANOS3","blue"
"gene-BRME1|BRME1","darkturquoise"
"gene-CC2D1A|CC2D1A","yellow"
"gene-DCAF15|DCAF15","mediumpurple3"
"gene-RFX1|RFX1","blue"
"gene-CLPP|CLPP","magenta"
"gene-ALKBH7|ALKBH7","magenta"
"gene-GTF2F1|GTF2F1","darkgrey"
"gene-KHSRP|KHSRP","midnightblue"
"gene-LDLR|LDLR","turquoise"
"gene-SMARCA4|SMARCA4","turquoise"
"gene-FBXW9|FBXW9","black"
"gene-TNPO2|TNPO2","mediumpurple3"
"gene-LOC140681019|LOC140681019","turquoise"
"gene-TRIR|TRIR","turquoise"
"gene-GET3|GET3","magenta"
"gene-DNM2|DNM2","pink"
"gene-TIMM29|TIMM29","magenta"
"gene-SPC24|SPC24","lightcyan1"
"gene-KEAP1|KEAP1","blue"
"gene-ATG4D|ATG4D","yellow"
"gene-KRI1|KRI1","yellow"
"gene-AP1M2|AP1M2","purple"
"gene-SLC44A2|SLC44A2","purple"
"gene-ILF3|ILF3","tan"
"gene-LOC115491783|LOC115491783","steelblue"
"gene-QTRT1|QTRT1","blue"
"gene-LOC115491799|LOC115491799","darkslateblue"
"gene-CARM1|CARM1","greenyellow"
"gene-PDE4A|PDE4A","pink"
"gene-ZNF653|ZNF653","darkmagenta"
"gene-ELAVL3|ELAVL3","salmon"
"gene-CDC37|CDC37","turquoise"
"gene-MAST1|MAST1","purple"
"gene-NFIX|NFIX","lightgreen"
"gene-HOOK2|HOOK2","paleturquoise"
"gene-RNASEH2A|RNASEH2A","midnightblue"
"gene-GCDH|GCDH","magenta"
"gene-SYCE2|SYCE2","darkorange2"
"gene-FARSA|FARSA","midnightblue"
"gene-CALR|CALR","midnightblue"
"gene-RAD23A|RAD23A","magenta"
"gene-GADD45GIP1|GADD45GIP1","magenta"
"gene-ACP5|ACP5","turquoise"
"gene-ELOF1|ELOF1","yellowgreen"
"gene-CNN1|CNN1","grey"
"gene-ECSIT|ECSIT","magenta"
"gene-TYK2|TYK2","yellow"
"gene-RAVER1|RAVER1","brown4"
"gene-FDX2|FDX2","grey"
"gene-ICAM5|ICAM5","black"
"gene-LOC140681014|LOC140681014","salmon"
"gene-DSN1|DSN1","greenyellow"
"gene-LOC105760726|LOC105760726","yellow"
"gene-LPAR2|LPAR2","green"
"gene-PGLS|PGLS","turquoise"
"gene-LOC140680986|LOC140680986","blue"
"gene-SWSAP1|SWSAP1","green"
"gene-LOC140681007|LOC140681007","blue"
"gene-CRB3|CRB3","salmon"
"gene-PRKCSH|PRKCSH","grey"
"gene-COLGALT1|COLGALT1","turquoise"
"gene-LOC121468273|LOC121468273","green"
"gene-WIZ|WIZ","royalblue"
"gene-AKAP8L|AKAP8L","grey60"
"gene-AKAP8|AKAP8","white"
"gene-LOC121468326|LOC121468326","yellow"
"gene-BRD4|BRD4","lightyellow"
"gene-RASAL3|RASAL3","green"
"gene-EPHX3|EPHX3","royalblue"
"gene-CAMSAP3|CAMSAP3","black"
"gene-LOC140681008|LOC140681008","pink"
"gene-LOC121468282|LOC121468282","grey60"
"gene-MCOLN1|MCOLN1","palevioletred3"
"gene-EIF3G|EIF3G","magenta"
"gene-DNMT1|DNMT1","lightyellow"
"gene-PPAN|PPAN","orangered4"
"gene-RDH8|RDH8","black"
"gene-S1PR2|S1PR2","pink"
"gene-MRPL4|MRPL4","turquoise"
"gene-PIN1|PIN1","pink"
"gene-CHCHD5|CHCHD5","brown"
"gene-PNPLA6|PNPLA6","steelblue"
"gene-LOC140680873|LOC140680873","black"
"gene-ATP13A1|ATP13A1","yellow"
"gene-OLFM2|OLFM2","darkorange2"
"gene-WDR83|WDR83","paleturquoise"
"gene-WDR83OS|WDR83OS","honeydew1"
"gene-DHPS|DHPS","blue"
"gene-LOC115491612|LOC115491612","salmon"
"gene-ILVBL|ILVBL","salmon"
"gene-LOC115491624|LOC115491624","blue"
"gene-GIPC1|GIPC1","mediumpurple3"
"gene-TECR|TECR","lightgreen"
"gene-DNAJB1|DNAJB1","purple"
"gene-NDUFB7|NDUFB7","turquoise"
"gene-TRAPPC5|TRAPPC5","lightpink4"
"gene-PET100|PET100","darkturquoise"
"gene-XAB2|XAB2","mediumpurple3"
"gene-LOC115491620|LOC115491620","black"
"gene-EMC10|EMC10","magenta"
"gene-FBF1|FBF1","black"
"gene-UBL5|UBL5","grey"
"gene-C3|C3","blue"
"gene-VAV1|VAV1","green"
"gene-ADGRL1|ADGRL1","darkturquoise"
"gene-LOC140681010|LOC140681010","darkmagenta"
"gene-SAMD1|SAMD1","skyblue"
"gene-MAP2K7|MAP2K7","darkturquoise"
"gene-LOC100229431|LOC100229431","yellow"
"gene-LOC121468303|LOC121468303","grey"
"gene-LOC115491660|LOC115491660","black"
"gene-LOC105760267|LOC105760267","blue"
"gene-LOC121468307|LOC121468307","red"
"gene-LOC140680256|LOC140680256","red"
"gene-LOC121468297|LOC121468297","red"
"gene-LOC116807604|LOC116807604","purple"
"gene-LOC116807637|LOC116807637","plum2"
"gene-LOC121468027|LOC121468027","midnightblue"
"gene-FAM246A|FAM246A","darkturquoise"
"gene-LOC140681016|LOC140681016","mediumpurple3"
"gene-LOC105760196|LOC105760196","grey"
"gene-LOC140680941|LOC140680941","blue"
"gene-LOC140680889|LOC140680889","navajowhite2"
"gene-LOC140680915|LOC140680915","antiquewhite4"
"gene-LOC140680875|LOC140680875","darkgreen"
"gene-LOC140680881|LOC140680881","antiquewhite4"
"gene-LOC115493560|LOC115493560","royalblue"
"gene-LOC140680987|LOC140680987","steelblue"
"gene-LOC140680883|LOC140680883","darkorange2"
"gene-LOC140680880|LOC140680880","cyan"
"gene-LOC140680876|LOC140680876","lightcyan"
"gene-LOC140680884|LOC140680884","cyan"
"gene-LOC140680953|LOC140680953","lightcyan"
"gene-LOC140680909|LOC140680909","cyan"
"gene-LOC140680882|LOC140680882","darkgreen"
"gene-LOC140680995|LOC140680995","yellow"
"gene-LOC100226816|LOC100226816","black"
"gene-LOC140680957|LOC140680957","brown"
"gene-LOC140680890|LOC140680890","yellow"
"gene-LOC121469068|LOC121469068","darkgreen"
"gene-LOC140680914|LOC140680914","darkgreen"
"gene-LOC115492433|LOC115492433","lightcyan"
"gene-LOC140680996|LOC140680996","cyan"
"gene-LOC140680939|LOC140680939","blue"
"gene-LOC140680998|LOC140680998","blue"
"gene-LOC140680999|LOC140680999","lightgreen"
"gene-LOC140680911|LOC140680911","darkgreen"
"gene-LOC100230077|LOC100230077","blue"
"gene-LOC140680878|LOC140680878","paleturquoise"
"gene-LOC140680912|LOC140680912","grey"
"gene-LOC140680874|LOC140680874","black"
"gene-LOC116807048|LOC116807048","lightcyan"
"gene-LOC140680879|LOC140680879","purple"
"gene-LOC140681003|LOC140681003","grey"
"gene-LOC140680877|LOC140680877","skyblue"
"gene-LOC116807419|LOC116807419","lightcyan"
"gene-LOC140680931|LOC140680931","grey"
"gene-LOC140680935|LOC140680935","grey"
"gene-LOC140681092|LOC140681092","darkslateblue"
"gene-CCDC22|CCDC22","black"
"gene-KDM5C|KDM5C","yellow"
"gene-LOC121468467|LOC121468467","tan"
"gene-LOC121468469|LOC121468469","grey"
"gene-LOC115492115|LOC115492115","blue"
"gene-LOC115492049|LOC115492049","blue"
"gene-NAA10|NAA10","magenta"
"gene-HSD17B10|HSD17B10","magenta"
"gene-LOC121468470|LOC121468470","darkorange2"
"gene-LOC100190649|LOC100190649","red"
"gene-TRMT112|TRMT112","turquoise"
"gene-BANF1|BANF1","turquoise"
"gene-LOC140681029|LOC140681029","cyan"
"gene-MUS81|MUS81","black"
"gene-WAS|WAS","darkorange"
"gene-TBC1D25|TBC1D25","cyan"
"gene-GRIPAP1|GRIPAP1","yellow"
"gene-LOC140681080|LOC140681080","salmon"
"gene-SUV39H1|SUV39H1","tan"
"gene-LOC121468399|LOC121468399","purple"
"gene-TAFAZZIN|TAFAZZIN","magenta"
"gene-WDR13|WDR13","darkgreen"
"gene-BCAP31|BCAP31","turquoise"
"gene-RENBP|RENBP","darkslateblue"
"gene-HCFC1|HCFC1","mediumpurple3"
"gene-ATP2B3|ATP2B3","grey"
"gene-HAUS7|HAUS7","tan"
"gene-MECP2|MECP2","grey"
"gene-CCNQ|CCNQ","turquoise"
"gene-FLNA|FLNA","darkturquoise"
"gene-LOC121468456|LOC121468456","turquoise"
"gene-LOC140681085|LOC140681085","green"
"gene-PDZD4|PDZD4","midnightblue"
"gene-L1CAM|L1CAM","salmon"
"gene-TFE3|TFE3","lightyellow"
"gene-SRPK3|SRPK3","green"
"gene-SSR4|SSR4","midnightblue"
"gene-IDH3G|IDH3G","green"
"gene-OTUD5|OTUD5","turquoise"
"gene-EBP|EBP","turquoise"
"gene-CCDC120|CCDC120","mediumpurple3"
"gene-SYN1|SYN1","paleturquoise"
"gene-LOC140681083|LOC140681083","magenta"
"gene-LOC140681082|LOC140681082","paleturquoise"
"gene-LOC121468977|LOC121468977","yellow"
"gene-UXT|UXT","darkred"
"gene-LOC140681042|LOC140681042","blue"
"gene-LOC140681043|LOC140681043","blue"
"gene-RBM10|RBM10","yellow"
"gene-NDUFB11|NDUFB11","greenyellow"
"gene-UBA1|UBA1","turquoise"
"gene-LOC115492105|LOC115492105","yellow"
"gene-VMA22|VMA22","darkred"
"gene-IMP4|IMP4","yellow"
"gene-PTPN18|PTPN18","green"
"gene-LOC115492054|LOC115492054","orange"
"gene-CXXC1|CXXC1","magenta"
"gene-LOC115491942|LOC115491942","pink"
"gene-ABT1|ABT1","darkred"
"gene-ZWINT|ZWINT","lightcyan1"
"gene-LOC115492167|LOC115492167","darkturquoise"
"gene-TSR2|TSR2","magenta"
"gene-WNK3|WNK3","royalblue"
"gene-GNL3L|GNL3L","black"
"gene-PHF8|PHF8","yellow"
"gene-HUWE1|HUWE1","darkturquoise"
"gene-SLC3A2|SLC3A2","midnightblue"
"gene-SART1|SART1","tan"
"gene-EIF1AD|EIF1AD","black"
"gene-PACS1|PACS1","green"
"gene-SF3B2|SF3B2","brown"
"gene-CNIH2|CNIH2","greenyellow"
"gene-BBS1|BBS1","tan"
"gene-LOC140680229|LOC140680229","magenta"
"gene-LOC140681027|LOC140681027","magenta"
"gene-LOC140681138|LOC140681138","steelblue"
"gene-LOC140681140|LOC140681140","blue"
"gene-LOC140681141|LOC140681141","blue"
"gene-WDR74|WDR74","black"
"gene-TAF6L|TAF6L","turquoise"
"gene-TUT1|TUT1","yellow"
"gene-MTA2|MTA2","turquoise"
"gene-EML3|EML3","lightyellow"
"gene-ZBTB3|ZBTB3","magenta"
"gene-RCE1|RCE1","grey"
"gene-SPTBN2|SPTBN2","yellow"
"gene-B3GAT3|B3GAT3","blue"
"gene-GANAB|GANAB","turquoise"
"gene-ZNRD2|ZNRD2","orangered4"
"gene-LOC121468423|LOC121468423","brown"
"gene-LOC121468419|LOC121468419","brown"
"gene-CCS|CCS","black"
"gene-LOC140681025|LOC140681025","darkseagreen4"
"gene-TRPT1|TRPT1","magenta"
"gene-SCYL1|SCYL1","magenta"
"gene-FRMD8|FRMD8","black"
"gene-NRXN2|NRXN2","orangered4"
"gene-RASGRP2|RASGRP2","yellow"
"gene-LOC140681079|LOC140681079","darkmagenta"
"gene-PYGM|PYGM","plum2"
"gene-SF1|SF1","blue"
"gene-MEN1|MEN1","lightgreen"
"gene-LTBP3|LTBP3","blue"
"gene-LOC140681086|LOC140681086","blue"
"gene-MAP3K11|MAP3K11","blue"
"gene-LOC121468418|LOC121468418","grey"
"gene-PQBP1|PQBP1","yellowgreen"
"gene-LOC115491955|LOC115491955","bisque4"
"gene-GATA1|GATA1","green"
"gene-CDK20|CDK20","yellow"
"gene-FTSJ1|FTSJ1","blue"
"gene-PLP2|PLP2","blue"
"gene-GPKOW|GPKOW","brown4"
"gene-WDR45|WDR45","brown"
"gene-HDAC6|HDAC6","blue"
"gene-SPATA16|SPATA16","pink"
"gene-IKBKG|IKBKG","darkslateblue"
"gene-PORCN|PORCN","grey"
"gene-SLC35A2|SLC35A2","turquoise"
"gene-LOC121468446|LOC121468446","yellowgreen"
"gene-LOC115492083|LOC115492083","turquoise"
"gene-G6PD|G6PD","green"
"gene-LOC115492069|LOC115492069","red"
"gene-FAM3A|FAM3A","magenta"
"gene-UBL4A|UBL4A","yellowgreen"
"gene-FAM50A|FAM50A","yellow"
"gene-ATP6AP1|ATP6AP1","turquoise"
"gene-LOC121468392|LOC121468392","darkturquoise"
"gene-SIPA1|SIPA1","green"
"gene-LOC140681046|LOC140681046","green"
"gene-DPF2|DPF2","salmon"
"gene-LOC115491968|LOC115491968","salmon"
"gene-LOC140681077|LOC140681077","blue"
"gene-SYVN1|SYVN1","midnightblue"
"gene-CDC42EP2|CDC42EP2","bisque4"
"gene-STIP1|STIP1","salmon"
"gene-LOC140681031|LOC140681031","lightsteelblue1"
"gene-OTUB1|OTUB1","sienna3"
"gene-LOC140681136|LOC140681136","steelblue"
"gene-LOC121468475|LOC121468475","blue"
"gene-FAU|FAU","magenta"
"gene-MRPL49|MRPL49","yellowgreen"
"gene-LOC115492180|LOC115492180","tan"
"gene-CAPN1|CAPN1","orangered4"
"gene-POLA2|POLA2","purple"
"gene-RELA|RELA","midnightblue"
"gene-DRAP1|DRAP1","blue"
"gene-KAT5|KAT5","red"
"gene-RNASEH2C|RNASEH2C","greenyellow"
"gene-LOC140681047|LOC140681047","salmon"
"gene-BAD|BAD","black"
"gene-MRPL11|MRPL11","saddlebrown"
"gene-FKBP2|FKBP2","magenta"
"gene-PPP1R14B|PPP1R14B","paleturquoise"
"gene-LOC121468463|LOC121468463","grey"
"gene-ARL2|ARL2","yellowgreen"
"gene-FIBP|FIBP","grey"
"gene-ATG2A|ATG2A","black"
"gene-RTN3|RTN3","turquoise"
"gene-LOC140681076|LOC140681076","plum1"
"gene-OVOL1|OVOL1","lightyellow"
"gene-PC|PC","turquoise"
"gene-LOC121468425|LOC121468425","lightcyan"
"gene-MARK2|MARK2","turquoise"
"gene-NAA40|NAA40","paleturquoise"
"gene-STX5|STX5","brown"
"gene-NXF1|NXF1","darkred"
"gene-TMEM223|TMEM223","magenta"
"gene-HNRNPUL2|HNRNPUL2","sienna3"
"gene-GNG3|GNG3","orange"
"gene-BSCL2|BSCL2","blue"
"gene-DMAC1|DMAC1","magenta"
"gene-LOC115492207|LOC115492207","magenta"
"gene-INTS5|INTS5","magenta"
"gene-POLR2G|POLR2G","magenta"
"gene-EEF1G|EEF1G","sienna3"
"gene-AHNAK|AHNAK","darkslateblue"
"gene-B4GAT1|B4GAT1","turquoise"
"gene-ZFPL1|ZFPL1","red"
"gene-TM7SF2|TM7SF2","blue"
"gene-ZNHIT2|ZNHIT2","green"
"gene-LOC121468903|LOC121468903","green"
"gene-LOC140681096|LOC140681096","grey60"
"gene-LOC121469088|LOC121469088","grey60"
"gene-LOC121469095|LOC121469095","midnightblue"
"gene-LOC121469067|LOC121469067","yellowgreen"
"gene-LOC140681048|LOC140681048","midnightblue"
"gene-LOC140681122|LOC140681122","yellowgreen"
"gene-LOC140681124|LOC140681124","lightcyan"
"gene-LOC140681106|LOC140681106","greenyellow"
"gene-LOC140681060|LOC140681060","royalblue"
"gene-LOC140681104|LOC140681104","midnightblue"
"gene-LOC116807591|LOC116807591","yellowgreen"
"gene-LOC140681119|LOC140681119","lightcyan"
"gene-LOC140681034|LOC140681034","lightcyan"
"gene-LOC140681035|LOC140681035","grey60"
"gene-LOC140681115|LOC140681115","lightcyan"
"gene-LOC140681038|LOC140681038","lightcyan"
"gene-LOC140681099|LOC140681099","lightcyan"
"gene-LOC140681039|LOC140681039","lightcyan"
"gene-LOC140681041|LOC140681041","darkmagenta"
"gene-LOC140681107|LOC140681107","grey60"
"gene-LOC140681108|LOC140681108","red"
"gene-LOC140681102|LOC140681102","steelblue"
"gene-LOC140681049|LOC140681049","grey"
"gene-LOC121468923|LOC121468923","midnightblue"
"gene-LOC140681087|LOC140681087","skyblue"
"gene-LOC140681103|LOC140681103","tan"
"gene-LOC140681051|LOC140681051","lightcyan"
"gene-LOC115493220|LOC115493220","lightcyan"
"gene-LOC140681125|LOC140681125","lightcyan"
"gene-LOC140681118|LOC140681118","lightcyan"
"gene-LOC140681056|LOC140681056","lightcyan"
"gene-LOC140681058|LOC140681058","lightcyan"
"gene-LOC140681110|LOC140681110","tan"
"gene-LOC140681094|LOC140681094","lightcyan"
"gene-LOC140681061|LOC140681061","lightcyan"
"gene-LOC140681120|LOC140681120","lightcyan"
"gene-LOC140681064|LOC140681064","lightcyan"
"gene-LOC140681097|LOC140681097","lightcyan"
"gene-LOC140681065|LOC140681065","lightcyan"
"gene-LOC140681109|LOC140681109","lightcyan"
"gene-LOC115492553|LOC115492553","lightcyan"
"gene-LOC140681069|LOC140681069","lightcyan"
"gene-LOC140681127|LOC140681127","lightcyan"
"gene-LOC140681111|LOC140681111","lightcyan"
"gene-LOC140680258|LOC140680258","lightcyan"
"gene-LOC140681116|LOC140681116","thistle1"
"gene-LOC140681072|LOC140681072","lightcyan"
"gene-LOC140681088|LOC140681088","lightcyan"
"gene-LOC140680257|LOC140680257","lightcyan"
"gene-LOC140681121|LOC140681121","red"
"gene-LOC116808623|LOC116808623","paleturquoise"
"gene-LOC140681093|LOC140681093","purple"
"gene-LOC140681148|LOC140681148","lightyellow"
"gene-LOC140681149|LOC140681149","lightyellow"
"gene-SPAG7|SPAG7","darkred"
"gene-PSMB6|PSMB6","magenta"
"gene-SLC25A11|SLC25A11","brown"
"gene-LOC121468501|LOC121468501","darkorange"
"gene-PFN1|PFN1","magenta"
"gene-LOC121468512|LOC121468512","blue"
"gene-CAMTA2|CAMTA2","grey"
"gene-KIF1C|KIF1C","darkgrey"
"gene-PCOLCE|PCOLCE","blue"
"gene-LRCH4|LRCH4","black"
"gene-LOC115492699|LOC115492699","blue"
"gene-LOC121468481|LOC121468481","magenta"
"gene-LOC115492733|LOC115492733","turquoise"
"gene-MEPCE|MEPCE","magenta"
"gene-ACTL6B|ACTL6B","purple"
"gene-POP7|POP7","grey"
"gene-TFR2|TFR2","lightpink4"
"gene-EPHB4|EPHB4","mediumpurple3"
"gene-TMEM256|TMEM256","white"
"gene-NLGN2|NLGN2","darkgrey"
"gene-SRRT|SRRT","blue"
"gene-AP4M1|AP4M1","darkorange2"
"gene-ACHE|ACHE","grey"
"gene-FGF11|FGF11","turquoise"
"gene-CHRNB1|CHRNB1","lightcyan"
"gene-SENP3|SENP3","turquoise"
"gene-EIF4A1|EIF4A1","yellow"
"gene-GAL3ST4|GAL3ST4","blue"
"gene-LOC121468487|LOC121468487","darkorange2"
"gene-MCM7|MCM7","grey"
"gene-LOC140681175|LOC140681175","mediumpurple3"
"gene-COPS6|COPS6","turquoise"
"gene-AP1S1|AP1S1","magenta"
"gene-BACC1|BACC1","magenta"
"gene-RNASEK|RNASEK","magenta"
"gene-SLC2A4|SLC2A4","black"
"gene-EIF5A|EIF5A","magenta"
"gene-ACADVL|ACADVL","turquoise"
"gene-ACAP1|ACAP1","green"
"gene-LOC140681184|LOC140681184","salmon"
"gene-DLG4|DLG4","white"
"gene-GPS2|GPS2","sienna3"
"gene-NEURL4|NEURL4","darkorange2"
"gene-TP53|TP53","darkorange"
"gene-ATP1B2|ATP1B2","cyan"
"gene-ZBTB4|ZBTB4","pink"
"gene-POLR2A|POLR2A","darkturquoise"
"gene-WRAP53|WRAP53","yellow"
"gene-EFNB3|EFNB3","yellow"
"gene-LOC140681151|LOC140681151","yellow"
"gene-LOC140681185|LOC140681185","green"
"gene-KDM6B|KDM6B","purple"
"gene-NAA38|NAA38","brown"
"gene-CHD3|CHD3","turquoise"
"gene-LAMTOR4|LAMTOR4","magenta"
"gene-TRAPPC14|TRAPPC14","orangered4"
"gene-MPDU1|MPDU1","sienna3"
"gene-PHF23|PHF23","grey"
"gene-GABARAP|GABARAP","magenta"
"gene-SNAPC2|SNAPC2","cyan"
"gene-PELP1|PELP1","magenta"
"gene-MED11|MED11","green"
"gene-LOC140681182|LOC140681182","cyan"
"gene-ELP5|ELP5","magenta"
"gene-CTDNEP1|CTDNEP1","turquoise"
"gene-MBLAC1|MBLAC1","tan"
"gene-TAF6|TAF6","turquoise"
"gene-TRAPPC1|TRAPPC1","purple"
"gene-GUCY2D|GUCY2D","royalblue"
"gene-VMO1|VMO1","turquoise"
"gene-LOC115492776|LOC115492776","pink"
"gene-ZNHIT1|ZNHIT1","turquoise"
"gene-PLOD3|PLOD3","darkmagenta"
"gene-VAMP2|VAMP2","greenyellow"
"gene-LOC100221316|LOC100221316","green"
"gene-LOC140681199|LOC140681199","lightcyan"
"gene-LOC140681197|LOC140681197","lightcyan"
"gene-LOC140681189|LOC140681189","grey"
"gene-LOC140681179|LOC140681179","lightgreen"
"gene-LOC100231824|LOC100231824","darkgreen"
"gene-LOC121468543|LOC121468543","darkolivegreen"
"gene-SYCP1|SYCP1","thistle1"
"gene-LOC121468542|LOC121468542","darkslateblue"
"gene-LOC140681183|LOC140681183","thistle1"
"gene-PFAS|PFAS","lightgreen"
"gene-LOC121468530|LOC121468530","royalblue"
"gene-LOC140681145|LOC140681145","red"
"gene-FIS1|FIS1","black"
"gene-LOC140681177|LOC140681177","purple"
"gene-LOC115492670|LOC115492670","midnightblue"
"gene-LOC140681146|LOC140681146","yellow"
"gene-LOC115490574|LOC115490574","grey60"
"gene-LOC140681187|LOC140681187","violet"
"gene-QPRT|QPRT","brown"
"gene-LOC140681174|LOC140681174","black"
"gene-LOC140681205|LOC140681205","lightyellow"
"gene-LOC140681168|LOC140681168","pink"
"gene-LOC100229817|LOC100229817","brown"
"gene-LOC121468546|LOC121468546","purple"
"gene-LOC115492664|LOC115492664","green"
"gene-LOC121468367|LOC121468367","turquoise"
"gene-LOC140681171|LOC140681171","purple"
"gene-LOC140681195|LOC140681195","lightcyan"
"gene-LOC140681203|LOC140681203","white"
"gene-LOC140681206|LOC140681206","lightcyan"
"gene-LOC140681170|LOC140681170","blue"
"gene-LOC140681161|LOC140681161","lightcyan"
"gene-LOC121468551|LOC121468551","lightcyan"
"gene-LOC140681194|LOC140681194","tan"
"gene-LOC140681172|LOC140681172","lightcyan"
"gene-LOC121468553|LOC121468553","floralwhite"
"gene-LOC140681143|LOC140681143","darkgreen"
"gene-LOC140681173|LOC140681173","blue"
"gene-LOC140681198|LOC140681198","darkgreen"
"gene-LOC140681204|LOC140681204","darkgreen"
"gene-LOC140681166|LOC140681166","darkgreen"
"gene-LOC115492346|LOC115492346","darkgreen"
"gene-LOC140681192|LOC140681192","lightcyan"
"gene-LOC116807110|LOC116807110","lightcyan"
"gene-LOC140681167|LOC140681167","darkgreen"
"gene-LOC140681193|LOC140681193","lightcyan"
"gene-LOC140681201|LOC140681201","lightcyan"
"gene-LOC140681200|LOC140681200","lightcyan"
"gene-LOC115498350|LOC115498350","yellow"
"gene-LOC115492350|LOC115492350","grey"
"gene-LOC140681190|LOC140681190","brown"
"gene-LOC121471140|LOC121471140","black"
"gene-CD79A|CD79A","green"
"gene-ATP1A3|ATP1A3","greenyellow"
"gene-ARHGEF1|ARHGEF1","tan"
"gene-ERFL|ERFL","blue"
"gene-RABAC1|RABAC1","skyblue"
"gene-GRIK5|GRIK5","brown4"
"gene-RPS19|RPS19","magenta"
"gene-ZNF574|ZNF574","lightyellow"
"gene-LOC121468582|LOC121468582","tan"
"gene-LOC121468580|LOC121468580","yellow"
"gene-DEDD2|DEDD2","blue"
"gene-ERF|ERF","blue"
"gene-CIC|CIC","steelblue"
"gene-LOC140681231|LOC140681231","yellow"
"gene-LOC121468593|LOC121468593","darkturquoise"
"gene-LOC140681232|LOC140681232","green"
"gene-LOC140681262|LOC140681262","darkturquoise"
"gene-LOC121468600|LOC121468600","green"
"gene-LOC121468577|LOC121468577","magenta"
"gene-ATP4A|ATP4A","blue"
"gene-HAMP|HAMP","pink"
"gene-TMEM145|TMEM145","grey"
"gene-CADM4|CADM4","darkturquoise"
"gene-LOC115492926|LOC115492926","blue"
"gene-ETHE1|ETHE1","magenta"
"gene-LOC140681256|LOC140681256","black"
"gene-XRCC1|XRCC1","paleturquoise"
"gene-SMG9|SMG9","grey"
"gene-PPP2R1A|PPP2R1A","brown"
"gene-ETFB|ETFB","turquoise"
"gene-LOC121468608|LOC121468608","darkolivegreen"
"gene-TMEM147|TMEM147","turquoise"
"gene-LSR|LSR","turquoise"
"gene-MAG|MAG","lightyellow"
"gene-USF2|USF2","magenta"
"gene-APOC2|APOC2","magenta"
"gene-MEGF8|MEGF8","yellow"
"gene-TOMM40|TOMM40","pink"
"gene-APOE|APOE","red"
"gene-LIPE|LIPE","darkturquoise"
"gene-PSMC4|PSMC4","magenta"
"gene-RBM42|RBM42","magenta"
"gene-TYROBP|TYROBP","magenta"
"gene-LOC140681254|LOC140681254","grey"
"gene-CTU1|CTU1","red"
"gene-LOC121468613|LOC121468613","turquoise"
"gene-SCN1B|SCN1B","turquoise"
"gene-BCL3|BCL3","blue"
"gene-NPHS1|NPHS1","bisque4"
"gene-LOC140681266|LOC140681266","black"
"gene-LOC115492965|LOC115492965","purple"
"gene-COX6B1|COX6B1","greenyellow"
"gene-FBL|FBL","yellowgreen"
"gene-HAUS5|HAUS5","black"
"gene-LIN37|LIN37","purple"
"gene-PSENEN|PSENEN","honeydew1"
"gene-LOC140681258|LOC140681258","saddlebrown"
"gene-LOC140681259|LOC140681259","greenyellow"
"gene-LOC140681269|LOC140681269","grey60"
"gene-LOC115496268|LOC115496268","grey"
"gene-LOC140681274|LOC140681274","yellow"
"gene-LOC116807137|LOC116807137","lightcyan"
"gene-LOC140680268|LOC140680268","lightcyan"
"gene-LOC140681226|LOC140681226","lightcyan"
"gene-LOC140681279|LOC140681279","lightcyan"
"gene-LOC140681239|LOC140681239","lightcyan"
"gene-LOC140680242|LOC140680242","brown"
"gene-LOC140681273|LOC140681273","white"
"gene-LOC140681245|LOC140681245","bisque4"
"gene-LOC115490885|LOC115490885","bisque4"
"gene-LOC140681276|LOC140681276","lightcyan"
"gene-LOC121469097|LOC121469097","blue"
"gene-LOC121468545|LOC121468545","tan"
"gene-LOC140681277|LOC140681277","lightcyan"
"gene-LOC140681229|LOC140681229","lightcyan"
"gene-LOC140681278|LOC140681278","lightcyan"
"gene-LOC140681252|LOC140681252","purple"
"gene-LOC140681265|LOC140681265","lightcyan"
"gene-LOC140681249|LOC140681249","lightcyan"
"gene-LOC140681267|LOC140681267","grey"
"gene-LOC140681263|LOC140681263","purple"
"gene-LOC140681260|LOC140681260","lightcyan"
"gene-LOC140681322|LOC140681322","lightcyan"
"gene-LOC140681323|LOC140681323","purple"
"gene-LOC140681319|LOC140681319","lightcyan"
"gene-LOC140681325|LOC140681325","lightcyan"
"gene-BLVRB|BLVRB","darkturquoise"
"gene-LOC121468646|LOC121468646","darkturquoise"
"gene-POLR2I|POLR2I","turquoise"
"gene-TBCB|TBCB","blue"
"gene-LOC105760323|LOC105760323","bisque4"
"gene-LOC115492993|LOC115492993","saddlebrown"
"gene-LOC121468633|LOC121468633","green"
"gene-RAB4B|RAB4B","darkseagreen4"
"gene-LOC121468955|LOC121468955","green"
"gene-LOC140681341|LOC140681341","lightcyan"
"gene-LOC140681349|LOC140681349","lightcyan"
"gene-LOC140681346|LOC140681346","lightcyan"
"gene-LOC140681338|LOC140681338","lightcyan"
"gene-LOC140681296|LOC140681296","lightcyan"
"gene-LOC140681299|LOC140681299","lightcyan"
"gene-LOC116807555|LOC116807555","lightcyan"
"gene-LOC140681335|LOC140681335","lightcyan"
"gene-LOC140681336|LOC140681336","black"
"gene-LOC140681343|LOC140681343","lightcyan"
"gene-LOC140681304|LOC140681304","lightcyan"
"gene-LOC140681350|LOC140681350","royalblue"
"gene-LOC140681307|LOC140681307","lightcyan"
"gene-LOC121468928|LOC121468928","royalblue"
"gene-LOC121468927|LOC121468927","lightyellow"
"gene-LOC121468922|LOC121468922","green"
"gene-LOC140681340|LOC140681340","lightcyan"
"gene-LOC140681309|LOC140681309","turquoise"
"gene-LOC100223636|LOC100223636","lightcyan"
"gene-LOC140681332|LOC140681332","midnightblue"
"gene-LOC140681313|LOC140681313","lightcyan"
"gene-LOC116807418|LOC116807418","lightcyan"
"gene-LOC140681342|LOC140681342","lightcyan"
"gene-COQ8B|COQ8B","darkorange"
"gene-LOC140681314|LOC140681314","navajowhite2"
"gene-CCDC97|CCDC97","grey"
"gene-ACTMAP|ACTMAP","white"
"gene-LOC121468667|LOC121468667","purple"
"gene-LOC140681334|LOC140681334","brown"
"gene-ZNF565|ZNF565","pink"
"gene-SPTBN4|SPTBN4","lightcyan1"
"gene-LOC140681347|LOC140681347","paleturquoise"
"gene-ARHGAP35|ARHGAP35","turquoise"
"gene-AP2S1|AP2S1","turquoise"
"gene-YIF1B|YIF1B","skyblue3"
"gene-LTBP4|LTBP4","lightyellow"
"gene-RELB|RELB","lightcyan1"
"gene-CLPTM1|CLPTM1","turquoise"
"gene-CLASRP|CLASRP","yellow"
"gene-GEMIN7|GEMIN7","black"
"gene-PPP1R37|PPP1R37","grey"
"gene-LOC140681287|LOC140681287","plum1"
"gene-ERCC1|ERCC1","grey"
"gene-POLR1G|POLR1G","grey"
"gene-PPP1R13L|PPP1R13L","yellow"
"gene-SNRPD2|SNRPD2","turquoise"
"gene-PPP5C|PPP5C","brown"
"gene-CLIP3|CLIP3","darkgreen"
"gene-CAPNS1|CAPNS1","blue"
"gene-DMPK|DMPK","lightyellow"
"gene-DMWD|DMWD","turquoise"
"gene-SYMPK|SYMPK","red"
"gene-STRN4|STRN4","lightyellow"
"gene-FKRP|FKRP","turquoise"
"gene-LOC140681320|LOC140681320","blue"
"gene-LOC140681321|LOC140681321","darkslateblue"
"gene-LOC115492889|LOC115492889","green"
"gene-C5AR1|C5AR1","blue"
"gene-LOC121468665|LOC121468665","palevioletred3"
"gene-CCDC9|CCDC9","lightcyan1"
"gene-SAE1|SAE1","red"
"gene-LOC115493143|LOC115493143","lightpink4"
"gene-KPTN|KPTN","black"
"gene-SLC8A2|SLC8A2","grey"
"gene-SPINT2|SPINT2","midnightblue"
"gene-LOC121468661|LOC121468661","plum2"
"gene-ERCC2|ERCC2","yellow"
"gene-EHD2|EHD2","grey"
"gene-LOC140681318|LOC140681318","salmon"
"gene-BICRA|BICRA","yellow"
"gene-ZC3H4|ZC3H4","purple"
"gene-LOC121468653|LOC121468653","darkturquoise"
"gene-C34H19orf47|C34H19orf47","lightyellow"
"gene-PLD3|PLD3","magenta"
"gene-RYR1|RYR1","plum2"
"gene-EIF3K|EIF3K","greenyellow"
"gene-ACTN4|ACTN4","floralwhite"
"gene-LGALS4|LGALS4","blue"
"gene-CRX|CRX","lightyellow"
"gene-LOC115493148|LOC115493148","greenyellow"
"gene-SELENOW|SELENOW","turquoise"
"gene-LOC115493145|LOC115493145","violet"
"gene-NOP53|NOP53","green"
"gene-PSMD8|PSMD8","brown"
"gene-HNRNPL|HNRNPL","turquoise"
"gene-MARK4|MARK4","lightpink4"
"gene-ECH1|ECH1","saddlebrown"
"gene-BCKDHA|BCKDHA","turquoise"
"gene-EXOC3L2|EXOC3L2","grey"
"gene-RTN2|RTN2","yellow"
"gene-VASP|VASP","green"
"gene-GIPR|GIPR","white"
"gene-OPA3|OPA3","brown"
"gene-FBXO46|FBXO46","greenyellow"
"gene-QPCTL|QPCTL","midnightblue"
"gene-DLL3|DLL3","darkorange2"
"gene-TIMM50|TIMM50","magenta"
"gene-LRFN1|LRFN1","brown4"
"gene-SUPT5H|SUPT5H","darkorange2"
"gene-MED29|MED29","cyan"
"gene-PAF1|PAF1","white"
"gene-SAMD4B|SAMD4B","blue"
"gene-PAK4|PAK4","tan"
"gene-SIRT2|SIRT2","grey"
"gene-LOC140681282|LOC140681282","grey"
"gene-MRPS12|MRPS12","magenta"
"gene-SARS2|SARS2","grey"
"gene-NFKBIB|NFKBIB","magenta"
"gene-LOC121469031|LOC121469031","grey"
"gene-LOC140681360|LOC140681360","lightyellow"
"gene-LOC140681361|LOC140681361","salmon"
"gene-LOC140681415|LOC140681415","mediumpurple3"
"gene-LOC140681414|LOC140681414","lightyellow"
"gene-LOC140681362|LOC140681362","lightyellow"
"gene-LOC121468710|LOC121468710","royalblue"
"gene-RPS5|RPS5","magenta"
"gene-GABBR1|GABBR1","mediumpurple3"
"gene-SH3BP5L|SH3BP5L","turquoise"
"gene-LOC121468689|LOC121468689","grey"
"gene-LOC121468711|LOC121468711","red"
"gene-IER3|IER3","black"
"gene-LOC121468728|LOC121468728","mediumpurple3"
"gene-PPP1R18|PPP1R18","darkgrey"
"gene-ABHD16A|ABHD16A","sienna3"
"gene-VARS1|VARS1","cyan"
"gene-LSM2|LSM2","turquoise"
"gene-LOC121468717|LOC121468717","brown"
"gene-PRRT1|PRRT1","salmon"
"gene-LOC115492257|LOC115492257","white"
"gene-RPP21|RPP21","magenta"
"gene-GNL1|GNL1","darkred"
"gene-ZBTB12|ZBTB12","pink"
"gene-EHMT2|EHMT2","darkorange2"
"gene-PPT2|PPT2","pink"
"gene-LOC121468716|LOC121468716","white"
"gene-LOC121468721|LOC121468721","greenyellow"
"gene-MGAT1|MGAT1","blue"
"gene-POLR1H|POLR1H","orangered4"
"gene-PPP1R11|PPP1R11","magenta"
"gene-ABCF1|ABCF1","purple"
"gene-PPP1R10|PPP1R10","salmon"
"gene-MRPS18B|MRPS18B","magenta"
"gene-ATAT1|ATAT1","yellow"
"gene-C35H6orf136|C35H6orf136","brown"
"gene-DHX16|DHX16","white"
"gene-GTF2H4|GTF2H4","yellow"
"gene-VARS2|VARS2","black"
"gene-LOC140681385|LOC140681385","palevioletred3"
"gene-CFB|CFB","blue"
"gene-NELFE|NELFE","black"
"gene-SKIC2|SKIC2","darkorange"
"gene-WHR1|WHR1","steelblue"
"gene-NEU1|NEU1","midnightblue"
"gene-DDX39B|DDX39B","blue"
"gene-LOC140681383|LOC140681383","blue"
"gene-BAG6|BAG6","mediumpurple3"
"gene-PRRC2A|PRRC2A","lightyellow"
"gene-LOC140681363|LOC140681363","green"
"gene-GPANK1|GPANK1","blue"
"gene-CSNK2B|CSNK2B","sienna3"
"gene-LOC140681386|LOC140681386","ivory"
"gene-TRIM41|TRIM41","grey"
"gene-TRIM7|TRIM7","turquoise"
"gene-IL4I1|IL4I1","steelblue"
"gene-RACK1|RACK1","magenta"
"gene-LOC100229107|LOC100229107","red"
"gene-LOC100223408|LOC100223408","royalblue"
"gene-ZNF692|ZNF692","yellow"
"gene-LOC140681418|LOC140681418","salmon"
"gene-LOC115492234|LOC115492234","green"
"gene-LOC121468732|LOC121468732","green"
"gene-BRD2|BRD2","green"
"gene-LOC100227429|LOC100227429","green"
"gene-LOC140681412|LOC140681412","magenta"
"gene-LOC115493244|LOC115493244","green"
"gene-LOC121468742|LOC121468742","green"
"gene-LOC140681410|LOC140681410","green"
"gene-LOC140681411|LOC140681411","green"
"gene-LOC115493267|LOC115493267","green"
"gene-LOC140681409|LOC140681409","green"
"gene-LOC115493242|LOC115493242","green"
"gene-LOC121468062|LOC121468062","green"
"gene-LOC121468700|LOC121468700","green"
"gene-LOC121468701|LOC121468701","green"
"gene-LOC121468750|LOC121468750","green"
"gene-SLC39A7|SLC39A7","royalblue"
"gene-RXRB|RXRB","turquoise"
"gene-WDR46|WDR46","yellow"
"gene-B3GALT4|B3GALT4","pink"
"gene-VPS52|VPS52","navajowhite2"
"gene-RPS18|RPS18","magenta"
"gene-RING1|RING1","turquoise"
"gene-PFDN6|PFDN6","sienna3"
"gene-LOC140681417|LOC140681417","magenta"
"gene-LOC140681370|LOC140681370","honeydew1"
"gene-LOC140681400|LOC140681400","yellow"
"gene-LOC140680264|LOC140680264","red"
"gene-LOC140681407|LOC140681407","red"
"gene-LOC140681423|LOC140681423","black"
"gene-LOC140681408|LOC140681408","yellow"
"gene-LOC140681413|LOC140681413","darkturquoise"
"gene-LOC140681387|LOC140681387","grey"
"gene-LOC115492501|LOC115492501","darkorange2"
"gene-LOC116807180|LOC116807180","darkorange2"
"gene-LOC140681390|LOC140681390","yellow"
"gene-LOC140681421|LOC140681421","cyan"
"gene-LOC116807157|LOC116807157","grey"
"gene-LOC140681388|LOC140681388","brown"
"gene-LOC121468694|LOC121468694","grey"
"gene-LOC140681420|LOC140681420","skyblue"
"gene-LOC140681358|LOC140681358","cyan"
"gene-LOC140681398|LOC140681398","yellow"
"gene-LOC140680275|LOC140680275","saddlebrown"
"gene-LOC140681403|LOC140681403","yellow"
"gene-LOC140681402|LOC140681402","grey"
"gene-LOC140681399|LOC140681399","yellow"
"gene-LOC100220872|LOC100220872","yellow"
"gene-LOC115493087|LOC115493087","red"
"gene-LOC116807443|LOC116807443","black"
"gene-LOC100225145|LOC100225145","tan"
"gene-LOC115493093|LOC115493093","plum2"
"gene-LOC140681404|LOC140681404","yellow"
"gene-LOC115492499|LOC115492499","yellow"
"gene-LOC100224616|LOC100224616","pink"
"gene-PGLYRP2|PGLYRP2","lightgreen"
"gene-LOC115493074|LOC115493074","purple"
"gene-LOC115493103|LOC115493103","red"
"gene-LOC140681393|LOC140681393","saddlebrown"
"gene-LOC140680255|LOC140680255","plum2"
"gene-LOC115493101|LOC115493101","red"
"gene-FLOT1|FLOT1","purple"
"gene-LOC140681391|LOC140681391","green"
"gene-LOC100231469|LOC100231469","green"
"gene-LOC140681396|LOC140681396","darkorange"
"gene-LOC140681397|LOC140681397","darkorange"
"gene-TUBB|TUBB","brown"
"gene-LOC115493068|LOC115493068","darkmagenta"
"gene-LOC115493088|LOC115493088","yellow"
"gene-KIFC1|KIFC1","green"
"gene-LOC115493118|LOC115493118","yellow"
"gene-SYNGAP1|SYNGAP1","yellow"
"gene-LOC115493107|LOC115493107","palevioletred3"
"gene-LOC121468699|LOC121468699","lightgreen"
"gene-LOC121468673|LOC121468673","green"
"gene-LOC115493070|LOC115493070","black"
"gene-LOC115493072|LOC115493072","salmon"
"gene-LOC115493094|LOC115493094","blue"
"gene-LOC140681392|LOC140681392","green"
"gene-LOC115493119|LOC115493119","blue"
"gene-LOC121468677|LOC121468677","grey"
"gene-LOC101233827|LOC101233827","magenta"
"gene-LOC121468687|LOC121468687","yellow"
"gene-TAPBP|TAPBP","midnightblue"
"gene-LOC100220454|LOC100220454","red"
"gene-LOC140681501|LOC140681501","blue"
"gene-LOC140681479|LOC140681479","red"
"gene-TOX4|TOX4","yellow"
"gene-METTL3|METTL3","darkorange2"
"gene-LOC115493062|LOC115493062","thistle1"
"gene-PNP|PNP","lightgreen"
"gene-PIP4P1|PIP4P1","yellow"
"gene-APEX1|APEX1","blue"
"gene-OSGEP|OSGEP","grey"
"gene-TTC5|TTC5","black"
"gene-HNRNPC|HNRNPC","black"
"gene-SUPT16H|SUPT16H","darkorange2"
"gene-CHD8|CHD8","darkorange2"
"gene-LOC140681469|LOC140681469","darkturquoise"
"gene-LOC115493017|LOC115493017","lavenderblush3"
"gene-LOC121468771|LOC121468771","magenta"
"gene-LOC121468772|LOC121468772","darkgreen"
"gene-LOC140681499|LOC140681499","white"
"gene-DCAF11|DCAF11","yellow"
"gene-LOC121468794|LOC121468794","steelblue"
"gene-PABPN1|PABPN1","black"
"gene-ACIN1|ACIN1","black"
"gene-NGDN|NGDN","magenta"
"gene-PSMB5|PSMB5","magenta"
"gene-LOC121468796|LOC121468796","lightcyan"
"gene-REC8|REC8","green"
"gene-PRMT5|PRMT5","mediumpurple3"
"gene-OXA1L|OXA1L","turquoise"
"gene-RBM23|RBM23","paleturquoise"
"gene-LOC140681503|LOC140681503","lightyellow"
"gene-HAUS4|HAUS4","black"
"gene-MMP14|MMP14","steelblue"
"gene-LOC121468784|LOC121468784","brown"
"gene-LOC121468786|LOC121468786","darkmagenta"
"gene-LOC140681471|LOC140681471","darkturquoise"
"gene-IPO4|IPO4","lightyellow"
"gene-LOC121468783|LOC121468783","blue"
"gene-TGM1|TGM1","mediumpurple3"
"gene-RABGGTA|RABGGTA","lightyellow"
"gene-LOC140681472|LOC140681472","turquoise"
"gene-LOC101233579|LOC101233579","paleturquoise"
"gene-LOC116807533|LOC116807533","cyan"
"gene-LOC121468988|LOC121468988","darkolivegreen"
"gene-LOC140681433|LOC140681433","cyan"
"gene-LOC140681434|LOC140681434","white"
"gene-LOC105759916|LOC105759916","cyan"
"gene-LOC140681480|LOC140681480","cyan"
"gene-LOC140681496|LOC140681496","blue"
"gene-LOC140681497|LOC140681497","lightcyan"
"gene-LOC140681498|LOC140681498","yellow"
"gene-LOC140681481|LOC140681481","paleturquoise"
"gene-LOC140681492|LOC140681492","yellow"
"gene-LOC140681477|LOC140681477","lightcyan"
"gene-LOC121468831|LOC121468831","blue"
"gene-FLT3LG|FLT3LG","green"
"gene-BAX|BAX","darkorange"
"gene-CD37|CD37","green"
"gene-KASH5|KASH5","darkorange"
"gene-ALDH16A1|ALDH16A1","white"
"gene-PIH1D1|PIH1D1","magenta"
"gene-SLC17A7|SLC17A7","salmon4"
"gene-RPL13A|RPL13A","magenta"
"gene-DHDH|DHDH","black"
"gene-BCAT2|BCAT2","darkgreen"
"gene-RASIP1|RASIP1","steelblue"
"gene-IZUMO1|IZUMO1","greenyellow"
"gene-ISOC2|ISOC2","magenta"
"gene-SHISA7|SHISA7","ivory"
"gene-UBE2S|UBE2S","turquoise"
"gene-RCVRN|RCVRN","blue"
"gene-RPL18|RPL18","magenta"
"gene-DBP|DBP","lightsteelblue1"
"gene-ZNF865|ZNF865","grey"
"gene-U2AF2|U2AF2","yellowgreen"
"gene-LENG8|LENG8","yellow"
"gene-PPP1R12C|PPP1R12C","black"
"gene-TNNT1|TNNT1","yellow"
"gene-KMT5C|KMT5C","grey"
"gene-HSPBP1|HSPBP1","sienna3"
"gene-TNNI3|TNNI3","lightcyan"
"gene-LOC121468874|LOC121468874","lightyellow"
"gene-PRMT1|PRMT1","turquoise"
"gene-LOC115491844|LOC115491844","purple"
"gene-LOC115491548|LOC115491548","grey"
"gene-RPS9|RPS9","magenta"
"gene-LOC121468880|LOC121468880","blue"
"gene-CYTH2|CYTH2","grey"
"gene-PRKCG|PRKCG","grey"
"gene-LOC121468872|LOC121468872","darkgreen"
"gene-LOC121468871|LOC121468871","blue"
"gene-NDUFA3|NDUFA3","magenta"
"gene-TFPT|TFPT","magenta"
"gene-LOC121468851|LOC121468851","blue"
"gene-PRPF31|PRPF31","yellow"
"gene-CNOT3|CNOT3","thistle2"
"gene-LENG1|LENG1","royalblue"
"gene-MBOAT7|MBOAT7","lavenderblush3"
"gene-TSEN34|TSEN34","magenta"
"gene-GRWD1|GRWD1","grey"
"gene-RPL28|RPL28","magenta"
"gene-FUZ|FUZ","bisque4"
"gene-MED25|MED25","green"
"gene-LOC121468853|LOC121468853","green"
"gene-LOC115491814|LOC115491814","pink"
"gene-LOC115491543|LOC115491543","navajowhite2"
"gene-LOC115491734|LOC115491734","red"
"gene-LOC121468878|LOC121468878","salmon"
"gene-GYS1|GYS1","purple"
"gene-PNKP|PNKP","lightcyan1"
"gene-RUVBL2|RUVBL2","paleturquoise"
"gene-LIN7B|LIN7B","yellowgreen"
"gene-SNRNP70|SNRNP70","black"
"gene-LOC140681601|LOC140681601","grey"
"gene-LOC140681600|LOC140681600","darkorange2"
"gene-JOSD2|JOSD2","darkgrey"
"gene-LOC115491738|LOC115491738","purple"
"gene-LOC121468820|LOC121468820","darkmagenta"
"gene-LOC115491524|LOC115491524","green"
"gene-LOC140681615|LOC140681615","darkorange"
"gene-MYBPC2|MYBPC2","plum2"
"gene-LOC121468800|LOC121468800","darkorange"
"gene-LOC121468802|LOC121468802","purple"
"gene-LRRC4B|LRRC4B","turquoise"
"gene-PPFIA3|PPFIA3","royalblue"
"gene-SCAF1|SCAF1","darkorange"
"gene-PRR12|PRR12","darkturquoise"
"gene-NOSIP|NOSIP","sienna3"
"gene-AKT1S1|AKT1S1","mediumpurple3"
"gene-SHANK1|SHANK1","blue"
"gene-LOC121468803|LOC121468803","salmon"
"gene-SYT3|SYT3","grey"
"gene-ASPDH|ASPDH","magenta"
"gene-SLC27A5|SLC27A5","magenta"
"gene-TRIM28|TRIM28","yellow"
"gene-LOC115491788|LOC115491788","magenta"
"gene-ZBTB45|ZBTB45","grey"
"gene-UBE2M|UBE2M","turquoise"
"gene-CHMP2A|CHMP2A","lightpink4"
"gene-LOC115491769|LOC115491769","grey"
"gene-LOC115491526|LOC115491526","green"
"gene-LOC140681544|LOC140681544","skyblue"
"gene-LOC140681585|LOC140681585","purple"
"gene-LOC140681545|LOC140681545","bisque4"
"gene-LOC140681618|LOC140681618","bisque4"
"gene-LOC101233471|LOC101233471","thistle2"
"gene-LOC140681508|LOC140681508","bisque4"
"gene-LOC140681511|LOC140681511","navajowhite2"
"gene-LOC140681514|LOC140681514","bisque4"
"gene-LOC116807532|LOC116807532","turquoise"
"gene-LOC100222056|LOC100222056","darkolivegreen"
"gene-LOC140681580|LOC140681580","bisque4"
"gene-LOC140681522|LOC140681522","bisque4"
"gene-LOC116807614|LOC116807614","royalblue"
"gene-LOC140681570|LOC140681570","darkorange2"
"gene-LOC140681525|LOC140681525","green"
"gene-LOC140681567|LOC140681567","darkolivegreen"
"gene-LOC140681577|LOC140681577","darkorange2"
"gene-LOC140681597|LOC140681597","plum2"
"gene-LOC140681581|LOC140681581","grey"
"gene-LOC116806707|LOC116806707","bisque4"
"gene-LOC116807036|LOC116807036","bisque4"
"gene-LOC140681579|LOC140681579","orange"
"gene-LOC140681553|LOC140681553","bisque4"
"gene-LOC140681558|LOC140681558","bisque4"
"gene-LOC140681563|LOC140681563","red"
"gene-LOC140681562|LOC140681562","red"
"gene-LOC140681565|LOC140681565","lightcyan"
"gene-LOC140681636|LOC140681636","violet"
"gene-LOC121469083|LOC121469083","blue"
"gene-LOC140681661|LOC140681661","lightyellow"
"gene-LOC121469080|LOC121469080","violet"
"gene-LOC121469087|LOC121469087","blue"
"gene-LOC140681655|LOC140681655","lightyellow"
"gene-LOC115492525|LOC115492525","darkslateblue"
"gene-NOP10|NOP10","magenta"
"gene-LOC101233511|LOC101233511","navajowhite2"
"gene-LOC140681608|LOC140681608","white"
"gene-LOC116807118|LOC116807118","skyblue"
"gene-LOC140681536|LOC140681536","lightcyan"
"gene-LOC140681537|LOC140681537","grey"
"gene-LOC140681564|LOC140681564","plum1"
"gene-LOC140681566|LOC140681566","grey"
"gene-LOC140681609|LOC140681609","yellow"
"gene-LOC140681506|LOC140681506","plum2"
"gene-LOC100226943|LOC100226943","lightcyan"
"gene-LOC140680250|LOC140680250","lightcyan"
"gene-LOC140681598|LOC140681598","lightyellow"
"gene-LOC140681599|LOC140681599","violet"
"gene-LOC140681605|LOC140681605","purple"
"gene-LOC140681695|LOC140681695","grey60"
"gene-LOC140681755|LOC140681755","orangered4"
"gene-LOC140681757|LOC140681757","darkorange"
"gene-LOC140681756|LOC140681756","blue"
"gene-LOC140681748|LOC140681748","steelblue"
"gene-LOC140681744|LOC140681744","purple"
"gene-LOC140681743|LOC140681743","lightsteelblue1"
"gene-LOC140682029|LOC140682029","blue"
"gene-LOC140682027|LOC140682027","darkorange"
"gene-LOC140681870|LOC140681870","salmon"
"gene-LOC140681742|LOC140681742","lightsteelblue1"
"gene-LOC140682028|LOC140682028","lightsteelblue1"
"gene-LOC140681735|LOC140681735","lightsteelblue1"
"gene-LOC140681734|LOC140681734","lightsteelblue1"
"gene-LOC140682026|LOC140682026","lightsteelblue1"
"gene-LOC140681731|LOC140681731","lightsteelblue1"
"gene-LOC140681730|LOC140681730","lightsteelblue1"
"gene-LOC121469191|LOC121469191","lightsteelblue1"
"gene-LOC140681737|LOC140681737","lightsteelblue1"
"gene-LOC140681736|LOC140681736","lightsteelblue1"
"gene-LOC140681738|LOC140681738","lightsteelblue1"
"gene-LOC140681739|LOC140681739","lightsteelblue1"
"gene-LOC140681727|LOC140681727","lightsteelblue1"
"gene-LOC140681726|LOC140681726","yellow"
"gene-LOC140681741|LOC140681741","lightsteelblue1"
"gene-LOC140681740|LOC140681740","lightsteelblue1"
"gene-LOC140681750|LOC140681750","lightsteelblue1"
"gene-LOC140681749|LOC140681749","salmon"
"gene-LOC140681725|LOC140681725","lightsteelblue1"
"gene-LOC140681732|LOC140681732","lightsteelblue1"
"gene-LOC140681733|LOC140681733","yellow"
"gene-LOC140681746|LOC140681746","lightsteelblue1"
"gene-LOC140681745|LOC140681745","blue"
"gene-LOC140681747|LOC140681747","lightsteelblue1"
"gene-LOC115495652|LOC115495652","salmon"
"gene-LOC140681706|LOC140681706","white"
"gene-LOC100220399|LOC100220399","brown"
"gene-LOC140681729|LOC140681729","magenta"
"gene-SEC11C|SEC11C","black"
"gene-LOC121468166|LOC121468166","yellow"
"gene-LOC140681710|LOC140681710","purple"
"gene-LOC140681711|LOC140681711","black"
"gene-MIR122|MIR122","blue"
"gene-LOC116806603|LOC116806603","paleturquoise"
"gene-LOC140681828|LOC140681828","lightyellow"
"gene-LOC140680236|LOC140680236","grey"
"gene-NARS1|NARS1","turquoise"
"gene-LOC140681830|LOC140681830","pink"
"gene-LOC140681831|LOC140681831","grey60"
"gene-LOC140681724|LOC140681724","skyblue3"
"gene-LOC100218989|LOC100218989","brown"
"gene-LOC115491045|LOC115491045","blue"
"gene-LOC121468119|LOC121468119","maroon"
"gene-SMAD4|SMAD4","violet"
"gene-ELAC1|ELAC1","grey"
"gene-SKA1|SKA1","blue"
"gene-LOC115491142|LOC115491142","lightgreen"
"gene-MYO5B|MYO5B","yellowgreen"
"gene-CFAP53|CFAP53","lightcyan"
"gene-ME2|ME2","darkturquoise"
"gene-LOC140680220|LOC140680220","magenta"
"gene-LOC115491296|LOC115491296","blue"
"gene-LIPG|LIPG","blue"
"gene-ACAA2|ACAA2","grey"
"gene-LOC140682040|LOC140682040","lavenderblush3"
"gene-LOC100223824|LOC100223824","midnightblue"
"gene-LOC100229494|LOC100229494","lightcyan1"
"gene-RPL17|RPL17","darkred"
"gene-LOC115491295|LOC115491295","maroon"
"gene-LOC115491289|LOC115491289","grey"
"gene-CZH18orf32|CZH18orf32","brown"
"gene-DYM|DYM","turquoise"
"gene-SMAD7|SMAD7","lightcyan1"
"gene-CTIF|CTIF","turquoise"
"gene-ZBTB7C|ZBTB7C","turquoise"
"gene-SMAD2|SMAD2","yellow"
"gene-IER3IP1|IER3IP1","brown"
"gene-KATNAL2|KATNAL2","grey"
"gene-HDHD2|HDHD2","honeydew1"
"gene-PIAS2|PIAS2","red"
"gene-CHSY3|CHSY3","ivory"
"gene-ISOC1|ISOC1","saddlebrown"
"gene-SLC27A6|SLC27A6","darkseagreen4"
"gene-SLC44A1|SLC44A1","brown"
"gene-ABCA1|ABCA1","blue"
"gene-NIPSNAP3A|NIPSNAP3A","turquoise"
"gene-LOC100220878|LOC100220878","turquoise"
"gene-LPL|LPL","midnightblue"
"gene-LOC115491014|LOC115491014","turquoise"
"gene-NRG1|NRG1","midnightblue"
"gene-FUT10|FUT10","darkmagenta"
"gene-FNTA|FNTA","saddlebrown"
"gene-LOC100229438|LOC100229438","sienna3"
"gene-HOOK3|HOOK3","turquoise"
"gene-RNF170|RNF170","pink"
"gene-LOC100225683|LOC100225683","purple"
"gene-THAP1|THAP1","greenyellow"
"gene-IDUA|IDUA","turquoise"
"gene-SLC26A1|SLC26A1","grey"
"gene-ATP5ME|ATP5ME","greenyellow"
"gene-TMEM175|TMEM175","red"
"gene-GAK|GAK","turquoise"
"gene-PIGG|PIGG","turquoise"
"gene-TMEM271|TMEM271","grey"
"gene-LOC121468106|LOC121468106","tan"
"gene-SLC49A3|SLC49A3","purple"
"gene-PCGF3|PCGF3","grey"
"gene-CPLX1|CPLX1","turquoise"
"gene-GNE|GNE","turquoise"
"gene-CLTA|CLTA","greenyellow"
"gene-TRIM14|TRIM14","grey"
"gene-NANS|NANS","pink"
"gene-RNF38|RNF38","blue"
"gene-SHB|SHB","brown"
"gene-LNPEP|LNPEP","green"
"gene-LOC100221796|LOC100221796","darkorange"
"gene-LOC140681875|LOC140681875","orangered4"
"gene-LOC140681879|LOC140681879","purple"
"gene-LOC140681880|LOC140681880","darkturquoise"
"gene-HINT1|HINT1","magenta"
"gene-LYRM7|LYRM7","black"
"gene-LOC140681839|LOC140681839","steelblue"
"gene-CDC42SE2|CDC42SE2","darkolivegreen"
"gene-SPTLC1|SPTLC1","saddlebrown"
"gene-ROR2|ROR2","midnightblue"
"gene-NFIL3|NFIL3","lightgreen"
"gene-LOC140681754|LOC140681754","salmon"
"gene-AUH|AUH","brown"
"gene-LOC140681753|LOC140681753","orange"
"gene-LOC140681752|LOC140681752","darkorange"
"gene-LOC116806816|LOC116806816","salmon"
"gene-SYK|SYK","blue"
"gene-GADD45G|GADD45G","blue"
"gene-SEMA4D|SEMA4D","darkorange"
"gene-SECISBP2|SECISBP2","brown"
"gene-CKS2|CKS2","skyblue"
"gene-S1PR3|S1PR3","thistle2"
"gene-LOC140681886|LOC140681886","plum2"
"gene-SPIN1|SPIN1","skyblue"
"gene-MFSD14B|MFSD14B","purple"
"gene-LOC140681777|LOC140681777","blue"
"gene-CNTNAP4|CNTNAP4","midnightblue"
"gene-CDC14B|CDC14B","tan"
"gene-PRXL2C|PRXL2C","yellow"
"gene-LOC140681973|LOC140681973","red"
"gene-HABP4|HABP4","red"
"gene-ZNF367|ZNF367","grey"
"gene-SLC35D2|SLC35D2","lightcyan"
"gene-HSD17B3|HSD17B3","black"
"gene-ERCC6L2|ERCC6L2","turquoise"
"gene-PTCH1|PTCH1","blue"
"gene-FANCC|FANCC","darkred"
"gene-GAS1|GAS1","grey"
"gene-AOPEP|AOPEP","salmon"
"gene-DAPK1|DAPK1","salmon"
"gene-LOC140681874|LOC140681874","ivory"
"gene-LOC100222802|LOC100222802","red"
"gene-LOC100219012|LOC100219012","blue"
"gene-CTSL|CTSL","lightgreen"
"gene-TUT7|TUT7","red"
"gene-ISCA1|ISCA1","black"
"gene-SLC30A5|SLC30A5","red"
"gene-LOC140681800|LOC140681800","violet"
"gene-CENPH|CENPH","pink"
"gene-MRPS36|MRPS36","brown"
"gene-CDK7|CDK7","brown"
"gene-LOC140681978|LOC140681978","lightsteelblue1"
"gene-LOC140681905|LOC140681905","grey60"
"gene-LOC101233669|LOC101233669","lightyellow"
"gene-MAMDC2|MAMDC2","thistle1"
"gene-SMC5|SMC5","cyan"
"gene-KLF9|KLF9","brown"
"gene-TRPM3|TRPM3","coral1"
"gene-CEMIP2|CEMIP2","yellow"
"gene-ABHD17B|ABHD17B","brown"
"gene-CZH9orf85|CZH9orf85","darkred"
"gene-GDA|GDA","pink"
"gene-LOC140681684|LOC140681684","violet"
"gene-LOC121469086|LOC121469086","blue"
"gene-LOC121469084|LOC121469084","lightyellow"
"gene-LOC121469082|LOC121469082","violet"
"gene-LOC140681663|LOC140681663","blue"
"gene-LOC140681640|LOC140681640","lightyellow"
"gene-LOC140681622|LOC140681622","violet"
"gene-LOC140681665|LOC140681665","blue"
"gene-LOC140681657|LOC140681657","lightyellow"
"gene-LOC121469079|LOC121469079","violet"
"gene-LOC121469085|LOC121469085","blue"
"gene-LOC140681654|LOC140681654","lightyellow"
"gene-LOC140681623|LOC140681623","violet"
"gene-LOC140681666|LOC140681666","blue"
"gene-LOC140681659|LOC140681659","lightyellow"
"gene-LOC140681624|LOC140681624","violet"
"gene-LOC140681667|LOC140681667","blue"
"gene-LOC140681641|LOC140681641","lightyellow"
"gene-LOC140681625|LOC140681625","violet"
"gene-LOC140681668|LOC140681668","blue"
"gene-LOC140681642|LOC140681642","lightyellow"
"gene-LOC140681626|LOC140681626","violet"
"gene-LOC140681669|LOC140681669","blue"
"gene-LOC140681643|LOC140681643","lightyellow"
"gene-LOC140681627|LOC140681627","violet"
"gene-LOC140681670|LOC140681670","blue"
"gene-LOC140681649|LOC140681649","lightyellow"
"gene-LOC140681628|LOC140681628","violet"
"gene-LOC140681671|LOC140681671","blue"
"gene-LOC140681644|LOC140681644","lightyellow"
"gene-LOC140681629|LOC140681629","violet"
"gene-LOC140681672|LOC140681672","blue"
"gene-LOC140681645|LOC140681645","lightyellow"
"gene-LOC121469081|LOC121469081","violet"
"gene-LOC116807669|LOC116807669","blue"
"gene-LOC140681653|LOC140681653","lightyellow"
"gene-LOC140681630|LOC140681630","violet"
"gene-LOC140681674|LOC140681674","blue"
"gene-LOC140681658|LOC140681658","lightyellow"
"gene-LOC116807673|LOC116807673","violet"
"gene-LOC140681675|LOC140681675","blue"
"gene-LOC140681646|LOC140681646","lightyellow"
"gene-LOC140681631|LOC140681631","violet"
"gene-LOC140681676|LOC140681676","blue"
"gene-LOC140681656|LOC140681656","lightyellow"
"gene-LOC116807674|LOC116807674","violet"
"gene-LOC116807672|LOC116807672","blue"
"gene-LOC140681652|LOC140681652","lightyellow"
"gene-LOC140681632|LOC140681632","violet"
"gene-LOC140681677|LOC140681677","blue"
"gene-LOC140681660|LOC140681660","lightyellow"
"gene-LOC140681633|LOC140681633","violet"
"gene-LOC140681678|LOC140681678","blue"
"gene-LOC140681651|LOC140681651","lightyellow"
"gene-LOC140681634|LOC140681634","violet"
"gene-LOC140681679|LOC140681679","blue"
"gene-LOC140681639|LOC140681639","lightyellow"
"gene-LOC140681635|LOC140681635","violet"
"gene-LOC140681680|LOC140681680","blue"
"gene-LOC140681650|LOC140681650","lightyellow"
"gene-LOC140681637|LOC140681637","violet"
"gene-LOC140681681|LOC140681681","blue"
"gene-LOC140681648|LOC140681648","lightyellow"
"gene-LOC140681638|LOC140681638","violet"
"gene-LOC140681682|LOC140681682","blue"
"gene-LOC140681647|LOC140681647","lightyellow"
"gene-LOC116807675|LOC116807675","violet"
"gene-LOC140681683|LOC140681683","blue"
"gene-LOC116807671|LOC116807671","lightyellow"
"gene-ZFAND5|ZFAND5","sienna3"
"gene-TMC1|TMC1","lightgreen"
"gene-LOC140681767|LOC140681767","midnightblue"
"gene-ALDH1A1|ALDH1A1","blue"
"gene-ANXA1|ANXA1","green"
"gene-LOC140681884|LOC140681884","plum2"
"gene-RORB|RORB","plum2"
"gene-TRPM6|TRPM6","grey"
"gene-CZH9orf40|CZH9orf40","turquoise"
"gene-CARNMT1|CARNMT1","brown"
"gene-NMRK1|NMRK1","grey60"
"gene-OSTF1|OSTF1","turquoise"
"gene-PCSK5|PCSK5","turquoise"
"gene-ARSK|ARSK","turquoise"
"gene-SKIC3|SKIC3","palevioletred3"
"gene-LOC140681771|LOC140681771","lightcyan1"
"gene-SLF1|SLF1","black"
"gene-KIAA0825|KIAA0825","turquoise"
"gene-ARB2A|ARB2A","turquoise"
"gene-NR2F1|NR2F1","lightcyan1"
"gene-LOC140681769|LOC140681769","lightcyan1"
"gene-ARRDC3|ARRDC3","darkolivegreen"
"gene-ADGRV1|ADGRV1","darkgreen"
"gene-LYSMD3|LYSMD3","brown"
"gene-LOC115491272|LOC115491272","yellow"
"gene-MBLAC2|MBLAC2","brown"
"gene-CETN3|CETN3","cyan"
"gene-MEF2C|MEF2C","red"
"gene-LOC115491134|LOC115491134","lightcyan1"
"gene-TMEM161B|TMEM161B","brown"
"gene-LOC115491137|LOC115491137","darkolivegreen"
"gene-GRIN3A|GRIN3A","orange"
"gene-LOC121468094|LOC121468094","brown"
"gene-LOC140681946|LOC140681946","brown"
"gene-PGAP4|PGAP4","grey"
"gene-PLPPR1|PLPPR1","lightgreen"
"gene-LOC116808147|LOC116808147","lightsteelblue1"
"gene-RNF20|RNF20","pink"
"gene-LOC100227328|LOC100227328","greenyellow"
"gene-LOC100224449|LOC100224449","cyan"
"gene-LOC140681795|LOC140681795","steelblue"
"gene-LOC140681936|LOC140681936","blue"
"gene-LOC115491068|LOC115491068","salmon"
"gene-LOC121468190|LOC121468190","darkgreen"
"gene-LOC140681881|LOC140681881","orangered4"
"gene-LOC100219485|LOC100219485","orangered4"
"gene-LOC140681991|LOC140681991","darkgreen"
"gene-LOC140681992|LOC140681992","purple"
"gene-LOC140681774|LOC140681774","grey"
"gene-LOC140680263|LOC140680263","grey"
"gene-LOC140681854|LOC140681854","lightsteelblue1"
"gene-LOC140681993|LOC140681993","blue"
"gene-LOC140681865|LOC140681865","darkgreen"
"gene-FAM174A|FAM174A","blue"
"gene-LOC121468187|LOC121468187","yellow"
"gene-ST8SIA4|ST8SIA4","tan"
"gene-PAM|PAM","turquoise"
"gene-LOC140681770|LOC140681770","turquoise"
"gene-GIN1|GIN1","turquoise"
"gene-PPIP5K2|PPIP5K2","pink"
"gene-MACIR|MACIR","darkred"
"gene-NUDT12|NUDT12","blue"
"gene-LOC115491139|LOC115491139","darkturquoise"
"gene-EFNA5|EFNA5","yellow"
"gene-FBXL17|FBXL17","brown"
"gene-LOC140681758|LOC140681758","black"
"gene-FER|FER","orange"
"gene-PJA2|PJA2","grey"
"gene-LOC121468138|LOC121468138","yellow"
"gene-LOC140681888|LOC140681888","grey"
"gene-MAN2A1|MAN2A1","skyblue3"
"gene-SLC25A46|SLC25A46","yellow"
"gene-WDR36|WDR36","turquoise"
"gene-CAMK4|CAMK4","turquoise"
"gene-STARD4|STARD4","brown"
"gene-NREP|NREP","red"
"gene-LOC121468107|LOC121468107","yellow"
"gene-LOC140681968|LOC140681968","red"
"gene-EPB41L4A|EPB41L4A","red"
"gene-APC|APC","turquoise"
"gene-SRP19|SRP19","black"
"gene-REEP5|REEP5","pink"
"gene-DCP2|DCP2","paleturquoise"
"gene-MCC|MCC","antiquewhite4"
"gene-APBA1|APBA1","pink"
"gene-PTAR1|PTAR1","brown"
"gene-LOC115490988|LOC115490988","red"
"gene-RHOBTB3|RHOBTB3","darkturquoise"
"gene-RFESD|RFESD","blue"
"gene-LOC140681897|LOC140681897","green"
"gene-ZNF608|ZNF608","grey"
"gene-CSNK1G3|CSNK1G3","yellow"
"gene-CEP120|CEP120","black"
"gene-PRDM6|PRDM6","blue"
"gene-PPIC|PPIC","blue"
"gene-SNX24|SNX24","blue"
"gene-SNX2|SNX2","blue"
"gene-SNCAIP|SNCAIP","black"
"gene-SRFBP1|SRFBP1","brown"
"gene-LOX|LOX","blue"
"gene-PRR16|PRR16","plum1"
"gene-HSD17B4|HSD17B4","brown"
"gene-TNFAIP8|TNFAIP8","tan"
"gene-LOC116806810|LOC116806810","antiquewhite4"
"gene-DMXL1|DMXL1","blue"
"gene-DTWD2|DTWD2","red"
"gene-SEMA6A|SEMA6A","darkslateblue"
"gene-COMMD10|COMMD10","orange"
"gene-LOC140681871|LOC140681871","green"
"gene-LOC140681892|LOC140681892","blue"
"gene-ARL14EPL|ARL14EPL","mediumpurple3"
"gene-LVRN|LVRN","darkolivegreen"
"gene-AP3S1|AP3S1","greenyellow"
"gene-ATG12|ATG12","greenyellow"
"gene-CDO1|CDO1","lightpink4"
"gene-LOC115491133|LOC115491133","blue"
"gene-TMED7|TMED7","turquoise"
"gene-LSM5|LSM5","sienna3"
"gene-LOC115491083|LOC115491083","blue"
"gene-CCNH|CCNH","black"
"gene-RASA1|RASA1","red"
"gene-LOC140681838|LOC140681838","steelblue"
"gene-LOC115490992|LOC115490992","darkmagenta"
"gene-RGMB|RGMB","red"
"gene-CHD1|CHD1","black"
"gene-LOC105760834|LOC105760834","black"
"gene-RIOK2|RIOK2","midnightblue"
"gene-LOC100227710|LOC100227710","yellow"
"gene-LOC115491113|LOC115491113","darkgreen"
"gene-LOC115491103|LOC115491103","blue"
"gene-PALM2AKAP2|PALM2AKAP2","pink"
"gene-SLC46A2|SLC46A2","blue"
"gene-SNX30|SNX30","pink"
"gene-INIP|INIP","sienna3"
"gene-LOC115490942|LOC115490942","violet"
"gene-KIAA1958|KIAA1958","red"
"gene-LOC105760829|LOC105760829","pink"
"gene-HSDL2|HSDL2","greenyellow"
"gene-LOC115491011|LOC115491011","yellow"
"gene-PTBP3|PTBP3","palevioletred3"
"gene-SUSD1|SUSD1","grey"
"gene-UGCG|UGCG","brown"
"gene-GNG10|GNG10","blue"
"gene-DNAJC25|DNAJC25","brown"
"gene-PTGR1|PTGR1","blue"
"gene-ECPAS|ECPAS","red"
"gene-SMC2|SMC2","cyan"
"gene-TXN|TXN","magenta"
"gene-SVEP1|SVEP1","grey"
"gene-LPAR1|LPAR1","brown4"
"gene-LOC140681995|LOC140681995","pink"
"gene-TOPORS|TOPORS","turquoise"
"gene-GRAMD2B|GRAMD2B","lightcyan1"
"gene-LOC140681722|LOC140681722","steelblue"
"gene-ALDH7A1|ALDH7A1","pink"
"gene-LOC140681933|LOC140681933","yellow"
"gene-LOC140681688|LOC140681688","brown"
"gene-LOC140681932|LOC140681932","pink"
"gene-LOC140681787|LOC140681787","pink"
"gene-LOC140681934|LOC140681934","pink"
"gene-FEM1C|FEM1C","turquoise"
"gene-LOC140681904|LOC140681904","floralwhite"
"gene-LOC115490934|LOC115490934","darkred"
"gene-CCDC112|CCDC112","turquoise"
"gene-PGGT1B|PGGT1B","thistle2"
"gene-TRIM36|TRIM36","blue"
"gene-KCNN2|KCNN2","skyblue"
"gene-LOC140681840|LOC140681840","black"
"gene-LOC121468179|LOC121468179","lightsteelblue1"
"gene-YTHDC2|YTHDC2","yellow"
"gene-LOC115491124|LOC115491124","lightyellow"
"gene-LOC140681900|LOC140681900","yellow"
"gene-ELAVL2|ELAVL2","tan"
"gene-LOC121468217|LOC121468217","skyblue"
"gene-TUSC1|TUSC1","greenyellow"
"gene-LOC101233072|LOC101233072","grey"
"gene-CAAP1|CAAP1","turquoise"
"gene-PLAA|PLAA","red"
"gene-LOC140681783|LOC140681783","black"
"gene-IFT74|IFT74","black"
"gene-LRRC19|LRRC19","brown"
"gene-TEK|TEK","darkgrey"
"gene-LOC121468144|LOC121468144","violet"
"gene-LOC115491242|LOC115491242","purple"
"gene-LOC115491125|LOC115491125","black"
"gene-C9orf72|C9orf72","purple"
"gene-LOC121468093|LOC121468093","orangered4"
"gene-CORO2A|CORO2A","brown"
"gene-TBC1D2|TBC1D2","cyan"
"gene-LOC121468111|LOC121468111","grey"
"gene-ELP1|ELP1","turquoise"
"gene-APTX|APTX","blue"
"gene-DNAJA1|DNAJA1","blue"
"gene-SMU1|SMU1","brown"
"gene-B4GALT1|B4GALT1","turquoise"
"gene-HEMGN|HEMGN","green"
"gene-FOXE1|FOXE1","turquoise"
"gene-XPA|XPA","red"
"gene-MIR2954|MIR2954","salmon"
"gene-TSTD2|TSTD2","red"
"gene-TMOD1|TMOD1","blue"
"gene-TDRD7|TDRD7","brown"
"gene-NCBP1|NCBP1","turquoise"
"gene-DGKQ|DGKQ","ivory"
"gene-LOC140681954|LOC140681954","ivory"
"gene-ACO1|ACO1","red"
"gene-RIGI|RIGI","purple"
"gene-LOC100217918|LOC100217918","purple"
"gene-LOC100218902|LOC100218902","green"
"gene-MTAP|MTAP","darkgreen"
"gene-MCCC2|MCCC2","brown"
"gene-BDP1|BDP1","red"
"gene-SERF1A|SERF1A","sienna3"
"gene-SMN1|SMN1","darkred"
"gene-GTF2H2|GTF2H2","darkgreen"
"gene-LOC115490980|LOC115490980","brown"
"gene-MARVELD2|MARVELD2","turquoise"
"gene-ARK2C|ARK2C","yellow"
"gene-ARK2N|ARK2N","turquoise"
"gene-HAUS1|HAUS1","grey"
"gene-ATP5F1A|ATP5F1A","brown"
"gene-PSTPIP2|PSTPIP2","green"
"gene-EPG5|EPG5","darkmagenta"
"gene-SIGLEC15|SIGLEC15","darkred"
"gene-LOC140681961|LOC140681961","brown"
"gene-SETBP1|SETBP1","yellow"
"gene-LOC115491138|LOC115491138","red"
"gene-LOC140681957|LOC140681957","green"
"gene-LOC121468156|LOC121468156","red"
"gene-SYT4|SYT4","red"
"gene-RIT2|RIT2","thistle2"
"gene-LOC116806848|LOC116806848","lightyellow"
"gene-PIK3C3|PIK3C3","brown"
"gene-KIAA1328|KIAA1328","lightgreen"
"gene-TPGS2|TPGS2","yellow"
"gene-LOC100226213|LOC100226213","blue"
"gene-LOC100228082|LOC100228082","green"
"gene-NOL6|NOL6","red"
"gene-UBE2R2|UBE2R2","turquoise"
"gene-UBAP2|UBAP2","tan"
"gene-DCAF12|DCAF12","brown"
"gene-LOC140681716|LOC140681716","blue"
"gene-LOC140681714|LOC140681714","grey"
"gene-LOC140681717|LOC140681717","blue"
"gene-LOC115491043|LOC115491043","blue"
"gene-LOC115491042|LOC115491042","blue"
"gene-LOC105760863|LOC105760863","blue"
"gene-UBAP1|UBAP1","coral1"
"gene-KIF24|KIF24","plum1"
"gene-NUDT2|NUDT2","yellow"
"gene-LOC105760850|LOC105760850","lightcyan"
"gene-MYORG|MYORG","salmon"
"gene-LOC115490997|LOC115490997","pink"
"gene-FAM219A|FAM219A","turquoise"
"gene-DNAI1|DNAI1","green"
"gene-ENHO|ENHO","lightgreen"
"gene-RPP25L|RPP25L","darkred"
"gene-DCTN3|DCTN3","greenyellow"
"gene-ARID3C|ARID3C","blue"
"gene-GALT|GALT","red"
"gene-SIGMAR1|SIGMAR1","turquoise"
"gene-CNTFR|CNTFR","red"
"gene-IL11RA|IL11RA","lightgreen"
"gene-CCL19|CCL19","purple"
"gene-PHF24|PHF24","orange"
"gene-CCL21|CCL21","purple"
"gene-DNAJB5|DNAJB5","blue"
"gene-VCP|VCP","turquoise"
"gene-FANCG|FANCG","darkslateblue"
"gene-PIGO|PIGO","red"
"gene-ATOSB|ATOSB","darkturquoise"
"gene-STOML2|STOML2","greenyellow"
"gene-UNC13B|UNC13B","white"
"gene-LOC100221408|LOC100221408","brown"
"gene-RUSC2|RUSC2","yellowgreen"
"gene-LOC101233989|LOC101233989","blue"
"gene-LOC115491050|LOC115491050","turquoise"
"gene-TESK1|TESK1","turquoise"
"gene-LOC115491116|LOC115491116","green"
"gene-LOC100226145|LOC100226145","skyblue3"
"gene-TMEM8B|TMEM8B","paleturquoise"
"gene-TAF1C|TAF1C","black"
"gene-HINT2|HINT2","floralwhite"
"gene-NPR2|NPR2","blue"
"gene-RGP1|RGP1","brown"
"gene-LOC100218507|LOC100218507","cyan"
"gene-LOC115491279|LOC115491279","cyan"
"gene-LOC100220412|LOC100220412","blue"
"gene-LOC115491181|LOC115491181","green"
"gene-TLN1|TLN1","green"
"gene-CREB3|CREB3","midnightblue"
"gene-TPM2|TPM2","green"
"gene-LOC115491018|LOC115491018","yellow"
"gene-LOC115491017|LOC115491017","turquoise"
"gene-LOC100226207|LOC100226207","greenyellow"
"gene-LOC105760853|LOC105760853","tan"
"gene-ARHGEF39|ARHGEF39","green"
"gene-MRPL17|MRPL17","magenta"
"gene-CCBE1|CCBE1","lavenderblush3"
"gene-PMAIP1|PMAIP1","blue"
"gene-PDZD2|PDZD2","tan"
"gene-GOLPH3|GOLPH3","sienna3"
"gene-MTMR12|MTMR12","yellow"
"gene-ZFR|ZFR","red"
"gene-SUB1|SUB1","brown"
"gene-LOC115491015|LOC115491015","salmon"
"gene-NPR3|NPR3","yellow"
"gene-TARS1|TARS1","turquoise"
"gene-ADAMTS12|ADAMTS12","blue"
"gene-RXFP3|RXFP3","pink"
"gene-SLC45A2|SLC45A2","yellowgreen"
"gene-AMACR|AMACR","brown"
"gene-RAI14|RAI14","yellow"
"gene-LOC140681869|LOC140681869","salmon"
"gene-LOC140681868|LOC140681868","darkorange"
"gene-RAD1|RAD1","turquoise"
"gene-BRIX1|BRIX1","darkgreen"
"gene-DNAJC21|DNAJC21","turquoise"
"gene-AGXT2|AGXT2","grey"
"gene-PRLR|PRLR","salmon"
"gene-IL7R|IL7R","darkorange"
"gene-CAPSL|CAPSL","blue"
"gene-LMBRD2|LMBRD2","turquoise"
"gene-SKP2|SKP2","turquoise"
"gene-NADK2|NADK2","pink"
"gene-RANBP3L|RANBP3L","darkseagreen4"
"gene-SLC1A3|SLC1A3","orange"
"gene-NIPBL|NIPBL","blue"
"gene-LOC105760861|LOC105760861","steelblue"
"gene-LOC140681728|LOC140681728","yellow"
"gene-CPLANE1|CPLANE1","grey"
"gene-NUP155|NUP155","red"
"gene-WDR70|WDR70","purple"
"gene-EGFLAM|EGFLAM","blue"
"gene-LOC100223352|LOC100223352","salmon"
"gene-LOC105760857|LOC105760857","green"
"gene-RICTOR|RICTOR","yellow"
"gene-FYB1|FYB1","green"
"gene-DAB2|DAB2","black"
"gene-C9|C9","turquoise"
"gene-PTGER4|PTGER4","green"
"gene-TTC33|TTC33","brown"
"gene-PRKAA1|PRKAA1","red"
"gene-RPL37|RPL37","magenta"
"gene-C7|C7","plum1"
"gene-C6|C6","blue"
"gene-PLCXD3|PLCXD3","yellow"
"gene-LOC140681697|LOC140681697","royalblue"
"gene-OXCT1|OXCT1","tan"
"gene-LOC116806790|LOC116806790","blue"
"gene-LOC116806788|LOC116806788","darkorange"
"gene-RIMOC1|RIMOC1","cyan"
"gene-FBXO4|FBXO4","black"
"gene-GHR|GHR","brown"
"gene-ZNF131|ZNF131","blue"
"gene-CCDC152|CCDC152","magenta"
"gene-SELENOP|SELENOP","turquoise"
"gene-LOC140681719|LOC140681719","yellow"
"gene-TMEM267|TMEM267","ivory"
"gene-NIM1K|NIM1K","ivory"
"gene-HMGCS1|HMGCS1","ivory"
"gene-LOC140681705|LOC140681705","yellow"
"gene-CCL28|CCL28","salmon"
"gene-NNT|NNT","brown"
"gene-CZH5orf34|CZH5orf34","grey"
"gene-PAIP1|PAIP1","turquoise"
"gene-FGF10|FGF10","red"
"gene-MRPS30|MRPS30","saddlebrown"
"gene-LOC115491144|LOC115491144","darkturquoise"
"gene-HCN1|HCN1","orangered4"
"gene-EMB|EMB","grey60"
"gene-PARP8|PARP8","green"
"gene-ITGA1|ITGA1","turquoise"
"gene-PELO|PELO","greenyellow"
"gene-ITGA2|ITGA2","blue"
"gene-MOCS2|MOCS2","black"
"gene-LOC101233531|LOC101233531","blue"
"gene-FST|FST","midnightblue"
"gene-NDUFS4|NDUFS4","darkred"
"gene-ARL15|ARL15","lavenderblush3"
"gene-SNX18|SNX18","skyblue3"
"gene-LOC121468163|LOC121468163","grey60"
"gene-LOC115491031|LOC115491031","yellow"
"gene-ESM1|ESM1","black"
"gene-LOC115491084|LOC115491084","lightcyan"
"gene-GZMA|GZMA","green"
"gene-GPX8|GPX8","grey"
"gene-LOC140681842|LOC140681842","pink"
"gene-DHX29|DHX29","pink"
"gene-MTREX|MTREX","thistle2"
"gene-PLPP1|PLPP1","brown"
"gene-SLC38A9|SLC38A9","turquoise"
"gene-DDX4|DDX4","turquoise"
"gene-IL6ST|IL6ST","lightgreen"
"gene-ANKRD55|ANKRD55","grey"
"gene-LOC140681920|LOC140681920","lightsteelblue1"
"gene-LOC121468203|LOC121468203","grey"
"gene-LOC116806751|LOC116806751","green"
"gene-MAP3K1|MAP3K1","royalblue"
"gene-SETD9|SETD9","black"
"gene-MIER3|MIER3","cyan"
"gene-GPBP1|GPBP1","blue"
"gene-LOC140681967|LOC140681967","greenyellow"
"gene-PLK2|PLK2","coral1"
"gene-RAB3C|RAB3C","lightcyan"
"gene-PDE4D|PDE4D","lightcyan"
"gene-DEPDC1B|DEPDC1B","green"
"gene-ELOVL7|ELOVL7","blue"
"gene-ERCC8|ERCC8","salmon"
"gene-NDUFAF2|NDUFAF2","greenyellow"
"gene-SMIM15|SMIM15","ivory"
"gene-ZSWIM6|ZSWIM6","blue"
"gene-LOC115491283|LOC115491283","black"
"gene-KIF2A|KIF2A","turquoise"
"gene-IPO11|IPO11","brown"
"gene-LOC100190031|LOC100190031","grey"
"gene-LRRC70|LRRC70","yellow"
"gene-LOC140681702|LOC140681702","blue"
"gene-RNF180|RNF180","pink"
"gene-RGS7BP|RGS7BP","midnightblue"
"gene-SREK1IP1|SREK1IP1","red"
"gene-CWC27|CWC27","brown"
"gene-LOC140681703|LOC140681703","magenta"
"gene-ADAMTS6|ADAMTS6","grey"
"gene-CENPK|CENPK","brown"
"gene-PPWD1|PPWD1","lightcyan"
"gene-TRIM23|TRIM23","red"
"gene-NLN|NLN","yellow"
"gene-TRAPPC13|TRAPPC13","plum1"
"gene-SHLD3|SHLD3","turquoise"
"gene-SGTB|SGTB","darkturquoise"
"gene-LOC115491224|LOC115491224","yellow"
"gene-ERBIN|ERBIN","turquoise"
"gene-LOC115490970|LOC115490970","lightcyan"
"gene-SREK1|SREK1","yellow"
"gene-LOC115491052|LOC115491052","purple"
"gene-MAST4|MAST4","tan"
"gene-LOC140681889|LOC140681889","cyan"
"gene-PIK3R1|PIK3R1","turquoise"
"gene-GOLM1|GOLM1","white"
"gene-NAA35|NAA35","brown"
"gene-LOC121468223|LOC121468223","salmon"
"gene-AGTPBP1|AGTPBP1","darkseagreen4"
"gene-NTRK2|NTRK2","grey"
"gene-RMI1|RMI1","yellow"
"gene-KIF27|KIF27","white"
"gene-FRMD3|FRMD3","violet"
"gene-HNRNPK|HNRNPK","turquoise"
"gene-QNG1|QNG1","darkgrey"
"gene-UBQLN1|UBQLN1","turquoise"
"gene-IDNK|IDNK","brown"
"gene-RASEF|RASEF","lightgreen"
"gene-LOC100221996|LOC100221996","maroon"
"gene-LOC100229224|LOC100229224","blue"
"gene-PSAT1|PSAT1","turquoise"
"gene-CEP78|CEP78","black"
"gene-LOC100230245|LOC100230245","red"
"gene-VPS13A|VPS13A","purple"
"gene-PRUNE2|PRUNE2","pink"
"gene-GCNT1|GCNT1","yellow"
"gene-RFK|RFK","brown"
"gene-LOC105760871|LOC105760871","grey60"
"gene-LOC140681835|LOC140681835","white"
"gene-LOC116806615|LOC116806615","blue"
"gene-LOC140681780|LOC140681780","blue"
"gene-LOC140681885|LOC140681885","ivory"
"gene-LOC140681781|LOC140681781","green"
"gene-LOC116807240|LOC116807240","grey"
"gene-LOC116807245|LOC116807245","darkgreen"
"gene-LOC140681849|LOC140681849","darkgreen"
"gene-LOC140682001|LOC140682001","black"
"gene-LOC140681926|LOC140681926","yellow"
"gene-LOC140682013|LOC140682013","lightsteelblue1"
"gene-LOC121469057|LOC121469057","darkgreen"
"gene-LOC140681811|LOC140681811","grey60"
"gene-LOC140682015|LOC140682015","ivory"
"gene-LOC140681866|LOC140681866","purple"
"gene-LOC140682016|LOC140682016","darkorange"
"gene-LOC140682017|LOC140682017","lightcyan1"
"gene-LOC115491170|LOC115491170","darkgreen"
"gene-SERINC5|SERINC5","pink"
"gene-THBS4|THBS4","pink"
"gene-MTX3|MTX3","red"
"gene-LOC140681812|LOC140681812","blue"
"gene-CMYA5|CMYA5","darkolivegreen"
"gene-TENT2|TENT2","turquoise"
"gene-HOMER1|HOMER1","grey"
"gene-JMY|JMY","midnightblue"
"gene-ARSB|ARSB","turquoise"
"gene-LOC115491171|LOC115491171","grey"
"gene-LOC100221623|LOC100221623","lightpink4"
"gene-DMGDH|DMGDH","turquoise"
"gene-LHFPL2|LHFPL2","salmon"
"gene-SCAMP1|SCAMP1","brown"
"gene-LOC115491104|LOC115491104","darkorange"
"gene-AP3B1|AP3B1","turquoise"
"gene-LOC115491172|LOC115491172","pink"
"gene-LOC116806744|LOC116806744","grey"
"gene-TBCA|TBCA","greenyellow"
"gene-WDR41|WDR41","black"
"gene-PDE8B|PDE8B","violet"
"gene-AGGF1|AGGF1","brown"
"gene-F2RL1|F2RL1","salmon"
"gene-F2R|F2R","yellowgreen"
"gene-IQGAP2|IQGAP2","thistle2"
"gene-F2RL2|F2RL2","thistle1"
"gene-POC5|POC5","darkorange"
"gene-POLK|POLK","blue"
"gene-LOC115490936|LOC115490936","salmon"
"gene-ANKDD1B|ANKDD1B","darkorange"
"gene-CERT1|CERT1","turquoise"
"gene-MED18|MED18","darkred"
"gene-ANKRD31|ANKRD31","darkmagenta"
"gene-HMGCR|HMGCR","brown"
"gene-LOC140681760|LOC140681760","skyblue"
"gene-GCNT4|GCNT4","blue"
"gene-FAM169A|FAM169A","lightcyan"
"gene-GFM2|GFM2","turquoise"
"gene-NSA2|NSA2","black"
"gene-HEXB|HEXB","lightcyan1"
"gene-ENC1|ENC1","turquoise"
"gene-ARHGEF28|ARHGEF28","black"
"gene-UTP15|UTP15","brown"
"gene-ANKRA2|ANKRA2","turquoise"
"gene-BTF3|BTF3","magenta"
"gene-TMEM171|TMEM171","lightcyan1"
"gene-FCHO2|FCHO2","yellow"
"gene-TNPO1|TNPO1","turquoise"
"gene-LOC140681762|LOC140681762","grey"
"gene-ZNF366|ZNF366","darkslateblue"
"gene-PTCD2|PTCD2","magenta"
"gene-MRPS27|MRPS27","brown"
"gene-MAP1B|MAP1B","orange"
"gene-TMEM252|TMEM252","green"
"gene-PGM5|PGM5","green"
"gene-ZNG1A|ZNG1A","black"
"gene-DOCK8|DOCK8","green"
"gene-KANK1|KANK1","pink"
"gene-LOC140681853|LOC140681853","green"
"gene-LOC115491073|LOC115491073","grey"
"gene-SMARCA2|SMARCA2","skyblue"
"gene-LOC121468225|LOC121468225","yellow"
"gene-VLDLR|VLDLR","blue"
"gene-PUM3|PUM3","plum1"
"gene-LOC105760879|LOC105760879","brown"
"gene-LOC140681696|LOC140681696","purple"
"gene-KCNV2|KCNV2","brown"
"gene-RFX3|RFX3","lightsteelblue1"
"gene-GLIS3|GLIS3","green"
"gene-SLC1A1|SLC1A1","blue"
"gene-LOC100232251|LOC100232251","lightcyan1"
"gene-LOC100229304|LOC100229304","steelblue"
"gene-LOC115491258|LOC115491258","blue"
"gene-CDC37L1|CDC37L1","turquoise"
"gene-AK3|AK3","greenyellow"
"gene-RCL1|RCL1","turquoise"
"gene-JAK2|JAK2","brown"
"gene-CD274|CD274","purple"
"gene-RIC1|RIC1","blue"
"gene-LOC115491233|LOC115491233","salmon"
"gene-LOC100221605|LOC100221605","darkolivegreen"
"gene-ERMP1|ERMP1","brown"
"gene-MLANA|MLANA","greenyellow"
"gene-BRD10|BRD10","blue"
"gene-LOC115491092|LOC115491092","brown4"
"gene-UHRF2|UHRF2","turquoise"
"gene-LOC140681969|LOC140681969","tan"
"gene-GLDC|GLDC","lightgreen"
"gene-KDM4C|KDM4C","lightyellow"
"gene-LOC140681792|LOC140681792","steelblue"
"gene-PTPRD|PTPRD","royalblue"
"gene-LURAP1L|LURAP1L","blue"
"gene-MPDZ|MPDZ","royalblue"
"gene-NFIB|NFIB","turquoise"
"gene-ZDHHC21|ZDHHC21","tan"
"gene-CER1|CER1","violet"
"gene-FREM1|FREM1","red"
"gene-TTC39B|TTC39B","brown"
"gene-SNAPC3|SNAPC3","grey"
"gene-PSIP1|PSIP1","maroon"
"gene-CCDC171|CCDC171","mediumpurple3"
"gene-BNC2|BNC2","plum1"
"gene-LOC140682042|LOC140682042","yellow"
"gene-SH3GL2|SH3GL2","darkgrey"
"gene-ADAMTSL1|ADAMTSL1","blue"
"gene-HAUS6|HAUS6","darkseagreen4"
"gene-LOC115491290|LOC115491290","brown"
"gene-LOC140682038|LOC140682038","brown"
"gene-PLIN2|PLIN2","brown"
"gene-DENND4C|DENND4C","red"
"gene-LOC140681919|LOC140681919","darkgreen"
"gene-RPS6|RPS6","magenta"
"gene-ACER2|ACER2","grey"
"gene-SLC24A2|SLC24A2","grey"
"gene-MLLT3|MLLT3","lightcyan"
"gene-FOCAD|FOCAD","brown"
"gene-HACD4|HACD4","blue"
"gene-TJP2|TJP2","turquoise"
"gene-FXN|FXN","skyblue3"
"gene-PIP5K1B|PIP5K1B","blue"
"gene-LOC140681925|LOC140681925","darkgreen"
"gene-LOC121468205|LOC121468205","yellow"
"gene-LOC140682034|LOC140682034","white"
"gene-LOC140681876|LOC140681876","darkgreen"
"gene-LOC140681813|LOC140681813","blue"
"gene-LOC140682032|LOC140682032","darkgreen"
"gene-LOC140682018|LOC140682018","ivory"
"gene-LOC140682019|LOC140682019","darkgreen"
"gene-LOC140682020|LOC140682020","darkgreen"
"gene-LOC140682033|LOC140682033","black"
"gene-LOC116807250|LOC116807250","greenyellow"
"gene-LOC140682035|LOC140682035","black"
"gene-LOC140681844|LOC140681844","darkgreen"
"gene-LOC140682022|LOC140682022","darkgreen"
"gene-LOC140681913|LOC140681913","violet"
"gene-LOC140681916|LOC140681916","yellow"
"gene-LOC116806765|LOC116806765","darkgreen"
"gene-LOC140681906|LOC140681906","darkgreen"
"gene-LOC140681908|LOC140681908","darkgreen"
"gene-LOC140682023|LOC140682023","yellow"
"gene-LOC140681914|LOC140681914","white"
"gene-LOC116806640|LOC116806640","darkgreen"
"gene-LOC140680270|LOC140680270","red"
"gene-LOC140681907|LOC140681907","darkgreen"
"gene-LOC140680251|LOC140680251","darkgreen"
"gene-PCSK1|PCSK1","royalblue"
"gene-CAST|CAST","salmon"
"gene-FSD1L|FSD1L","yellow"
"gene-FKTN|FKTN","brown"
"gene-LOC115491012|LOC115491012","lightsteelblue1"
"gene-TMEM38B|TMEM38B","red"
"gene-LOC115491080|LOC115491080","darkslateblue"
"gene-LOC140681709|LOC140681709","lightyellow"
"gene-ZNF462|ZNF462","yellow"
"gene-RAD23B|RAD23B","turquoise"
"gene-KLF4|KLF4","blue"
"gene-LOC140680267|LOC140680267","darkgreen"
"gene-LOC140682025|LOC140682025","darkgreen"
"gene-PHAX|PHAX","turquoise"
"gene-MARCHF3|MARCHF3","red"
"gene-LMNB1|LMNB1","red"
"gene-CZH5orf63|CZH5orf63","skyblue"
"gene-LOC121468123|LOC121468123","red"
"gene-MEGF10|MEGF10","grey"
"gene-PRRC1|PRRC1","brown"
"gene-SLC12A2|SLC12A2","blue"
"gene-FBN2|FBN2","skyblue"
"gene-FN3KRP|FN3KRP","grey"
"gene-COX7C|COX7C","greenyellow"
"gene-LOC115491291|LOC115491291","brown"
"gene-EDIL3|EDIL3","grey60"
"gene-XRCC4|XRCC4","black"
"gene-TMEM167A|TMEM167A","brown"
"gene-ATG10|ATG10","purple"
"gene-RPS23|RPS23","magenta"
"gene-LOC115491136|LOC115491136","darkorange"
"gene-SSBP2|SSBP2","salmon"
"gene-ACOT12|ACOT12","cyan"
"gene-ZCCHC9|ZCCHC9","pink"
"gene-RASGRF2|RASGRF2","turquoise"
"gene-ZFYVE16|ZFYVE16","lightcyan"
"gene-MSH3|MSH3","lightgreen"
"gene-DHFR|DHFR","grey"
"gene-ANKRD34B|ANKRD34B","yellow"
"gene-FAM151B|FAM151B","lavenderblush3"
"gene-CCDC125|CCDC125","grey"
"gene-AK6|AK6","lavenderblush3"
"gene-RAD17|RAD17","grey60"
"gene-EXOSC5|EXOSC5","magenta"
"gene-EMC4|EMC4","magenta"
"gene-TOMM5|TOMM5","orangered4"
"gene-FRMPD1|FRMPD1","white"
"gene-TRMT10B|TRMT10B","darkorange2"
"gene-DCAF10|DCAF10","turquoise"
"gene-SLC25A51|SLC25A51","brown"
"gene-POLR1E|POLR1E","magenta"
"gene-ZBTB5|ZBTB5","turquoise"
"gene-GRHPR|GRHPR","greenyellow"
"gene-ZCCHC7|ZCCHC7","turquoise"
"gene-PAX5|PAX5","salmon"
"gene-MELK|MELK","green"
"gene-LOC140682088|LOC140682088","lightsteelblue1"
"gene-LOC140682089|LOC140682089","lightsteelblue1"
"gene-LOC121468907|LOC121468907","darkorange"
"gene-LOC121469058|LOC121469058","yellow"
"gene-LOC140682086|LOC140682086","yellow"
"gene-LOC140682085|LOC140682085","lightsteelblue1"
"gene-LOC140682066|LOC140682066","lightsteelblue1"
"gene-LOC140682067|LOC140682067","tan"
"gene-LOC140682072|LOC140682072","lightsteelblue1"
"gene-LOC140682063|LOC140682063","lightsteelblue1"
"gene-LOC140682062|LOC140682062","darkorange"
"gene-LOC140682064|LOC140682064","tan"
"gene-LOC140682076|LOC140682076","darkslateblue"
"gene-LOC140682077|LOC140682077","lightsteelblue1"
"gene-LOC140682087|LOC140682087","lightsteelblue1"
"gene-LOC140682078|LOC140682078","blue"
"gene-LOC140682143|LOC140682143","grey60"
"gene-LOC140682080|LOC140682080","salmon4"
"gene-LOC140682079|LOC140682079","lightsteelblue1"
"gene-LOC140682081|LOC140682081","lightsteelblue1"
"gene-LOC140682074|LOC140682074","lightsteelblue1"
"gene-LOC140682073|LOC140682073","darkturquoise"
"gene-LOC140682071|LOC140682071","lightsteelblue1"
"gene-LOC140682068|LOC140682068","blue"
"gene-LOC140682084|LOC140682084","lightsteelblue1"
"gene-LOC140682056|LOC140682056","brown"
"gene-LOC140682059|LOC140682059","white"
"gene-CPLX4|CPLX4","magenta"
"gene-GRP|GRP","magenta"
"gene-LOC121468188|LOC121468188","pink"
"gene-LOC140682065|LOC140682065","black"
"gene-LOC116806602|LOC116806602","yellow"
"gene-LOC100224698|LOC100224698","steelblue"
"gene-LOC100227584|LOC100227584","black"
"gene-LOC140682055|LOC140682055","black"
"gene-LOC140680233|LOC140680233","darkseagreen4"
"gene-LOC116807015|LOC116807015","yellow"
"gene-LOC100220790|LOC100220790","grey"
"gene-LOC140682163|LOC140682163","darkred"
"gene-LOC116806605|LOC116806605","pink"
"gene-LOC100232465|LOC100232465","pink"
"gene-LOC140680274|LOC140680274","magenta"
"gene-LOC140682138|LOC140682138","yellow"
"gene-LOC140682075|LOC140682075","green"
"gene-LOC140682130|LOC140682130","grey"
"gene-LOC121468129|LOC121468129","turquoise"
"gene-LOC140682113|LOC140682113","blue"
"gene-LOC140682112|LOC140682112","blue"
"gene-LOC116806870|LOC116806870","black"
"gene-LOC116806978|LOC116806978","honeydew1"
"gene-LOC140682123|LOC140682123","brown"
"gene-LOC116806979|LOC116806979","turquoise"
"gene-LOC140682172|LOC140682172","blue"
"gene-LOC140682129|LOC140682129","blue"
"gene-LOC140682060|LOC140682060","black"
"gene-LOC140682133|LOC140682133","plum2"
"gene-LOC121469599|LOC121469599","brown"
"gene-LOC140682168|LOC140682168","royalblue"
"gene-LOC140682160|LOC140682160","pink"
"gene-LOC140682061|LOC140682061","blue"
"gene-LOC140682096|LOC140682096","red"
"gene-LOC140682142|LOC140682142","blue"
"gene-LOC140682140|LOC140682140","blue"
"gene-LOC116806906|LOC116806906","yellow"
"gene-LOC116806905|LOC116806905","steelblue"
"gene-LOC116806904|LOC116806904","lightpink4"
"gene-LOC116806898|LOC116806898","darkorange"
"gene-LOC140682158|LOC140682158","salmon4"
"gene-LOC116806899|LOC116806899","bisque4"
"gene-LOC116806897|LOC116806897","darkorange"
"gene-LOC140682124|LOC140682124","brown"
"gene-LOC140682150|LOC140682150","plum2"
"gene-LOC140682167|LOC140682167","purple"
"gene-LOC116806986|LOC116806986","black"
"gene-LOC116806985|LOC116806985","lightcyan"
"gene-LOC140682174|LOC140682174","grey60"
"gene-LOC116806894|LOC116806894","paleturquoise"
"gene-LOC140682154|LOC140682154","magenta"
"gene-LOC116806967|LOC116806967","brown"
"gene-LOC116806641|LOC116806641","black"
"gene-LOC116806651|LOC116806651","brown"
"gene-LOC140682100|LOC140682100","brown"
"gene-LOC140682134|LOC140682134","lightcyan"
"gene-LOC100190109|LOC100190109","magenta"
"gene-LOC116806993|LOC116806993","black"
"gene-LOC116806944|LOC116806944","green"
"gene-LOC116806891|LOC116806891","black"
"gene-LOC116806996|LOC116806996","black"
"gene-LOC140682094|LOC140682094","blue"
"gene-LOC116806888|LOC116806888","yellow"
"gene-LOC116806889|LOC116806889","yellow"
"gene-LOC121468355|LOC121468355","yellow"
"gene-LOC116806871|LOC116806871","red"
"gene-LOC140682153|LOC140682153","greenyellow"
"gene-LOC100190380|LOC100190380","darkred"
"gene-LOC140682102|LOC140682102","grey"
"gene-LOC140682128|LOC140682128","black"
"gene-LOC140682053|LOC140682053","paleturquoise"
"gene-LOC116806916|LOC116806916","purple"
"gene-LOC100189940|LOC100189940","darkred"
"gene-LOC140682070|LOC140682070","pink"
"gene-LOC140682069|LOC140682069","red"
"gene-LOC140682157|LOC140682157","blue"
"gene-LOC140682121|LOC140682121","brown"
"gene-LOC140682091|LOC140682091","purple"
"gene-LOC115492298|LOC115492298","darkred"
"gene-LOC140682111|LOC140682111","blue"
"gene-LOC116806857|LOC116806857","yellow"
"gene-LOC116806872|LOC116806872","lightgreen"
"gene-LOC140682165|LOC140682165","blue"
"gene-LOC116806879|LOC116806879","sienna3"
"gene-LOC116806880|LOC116806880","red"
"gene-LOC140682170|LOC140682170","blue"
"gene-LOC140682139|LOC140682139","tan"
"gene-LOC140682114|LOC140682114","black"
"gene-LOC140682098|LOC140682098","blue"
"gene-LOC121468356|LOC121468356","black"
"gene-LOC116806874|LOC116806874","lightcyan1"
"gene-LOC116806881|LOC116806881","darkseagreen4"
"gene-LOC116806966|LOC116806966","salmon"
"gene-LOC116806886|LOC116806886","magenta"
"gene-LOC140682118|LOC140682118","black"
"gene-LOC116806917|LOC116806917","blue"
"gene-LOC116806990|LOC116806990","yellow"
"gene-LOC116806883|LOC116806883","yellow"
"gene-LOC121468371|LOC121468371","midnightblue"
"gene-LOC116806909|LOC116806909","red"
"gene-LOC116806910|LOC116806910","lightcyan"
"gene-LOC140682175|LOC140682175","darkmagenta"
"gene-LOC116806876|LOC116806876","grey60"
"gene-LOC116806866|LOC116806866","brown"
"gene-LOC116806864|LOC116806864","purple"
"gene-LOC140682156|LOC140682156","yellowgreen"
"gene-LOC140682125|LOC140682125","salmon4"
"gene-LOC140682152|LOC140682152","blue"
"gene-LOC140682115|LOC140682115","lightcyan1"
"gene-LOC140682144|LOC140682144","lightcyan"
"gene-LOC116806878|LOC116806878","turquoise"
"gene-LOC116806918|LOC116806918","brown"
"gene-LOC140682095|LOC140682095","yellowgreen"
"gene-LOC116806869|LOC116806869","black"
"gene-LOC140682148|LOC140682148","black"
"gene-CHD1W|CHD1W","grey"
"gene-LOC116806940|LOC116806940","black"
"gene-LOC140682132|LOC140682132","white"
"gene-LOC140682136|LOC140682136","black"
"gene-LOC116806882|LOC116806882","tan"
"gene-LOC140682101|LOC140682101","black"
"gene-LOC140682161|LOC140682161","blue"
"gene-LOC116806920|LOC116806920","orangered4"
"gene-LOC116806923|LOC116806923","pink"
"gene-LOC116806972|LOC116806972","lightpink4"
"gene-LOC116806907|LOC116806907","lightgreen"
"gene-LOC116806863|LOC116806863","darkgrey"
"gene-LOC116806862|LOC116806862","turquoise"
"gene-LOC140682097|LOC140682097","grey"
"gene-LOC116806853|LOC116806853","black"
"gene-LOC140682173|LOC140682173","blue"
"gene-LOC116806914|LOC116806914","grey"
"gene-LOC140682092|LOC140682092","blue"
"gene-LOC100222730|LOC100222730","plum1"
"gene-TEX55|TEX55","grey60"
"gene-UPK1B|UPK1B","blue"
"gene-MTNR1B|MTNR1B","ivory"
"gene-LOC100218627|LOC100218627","cyan"
"gene-LOC121469920|LOC121469920","grey60"
"gene-SIAH3|SIAH3","blue"
"gene-LOC140684219|LOC140684219","blue"
"gene-CDX2|CDX2","saddlebrown"
"gene-LOC140680271|LOC140680271","lightcyan"
"gene-EGFL6|EGFL6","darkred"
"gene-RS1|RS1","lightcyan"
"gene-LOC140680492|LOC140680492","blue"
"gene-LOC115492597|LOC115492597","grey"
"gene-LOC100224866|LOC100224866","lightcyan"
"gene-LOC140680831|LOC140680831","blue"
"gene-LOC115490732|LOC115490732","cyan"
"gene-LOC121468136|LOC121468136","blue"
"gene-LOC140681701|LOC140681701","orangered4"
"gene-PDZRN4|PDZRN4","darkolivegreen"
"gene-LOC140682104|LOC140682104","darkgreen"
"gene-LOC121469117|LOC121469117","darkmagenta"
"gene-LOC115493396|LOC115493396","royalblue"
"gene-NACAD|NACAD","grey"
"gene-LOC115493640|LOC115493640","darkturquoise"
"gene-CALCR|CALCR","cyan"
"gene-LOC115493657|LOC115493657","cyan"
"gene-LOC140682645|LOC140682645","darkorange2"
"gene-NPSR1|NPSR1","black"
"gene-FOXQ1|FOXQ1","blue"
"gene-LOC140682348|LOC140682348","thistle1"
"gene-AKAIN1|AKAIN1","lightyellow"
"gene-LOC121469216|LOC121469216","lightgreen"
"gene-MOS|MOS","blue"
"gene-BHLHE22|BHLHE22","turquoise"
"gene-LOC115493926|LOC115493926","greenyellow"
"gene-LOC140682446|LOC140682446","cyan"
"gene-GDF6|GDF6","yellow"
"gene-LOC140682469|LOC140682469","blue"
"gene-CSMD3|CSMD3","grey"
"gene-LOC115494690|LOC115494690","magenta"
"gene-LOC140683647|LOC140683647","cyan"
"gene-HS3ST5|HS3ST5","lightpink4"
"gene-HEY2|HEY2","grey"
"gene-SMIM28|SMIM28","turquoise"
"gene-LOC140683744|LOC140683744","grey"
"gene-LOC115494449|LOC115494449","white"
"gene-LOC115494476|LOC115494476","skyblue3"
"gene-LOC140683889|LOC140683889","grey"
"gene-LOC115494888|LOC115494888","darkgrey"
"gene-MSX1|MSX1","magenta"
"gene-MTNR1A|MTNR1A","thistle2"
"gene-LOC140683863|LOC140683863","grey"
"gene-LOC115495084|LOC115495084","lightyellow"
"gene-LOC115495109|LOC115495109","saddlebrown"
"gene-LOC140684128|LOC140684128","violet"
"gene-LOC100221672|LOC100221672","grey"
"gene-LOC140684178|LOC140684178","green"
"gene-LOC115495363|LOC115495363","lightcyan"
"gene-KCNA4|KCNA4","grey"
"gene-LOC140684231|LOC140684231","blue"
"gene-LOC140684240|LOC140684240","paleturquoise"
"gene-LOC115495475|LOC115495475","red"
"gene-LOC100225865|LOC100225865","grey"
"gene-LOC140684274|LOC140684274","blue"
"gene-LOC100221952|LOC100221952","black"
"gene-LOC115495523|LOC115495523","thistle1"
"gene-LOC140684193|LOC140684193","blue"
"gene-LOC140684333|LOC140684333","black"
"gene-LOC100228060|LOC100228060","yellow"
"gene-LOC140684440|LOC140684440","magenta"
"gene-LOC140684530|LOC140684530","tan"
"gene-LOC140684536|LOC140684536","green"
"gene-CHRNA1|CHRNA1","salmon"
"gene-EN1|EN1","yellow"
"gene-LOC116808613|LOC116808613","white"
"gene-LOC121470332|LOC121470332","grey"
"gene-ATP6V1G3|ATP6V1G3","green"
"gene-LOC121468966|LOC121468966","orangered4"
"gene-KY|KY","darkolivegreen"
"gene-LOC100226896|LOC100226896","darkgreen"
"gene-LOC100224002|LOC100224002","blue"
"gene-LOC140684724|LOC140684724","grey60"
"gene-LOC140684804|LOC140684804","purple"
"gene-CPLX3|CPLX3","skyblue3"
"gene-LOC140684793|LOC140684793","lightyellow"
"gene-LOC121470592|LOC121470592","tan"
"gene-LOC115496814|LOC115496814","purple"
"gene-SLC26A6|SLC26A6","cyan"
"gene-IL17RD|IL17RD","red"
"gene-CDHR2|CDHR2","grey"
"gene-MSX2|MSX2","purple"
"gene-LOC140685097|LOC140685097","lightcyan"
"gene-SHISA9|SHISA9","turquoise"
"gene-LOC100221782|LOC100221782","lightcyan1"
"gene-ORM2|ORM2","grey"
"gene-CEL|CEL","maroon"
"gene-FAM163B|FAM163B","red"
"gene-TSPAN10|TSPAN10","darkolivegreen"
"gene-MYADML2|MYADML2","darkolivegreen"
"gene-LOC115497614|LOC115497614","white"
"gene-C18H17orf67|C18H17orf67","grey60"
"gene-TMIGD1|TMIGD1","grey"
"gene-LOC115497915|LOC115497915","purple"
"gene-TNNC2|TNNC2","plum2"
"gene-BHLHE23|BHLHE23","brown"
"gene-LOC140680383|LOC140680383","green"
"gene-LOC100224543|LOC100224543","yellowgreen"
"gene-CELA3B|CELA3B","darkturquoise"
"gene-VWA5B1|VWA5B1","navajowhite2"
"gene-LOC115498265|LOC115498265","yellow"
"gene-RSPO1|RSPO1","paleturquoise"
"gene-TTC12|TTC12","grey"
"gene-FXYD2|FXYD2","blue"
"gene-LOC140680649|LOC140680649","navajowhite2"
"gene-GUCA1A|GUCA1A","pink"
"gene-CLPS|CLPS","lightcyan"
"gene-SCUBE3|SCUBE3","lightyellow"
"gene-SP6|SP6","thistle1"
"gene-LOC100220698|LOC100220698","darkolivegreen"
"gene-LOC115490898|LOC115490898","darkorange2"
"gene-STAC3|STAC3","green"
"gene-NDUFA4L2|NDUFA4L2","lightpink4"
"gene-LOC115492010|LOC115492010","blue"
"gene-EPO|EPO","lavenderblush3"
"gene-LOC121469004|LOC121469004","purple"
"gene-NKPD1|NKPD1","mediumpurple3"
"gene-LOC140681324|LOC140681324","tan"
"gene-LOC140681949|LOC140681949","blue"
"gene-MUSK|MUSK","darkturquoise"
"gene-LOC115491161|LOC115491161","turquoise"
"gene-LOC140681998|LOC140681998","blue"
"gene-LOC140681862|LOC140681862","black"
"gene-FOXD1|FOXD1","brown4"
"gene-LOC140682149|LOC140682149","lightcyan1"
