"","Control","Heat","Heat_2-HR_Repair","Heat_24-HR_Repair","Heat_2-WK_Repair"
"gene-CMSS1|CMSS1",3.35456040635969,2.89642982270555,3.21313455936343,3.14358118913533,3.48258553566899
"gene-TRMT10C|TRMT10C",5.34009330147768,5.03357073796074,5.15206295825319,5.29323243338478,5.34894704665899
"gene-NFKBIZ|NFKBIZ",4.90637751730628,6.53417339004473,4.771187401551,4.38975553775933,4.76861031648591
"gene-ZPLD1|ZPLD1",2.46147909587686,4.95227438072644,4.68008253682771,2.88078860950516,2.82937535062131
"gene-ATP5PF|ATP5PF",7.24581468280979,6.77574096576476,6.56560152442293,6.69008506798574,7.06700849005641
"gene-LOC115493362|LOC115493362",2.39431971260665,3.13417260842848,2.7986347269136,2.02174149129699,2.29222261945614
"gene-MPC2|MPC2",7.57454546520141,7.17984810268584,6.95845206658826,7.25201744550428,7.71051883031479
"gene-ADAMTS5|ADAMTS5",2.19321591186458,1.97583204010441,2.2476841022775,2.64391209097233,3.57923912575372
"gene-TTF2|TTF2",3.10720812429721,4.20187114522693,4.14439955442444,3.4271686647387,3.29349292046354
"gene-NME7|NME7",2.55221065059057,2.78735108082479,2.90440189923577,2.34407230706405,2.46523436355913
"gene-GRAMD1C|GRAMD1C",5.80132099727136,5.3188989585921,5.64297625848935,5.98299441418082,5.99892551719037
"gene-B4GALT4|B4GALT4",5.5682196094588,5.11944007827654,5.07561024119908,5.39337074881501,5.12968401177841
"gene-CASQ2|CASQ2",-3.98821085765826,-3.6721186372646,-4.74039431571851,-4.85455987679058,-4.32766109633915
"gene-NDUFB4|NDUFB4",5.95853116731867,5.4601994255382,5.34066730849379,5.63299395412829,5.94164582391431
"gene-NAA50|NAA50",5.85155378171736,5.39946628713629,5.63321826408736,5.85311879163989,5.86484942712549
"gene-MLF2|MLF2",8.14006032875407,7.71264993578219,7.76395247391998,8.21826100283396,8.11421202249178
"gene-LOC100190249|LOC100190249",9.68818112165272,9.19287681364217,9.06230974891822,9.60402611257109,9.62116882533134
"gene-LOC100224083|LOC100224083",-1.52837176448366,-2.36778383315208,-2.6181064649951,-1.02948426989109,-1.66238284901413
"gene-LOC100221157|LOC100221157",-1.73521967574665,-2.18443701079525,-2.19829739923469,-0.883091136237521,-1.32420330509557
"gene-FKBP4|FKBP4",8.14878865948398,8.56240158336938,7.94409458540796,7.80447892892466,7.34819564972101
"gene-A2M|A2M",8.39707853047516,9.35012835328397,9.44554949486144,8.63582332669207,8.30668837290059
"gene-AQP11|AQP11",5.93050898286442,5.08569122248754,5.55252435028549,6.23840566712969,6.01402619854567
"gene-NDUFC2|NDUFC2",6.30946976393263,5.6846348806086,5.75748490034657,6.0507246532655,6.50365238751052
"gene-ALG8|ALG8",2.3137097814996,2.05445061244275,2.42378821414523,2.70268093668015,2.73740479489236
"gene-TMEM135|TMEM135",6.51800344211076,5.79976037460797,5.87329931621147,6.41282496233057,6.28195426432019
"gene-SLC36A4|SLC36A4",2.16787338489952,1.55319191751636,2.29106698841927,2.61884076261033,2.40907533801871
"gene-LOC100223483|LOC100223483",0.96527078289364,1.37529544555544,-0.0427310822298274,-0.443205281648688,-0.000841867804236418
"gene-MMP7|MMP7",-2.44235142220291,-1.0876150967132,-1.52916833728764,-1.56669874374841,-3.04823956792297
"gene-ACOD1|ACOD1",1.12972229075464,2.57882785061107,2.20794894762839,1.60616710108161,0.300616696204561
"gene-UCHL3|UCHL3",3.04550421058014,2.60187291441342,3.18242163487931,3.32602975055427,3.29794283711937
"gene-LOC140680325|LOC140680325",-4.30451188867824,-3.11530600136612,-4.40149251906196,-2.68309121306026,-4.68717147929486
"gene-EPSTI1|EPSTI1",5.60943855851776,6.58714213452322,5.67063202257459,5.30493835974934,5.39604365621956
"gene-HTR2A|HTR2A",1.5499626437299,0.00908776920145082,0.108153448048672,0.645436972913717,1.1469956904374
"gene-ESD|ESD",7.27246866721585,6.74452935212294,6.54652224254442,6.81320866688716,7.16961759836164
"gene-SUCLA2|SUCLA2",8.78658104707503,8.42384195145283,8.38442670409177,8.56208843327069,8.96554872125563
"gene-FOXO1|FOXO1",6.31729153222922,6.16789858803826,6.26671764521907,6.61582639362058,6.18985060153126
"gene-N4BP2L1|N4BP2L1",5.06474425718872,4.76278343336975,5.1023589362159,5.44409986582108,5.39359039145538
"gene-HSPH1|HSPH1",6.19845426058092,7.61047319377201,5.70193309786034,5.9714835794134,5.02174334639367
"gene-AMER2|AMER2",-3.30410650160032,-2.38812860897876,-2.03201335358303,-4.09129663317507,-2.05880961202854
"gene-RNF17|RNF17",-2.66791786082487,-0.20750298882808,-0.460067156958021,-1.72252676449689,-1.67797982618916
"gene-FDX1|FDX1",8.27800098675448,7.82851392630272,7.82790814347754,8.25787195282646,8.36746160971008
"gene-LOC115495779|LOC115495779",-3.94179377683345,-4.05055589922218,-3.3259363957919,-2.32629802376251,-3.52377159162245
"gene-DNAJC3|DNAJC3",7.65070569066949,7.9362879313343,7.95537432498947,7.59125883168786,7.53076251906813
"gene-CLYBL|CLYBL",4.99174642770665,4.69313091417118,4.5242547583093,4.67008240713257,4.94320109830687
"gene-GGACT|GGACT",6.84106465155799,5.9514094411569,6.54934965453902,6.65662651722237,6.84477525946332
"gene-PPP2R3B|PPP2R3B",2.48244678212583,2.7879221810242,2.39026747798239,2.07240887442079,2.20642961064289
"gene-LONRF2|LONRF2",5.24127567086299,5.4568658768719,5.35202406093787,5.79266751543151,5.14215734183421
"gene-NPAS2|NPAS2",4.11095967222065,3.5230177279887,3.99155629267502,4.92742776672755,3.76415657301491
"gene-IL1R2|IL1R2",3.78517243746968,5.02102308320018,4.63706151066175,3.76943609513566,3.21904541097032
"gene-LOC100220817|LOC100220817",7.01082207472271,8.17560646672418,7.35964301914442,6.94213712914471,7.31808663935928
"gene-EDAR|EDAR",-0.790655855898234,-2.45264791734224,-2.45438070385009,-1.60097734400109,-1.05170653574908
"gene-LOC100226687|LOC100226687",-1.17741423459744,0.459590933669963,0.0674208450227423,-1.37152897482372,-0.891165031344794
"gene-PUDP|PUDP",-1.60265382857423,-2.45704676942186,-2.97136325880294,-2.35316166674938,-2.15405217922528
"gene-FRMPD4|FRMPD4",-0.805595881167563,-1.34119385529656,-1.51646915099704,-1.13328183177708,0.174840657160075
"gene-LOC115496564|LOC115496564",2.13761755901939,2.98238786967701,2.29782773122345,1.69131435379663,1.72172105959423
"gene-SYAP1|SYAP1",7.00541056968274,6.61639016184623,6.76294758792485,7.00988890380137,6.98481024123396
"gene-ADGRG2|ADGRG2",-0.0795886890532831,1.25871076907187,0.143373317290124,-0.0103311752517316,-0.610997167797767
"gene-PDHA1|PDHA1",8.15537908855724,7.59021803160406,7.66274171026852,7.9283528592709,8.16934684024977
"gene-LOC115496969|LOC115496969",-3.11696665553819,-3.97933217333435,-1.33628483564592,-0.646345963890065,-3.6415739674514
"gene-LOC115497347|LOC115497347",-0.6773166828321,-0.864622355597996,-0.102898858414283,1.34206934485287,-1.15642796841435
"gene-RSPH1|RSPH1",-1.98835163496047,-1.30026318323299,-0.803977209004001,-1.3391115448729,-2.34695549706424
"gene-IGSF5|IGSF5",4.4875184382543,3.96796403840627,4.20699676817781,4.36765631062561,4.51548400975253
"gene-LOC100222525|LOC100222525",6.44303369427091,6.07140431795223,5.92918786625416,6.12241682753313,6.35985241211365
"gene-LOC115497281|LOC115497281",-2.90250126473799,-1.42613807513017,-3.07451252199035,-3.59772867549016,-3.00631719374079
"gene-DNAJC28|DNAJC28",7.21088454551974,4.80728107291812,5.55472521883313,7.08233267597646,7.0213571804084
"gene-STIM1|STIM1",4.90435242827221,4.50580778272339,4.65296631780089,5.10929676210015,4.77206509518936
"gene-ATP5PO|ATP5PO",7.72623716370182,7.27133322171469,7.09312778823263,7.2892018805977,7.71089799502562
"gene-IFNAR1|IFNAR1",4.97709382603277,4.30739265461176,5.0147777879427,5.46545141749734,5.09940157092123
"gene-SHANK3|SHANK3",3.7929004386161,3.11530379411008,3.46326799996382,3.96906816728913,3.70934652324634
"gene-LOC115492594|LOC115492594",-2.55031999876136,-2.27732917166243,-2.05726311289907,-1.03409322107683,-1.72713571749807
"gene-ZC3HC1|ZC3HC1",3.22313880484763,2.74263055510937,3.1798411777833,3.45807943301471,3.05226936389192
"gene-LOC100223967|LOC100223967",-3.43098898231751,-1.98659526848595,-3.59613327636453,-2.31160753642162,-2.51149152107425
"gene-TUBAL3|TUBAL3",-4.45498770380947,-4.51676400542721,-4.46973738696667,-3.57772537953795,-3.77965515624131
"gene-MKLN1|MKLN1",5.33052461263823,4.38935811949735,4.93268641119271,5.19234413853269,5.22385496075315
"gene-SFMBT2|SFMBT2",2.05402678239144,2.571809859477,2.12097000026932,0.961925549038095,1.30591195339187
"gene-ATP5F1C|ATP5F1C",8.1094520344729,7.72393608043508,7.64674858898825,7.82837847145901,8.13005803925418
"gene-PROSER2|PROSER2",3.7402821549728,4.68709833362428,3.61018125232796,3.54128844904441,3.82301492266673
"gene-SEC61A2|SEC61A2",5.12702821133142,4.68628796679434,4.97504133892297,5.00762857968282,5.1969954211617
"gene-SEPHS1|SEPHS1",4.87683484955678,4.38384312488144,4.68308922774456,4.95101013819218,4.84218093998766
"gene-PMPCB|PMPCB",6.19468345552266,5.96852140720744,5.96735566136617,6.15613563712694,6.32594448744847
"gene-PIK3CG|PIK3CG",3.60055850342918,3.33738262152875,3.57889875995088,4.13305403937862,3.82854750783281
"gene-SLC26A3|SLC26A3",-2.34741023998503,-1.31027250142107,-0.975756973449382,-0.597478747267676,-2.48302868755845
"gene-ABCD2|ABCD2",8.58390036298399,8.01772926218481,8.14947418585899,8.66012697594591,8.58415132391457
"gene-CERK|CERK",5.27251809412349,4.92337163466417,5.05306800008827,5.43684542486455,5.24132053110055
"gene-IL17REL|IL17REL",-4.02708806637335,-2.26893431768846,-3.46240104333035,-4.24048752349126,-4.42021903084093
"gene-MOV10L1|MOV10L1",-4.10169019161966,-2.90367752527567,-3.47690956623631,-5.02028974791494,-4.59313852240207
"gene-LOC140681163|LOC140681163",2.44280473556214,3.50659530442471,2.96776441610724,2.2176365170635,2.66823008143842
"gene-CRELD2|CRELD2",8.11973524594939,8.40548417121588,8.35715643452468,7.85602346328807,7.9553841886246
"gene-GPR37|GPR37",-5.02953234667249,-3.71109052100916,-3.97674081336236,-4.14671310042689,-3.26513495636036
"gene-NDUFA5|NDUFA5",6.15813808708397,5.63278300152701,5.51249108862159,5.81248960596237,6.15472783414892
"gene-ST7|ST7",2.78039637190133,3.1985132465157,2.93755715348934,2.61916733861943,2.83010190532845
"gene-IFRD1|IFRD1",7.17222715021683,7.99335469963909,7.4564669672801,7.05656535874626,7.43320904181235
"gene-YAF2|YAF2",6.4633233954471,6.09625442774954,6.33662067527136,6.61289792094241,6.38805810739054
"gene-ATP23|ATP23",5.70310340992212,5.16354376929554,5.31075647451471,5.66153003665497,5.74170664517071
"gene-PTPRB|PTPRB",6.43708781253364,5.79953856131118,5.71983419751377,6.31881254481996,6.59137226138658
"gene-LGR5|LGR5",4.56406928673423,4.08767848605193,4.43996203193224,4.28886670764939,5.16110119407444
"gene-LOC140682275|LOC140682275",-4.26607886528112,-2.21863028561125,-2.07814961622956,-4.12042589980457,-3.4491074462621
"gene-PTPRQ|PTPRQ",-2.39965888537717,-0.481758944612654,-1.36825515292594,-1.5778312341511,-2.09464293535272
"gene-PPFIA2|PPFIA2",3.80707310961484,3.48210303386405,3.59599656573523,4.02103858130813,4.28097136865769
"gene-ACSS3|ACSS3",5.92774656863434,5.85644252174401,5.7017438879902,6.17693050864793,6.43131407275827
"gene-METTL25|METTL25",4.18898742267279,3.99332106769075,4.23675001642469,4.56290356202972,4.50161757727914
"gene-NDUFA12|NDUFA12",6.20622188717505,5.73495201619896,5.66207358534837,5.87524208848002,6.40305488466054
"gene-HAL|HAL",8.84015056892715,9.39809303308046,8.907470307048,8.74065198408079,8.78048205307786
"gene-SLC25A3|SLC25A3",8.03266227822176,7.40096414534237,7.64396048799352,8.10823185732612,8.15365973122862
"gene-BLTP3B|BLTP3B",6.62910516417413,6.01148601417722,6.33744293079209,6.71165218834692,6.57512137015134
"gene-SCYL2|SCYL2",4.2529768595683,4.11400845588237,4.28402350856717,4.49217306439358,4.55296368218177
"gene-LOC121469107|LOC121469107",4.21356909057937,5.12706516788296,4.5534974248223,3.91233872303396,4.22986843826523
"gene-LOC115493503|LOC115493503",2.067961495981,3.00243567464794,2.5581834835227,1.79293572654647,1.74439645210217
"gene-LOC100225375|LOC100225375",1.68438078654581,2.53620324253577,1.79896901041244,1.17356379847043,1.64497249357579
"gene-LOC100226305|LOC100226305",2.90865149422708,3.78560729666401,3.21159338954613,2.58601762943015,2.73871582932874
"gene-LOC140682200|LOC140682200",2.72496185945251,3.75584310538407,2.99303331181768,2.4936020730678,2.28091139071537
"gene-LOC140682199|LOC140682199",0.725757105845602,1.9390839292292,1.02660916139469,0.596789096116376,0.137049357194854
"gene-LOC100229197|LOC100229197",2.85566754871557,3.81796451474095,3.1630649813046,2.57651322887311,2.4261605028345
"gene-LOC100223493|LOC100223493",1.3925718445985,2.40546003917156,1.76706322996592,1.05581734935098,1.18576934698327
"gene-LOC100221944|LOC100221944",1.58328750149648,2.85324642591877,2.04947264626044,1.3231098701856,1.31379428715948
"gene-LOC115493339|LOC115493339",-2.30939086518057,-0.97805834513553,-1.85363706640334,-2.14065719230066,-2.54196676942103
"gene-LOC140682288|LOC140682288",-1.86564028408225,-0.641244292447086,-1.43267620678577,-1.72675755118299,-2.00604168607152
"gene-LOC115493337|LOC115493337",2.57824821096879,3.74890997978594,2.9477692716159,2.3319868535122,2.20428817332125
"gene-LOC140682201|LOC140682201",-1.56394840635496,0.108218887125802,-0.352973870196303,-1.21115277835202,-1.46236328528637
"gene-LOC115493336|LOC115493336",1.76030834407699,2.67226228266585,1.99371846575111,1.40197749133183,1.32267399999599
"gene-LOC100220543|LOC100220543",1.74618568604327,2.85813835302424,2.16639099062548,1.51016567475584,1.70690258824267
"gene-LOC100221480|LOC100221480",2.45847885433668,3.60021503310286,2.88043639135779,2.1156170953652,2.35713304263389
"gene-LOC121469108|LOC121469108",-0.853814012654314,0.739402484019287,-0.00647372871816532,-0.452877111441177,-1.17326275566588
"gene-LOC140682203|LOC140682203",-2.08931804341609,-0.891140208781091,-1.6405846349542,-2.28032363764287,-2.42638872334386
"gene-XRCC6|XRCC6",5.39766534718055,5.55315411754037,5.67893310602247,5.41084485613682,5.2901667821084
"gene-ACO2|ACO2",7.35884528520243,6.9444048461652,6.85454147011274,7.09007300556422,7.26902877343546
"gene-MRTFA|MRTFA",4.61868599495369,4.60427853699867,4.8285556906694,4.96753342932622,4.45882545909585
"gene-JOSD1|JOSD1",5.2707711755954,5.46856608678222,5.15793713418666,5.11019605046559,5.09880535775155
"gene-GGA1|GGA1",5.90834096676083,5.68637312826312,6.02542768183345,6.22682338714463,5.89744787647276
"gene-SSTR3|SSTR3",-3.09458048046644,-1.34772944487813,-1.80922081039574,-2.21685709996163,-1.30151468617229
"gene-CIMIP4|CIMIP4",0.255786437159051,0.947874519321815,0.495131230424326,-0.758556388032392,-0.697382750312554
"gene-MYH9|MYH9",6.6120462830564,6.64953487259366,6.93453691956433,7.07671369804181,6.76266678070946
"gene-MCM5|MCM5",1.51532063837778,1.34376373606996,1.7708316770637,2.29879498412538,1.72152201119364
"gene-HMOX1|HMOX1",8.14104314154849,9.00577727834258,8.25264443741967,8.23736010728688,8.01656810004894
"gene-WASHC4|WASHC4",4.76139690973813,4.69812780591245,4.79417658231657,5.02275012556574,4.81749867836684
"gene-TXNRD1|TXNRD1",0.676638565154435,1.52179176881586,2.34325995180896,2.12110134308031,1.6213426243359
"gene-NT5DC3|NT5DC3",5.58445629018136,4.79871485827856,5.27785978805118,5.97120771086458,5.51249873202577
"gene-HSP90B1|HSP90B1",10.0914053553627,10.68800901773,10.4177954880224,9.63136763041856,9.5257143778924
"gene-LOC100217613|LOC100217613",-4.44864671570414,-5.0835577218268,-4.52788069991668,-2.74020206477059,-4.40575764757402
"gene-PAH|PAH",9.75987703839833,9.61477489590767,9.39981133150252,9.4871620098845,9.9485541277287
"gene-SINHCAF|SINHCAF",-1.78591718697614,-0.526447382102834,-0.368556412717217,-0.191888755449815,-0.926178841681287
"gene-DGKI|DGKI",-1.60934699685476,0.42598175631884,-1.1220808110274,-2.41996553251963,-0.980393423119114
"gene-CREB3L2|CREB3L2",6.62037262534252,7.36631213370785,6.75112885923308,6.53832356009944,6.5632108100319
"gene-GOLT1B|GOLT1B",5.09430372558636,5.41962442462548,5.42214151798469,5.06886544411047,5.05771594900604
"gene-BCAT1|BCAT1",6.74209174707832,6.02446671602062,6.29150723175962,6.82396925588079,6.96729773628609
"gene-ETV6|ETV6",4.68823315825647,5.18402079495393,4.98326205947206,4.84540515095366,4.64074188276446
"gene-TTC38|TTC38",5.74230315773202,5.31135642129305,5.17824724366557,5.53677484888227,5.97410302515035
"gene-NUP50|NUP50",7.07959258262432,6.48059329595259,6.7909396302774,7.1528279284994,7.03000656629226
"gene-NDUFA9|NDUFA9",6.7290001382108,6.42989588251904,6.36055302185498,6.52643147613102,6.71820615117248
"gene-SAMM50|SAMM50",7.52153980181725,7.0356197896805,7.04307286809661,7.30655428056154,7.54641653387042
"gene-FERRY3|FERRY3",4.42138941005152,4.26052710801336,4.53643976191778,4.84859318593053,4.81277947770524
"gene-LOC140682257|LOC140682257",-2.21841098531986,-3.74613468217177,-3.72230292659167,-3.63892575826388,-2.19576078038194
"gene-LMO3|LMO3",-2.82132924139634,-4.01690301535638,-3.88171341839674,-4.9663699502331,-3.44669659324257
"gene-TIGAR|TIGAR",4.20275718386407,3.76480055543347,3.89548172742873,4.17731902543438,4.52425076518305
"gene-CCND2|CCND2",5.4634021215163,4.72584531399465,4.98338256305489,5.55873486027256,5.53266334826475
"gene-AKR1D1|AKR1D1",6.29656316531472,6.0998395405085,5.7384464145007,5.93490165852788,6.59544981653356
"gene-LOC100231722|LOC100231722",8.15493914563261,7.56704315038109,7.57913140835992,7.69211372343102,8.24878973898031
"gene-LOC100225050|LOC100225050",7.44624968532487,7.00373695621648,7.39539810043351,7.9975568768878,7.82666839314803
"gene-LOC115493495|LOC115493495",-5.27077252249968,-3.45070077652406,-3.9409869064909,-3.510554971599,-3.10443914972679
"gene-LRRC61|LRRC61",-1.7786008239794,-0.594175920446528,-1.50984298524775,-1.47269734149325,-1.76775944638505
"gene-ELP6|ELP6",4.01482088142309,3.8155833484592,4.00730606657227,4.58304645357187,4.14437371424403
"gene-LOC105758954|LOC105758954",4.40527919223546,4.25014267747603,4.44821767922393,4.78966370394071,4.47370057563766
"gene-CAMP|CAMP",-3.76308668820534,-1.50344233475665,-1.99974637502825,-1.96014943887449,-3.09203713711024
"gene-HIGD1A|HIGD1A",5.58906377047049,4.86208735533491,5.27740057210567,5.57987071831084,5.6297014211861
"gene-SEC22C|SEC22C",4.02807489606453,3.49269472312485,3.6233585403378,4.06133833085852,4.29985488127907
"gene-LOC100217895|LOC100217895",0.963374064262685,0.321247686868476,0.0223907882508284,1.33227329774787,1.36838253354486
"gene-LOC100220756|LOC100220756",5.48697316532578,4.15477046480452,4.67252286103035,5.45930243747912,6.01371242424072
"gene-LOC100221337|LOC100221337",-3.45944959170825,-1.38651206378988,-2.90319035409757,-4.2025151255268,-2.94045386462822
"gene-XYLB|XYLB",6.85466438376569,6.22315827800609,6.1616313311857,6.45922463228556,6.71093352632323
"gene-INSIG1|INSIG1",9.34864728489283,8.02414604524267,9.3988985544742,9.85239103107909,8.72589276604062
"gene-LOC140682578|LOC140682578",-3.71353580654501,-2.27249562031847,-2.35196047039373,-3.13371958706486,-3.11624445738315
"gene-LARP4B|LARP4B",6.29604560664574,5.92336820506021,6.08544295282069,6.2842806468053,6.31696625984286
"gene-GTPBP4|GTPBP4",6.11619150890961,6.54139639191559,6.2256448195107,6.01741743691619,6.01160111628383
"gene-MAP3K8|MAP3K8",2.94442164479619,4.23687542591323,3.18464307567392,2.88445415409515,2.87117769191452
"gene-MPP7|MPP7",4.18968518989887,2.84353542187336,3.66280947606269,4.29384642684828,4.33961902371395
"gene-RAB18|RAB18",6.67751601066844,6.20609481164743,6.56734456411986,6.72409735068135,6.88655720410895
"gene-OTUD1|OTUD1",3.12019935056451,4.28274438558227,2.45789846104023,2.75805718071693,2.90739485952633
"gene-LOC140682594|LOC140682594",-0.806677204985554,0.695265003066584,0.0120351579045143,-0.650229561559749,-0.403733411267542
"gene-PTER|PTER",5.66441500813477,5.36760073058293,5.48449762446982,5.80320324137723,5.91988108861057
"gene-MINDY3|MINDY3",5.48889502218812,5.2354850169171,5.46364193671015,5.61828717048825,5.76976934956864
"gene-ABCB1|ABCB1",5.67856610999196,5.14215480644097,5.43922102087866,5.36088041074427,6.06309729091308
"gene-CDK6|CDK6",4.59589672248807,4.54231271668449,4.95779884996103,5.04709008246574,4.82958644451616
"gene-LOC100218152|LOC100218152",8.16548921769056,7.73991634678837,7.4690916366525,7.83339743987225,8.06155791245801
"gene-SLC25A13|SLC25A13",8.71844681828461,8.21406069673733,8.42279424038455,8.67223728583329,8.87265502305256
"gene-SDHAF3|SDHAF3",3.17754240359968,2.66647819945769,2.75302691726988,3.01754326703493,3.3297607953977
"gene-LOC140682615|LOC140682615",-4.55406535157739,-4.51678057941716,-3.6952808737081,-2.9873769229253,-5.26367529444888
"gene-NDUFA4|NDUFA4",8.26253349207108,7.88846399152425,7.68654769844173,7.70466849397646,8.18903085386815
"gene-PHF14|PHF14",5.69242234323986,5.15560377318655,5.45000966599794,5.68309468477267,5.6551808907557
"gene-DGKB|DGKB",-2.59325305768295,-3.19231922965648,-2.12735775196434,-1.78060468843852,-3.38833726952806
"gene-SNX13|SNX13",6.77684249361392,6.35441755383213,6.36777094965151,6.65947774113498,6.77727138911061
"gene-CDCA7L|CDCA7L",2.19460395182318,1.77140295800689,2.04952822156241,2.54687228108599,2.41236626951181
"gene-MIR148A|MIR148A",-3.5108988146701,-1.50448878866095,-2.3316256422444,-3.79416043452653,-3.50812010194564
"gene-CYCS|CYCS",8.77969039610549,8.17016066124962,8.34514537122505,8.66566480527272,8.70173243684745
"gene-FKBP14|FKBP14",2.74174935379034,2.97804982399229,3.00504021028543,2.45347050424763,2.7886155193058
"gene-RAB5A|RAB5A",6.43410058934117,6.29594324133491,6.31945527265366,6.65680189630368,6.40724527222507
"gene-KAT2B|KAT2B",7.29322050711516,6.92900832430702,7.19346753359754,7.48273155620932,7.36428544335901
"gene-ULK4|ULK4",0.031544150830974,0.586535384628251,0.422861621362642,-0.140659259590858,-0.326040244173496
"gene-CDCP1|CDCP1",1.37642979458017,2.76253598370385,2.36716030915247,2.16501698531296,2.0744680699918
"gene-LOC140682650|LOC140682650",-2.19212898687407,1.63831322662039,-0.52249770762807,-1.50447107556245,-1.02437124475436
"gene-PDIA4|PDIA4",8.35192606092381,8.74068893371562,8.71122039454885,8.09949954438104,8.09949339494414
"gene-LOC140682651|LOC140682651",-1.87810047330015,-1.7616928037187,-2.03156228715186,-1.44474128856132,-1.26945120318042
"gene-COA1|COA1",2.38315844181616,3.39380332664735,2.88315217302934,2.19797121609463,2.17709775406028
"gene-LOC100228737|LOC100228737",-1.23498159644826,0.0217084505294123,0.776059926183918,0.0829179172743771,-0.855442607783558
"gene-LOC100225866|LOC100225866",-3.84027175256789,-3.29273872959836,-2.00849834298028,-1.93679338019071,-3.37348283471953
"gene-LOC121468025|LOC121468025",4.6648338583354,2.91584751285004,3.57711116885406,4.51126052941536,4.57820121337727
"gene-LOC100190505|LOC100190505",5.11510293539972,3.65085144464216,4.27211933992186,4.9441760870271,4.92756138466621
"gene-ELOVL2|ELOVL2",6.70927217584705,4.84374412270809,5.82271460207958,7.04989315199959,6.51802043571958
"gene-ATXN1|ATXN1",5.03640684295541,5.54262764323083,5.46514625078068,5.49970476602731,5.11160704381374
"gene-GMPR|GMPR",6.24123010821222,5.61486786266557,5.75747218418146,6.19893647724756,6.17238709848063
"gene-RANBP9|RANBP9",5.75894074652771,5.98862104344279,5.81653597065884,5.56154631396672,5.82646369250929
"gene-RNF144B|RNF144B",4.9817896296825,4.02564345576544,4.82220336585405,5.11201526195908,5.09308118775224
"gene-LOC100220322|LOC100220322",4.1917281789751,3.79292151454637,3.60613200970122,4.34570370110225,4.52251966600658
"gene-LOC116807842|LOC116807842",8.52046788734625,8.7235156259537,8.2709692126498,7.97126551173787,8.27800338865803
"gene-TGFBR1|TGFBR1",6.93786851577477,6.44733768441646,6.92919691252766,7.26962536742429,7.20575889364588
"gene-LOC140682356|LOC140682356",-2.76099905236758,-2.69834113099167,-3.91442858063329,-4.23354669024238,-2.1939478162601
"gene-OTULIN|OTULIN",8.05394425579273,7.85469317481451,7.89787987273857,7.92672385501776,8.13327382202875
"gene-DAP|DAP",6.32447656221123,5.91195493643075,6.07098177146873,6.31975773417278,6.63107458866499
"gene-LOC100229490|LOC100229490",7.55821674749931,7.39958555292732,7.00973784812267,7.06555506386215,7.48576698028548
"gene-RMP24|RMP24",4.20182692164473,4.81333329577337,4.09884030637622,3.92606279940478,3.98878267486496
"gene-EPB41L4B|EPB41L4B",6.33808064347703,5.92993890647638,5.99979288853644,6.40436307689993,6.46469526119473
"gene-FH|FH",8.57933550577294,8.13378951141966,8.05333834778434,8.26568105264668,8.67602164054393
"gene-STX17|STX17",6.15952697697546,5.8845054431944,6.07065998097035,6.28952767132515,6.23128050300239
"gene-SEC61B|SEC61B",6.42208228330838,6.6611941395623,6.62907972874404,6.19331982254952,6.29484275369577
"gene-ALG2|ALG2",4.36146168710527,4.64736319366943,4.61772401521333,4.13363988073774,4.20469169202926
"gene-ACOT13|ACOT13",5.47196293775693,5.10533864378485,5.16059150502225,5.36089120520219,5.51864762846925
"gene-FBXO15|FBXO15",3.19189639278946,3.45105149227377,3.2952154398998,2.89499043438485,2.32672118237832
"gene-PTPN2|PTPN2",5.87451875620415,6.28522479320158,6.22742227882433,6.1082126727693,5.86571783821558
"gene-NDUFV2|NDUFV2",7.22220984901243,6.70199774912794,6.70686740954016,6.9739509119335,7.24467718862743
"gene-LPIN2|LPIN2",8.08909014770791,7.70425632993263,7.39403743328706,7.51768947153245,7.80189484105931
"gene-YES1|YES1",6.34420611063846,5.93066338095172,6.13924196972532,6.42266822583457,6.36832526071121
"gene-LOC115493855|LOC115493855",-3.66364521449125,-4.69361775096535,-4.65837865396561,-4.18308932923917,-4.36898400199064
"gene-CABLES1|CABLES1",5.16701507564566,4.36245589848648,4.35193156856539,4.70266368983097,5.07341972933213
"gene-LOC115493860|LOC115493860",1.83615011789384,2.86314941979621,2.00666248999589,1.82194105499879,1.99118930947502
"gene-DSC1|DSC1",-4.06758241303865,-2.87627335775811,-3.49378699228046,-2.43276761747377,-2.60656450214767
"gene-DTNA|DTNA",3.40034168267187,4.36392379156245,3.67569263202669,3.15065904938393,3.51809635992377
"gene-CEBPD|CEBPD",6.29042792445395,6.99488934914095,6.35560035658989,5.9611256201292,5.96904323346358
"gene-ATP6V1H|ATP6V1H",4.97295912689447,4.64646347877536,4.73030074764096,4.94888969381569,4.81798823017682
"gene-LYPLA1|LYPLA1",6.95733133159693,6.35126158467523,6.46937454667292,6.71675575696894,6.9520176675544
"gene-MRPL15|MRPL15",5.79902412977149,5.17632803669315,5.38438018269136,5.82954990804417,5.80172351887221
"gene-LOC100224950|LOC100224950",5.21250643964176,4.71627868252355,4.79294599683192,4.78936161888538,5.69861283776218
"gene-RMDN1|RMDN1",7.02892414761132,6.46909571394355,6.42599233144907,6.90462955646057,7.20620990399168
"gene-OTUD6B|OTUD6B",6.04533129465638,5.54220349678167,5.79903948591607,5.99883141906794,6.04022487953981
"gene-UQCRB|UQCRB",7.71422702616376,7.25792150010362,7.04837220527995,7.29642136710106,7.77487605822823
"gene-RIDA|RIDA",8.97424601622917,8.41159982302196,8.2833261465919,8.7184859861,8.87065704092074
"gene-COX6C|COX6C",8.06277835167279,7.96814459090684,7.5894388679852,7.586505219604,7.97698016438975
"gene-YWHAZ|YWHAZ",6.71712384140179,6.47285084253574,6.5546916080822,6.79542061585986,6.73265224090308
"gene-DPYS|DPYS",6.71526284200408,5.76879872898616,5.5216246537013,6.19239314900309,6.51866879493146
"gene-NDUFB9|NDUFB9",7.29541520588675,7.06018648487533,6.85085990271331,6.8953557107803,7.27859583944104
"gene-EFR3A|EFR3A",5.69051243898977,5.37194839854549,5.58655018014968,5.78691395385788,5.76280496186377
"gene-GPT|GPT",6.40924681939786,5.78603438952588,5.77380005746276,6.42637592099796,6.56013038560703
"gene-LOC140682366|LOC140682366",-0.74298400481391,-0.0302508490558772,-0.416594152472138,-1.06115731399058,-0.616654591958792
"gene-CYC1|CYC1",6.99090590839668,6.71198303244274,6.42247345780362,6.53447593210539,6.9614144080236
"gene-LOC100229852|LOC100229852",-0.87898373234247,1.04064857076935,0.1519267025533,-0.334316809909081,-1.17707219727656
"gene-CAD|CAD",4.43613201978176,4.22097583822246,4.82567751173248,4.97830006309554,4.27784156578143
"gene-TMEM214|TMEM214",5.09684718089138,5.84866894138453,5.6655152319809,5.15712005976947,4.95315463989301
"gene-LOC105760019|LOC105760019",-1.77230658370694,-2.5006828504908,-3.35273581424734,-1.53040711120077,-2.13451240546739
"gene-CLU|CLU",6.7887312738417,8.16086000112009,7.15276467985082,6.89619868090972,6.81405060322869
"gene-GATA4|GATA4",5.27559488246303,4.84642972795006,5.26461323004622,5.63127123416201,5.44345371091777
"gene-LOC115494694|LOC115494694",-4.52182804829076,-3.4361105826044,-2.83788004983029,-2.77817762413665,-4.28239631820002
"gene-LOC140683609|LOC140683609",-5.0469236854926,-4.32258059987135,-4.34274835245174,-3.81343601324868,-4.59561552369152
"gene-PLA2G7|PLA2G7",8.16492647208331,7.64297291913421,7.86758605263167,8.13243368671692,8.21411984461823
"gene-MEP1A|MEP1A",0.0558254395373786,0.00396397270054138,-0.71068876338723,-1.04057859921967,-0.65244398087593
"gene-ATAD2B|ATAD2B",4.93327344078394,4.50758880535374,4.75264007968051,4.99792185124579,4.98629081554406
"gene-LDAH|LDAH",6.46050329183552,5.95544115806823,6.02074572775428,6.52169232936656,6.67624656694253
"gene-LOC140683504|LOC140683504",-3.84457719632058,-3.1094074637905,-2.78656271523576,-3.3436445872262,-3.62466185740517
"gene-LOC140683633|LOC140683633",-3.68380250049809,-2.82280822198008,-2.83392418357204,-3.36526791250284,-3.54897287944809
"gene-LOC140683635|LOC140683635",-2.96619253110457,-2.30858047266325,-2.02913466061583,-2.66873628234541,-2.92988189761768
"gene-LOC140683638|LOC140683638",-2.7771057413928,-1.97960639268793,-1.80519539405714,-2.47304430235229,-2.7902241606862
"gene-PDIA6|PDIA6",9.370516970587,9.60534011923441,9.70001279378785,9.17778403685934,9.18250799147337
"gene-KLF11|KLF11",3.45273015594716,2.67986467639696,3.16131909896018,3.95124003303277,3.47000394339097
"gene-RSAD2|RSAD2",3.83918695607494,5.37069788342325,3.0009058091428,3.74642896213623,2.63427860779954
"gene-ELOVL5|ELOVL5",8.43322556628975,6.68187708310276,7.87009687537255,8.85958407336567,8.60573132625377
"gene-GCLC|GCLC",6.04216249320406,5.68027667149552,6.10822489139461,6.52366856495381,6.26989118520587
"gene-KHDRBS2|KHDRBS2",0.00365854700382533,-0.099603157842406,-0.390436666204281,0.46254741006701,0.858278331349235
"gene-EEF1A1|EEF1A1",11.8877390092811,12.044428416471,11.7407226064982,11.5436646297357,11.6859129978108
"gene-COX7A2|COX7A2",7.92085694611634,7.4728705328551,7.26900303572442,7.49215823627847,7.9081072707766
"gene-IRAK1BP1|IRAK1BP1",-0.771103897002762,0.781016455405901,0.123101037126364,-0.498275124619898,-0.253620560788651
"gene-SH3BGRL2|SH3BGRL2",5.51829348268037,4.77970445347343,5.12898493991767,5.71662629238562,5.79532971456164
"gene-BCKDHB|BCKDHB",7.46747263696186,7.22894666326698,7.01410334973167,7.16535109171441,7.63629515988182
"gene-TENT5A|TENT5A",4.15466857956759,6.12070872127975,4.31172850308532,3.88689914228481,4.49042135503836
"gene-ME1|ME1",10.9487216505765,9.16344964347513,9.48536435420412,10.5583836682026,10.9508442507205
"gene-BORCS6|BORCS6",4.91260479455165,5.86388348385976,5.3599414688027,4.74505246815471,4.74224561339215
"gene-PNRC1|PNRC1",6.41046552233597,7.24172374657821,5.91573174932249,5.8379614368715,6.01277572496285
"gene-GABRR1|GABRR1",-5.11226229117837,-2.89929690731595,-3.01717946285088,-3.88608051394747,-4.02781926452047
"gene-CCNC|CCNC",5.60294681334762,5.36995959174294,5.44459386567864,5.70476943993968,5.73736472676711
"gene-QRSL1|QRSL1",5.20824690023601,4.92668132488682,4.91118566255446,5.29290687759479,5.26599272137253
"gene-LOC140683687|LOC140683687",-3.04796263131328,-1.79034394623206,-2.23040822976202,-3.13838675932332,-3.3934759298767
"gene-PDSS2|PDSS2",4.97409144176379,4.50682001772289,4.6379167758863,4.94533261139753,5.09539956035684
"gene-LOC140683689|LOC140683689",2.48577661503092,1.2811255855425,0.785548266434392,2.4395994223359,2.71841065173254
"gene-AMD1|AMD1",5.79699014533683,5.08392878146286,5.66253478466249,6.1164726443311,5.82555944367231
"gene-LOC140683524|LOC140683524",-2.02586597706559,-1.44738720044359,-1.1408420501737,-1.1996088031553,-1.9915060574163
"gene-LOC115494316|LOC115494316",-3.18557752951192,-1.64419961176762,-1.86071476440286,-3.21190818486308,-3.20742922095405
"gene-GOPC|GOPC",5.20986794975274,5.40816500488153,5.48186050986387,5.27877592161816,5.14451906159539
"gene-PLN|PLN",-4.67171696579453,-3.66250652495499,-4.33778813936008,-3.74860514210865,-4.4012039645923
"gene-NCOA7|NCOA7",3.81498687704496,3.54540294517245,3.53287490027967,3.61038191483778,3.65842173641874
"gene-LOC116808104|LOC116808104",-2.93040464002264,-1.43088787445725,-2.66640954691053,-3.11770224348746,-3.41152646324471
"gene-HINT3|HINT3",5.98460133970057,5.59438420883855,5.53199204392272,5.81908650358368,5.95338640529263
"gene-ALDH8A1|ALDH8A1",7.16487700385192,6.68475900228368,6.50350143147283,6.76416454620771,7.21084949580318
"gene-LOC100229480|LOC100229480",5.1239364663305,4.73505099061714,4.56244147402286,4.73810400674075,5.06832996388541
"gene-ACAT2|ACAT2",8.3115024532244,7.90124904879627,7.95507075532085,8.10606238606626,8.23117796961932
"gene-LOC121469716|LOC121469716",-3.05432890095211,-1.23839932713021,-1.39604830524225,-2.72609796725254,-2.0041977841702
"gene-FBXO5|FBXO5",0.231978037752742,0.886037675843639,-0.187500869383102,-0.282172004270625,-0.35198006137224
"gene-EZR|EZR",4.05797761466216,4.28157144680215,4.55933669168015,4.58448445267793,4.39269530560767
"gene-PEX7|PEX7",7.162865324419,6.83301949570103,6.91861301175333,7.16048974120036,7.28349243543651
"gene-UTRN|UTRN",7.22984898444495,6.73844316910372,6.82963247964526,7.07712041458911,7.30536245980276
"gene-HEATR1|HEATR1",4.36419045314171,4.39934484428751,4.64106321835371,4.59253326364474,4.18002385885402
"gene-KCNK1|KCNK1",7.31871677958965,6.75741288842676,7.19404886263793,7.62988698787125,7.234303631839
"gene-LOC140683741|LOC140683741",-2.32944332840228,-1.09373039145009,-2.00528728393642,-2.46658772894594,-2.19369768689446
"gene-LOC115494383|LOC115494383",-3.51903937206801,-3.36543809163174,-2.45419791987737,-2.5575453593881,-3.61398530836562
"gene-ACTA1|ACTA1",-0.31595881148249,-0.709134824170194,-0.932360555631045,-1.34382773784596,-1.33200725779446
"gene-TAF5L|TAF5L",4.42091016960433,4.11354007915484,4.44445754072783,4.69975901800497,4.3851152681911
"gene-PDCD2|PDCD2",4.9391530073922,5.43660540334923,5.16451040989984,4.70715670262417,4.87606334073007
"gene-UNC93A|UNC93A",2.2252593735348,1.31803458239881,1.24672722061347,1.80625242578137,2.58637780111236
"gene-RPS6KA2|RPS6KA2",2.39080785694482,1.0425535859314,1.26389052680272,2.35482813358434,2.06924049542497
"gene-MPC1|MPC1",9.36234035252365,8.32579084764483,8.76343830266112,9.09012810475274,9.27656613971828
"gene-PRKN|PRKN",2.46636108289683,2.12283654404937,2.12213922682011,2.60380349193579,2.65214414456658
"gene-LOC140683746|LOC140683746",-3.7997055364751,-0.666505772066341,-2.78048749790548,-3.82829790997165,-1.70628653748328
"gene-LOC100190436|LOC100190436",3.89948461098875,4.23188127440227,3.8759245927812,3.65477805209836,3.74533225414611
"gene-TFB2M|TFB2M",5.49355006577566,5.22166932612538,5.20131327752562,5.43049666332411,5.57093713711443
"gene-DESI2|DESI2",5.22881477735349,4.94102474624128,5.11792625499269,5.33453175947055,5.28118329029729
"gene-GLO1|GLO1",6.96394560558681,6.7672001801684,6.48614421807815,6.46746249756204,6.7886036469583
"gene-GLP1R|GLP1R",2.64356134604093,3.36135689366507,3.08551116822324,2.93002026722241,3.13499919848353
"gene-SLC24A3|SLC24A3",2.13307615071133,1.59662237430302,2.19082273975986,2.23809208084359,2.92322261651323
"gene-THBD|THBD",4.48386117043053,3.93002081258105,4.45102488941375,4.77577150940907,4.6302067600725
"gene-ERLEC1|ERLEC1",6.35921251446442,6.7157432760667,6.62210146286419,6.28995537085814,6.25341165196099
"gene-EML6|EML6",6.22068219968025,5.97801078863139,5.68155100480922,5.75492484802039,6.14913432922137
"gene-RTN4|RTN4",9.94050603974297,9.61778596245112,9.50589512274003,9.66580815418099,9.99071689763513
"gene-MIR216B|MIR216B",-2.15616518739523,-2.40949540353565,-3.08384040895462,-3.32633463694723,-2.9889151013096
"gene-LOC100225817|LOC100225817",5.43894759220881,5.20812159281541,4.44901908229793,4.40571494615631,5.03326764277393
"gene-LOC116808070|LOC116808070",3.39082391175464,3.57661690315831,3.40915969272047,2.60950842622072,2.02084439326583
"gene-LOC140683778|LOC140683778",-4.9827950780708,-2.51415602103843,-4.32634910380586,-3.84743419838116,-4.94249421131769
"gene-LOC140683529|LOC140683529",-1.0388941902346,0.587578673477123,-1.61088922341233,-1.64678298262541,-1.02140631351481
"gene-APMAP|APMAP",6.80428572336536,7.55894539930265,6.8051351744807,6.3567269579662,7.13730026037584
"gene-CST7|CST7",2.29009373617543,3.02299270217515,2.4469236438298,1.49703101249862,2.3995808336292
"gene-RRBP1|RRBP1",6.93891320493688,8.52723200371821,8.1071665329509,7.3525990590169,7.20404839646299
"gene-SEC23B|SEC23B",5.00498504099385,5.33760749790832,5.3560379325777,5.07172264815813,5.01556684807543
"gene-PPP1R21|PPP1R21",6.46361244425381,6.07941189658393,5.83928909410297,5.83038438158705,6.48177456540918
"gene-LOC121469778|LOC121469778",-0.35272999995848,-1.2609266781619,-0.800291458582415,-0.741858621743346,0.0800796595441099
"gene-GNMT|GNMT",8.15943271608008,7.86220756555584,7.69439709753286,8.01232063494783,8.30187798722375
"gene-ABHD12|ABHD12",5.57496315358204,5.18850827525235,5.33351086073667,5.82479199963313,5.36941746868748
"gene-GALNT14|GALNT14",0.42441205980592,1.24412494065968,0.503123996243108,0.188026344499135,-0.0352622707562112
"gene-EHD3|EHD3",7.45116097761762,6.88926375207741,7.13265274133387,7.53565036189046,7.48191301001458
"gene-LOC140683791|LOC140683791",1.97937002278026,3.73425547139208,2.19542602928884,1.81018580956857,2.23326179376533
"gene-ITPKB|ITPKB",3.81170969085747,4.35003801539177,4.05786368444536,3.81142031265663,3.70027167239211
"gene-ACBD3|ACBD3",4.93507231410934,5.21825841531097,5.25512090859201,5.05089560723953,5.02049507822998
"gene-TMEM63A|TMEM63A",4.3954316117715,5.06811106277708,4.84728928708309,4.53653947518605,4.42307132949413
"gene-WDR26|WDR26",6.90092557686671,6.56347054468053,6.86402019415462,7.04834076534013,6.85457178576667
"gene-LOC115494503|LOC115494503",-2.4377760375878,-0.682360003305874,-1.79592466404908,-2.36616393553598,-1.38443302037911
"gene-LOC140683797|LOC140683797",-1.55875144320387,-1.79130873024221,-2.87633968892071,-1.06914025616534,-1.04020114567988
"gene-LOC140683798|LOC140683798",1.6674320892201,4.15369513786675,3.087980422464,1.0181265239745,0.709098524887602
"gene-LRPPRC|LRPPRC",6.4282120864113,6.22902593621795,6.42318396454072,6.66756235966984,6.59795541654963
"gene-ABCG8|ABCG8",5.43506318312173,4.90125625835102,5.1117561702448,5.05035511104716,5.72173650425317
"gene-LOC121469792|LOC121469792",-0.117911987398198,1.42950399351912,2.08777047834026,0.719166346947926,0.655479477796408
"gene-ESRRG|ESRRG",5.94845791746709,5.20471081380527,5.22505797145172,5.87690252019103,5.83469617586972
"gene-EPRS1|EPRS1",6.7882414512426,6.29441986514616,6.78861000621053,7.0335452851329,6.8375361129425
"gene-BPNT1|BPNT1",5.67222833914547,5.19867862988091,5.18255637730558,5.42774027440691,5.62075611186683
"gene-MIA3|MIA3",6.67988896496097,7.26733066883199,6.67254066548296,6.40781473852514,6.42536323587845
"gene-CAPN8|CAPN8",-3.81480073153863,-1.7009981693678,-1.746037709647,-2.45350814591597,-3.01858187646537
"gene-FOSL2|FOSL2",2.46105754752121,3.75573304895738,2.88770178194909,2.71989922585675,2.49851588979563
"gene-SPTLC3|SPTLC3",-4.16760035613448,-4.92945132401388,-4.26015631285105,-3.81722424626555,-2.75578280974205
"gene-MDH1|MDH1",10.196401322836,9.49058086365883,9.52254903385144,9.95361673410048,10.0229836111111
"gene-LOC140683834|LOC140683834",2.10477280911922,2.64840357265218,2.34699035620125,2.04071475716958,2.12730753715441
"gene-LOC121469833|LOC121469833",1.63516999870511,2.26118449096913,2.14084128492765,1.50545972291968,1.47850639041839
"gene-SUCLG1|SUCLG1",7.26408746975877,6.95051700836653,6.86549411876585,7.2386498707193,7.41130621354575
"gene-EIF2AK3|EIF2AK3",5.33650946713803,6.22527679328997,5.26691825772787,4.8890846246448,5.27255389243002
"gene-FABP1|FABP1",7.68043466433767,6.47451345247792,6.27327203989203,7.49390926006247,7.92879287142137
"gene-LOC115494875|LOC115494875",-1.40468357561535,-0.103741980683626,-0.531100091736952,0.0305895299959098,-0.6569993865727
"gene-LOC115494876|LOC115494876",-3.93058561758851,-4.50562656965541,-3.41666770482142,-2.10839467103572,-2.95674606275084
"gene-IMMT|IMMT",7.95170602300369,7.53148523234428,7.65009264445408,7.9053685566154,7.97960141925505
"gene-LETM1|LETM1",7.04677366635219,6.48042789806194,6.69213532209136,7.08853841872996,7.09790346947024
"gene-MXD4|MXD4",5.19020341870731,4.75236537558392,4.69024044396676,5.06088277452517,5.3288776860534
"gene-LOC140683902|LOC140683902",-2.23683464799667,-2.0838839273411,-0.314315809507817,-3.20960648992602,-2.96837060543908
"gene-PROM1|PROM1",-2.77558685930723,-2.54457110071745,-2.83658820415253,-2.15760118991271,-1.24007992506929
"gene-TAPT1|TAPT1",6.87977490072695,6.37499244455469,6.57925714874546,6.59769888026561,6.86165363238251
"gene-RELL1|RELL1",3.80410134033378,3.96043496035369,4.09675524205718,4.37973531157183,4.39897177724488
"gene-PGM2|PGM2",8.43092904300937,7.74062712620682,7.8532259224163,8.26559190957308,8.42413347597107
"gene-SMIM14|SMIM14",7.83395824631348,7.32861373741058,7.37868207983462,7.6320114904647,7.78720987605143
"gene-ATP8A1|ATP8A1",5.04236111967161,4.53345965728704,4.63553053056939,5.48092655767801,4.94825796519694
"gene-GABRA2|GABRA2",-3.57098802766339,-4.67397463228255,-3.34593456741135,-4.64582796890685,-2.70747534104851
"gene-OCIAD1|OCIAD1",6.22681074654301,5.95214564214791,6.04274287182801,6.08936123567896,6.34792079186239
"gene-PDGFRL|PDGFRL",-1.89385501989264,-0.773333596598246,-1.34845173667469,-0.648923344039864,-0.135947907585506
"gene-LOC100228027|LOC100228027",6.34101776054762,6.59339356075456,6.3212252584051,6.01310969360313,6.57541504489698
"gene-SORBS2|SORBS2",5.40897282510493,4.59320215974568,4.26446409477281,5.22168559911383,5.55381354355367
"gene-LOC100227970|LOC100227970",5.46330670742314,5.02084855775446,5.04591397853694,5.29971951397183,5.38045418836472
"gene-SLC25A4|SLC25A4",6.27559802081275,5.18739605638142,5.65343604512531,6.21605759296448,6.09461729995349
"gene-ACSL1|ACSL1",8.85734253539931,8.05756067287965,8.67015012646336,9.2601942038047,8.76300156000513
"gene-GPM6A|GPM6A",-1.16692683766176,-4.29251168595475,-2.60742273976678,-2.75129863100025,-1.47829111286116
"gene-LOC140683943|LOC140683943",-3.30756796856299,-4.54427857387145,-3.61688577665981,-3.45433331147075,-2.96524180642649
"gene-AADAT|AADAT",5.85989481832995,5.29165581894883,5.26709201877884,6.09210948614054,6.11156681162438
"gene-MFAP3L|MFAP3L",3.13651029103841,2.60846400560263,3.07187186062687,3.73098847905144,3.19588724760753
"gene-LOC140683952|LOC140683952",6.36764789540617,6.22811896526616,5.1890513397119,4.80709372897045,6.24136843072604
"gene-MSMO1|MSMO1",7.12037624312156,7.47628100760352,8.13270428889712,7.70782338744537,7.09886441927085
"gene-RAPGEF2|RAPGEF2",5.71042897565638,5.44811879022068,5.50745931846848,5.80671423124917,5.65681222190713
"gene-PPID|PPID",6.91503390412515,6.43293412710531,6.45957414631107,6.74006891421088,6.84397852832799
"gene-ETFDH|ETFDH",6.63609228421563,6.08519862876393,6.32054280623093,6.66862689571805,6.87234245583272
"gene-FGG|FGG",11.6578146713456,12.5533235879095,12.404042137814,11.625483188657,11.6221179286704
"gene-FGA|FGA",11.6478338635386,12.4377634262742,12.4678239790906,11.7728544339817,11.741489876555
"gene-FGB|FGB",12.1852424469994,12.936805563039,12.6164736016982,11.9439252173375,12.0115213670822
"gene-PRAG1|PRAG1",-2.80367002984806,-1.66968992092947,-1.61220004644918,-2.08895090807764,-2.517362181018
"gene-SRP72|SRP72",5.76656188294546,5.85589217153593,6.0006689472325,5.70789331091109,5.59292975018894
"gene-LEPROTL1|LEPROTL1",4.67843149213612,4.95928877557567,5.02304829335489,4.75469252010077,4.70452032661775
"gene-SARAF|SARAF",6.1797126351916,6.443807233647,6.50092860739717,5.99474473016556,5.93924809355968
"gene-HADH|HADH",6.46268087808632,6.0090917884701,6.11687318337774,6.45541177843164,6.62666842732645
"gene-CYP2U1|CYP2U1",6.04119324868155,5.78389693361572,6.06655825963012,6.52094769778377,6.22282883312271
"gene-LOC140683983|LOC140683983",-3.24405440291266,-0.777635676130593,-2.4661167433714,-3.35182847743588,-2.55361236385263
"gene-LOC100218703|LOC100218703",8.54177704961881,8.74501216556219,8.59003806908206,8.26756205383099,8.29922133096804
"gene-LOC101233514|LOC101233514",2.87704577050545,3.45523814459533,2.43018045329374,2.96003318877693,2.33319460113871
"gene-ENOPH1|ENOPH1",4.75418952341432,5.12390291044702,5.40721971576176,5.18776377661039,4.88550642466451
"gene-ELMOD2|ELMOD2",7.40866169430453,6.81197731903811,7.00483331575547,7.33195258250261,7.26114537793617
"gene-LOC101233771|LOC101233771",-4.42462583726183,-3.82754306357383,-3.42497993460636,-4.49131210705789,-5.27813342224473
"gene-LOC140684015|LOC140684015",-1.53243837761524,-0.104214267243044,0.138464285144738,-0.689881057396923,-0.704062136966603
"gene-CNOT6L|CNOT6L",4.62922369233307,4.39468425230952,4.4785424413975,4.74014672578921,4.47748812644626
"gene-APOOL|APOOL",6.18291142140533,5.90378454161681,5.98384599025494,6.28959390598192,6.32734888965908
"gene-LOC100223640|LOC100223640",5.95375727945799,6.23734734782163,6.24310914267254,5.90972570363776,5.91452512520152
"gene-PDZD11|PDZD11",4.58368513462212,5.35743511826396,5.03380006471132,4.53209718805266,4.35456099447302
"gene-LONRF3|LONRF3",6.955406432002,6.4928841048378,6.36297638470463,6.96272206828528,6.83623076913896
"gene-RNF128|RNF128",5.26172234469915,4.83874789698158,4.95607929194861,5.25546540535856,5.2847584293102
"gene-PASD1|PASD1",2.98790609747764,2.30797308955839,2.6083162345729,3.37824733384663,2.5201033046468
"gene-MTM1|MTM1",4.91104763545846,4.64733480612153,4.84466238980752,4.99910810583374,4.75324060369314
"gene-NSDHL|NSDHL",3.90756105872862,4.26764068738764,5.67074569666299,4.71024121469144,4.43294594430939
"gene-COX7B|COX7B",6.64105456480719,6.27320957244528,6.10151426308154,6.2640079442455,6.67043416846242
"gene-PGK1|PGK1",8.63689481651505,7.93465372337472,8.19840896916327,8.42198249186219,8.61033985158741
"gene-PRRG3|PRRG3",2.25344107749585,3.10639534082512,2.30893968054717,1.91275340662674,2.09234971500017
"gene-TIMM8A|TIMM8A",3.8673919708209,3.1399569299433,3.64764893782043,3.94230254756584,3.73411031820347
"gene-DKC1|DKC1",4.96607850628417,5.09728966933771,5.45835223583328,5.53399393646077,5.00775414237958
"gene-GJB1|GJB1",8.55073419321421,8.24099260713886,8.13572101384221,8.20110677282926,8.52688212811634
"gene-LOC115495280|LOC115495280",3.19571784443025,2.34560760830415,2.01319907647363,2.778296553574,1.99724088507425
"gene-ARL14EP|ARL14EP",4.56029010126536,4.44930368775915,4.53616267348006,4.74558767706595,4.84291507597393
"gene-PRRG4|PRRG4",0.112778764483697,0.945101230230768,-0.500566201936974,0.0556471817698039,-0.361180954873721
"gene-CSTF3|CSTF3",4.7007723437349,4.88278151190208,4.80206573724593,4.57044307082441,4.59816164408853
"gene-BMAL1|BMAL1",5.39242444213111,4.85392212104395,5.28210898211974,5.99271554046239,5.11618612243752
"gene-PARVA|PARVA",7.03807581272271,6.72366566633665,6.68331226945747,6.86346138870597,7.32004195347105
"gene-CSRP3|CSRP3",-3.05724230736924,-2.37455634644757,-4.31880015780373,-3.39095395703907,-3.51045249524643
"gene-CCND1|CCND1",5.82556444379692,5.50142130928867,5.3685029724864,5.71616876346572,5.81428928733757
"gene-FADS1|FADS1",8.75253521222555,7.2048001322683,8.28530335811916,9.0075536810379,8.48728259183746
"gene-LOC100222881|LOC100222881",9.29146389242792,6.47911189832201,8.47385134298085,9.63247432108693,8.6956122146277
"gene-RAD9A|RAD9A",2.56991776414165,3.33091367227196,2.84301690660922,2.51100819797262,2.50881020224457
"gene-OSBP|OSBP",5.63725681973828,6.10866240324549,6.14358036189762,5.72486247356748,5.56864479158495
"gene-TKFC|TKFC",10.2868966289983,9.65739217743398,9.70454602519396,9.87748434867231,10.0260753689111
"gene-FEN1|FEN1",3.11172001197775,3.50504864996163,3.63446715888969,3.45566175961537,3.14218562170197
"gene-LOC115495431|LOC115495431",0.523850898343885,2.53514494589679,1.61970567824802,0.925348032331551,0.816465316324656
"gene-LOC100230622|LOC100230622",1.27214444970624,4.47276313654119,4.83970108919679,4.02731085673362,1.52138452094596
"gene-SIRT3|SIRT3",4.8106038362537,4.77638994899224,4.6998525845614,4.6029165334505,4.91417425946922
"gene-GCHFR|GCHFR",2.33553247625214,4.12521056972589,3.02607052159881,2.22188534636456,2.55569715699087
"gene-ANO9|ANO9",-1.26161839962979,-1.95392090139745,-0.857860863964379,-0.448307765236612,-1.9164885115438
"gene-LOC115495437|LOC115495437",-3.18005508780135,-3.45491944390979,-4.16551791321406,-3.43036233119458,-4.34569588508563
"gene-UBE2L6|UBE2L6",2.75347395263297,4.0505369386136,3.49103758720018,2.67922488519979,2.30961633853561
"gene-TMX2|TMX2",5.54134487111592,5.51862581313219,5.39338867205707,5.19741592886051,5.13603901606034
"gene-MAX|MAX",3.9821219210623,4.34736926671918,4.10424552559402,3.87826948925262,3.8564446400414
"gene-NDUFV1|NDUFV1",7.75224008699007,7.4936280728468,7.28241516495684,7.38646106000811,7.71650943834026
"gene-WEE1|WEE1",4.46530980262855,3.81583644908578,4.34349859204469,4.88786823059232,4.64479785020832
"gene-TMEM41B|TMEM41B",6.93432707948934,6.1316458485651,6.6247995252113,7.17317697085721,6.5992596104993
"gene-LOC100228652|LOC100228652",-1.96121453468084,-0.242595854540105,-1.61313980840177,-2.54040534298385,-2.66877788248102
"gene-LOC121470057|LOC121470057",-2.99700019399074,-0.373745316642588,-2.09723786288044,-2.65080072344993,-2.41823984133814
"gene-TMEM86A|TMEM86A",8.19747859987823,9.92980409759098,8.99772484809002,8.16517794549261,8.61859229957862
"gene-LOC140684264|LOC140684264",0.704515665016365,2.36737258624349,0.658121271011242,0.592582173595864,1.07399693878601
"gene-LOC100231625|LOC100231625",3.53746879379762,4.58189802670347,3.16832754084795,3.0635647837994,2.99048344201586
"gene-TRPM5|TRPM5",-0.859095223777492,-0.198456621688245,-0.00169517961565324,-1.3438785125694,-1.65370455365638
"gene-TNNT3|TNNT3",1.57391496290399,1.62636694420263,1.21401442078749,1.11177822068465,0.500407306674535
"gene-RNH1|RNH1",7.2372660458166,6.61544460391612,6.67627907760684,7.08497406481164,6.98221386133686
"gene-CPT1A|CPT1A",7.85196104389952,6.76797421103414,7.39575783324339,7.96495034247776,7.86378088668898
"gene-NDUFS3|NDUFS3",6.56293041632681,6.10909896562698,6.12896954112307,6.36426699835748,6.54827169519273
"gene-LOC100220107|LOC100220107",2.20530343589772,2.7304580604025,2.16131603150932,2.08128916402618,1.88515451004187
"gene-ZFYVE19|ZFYVE19",4.75730797086411,4.33490649720464,4.33492817430733,4.52838973097701,4.62944341952626
"gene-DLL4|DLL4",3.9958246369274,4.50820424506734,3.44882968014807,3.28510575055645,3.63912246098476
"gene-CHAC1|CHAC1",5.47079059841923,5.42726674214972,3.48070441316771,3.68701765125921,4.12944592241577
"gene-LOC101233080|LOC101233080",5.21384002512926,4.41357742181985,5.13159745194147,5.42485996726048,5.29647858599525
"gene-CDIN1|CDIN1",3.35781399606134,3.21809364441888,3.30085475827958,3.63358306585465,3.64130955781958
"gene-ACTC1|ACTC1",-3.35352613971357,-1.96463538880312,-3.57720488408533,-3.87441838207009,-4.28065239228618
"gene-NUBPL|NUBPL",5.54159186083157,4.93700345555264,5.30542380120223,5.52267160562068,5.69092127405048
"gene-BRMS1L|BRMS1L",5.2622221160892,4.97593724783937,5.30101760709696,5.49162183330118,5.38824427957344
"gene-FBXO33|FBXO33",5.69414388515676,5.38135105581133,5.58191043289405,5.71800853672685,5.78593353956485
"gene-RPS6KL1|RPS6KL1",0.302710000538112,0.54978753534445,0.315276973824394,1.3099397869122,0.805156930901321
"gene-DLST|DLST",6.67948689967776,6.06343034133763,6.46591775949013,6.91310726060244,6.68644245255368
"gene-POMT2|POMT2",5.06159752095119,4.89004428055041,4.94359420352362,5.34525284023001,5.39095816705372
"gene-SEL1L|SEL1L",7.35115730795184,7.66386529935542,7.73059623731288,7.31454927489585,7.22278658254981
"gene-UBR7|UBR7",4.89792760820681,5.2233458337526,5.07341995497788,5.12481319752464,4.81096318175643
"gene-LOC100228673|LOC100228673",10.2901561235401,9.686935337713,9.72121388534641,9.99764004499598,10.240186775135
"gene-LOC140684331|LOC140684331",0.89803154132071,3.69184861113449,3.0416987060536,1.06933904451727,2.16163414291591
"gene-LOC100219136|LOC100219136",5.2289633092701,3.67144124587795,4.62890496670922,5.17024915871279,5.25104383962683
"gene-LOC115495650|LOC115495650",0.692643764796489,2.34206474551407,1.76841813602392,0.941874381054816,1.74101600607429
"gene-DLK1|DLK1",0.253952066185424,0.520716541138837,0.188899479407622,-0.236634765845971,0.366938178366709
"gene-LOC140684342|LOC140684342",-1.18072003153989,1.20386904511478,-0.101555994992083,-1.35775700228489,-0.423011748559276
"gene-DIO3|DIO3",2.64130000010488,4.77647028060084,2.12126200417753,1.35094168906855,2.02566954760824
"gene-TECPR2|TECPR2",5.52046945578198,4.84357974212605,5.45809706538362,5.65368014378476,5.535801473972
"gene-LBHD2|LBHD2",3.66120795748337,3.0536406693793,3.3001943198133,3.72020292110202,3.91628100710118
"gene-TRMT61A|TRMT61A",3.09699996129546,2.71045475650191,2.8270098710173,3.24749646451182,3.0547331068009
"gene-KIF26A|KIF26A",2.30547527566024,1.69699151089136,1.90716026530134,2.50716485683107,2.5288757558566
"gene-AKT1|AKT1",7.33770837512249,6.95655007255397,7.10290595889979,7.27921113577503,7.32666078887214
"gene-HSPA2|HSPA2",4.49066600287921,6.29811639725599,4.02819417913797,3.65876045708274,4.1256979042448
"gene-ESR2|ESR2",6.19505629382786,5.60143028964093,5.66746390458069,6.15859523017029,5.80145027806897
"gene-MNAT1|MNAT1",4.25727234993596,4.17059609353323,3.90168154402339,3.83485420931805,3.92720831204582
"gene-GCH1|GCH1",8.58196443462549,7.24427525911563,7.46694765765394,8.31078148227857,8.62844462381753
"gene-SAMD4A|SAMD4A",6.2079908661411,5.43353940653103,5.46289153869494,5.70852494769465,5.83521411238064
"gene-ATL1|ATL1",5.00192983442033,4.21604045174253,4.58746424248158,5.35741001066126,5.26100627141195
"gene-CTNNA3|CTNNA3",-2.69780383164358,-0.951498381718001,-1.56881037101809,-2.50729765582596,-2.19879800701592
"gene-PBLD|PBLD",7.30039731944344,6.60707127382172,6.85758144961701,7.47667275994672,7.52002145793305
"gene-LOC140684409|LOC140684409",-1.97049354134645,-0.759910783542686,-1.46598345714485,-1.37998425106312,-1.63817392754661
"gene-ERLIN1|ERLIN1",5.95328265964536,5.71414672871017,5.9876661434319,6.39396199202424,5.95822293824118
"gene-PTEN|PTEN",7.35930127543222,7.02954262922036,7.18804124380778,7.53330859761883,7.33022162849467
"gene-MINPP1|MINPP1",11.0419281170082,10.4576924889933,10.5833077333047,10.9789288628255,11.1775918780536
"gene-CISD1|CISD1",9.09300454699101,8.46481181211932,8.54806657346522,8.74680071061164,9.07476171319161
"gene-REEP3|REEP3",6.25607388689249,5.47148456301318,6.04446672148592,6.45108780752019,6.3774966842221
"gene-SH2D4B|SH2D4B",-3.74069876626127,-1.88078018114901,-1.95594169581714,-3.49688746373867,-2.76926459555954
"gene-LOC100229447|LOC100229447",-4.15931950887962,-3.22129939241527,-3.0711040408807,-3.32244257450073,-3.38144635826158
"gene-BMS1|BMS1",5.70595256454883,5.47189201996921,5.91980572453461,5.96865009041423,5.56792183892201
"gene-DLG5|DLG5",4.65270143003982,4.00856797518431,4.74050944668333,4.91850787101503,4.86087733874353
"gene-VDAC2|VDAC2",7.81814045428688,7.39101705298569,7.50842419888608,7.82287828880541,7.85089595175741
"gene-DUSP29|DUSP29",-2.44281280599789,-4.16836855598636,-3.59696835819464,-2.25034263094506,-3.48101419967649
"gene-ADK|ADK",11.4660956616119,10.9137401780211,11.0624267347978,11.2976119305216,11.5554237649178
"gene-AP3M1|AP3M1",8.38274714549325,7.87184569117363,8.07257473740988,8.42493475049917,8.54342155058412
"gene-GBF1|GBF1",6.67727342367367,6.85466559047687,6.95052841051006,6.69146245105152,6.4867873804002
"gene-NDUFB8|NDUFB8",7.17405205900857,6.84700558458959,6.68500557720435,6.72650452675173,7.16704005812616
"gene-LOC100227038|LOC100227038",8.12073714919975,7.62443297798426,7.487202181031,7.70466513841957,8.09527765308789
"gene-SCD|SCD",12.3622163226264,10.6080268241739,11.629765389018,12.4316528467637,11.970839927085
"gene-GDF2|GDF2",3.67314992608597,3.60112237976544,3.13449604290906,3.73410173172779,4.09802555222537
"gene-MAPK8|MAPK8",5.02145389106295,4.53186968143373,4.8346196922536,5.02727906291192,5.10274037492264
"gene-LOC100229421|LOC100229421",2.23510305713579,3.14426751583459,1.23884146368912,2.01851801268559,1.11587875067075
"gene-RBP4|RBP4",12.6153684973832,12.4263731720823,12.1207810416557,11.9712944781758,12.3743288517274
"gene-GOT1|GOT1",8.76502230428237,8.23292443319055,8.4098159544742,8.62749757506842,8.77843943481677
"gene-ZDHHC16|ZDHHC16",3.23009026222031,3.62209205510039,3.38851933189518,3.30112514478654,3.1829851204306
"gene-CYP17A1|CYP17A1",2.40452736871246,2.49582609421984,2.54671468040197,2.5299641240878,1.87049540047829
"gene-ATP5MK|ATP5MK",6.22042889397067,5.83665837455239,5.63406467970648,5.53631294454509,6.09033202599866
"gene-PDCD11|PDCD11",5.42816845329407,5.31539694659783,5.61626423940708,5.42842228092869,5.09157812778117
"gene-CFAP58|CFAP58",-3.26541540642386,-1.00186574998851,-2.37581717220608,-1.12764404036435,-2.47818080710013
"gene-SHTN1|SHTN1",6.84809476796355,6.48040167814344,6.66467341426222,6.96856318646036,7.05266536048991
"gene-PRDX3|PRDX3",7.96312200965509,7.74707792525277,7.5972703384775,7.590859826842,7.96800581812526
"gene-BAG3|BAG3",5.02823726613127,6.13748841034826,4.32236467760672,4.32193860422207,4.60217925239224
"gene-PLEKHA1|PLEKHA1",4.69108868727419,4.47492524294513,4.49280160287538,4.68690702078866,4.81456847666364
"gene-GLRX3|GLRX3",6.2237968849015,5.89394122966349,5.78518863868672,5.80986451142499,6.21450667831858
"gene-BNIP3|BNIP3",6.52508319545125,7.0677896780014,6.53710726964539,6.26538432502595,6.35278125695522
"gene-ABCA12|ABCA12",2.77946470801484,3.65081930880485,3.13156022771921,2.59108293286753,2.20758670651653
"gene-SLC19A1|SLC19A1",4.51052709497508,4.49004729122685,4.24663914146171,4.92497244791849,4.98685499759787
"gene-NDUFA10|NDUFA10",7.85337474276968,7.44323374246247,7.32183856122687,7.50587566680471,7.9032819367244
"gene-HDAC4|HDAC4",5.02736582874631,5.85196836625352,5.04005554879724,4.94499305166157,5.07237934616681
"gene-SPP2|SPP2",9.92301005197466,9.55644794351919,9.44332663597143,9.5290064262227,9.9814362918727
"gene-SMC1A|SMC1A",4.91595303799321,5.03433913706795,5.44175253856411,5.23281017561317,4.91880151042918
"gene-SNX4|SNX4",5.72664106080195,5.29154889373004,5.51663116373105,5.77081499617011,5.90264436673213
"gene-HEG1|HEG1",4.58696015759568,3.94776893885952,4.44075761246008,4.65855119096922,4.66942181057059
"gene-ITGB5|ITGB5",7.35521943598102,6.46308943264525,6.70694342906908,7.54137942767136,7.45127616680991
"gene-EAF2|EAF2",6.51245641198814,6.24901959267533,6.29686136489171,6.39566618426581,6.60711582231445
"gene-XRCC5|XRCC5",5.56358119743079,5.3063474060974,5.48108259525925,5.70222749224147,5.66552613297167
"gene-IGFBP2|IGFBP2",3.18412948540432,4.43475135015324,4.28218041984334,3.11195563354863,2.96323795805181
"gene-TNS1|TNS1",6.64868659026122,7.14497190938261,6.77672529141224,6.44184662073105,6.53997855988969
"gene-SLC11A1|SLC11A1",2.19688361817293,2.77085798010988,2.70430644294965,2.50961754775613,2.1319515295156
"gene-VIL1|VIL1",-2.95499132141885,-0.720773793231687,-1.78418561507664,-2.72133478999227,-2.54066590364501
"gene-LOC100222650|LOC100222650",4.71087162442441,4.92815300875413,4.7642887025013,4.54697060110215,4.45476114677782
"gene-XIRP2|XIRP2",-4.4633513216787,-4.30135155471454,-4.76018330949259,-2.83612062280626,-3.11263987200259
"gene-DLX1|DLX1",-1.43564422288445,-0.483285883296184,-0.819197883874321,-1.87418986087873,-1.67020580791919
"gene-LOC140684562|LOC140684562",2.76787579628074,2.92916411574555,2.76816382504958,2.05179464723891,2.68579556099071
"gene-LOC121470256|LOC121470256",1.2946800632908,1.39895459977868,0.0947039025753977,0.268354440909942,1.16423885728379
"gene-CDCA7|CDCA7",0.691441150582298,1.30020232696774,1.14739213701254,2.04654190629387,1.48492348524957
"gene-ATP5MC3|ATP5MC3",8.93244896075341,8.48810701419466,8.30003831194644,8.5297639510097,8.95859275433568
"gene-PDE11A|PDE11A",-5.00427392629306,-2.97444553153665,-3.10111395286094,-4.4013964938791,-4.01261774146038
"gene-CCDC141|CCDC141",-4.01181789772848,-2.89036413698929,-2.76245579765145,-3.65251898454728,-3.54014419729886
"gene-ZNF385B|ZNF385B",3.61294817194992,4.60135481929805,3.67300869836935,3.3817057793071,3.67412918019241
"gene-LOC140684575|LOC140684575",-2.08256948335737,-2.50708411561111,-2.16455213261641,-2.83817455915164,-3.86913685633185
"gene-IDH1|IDH1",8.20427995313971,7.72835937147156,8.13661549473889,8.45191321625114,8.58813253115596
"gene-NDUFS1|NDUFS1",8.38080719436866,7.89779897378598,7.96771666845508,8.07605208276414,8.39206907638448
"gene-COQ10B|COQ10B",3.18203967193003,3.03515874694086,2.63589744959316,2.29671793083827,3.06574796681813
"gene-NABP1|NABP1",6.43710617583698,6.86830781654652,6.37929627459275,5.76331613533318,5.58038020096503
"gene-MYO1B|MYO1B",6.53165743988316,6.94801090615926,7.00996493848366,6.74972927163358,6.46323354827344
"gene-LOC115496012|LOC115496012",-0.417468109921022,-0.387148626958932,-0.74387893569816,-1.28436559767391,0.0362388242466204
"gene-S100B|S100B",-3.35307567988733,-4.44570315845702,-3.97194974501031,-4.28562089560861,-4.25148434733565
"gene-MYL1|MYL1",-1.87379033581369,-2.01774680610546,-2.38260454540216,-2.83458724190844,-3.26624066726041
"gene-ACADL|ACADL",8.69324174388583,8.30923023883161,8.25467631434078,8.32860667324938,8.73262022550143
"gene-DBI|DBI",9.3171435501497,8.34189315475623,8.50416705281941,8.90489797845,9.24127247877148
"gene-CCDC93|CCDC93",4.21339859970132,4.0308046055234,4.19460847781278,4.47969568780361,4.12093480102343
"gene-LOC140684500|LOC140684500",-2.5011829632897,-1.93405869896802,-2.72025176052674,-2.99338957666177,-0.666699737026736
"gene-UBXN4|UBXN4",7.6091310135844,7.16003384941711,7.40175555581023,7.57703412319762,7.54212442352909
"gene-THSD7B|THSD7B",0.118657265945301,1.27629035347464,1.57102429253208,0.755721706650922,-0.0166147820921623
"gene-MMADHC|MMADHC",6.09675957750272,5.82147997568907,5.81235950679368,5.96191804752939,6.17542994796326
"gene-NEB|NEB",-2.14200516621572,-2.67131491241195,-2.74185344995298,-2.54153661997136,-2.02144735285171
"gene-GPD2|GPD2",3.0454802053755,1.55545197633278,2.04126246223839,3.05637318015605,2.97845268671447
"gene-UPP2|UPP2",5.79252365417465,7.21087755611578,6.02690626341172,5.5505012055574,5.94513003655929
"gene-LOC115496050|LOC115496050",1.13312650633844,1.14005210973306,1.33636163123013,1.72534809030993,2.08045289223285
"gene-LOC115496148|LOC115496148",0.380577424968196,1.38725394492461,0.973329906465278,0.513539833282482,0.653673765630437
"gene-ACADM|ACADM",8.1542802367609,8.03386581388652,7.75640361835572,7.93023218250864,8.27422237261955
"gene-TNNI3K|TNNI3K",0.843549494385313,0.478366578193642,-0.12002936355795,1.3791584834532,0.00558490923263726
"gene-GADD45A|GADD45A",7.52835779873568,6.62337151797707,7.19061881064639,7.573236923075,7.6488132531923
"gene-SERBP1|SERBP1",7.54751853109343,7.22125509058821,7.45247037580943,7.62725223875207,7.53580735757012
"gene-PGM1|PGM1",7.67019029327368,7.03329590604614,6.89614104660755,7.07840583826457,7.36772020307189
"gene-C8B|C8B",7.32108529205714,8.0523629191841,7.72114398654991,7.31559697669291,7.19171304636891
"gene-C8A|C8A",7.64318290471981,8.53256882905533,8.09061135838265,7.81742862066434,7.71777363604101
"gene-FYB2|FYB2",4.2486169106659,5.56755912276264,4.89637300723115,4.46836826131665,4.2958446974277
"gene-DIO1|DIO1",6.29883444916304,5.51520873300889,5.70983992073579,5.94832717106617,6.28126907858035
"gene-STIL|STIL",1.51849214017755,2.18831056110269,1.65106732949258,1.39155727016541,1.33618819787125
"gene-MKNK1|MKNK1",5.67744033274152,5.05970193324299,5.29794700790824,5.6948346652644,5.83627493798916
"gene-UQCRH|UQCRH",8.62424963312648,8.36927159749617,8.22343357780737,8.24843195959528,8.6216029254243
"gene-MAST2|MAST2",5.73742262897666,6.04301916742442,5.7309958183075,5.38276104203204,5.67822227974584
"gene-PRDX1|PRDX1",9.199699523199,9.00342133184286,8.85900748600862,8.91533095645328,9.26992409177091
"gene-MUTYH|MUTYH",3.43679242994928,4.13320113836218,3.8721420480645,3.62910885115761,3.48601148327265
"gene-LOC115496160|LOC115496160",-0.737883338873442,-1.70697203025159,-1.21545245157439,-0.290187365730337,-0.555144467424862
"gene-EBNA1BP2|EBNA1BP2",4.40432616215459,4.37287734497719,4.48760088117851,4.45040598012508,4.12924965417524
"gene-LOC100227069|LOC100227069",-0.982140810875263,0.154691993200422,-1.21111366335527,-1.22795076961392,-1.89759866177249
"gene-PRKACB|PRKACB",7.09192403623789,6.55437401385195,6.75820091646268,7.28665908024646,7.18139599333096
"gene-CTBS|CTBS",6.03026596834744,5.48557330305,5.36264628217086,6.02986812323645,6.04481595606987
"gene-LRRC8B|LRRC8B",7.39983089809141,6.4181924741523,6.30453119800033,6.92868726469091,7.29189977169891
"gene-GCLM|GCLM",5.92023751611463,5.71940867181634,5.78021195142087,6.19346392780536,6.16000320475244
"gene-ABCD3|ABCD3",8.28213974605323,7.62406208145266,7.97772846494291,8.48418560421654,8.33026702944088
"gene-HCCS|HCCS",6.29812629414662,5.67274434684462,5.86809551858827,6.32320073647635,6.40620659052834
"gene-LOC100218765|LOC100218765",0.50040172328557,0.778083884906921,0.285081257566231,1.36633201214848,1.077653697194
"gene-CAMSAP2|CAMSAP2",6.16550752345743,5.58491392653166,5.85985868151412,6.24096802491271,6.14852825071594
"gene-CFH|CFH",8.72848555476566,9.60080608338218,9.61127709647471,9.15107001782681,8.79547927364471
"gene-LOC115496249|LOC115496249",-3.530456577293,-1.18986889550069,-3.33643939757984,-3.04080081066764,-3.25318474919193
"gene-KCNT2|KCNT2",6.27139491819282,7.41653406531171,6.95117132098385,6.41400720157832,6.38462002920571
"gene-LOC140684658|LOC140684658",-2.23235403241034,-1.4026493073895,-0.939141688293695,-1.96235073274694,-3.05946318645304
"gene-MRPS14|MRPS14",5.84322237222943,5.49793215282352,5.3340244979963,5.55640671609445,5.799237762026
"gene-ATF6|ATF6",4.52907164735854,5.01706269801507,4.94666245118073,4.72462991000232,4.66546579512727
"gene-UAP1|UAP1",3.4967151535956,4.30581232297328,4.258109429299,3.66344001541426,3.51289308100615
"gene-PRRC2C|PRRC2C",6.30614649414452,6.32111653331172,6.4883220189978,6.58658928630518,6.24206612266054
"gene-FMO1|FMO1",8.24604729810356,6.78115369058968,7.05718714364131,8.3815854106168,8.22902994250077
"gene-TMCO1|TMCO1",5.17043025503992,5.45522097425165,5.11162286785947,4.96498259449929,4.98753591056302
"gene-UCK2|UCK2",3.2759902140304,5.25836530827829,4.89534761680341,4.27299205093903,3.5907814654655
"gene-TOR3A|TOR3A",4.14232722181474,3.18602129176729,3.96384163697275,4.96042956097294,4.05122560072967
"gene-LOC140684646|LOC140684646",3.2667931584188,1.71849140904365,2.65226783015882,3.22908401626967,3.13760115539868
"gene-LOC121470441|LOC121470441",-1.82038586371317,1.96582025652815,-1.57474904028087,-1.86989374333111,-1.6557724023456
"gene-DNAJB11|DNAJB11",6.64957512643125,7.26378566648837,7.13757517573167,6.52735431539134,6.43388101847452
"gene-C9H3orf70|C9H3orf70",1.91742295953948,2.38650111870089,1.95605059650166,1.82840863381205,1.59612399894928
"gene-NGEF|NGEF",6.65155386254961,6.97563494671664,6.5940235558503,6.24209476519088,6.52042455562833
"gene-PROC|PROC",8.65335302042504,8.55842216948889,8.41195492501516,8.48287476010039,8.80289785068326
"gene-LIMS2|LIMS2",4.98029022017579,4.46705132331191,4.58974543569464,5.01699989114888,5.05116244612133
"gene-DLG1|DLG1",6.63376524153375,6.10982702124383,6.33616781101081,6.6998564252153,6.5094217995717
"gene-OPA1|OPA1",6.69569316912895,6.25888380158088,6.52319417227626,6.78017603536252,6.73297670743137
"gene-SLC51A|SLC51A",7.0113081733343,7.3809511481387,7.15704413959938,6.95944047416246,6.87731446252242
"gene-LOC115496371|LOC115496371",-2.13407074955933,-1.10301204627793,-1.61198793114513,-2.72333279263299,-2.48603711522366
"gene-NCL|NCL",7.53800171705872,7.85427044711845,7.85685558907987,7.77906221204868,7.5019336564116
"gene-PTMA|PTMA",6.27137995986933,7.03601243788658,6.74770044724823,6.3440602840883,6.08007401924474
"gene-LOC140684715|LOC140684715",-3.05531178043694,-0.583418540545918,-1.79750368252513,-3.62996855418872,-2.43385023579469
"gene-NDUFB5|NDUFB5",6.67439560250217,6.214038182844,6.13094316627233,6.32974069497646,6.53889948512368
"gene-ACTL6A|ACTL6A",4.96817152806881,4.52712576623167,4.95005038675581,5.21258612450162,4.92676785059638
"gene-MFN1|MFN1",6.13648745431277,5.7297656167806,6.00100440897277,6.21374533542647,6.07330254491996
"gene-FNDC3B|FNDC3B",4.91290662993924,6.38166990950633,5.73838076569568,5.2344956583476,4.90979278927117
"gene-IFT80|IFT80",2.61836282703358,3.12236360474285,3.17377731746463,3.01886023797777,2.62033607989094
"gene-LOC140684752|LOC140684752",-1.77478199598785,-0.558661152766933,-0.693565403239958,-1.28479949981785,-1.56083944466244
"gene-TM4SF4|TM4SF4",5.97427875073565,6.50773592501494,6.01069608827997,5.52758540078838,5.98219629700029
"gene-TM4SF18|TM4SF18",0.920508710931544,2.03255871041084,1.63961598267826,0.883058851137904,1.21662017584825
"gene-CP|CP",9.63015086686795,11.1993590839498,10.797024279817,9.89295233635985,9.83510812892999
"gene-DNAJA4|DNAJA4",6.88965659943678,7.48036788227253,5.51724408625548,5.94584664497938,5.90562645176453
"gene-IDH3A|IDH3A",6.54735968680394,5.84494705615608,6.04455908168861,6.5371964043423,6.43687715850321
"gene-ETFA|ETFA",8.043479627297,7.5995724571385,7.38330136159912,7.60080350558254,7.9101173579036
"gene-MAN2C1|MAN2C1",4.59728349276549,4.50495395771953,4.74280807281998,5.14591568858213,5.18902441061261
"gene-LOC100230890|LOC100230890",8.63571150664807,9.31963749603658,8.12285468976656,7.71912440922322,8.41971660864274
"gene-LOC121470533|LOC121470533",-4.18482960961369,-2.98115413417209,-3.78257766972722,-2.81811000020451,-4.72436072486405
"gene-RPS27L|RPS27L",8.62738039421023,8.29236718601473,8.09841293432148,7.97811966972853,8.41548384369386
"gene-THSD4|THSD4",4.78229644886077,4.21944452796491,4.29684055202558,4.7224531429085,4.98162947081461
"gene-MAPK6|MAPK6",7.19037455389996,6.21322353179364,6.87450584346369,7.15329380197107,6.91521716892589
"gene-GALK2|GALK2",4.89904760908714,4.5162056108842,4.43665531060855,4.64956518429982,4.80961193163043
"gene-SPPL2A|SPPL2A",7.03412199408346,6.73676528558688,6.78245406065986,7.07427105668823,7.13995270828134
"gene-GATM|GATM",9.76986433289361,9.08773381597747,9.38616321712146,10.3711337753181,10.0977716439602
"gene-ABHD17C|ABHD17C",6.51118849303033,5.90053975377818,6.22858742266752,6.57905662127629,6.64721011495245
"gene-HAPLN3|HAPLN3",1.21467557508865,2.50509447209439,1.7928887567339,0.6218408381543,0.459594775962388
"gene-AGBL1|AGBL1",-3.18119138993539,-4.18219616009628,-3.78944045455222,-1.87279091669307,-1.27767139722415
"gene-ARRDC4|ARRDC4",4.29854351533567,4.1073458150985,4.05787115745006,4.56519233558157,4.68598962583309
"gene-ADAMTS17|ADAMTS17",3.53952913539927,2.83068864259628,3.62686052358148,4.6626426586802,4.09115059062754
"gene-ALDH1A3|ALDH1A3",-2.7364827440611,-0.222875101599027,-0.233955643268475,-0.449002876813602,-1.9816787179051
"gene-SELENOS|SELENOS",6.14549933038535,6.80124039237504,6.85337684869472,6.1346025490604,6.10879996742015
"gene-PCSK6|PCSK6",6.38964869767756,6.5540165465716,6.91416117410158,7.07360715059212,6.44369503003479
"gene-CLPX|CLPX",8.31044364770064,7.9516449119568,8.16046458238677,8.58368978173537,8.18314259007109
"gene-SPG21|SPG21",4.85596148308565,4.63638282863947,4.83593738606663,5.4599150671723,4.89172510374968
"gene-HACD3|HACD3",6.65186287127585,6.29994359614199,6.48910909554365,6.69775265306092,6.71522977391236
"gene-CALML4|CALML4",4.0741874338901,4.25595280511045,4.14816430520068,3.31905154668047,3.24307091905744
"gene-LOC115496557|LOC115496557",1.84118648168491,2.70398770122074,1.98855011454782,1.55754694332864,1.59412619495553
"gene-PDIA3|PDIA3",8.76103352688084,8.96695252555274,8.91583489156626,8.52399002989318,8.6242359874851
"gene-LOC105758733|LOC105758733",3.38653639046559,3.81774201823958,3.56813418059686,3.29047057023425,3.22192650694671
"gene-LOC100190094|LOC100190094",5.00612040348054,7.20135984634762,5.87326392765711,4.43200638502891,4.88730171271835
"gene-LOC116808825|LOC116808825",-2.3330639501575,-1.65595621452399,-1.96255611869893,-1.40613906915377,-2.48977392397492
"gene-GLG1|GLG1",6.37564849102968,5.97685958553957,6.33996727184503,6.52504257811874,6.27067045304922
"gene-COG4|COG4",4.63067684581891,4.80491108241322,4.9125285205572,4.70424345565478,4.61611158937842
"gene-CTCF|CTCF",5.60285669111164,5.40495717179624,5.72549218429213,5.88064588026521,5.64559337951745
"gene-MATCAP1|MATCAP1",2.64445282961475,3.49503373751372,3.20537001119417,2.45023406368085,2.78916465520314
"gene-HERPUD1|HERPUD1",7.36175541222421,7.96113084331585,7.0753517699097,6.78747685707712,7.05338694694575
"gene-COQ9|COQ9",4.91106861040758,4.70650629651823,4.36345311851518,4.49936299560506,4.96890957195804
"gene-GCSH|GCSH",7.41211071281454,7.02337938274212,7.00941114845502,7.13335018524407,7.53603661706576
"gene-BCO1|BCO1",8.39385699167242,7.71299834016225,7.91164461697084,8.33027773674076,8.4008616828071
"gene-COX4I1|COX4I1",8.26580160168991,7.94317093644851,7.71686487259778,7.75361714335208,8.17342206521472
"gene-GINS2|GINS2",-0.163500779898102,0.651201685067551,1.28335071293007,0.734204331732367,-0.170185989839313
"gene-CA5A|CA5A",7.88083707991747,6.61613518483256,7.16869598549635,7.69288643983415,7.47922836941315
"gene-SLC22A31|SLC22A31",-4.99723232942841,-4.50257153748138,-4.11925174598639,-3.24956441457075,-3.99323544141311
"gene-CDK10|CDK10",2.88888060206996,3.21662637601229,2.94076823247039,2.56304703789238,2.63042872325384
"gene-CYB5B|CYB5B",6.47779931650966,6.10917106377021,6.2730326297727,6.45616717215243,6.54390629008052
"gene-MARVELD3|MARVELD3",5.9076322598983,5.76798739098542,5.53398523911558,5.77149557171497,6.26200020697874
"gene-GABARAPL2|GABARAPL2",4.67773254481903,4.991899950852,4.71910767465106,4.56273279726621,4.6350038668418
"gene-LOC140684863|LOC140684863",-4.18283544218094,-2.5418756930552,-2.65106191071392,-3.43774087752976,-4.24416093785711
"gene-DNAJA2|DNAJA2",7.03364180751411,6.59962279079753,6.79337155187912,7.2547927606926,7.01318073402503
"gene-LOC101233796|LOC101233796",1.38485348467829,1.93779687553153,1.69892371251313,2.06291670870639,2.17970808890627
"gene-UQCRFS1|UQCRFS1",7.27996544921183,7.00904055107932,6.88521928955984,7.2192408350411,7.53152326372107
"gene-ANKRD27|ANKRD27",4.80002758698173,4.56514471058209,4.69638727568415,4.97545585941534,4.99531487557463
"gene-NUDT19|NUDT19",5.01244154768016,4.68291503879934,4.6221187747553,4.94922778001992,5.07037019668406
"gene-SLC25A26|SLC25A26",3.46961371448421,2.95349212975732,2.99566342482086,3.26089240138278,3.49663694112108
"gene-CEP15|CEP15",3.87407502649234,3.302162453867,3.69689662267225,4.06674421467758,4.22026056714538
"gene-PRKAR2A|PRKAR2A",6.88320266486314,6.52231552247103,6.59318224344512,6.8930078919458,6.98233833037662
"gene-SLC25A20|SLC25A20",7.00638732018577,6.74266573488242,6.56315914326394,6.73868726211155,7.15134658505135
"gene-LHFPL4|LHFPL4",-0.442940297851273,-0.063758313753977,0.134048052215301,-0.873610438004624,-0.557034298594774
"gene-CFAP100|CFAP100",1.9612177086418,0.709855973690116,1.33188314307362,2.22728800639157,1.89166763476164
"gene-LOC115496993|LOC115496993",5.04514282498053,5.32447312844619,5.2224702287699,4.99130844267989,4.9802411136134
"gene-HMCES|HMCES",6.66373385935828,5.74058346979931,5.94316087180204,6.00566604677769,6.42078162131151
"gene-COL7A1|COL7A1",-0.083032994814251,-0.617136982765606,-0.538094603836889,-0.662333857041201,0.565268815988671
"gene-UQCRC1|UQCRC1",7.99970324818276,7.49606520579883,7.50683806231537,7.77221976085147,8.13011856096964
"gene-SELENOK|SELENOK",5.50676822560306,5.68502052499245,5.47469470477997,5.08555652834311,5.34505550976605
"gene-RHOA|RHOA",8.93044601301346,8.71338369453565,8.6318660318455,8.83135962701498,8.89800581560883
"gene-LOC100224927|LOC100224927",2.75687233502535,4.31433676837778,2.15281439792058,2.88729518729596,1.50751952283898
"gene-ABHD14B|ABHD14B",4.96473642151788,4.48308548696213,4.42927809003412,4.6132282565536,4.89164853610071
"gene-TNNC1|TNNC1",-1.4918437366465,-1.38340825866655,-2.29161449230338,-2.38141683881511,-2.87228830391629
"gene-PBRM1|PBRM1",4.54076950731484,4.41502347631022,4.72950149207517,4.81014442021649,4.50919871569594
"gene-LOC115496960|LOC115496960",7.3478829710329,7.76641187451257,6.77565801133295,6.73716445771542,6.83926052809459
"gene-GMPPB|GMPPB",5.23785504289966,5.74245987309197,5.68301126874023,5.06741184608954,5.32076013328863
"gene-LOC100224101|LOC100224101",1.80327082809432,1.57718347281463,2.28040221570129,2.58656611996623,2.09595640285214
"gene-TIMP4|TIMP4",-4.4986815642666,-3.32253139394979,-3.42075291669807,-4.76518275914254,-3.06185851301889
"gene-SUSD3|SUSD3",0.552772867902618,0.850679651623119,0.582952962517536,0.633049096607538,1.28902591400095
"gene-BICD2|BICD2",5.44093886054348,5.2516445607172,5.35430861348733,5.5834813546422,5.36254808281175
"gene-LOC121470626|LOC121470626",2.78167249834215,3.83146374337383,2.52743563105478,2.16912492826494,2.12488350324655
"gene-P4HA2|P4HA2",4.0608424283852,5.17893746651355,3.07507460440779,3.47352823454499,3.2176623675947
"gene-DDX46|DDX46",6.00334499721878,5.78195797626666,5.98386216072066,6.12219915631661,6.04694469272562
"gene-LECT2|LECT2",-3.11353360655201,-2.12639186311306,-1.83954154837795,-2.30106715630627,-3.03780670408383
"gene-PHYKPL|PHYKPL",4.8915017087209,4.28346974935476,4.05638599207951,4.47727725911262,4.76940487225503
"gene-RASGEF1C|RASGEF1C",1.93806223582562,2.93281413756494,3.22980171146202,2.90910282237181,2.54343166688038
"gene-HNRNPH1|HNRNPH1",9.02415806172571,9.31223381585388,9.27521329174051,9.10789893075242,8.90214823954904
"gene-CANX|CANX",9.21540844719094,9.45613488834157,9.35293217145475,9.0819025931167,8.97881481901246
"gene-SQSTM1|SQSTM1",7.36762288219066,7.80809197705564,7.20525455821968,7.01665927734901,7.01913947937461
"gene-RNF130|RNF130",5.65333485858863,5.31538093393613,5.53394170466917,5.80309902608045,5.67367430220786
"gene-MYOZ3|MYOZ3",-1.11609373275751,-2.15697462617287,-2.0520032888328,-2.31212189506428,-2.90702070862904
"gene-G3BP1|G3BP1",6.93853070668811,6.28790802957067,6.69696263341486,7.15690568897729,6.78819766262089
"gene-LOC100225213|LOC100225213",6.91328502389333,6.07333888904361,6.20262368710072,7.0797308901385,6.81844503167391
"gene-SFXN1|SFXN1",6.59797083138719,6.25190296116033,6.23266245539856,6.47319022131725,6.70165833470492
"gene-ERGIC1|ERGIC1",6.71801020563742,6.30165549140197,6.18816734853106,6.696602808752,6.79193989194758
"gene-ADRA1B|ADRA1B",6.91564351085485,5.85200867209205,6.2890969341663,6.64196913511924,6.57260722166835
"gene-UQCRQ|UQCRQ",6.83784312067047,6.51636043767626,6.32087236544426,6.46123730766028,6.96651420999921
"gene-LEAP2|LEAP2",7.0003774619891,6.00989034717898,6.3176018442596,6.77463001285978,6.95363648866123
"gene-NDFIP1|NDFIP1",6.51576549763375,6.2253765914348,6.20652912403211,6.35510079098833,6.51560196012333
"gene-JAKMIP2|JAKMIP2",-2.09911348313802,-1.67102166298445,-1.28698031695548,-1.96769992565361,-1.41275707545291
"gene-CDC23|CDC23",4.52151004555458,5.07864276774434,4.73081960299903,4.44501212281571,4.5332757466427
"gene-ATP10B|ATP10B",-5.15298622497543,-3.285611515888,-3.32112456139448,-3.08980877899959,-4.36471863629443
"gene-NDUFA2|NDUFA2",5.43298971748748,5.15909334995956,4.93443897873648,5.0175872743355,5.44245478399431
"gene-KCNMB1|KCNMB1",1.05708012228658,0.702072272050406,0.741366441847865,1.11067893089403,1.58634252814197
"gene-SYT17|SYT17",-1.37539831183152,-1.18362336273933,-1.19988610727868,-0.164872230212974,0.490136796959524
"gene-IL4R|IL4R",6.74215083473946,6.371278381163,6.47182727576628,6.89389687774276,6.92621946107706
"gene-LOC100224150|LOC100224150",7.6206197917597,7.36492149540006,7.45069652799405,7.56286355363787,7.7098429631349
"gene-MOSMO|MOSMO",3.15520336291733,2.96135199578964,3.20004742780288,3.52394943404628,3.09209422183425
"gene-UQCRC2|UQCRC2",8.38371720880208,8.07121795362866,7.95618399494876,8.14576677413866,8.38340676272496
"gene-BAIAP2L1|BAIAP2L1",6.93801063247296,6.44659252987178,6.62441777000505,6.82307424338974,7.02374503411071
"gene-INTS1|INTS1",5.54139512955641,5.30510337372286,5.45267170929342,5.49537214285787,5.25836332241992
"gene-EIF3B|EIF3B",6.34122968074847,6.38250443732205,6.56841315362743,6.5658749346327,6.23538618224119
"gene-LOC115497176|LOC115497176",-2.80230993395664,-0.877292551285877,-2.24782527524179,-2.60249575638515,-3.16649796973311
"gene-TTYH3|TTYH3",5.8700996982422,5.61656591389998,5.99772029762637,6.21064397157785,6.16815080123423
"gene-LOC100226034|LOC100226034",6.58190851174104,7.6200151707197,6.4412534283506,5.75435731067336,6.28789001600818
"gene-ATP5MF|ATP5MF",7.19889129183836,6.82570416662055,6.56675626936817,6.70417951969874,7.15853457625316
"gene-LOC100230856|LOC100230856",1.37936790856946,2.14180888919275,1.84138841905944,1.29208261723398,0.80723147934431
"gene-CHTF18|CHTF18",3.26297054094422,3.6010218117027,3.78963836242725,3.32600023067291,3.3504759171511
"gene-FAHD1|FAHD1",5.97354131389859,5.28158374754001,5.59740191074134,5.79286139142091,5.92898053883556
"gene-TSC2|TSC2",5.85195972496648,5.43156721133982,5.65070469611473,5.75653479213974,5.80609495540658
"gene-LOC121470738|LOC121470738",2.39934417551477,3.04128259996299,3.07096705455416,2.36257420099043,2.26586230095671
"gene-CASKIN1|CASKIN1",-0.495286913112863,-0.0385845996216288,-0.409778100493661,-1.21039641658426,-0.404481053861118
"gene-NDUFAB1|NDUFAB1",6.36128319946096,6.06550736803713,5.85205197946662,5.96764952875536,6.34538094762668
"gene-ARL6IP1|ARL6IP1",7.17141212819724,7.59012661140688,7.28728345050149,7.10326327205622,7.13774694560552
"gene-CPPED1|CPPED1",6.48805594663405,5.93628144537581,6.04643983959871,6.55387345669396,6.3170746360232
"gene-LOC140685087|LOC140685087",0.742760338004929,1.46243284617044,0.869706144979206,-0.0712495512730137,0.475458987902133
"gene-NDUFB6|NDUFB6",5.52010531232747,5.08724339911835,4.83561407152967,4.91826817192258,5.22745522221232
"gene-TBC1D24|TBC1D24",4.10231022144155,3.56408922071557,4.06423488822073,4.21002098306499,4.13489016800474
"gene-UQCR10|UQCR10",6.49779454024637,6.14575382184569,5.99277158634916,5.99277965548565,6.38710673113629
"gene-RFC5|RFC5",4.63144094271134,3.84414624846947,4.09386178143331,4.46110729104769,4.54746145156339
"gene-CHCHD10|CHCHD10",8.38687342385565,7.99012363601651,7.76743640893935,7.75713519830412,8.28596529439623
"gene-DERL3|DERL3",5.99761009084138,6.69313047080675,6.44973098262536,5.87947137829393,5.78008381928483
"gene-LOC100232469|LOC100232469",7.78688939552101,7.49981494556674,7.04961063481825,7.25794216760154,7.74271456456263
"gene-DDT|DDT",9.793102062707,9.37543974725052,9.29383969974781,9.64051789777918,9.84580876471198
"gene-GUCD1|GUCD1",5.1680084817214,4.73170404599353,4.80607420402616,4.97179224251311,5.00356226321393
"gene-SPECC1L|SPECC1L",5.13971802360979,4.73763522000665,5.00770355332687,5.25450268779398,5.34623767847379
"gene-COX6A1|COX6A1",7.55524440092343,7.3338172491551,7.15712309132744,7.16394640084348,7.58370241366493
"gene-SLC8B1|SLC8B1",5.83558466732279,5.24921239398889,5.46774134115307,5.67550950277825,6.12798256956009
"gene-SDSL|SDSL",4.15281721774046,3.0124717257481,2.51628303909236,3.04179361823552,3.6322336672035
"gene-SDF2L1|SDF2L1",7.32108598682142,7.53790065492775,7.53318717379009,6.95239426381262,7.11433168165801
"gene-COMT|COMT",8.38727318791711,7.94331145463448,7.87506656855625,8.33023414924081,8.24439564823237
"gene-LOC140685148|LOC140685148",-2.31850539528972,-3.57201823350818,-3.3161773805619,-4.97572747360171,-2.73306708250672
"gene-LOC115497382|LOC115497382",1.88044947338567,3.77219214438279,2.8339229216325,1.67927298404607,1.67441665548468
"gene-XBP1|XBP1",7.64073322880888,8.73285526250964,8.08694744778603,7.56254133559855,7.64726208805048
"gene-FICD|FICD",3.55756159802802,4.60432070548056,3.65510455855195,3.00451158751381,3.15255664528016
"gene-PPTC7|PPTC7",6.28170556499098,5.95145168982008,6.13230510984148,6.3622804409474,6.34166944517313
"gene-ANAPC5|ANAPC5",2.73126259825778,3.300472064403,3.19017764344495,3.02518359902194,2.78704919173916
"gene-HPD|HPD",10.801293418742,11.4397771782808,10.9505717322637,10.2624099810447,10.8773028769685
"gene-TMED2|TMED2",6.95097980111597,7.23320456597441,7.40049690386482,7.07682856620059,6.94189046190859
"gene-SCARB1|SCARB1",7.1101529153523,6.58947677286839,6.60331038082373,6.80601805288639,6.92646665371182
"gene-NCOR2|NCOR2",6.00519090693482,5.0551536733199,5.32895053349239,6.08524221519706,5.72422336832781
"gene-MMP17|MMP17",3.67416228800518,4.50317680628573,3.61101081974144,3.36784115984391,3.11044378251524
"gene-LOC140685191|LOC140685191",0.646767765059422,1.56016694052717,0.733171333928043,0.11613247667321,0.629299184715625
"gene-LOC140685194|LOC140685194",-2.53838205832535,-2.76302608976539,-3.39616358097474,-3.41365639838757,-3.88076161128295
"gene-FUS|FUS",6.17930537836075,6.41902356126,6.43753158850068,6.13103488222236,6.03950733190885
"gene-DPP7|DPP7",6.33309191720631,6.06450171779141,6.06074015076714,6.21950469438253,6.45313753525304
"gene-UAP1L1|UAP1L1",5.83243863868778,5.26830691244843,5.58794008790505,5.94835110316348,5.85910099400988
"gene-LOC100232025|LOC100232025",3.75870344882443,5.64039965104244,4.95566847514494,4.87537022411745,3.46736298026469
"gene-TRAF2|TRAF2",4.13959979101686,4.39885904634391,4.41902959646009,4.1701085347426,4.13087169754674
"gene-EDF1|EDF1",7.89938962976012,8.08271013558432,7.97184388195623,7.69228372338324,7.90128912755934
"gene-RNF208|RNF208",-0.510192540074552,0.826033739262315,-0.141598432233271,-0.89308042760508,-0.582889847845329
"gene-WDR31|WDR31",-1.57578624133568,-2.70895019031077,-2.05391611263897,-0.9096163676085,-1.79368302252335
"gene-ZMYND19|ZMYND19",2.63757284563766,2.89676711277257,3.02951473528303,2.70962102905518,2.59474110930237
"gene-TLR4|TLR4",0.0282123248986613,0.369238880557117,0.624093558049866,1.05923479679074,0.146361407849237
"gene-SET|SET",6.72515929758475,6.62615693081252,6.80901814858846,6.94402451585173,6.69025015858018
"gene-CRAT|CRAT",3.78349927365933,2.84529542173352,3.81052582972006,4.03750888036848,4.04364062920589
"gene-ASS1|ASS1",0.258690367188817,2.1080763537738,2.0206495071599,1.49515447770751,2.33029385642163
"gene-GFI1B|GFI1B",0.371410517944204,1.05636370135198,0.475748676712302,-0.296600511561663,0.353392523979222
"gene-CACFD1|CACFD1",5.1577986730514,6.07371899548267,5.4906397564664,5.32550142497271,5.22992572080106
"gene-AGPAT2|AGPAT2",6.67951894577783,5.40353060407354,6.59377779732287,7.13541393866333,6.77082028807622
"gene-C5|C5",8.96281155031404,9.69743409529757,9.45685121832492,8.95375508678347,8.72190611615101
"gene-CNTRL|CNTRL",4.73835939732642,6.68091130129999,5.50689201127983,4.70990728439503,4.64379246820884
"gene-MORN5|MORN5",-2.0975380404934,-3.35675574979906,-3.16231240662893,-2.3405298750726,-3.57535158679473
"gene-NDUFA8|NDUFA8",5.69420384127818,5.37022643223161,5.19908007248761,5.35073784644477,5.68795320211027
"gene-PTGS1|PTGS1",0.593032355514334,1.48449571938048,1.11926583794039,0.901268769219509,0.910420407009622
"gene-NEK6|NEK6",6.61712707453903,6.20742261078523,6.58688766588817,6.84764993150262,6.69089377231983
"gene-GAPVD1|GAPVD1",5.55832977754216,6.06006880694916,5.69726057221346,5.38544331276275,5.25503990851879
"gene-HSPA5|HSPA5",9.63088486360367,10.5220005707934,9.73327277112794,9.14922030976913,8.88631766074835
"gene-PBX3|PBX3",3.79841427386022,4.30177419765051,3.93981062015403,3.57354953548332,3.76805347252341
"gene-MVB12B|MVB12B",5.02515549796724,4.88353139287937,4.98830079005353,5.27447115025255,5.10157582511943
"gene-LOC100228858|LOC100228858",7.08866145764737,6.47164827607272,6.81125847328231,6.80580047150888,7.06970745203857
"gene-LOC121470875|LOC121470875",-5.42475191148884,-3.31444012975242,-3.36550681674604,-3.91244302155469,-3.66577054922946
"gene-SOX9|SOX9",1.15357340799906,2.63029933669039,1.52267224288186,1.3532148324967,1.41478797207615
"gene-ACTG1|ACTG1",8.58534815059175,8.07413032310592,8.76322773909346,9.05343469697764,8.51928368709577
"gene-TEPSIN|TEPSIN",2.57378508352608,3.02855859477527,2.86241494249826,2.51023628853073,2.60373995873359
"gene-NDUFAF8|NDUFAF8",3.02127164325907,3.24402204223259,3.16029808369469,2.666997760288,2.93169950042552
"gene-CBX4|CBX4",5.14467557488782,5.51986086528651,5.43483135071254,5.18172631786394,5.11718322276494
"gene-SOCS3|SOCS3",0.831737187584904,3.53313526373334,1.98927836874738,2.09196026342413,1.31075743667457
"gene-PGS1|PGS1",3.61797844239798,3.82037873278495,3.85173369690391,3.92143704146352,3.60194545660558
"gene-TK1|TK1",1.86247827355923,1.80144851047366,2.16292300240828,2.57208990618273,1.90649084342514
"gene-MRPL12|MRPL12",5.46144792565749,5.1369718093923,5.11694921927381,5.24210845747173,5.444961472136
"gene-SLC25A10|SLC25A10",8.18624420073411,6.84764984764897,7.33167174267484,8.3703226890857,8.02571717202827
"gene-GCGR|GCGR",7.79134584912196,7.10692691438662,7.41720472347617,7.73040867446375,7.66139964623817
"gene-PCYT2|PCYT2",9.20070855540792,8.46775119555707,8.5471016910455,9.04370688946024,9.16767840549656
"gene-MAFG|MAFG",3.38118145957969,3.10835863088625,3.11926705916661,3.33675602088707,3.13577795466548
"gene-LOC115497648|LOC115497648",4.91260651356831,6.31554423280928,6.07839089200133,4.91712627551063,5.45210701663989
"gene-LOC115497653|LOC115497653",1.2442456284703,1.46896766156309,1.19084918304704,0.254330477910533,1.02704885051976
"gene-CEP95|CEP95",5.8114223087098,5.38763763350332,5.60915652228928,5.69196499370947,5.93420951948007
"gene-RHOT1|RHOT1",5.65336854103474,5.3592468241285,5.48136344486729,5.61821477540769,5.66666144040045
"gene-SUZ12|SUZ12",4.46137329485566,5.00885478877783,4.50066771450634,4.3742158648091,4.35557833382773
"gene-LOC100222099|LOC100222099",-4.98506200226802,-2.63455261088869,-2.50891363843357,-4.46710388333765,-4.96726568109344
"gene-LOC100219254|LOC100219254",-3.30257536880124,-1.31541093353612,0.569386650249722,-1.91546895999513,-2.3889405388059
"gene-LOC100226551|LOC100226551",-3.22248834429464,-3.62667204604502,-4.54851198971089,-3.55410011382047,-3.81869184672997
"gene-METTL23|METTL23",3.66581000772148,4.1191777380578,3.59456649829249,3.36009381162747,3.22031621579252
"gene-ACOX1|ACOX1",8.06760853996548,7.47155849464619,7.71945194370793,8.09084577339806,8.2571258657153
"gene-SMIM5|SMIM5",-1.56586292047995,-1.74320133883108,-2.03608406430371,-1.05361005516743,-1.00226598687237
"gene-SLC25A19|SLC25A19",4.33762131945887,4.00764625957258,4.32783647005412,4.61901027013433,4.42439949451043
"gene-ATP5PD|ATP5PD",7.2595230293023,6.73331796178753,6.63086484016884,6.83669164216871,7.23437051009201
"gene-LOC140680309|LOC140680309",-2.41380691986168,-1.21423426059593,-1.9214854343386,-2.40701332981118,-2.10882054246102
"gene-CCDC92B|CCDC92B",1.34848317373016,2.1362554079858,1.767464979648,1.37189548031653,1.1360115737104
"gene-AKAP1|AKAP1",5.71501348852411,5.32946989224495,5.69120413209982,5.95962935325709,5.62396044864884
"gene-MED13|MED13",7.45864268863172,7.48091085245452,6.79563586330357,6.61276405151711,7.06112928686122
"gene-LOC115497843|LOC115497843",-0.983197021630923,-0.495818239135802,-1.15740366210725,-1.74832572581778,-1.73675325767538
"gene-LOC115497844|LOC115497844",-1.24406324352214,-0.666033131757954,-1.35644214764152,-2.02765824438475,-1.80994933348435
"gene-NLE1|NLE1",4.27211231612535,2.93425591986337,3.53141356440976,4.55403353787576,4.32968985759347
"gene-ULK2|ULK2",7.40076020922826,6.2867764075432,6.21812668579521,7.18873758153137,7.13536552924774
"gene-AKAP10|AKAP10",4.58738287897869,4.32667451502671,4.4447414644674,4.66871516426891,4.48873694784221
"gene-TTC19|TTC19",4.41730012209126,3.9848511254916,4.16928651528643,4.35664105218426,4.58321551119125
"gene-ABR|ABR",4.30953392495556,4.04576774801068,4.3960356090006,4.79804981793082,4.37879914338119
"gene-SLC6A4|SLC6A4",5.97304217277373,5.14375125456187,5.00267127616822,6.05833650780603,6.33666687894933
"gene-TLCD1|TLCD1",6.95102250923388,5.85955030157856,5.99537544239037,6.69226468102376,6.61477687144992
"gene-SARM1|SARM1",6.01636215199504,7.52306032964599,7.19061371408895,6.47793738731544,6.13632597627683
"gene-LOC115497750|LOC115497750",3.26909582214217,3.93740245380433,3.6556257236446,2.79883637018245,2.74320916567372
"gene-PSPH|PSPH",12.8720682439229,13.2166654786963,12.3193494623154,12.1929346908183,12.4886435562952
"gene-STYXL1|STYXL1",1.10713453400484,2.44629066966943,1.77735141694188,0.95476641472143,0.319204708051665
"gene-MDH2|MDH2",8.26038521470555,7.75601233038111,7.62762569238037,7.8949655379958,8.13747483545036
"gene-LOC115497813|LOC115497813",-1.64761896140399,-3.72666355315783,-2.72310828661933,-2.54238920183356,-1.56545467950551
"gene-NUP88|NUP88",4.29234262817121,4.46907499014954,4.41521613913994,4.27140901164279,4.18264691586305
"gene-SAMHD1|SAMHD1",5.97204518689535,5.52051188995385,5.88523064868825,6.18415666700587,6.05935632258227
"gene-NCOA6|NCOA6",5.35497642815753,5.12497113541083,5.3694627225414,5.57166264789592,5.32525490131364
"gene-TGIF2|TGIF2",-1.76710535648067,-0.776636660719851,-1.07999171216418,-1.46820278856969,-1.68945318399711
"gene-LOC140680362|LOC140680362",3.57722428089574,5.07295566309103,3.2184405377683,3.73920768671973,2.42300729347987
"gene-LOC140680364|LOC140680364",2.82581461984998,4.31498174940987,2.46558351714121,3.0724447845433,1.7396260489185
"gene-LOC116807474|LOC116807474",3.12022306070904,4.66013031814859,2.7528813899655,3.43825722794183,2.05533426931631
"gene-LOC100231510|LOC100231510",3.104028756789,4.70383086110684,2.87535586739203,3.29784427342981,2.09740369568966
"gene-LOC140680363|LOC140680363",2.70600039438827,4.38825044850586,2.303415998197,3.06115698954347,1.82722638748246
"gene-LOC140680366|LOC140680366",2.64476119703222,4.33804376230291,2.2924728870019,2.99034205468428,1.73933974027305
"gene-LOC140680365|LOC140680365",2.6567690748591,4.14622230382194,2.38427318122246,2.88350855315879,1.51812455822142
"gene-MAP1LC3A|MAP1LC3A",4.44398372765021,5.30327059647786,5.07701368538767,4.36892345223473,4.39126036311006
"gene-E2F1|E2F1",-0.962687657907721,-0.818993631285815,-0.486923053519536,0.25727629760046,-0.11679891120357
"gene-LOC115497897|LOC115497897",-3.28630938413008,-0.946856109849151,-2.15127704475375,-2.7346736088343,-3.26452610320848
"gene-LOC101232941|LOC101232941",-0.70803207001321,0.76177941034199,1.05660099216311,0.593940747522185,-0.561256345730816
"gene-GDAP1L1|GDAP1L1",-3.35758389039299,-4.05611339637415,-2.02069824691094,-3.36267093415566,-2.84953590793077
"gene-CCN5|CCN5",-4.09319620866489,-2.89732804935616,-2.80125790414489,-3.07117783194234,-3.91549291224109
"gene-HNF4A|HNF4A",5.77260529582351,5.1338729066921,5.56112505970497,6.02157881824649,5.51183799435725
"gene-LOC100224907|LOC100224907",-3.82735174113565,-2.34315792352166,-2.44965487692014,-1.9571792279856,-3.88775597394711
"gene-SNX21|SNX21",4.66417759036425,3.96885331266808,4.63434989672493,4.86226344453213,4.69237901377529
"gene-TNFRSF6B|TNFRSF6B",-1.65096987395865,0.814283278444719,0.816723828978093,0.0243680595641983,-0.604208308133068
"gene-GID8|GID8",5.66520132428461,5.50162290552105,5.61376054804256,5.92998474238034,5.64135429180759
"gene-CDH4|CDH4",5.51559237932165,4.76541333675007,5.00799677374641,5.65266574136275,5.60752825020832
"gene-PRELID3B|PRELID3B",6.1417670169667,5.58992048912796,5.9570902135618,6.26909399932718,6.17062484888702
"gene-LOC115497946|LOC115497946",-0.312939751393804,1.27938735290547,1.29378160993537,-0.371631212755538,0.240535368306137
"gene-PARD6B|PARD6B",5.42459079656761,5.32579383384069,5.49441106198171,5.73650688020586,5.56387886956117
"gene-LOC140680335|LOC140680335",3.74144380079201,4.10734203727654,3.99405094554199,3.55454524296523,3.47644682902073
"gene-ENO1|ENO1",10.0853752101621,9.80689131449949,9.69229337203152,9.87325107339564,10.1014205304945
"gene-H6PD|H6PD",6.09531152757111,6.73776922022939,6.49781480268758,5.88994522582364,6.06743584559614
"gene-SLC25A33|SLC25A33",3.66259611288909,3.35806232988527,2.98787465079286,2.99493043588918,3.39613348779334
"gene-RBP7|RBP7",-2.18289519389673,-2.52637500343363,-1.96933228771238,-2.0210257072315,-1.18529346276791
"gene-PER3|PER3",4.66277995467709,5.30417284815392,3.45879017610835,3.73147203064797,5.08403356195287
"gene-NPPA|NPPA",-2.94997141340143,-1.78398935535901,-2.7458831956573,-3.00191441734468,-3.36598497272732
"gene-LOC105758748|LOC105758748",-5.35320697846975,-3.68504365654468,-4.47309226167366,-4.71141249459768,-3.13908338030589
"gene-SPEN|SPEN",5.39146022988336,5.8033067070523,5.61736033855819,5.46507305262195,5.28008826495245
"gene-SDHB|SDHB",7.03342831854377,6.8261323690242,6.59109240292914,6.72624090277243,7.01607288167982
"gene-RNF186|RNF186",1.61796155730688,2.18560729386671,1.00194919694297,0.618664786730886,0.753550967688911
"gene-VDAC3|VDAC3",6.45563206642568,5.94326431013453,6.15336354317271,6.37952454520874,6.39858459972544
"gene-ZMAT4|ZMAT4",1.83493521112887,1.49476516945379,1.82833075722983,2.27755665292243,2.29765709529291
"gene-TCIM|TCIM",5.53145037575596,5.34166203333604,5.11779068990274,5.35003199132185,5.80090952368714
"gene-LOC100219367|LOC100219367",7.12176491520681,6.26516181946998,6.54126181867828,7.08996917251416,7.18526479753104
"gene-STAR|STAR",-3.66962772854876,-1.696060424692,-1.48679401735093,-2.98472618220683,-1.53452564193275
"gene-EIF4EBP1|EIF4EBP1",5.24139448821024,4.88948088970598,4.72837919621351,5.1215608122602,5.25110134212632
"gene-NPM2|NPM2",4.02960992738543,3.9463983909731,3.73101817843483,2.9180599853457,3.48001623874801
"gene-LOC140680452|LOC140680452",0.64529002660967,1.13574009900873,0.77022027557342,-0.541134621285329,0.654607945051766
"gene-EBF2|EBF2",-3.89254588077936,-2.0240009055944,-2.10194558655656,-2.59320582324942,-3.8083684646347
"gene-LOC115498164|LOC115498164",-2.25178390581844,-2.78196737750346,-2.34761003241101,-1.6282465841663,-3.46850869353574
"gene-PROM2|PROM2",-4.83347150029477,-2.52881470562889,-2.5971218432504,-4.33547277860179,-3.56289783328917
"gene-LOC115498177|LOC115498177",-4.47185946871038,-2.38019598676414,-3.86027842678165,-4.59038044746685,-4.24975156398786
"gene-GKN2|GKN2",-1.61124820544172,-1.68226588785783,-2.84190595877468,-2.91338081059464,-3.08769193182067
"gene-LOC140680440|LOC140680440",3.91601151021583,4.20892702059753,4.34737972006719,3.97580142533192,3.89125683030389
"gene-LOC115498212|LOC115498212",3.74513063726872,3.62790670680721,3.4404866104734,2.91902889320861,3.0465752292327
"gene-SNIP1|SNIP1",5.44399500113052,5.87513639839995,5.36008740442669,5.16158679786189,5.13563950610578
"gene-CSF3R|CSF3R",2.07818858791553,2.73294351635068,2.83772028938235,2.80104191491652,1.989510084549
"gene-MRPS15|MRPS15",5.82839249783458,5.57068326569736,5.34997227571487,5.45416468238537,5.75568074494349
"gene-EVA1B|EVA1B",3.71613173451171,2.37468792469017,2.8830077413488,3.58402758378787,3.42944317449281
"gene-NFYC|NFYC",6.44109238505046,6.11473538790548,6.22952445539982,6.45085139615548,6.5163064826466
"gene-ZBTB8B|ZBTB8B",2.99512569649747,2.81332743706508,2.80632963491755,2.57864108189828,2.58127595824498
"gene-LOC100222777|LOC100222777",2.02560699698424,2.66335650695403,2.0749735663988,1.73001046716542,1.83298154611818
"gene-CAP1|CAP1",6.18358976935068,6.34849332517854,6.6760560330237,6.68632841799226,6.32909833001368
"gene-LOC140680465|LOC140680465",-0.996594234522975,-0.881741752134303,-2.16513330077726,-2.34889064798749,-2.80286154128054
"gene-LOC100226705|LOC100226705",11.1233308461542,11.2091786101845,11.0674764404662,10.5109253132979,11.2458563106852
"gene-IL22RA1|IL22RA1",2.60707902984654,3.23776662387073,3.05955979054262,1.91130438971186,2.92783204331694
"gene-TMEM50A|TMEM50A",5.50516780486637,5.71922211001413,5.49334770236155,5.23951816804881,5.2896721313354
"gene-MACO1|MACO1",4.5736841828312,5.1028268613346,4.8133641549541,4.60450895357166,4.52186289644351
"gene-LDLRAP1|LDLRAP1",4.29898397204219,5.50487927347722,4.59082149050506,4.35875207304503,4.47701935269864
"gene-MAN1C1|MAN1C1",6.12016635601152,7.67477953809287,6.80472756557505,6.50947534322096,6.3577816490949
"gene-HMGN2|HMGN2",2.98386739240677,3.73245551022485,3.27649939061639,3.33886849093801,3.03212016623223
"gene-LOC140680475|LOC140680475",7.14104149661212,5.01794123626323,4.58978546799193,6.82375577814263,7.1427106832319
"gene-ASAP3|ASAP3",3.4332612655269,4.73469638809678,3.56345582109384,3.50601653004159,3.2834555464653
"gene-LOC105758793|LOC105758793",1.26329190781515,2.19650961112536,1.38212251679988,1.07945622082117,1.13726850684958
"gene-ID3|ID3",5.31980956150733,5.92307972568804,5.76896610137284,5.42471361331056,4.92670405823138
"gene-RPA2|RPA2",3.86051659397499,4.09719895703846,4.30653777725148,4.14246862073891,3.96655060885046
"gene-CITED4|CITED4",6.78252189341992,7.27884050915282,6.51912533751722,6.28531096943133,6.69592482463446
"gene-KIRREL3|KIRREL3",1.50057133330104,-0.190641991054946,0.381153106667511,1.2207614890862,1.2914997717384
"gene-LOC115498372|LOC115498372",0.516416201988537,1.3562675202794,-0.052366154320506,0.0717139567369251,-0.39312325219056
"gene-USP2|USP2",1.04225494163106,-1.60412663263531,0.18184443800065,1.12184499523671,1.12659045438746
"gene-DLAT|DLAT",7.9770366812694,7.16791117197533,7.58520356550893,8.07192286234151,7.90372600147876
"gene-SDHD|SDHD",7.79196144984615,7.45422551143688,7.37765288766832,7.46709101528213,7.78248792713679
"gene-BCO2|BCO2",-3.15017225491953,-2.38619955953523,-2.77287522963307,-2.45240051512915,-4.47205145760438
"gene-ZBTB16|ZBTB16",3.41881437060631,5.29527823247926,3.48467357436045,2.81953939409142,3.07436673081948
"gene-ATP5MG|ATP5MG",7.19928009451571,7.0199785644972,6.72918255652484,6.74621487464043,7.18492377362995
"gene-TTC36|TTC36",6.45621748329765,6.07767146362744,5.95031843621016,6.16827186300377,6.78465598924945
"gene-H2AX|H2AX",-1.41072231860698,-0.175235773498237,-1.25966120735375,-1.65331450923408,-1.53266366746413
"gene-HYOU1|HYOU1",8.71873422493784,9.10542393462467,9.13066255521793,8.49091759159049,8.47874970902124
"gene-LOC140680579|LOC140680579",1.94403067505317,2.29668693742347,2.28713015196068,1.23460341736933,1.10004244775499
"gene-LOC140680553|LOC140680553",0.615309574144556,1.61624865018634,1.53534358146376,-0.0632225277860784,0.38371425783839
"gene-LOC121468894|LOC121468894",0.0326715451655945,1.34103259840715,0.843760671210007,-0.6714379476212,0.184988763972656
"gene-LOC105760177|LOC105760177",-3.20775596725523,-2.62446037252274,-2.52898334335799,-4.42549213457712,-3.72474183771945
"gene-UBQLN4|UBQLN4",6.57950707886579,5.8366024009582,6.41155200177229,6.79685431747293,6.55954178906697
"gene-NDUFS2|NDUFS2",7.74793932014982,7.41108461422484,7.09420678662006,7.39023305277894,7.74107325660345
"gene-LOC115498509|LOC115498509",-1.48160489113868,-0.0390918186857662,0.134006370289451,-0.369535343725825,-2.19619533086908
"gene-ATP5PB|ATP5PB",7.99772090701074,7.63125725142384,7.39405052400755,7.47898317079588,7.92855352599895
"gene-LOC115498543|LOC115498543",3.03701924015688,3.94965375410847,3.11357216380112,2.38165292083302,2.43199982910044
"gene-BRPF3|BRPF3",5.32674370875127,4.81018695965678,5.19779731276346,5.51432916798215,5.47147760596506
"gene-FKBP5|FKBP5",7.33083533185915,8.05440324012302,7.4739372077334,6.68929860502207,7.00134786958476
"gene-LOC115498566|LOC115498566",-2.60955854482878,-1.04162787348935,-1.12127795445571,0.0465957459832788,-0.755747804940539
"gene-PPARD|PPARD",2.96852450470771,3.1000112303854,3.40523154101844,3.36676442325272,2.97425057235002
"gene-FOXP4|FOXP4",2.72506694331042,4.00796187621243,3.15656557315387,3.04181195626203,2.82787082385055
"gene-TREM1|TREM1",-1.43815712889883,-0.152985658462841,0.22227227721819,-0.276756348226951,-0.938093565148668
"gene-PGC|PGC",-3.37778622757278,-0.603909744472287,0.0841191301811843,0.280510096322103,-2.65994746797237
"gene-BTG2|BTG2",1.28219623533814,1.82858532560846,1.10478688764001,0.786557749718188,0.889552697664798
"gene-LOC115498601|LOC115498601",-2.88653294740516,-2.1026735987648,-2.96880955683193,-3.44821637622286,-3.85836832016288
"gene-SLC45A3|SLC45A3",2.40421685296822,1.94960223018047,2.87063546841791,3.24515263899135,2.51287177501831
"gene-MYBPH|MYBPH",-2.67928654132317,-4.76564094658572,-3.93535432826133,-4.3838068062697,-4.45722020733526
"gene-LOC100223131|LOC100223131",6.23387650404316,5.06179945107074,5.32474051485892,6.07677321435188,6.13201923009945
"gene-CACNA1S|CACNA1S",-3.85235835542897,-3.6711910524893,-4.16945146434767,-4.39803126703946,-4.4979615033067
"gene-SYPL2|SYPL2",-1.66752309250655,-3.44380749600722,-3.74815526796572,-2.50820591200816,-3.38182749966104
"gene-CSF1|CSF1",2.32712324086398,3.83347702139356,3.16072612524181,2.7390794220915,2.27104753916609
"gene-PFKFB2|PFKFB2",3.93397708607534,5.04732980907988,4.37426565084837,4.16363953269312,4.08695198455795
"gene-LOC100223070|LOC100223070",5.62994163410788,8.13814883499079,7.76488455011271,6.01816763025083,5.50277580173953
"gene-RAB29|RAB29",3.06991452368318,2.71731379511269,3.30183802283184,3.61696676200955,3.31700147763678
"gene-NUCKS1|NUCKS1",7.33200987584017,6.98015073681632,7.32071294294313,7.65634172417598,7.32731403644199
"gene-CDC27|CDC27",6.1837720139135,5.55891635829254,6.11301165213177,6.31157375003661,6.20058776304772
"gene-UBTF|UBTF",4.90574952785032,4.86984466676031,5.15009709854025,5.34842145287862,4.8396400831591
"gene-SLC35B1|SLC35B1",7.50998965333223,7.64983853890924,7.79608808860115,7.24723190650479,7.42718016945094
"gene-PHB1|PHB1",6.92577331475902,6.53041462965665,6.42385675541932,6.69972085071869,6.89422610861345
"gene-ATP5MC1|ATP5MC1",6.41990800648817,5.81760326068412,5.74995046641247,5.95736662517541,6.33238671851099
"gene-CDK5RAP3|CDK5RAP3",4.36873136177534,4.77803338122099,4.57186818726462,4.11793117669394,4.06798782665441
"gene-PSME3|PSME3",5.23709309942243,4.89292248164146,5.10247422281696,5.33423117644846,5.2243538872881
"gene-COASY|COASY",5.13857098968602,4.90711748441003,4.71972249258216,4.91503665258408,5.35514873561017
"gene-STAT3|STAT3",6.85911630449282,7.39763225654526,7.33873665821779,7.08569069043839,6.83939813080787
"gene-LOC100190429|LOC100190429",1.61708953987755,5.31937418747035,1.67598709036258,1.6250065013172,0.15175822095363
"gene-LOC100218864|LOC100218864",-2.51396055107557,0.331086400852691,-3.01377349694023,-2.33670215770061,-3.0905749972283
"gene-KAT2A|KAT2A",4.22673462512959,4.4305142205683,4.4655515066501,4.48748671834886,4.16607853280644
"gene-JUP|JUP",4.50419666325033,4.77989455757,4.96588508448101,4.88216983808366,4.57690643666725
"gene-THRA|THRA",3.97998313451834,4.17452325697087,4.28382287995522,4.41452351062924,4.09587407306487
"gene-CSF3|CSF3",-3.42973484970362,-0.420098034804363,-2.30760099644717,-3.00779552757826,-3.45785322957544
"gene-PSMD3|PSMD3",5.25747196540099,5.51290912911129,5.49627281218479,5.3385424238659,5.21458051487164
"gene-TCAP|TCAP",-3.57958423577014,-2.60840095948408,-4.45779764384546,-4.81384146969132,-4.12459206963984
"gene-PPP1R1B|PPP1R1B",-0.665018576258482,0.276842539745774,0.379423843431763,-0.397759030604384,-0.430936588323181
"gene-LOC115490748|LOC115490748",-4.57458540980118,-1.66622547998929,-2.25056417556867,-4.53635467710523,-3.96626449124361
"gene-LOC115490639|LOC115490639",-2.3920982027912,0.485448673936361,-1.28117407823963,-2.23111713452998,-2.24065490542074
"gene-NDUFA13|NDUFA13",6.46058455387291,6.21626142134539,5.99845493709209,5.87927779525863,6.31085339364561
"gene-SUGP1|SUGP1",3.69281880101892,3.98093093961404,3.90336373697514,3.6146437944211,3.68181901695651
"gene-KXD1|KXD1",3.55862554734471,4.19806960082536,3.76910378168085,3.43364304573931,3.46880928725815
"gene-SBNO2|SBNO2",4.3610325738472,4.7902926139688,4.72069514101783,4.51359084835167,4.26405884870029
"gene-NDUFS7|NDUFS7",6.49849041853048,6.08803372117228,5.88501165507789,6.09248086373455,6.54008687769454
"gene-GADD45B|GADD45B",2.92245057615696,3.8476167420116,3.6670960880537,3.54463795152423,2.99474458581748
"gene-TMEM259|TMEM259",5.86275229726057,5.46897728228552,5.86161851332024,6.13737707821756,5.76596324173012
"gene-PTBP1|PTBP1",6.81562044104167,7.22485639533957,7.17926804561412,6.9210175398301,6.68441805850643
"gene-MICOS13|MICOS13",4.91769636539818,4.67866315813196,4.38181824927045,4.53647825959541,4.89552925233227
"gene-LOC100218528|LOC100218528",5.35940284586973,5.32992215278097,5.6500577153078,5.74144032770146,5.51619443970544
"gene-MKNK2|MKNK2",5.99589506290405,7.18865873991478,6.29730540591349,6.02316966502133,6.04624310053165
"gene-LOC100221315|LOC100221315",7.8318768317791,5.31819191769115,7.09933254076823,8.19727799533489,7.38507735516799
"gene-TCF3|TCF3",4.07453472044427,4.41293405602502,4.32209841909392,4.28645146647846,4.16485462585498
"gene-NDUFA7|NDUFA7",5.63141776222182,5.36333071973601,5.13217362615587,5.26062254222288,5.70715616746056
"gene-SPPL2B|SPPL2B",5.200542677257,4.92530835546474,5.19464636049898,5.34052813090026,5.30867383672715
"gene-TIMM13|TIMM13",5.34982305963131,5.00774604569592,4.90441726343704,5.05680125337292,5.39967025763915
"gene-NDUFA11|NDUFA11",6.07730817005674,5.85292631335849,5.70271111202194,5.75207362934818,6.14772408957475
"gene-LOC140680792|LOC140680792",-2.21739222910191,-1.14634070498317,-0.931271441703268,-1.23972026204655,-3.77769510081839
"gene-LOC115493297|LOC115493297",-3.74898318313914,-2.45071391633493,-2.94007395943355,-4.36321406615465,-4.47964843108731
"gene-EIF4B|EIF4B",6.96999036926801,7.41206205852815,7.05211524943466,6.82378136549895,6.78102654497631
"gene-CELA1|CELA1",-0.687926944558021,-1.66983884674081,-2.13657954488676,-0.423417579892003,-0.442981110746987
"gene-EEF1AKMT3|EEF1AKMT3",2.98521328810824,2.62611092936365,2.17534889693015,1.65248831685245,2.35284759296664
"gene-NAB2|NAB2",0.149463601987081,1.04299210813243,0.715562204875987,0.284444860426184,-0.0568076166521303
"gene-ATP5F1B|ATP5F1B",10.101876374234,9.58916303523604,9.51973516807672,9.78270935792221,10.0381548614429
"gene-LOC115491449|LOC115491449",-4.4158676878234,-2.10683678732393,-0.951023929353511,-2.0440144409526,-2.11845724034885
"gene-CS|CS",6.50843216142335,5.20003950691302,6.24762857153136,6.88451832168299,6.32353797372473
"gene-PA2G4|PA2G4",5.98679814431872,5.74463305029058,6.06012151067445,6.26418686450823,6.06167968624183
"gene-PFKM|PFKM",1.77048943599018,1.07910607572932,0.891661130776013,0.826474398075499,1.15711366976302
"gene-PFDN5|PFDN5",4.75953834978185,4.48808040132912,4.34248604523582,4.33087152333368,4.8930284434484
"gene-BLOC1S1|BLOC1S1",4.77498446248564,4.48332360136805,4.20964989941656,4.26988505350509,4.61918244746126
"gene-LOC140681012|LOC140681012",-1.85934529758911,0.0632728735330362,-0.670942706470913,-1.18421977847751,-1.39424658347131
"gene-RFX1|RFX1",4.67631092359559,5.067203270371,4.67547001304146,4.50772930041011,4.51349155066825
"gene-GTF2F1|GTF2F1",3.4700317569547,3.87182759497565,3.91837259025216,4.03426724640329,3.53118931970178
"gene-KHSRP|KHSRP",4.78858066130936,5.18347217262076,5.19273523463316,5.0274503964276,4.67641260892989
"gene-TNPO2|TNPO2",4.67405528025039,4.73986459193128,4.78485143537676,5.06505014181545,4.91132776087929
"gene-NFIX|NFIX",3.0020878330776,3.49514673319342,2.98291708983083,2.88895985356432,2.4792391515244
"gene-RNASEH2A|RNASEH2A",3.6344211220745,4.11308526130498,3.99023927279175,3.61716601933254,3.64121961143936
"gene-FARSA|FARSA",4.42154262313079,4.82752091395344,4.80177781129317,4.49120675312714,4.4041593293941
"gene-CALR|CALR",9.7025354585454,10.2609800542208,10.050055399368,9.34926763871013,9.36478943468622
"gene-LOC115491612|LOC115491612",-2.9332942508007,-2.385962032761,-2.14402172575397,-2.51932735410197,-3.60623893646489
"gene-LOC140680931|LOC140680931",-4.60367616092806,-2.78738902383919,-3.55313832630295,-4.39492053731134,-4.68946672041295
"gene-MUS81|MUS81",1.23728977398067,2.04790196686196,1.78020325906224,1.43656061816747,1.42903701378383
"gene-SLC3A2|SLC3A2",5.46523565160718,5.8039121622495,5.65919814701733,5.61898989625756,5.21411029183067
"gene-PYGM|PYGM",-1.62981068318807,-1.30416274735784,-2.34587103184936,-1.99784013662513,-2.05780303870666
"gene-LOC115491955|LOC115491955",-2.25438892571526,-1.19798120410889,-1.2939907930326,-2.75756489129496,-2.23872500428856
"gene-GATA1|GATA1",1.29847775983766,1.91949290161157,1.35403270729889,0.858726316166215,1.51736615019734
"gene-SYVN1|SYVN1",4.44678564907475,5.07405334054585,5.27387098339696,4.69481435568261,4.27987306501995
"gene-STIP1|STIP1",6.75679473452551,7.24580483976745,6.59134159607684,6.36348311310548,6.46687820215873
"gene-LOC115492180|LOC115492180",-2.09619977115524,-1.34608357757214,-0.683635928347384,-1.06324006098023,-2.63415910123803
"gene-RELA|RELA",5.162997647947,5.65738482360741,5.4406567859828,5.29854326140148,5.07511850797074
"gene-LOC140681047|LOC140681047",0.438678081711388,1.39821875164561,0.42923408926392,0.0290022897803108,0.225385760763969
"gene-LOC140681076|LOC140681076",-2.16428776700187,-0.530487265134293,-1.49996978885065,-2.21407924381821,-2.3885758418547
"gene-LOC121469095|LOC121469095",1.30960158986132,2.64364672091431,2.7690579135967,0.439652909473701,1.72481140982097
"gene-LOC140681048|LOC140681048",1.28037054736924,2.3206808751576,2.36408927385881,0.704807215543215,1.42133895976228
"gene-LOC121468923|LOC121468923",2.00097420553012,3.0891035730199,3.13223626373049,1.19052174601575,1.98829610208334
"gene-SLC25A11|SLC25A11",7.63221326957323,7.27079216980013,7.20505507324047,7.4243895316599,7.63576209948015
"gene-CHRNB1|CHRNB1",-3.51036058450842,-2.18368099538658,-3.07921742836972,-3.35132587703226,-1.66351282779498
"gene-LOC100229817|LOC100229817",5.58816672818368,4.9828824496819,5.27889276844563,5.45823457476493,5.69283666757554
"gene-LOC140681166|LOC140681166",-2.5054952582302,-1.28099766944119,-1.43068110640762,-2.32676107320332,-0.666205860230274
"gene-LOC140681269|LOC140681269",-2.48752155377953,-3.03732684320704,-3.83375560536998,-4.08991059110671,-3.12836822722748
"gene-LOC140681322|LOC140681322",-2.59448018757011,-1.68129381353961,-1.42109543477344,-2.5016167173525,-3.51865599441227
"gene-RAB4B|RAB4B",-1.38115802324794,-1.94642444588624,-1.43988559472623,-2.47895785374354,-3.003341213499
"gene-LOC121468922|LOC121468922",1.0440591171619,2.12458727563527,1.8304562604007,0.446871507191124,0.716319283763933
"gene-FKRP|FKRP",4.55564372413867,4.08202194080293,4.12796552572632,4.74427141823746,3.87186636385023
"gene-LOC121468661|LOC121468661",-2.24360808239456,-3.12037389522397,-3.51911159435318,-3.25906276954841,-4.07055344154606
"gene-BRD2|BRD2",6.071124262274,6.26694119424069,6.29833852493006,6.34497128036771,5.8831747099433
"gene-LOC121468694|LOC121468694",-3.42034592772356,-4.08869993566467,-5.2023209752732,-4.67318553778756,-3.49532037885948
"gene-TUBB|TUBB",7.59884559060511,6.98597092163199,7.44990400866386,7.87593367852754,7.60077162167326
"gene-LOC115493070|LOC115493070",4.5500835923341,4.76921959458462,4.79438149393778,4.54719988763418,4.41881984904737
"gene-LOC140681499|LOC140681499",-1.72369421601459,-0.792404927258465,-0.461013398779469,-0.789194706781882,-2.12548021105801
"gene-RCVRN|RCVRN",-2.28571994539075,-0.333433674465198,-1.78933033680766,-1.98785508313977,-1.68757269790071
"gene-TNNI3|TNNI3",-1.48456400986434,-0.0941908975388265,-1.01172738554359,-2.48145323648978,-1.25416902070014
"gene-LIN7B|LIN7B",1.39709562212299,1.88328292274825,1.5642130324147,1.20918337600852,1.24897074047154
"gene-LOC140681600|LOC140681600",-3.59736491547582,-2.29899362243377,-2.83268163522934,-3.1609328174697,-2.33546647797038
"gene-LOC140681757|LOC140681757",1.92975858762203,2.57819215174794,2.17869531744825,1.74963521063625,1.88739504995584
"gene-LOC140682028|LOC140682028",3.46094612755664,3.91942505102858,2.95227517085596,2.5732625685455,2.89136411034277
"gene-LOC140681736|LOC140681736",2.89136244287955,3.55400650958646,3.24999067870867,2.84007090306629,3.01593113762213
"gene-LOC140681738|LOC140681738",-0.660882277298106,0.308301943641068,-1.1605825137221,-1.56866953500785,-0.863898565155434
"gene-LOC140681727|LOC140681727",3.5404465007952,5.04911523471605,3.45966474659611,2.74543185330277,3.72681751818921
"gene-LOC140681740|LOC140681740",-0.261668463344055,1.76734681132789,-0.954917132989088,-1.43303343563066,0.102655127937328
"gene-HDHD2|HDHD2",5.05959490615771,4.29526215177942,4.32180583662527,4.83301114148219,4.65586048895486
"gene-LPL|LPL",3.38930350644011,5.72676080489608,4.75090612474237,3.5460346267239,3.329387809898
"gene-CPLX1|CPLX1",-2.69840581615955,-2.61193120599355,-1.78341072592069,-3.11084291026922,-1.16198676385177
"gene-LOC140681754|LOC140681754",-4.88263833733818,-1.53873341972815,-2.9518634522951,-3.87994699478657,-4.86856477135342
"gene-LOC140681752|LOC140681752",2.06535435162111,2.67048647931448,2.51659545565838,1.9051728275515,2.13325850177378
"gene-GADD45G|GADD45G",1.11063323593122,1.97429287454907,1.3539414644151,1.01754952931727,1.15879664349263
"gene-LOC100222802|LOC100222802",11.2345810086841,10.8295343708671,10.6862134921458,10.9070446739407,11.2884056763624
"gene-SLF1|SLF1",5.11908088740021,5.44662081171807,5.08043680802254,4.74799337193777,4.77154907663097
"gene-ARRDC3|ARRDC3",7.03992479335302,7.19642742538786,6.89909820381661,6.48669715864045,7.1669998212078
"gene-TMEM161B|TMEM161B",4.16466634777102,3.81556233997611,4.22460459876399,4.47651850693876,4.33599885210725
"gene-CDO1|CDO1",10.8363068387057,10.4812603978869,10.1070353470046,10.326834048193,10.8389127627836
"gene-LOC105760834|LOC105760834",1.65266584474628,2.54845518969637,2.20107631302272,1.38357475847265,1.69988960072231
"gene-RIOK2|RIOK2",4.48077437097876,4.71597510534596,4.80773753819832,4.29759361131483,4.27876059633399
"gene-LOC115491113|LOC115491113",-3.84652662692204,-2.36554564780454,-2.21723724198293,-2.6787524514219,-3.89598949465932
"gene-CCDC112|CCDC112",-2.56256057004376,-2.87112445423553,-2.10864316874072,-3.05206421630408,-4.30243102580265
"gene-LOC115491242|LOC115491242",-3.04509710448402,-2.86076679634631,-4.84704215926427,-3.84162505581071,-3.50809902005231
"gene-MIR2954|MIR2954",0.380101864461721,1.32355937201698,1.19158121064324,-0.0377115105806841,0.139335337977019
"gene-TDRD7|TDRD7",5.2566065528627,4.29142433157892,5.14116306672108,5.57079196654423,5.50035109312269
"gene-SERF1A|SERF1A",4.58835135574832,4.63125157120282,4.59102467257227,4.36725067090953,4.29383595306593
"gene-DNAI1|DNAI1",-3.77549006259366,-1.64667054508299,-1.81423386426447,-2.30121082182761,-3.76010339970352
"gene-LOC100220412|LOC100220412",0.777549515791527,3.24221060514243,3.85282363823289,3.36044069510954,0.767278508013115
"gene-TLN1|TLN1",5.6672248815298,5.84296375831461,6.06221260298955,5.92033702362118,5.52089821545888
"gene-CREB3|CREB3",5.88097807012238,6.34221098659917,6.43947095778276,5.84596193205334,5.72068166730701
"gene-LOC115491015|LOC115491015",0.507998903071828,1.03446924439637,0.649640036654062,0.110004194024644,0.262288942351527
"gene-RANBP3L|RANBP3L",4.90176020617853,4.12392354512474,4.39222103537508,4.43857545496488,5.05285477097895
"gene-EGFLAM|EGFLAM",-3.41974448291058,0.267678559858821,-0.0988946594447328,-0.97464971010855,-2.12941903762349
"gene-C6|C6",7.19950005342045,7.67971029654391,7.4190661212424,7.09136515840956,7.03357224079888
"gene-GHR|GHR",8.16306629962811,7.45168724102086,7.80235336200976,8.13231432357864,8.2702132669614
"gene-LOC101233531|LOC101233531",-0.78987306235511,-0.494068188081059,-0.951009819167503,-1.82383985574919,-0.971773190155621
"gene-PLPP1|PLPP1",5.00251381854763,4.73845520282611,4.72556042466714,5.4336172200207,5.29520762779748
"gene-LOC140681920|LOC140681920",-4.0061434595689,-2.36834261926034,-2.58728290044686,-3.6963228413982,-3.16600531730191
"gene-LOC116806615|LOC116806615",-3.71926214986336,-1.83204162041716,-2.83337662538592,-3.45042338393021,-3.51382082535315
"gene-LOC140681780|LOC140681780",-3.85293217185793,-2.31617012972146,-3.1341259524987,-3.84764897628174,-4.04210612988002
"gene-LOC140681781|LOC140681781",-3.88865551673966,-2.27517630833293,-3.25634304725146,-3.7168073631243,-4.2155966606645
"gene-LOC140682013|LOC140682013",-3.49357387233375,-1.95743495981008,-3.48633124438212,-4.03391530266219,-3.03782319506128
"gene-CMYA5|CMYA5",-3.31124788247108,-3.27409589051348,-4.83178557452603,-4.34428320261362,-4.68242903366673
"gene-JMY|JMY",3.89365581997034,4.47529805922401,3.90817809453028,3.80070192488688,3.9242462704952
"gene-ANKRD31|ANKRD31",0.226543540799854,0.84208679201528,1.39554501754016,0.579103116949873,0.532535168245338
"gene-LOC140681760|LOC140681760",-2.26416749172299,-1.14580428012273,-1.65335300698355,-2.5165258609686,-2.43776262067245
"gene-NSA2|NSA2",5.8112137428861,6.0623299867437,5.90914413467559,5.47326016007082,5.53353822839825
"gene-LOC100229304|LOC100229304",-3.48807610353964,-3.35832632477446,-2.91092643819098,-3.42535435075112,-2.11207573321597
"gene-LOC140681708|LOC140681708",-4.7649906542972,-3.63064027953674,-1.90686362455171,-4.40663818674248,-4.47651121351066
"gene-FBN2|FBN2",-3.80743715853991,-1.43344970002543,-1.66120627379407,-3.23100068837689,-3.49467703647977
"gene-SSBP2|SSBP2",3.83336545271464,5.00744881917955,4.28885832089853,3.68996078468744,4.19747235181648
"gene-ACOT12|ACOT12",-3.45057996615494,-3.71859401942415,-2.97290015225367,-4.25578523459023,-4.35559751970411
"gene-LOC140682079|LOC140682079",-1.28882171109818,-0.540814448665811,-1.41009198828468,-2.17794483268178,-1.32837365939485
"gene-LOC140682068|LOC140682068",1.63102010834074,2.84342911986184,0.104049822861973,-0.320896928432527,1.11677947329768
"gene-LOC140682084|LOC140682084",3.30053114213826,4.13542623803215,3.56807386211657,2.68022530734828,3.33346194711264
"gene-LOC116806897|LOC116806897",-2.07293484394568,-1.06427872252869,-1.5539883908741,-2.64032342769643,-1.41284764541877
"gene-LOC140682134|LOC140682134",-2.41220603553254,-0.972728292485669,-1.46480087864748,-1.76545431170755,-1.90636723479251
"gene-LOC140680271|LOC140680271",-2.7179808472706,-2.75536007691956,-3.46303698950167,-2.13258174679758,-2.5679325127999
"gene-LOC100224866|LOC100224866",-3.59108401821707,-3.9764515222043,-4.41929621867137,-2.66548995885029,-2.16022881503145
"gene-LOC140680831|LOC140680831",-3.71424750721231,-3.15021224338455,-4.27783159290125,-2.12153259182146,-2.89534215018075
"gene-LOC115490732|LOC115490732",-3.15893786524965,-3.90277745123881,-4.59290209704403,-3.85782828275959,-4.46321429018257
"gene-LOC116807891|LOC116807891",-4.22918588524719,-5.09281872864517,-4.9324007119139,-3.50988830866071,-4.55533985753253
"gene-LOC115494690|LOC115494690",-4.23411635826078,-3.40676584571764,-3.26992922553673,-3.9466653941737,-4.50578813329966
"gene-LOC140683873|LOC140683873",-5.42475191148884,-4.31011849458968,-4.28316238642913,-3.93813937284987,-3.41325387874468
"gene-LOC105758698|LOC105758698",-4.49827694614272,-4.17428650405585,-5.29844783701292,-3.02618951788717,-3.42652181723005
"gene-TNNC2|TNNC2",-3.51883294229593,-4.07176740719856,-3.97553934733629,-4.04062039268866,-2.81341217686498
"gene-LOC100224543|LOC100224543",-3.48110359504096,-3.39618530670246,-4.0140372332115,-2.53663513521002,-1.58018150631894
"gene-VWA5B1|VWA5B1",-3.36664397950237,-2.19870327754952,-2.21176906643791,-3.37719034491385,-3.30734649202743
"gene-LOC105758763|LOC105758763",-4.45644564262077,-4.72093649870567,-4.77087144382536,-3.12503088694677,-3.45708190813207
"gene-CLPS|CLPS",-2.61350159387373,-0.778742163509859,-2.85408165958465,-1.9475228883211,-2.75293657793582
"gene-LOC121469004|LOC121469004",-2.16670731788193,-1.50554445398165,-2.80079635924214,-3.27301722444349,-2.5809051467533
"gene-SYCN|SYCN",-4.66688942710583,-4.6836213914181,-4.45431199345892,-3.31502069718898,-3.72455869503941
