"Gene_ID","Module"
"gene-LOC140684313|LOC140684313","blue"
"gene-LOC140684329|LOC140684329","midnightblue"
"gene-LOC121469166|LOC121469166","turquoise"
"gene-LOC140684334|LOC140684334","turquoise"
"gene-LOC140684346|LOC140684346","turquoise"
"gene-LOC140684351|LOC140684351","turquoise"
"gene-LOC140684365|LOC140684365","turquoise"
"gene-LOC140684387|LOC140684387","plum1"
"gene-LOC140684392|LOC140684392","turquoise"
"gene-LOC140684497|LOC140684497","turquoise"
"gene-LOC121470777|LOC121470777","grey"
"gene-LOC100221041|LOC100221041","grey"
"gene-CMSS1|CMSS1","grey"
"gene-FILIP1L|FILIP1L","grey"
"gene-DCBLD2|DCBLD2","green"
"gene-TMEM45A|TMEM45A","blue"
"gene-TBC1D23|TBC1D23","black"
"gene-NIT2|NIT2","grey"
"gene-TOMM70|TOMM70","purple"
"gene-IMPG2|IMPG2","grey"
"gene-ABI3BP|ABI3BP","mediumpurple3"
"gene-TFG|TFG","yellow"
"gene-SENP7|SENP7","black"
"gene-TRMT10C|TRMT10C","yellow"
"gene-LOC100219101|LOC100219101","turquoise"
"gene-TXNL4B|TXNL4B","pink"
"gene-NXPE3|NXPE3","turquoise"
"gene-LOC140684920|LOC140684920","lightyellow"
"gene-PCNP|PCNP","brown"
"gene-ZBTB11|ZBTB11","brown"
"gene-RPL24|RPL24","pink"
"gene-CEP97|CEP97","violet"
"gene-NFKBIZ|NFKBIZ","red"
"gene-ZPLD1|ZPLD1","red"
"gene-ALCAM|ALCAM","blue"
"gene-CBLB|CBLB","blue"
"gene-BBX|BBX","black"
"gene-LOC116808831|LOC116808831","midnightblue"
"gene-CIP2A|CIP2A","darkgreen"
"gene-TRAT1|TRAT1","blue"
"gene-HJURP|HJURP","blue"
"gene-GUCA1C|GUCA1C","grey"
"gene-MYH15|MYH15","thistle2"
"gene-CD47|CD47","brown"
"gene-IFT57|IFT57","grey"
"gene-HHLA2|HHLA2","grey"
"gene-LOC115497582|LOC115497582","grey"
"gene-C1H3orf85|C1H3orf85","magenta"
"gene-CD96|CD96","grey"
"gene-NECTIN3|NECTIN3","grey"
"gene-PLCXD2|PLCXD2","blue"
"gene-PHLDB2|PHLDB2","brown"
"gene-ABHD10|ABHD10","brown"
"gene-TAGLN3|TAGLN3","lightcyan"
"gene-UVRAG|UVRAG","red"
"gene-DGAT2|DGAT2","green"
"gene-MAP6|MAP6","grey"
"gene-APP|APP","brown"
"gene-TMPRSS7|TMPRSS7","black"
"gene-C1H3orf52|C1H3orf52","lightcyan"
"gene-LOC115497877|LOC115497877","blue"
"gene-LOC100221949|LOC100221949","blue"
"gene-USP16|USP16","brown"
"gene-MAP3K7CL|MAP3K7CL","grey"
"gene-IL18BP|IL18BP","blue"
"gene-LOC115498571|LOC115498571","cyan"
"gene-NUMA1|NUMA1","green"
"gene-LAMTOR1|LAMTOR1","yellow"
"gene-INPPL1|INPPL1","salmon"
"gene-CLPB|CLPB","green"
"gene-ARAP1|ARAP1","turquoise"
"gene-LOC100221052|LOC100221052","midnightblue"
"gene-EMSY|EMSY","turquoise"
"gene-LOC100228717|LOC100228717","darkgrey"
"gene-LTN1|LTN1","brown"
"gene-RWDD2B|RWDD2B","grey"
"gene-CCT8|CCT8","brown"
"gene-BACH1|BACH1","brown"
"gene-PAXBP1|PAXBP1","turquoise"
"gene-RNF121|RNF121","yellow"
"gene-ANAPC15|ANAPC15","turquoise"
"gene-LOC100220024|LOC100220024","grey"
"gene-STARD10|STARD10","saddlebrown"
"gene-PDE2A|PDE2A","darkmagenta"
"gene-ARRB1|ARRB1","brown"
"gene-WDR73|WDR73","midnightblue"
"gene-THAP12|THAP12","greenyellow"
"gene-WNT11|WNT11","tan"
"gene-JAM2|JAM2","grey"
"gene-GABPA|GABPA","brown"
"gene-ATP5PF|ATP5PF","yellow"
"gene-MRPL39|MRPL39","black"
"gene-C1H21orf91|C1H21orf91","floralwhite"
"gene-LOC140682188|LOC140682188","tan"
"gene-LOC115492635|LOC115492635","grey"
"gene-CXADR|CXADR","brown"
"gene-LOC115492903|LOC115492903","grey"
"gene-USP25|USP25","brown"
"gene-NRIP1|NRIP1","black"
"gene-SAMSN1|SAMSN1","blue"
"gene-HSPA13|HSPA13","royalblue"
"gene-LIPI|LIPI","black"
"gene-ROBO2|ROBO2","floralwhite"
"gene-ROBO1|ROBO1","grey"
"gene-LOC115493382|LOC115493382","grey"
"gene-VGLL3|VGLL3","black"
"gene-CADM2|CADM2","blue"
"gene-LOC115493362|LOC115493362","sienna3"
"gene-GBE1|GBE1","green"
"gene-POU1F1|POU1F1","grey60"
"gene-CHMP2B|CHMP2B","black"
"gene-HTR1F|HTR1F","cyan"
"gene-LOC105759805|LOC105759805","blue"
"gene-PDZK1|PDZK1","grey"
"gene-LOC100229926|LOC100229926","black"
"gene-GJA8|GJA8","tan"
"gene-GJA5|GJA5","greenyellow"
"gene-ACP6|ACP6","green"
"gene-BCL9|BCL9","mediumpurple3"
"gene-CD80|CD80","blue"
"gene-POGLUT1|POGLUT1","black"
"gene-TIMMDC1|TIMMDC1","yellow"
"gene-CD101|CD101","blue"
"gene-IGSF3|IGSF3","cyan"
"gene-ADPRH|ADPRH","blue"
"gene-LOC116807706|LOC116807706","blue"
"gene-PTGFRN|PTGFRN","brown"
"gene-LOC100222365|LOC100222365","darkgreen"
"gene-CD2|CD2","blue"
"gene-ILDR2|ILDR2","grey"
"gene-STYXL2|STYXL2","brown"
"gene-GPA33|GPA33","yellow"
"gene-POU2F1|POU2F1","black"
"gene-CD247|CD247","turquoise"
"gene-CREG1|CREG1","blue"
"gene-RCSD1|RCSD1","blue"
"gene-RIOX2|RIOX2","darkgreen"
"gene-CRYBG3|CRYBG3","blue"
"gene-ARL6|ARL6","red"
"gene-DCAF6|DCAF6","brown"
"gene-LOC115493512|LOC115493512","grey"
"gene-GABRR3|GABRR3","black"
"gene-MPZL1|MPZL1","bisque4"
"gene-MPC2|MPC2","yellow"
"gene-EPHA6|EPHA6","grey"
"gene-NSUN3|NSUN3","red"
"gene-LOC140682302|LOC140682302","grey"
"gene-EPHA3|EPHA3","turquoise"
"gene-C1H3orf38|C1H3orf38","black"
"gene-ARL13B|ARL13B","grey"
"gene-PROS1|PROS1","purple"
"gene-LOC140682298|LOC140682298","grey"
"gene-ZNF654|ZNF654","red"
"gene-HEMK2|HEMK2","royalblue"
"gene-CGGBP1|CGGBP1","brown"
"gene-LOC121469187|LOC121469187","greenyellow"
"gene-ADAMTS5|ADAMTS5","greenyellow"
"gene-ADAMTS1|ADAMTS1","blue"
"gene-LOC140682320|LOC140682320","grey"
"gene-LOC115493573|LOC115493573","turquoise"
"gene-GDPD5|GDPD5","purple"
"gene-SERPINH1|SERPINH1","blue"
"gene-RPS3|RPS3","pink"
"gene-LOC115497774|LOC115497774","red"
"gene-FCHSD2|FCHSD2","turquoise"
"gene-P2RY2|P2RY2","blue"
"gene-P2RY6|P2RY6","blue"
"gene-RELT|RELT","tan"
"gene-ARHGEF17|ARHGEF17","blue"
"gene-FAM168A|FAM168A","brown"
"gene-PLEKHB1|PLEKHB1","darkgrey"
"gene-RAB6A|RAB6A","green"
"gene-DNAJB13|DNAJB13","turquoise"
"gene-MRPL48|MRPL48","pink"
"gene-COA4|COA4","red"
"gene-PAAF1|PAAF1","greenyellow"
"gene-HUNK|HUNK","green"
"gene-TIAM1|TIAM1","blue"
"gene-MRAP|MRAP","skyblue3"
"gene-GRIK1|GRIK1","darkgreen"
"gene-SCAF4|SCAF4","orange"
"gene-SOD1|SOD1","yellow"
"gene-SLCO2B1|SLCO2B1","skyblue3"
"gene-LOC140682378|LOC140682378","darkorange"
"gene-PGM2L1|PGM2L1","turquoise"
"gene-KCNE3|KCNE3","pink"
"gene-LIPT2|LIPT2","turquoise"
"gene-POLD3|POLD3","grey"
"gene-NEU3|NEU3","grey"
"gene-RNF169|RNF169","red"
"gene-SPCS2|SPCS2","grey60"
"gene-P4HA3|P4HA3","grey"
"gene-C2CD3|C2CD3","turquoise"
"gene-LOC100229080|LOC100229080","turquoise"
"gene-LOC116807788|LOC116807788","turquoise"
"gene-LOC115496044|LOC115496044","grey"
"gene-PPME1|PPME1","green"
"gene-SYNJ1|SYNJ1","turquoise"
"gene-EVA1C|EVA1C","turquoise"
"gene-CFAP298|CFAP298","grey"
"gene-URB1|URB1","turquoise"
"gene-COL8A1|COL8A1","blue"
"gene-ST3GAL6|ST3GAL6","blue"
"gene-CPOX|CPOX","brown"
"gene-LOC140682449|LOC140682449","red"
"gene-TTF2|TTF2","blue"
"gene-LOC140682464|LOC140682464","darkorange2"
"gene-LOC100227529|LOC100227529","blue"
"gene-DPT|DPT","purple"
"gene-GPR161|GPR161","sienna3"
"gene-SFT2D2|SFT2D2","brown"
"gene-TIPRL|TIPRL","turquoise"
"gene-TBX19|TBX19","turquoise"
"gene-NME7|NME7","red"
"gene-ATP1B1|ATP1B1","greenyellow"
"gene-BLZF1|BLZF1","brown"
"gene-CCDC181|CCDC181","red"
"gene-SLC19A2|SLC19A2","magenta"
"gene-F5|F5","brown"
"gene-ATG3|ATG3","salmon"
"gene-SLC35A5|SLC35A5","bisque4"
"gene-CCDC80|CCDC80","blue"
"gene-LOC121469357|LOC121469357","grey"
"gene-LOC100227477|LOC100227477","blue"
"gene-LOC115493789|LOC115493789","blue"
"gene-GTPBP8|GTPBP8","yellow"
"gene-LOC115493776|LOC115493776","turquoise"
"gene-TAF13|TAF13","turquoise"
"gene-RMP64|RMP64","turquoise"
"gene-BOC|BOC","blue"
"gene-CFAP44|CFAP44","royalblue"
"gene-LOC100227541|LOC100227541","greenyellow"
"gene-ILDR1|ILDR1","grey"
"gene-GPR15|GPR15","darkorange"
"gene-CLDND1|CLDND1","blue"
"gene-GRAMD1C|GRAMD1C","green"
"gene-DRD3|DRD3","grey"
"gene-ZDHHC23|ZDHHC23","turquoise"
"gene-CCDC191|CCDC191","turquoise"
"gene-QTRT2|QTRT2","red"
"gene-GAP43|GAP43","grey"
"gene-ZBTB20|ZBTB20","purple"
"gene-IGSF11|IGSF11","darkgrey"
"gene-LOC100227480|LOC100227480","grey"
"gene-LSAMP|LSAMP","tan"
"gene-ARHGAP31|ARHGAP31","darkturquoise"
"gene-LOC100219809|LOC100219809","purple"
"gene-B4GALT4|B4GALT4","greenyellow"
"gene-TMEM39A|TMEM39A","purple"
"gene-LOC105760670|LOC105760670","purple"
"gene-CHD1L|CHD1L","blue"
"gene-VANGL1|VANGL1","brown"
"gene-NHLH2|NHLH2","midnightblue"
"gene-LOC140682591|LOC140682591","grey"
"gene-SLC22A15|SLC22A15","palevioletred3"
"gene-LOC140682598|LOC140682598","orangered4"
"gene-ATP1A1|ATP1A1","brown"
"gene-LOC140682605|LOC140682605","blue"
"gene-LOC101234149|LOC101234149","blue"
"gene-PLA1A|PLA1A","red"
"gene-LOC115493891|LOC115493891","darkgreen"
"gene-POPDC2|POPDC2","royalblue"
"gene-COX17|COX17","blue"
"gene-GPR156|GPR156","grey"
"gene-CFAP91|CFAP91","blue"
"gene-GSK3B|GSK3B","brown"
"gene-LRRC58|LRRC58","brown"
"gene-FSTL1|FSTL1","blue"
"gene-LOC115493915|LOC115493915","cyan"
"gene-NDUFB4|NDUFB4","yellow"
"gene-HGD|HGD","yellow"
"gene-RABL3|RABL3","royalblue"
"gene-GTF2E1|GTF2E1","brown"
"gene-LOC116807858|LOC116807858","black"
"gene-STXBP5L|STXBP5L","darkolivegreen"
"gene-POLQ|POLQ","blue"
"gene-METTL16|METTL16","red"
"gene-TNFRSF1A|TNFRSF1A","blue"
"gene-VTCN1|VTCN1","orangered4"
"gene-CTC1|CTC1","blue"
"gene-TRIM45|TRIM45","turquoise"
"gene-SPICE1|SPICE1","red"
"gene-SIDT1|SIDT1","tan"
"gene-USF3|USF3","turquoise"
"gene-NAA50|NAA50","green"
"gene-TENT5C|TENT5C","brown"
"gene-ATP6V1A|ATP6V1A","blue"
"gene-DUSP12|DUSP12","turquoise"
"gene-GDAP2|GDAP2","brown"
"gene-WDR3|WDR3","grey60"
"gene-WARS2|WARS2","red"
"gene-HAO2|HAO2","grey"
"gene-HSD3B1|HSD3B1","grey"
"gene-CD86|CD86","blue"
"gene-MAN1A2|MAN1A2","brown"
"gene-FBXO40|FBXO40","steelblue"
"gene-SCNN1A|SCNN1A","grey"
"gene-CSTB|CSTB","grey"
"gene-LOC100228799|LOC100228799","blue"
"gene-MIX23|MIX23","grey"
"gene-FAM162A|FAM162A","yellow"
"gene-KPNA1|KPNA1","brown"
"gene-VAMP1|VAMP1","grey"
"gene-NCAPD2|NCAPD2","green"
"gene-MRPL51|MRPL51","pink"
"gene-LOC140682653|LOC140682653","turquoise"
"gene-IFFO1|IFFO1","blue"
"gene-NOP2|NOP2","thistle2"
"gene-GAPDH|GAPDH","yellow"
"gene-LPAR5|LPAR5","blue"
"gene-ACRBP|ACRBP","cyan"
"gene-ING4|ING4","grey"
"gene-CHD4|CHD4","brown"
"gene-ZNF384|ZNF384","brown"
"gene-LAG3|LAG3","blue"
"gene-CD4|CD4","blue"
"gene-GPR162|GPR162","blue"
"gene-CDCA3|CDCA3","blue"
"gene-P3H3|P3H3","mediumpurple3"
"gene-GNB3|GNB3","grey"
"gene-PIANP|PIANP","brown"
"gene-COPS7A|COPS7A","green"
"gene-MLF2|MLF2","yellow"
"gene-LOC116807936|LOC116807936","greenyellow"
"gene-LOC100190249|LOC100190249","green"
"gene-ATN1|ATN1","cyan"
"gene-USP5|USP5","brown"
"gene-TPI1|TPI1","yellow"
"gene-LRRC23|LRRC23","darkolivegreen"
"gene-C1H12orf57|C1H12orf57","grey60"
"gene-PTPN6|PTPN6","blue"
"gene-PHB2|PHB2","purple"
"gene-EMG1|EMG1","blue"
"gene-LPCAT3|LPCAT3","green"
"gene-C1S|C1S","darkorange"
"gene-C1R|C1R","brown"
"gene-RBP5|RBP5","grey"
"gene-CLSTN3|CLSTN3","brown"
"gene-LOC100221073|LOC100221073","salmon"
"gene-LOC100226894|LOC100226894","blue"
"gene-PEX5|PEX5","green"
"gene-CLCN1|CLCN1","darkolivegreen"
"gene-ZYX|ZYX","blue"
"gene-FAM131B|FAM131B","blue"
"gene-EPHA1|EPHA1","grey"
"gene-CASP2|CASP2","blue"
"gene-TMEM139|TMEM139","violet"
"gene-LOC100230753|LOC100230753","tan"
"gene-GSTK1|GSTK1","magenta"
"gene-KEL|KEL","skyblue3"
"gene-EPHB6|EPHB6","darkturquoise"
"gene-LOC100224083|LOC100224083","tan"
"gene-LOC101233739|LOC101233739","blue"
"gene-LOC140683595|LOC140683595","blue"
"gene-LOC115497448|LOC115497448","blue"
"gene-LOC100221157|LOC100221157","tan"
"gene-LOC115497447|LOC115497447","blue"
"gene-LOC121469592|LOC121469592","blue"
"gene-LOC101233700|LOC101233700","blue"
"gene-CRACR2A|CRACR2A","midnightblue"
"gene-PARP11|PARP11","purple"
"gene-TEAD4|TEAD4","grey"
"gene-TULP3|TULP3","turquoise"
"gene-TSPAN9|TSPAN9","blue"
"gene-FOXM1|FOXM1","blue"
"gene-RHNO1|RHNO1","blue"
"gene-NRIP2|NRIP2","turquoise"
"gene-ITFG2|ITFG2","brown"
"gene-LOC140683648|LOC140683648","grey"
"gene-FKBP4|FKBP4","purple"
"gene-TCAF2|TCAF2","black"
"gene-LOC101233542|LOC101233542","blue"
"gene-LOC115494350|LOC115494350","blue"
"gene-LOC101233523|LOC101233523","blue"
"gene-LOC101233586|LOC101233586","blue"
"gene-NECAP1|NECAP1","brown"
"gene-C3AR1|C3AR1","blue"
"gene-FOXJ2|FOXJ2","turquoise"
"gene-LOC100224972|LOC100224972","blue"
"gene-MFAP5|MFAP5","orangered4"
"gene-LOC101233449|LOC101233449","brown"
"gene-LOC100225878|LOC100225878","grey"
"gene-RIMKLB|RIMKLB","greenyellow"
"gene-LOC100228861|LOC100228861","grey"
"gene-LOC100231773|LOC100231773","magenta"
"gene-LOC100219283|LOC100219283","purple"
"gene-LOC100226970|LOC100226970","blue"
"gene-LOC115494384|LOC115494384","midnightblue"
"gene-LOC100190538|LOC100190538","blue"
"gene-PHC1|PHC1","lightcyan"
"gene-M6PR|M6PR","blue"
"gene-KLRG1|KLRG1","blue"
"gene-A2M|A2M","red"
"gene-GUCY2F|GUCY2F","midnightblue"
"gene-CAPN5|CAPN5","grey"
"gene-TSKU|TSKU","turquoise"
"gene-ACER3|ACER3","blue"
"gene-GDPD4|GDPD4","grey"
"gene-MYO7A|MYO7A","grey"
"gene-PAK1|PAK1","blue"
"gene-AQP11|AQP11","green"
"gene-CLNS1A|CLNS1A","salmon"
"gene-RSF1|RSF1","grey"
"gene-AAMDC|AAMDC","magenta"
"gene-KCTD14|KCTD14","blue"
"gene-INTS4|INTS4","turquoise"
"gene-NDUFC2|NDUFC2","yellow"
"gene-USP35|USP35","grey"
"gene-ALG8|ALG8","salmon4"
"gene-KCTD21|KCTD21","darkgrey"
"gene-GAB2|GAB2","blue"
"gene-NARS2|NARS2","grey"
"gene-TENM4|TENM4","grey"
"gene-HIKESHI|HIKESHI","greenyellow"
"gene-EED|EED","turquoise"
"gene-CCDC83|CCDC83","brown4"
"gene-PICALM|PICALM","green"
"gene-SYTL2|SYTL2","grey"
"gene-CCDC89|CCDC89","grey"
"gene-CCDC90B|CCDC90B","red"
"gene-LOC100222067|LOC100222067","turquoise"
"gene-DLG2|DLG2","darkgrey"
"gene-CREBZF|CREBZF","turquoise"
"gene-LOC115497569|LOC115497569","turquoise"
"gene-ANKRD42|ANKRD42","black"
"gene-LOC140683682|LOC140683682","green"
"gene-LOC116808047|LOC116808047","green"
"gene-LOC115494435|LOC115494435","green"
"gene-LOC116808046|LOC116808046","green"
"gene-LOC115494437|LOC115494437","green"
"gene-PCF11|PCF11","turquoise"
"gene-LOC140683700|LOC140683700","darkgrey"
"gene-LOC140683699|LOC140683699","turquoise"
"gene-RAB30|RAB30","yellow"
"gene-DDIAS|DDIAS","floralwhite"
"gene-FAM181B|FAM181B","violet"
"gene-PRCP|PRCP","blue"
"gene-ME3|ME3","pink"
"gene-PRSS23|PRSS23","brown"
"gene-FZD4|FZD4","green"
"gene-TMEM135|TMEM135","green"
"gene-GRM5|GRM5","black"
"gene-RAB38|RAB38","turquoise"
"gene-CTSC|CTSC","blue"
"gene-NOX4|NOX4","grey"
"gene-LOC100223080|LOC100223080","brown"
"gene-LOC100225953|LOC100225953","tan"
"gene-CHORDC1|CHORDC1","purple"
"gene-LOC100226294|LOC100226294","grey"
"gene-SLC36A4|SLC36A4","grey"
"gene-FAT3|FAT3","darkred"
"gene-DEUP1|DEUP1","greenyellow"
"gene-SMCO4|SMCO4","brown"
"gene-CEP295|CEP295","black"
"gene-TAF1D|TAF1D","turquoise"
"gene-LOC115497799|LOC115497799","grey"
"gene-LOC115497798|LOC115497798","magenta"
"gene-LOC115497806|LOC115497806","grey"
"gene-LOC115497791|LOC115497791","turquoise"
"gene-LOC115497800|LOC115497800","grey"
"gene-LOC115497795|LOC115497795","green"
"gene-C1H11orf54|C1H11orf54","skyblue3"
"gene-MED17|MED17","brown"
"gene-PANX1|PANX1","blue"
"gene-VSTM5|VSTM5","cyan"
"gene-LOC121469732|LOC121469732","turquoise"
"gene-LOC100223483|LOC100223483","turquoise"
"gene-LOC140683747|LOC140683747","lightcyan"
"gene-LOC100226358|LOC100226358","grey"
"gene-FUT4|FUT4","darkorange"
"gene-MRE11|MRE11","blue"
"gene-GPR83|GPR83","lightpink4"
"gene-ANKRD49|ANKRD49","greenyellow"
"gene-AMOTL1|AMOTL1","steelblue"
"gene-ENDOD1|ENDOD1","darkgrey"
"gene-CWC15|CWC15","brown"
"gene-SESN3|SESN3","brown"
"gene-FAM76B|FAM76B","turquoise"
"gene-MTMR2|MTMR2","brown"
"gene-CEP57|CEP57","lightcyan"
"gene-MAML2|MAML2","brown"
"gene-CCDC82|CCDC82","lightyellow"
"gene-LOC140680318|LOC140680318","black"
"gene-CNTN5|CNTN5","grey"
"gene-PGR|PGR","cyan"
"gene-TRPC6|TRPC6","saddlebrown"
"gene-CFAP300|CFAP300","grey"
"gene-ARHGAP42|ARHGAP42","grey"
"gene-YAP1|YAP1","brown"
"gene-BIRC2|BIRC2","black"
"gene-TMEM123|TMEM123","blue"
"gene-MMP7|MMP7","midnightblue"
"gene-LOC100217703|LOC100217703","grey"
"gene-PDGFD|PDGFD","blue"
"gene-DCUN1D5|DCUN1D5","turquoise"
"gene-DYNC2H1|DYNC2H1","red"
"gene-MSANTD4|MSANTD4","turquoise"
"gene-KBTBD3|KBTBD3","tan"
"gene-AASDHPPT|AASDHPPT","saddlebrown"
"gene-GUCY1A2|GUCY1A2","grey"
"gene-CWF19L2|CWF19L2","black"
"gene-ALKBH8|ALKBH8","red"
"gene-ELMOD1|ELMOD1","tan"
"gene-SLC35F2|SLC35F2","royalblue"
"gene-RAB39A|RAB39A","pink"
"gene-CUL5|CUL5","purple"
"gene-NPAT|NPAT","turquoise"
"gene-ATM|ATM","black"
"gene-ACAT1|ACAT1","yellow"
"gene-POGLUT3|POGLUT3","grey"
"gene-EXPH5|EXPH5","turquoise"
"gene-DDX10|DDX10","floralwhite"
"gene-C1H11orf87|C1H11orf87","grey"
"gene-LOC140683854|LOC140683854","skyblue"
"gene-LOC115494885|LOC115494885","pink"
"gene-LOC140680324|LOC140680324","red"
"gene-SPRY2|SPRY2","lightcyan"
"gene-LOC116808177|LOC116808177","plum1"
"gene-NDFIP2|NDFIP2","brown"
"gene-RBM26|RBM26","brown"
"gene-OBI1|OBI1","brown"
"gene-SLAIN1|SLAIN1","turquoise"
"gene-SCEL|SCEL","grey"
"gene-EDNRB|EDNRB","greenyellow"
"gene-MYCBP2|MYCBP2","darkgrey"
"gene-FBXL3|FBXL3","purple"
"gene-CLN5|CLN5","grey"
"gene-ACOD1|ACOD1","blue"
"gene-LOC100222462|LOC100222462","yellow"
"gene-KCTD12|KCTD12","blue"
"gene-UCHL3|UCHL3","blue"
"gene-LMO7|LMO7","green"
"gene-LOC140680325|LOC140680325","turquoise"
"gene-LOC121469884|LOC121469884","turquoise"
"gene-TBC1D4|TBC1D4","lightgreen"
"gene-COMMD6|COMMD6","brown"
"gene-KLF5|KLF5","tan"
"gene-KLF12|KLF12","lightcyan"
"gene-MZT1|MZT1","red"
"gene-PIBF1|PIBF1","thistle2"
"gene-DIS3|DIS3","red"
"gene-BORA|BORA","black"
"gene-DACH1|DACH1","grey"
"gene-LOC140685219|LOC140685219","white"
"gene-LOC140680326|LOC140680326","paleturquoise"
"gene-KLHL1|KLHL1","plum1"
"gene-PCDH20|PCDH20","lightgreen"
"gene-PCDH9|PCDH9","yellow"
"gene-TDRD3|TDRD3","brown"
"gene-DIAPH3|DIAPH3","blue"
"gene-PCDH17|PCDH17","grey"
"gene-OLFM4|OLFM4","salmon"
"gene-CNMD|CNMD","lightcyan"
"gene-SUGT1|SUGT1","turquoise"
"gene-ELF1|ELF1","blue"
"gene-WBP4|WBP4","brown"
"gene-RGCC|RGCC","tan"
"gene-MTRF1|MTRF1","turquoise"
"gene-NAA16|NAA16","grey"
"gene-VWA8|VWA8","brown"
"gene-DGKH|DGKH","darkslateblue"
"gene-TNFSF11|TNFSF11","blue"
"gene-AKAP11|AKAP11","brown"
"gene-EPSTI1|EPSTI1","turquoise"
"gene-DNAJC15|DNAJC15","brown"
"gene-LACC1|LACC1","blue"
"gene-ENOX1|ENOX1","grey"
"gene-LOC115495125|LOC115495125","darkorange"
"gene-TSC22D1|TSC22D1","green"
"gene-NUFIP1|NUFIP1","yellowgreen"
"gene-GPALPP1|GPALPP1","magenta"
"gene-KCTD4|KCTD4","brown"
"gene-GTF2F2|GTF2F2","brown"
"gene-LOC115497790|LOC115497790","turquoise"
"gene-TPT1|TPT1","pink"
"gene-LOC115497789|LOC115497789","turquoise"
"gene-SLC25A30|SLC25A30","grey"
"gene-COG3|COG3","black"
"gene-ZC3H13|ZC3H13","turquoise"
"gene-CPB2|CPB2","skyblue"
"gene-RUBCNL|RUBCNL","blue"
"gene-LCP1|LCP1","blue"
"gene-LRCH1|LRCH1","black"
"gene-HTR2A|HTR2A","green"
"gene-LOC140684150|LOC140684150","lightcyan"
"gene-ESD|ESD","yellow"
"gene-SUCLA2|SUCLA2","green"
"gene-NUDT15|NUDT15","yellow"
"gene-MED4|MED4","turquoise"
"gene-LOC121470752|LOC121470752","turquoise"
"gene-ITM2B|ITM2B","black"
"gene-RB1|RB1","brown"
"gene-LPAR6|LPAR6","blue"
"gene-ARL11|ARL11","blue"
"gene-KPNA3|KPNA3","brown"
"gene-LOC100224365|LOC100224365","red"
"gene-FNDC3A|FNDC3A","brown"
"gene-CAB39L|CAB39L","grey"
"gene-CYSLTR2|CYSLTR2","midnightblue"
"gene-CDADC1|CDADC1","darkgreen"
"gene-SETDB2|SETDB2","brown"
"gene-PHF11|PHF11","blue"
"gene-RCBTB1|RCBTB1","blue"
"gene-SPRYD7|SPRYD7","brown"
"gene-LOC115495302|LOC115495302","turquoise"
"gene-TRIM13|TRIM13","brown"
"gene-LOC140684186|LOC140684186","orangered4"
"gene-LOC105758667|LOC105758667","blue"
"gene-KCNRG|KCNRG","green"
"gene-FAM124A|FAM124A","white"
"gene-RNASEH2B|RNASEH2B","turquoise"
"gene-DHRS12|DHRS12","royalblue"
"gene-INTS6|INTS6","turquoise"
"gene-LOC115495315|LOC115495315","turquoise"
"gene-WDFY2|WDFY2","purple"
"gene-ATP7B|ATP7B","tan"
"gene-ALG11|ALG11","brown"
"gene-NEK5|NEK5","mediumpurple3"
"gene-NEK3|NEK3","grey"
"gene-CKAP2|CKAP2","blue"
"gene-VPS36|VPS36","brown"
"gene-THSD1|THSD1","salmon"
"gene-LOC100228216|LOC100228216","grey"
"gene-LOC100231076|LOC100231076","blue"
"gene-SLC25A15|SLC25A15","black"
"gene-MRPS31|MRPS31","yellow"
"gene-FOXO1|FOXO1","grey"
"gene-COG6|COG6","black"
"gene-LHFPL6|LHFPL6","blue"
"gene-NHLRC3|NHLRC3","brown"
"gene-PROSER1|PROSER1","turquoise"
"gene-FREM2|FREM2","turquoise"
"gene-LOC100231134|LOC100231134","darkturquoise"
"gene-TRPC4|TRPC4","red"
"gene-POSTN|POSTN","blue"
"gene-UFM1|UFM1","royalblue"
"gene-SMAD9|SMAD9","navajowhite2"
"gene-SUPT20H|SUPT20H","black"
"gene-EXOSC8|EXOSC8","ivory"
"gene-ALG5|ALG5","magenta"
"gene-SERTM1|SERTM1","blue"
"gene-CCNA1|CCNA1","darkgreen"
"gene-RFXAP|RFXAP","yellow"
"gene-SPART|SPART","lightcyan1"
"gene-DCLK1|DCLK1","midnightblue"
"gene-NBEA|NBEA","turquoise"
"gene-MAB21L1|MAB21L1","thistle2"
"gene-RFC3|RFC3","brown"
"gene-KL|KL","grey"
"gene-STARD13|STARD13","red"
"gene-LOC115495505|LOC115495505","grey"
"gene-PDS5B|PDS5B","brown"
"gene-BRCA2|BRCA2","blue"
"gene-N4BP2L2|N4BP2L2","brown"
"gene-LOC140680228|LOC140680228","darkslateblue"
"gene-N4BP2L1|N4BP2L1","green"
"gene-FRY|FRY","blue"
"gene-B3GLCT|B3GLCT","grey"
"gene-ALOX5AP|ALOX5AP","blue"
"gene-HSPH1|HSPH1","red"
"gene-USPL1|USPL1","turquoise"
"gene-LOC105758664|LOC105758664","turquoise"
"gene-KATNAL1|KATNAL1","blue"
"gene-HMGB1|HMGB1","blue"
"gene-LOC121470071|LOC121470071","turquoise"
"gene-UBL3|UBL3","green"
"gene-SLC7A1|SLC7A1","blue"
"gene-MTUS2|MTUS2","blue"
"gene-SLC46A3|SLC46A3","black"
"gene-POMP|POMP","green"
"gene-PDX1|PDX1","tan"
"gene-LOC140684344|LOC140684344","salmon"
"gene-PAN3|PAN3","darkolivegreen"
"gene-FLT1|FLT1","darkmagenta"
"gene-FLT3|FLT3","blue"
"gene-LNX2|LNX2","green"
"gene-LOC100217615|LOC100217615","purple"
"gene-MTIF3|MTIF3","green"
"gene-GTF3A|GTF3A","turquoise"
"gene-USP12|USP12","turquoise"
"gene-WASF3|WASF3","blue"
"gene-RASL11A|RASL11A","navajowhite2"
"gene-RPL21|RPL21","pink"
"gene-LOC115497810|LOC115497810","grey"
"gene-LOC115497779|LOC115497779","turquoise"
"gene-CDK8|CDK8","turquoise"
"gene-RNF6|RNF6","turquoise"
"gene-ATP8A2|ATP8A2","blue"
"gene-SHISA2|SHISA2","grey"
"gene-NUP58|NUP58","brown"
"gene-MTMR6|MTMR6","brown"
"gene-AMER2|AMER2","blue"
"gene-LOC100227271|LOC100227271","midnightblue"
"gene-SPATA13|SPATA13","purple"
"gene-MIPEP|MIPEP","brown"
"gene-TNFRSF19|TNFRSF19","paleturquoise"
"gene-SACS|SACS","blue"
"gene-SGCG|SGCG","blue"
"gene-LOC140684403|LOC140684403","midnightblue"
"gene-FGF9|FGF9","turquoise"
"gene-LOC140684413|LOC140684413","yellow"
"gene-MICU2|MICU2","brown"
"gene-ZDHHC20|ZDHHC20","brown"
"gene-SKA3|SKA3","blue"
"gene-MRPL57|MRPL57","greenyellow"
"gene-SAP18|SAP18","yellow"
"gene-LATS2|LATS2","brown"
"gene-XPO4|XPO4","black"
"gene-IL17D|IL17D","black"
"gene-LOC140684429|LOC140684429","turquoise"
"gene-EEF1AKMT1|EEF1AKMT1","red"
"gene-IFT88|IFT88","darkred"
"gene-LOC100219548|LOC100219548","purple"
"gene-CRYL1|CRYL1","red"
"gene-LOC140684437|LOC140684437","red"
"gene-GJA3|GJA3","grey"
"gene-GJB2|GJB2","royalblue"
"gene-ZMYM2|ZMYM2","lightcyan"
"gene-CPAP|CPAP","blue"
"gene-PSPC1|PSPC1","turquoise"
"gene-MPHOSPH8|MPHOSPH8","brown"
"gene-RNF17|RNF17","darkred"
"gene-ARHGAP20|ARHGAP20","pink"
"gene-ZC3H12C|ZC3H12C","blue"
"gene-LOC140684452|LOC140684452","darkred"
"gene-LOC140680334|LOC140680334","yellow"
"gene-LOC140684450|LOC140684450","turquoise"
"gene-FDX1|FDX1","green"
"gene-RDX|RDX","green"
"gene-LOC115495779|LOC115495779","grey"
"gene-GPC5|GPC5","darkgreen"
"gene-GPC6|GPC6","tan"
"gene-ABCC4|ABCC4","blue"
"gene-TGDS|TGDS","grey"
"gene-GPR180|GPR180","grey"
"gene-CLDN10|CLDN10","pink"
"gene-DZIP1|DZIP1","lightcyan"
"gene-HS6ST3|HS6ST3","lightcyan"
"gene-UGGT2|UGGT2","brown"
"gene-DNAJC3|DNAJC3","royalblue"
"gene-MBNL2|MBNL2","red"
"gene-LOC140684471|LOC140684471","turquoise"
"gene-RAP2A|RAP2A","blue"
"gene-IPO5|IPO5","red"
"gene-STK24|STK24","blue"
"gene-FARP1|FARP1","lightgreen"
"gene-DOCK9|DOCK9","royalblue"
"gene-LOC100224757|LOC100224757","blue"
"gene-UBAC2|UBAC2","brown"
"gene-GPR18|GPR18","blue"
"gene-GPR183|GPR183","blue"
"gene-TM9SF2|TM9SF2","green"
"gene-CLYBL|CLYBL","green"
"gene-TMTC4|TMTC4","red"
"gene-PCCA|PCCA","green"
"gene-LOC140684492|LOC140684492","cyan"
"gene-GGACT|GGACT","green"
"gene-NALCN|NALCN","grey"
"gene-FGF14|FGF14","black"
"gene-ITGBL1|ITGBL1","royalblue"
"gene-TPP2|TPP2","purple"
"gene-TEX30|TEX30","black"
"gene-POGLUT2|POGLUT2","blue"
"gene-BIVM|BIVM","violet"
"gene-ERCC5|ERCC5","turquoise"
"gene-LOC140680336|LOC140680336","grey"
"gene-LOC116808949|LOC116808949","grey"
"gene-EFNB2|EFNB2","blue"
"gene-LOC115495873|LOC115495873","grey"
"gene-ARGLU1|ARGLU1","turquoise"
"gene-TNFSF13B|TNFSF13B","blue"
"gene-LIG4|LIG4","darkslateblue"
"gene-ABHD13|ABHD13","black"
"gene-LOC100232370|LOC100232370","turquoise"
"gene-LOC100229427|LOC100229427","darkturquoise"
"gene-XG|XG","darkgreen"
"gene-GYG2|GYG2","plum1"
"gene-CD99|CD99","blue"
"gene-ZBED1|ZBED1","brown"
"gene-DHRSX|DHRSX","saddlebrown"
"gene-ASMT|ASMT","grey"
"gene-AKAP17A|AKAP17A","turquoise"
"gene-LOC115495938|LOC115495938","blue"
"gene-CRLF2|CRLF2","black"
"gene-PPP2R3B|PPP2R3B","turquoise"
"gene-LOC100221786|LOC100221786","turquoise"
"gene-GTPBP6|GTPBP6","turquoise"
"gene-PLCXD1|PLCXD1","turquoise"
"gene-P2RY8|P2RY8","blue"
"gene-LOC140684548|LOC140684548","red"
"gene-ASMTL|ASMTL","green"
"gene-SLC25A6|SLC25A6","purple"
"gene-LOC101233002|LOC101233002","purple"
"gene-LOC101232863|LOC101232863","blue"
"gene-JADE3|JADE3","orangered4"
"gene-LOC140684556|LOC140684556","black"
"gene-RP2|RP2","blue"
"gene-LOC100230413|LOC100230413","grey"
"gene-RGN|RGN","magenta"
"gene-SLC9A7|SLC9A7","blue"
"gene-CHST7|CHST7","blue"
"gene-TUBGCP5|TUBGCP5","blue"
"gene-CYFIP1|CYFIP1","brown"
"gene-NIPA2|NIPA2","yellow"
"gene-NIPA1|NIPA1","brown"
"gene-OCA2|OCA2","blue"
"gene-GABRG3|GABRG3","grey"
"gene-ATP10A|ATP10A","blue"
"gene-HERC2|HERC2","darkslateblue"
"gene-CNGA3|CNGA3","turquoise"
"gene-VWA3B|VWA3B","lightcyan"
"gene-UBE3A|UBE3A","brown"
"gene-TMEM131|TMEM131","green"
"gene-INPP4A|INPP4A","blue"
"gene-CRACDL|CRACDL","turquoise"
"gene-TSGA10|TSGA10","magenta"
"gene-COA5|COA5","pink"
"gene-UNC50|UNC50","turquoise"
"gene-MGAT4A|MGAT4A","black"
"gene-LOC121470262|LOC121470262","turquoise"
"gene-LIPT1|LIPT1","grey"
"gene-MITD1|MITD1","lightgreen"
"gene-MRPL30|MRPL30","yellow"
"gene-REV1|REV1","turquoise"
"gene-TXNDC9|TXNDC9","thistle1"
"gene-EIF5B|EIF5B","brown"
"gene-AFF3|AFF3","lightgreen"
"gene-LONRF2|LONRF2","brown"
"gene-CHST10|CHST10","brown"
"gene-PDCL3|PDCL3","bisque4"
"gene-NPAS2|NPAS2","turquoise"
"gene-LOC140684607|LOC140684607","magenta"
"gene-RPL31|RPL31","pink"
"gene-TBC1D8|TBC1D8","blue"
"gene-CNOT11|CNOT11","salmon"
"gene-LOC140684610|LOC140684610","blue"
"gene-LOC115497827|LOC115497827","tan"
"gene-RNF149|RNF149","blue"
"gene-MAP4K4|MAP4K4","black"
"gene-IL1R2|IL1R2","darkgreen"
"gene-IL1RL1|IL1RL1","red"
"gene-LOC100229435|LOC100229435","red"
"gene-IL18R1|IL18R1","blue"
"gene-IL18RAP|IL18RAP","black"
"gene-SLC9A4|SLC9A4","blue"
"gene-LOC100220817|LOC100220817","red"
"gene-SLC9A2|SLC9A2","steelblue"
"gene-TMEM182|TMEM182","red"
"gene-MFSD9|MFSD9","royalblue"
"gene-POU3F3|POU3F3","black"
"gene-MRPS9|MRPS9","yellow"
"gene-LOC140684665|LOC140684665","turquoise"
"gene-TGFBRAP1|TGFBRAP1","turquoise"
"gene-C1H2orf49|C1H2orf49","darkgrey"
"gene-FHL2|FHL2","cyan"
"gene-ECRG4|ECRG4","grey"
"gene-NCK2|NCK2","brown"
"gene-UXS1|UXS1","blue"
"gene-LOC100228578|LOC100228578","salmon"
"gene-LOC115496204|LOC115496204","black"
"gene-ST6GAL2|ST6GAL2","paleturquoise"
"gene-LOC140684679|LOC140684679","navajowhite2"
"gene-SULT1C4|SULT1C4","purple"
"gene-GCC2|GCC2","brown"
"gene-LIMS1|LIMS1","darkturquoise"
"gene-LOC140684678|LOC140684678","turquoise"
"gene-CCDC138|CCDC138","yellowgreen"
"gene-EDAR|EDAR","green"
"gene-SH3RF3|SH3RF3","yellow"
"gene-RGPD4|RGPD4","brown"
"gene-SEPTIN10|SEPTIN10","black"
"gene-CHAMP1|CHAMP1","turquoise"
"gene-UPF3A|UPF3A","turquoise"
"gene-CDC16|CDC16","turquoise"
"gene-RASA3|RASA3","blue"
"gene-GAS6|GAS6","grey"
"gene-TFDP1|TFDP1","blue"
"gene-ADPRHL1|ADPRHL1","darkgreen"
"gene-LOC100226687|LOC100226687","lightcyan"
"gene-DCUN1D2|DCUN1D2","magenta"
"gene-TMCO3|TMCO3","brown"
"gene-GRTP1|GRTP1","violet"
"gene-LAMP1|LAMP1","green"
"gene-MCF2L|MCF2L","lightyellow"
"gene-ATP11A|ATP11A","floralwhite"
"gene-LOC115496344|LOC115496344","grey"
"gene-TUBGCP3|TUBGCP3","black"
"gene-CUL4A|CUL4A","purple"
"gene-PCID2|PCID2","red"
"gene-PROZ|PROZ","red"
"gene-F10|F10","red"
"gene-LOC100223776|LOC100223776","red"
"gene-LOC140684733|LOC140684733","darkred"
"gene-ARHGEF7|ARHGEF7","yellow"
"gene-ANKRD10|ANKRD10","turquoise"
"gene-ING1|ING1","red"
"gene-CARS2|CARS2","turquoise"
"gene-NAXD|NAXD","magenta"
"gene-LOC140684749|LOC140684749","darkolivegreen"
"gene-RAB20|RAB20","lightsteelblue1"
"gene-IRS2|IRS2","purple"
"gene-COL4A1|COL4A1","blue"
"gene-COL4A2|COL4A2","brown"
"gene-MXRA5|MXRA5","midnightblue"
"gene-PRKX|PRKX","blue"
"gene-MYO16|MYO16","brown4"
"gene-PUDP|PUDP","salmon"
"gene-LOC140684761|LOC140684761","turquoise"
"gene-LOC121470409|LOC121470409","magenta"
"gene-PNPLA4|PNPLA4","turquoise"
"gene-ANOS1|ANOS1","turquoise"
"gene-GPR143|GPR143","paleturquoise"
"gene-TBL1X|TBL1X","salmon"
"gene-SHROOM2|SHROOM2","purple"
"gene-LOC115497343|LOC115497343","turquoise"
"gene-CLCN4|CLCN4","blue"
"gene-WWC3|WWC3","turquoise"
"gene-MID1|MID1","blue"
"gene-ARHGAP6|ARHGAP6","blue"
"gene-LOC100224152|LOC100224152","grey"
"gene-FRMPD4|FRMPD4","lightcyan"
"gene-LOC115496483|LOC115496483","blue"
"gene-MSL3|MSL3","royalblue"
"gene-LOC140684786|LOC140684786","grey"
"gene-PRPS2|PRPS2","magenta"
"gene-LOC100231797|LOC100231797","ivory"
"gene-TMSB4X|TMSB4X","blue"
"gene-GEMIN8|GEMIN8","black"
"gene-OFD1|OFD1","turquoise"
"gene-GPM6B|GPM6B","violet"
"gene-RAB9A|RAB9A","yellow"
"gene-TCEANC|TCEANC","turquoise"
"gene-LOC115496564|LOC115496564","grey"
"gene-TRAPPC2|TRAPPC2","grey"
"gene-FANCB|FANCB","blue"
"gene-MOSPD2|MOSPD2","blue"
"gene-ASB9|ASB9","brown"
"gene-PIGA|PIGA","turquoise"
"gene-VEGFD|VEGFD","red"
"gene-ACE2|ACE2","blue"
"gene-CLTRN|CLTRN","grey"
"gene-AP1S2|AP1S2","blue"
"gene-ZRSR2|ZRSR2","red"
"gene-LOC140684835|LOC140684835","yellow"
"gene-CTPS2|CTPS2","brown"
"gene-SYAP1|SYAP1","greenyellow"
"gene-TXLNG|TXLNG","lightyellow"
"gene-RBBP7|RBBP7","green"
"gene-REPS2|REPS2","tan"
"gene-NHS|NHS","blue"
"gene-BEND2|BEND2","black"
"gene-RAI2|RAI2","midnightblue"
"gene-SCML2|SCML2","blue"
"gene-CDKL5|CDKL5","lightcyan"
"gene-ADGRG2|ADGRG2","midnightblue"
"gene-PPEF1|PPEF1","grey"
"gene-PHKA2|PHKA2","green"
"gene-PDHA1|PDHA1","green"
"gene-MAP3K15|MAP3K15","blue"
"gene-LOC115496722|LOC115496722","red"
"gene-MAP7D2|MAP7D2","red"
"gene-SH3KBP1|SH3KBP1","blue"
"gene-BCLAF3|BCLAF3","lightyellow"
"gene-EIF1AX|EIF1AX","green"
"gene-RPS6KA3|RPS6KA3","salmon"
"gene-SMPX|SMPX","black"
"gene-CNKSR2|CNKSR2","plum2"
"gene-MBTPS2|MBTPS2","floralwhite"
"gene-LOC115496760|LOC115496760","purple"
"gene-SMS|SMS","brown"
"gene-PHEX|PHEX","grey"
"gene-PTCHD1|PTCHD1","skyblue3"
"gene-ACOT9|ACOT9","blue"
"gene-PRDX4|PRDX4","yellow"
"gene-LOC115496797|LOC115496797","green"
"gene-LOC140684918|LOC140684918","blue"
"gene-SAT1|SAT1","red"
"gene-APOO|APOO","yellow"
"gene-KLHL15|KLHL15","black"
"gene-LOC140680276|LOC140680276","red"
"gene-LOC115496804|LOC115496804","black"
"gene-ZFX|ZFX","brown"
"gene-EIF2S3|EIF2S3","brown"
"gene-LOC140685228|LOC140685228","turquoise"
"gene-PDK3|PDK3","brown"
"gene-PCYT1B|PCYT1B","green"
"gene-POLA1|POLA1","midnightblue"
"gene-LOC100227062|LOC100227062","blue"
"gene-TASL|TASL","lightgreen"
"gene-LOC121470562|LOC121470562","grey"
"gene-TMEM47|TMEM47","purple"
"gene-GK|GK","purple"
"gene-LOC100223167|LOC100223167","red"
"gene-TAB3|TAB3","black"
"gene-LOC115496828|LOC115496828","purple"
"gene-CFAP47|CFAP47","royalblue"
"gene-PRRG1|PRRG1","grey"
"gene-DMD|DMD","skyblue"
"gene-LOC121470894|LOC121470894","darkgreen"
"gene-LOC140684963|LOC140684963","white"
"gene-LANCL3|LANCL3","black"
"gene-XK|XK","green"
"gene-CYBB|CYBB","blue"
"gene-DYNLT3|DYNLT3","brown"
"gene-SRPX|SRPX","blue"
"gene-LOC115496885|LOC115496885","red"
"gene-LOC100222223|LOC100222223","black"
"gene-LOC115496894|LOC115496894","pink"
"gene-TSPAN7|TSPAN7","tan"
"gene-MID1IP1|MID1IP1","grey"
"gene-BCOR|BCOR","red"
"gene-LOC140684996|LOC140684996","red"
"gene-ATP6AP2|ATP6AP2","blue"
"gene-MED14|MED14","brown"
"gene-LOC140684999|LOC140684999","blue"
"gene-USP9X|USP9X","brown"
"gene-RPL8|RPL8","pink"
"gene-NYX|NYX","pink"
"gene-CASK|CASK","green"
"gene-GPR34|GPR34","grey"
"gene-GPR82|GPR82","blue"
"gene-LOC100221249|LOC100221249","green"
"gene-DDX3X|DDX3X","turquoise"
"gene-NDP|NDP","grey"
"gene-EFHC2|EFHC2","grey"
"gene-LOC100223232|LOC100223232","green"
"gene-FUNDC1|FUNDC1","salmon4"
"gene-DIPK2B|DIPK2B","grey"
"gene-LOC115496969|LOC115496969","blue"
"gene-LOC115497347|LOC115497347","blue"
"gene-KDM6A|KDM6A","turquoise"
"gene-LOC115496967|LOC115496967","turquoise"
"gene-ICOSLG|ICOSLG","grey"
"gene-LOC115496994|LOC115496994","grey"
"gene-GATD3|GATD3","magenta"
"gene-PWP2|PWP2","black"
"gene-LOC140685047|LOC140685047","grey"
"gene-TRAPPC10|TRAPPC10","brown"
"gene-AGPAT3|AGPAT3","green"
"gene-LOC140685229|LOC140685229","brown"
"gene-PDXK|PDXK","green"
"gene-RRP1B|RRP1B","brown"
"gene-HSF2BP|HSF2BP","grey"
"gene-SIK1|SIK1","grey"
"gene-PDE9A|PDE9A","grey"
"gene-ABCG1|ABCG1","black"
"gene-C2CD2|C2CD2","blue"
"gene-PRDM15|PRDM15","black"
"gene-TMPRSS2|TMPRSS2","purple"
"gene-FAM3B|FAM3B","turquoise"
"gene-U2AF1|U2AF1","turquoise"
"gene-LOC100222166|LOC100222166","green"
"gene-PKNOX1|PKNOX1","darkgrey"
"gene-NDUFV3|NDUFV3","yellow"
"gene-WDR4|WDR4","brown"
"gene-SLC37A1|SLC37A1","brown"
"gene-RSPH1|RSPH1","darkred"
"gene-UBASH3A|UBASH3A","blue"
"gene-TMPRSS3|TMPRSS3","magenta"
"gene-UMODL1|UMODL1","plum2"
"gene-ZBTB21|ZBTB21","red"
"gene-LOC115497050|LOC115497050","red"
"gene-RIPK4|RIPK4","grey"
"gene-LOC100218402|LOC100218402","blue"
"gene-BACE2|BACE2","brown"
"gene-PSMG1|PSMG1","grey"
"gene-B3GALT5|B3GALT5","grey"
"gene-LCA5L|LCA5L","skyblue"
"gene-PCP4|PCP4","blue"
"gene-IGSF5|IGSF5","brown"
"gene-LOC140685086|LOC140685086","turquoise"
"gene-GET1|GET1","grey"
"gene-HMGN1|HMGN1","grey"
"gene-BRWD1|BRWD1","turquoise"
"gene-ETS2|ETS2","blue"
"gene-RUNX1|RUNX1","blue"
"gene-LOC140685131|LOC140685131","blue"
"gene-CLIC6|CLIC6","grey"
"gene-RCAN1|RCAN1","red"
"gene-SMIM11|SMIM11","pink"
"gene-MRPS6|MRPS6","greenyellow"
"gene-SLC5A3|SLC5A3","skyblue"
"gene-ERG|ERG","skyblue"
"gene-KCNJ15|KCNJ15","black"
"gene-KCNJ6|KCNJ6","grey"
"gene-DYRK1A|DYRK1A","brown"
"gene-TTC3|TTC3","darkorange"
"gene-LOC115497172|LOC115497172","thistle1"
"gene-HLCS|HLCS","darkmagenta"
"gene-DOP1B|DOP1B","grey"
"gene-SETD4|SETD4","turquoise"
"gene-LOC140685102|LOC140685102","grey"
"gene-VPS26C|VPS26C","brown"
"gene-PIGP|PIGP","purple"
"gene-LOC140685126|LOC140685126","grey"
"gene-SIM2|SIM2","grey"
"gene-CHAF1B|CHAF1B","blue"
"gene-MORC3|MORC3","lightcyan"
"gene-LOC100222525|LOC100222525","yellow"
"gene-LOC100222646|LOC100222646","black"
"gene-LOC100227500|LOC100227500","blue"
"gene-LOC115497281|LOC115497281","midnightblue"
"gene-RPS11|RPS11","pink"
"gene-LOC140685199|LOC140685199","midnightblue"
"gene-LOC115497787|LOC115497787","purple"
"gene-CCKBR|CCKBR","yellow"
"gene-FHIP1B|FHIP1B","turquoise"
"gene-SMPD1|SMPD1","steelblue"
"gene-APBB1|APBB1","grey"
"gene-TRIM3|TRIM3","turquoise"
"gene-ILK|ILK","blue"
"gene-ARFIP2|ARFIP2","turquoise"
"gene-TIMM10B|TIMM10B","turquoise"
"gene-RRP8|RRP8","turquoise"
"gene-CRYZL1|CRYZL1","red"
"gene-ITSN1|ITSN1","brown"
"gene-DNAJC28|DNAJC28","green"
"gene-STIM1|STIM1","brown"
"gene-NUP98|NUP98","brown"
"gene-LOC115497224|LOC115497224","grey"
"gene-ATP5PO|ATP5PO","yellow"
"gene-LOC100222702|LOC100222702","turquoise"
"gene-GART|GART","purple"
"gene-SON|SON","brown"
"gene-DONSON|DONSON","blue"
"gene-TMEM50B|TMEM50B","brown"
"gene-IFNGR2|IFNGR2","salmon"
"gene-LOC140685154|LOC140685154","turquoise"
"gene-IFNAR1|IFNAR1","salmon"
"gene-IL10RB|IL10RB","greenyellow"
"gene-IFNAR2|IFNAR2","blue"
"gene-RRM1|RRM1","blue"
"gene-RHOG|RHOG","blue"
"gene-PGAP2|PGAP2","yellow"
"gene-LOC100220722|LOC100220722","grey"
"gene-LOC100190585|LOC100190585","bisque4"
"gene-HBE1|HBE1","salmon"
"gene-DCHS1|DCHS1","lavenderblush3"
"gene-TAF10|TAF10","yellow"
"gene-TPP1|TPP1","green"
"gene-LOC115497292|LOC115497292","salmon4"
"gene-LOC140685214|LOC140685214","turquoise"
"gene-LOC140685230|LOC140685230","grey"
"gene-LCMT2|LCMT2","red"
"gene-LOC140685215|LOC140685215","turquoise"
"gene-LOC140685216|LOC140685216","black"
"gene-LOC140685217|LOC140685217","turquoise"
"gene-LOC140680461|LOC140680461","lightyellow"
"gene-LOC140680462|LOC140680462","grey"
"gene-LOC140682282|LOC140682282","turquoise"
"gene-LOC116809227|LOC116809227","grey"
"gene-LOC100223649|LOC100223649","blue"
"gene-LOC100220727|LOC100220727","blue"
"gene-NME6|NME6","magenta"
"gene-LOC100225533|LOC100225533","grey"
"gene-GOLGB1|GOLGB1","royalblue"
"gene-LOC115492608|LOC115492608","darkorange"
"gene-FLNC|FLNC","turquoise"
"gene-OPN1SW|OPN1SW","lavenderblush3"
"gene-ATP6V1F|ATP6V1F","saddlebrown"
"gene-RABL2A|RABL2A","yellow"
"gene-LOC100230310|LOC100230310","turquoise"
"gene-LOC121469167|LOC121469167","yellow"
"gene-CALU|CALU","yellow"
"gene-IRF5|IRF5","blue"
"gene-TNPO3|TNPO3","green"
"gene-IMPDH1|IMPDH1","yellow"
"gene-RBM28|RBM28","yellow"
"gene-LOC115492572|LOC115492572","midnightblue"
"gene-MAPK8IP2|MAPK8IP2","cyan"
"gene-SND1|SND1","brown"
"gene-LRRC4|LRRC4","mediumpurple3"
"gene-SHANK3|SHANK3","skyblue3"
"gene-LOC115492594|LOC115492594","midnightblue"
"gene-CHKB|CHKB","turquoise"
"gene-CPT1B|CPT1B","white"
"gene-SCO2|SCO2","pink"
"gene-ADM2|ADM2","blue"
"gene-NCAPH2|NCAPH2","blue"
"gene-LMF2|LMF2","brown"
"gene-MIOX|MIOX","yellow"
"gene-LOC115492573|LOC115492573","midnightblue"
"gene-GCC1|GCC1","grey"
"gene-ARSA|ARSA","magenta"
"gene-SBF1|SBF1","darkturquoise"
"gene-PPP6R2|PPP6R2","brown"
"gene-DENND6B|DENND6B","grey"
"gene-LOC140682273|LOC140682273","skyblue3"
"gene-TSPAN33|TSPAN33","skyblue"
"gene-SMO|SMO","brown"
"gene-AHCYL2|AHCYL2","skyblue3"
"gene-SMKR1|SMKR1","blue"
"gene-STRIP2|STRIP2","blue"
"gene-NRF1|NRF1","pink"
"gene-UBE2H|UBE2H","brown"
"gene-LOC140680525|LOC140680525","turquoise"
"gene-ZC3HC1|ZC3HC1","brown"
"gene-LOC105758620|LOC105758620","turquoise"
"gene-KLHDC10|KLHDC10","brown"
"gene-LOC100223967|LOC100223967","tan"
"gene-LOC100221042|LOC100221042","tan"
"gene-TMEM209|TMEM209","black"
"gene-TASOR2|TASOR2","lightyellow"
"gene-MEST|MEST","grey"
"gene-IL15RA|IL15RA","turquoise"
"gene-FBH1|FBH1","blue"
"gene-ANKRD16|ANKRD16","turquoise"
"gene-CEP41|CEP41","turquoise"
"gene-COPG2|COPG2","brown"
"gene-LOC140680570|LOC140680570","floralwhite"
"gene-GDI2|GDI2","green"
"gene-ASB13|ASB13","black"
"gene-LOC100231595|LOC100231595","salmon"
"gene-NET1|NET1","blue"
"gene-LOC105758623|LOC105758623","grey"
"gene-SLC35B4|SLC35B4","grey"
"gene-LRGUK|LRGUK","tan"
"gene-EXOC4|EXOC4","grey"
"gene-CHCHD3|CHCHD3","yellow"
"gene-PLXNA4|PLXNA4","grey"
"gene-LOC140680591|LOC140680591","skyblue"
"gene-PODXL|PODXL","salmon"
"gene-MKLN1|MKLN1","green"
"gene-LOC121471102|LOC121471102","turquoise"
"gene-LOC121471105|LOC121471105","red"
"gene-LOC140680629|LOC140680629","blue"
"gene-IL2RA|IL2RA","blue"
"gene-LOC100222960|LOC100222960","blue"
"gene-LOC100228705|LOC100228705","blue"
"gene-LOC140680603|LOC140680603","blue"
"gene-LOC100225832|LOC100225832","blue"
"gene-LOC100225830|LOC100225830","blue"
"gene-RBM17|RBM17","blue"
"gene-PFKFB3|PFKFB3","blue"
"gene-PRKCQ|PRKCQ","blue"
"gene-SFMBT2|SFMBT2","darkmagenta"
"gene-LOC100221871|LOC100221871","blue"
"gene-ITIH5|ITIH5","green"
"gene-ITIH2|ITIH2","magenta"
"gene-KIN|KIN","red"
"gene-ATP5F1C|ATP5F1C","yellow"
"gene-TAF3|TAF3","purple"
"gene-GATA3|GATA3","blue"
"gene-CELF2|CELF2","black"
"gene-USP6NL|USP6NL","black"
"gene-ECHDC3|ECHDC3","turquoise"
"gene-PROSER2|PROSER2","red"
"gene-CCDC3|CCDC3","darkorange"
"gene-LOC140680679|LOC140680679","lightcyan"
"gene-CAMK1D|CAMK1D","grey"
"gene-UPF2|UPF2","black"
"gene-DHTKD1|DHTKD1","purple"
"gene-LOC140680678|LOC140680678","lightcyan"
"gene-SEC61A2|SEC61A2","brown"
"gene-NUDT5|NUDT5","white"
"gene-CDC123|CDC123","brown"
"gene-OPTN|OPTN","brown"
"gene-MCM10|MCM10","blue"
"gene-PHYH|PHYH","purple"
"gene-SEPHS1|SEPHS1","brown"
"gene-LOC116809312|LOC116809312","white"
"gene-BEND7|BEND7","green"
"gene-PRPF18|PRPF18","red"
"gene-FRMD4A|FRMD4A","lightyellow"
"gene-FAM107B|FAM107B","blue"
"gene-HSPA14|HSPA14","darkgrey"
"gene-ELAPOR2|ELAPOR2","green"
"gene-DCLRE1C|DCLRE1C","turquoise"
"gene-MEIG1|MEIG1","darkorange"
"gene-SUV39H2|SUV39H2","turquoise"
"gene-TMEM243|TMEM243","green"
"gene-DMTF1|DMTF1","turquoise"
"gene-SEMA3D|SEMA3D","blue"
"gene-SEMA3A|SEMA3A","grey"
"gene-SEMA3E|SEMA3E","greenyellow"
"gene-PCLO|PCLO","midnightblue"
"gene-CACNA2D1|CACNA2D1","purple"
"gene-HGF|HGF","yellow"
"gene-SEMA3C|SEMA3C","red"
"gene-GNAI1|GNAI1","lightgreen"
"gene-CD36|CD36","purple"
"gene-PHTF2|PHTF2","blue"
"gene-MAGI2|MAGI2","salmon"
"gene-RSBN1L|RSBN1L","lightcyan"
"gene-TMEM60|TMEM60","salmon4"
"gene-PTPN12|PTPN12","skyblue"
"gene-GSAP|GSAP","turquoise"
"gene-CCDC146|CCDC146","red"
"gene-FGL2|FGL2","blue"
"gene-FAM185A|FAM185A","grey"
"gene-LRRC17|LRRC17","blue"
"gene-LOC140680780|LOC140680780","grey"
"gene-LOC140680777|LOC140680777","turquoise"
"gene-ARMC10|ARMC10","blue"
"gene-NAPEPLD|NAPEPLD","palevioletred3"
"gene-PMPCB|PMPCB","magenta"
"gene-DNAJC2|DNAJC2","yellow"
"gene-PSMC2|PSMC2","grey60"
"gene-SLC26A5|SLC26A5","green"
"gene-ORC5|ORC5","blue"
"gene-RELN|RELN","grey"
"gene-LHFPL3|LHFPL3","grey"
"gene-KMT2E|KMT2E","turquoise"
"gene-SRPK2|SRPK2","brown"
"gene-PUS7|PUS7","black"
"gene-RINT1|RINT1","green"
"gene-EFCAB10|EFCAB10","grey"
"gene-LOC115498534|LOC115498534","red"
"gene-ATXN7L1|ATXN7L1","turquoise"
"gene-NAMPT|NAMPT","blue"
"gene-CCDC71L|CCDC71L","ivory"
"gene-PIK3CG|PIK3CG","blue"
"gene-PRKAR2B|PRKAR2B","blue"
"gene-SLC26A4|SLC26A4","turquoise"
"gene-HBP1|HBP1","red"
"gene-COG5|COG5","brown"
"gene-DUS4L|DUS4L","plum2"
"gene-BCAP29|BCAP29","blue"
"gene-SLC26A3|SLC26A3","tan"
"gene-CBLL1|CBLL1","turquoise"
"gene-LOC140680916|LOC140680916","grey"
"gene-LAMB4|LAMB4","blue"
"gene-DLD|DLD","green"
"gene-LAMB1|LAMB1","blue"
"gene-ERGIC2|ERGIC2","brown"
"gene-LRRK2|LRRK2","blue"
"gene-SLC2A13|SLC2A13","skyblue"
"gene-ABCD2|ABCD2","green"
"gene-LOC105758559|LOC105758559","tan"
"gene-KIF21A|KIF21A","grey"
"gene-LOC105758548|LOC105758548","turquoise"
"gene-LOC100189933|LOC100189933","tan"
"gene-LOC121468070|LOC121468070","purple"
"gene-CPNE8|CPNE8","green"
"gene-ALG10|ALG10","turquoise"
"gene-TPRKB|TPRKB","pink"
"gene-GTSE1|GTSE1","blue"
"gene-TRMU|TRMU","turquoise"
"gene-CELSR1|CELSR1","sienna3"
"gene-LOC140681045|LOC140681045","pink"
"gene-LOC100221272|LOC100221272","grey"
"gene-GRAMD4|GRAMD4","black"
"gene-CERK|CERK","plum1"
"gene-LOC116806634|LOC116806634","grey"
"gene-TBC1D22A|TBC1D22A","brown"
"gene-TAFA5|TAFA5","magenta"
"gene-BRD1|BRD1","turquoise"
"gene-LOC140681162|LOC140681162","turquoise"
"gene-LOC115490690|LOC115490690","pink"
"gene-LOC140681169|LOC140681169","darkolivegreen"
"gene-PIM3|PIM3","red"
"gene-PANX2|PANX2","brown"
"gene-ZBED4|ZBED4","brown"
"gene-ALG12|ALG12","royalblue"
"gene-LOC140681163|LOC140681163","darkolivegreen"
"gene-CRELD2|CRELD2","grey60"
"gene-TRABD|TRABD","turquoise"
"gene-SELENOO|SELENOO","brown"
"gene-TUBGCP6|TUBGCP6","brown"
"gene-MAPK12|MAPK12","tan"
"gene-MAPK11|MAPK11","turquoise"
"gene-ZNF800|ZNF800","brown"
"gene-PLXNB2|PLXNB2","brown"
"gene-GRM8|GRM8","white"
"gene-LOC100190084|LOC100190084","turquoise"
"gene-LOC140681374|LOC140681374","turquoise"
"gene-LOC140682270|LOC140682270","grey"
"gene-POT1|POT1","black"
"gene-LOC140681380|LOC140681380","turquoise"
"gene-WASL|WASL","brown"
"gene-LOC140681381|LOC140681381","black"
"gene-IQUB|IQUB","grey"
"gene-LOC115490816|LOC115490816","turquoise"
"gene-LMOD2|LMOD2","turquoise"
"gene-ASB15|ASB15","darkgrey"
"gene-NDUFA5|NDUFA5","yellow"
"gene-LOC100225098|LOC100225098","blue"
"gene-SLC13A1|SLC13A1","red"
"gene-CADPS2|CADPS2","tan"
"gene-PTPRZ1|PTPRZ1","turquoise"
"gene-AASS|AASS","purple"
"gene-WNT16|WNT16","grey"
"gene-FAM3C|FAM3C","darkorange"
"gene-CPED1|CPED1","purple"
"gene-ING3|ING3","turquoise"
"gene-LOC115490906|LOC115490906","turquoise"
"gene-KCND2|KCND2","maroon"
"gene-TSPAN12|TSPAN12","steelblue"
"gene-ANKRD26|ANKRD26","turquoise"
"gene-LOC140681606|LOC140681606","turquoise"
"gene-LSM8|LSM8","white"
"gene-ASZ1|ASZ1","blue"
"gene-CFTR|CFTR","grey"
"gene-CTTNBP2|CTTNBP2","darkolivegreen"
"gene-ST7|ST7","red"
"gene-CAPZA2|CAPZA2","blue"
"gene-TES|TES","midnightblue"
"gene-TFEC|TFEC","blue"
"gene-LOC115490941|LOC115490941","blue"
"gene-MET|MET","red"
"gene-CAV1|CAV1","plum1"
"gene-CAV2|CAV2","grey"
"gene-LOC115490949|LOC115490949","grey"
"gene-LOC105758560|LOC105758560","grey"
"gene-MDFIC|MDFIC","violet"
"gene-LOC140681692|LOC140681692","red"
"gene-FOXP2|FOXP2","red"
"gene-GPR85|GPR85","pink"
"gene-SMIM30|SMIM30","brown"
"gene-LOC140680252|LOC140680252","darkred"
"gene-SAMTOR|SAMTOR","skyblue"
"gene-TMEM168|TMEM168","darkslateblue"
"gene-LSMEM1|LSMEM1","brown"
"gene-IFRD1|IFRD1","red"
"gene-DOCK4|DOCK4","blue"
"gene-ZNF277|ZNF277","grey"
"gene-IMMP2L|IMMP2L","magenta"
"gene-LRRN3|LRRN3","green"
"gene-LOC121469186|LOC121469186","cyan"
"gene-DNAJB9|DNAJB9","red"
"gene-THAP5|THAP5","pink"
"gene-LOC121468185|LOC121468185","magenta"
"gene-PNPLA8|PNPLA8","royalblue"
"gene-NRCAM|NRCAM","skyblue"
"gene-CNTN1|CNTN1","grey"
"gene-GXYLT1|GXYLT1","turquoise"
"gene-YAF2|YAF2","brown"
"gene-ZCRB1|ZCRB1","ivory"
"gene-PPHLN1|PPHLN1","royalblue"
"gene-PRICKLE1|PRICKLE1","grey"
"gene-TMEM117|TMEM117","green"
"gene-IRAK4|IRAK4","blue"
"gene-TWF1|TWF1","blue"
"gene-PUS7L|PUS7L","ivory"
"gene-NELL2|NELL2","violet"
"gene-ANO6|ANO6","blue"
"gene-LOC105758557|LOC105758557","tan"
"gene-ARID2|ARID2","turquoise"
"gene-SCAF11|SCAF11","brown"
"gene-SLC38A1|SLC38A1","midnightblue"
"gene-SLC38A2|SLC38A2","magenta"
"gene-LOC115491163|LOC115491163","darkgreen"
"gene-AMIGO2|AMIGO2","salmon"
"gene-SLC38A4|SLC38A4","red"
"gene-LRIG3|LRIG3","darkturquoise"
"gene-RPAP3|RPAP3","blue"
"gene-ATP23|ATP23","yellow"
"gene-SLC16A7|SLC16A7","lightyellow"
"gene-TAFA2|TAFA2","grey"
"gene-USP15|USP15","royalblue"
"gene-LOC140681922|LOC140681922","turquoise"
"gene-MIRLET7I|MIRLET7I","orangered4"
"gene-LOC115491222|LOC115491222","royalblue"
"gene-MON2|MON2","brown"
"gene-RXYLT1|RXYLT1","grey"
"gene-LOC140681927|LOC140681927","turquoise"
"gene-PPM1H|PPM1H","brown"
"gene-AVPR1A|AVPR1A","turquoise"
"gene-SRGAP1|SRGAP1","lightgreen"
"gene-KICS2|KICS2","brown"
"gene-RPL18A|RPL18A","pink"
"gene-LOC115493544|LOC115493544","cyan"
"gene-XPOT|XPOT","royalblue"
"gene-TBK1|TBK1","black"
"gene-RASSF3|RASSF3","brown"
"gene-GNS|GNS","brown"
"gene-TBC1D30|TBC1D30","green"
"gene-LOC140681964|LOC140681964","darkgrey"
"gene-WIF1|WIF1","grey"
"gene-LEMD3|LEMD3","turquoise"
"gene-MSRB3|MSRB3","floralwhite"
"gene-LOC140681988|LOC140681988","red"
"gene-HMGA2|HMGA2","turquoise"
"gene-LLPH|LLPH","turquoise"
"gene-TMBIM4|TMBIM4","brown"
"gene-HELB|HELB","grey"
"gene-GRIP1|GRIP1","turquoise"
"gene-LOC140682036|LOC140682036","turquoise"
"gene-CAND1|CAND1","brown"
"gene-LOC115491386|LOC115491386","brown"
"gene-DYRK2|DYRK2","brown"
"gene-IFNG|IFNG","blue"
"gene-MDM1|MDM1","red"
"gene-RAP1B|RAP1B","blue"
"gene-NUP107|NUP107","blue"
"gene-SLC35E3|SLC35E3","black"
"gene-CPM|CPM","lightgreen"
"gene-MDM2|MDM2","blue"
"gene-CPSF6|CPSF6","turquoise"
"gene-YEATS4|YEATS4","turquoise"
"gene-FRS2|FRS2","brown"
"gene-CCT2|CCT2","salmon4"
"gene-BEST3|BEST3","grey60"
"gene-LOC100218931|LOC100218931","brown4"
"gene-MYRFL|MYRFL","grey"
"gene-RAB3IP|RAB3IP","grey"
"gene-CNOT2|CNOT2","brown"
"gene-PTPRR|PTPRR","greenyellow"
"gene-PTPRB|PTPRB","green"
"gene-TSPAN8|TSPAN8","grey"
"gene-LGR5|LGR5","green"
"gene-ZFC3H1|ZFC3H1","turquoise"
"gene-TMEM19|TMEM19","green"
"gene-RAB21|RAB21","saddlebrown"
"gene-TBC1D15|TBC1D15","red"
"gene-TRHDE|TRHDE","skyblue"
"gene-KCNC2|KCNC2","grey"
"gene-LOC140682185|LOC140682185","brown"
"gene-LOC100230452|LOC100230452","blue"
"gene-CAPS2|CAPS2","turquoise"
"gene-LOC101233417|LOC101233417","black"
"gene-LOC100227638|LOC100227638","blue"
"gene-KRR1|KRR1","blue"
"gene-PHLDA1|PHLDA1","blue"
"gene-NAP1L1|NAP1L1","black"
"gene-BBS10|BBS10","turquoise"
"gene-OSBPL8|OSBPL8","brown"
"gene-ZDHHC17|ZDHHC17","turquoise"
"gene-CSRP2|CSRP2","blue"
"gene-E2F7|E2F7","blue"
"gene-LOC140682275|LOC140682275","darkgrey"
"gene-NAV3|NAV3","blue"
"gene-SYT1|SYT1","red"
"gene-PAWR|PAWR","red"
"gene-PPP1R12A|PPP1R12A","blue"
"gene-OTOGL|OTOGL","grey"
"gene-LIN7A|LIN7A","cyan"
"gene-PTPRQ|PTPRQ","black"
"gene-RPS16|RPS16","pink"
"gene-PPFIA2|PPFIA2","green"
"gene-ACSS3|ACSS3","green"
"gene-METTL25|METTL25","grey"
"gene-CCDC59|CCDC59","yellow"
"gene-SLC6A15|SLC6A15","blue"
"gene-TMTC2|TMTC2","lightcyan"
"gene-LRRIQ1|LRRIQ1","pink"
"gene-RASSF9|RASSF9","brown"
"gene-KITLG|KITLG","blue"
"gene-DUSP6|DUSP6","turquoise"
"gene-CEP290|CEP290","turquoise"
"gene-RLIG1|RLIG1","grey"
"gene-TMTC3|TMTC3","blue"
"gene-POC1B|POC1B","turquoise"
"gene-GALNT4|GALNT4","blue"
"gene-KERA|KERA","skyblue"
"gene-ATP2B1|ATP2B1","brown"
"gene-LOC140682191|LOC140682191","maroon"
"gene-LUM|LUM","darkorange"
"gene-LOC115492374|LOC115492374","greenyellow"
"gene-DCN|DCN","darkorange"
"gene-BTG1|BTG1","darkorange"
"gene-LOC115492382|LOC115492382","lightgreen"
"gene-PLEKHG7|PLEKHG7","floralwhite"
"gene-EEA1|EEA1","turquoise"
"gene-LOC115492399|LOC115492399","red"
"gene-LOC140682194|LOC140682194","floralwhite"
"gene-NUDT4|NUDT4","purple"
"gene-UBE2N|UBE2N","yellow"
"gene-MRPL42|MRPL42","yellow"
"gene-LOC116807730|LOC116807730","turquoise"
"gene-CRADD|CRADD","green"
"gene-LOC140682193|LOC140682193","turquoise"
"gene-LOC121469102|LOC121469102","tan"
"gene-PLXNC1|PLXNC1","blue"
"gene-CEP83|CEP83","turquoise"
"gene-TMCC3|TMCC3","grey"
"gene-NDUFA12|NDUFA12","yellow"
"gene-LOC115492497|LOC115492497","red"
"gene-NR2C1|NR2C1","grey"
"gene-FGD6|FGD6","turquoise"
"gene-VEZT|VEZT","royalblue"
"gene-METAP2|METAP2","brown"
"gene-USP44|USP44","green"
"gene-LOC121469104|LOC121469104","grey"
"gene-NTN4|NTN4","darkolivegreen"
"gene-SNRPF|SNRPF","pink"
"gene-LTA4H|LTA4H","blue"
"gene-ELK3|ELK3","blue"
"gene-AMDHD1|AMDHD1","yellow"
"gene-HAL|HAL","red"
"gene-CFAP54|CFAP54","red"
"gene-LOC115492672|LOC115492672","turquoise"
"gene-CDK17|CDK17","brown"
"gene-NEDD1|NEDD1","brown"
"gene-TMPO|TMPO","turquoise"
"gene-APAF1|APAF1","royalblue"
"gene-SLC25A3|SLC25A3","green"
"gene-LOC115493545|LOC115493545","turquoise"
"gene-IKBIP|IKBIP","red"
"gene-ANKS1B|ANKS1B","lightcyan"
"gene-BLTP3B|BLTP3B","green"
"gene-ACTR6|ACTR6","royalblue"
"gene-SLC17A8|SLC17A8","turquoise"
"gene-LOC140682195|LOC140682195","black"
"gene-DEPDC4|DEPDC4","blue"
"gene-SCYL2|SCYL2","brown"
"gene-NR1H4|NR1H4","red"
"gene-GAS2L3|GAS2L3","darkgreen"
"gene-ANO4|ANO4","ivory"
"gene-SLC5A8|SLC5A8","magenta"
"gene-UTP20|UTP20","black"
"gene-ARL1|ARL1","brown4"
"gene-NUP205|NUP205","brown"
"gene-CNOT4|CNOT4","turquoise"
"gene-LOC100220534|LOC100220534","grey"
"gene-LOC140682196|LOC140682196","blue"
"gene-STRA8|STRA8","turquoise"
"gene-WDR91|WDR91","turquoise"
"gene-CYREN|CYREN","yellow"
"gene-TMEM140|TMEM140","blue"
"gene-LOC115493238|LOC115493238","blue"
"gene-PDE6H|PDE6H","grey"
"gene-ARHGDIB|ARHGDIB","blue"
"gene-MGP|MGP","pink"
"gene-LOC100231110|LOC100231110","grey"
"gene-ART4|ART4","orangered4"
"gene-SMCO3|SMCO3","red"
"gene-LOC100224417|LOC100224417","red"
"gene-WBP11|WBP11","brown"
"gene-LOC100224416|LOC100224416","red"
"gene-LOC140682278|LOC140682278","orangered4"
"gene-APOLD1|APOLD1","turquoise"
"gene-LOC121469107|LOC121469107","grey"
"gene-LOC100227298|LOC100227298","purple"
"gene-LOC115493338|LOC115493338","white"
"gene-LOC100231116|LOC100231116","lightsteelblue1"
"gene-LOC115493503|LOC115493503","darkgreen"
"gene-LOC140682197|LOC140682197","turquoise"
"gene-LOC100225375|LOC100225375","grey"
"gene-LOC100226305|LOC100226305","red"
"gene-LOC115493340|LOC115493340","midnightblue"
"gene-LOC140682200|LOC140682200","purple"
"gene-LOC140682199|LOC140682199","red"
"gene-LOC140682198|LOC140682198","tan"
"gene-LOC100229197|LOC100229197","red"
"gene-LOC100226365|LOC100226365","turquoise"
"gene-LOC100223493|LOC100223493","darkgreen"
"gene-LOC100220586|LOC100220586","blue"
"gene-LOC100221944|LOC100221944","grey"
"gene-LOC115493339|LOC115493339","darkolivegreen"
"gene-LOC140682288|LOC140682288","turquoise"
"gene-LOC140680216|LOC140680216","red"
"gene-LOC100221426|LOC100221426","red"
"gene-LOC115493337|LOC115493337","purple"
"gene-LOC100231060|LOC100231060","red"
"gene-LOC140682201|LOC140682201","red"
"gene-LOC115493336|LOC115493336","green"
"gene-LOC100228204|LOC100228204","red"
"gene-LOC100225322|LOC100225322","grey"
"gene-LOC100229276|LOC100229276","red"
"gene-LOC100232209|LOC100232209","pink"
"gene-LOC100218691|LOC100218691","grey"
"gene-LOC100220543|LOC100220543","darkgreen"
"gene-LOC140682202|LOC140682202","lightpink4"
"gene-LOC100221480|LOC100221480","grey"
"gene-LOC101233594|LOC101233594","turquoise"
"gene-LOC100229139|LOC100229139","grey"
"gene-LOC121469108|LOC121469108","tan"
"gene-LOC140682203|LOC140682203","tan"
"gene-LOC100227296|LOC100227296","grey"
"gene-LOC140682204|LOC140682204","grey"
"gene-DDX47|DDX47","green"
"gene-LOC100225315|LOC100225315","yellow"
"gene-HEBP1|HEBP1","salmon4"
"gene-FAM234B|FAM234B","grey"
"gene-EMP1|EMP1","blue"
"gene-ATF7IP|ATF7IP","black"
"gene-PLBD1|PLBD1","blue"
"gene-GUCY2C|GUCY2C","grey"
"gene-IFT56|IFT56","plum2"
"gene-LOC116807703|LOC116807703","red"
"gene-UBN2|UBN2","turquoise"
"gene-LOC100232117|LOC100232117","blue"
"gene-LUC7L2|LUC7L2","green"
"gene-FMC1|FMC1","yellow"
"gene-LOC100225312|LOC100225312","blue"
"gene-NFAM1|NFAM1","blue"
"gene-LOC100223480|LOC100223480","blue"
"gene-LOC100217693|LOC100217693","blue"
"gene-POLDIP3|POLDIP3","black"
"gene-RRP7A|RRP7A","magenta"
"gene-SERHL2|SERHL2","magenta"
"gene-TNFRSF13C|TNFRSF13C","blue"
"gene-CENPM|CENPM","blue"
"gene-TCF20|TCF20","brown"
"gene-WBP2NL|WBP2NL","brown"
"gene-LOC121469188|LOC121469188","orangered4"
"gene-CYP2D6|CYP2D6","brown"
"gene-NDUFA6|NDUFA6","yellow"
"gene-SMDT1|SMDT1","yellow"
"gene-PHETA2|PHETA2","tan"
"gene-NAGA|NAGA","midnightblue"
"gene-CSDC2|CSDC2","pink"
"gene-PMM1|PMM1","floralwhite"
"gene-POLR3H|POLR3H","yellow"
"gene-CCDC134|CCDC134","red"
"gene-SREBF2|SREBF2","brown"
"gene-SNU13|SNU13","brown"
"gene-XRCC6|XRCC6","green"
"gene-DESI1|DESI1","green"
"gene-TEF|TEF","brown"
"gene-ACO2|ACO2","green"
"gene-LOC140682209|LOC140682209","darkmagenta"
"gene-PHF5A|PHF5A","blue"
"gene-TOB2|TOB2","darkmagenta"
"gene-ZC3H7B|ZC3H7B","black"
"gene-CHADL|CHADL","brown"
"gene-RANGAP1|RANGAP1","brown"
"gene-L3MBTL2|L3MBTL2","black"
"gene-EP300|EP300","lightcyan"
"gene-LOC140682212|LOC140682212","paleturquoise"
"gene-RBX1|RBX1","pink"
"gene-SLC25A17|SLC25A17","midnightblue"
"gene-XPNPEP3|XPNPEP3","red"
"gene-ST13|ST13","purple"
"gene-FAM83F|FAM83F","grey"
"gene-GRAP2|GRAP2","blue"
"gene-RPS19BP1|RPS19BP1","yellow"
"gene-MRTFA|MRTFA","midnightblue"
"gene-TNRC6B|TNRC6B","lightcyan"
"gene-SGSM3|SGSM3","turquoise"
"gene-ADSL|ADSL","yellow"
"gene-LOC140682214|LOC140682214","grey"
"gene-ATF4|ATF4","yellow"
"gene-MIEF1|MIEF1","green"
"gene-MIURF|MIURF","brown"
"gene-MGAT3|MGAT3","blue"
"gene-TAB1|TAB1","turquoise"
"gene-SYNGR1|SYNGR1","brown"
"gene-PDGFB|PDGFB","darkorange"
"gene-RPL3|RPL3","green"
"gene-LOC115493546|LOC115493546","skyblue3"
"gene-NPTXR|NPTXR","grey"
"gene-CBX7|CBX7","black"
"gene-CBX6|CBX6","brown"
"gene-DNAL4|DNAL4","red"
"gene-LOC100229115|LOC100229115","yellow"
"gene-SUN2|SUN2","green"
"gene-GTPBP1|GTPBP1","red"
"gene-CBY1|CBY1","palevioletred3"
"gene-JOSD1|JOSD1","turquoise"
"gene-TOMM22|TOMM22","green"
"gene-CSNK1E|CSNK1E","brown"
"gene-DMC1|DMC1","grey"
"gene-LOC140682215|LOC140682215","black"
"gene-DDX17|DDX17","turquoise"
"gene-KDELR3|KDELR3","greenyellow"
"gene-TMEM184B|TMEM184B","black"
"gene-MAFF|MAFF","salmon"
"gene-PLA2G6|PLA2G6","yellow"
"gene-BAIAP2L2|BAIAP2L2","magenta"
"gene-PICK1|PICK1","grey"
"gene-LOC100217677|LOC100217677","black"
"gene-POLR2F|POLR2F","pink"
"gene-MICALL1|MICALL1","saddlebrown"
"gene-EIF3L|EIF3L","brown"
"gene-ANKRD54|ANKRD54","grey"
"gene-GALR3|GALR3","thistle1"
"gene-H1-0|H1-0","bisque4"
"gene-GCAT|GCAT","yellow"
"gene-TRIOBP|TRIOBP","brown"
"gene-LOC115493368|LOC115493368","grey"
"gene-LOC100224455|LOC100224455","black"
"gene-NOL12|NOL12","pink"
"gene-LOC105758586|LOC105758586","blue"
"gene-PDXP|PDXP","turquoise"
"gene-SH3BP1|SH3BP1","blue"
"gene-GGA1|GGA1","salmon"
"gene-LOC100231144|LOC100231144","blue"
"gene-CARD10|CARD10","blue"
"gene-MFNG|MFNG","blue"
"gene-CDC42EP1|CDC42EP1","purple"
"gene-SSTR3|SSTR3","blue"
"gene-CYTH4|CYTH4","blue"
"gene-RAC2|RAC2","blue"
"gene-C1QTNF6|C1QTNF6","blue"
"gene-KCTD17|KCTD17","blue"
"gene-NCF4|NCF4","blue"
"gene-IL2RB|IL2RB","black"
"gene-TMPRSS6|TMPRSS6","grey"
"gene-MPST|MPST","yellow"
"gene-LOC116806607|LOC116806607","yellow"
"gene-CIMIP4|CIMIP4","black"
"gene-CSF2RB|CSF2RB","blue"
"gene-IFT27|IFT27","grey"
"gene-EIF3D|EIF3D","pink"
"gene-FOXRED2|FOXRED2","black"
"gene-TXN2|TXN2","green"
"gene-MYH9|MYH9","black"
"gene-MB|MB","darkred"
"gene-RASD2|RASD2","brown"
"gene-MCM5|MCM5","blue"
"gene-RBFOX2|RBFOX2","turquoise"
"gene-HMOX1|HMOX1","red"
"gene-TOM1|TOM1","black"
"gene-HMGXB4|HMGXB4","midnightblue"
"gene-LOC116807704|LOC116807704","ivory"
"gene-LARGE1|LARGE1","green"
"gene-LOC105758584|LOC105758584","grey"
"gene-LOC140682220|LOC140682220","pink"
"gene-LOC100225408|LOC100225408","blue"
"gene-SYN3|SYN3","lightcyan"
"gene-TIMP3|TIMP3","purple"
"gene-FBXO7|FBXO7","red"
"gene-ASCL4|ASCL4","royalblue"
"gene-RTCB|RTCB","brown"
"gene-PRDM4|PRDM4","brown"
"gene-PWP1|PWP1","violet"
"gene-ABTB3|ABTB3","black"
"gene-CRY1|CRY1","darkslateblue"
"gene-TMEM263|TMEM263","brown"
"gene-MTERF2|MTERF2","green"
"gene-RIC8B|RIC8B","green"
"gene-POLR3B|POLR3B","black"
"gene-TCP11L2|TCP11L2","red"
"gene-CKAP4|CKAP4","blue"
"gene-NUAK1|NUAK1","black"
"gene-LOC105758585|LOC105758585","skyblue"
"gene-APPL2|APPL2","blue"
"gene-WASHC4|WASHC4","turquoise"
"gene-ALDH1L2|ALDH1L2","grey"
"gene-NOPCHAP1|NOPCHAP1","yellow"
"gene-SLC41A2|SLC41A2","blue"
"gene-CHST11|CHST11","red"
"gene-TXNRD1|TXNRD1","midnightblue"
"gene-NFYB|NFYB","darkgrey"
"gene-HCFC2|HCFC2","turquoise"
"gene-NT5DC3|NT5DC3","green"
"gene-ASCL1|ASCL1","red"
"gene-STAB2|STAB2","magenta"
"gene-GLT8D2|GLT8D2","turquoise"
"gene-TDG|TDG","turquoise"
"gene-UQCC6|UQCC6","yellow"
"gene-HSP90B1|HSP90B1","red"
"gene-PAH|PAH","green"
"gene-LOC121469120|LOC121469120","palevioletred3"
"gene-IGF1|IGF1","skyblue"
"gene-PARPBP|PARPBP","blue"
"gene-PMCH|PMCH","black"
"gene-NUP37|NUP37","brown"
"gene-WASHC3|WASHC3","brown"
"gene-DRAM1|DRAM1","blue"
"gene-SYCP3|SYCP3","turquoise"
"gene-CHPT1|CHPT1","blue"
"gene-MYBPC1|MYBPC1","grey"
"gene-GNPTAB|GNPTAB","brown"
"gene-PARP12|PARP12","black"
"gene-TBXAS1|TBXAS1","blue"
"gene-KIAA1549|KIAA1549","navajowhite2"
"gene-HIPK2|HIPK2","yellow"
"gene-TMTC1|TMTC1","blue"
"gene-CAPRIN2|CAPRIN2","turquoise"
"gene-SINHCAF|SINHCAF","blue"
"gene-IPO8|IPO8","brown"
"gene-ETFBKMT|ETFBKMT","thistle1"
"gene-AMN1|AMN1","grey"
"gene-DENND5B|DENND5B","green"
"gene-RESF1|RESF1","greenyellow"
"gene-BICD1|BICD1","orangered4"
"gene-FGD4|FGD4","purple"
"gene-DNM1L|DNM1L","brown"
"gene-YARS2|YARS2","yellow"
"gene-PKP2|PKP2","blue"
"gene-SYT10|SYT10","turquoise"
"gene-STMP1|STMP1","grey"
"gene-SLC13A4|SLC13A4","turquoise"
"gene-FAM180A|FAM180A","palevioletred3"
"gene-MTPN|MTPN","blue"
"gene-PTN|PTN","violet"
"gene-DGKI|DGKI","midnightblue"
"gene-CREB3L2|CREB3L2","red"
"gene-SSBP1|SSBP1","pink"
"gene-DENND11|DENND11","darkmagenta"
"gene-AGK|AGK","yellow"
"gene-TMEM178B|TMEM178B","orange"
"gene-MRPS33|MRPS33","turquoise"
"gene-BRAF|BRAF","turquoise"
"gene-LOC105758592|LOC105758592","grey"
"gene-NDUFB2|NDUFB2","yellow"
"gene-ADCK2|ADCK2","green"
"gene-DENND2A|DENND2A","brown"
"gene-LOC100222446|LOC100222446","purple"
"gene-MKRN1|MKRN1","brown"
"gene-RAB19|RAB19","green"
"gene-SLC37A3|SLC37A3","brown"
"gene-KDM7A|KDM7A","purple"
"gene-LOC100220557|LOC100220557","green"
"gene-LOC115493416|LOC115493416","lightcyan"
"gene-LOC100221492|LOC100221492","grey60"
"gene-LOC100217663|LOC100217663","violet"
"gene-PYROXD1|PYROXD1","brown"
"gene-RECQL|RECQL","grey"
"gene-GOLT1B|GOLT1B","royalblue"
"gene-LOC140682229|LOC140682229","lightpink4"
"gene-BCAT1|BCAT1","green"
"gene-SOX5|SOX5","brown"
"gene-LOC115493518|LOC115493518","purple"
"gene-ETNK1|ETNK1","blue"
"gene-LOC121469202|LOC121469202","blue"
"gene-LOC116806645|LOC116806645","grey"
"gene-LOC100231733|LOC100231733","turquoise"
"gene-LOC105760106|LOC105760106","skyblue3"
"gene-LOC140682230|LOC140682230","grey"
"gene-PRR5|PRR5","turquoise"
"gene-ST8SIA1|ST8SIA1","blue"
"gene-C2CD5|C2CD5","turquoise"
"gene-LOC115493520|LOC115493520","grey"
"gene-LOC140682232|LOC140682232","lightyellow"
"gene-ETV6|ETV6","blue"
"gene-WNT7B|WNT7B","maroon"
"gene-LOC115493428|LOC115493428","red"
"gene-LOC115493429|LOC115493429","turquoise"
"gene-LOC115493431|LOC115493431","turquoise"
"gene-LOC115493427|LOC115493427","turquoise"
"gene-ATXN10|ATXN10","brown"
"gene-FBLN1|FBLN1","turquoise"
"gene-TTC38|TTC38","greenyellow"
"gene-LOC100229789|LOC100229789","blue"
"gene-PKDREJ|PKDREJ","lightcyan"
"gene-LOC140682233|LOC140682233","darkolivegreen"
"gene-PPARA|PPARA","purple"
"gene-FAM118A|FAM118A","darkgrey"
"gene-KIAA0930|KIAA0930","blue"
"gene-LOC115493432|LOC115493432","grey"
"gene-LOC100227890|LOC100227890","blue"
"gene-LOC115493434|LOC115493434","sienna3"
"gene-LOC105760244|LOC105760244","blue"
"gene-PHF21B|PHF21B","turquoise"
"gene-NUP50|NUP50","green"
"gene-ARHGEF5|ARHGEF5","blue"
"gene-LOC105758607|LOC105758607","turquoise"
"gene-CD9|CD9","blue"
"gene-ANO2|ANO2","brown"
"gene-VWF|VWF","blue"
"gene-LOC116807753|LOC116807753","grey"
"gene-NTF3|NTF3","brown"
"gene-LOC100232706|LOC100232706","grey"
"gene-KCNA1|KCNA1","grey"
"gene-LOC105758604|LOC105758604","tan"
"gene-LOC121469204|LOC121469204","sienna3"
"gene-LOC140682237|LOC140682237","grey"
"gene-NDUFA9|NDUFA9","yellow"
"gene-PARVG|PARVG","blue"
"gene-PARVB|PARVB","blue"
"gene-SAMM50|SAMM50","yellow"
"gene-SULT4A1|SULT4A1","green"
"gene-LOC115493437|LOC115493437","darkmagenta"
"gene-LOC100231669|LOC100231669","green"
"gene-MPPED1|MPPED1","lightcyan"
"gene-SCUBE1|SCUBE1","lightcyan"
"gene-TTLL12|TTLL12","salmon"
"gene-TTLL1|TTLL1","green"
"gene-TSPO|TSPO","salmon4"
"gene-MCAT|MCAT","magenta"
"gene-LOC116807733|LOC116807733","greenyellow"
"gene-PACSIN2|PACSIN2","brown"
"gene-LOC115493441|LOC115493441","tan"
"gene-LOC140682244|LOC140682244","turquoise"
"gene-SYCE3|SYCE3","darkred"
"gene-STYK1|STYK1","grey"
"gene-LOC116807714|LOC116807714","turquoise"
"gene-YBX3|YBX3","magenta"
"gene-TMEM52B|TMEM52B","black"
"gene-GABARAPL1|GABARAPL1","red"
"gene-LOC100228825|LOC100228825","black"
"gene-CMAS|CMAS","brown"
"gene-ABCC9|ABCC9","green"
"gene-KCNJ8|KCNJ8","green"
"gene-LDHB|LDHB","green"
"gene-IRAG2|IRAG2","blue"
"gene-GYS2|GYS2","brown"
"gene-A4GALT|A4GALT","darkred"
"gene-LOC100219177|LOC100219177","grey"
"gene-CYB5R3|CYB5R3","brown"
"gene-STK38L|STK38L","black"
"gene-PPFIBP1|PPFIBP1","orangered4"
"gene-REP15|REP15","midnightblue"
"gene-LOC140682246|LOC140682246","magenta"
"gene-LOC115493453|LOC115493453","turquoise"
"gene-LOC115493454|LOC115493454","lightsteelblue1"
"gene-LOC140682247|LOC140682247","lightsteelblue1"
"gene-BMAL2|BMAL2","turquoise"
"gene-MED21|MED21","grey"
"gene-TM7SF3|TM7SF3","royalblue"
"gene-FGFR1OP2|FGFR1OP2","brown"
"gene-INTS13|INTS13","brown"
"gene-SSPN|SSPN","green"
"gene-ITPR2|ITPR2","skyblue"
"gene-LOC115493458|LOC115493458","green"
"gene-BHLHE41|BHLHE41","green"
"gene-LOC116807717|LOC116807717","green"
"gene-RASSF8|RASSF8","brown"
"gene-LOC115493459|LOC115493459","darkmagenta"
"gene-LOC101234182|LOC101234182","black"
"gene-LOC115493463|LOC115493463","brown"
"gene-LOC121469195|LOC121469195","blue"
"gene-LOC101234202|LOC101234202","blue"
"gene-LOC115490562|LOC115490562","blue"
"gene-KRAS|KRAS","brown"
"gene-DNAI7|DNAI7","turquoise"
"gene-ETFRF1|ETFRF1","yellow"
"gene-ARFGAP3|ARFGAP3","green"
"gene-DYRK4|DYRK4","midnightblue"
"gene-RAD51AP1|RAD51AP1","black"
"gene-LOC140682249|LOC140682249","black"
"gene-FERRY3|FERRY3","yellow"
"gene-LOC116807720|LOC116807720","turquoise"
"gene-LOC140682295|LOC140682295","darkred"
"gene-LOC140682255|LOC140682255","darkgrey"
"gene-LOC140682256|LOC140682256","turquoise"
"gene-AEBP2|AEBP2","turquoise"
"gene-LOC140682257|LOC140682257","cyan"
"gene-LOC140682258|LOC140682258","grey"
"gene-PLEKHA5|PLEKHA5","paleturquoise"
"gene-PIK3C2G|PIK3C2G","lightsteelblue1"
"gene-RERGL|RERGL","yellow"
"gene-LOC115493467|LOC115493467","turquoise"
"gene-LOC121469145|LOC121469145","grey"
"gene-LOC115493470|LOC115493470","tan"
"gene-LOC140682251|LOC140682251","green"
"gene-LOC116807725|LOC116807725","darkgreen"
"gene-SLCO1C1|SLCO1C1","purple"
"gene-PDE3A|PDE3A","lightcyan"
"gene-FGF6|FGF6","turquoise"
"gene-LOC140682250|LOC140682250","turquoise"
"gene-FGF23|FGF23","salmon4"
"gene-TIGAR|TIGAR","grey60"
"gene-CCND2|CCND2","blue"
"gene-TRIM24|TRIM24","turquoise"
"gene-LOC121469149|LOC121469149","turquoise"
"gene-AKR1D1|AKR1D1","yellow"
"gene-LOC100220148|LOC100220148","white"
"gene-SLC15A5|SLC15A5","turquoise"
"gene-LOC140682260|LOC140682260","grey"
"gene-MGST1|MGST1","salmon4"
"gene-DERA|DERA","green"
"gene-STRAP|STRAP","magenta"
"gene-EPS8|EPS8","grey"
"gene-PTPRO|PTPRO","plum2"
"gene-LOC100190001|LOC100190001","blue"
"gene-CALD1|CALD1","darkturquoise"
"gene-LOC100228819|LOC100228819","lightgreen"
"gene-USP18|USP18","darkorange"
"gene-BPGM|BPGM","brown"
"gene-LOC100218307|LOC100218307","royalblue"
"gene-LOC100231722|LOC100231722","yellow"
"gene-LOC115493487|LOC115493487","salmon"
"gene-TUBA8|TUBA8","turquoise"
"gene-PEX26|PEX26","grey"
"gene-MICAL3|MICAL3","black"
"gene-BCL2L13|BCL2L13","brown"
"gene-ADA2|ADA2","blue"
"gene-CACNA1C|CACNA1C","salmon"
"gene-DCP1B|DCP1B","turquoise"
"gene-BID|BID","blue"
"gene-ATP6V1E1|ATP6V1E1","blue"
"gene-LOC121469154|LOC121469154","grey"
"gene-CECR2|CECR2","red"
"gene-LOC115493489|LOC115493489","lightcyan1"
"gene-HDHD5|HDHD5","green"
"gene-TMEM121B|TMEM121B","grey"
"gene-IL17RA|IL17RA","grey"
"gene-ADIPOR2|ADIPOR2","darkmagenta"
"gene-LOC140682262|LOC140682262","grey"
"gene-WNT5B|WNT5B","blue"
"gene-ERC1|ERC1","purple"
"gene-RAD52|RAD52","blue"
"gene-B4GALNT3|B4GALNT3","tan"
"gene-WNK1|WNK1","brown"
"gene-LOC140682263|LOC140682263","lightgreen"
"gene-CCDC77|CCDC77","darkgrey"
"gene-LOC100224093|LOC100224093","yellow"
"gene-KDM5A|KDM5A","black"
"gene-LOC100222137|LOC100222137","palevioletred3"
"gene-LOC100225050|LOC100225050","green"
"gene-CCDC91|CCDC91","grey"
"gene-DDX11|DDX11","red"
"gene-WASHC1|WASHC1","magenta"
"gene-KLHL42|KLHL42","darkred"
"gene-MRPS35|MRPS35","yellow"
"gene-CDKN1B|CDKN1B","black"
"gene-LOC115493497|LOC115493497","blue"
"gene-LOC140682266|LOC140682266","lightpink4"
"gene-CREBL2|CREBL2","magenta"
"gene-MANSC1|MANSC1","purple"
"gene-DUSP16|DUSP16","greenyellow"
"gene-BORCS5|BORCS5","turquoise"
"gene-LOC140682558|LOC140682558","darkgrey"
"gene-LRP6|LRP6","turquoise"
"gene-LOC140682269|LOC140682269","red"
"gene-LOC140682267|LOC140682267","turquoise"
"gene-LOC140682268|LOC140682268","turquoise"
"gene-LOC140682520|LOC140682520","turquoise"
"gene-LOC100217746|LOC100217746","turquoise"
"gene-LOC115493670|LOC115493670","turquoise"
"gene-SMARCD3|SMARCD3","turquoise"
"gene-CHPF2|CHPF2","brown"
"gene-ABCF2|ABCF2","brown"
"gene-TMUB1|TMUB1","pink"
"gene-AGAP3|AGAP3","lavenderblush3"
"gene-FASTK|FASTK","grey"
"gene-SLC4A2|SLC4A2","steelblue"
"gene-CDK5|CDK5","turquoise"
"gene-NOS3|NOS3","greenyellow"
"gene-ASIC3|ASIC3","tan"
"gene-ABCB8|ABCB8","yellow"
"gene-ATG9B|ATG9B","yellow"
"gene-LOC115494108|LOC115494108","red"
"gene-TBRG4|TBRG4","yellow"
"gene-LOC115494079|LOC115494079","grey"
"gene-CCM2|CCM2","brown"
"gene-KCNH2|KCNH2","steelblue"
"gene-LRRC61|LRRC61","red"
"gene-AOC1|AOC1","magenta"
"gene-LOC115494107|LOC115494107","turquoise"
"gene-LOC115494072|LOC115494072","cyan"
"gene-RARRES2|RARRES2","magenta"
"gene-PTPN23|PTPN23","turquoise"
"gene-SCAP|SCAP","green"
"gene-CSPG5|CSPG5","greenyellow"
"gene-ELP6|ELP6","green"
"gene-SMARCC1|SMARCC1","brown"
"gene-DHX30|DHX30","brown"
"gene-LOC121469343|LOC121469343","turquoise"
"gene-MAP4|MAP4","steelblue"
"gene-LOC140682559|LOC140682559","turquoise"
"gene-LOC140682560|LOC140682560","tan"
"gene-CDC25A|CDC25A","grey"
"gene-LOC100218887|LOC100218887","blue"
"gene-LOC100224667|LOC100224667","turquoise"
"gene-LOC115494068|LOC115494068","blue"
"gene-LOC115494071|LOC115494071","yellow"
"gene-LOC105758956|LOC105758956","grey"
"gene-LOC105758955|LOC105758955","grey"
"gene-LOC115494110|LOC115494110","turquoise"
"gene-LOC105758954|LOC105758954","green"
"gene-LOC115494074|LOC115494074","yellow"
"gene-CAMP|CAMP","blue"
"gene-KIF9|KIF9","red"
"gene-SETD2|SETD2","black"
"gene-LOC121469393|LOC121469393","greenyellow"
"gene-NBEAL2|NBEAL2","turquoise"
"gene-CCDC12|CCDC12","grey"
"gene-TMIE|TMIE","darkorange"
"gene-LOC140682562|LOC140682562","grey"
"gene-PTH1R|PTH1R","darkorange"
"gene-ALS2CL|ALS2CL","blue"
"gene-SNAP47|SNAP47","lightcyan"
"gene-JMJD4|JMJD4","green"
"gene-WNT9A|WNT9A","grey"
"gene-LOC140682500|LOC140682500","plum2"
"gene-IBA57|IBA57","grey"
"gene-LOC115493601|LOC115493601","grey"
"gene-LOC115493600|LOC115493600","grey"
"gene-ARF1|ARF1","brown"
"gene-C2H1orf35|C2H1orf35","turquoise"
"gene-LOC140682563|LOC140682563","turquoise"
"gene-MRPL55|MRPL55","yellow"
"gene-LOC100190410|LOC100190410","yellow"
"gene-GJC2|GJC2","salmon"
"gene-ACKR2|ACKR2","grey"
"gene-OBSCN|OBSCN","white"
"gene-CYP8B1|CYP8B1","purple"
"gene-HIGD1A|HIGD1A","green"
"gene-KLHL40|KLHL40","turquoise"
"gene-CCDC13|CCDC13","turquoise"
"gene-ZBTB47|ZBTB47","greenyellow"
"gene-NKTR|NKTR","turquoise"
"gene-SEC22C|SEC22C","green"
"gene-VIPR1|VIPR1","darkorange"
"gene-ADCYAP1R1|ADCYAP1R1","brown"
"gene-AQP1|AQP1","grey"
"gene-MINDY4|MINDY4","midnightblue"
"gene-CRHR2|CRHR2","grey"
"gene-GARS1|GARS1","purple"
"gene-VILL|VILL","tan"
"gene-CTDSPL|CTDSPL","grey"
"gene-LOC115493606|LOC115493606","lightyellow"
"gene-PLCD1|PLCD1","green"
"gene-LOC100226503|LOC100226503","darkturquoise"
"gene-LOC100226561|LOC100226561","darkred"
"gene-DLEC1|DLEC1","steelblue"
"gene-ACAA1|ACAA1","yellow"
"gene-MYD88|MYD88","brown"
"gene-OXSR1|OXSR1","brown"
"gene-LOC100217895|LOC100217895","green"
"gene-LOC100220756|LOC100220756","magenta"
"gene-XIRP1|XIRP1","greenyellow"
"gene-CSRNP1|CSRNP1","grey"
"gene-GORASP1|GORASP1","green"
"gene-WDR48|WDR48","brown"
"gene-LOC100221337|LOC100221337","darkred"
"gene-EXOG|EXOG","pink"
"gene-ACVR2B|ACVR2B","purple"
"gene-C2H9orf152|C2H9orf152","red"
"gene-XYLB|XYLB","yellow"
"gene-WDR86|WDR86","salmon"
"gene-NUB1|NUB1","blue"
"gene-RHEB|RHEB","grey"
"gene-PRKAG2|PRKAG2","turquoise"
"gene-LOC140682570|LOC140682570","lightyellow"
"gene-GALNT11|GALNT11","grey60"
"gene-XRCC2|XRCC2","violet"
"gene-ACTR3B|ACTR3B","darkturquoise"
"gene-KMT2C|KMT2C","turquoise"
"gene-LOC115494116|LOC115494116","turquoise"
"gene-DPP6|DPP6","orangered4"
"gene-PAXIP1|PAXIP1","lightcyan"
"gene-INSIG1|INSIG1","green"
"gene-SHH|SHH","tan"
"gene-RBM33|RBM33","turquoise"
"gene-LMBR1|LMBR1","black"
"gene-NOM1|NOM1","red"
"gene-UBE3C|UBE3C","brown"
"gene-DNAJB6|DNAJB6","black"
"gene-LOC115493620|LOC115493620","lightpink4"
"gene-NCAPG2|NCAPG2","blue"
"gene-PTPRN2|PTPRN2","tan"
"gene-ESYT2|ESYT2","black"
"gene-LOC140682577|LOC140682577","orangered4"
"gene-LOC140682578|LOC140682578","black"
"gene-DYNC2I1|DYNC2I1","turquoise"
"gene-VIPR2|VIPR2","brown"
"gene-ZMYND11|ZMYND11","darkorange"
"gene-DIP2C|DIP2C","darkturquoise"
"gene-LOC140682579|LOC140682579","black"
"gene-LARP4B|LARP4B","brown"
"gene-GTPBP4|GTPBP4","red"
"gene-IDI1|IDI1","green"
"gene-WDR37|WDR37","turquoise"
"gene-ADARB2|ADARB2","yellow"
"gene-PFKP|PFKP","blue"
"gene-PITRM1|PITRM1","brown"
"gene-LOC140682582|LOC140682582","grey"
"gene-KLF6|KLF6","blue"
"gene-FZD8|FZD8","greenyellow"
"gene-GJD4|GJD4","plum2"
"gene-CCNY|CCNY","brown"
"gene-LOC121469416|LOC121469416","red"
"gene-CREM|CREM","red"
"gene-CUL2|CUL2","brown"
"gene-NRP1|NRP1","skyblue"
"gene-PARD3|PARD3","brown"
"gene-LOC140682587|LOC140682587","paleturquoise"
"gene-ITGB1|ITGB1","blue"
"gene-EPC1|EPC1","royalblue"
"gene-KIF5B|KIF5B","brown"
"gene-ARHGAP12|ARHGAP12","blue"
"gene-ZEB1|ZEB1","black"
"gene-ZNF438|ZNF438","black"
"gene-SVIL|SVIL","lightcyan"
"gene-LOC115493642|LOC115493642","grey"
"gene-JCAD|JCAD","brown"
"gene-MTPAP|MTPAP","green"
"gene-MAP3K8|MAP3K8","darkgreen"
"gene-LOC115493644|LOC115493644","greenyellow"
"gene-BAMBI|BAMBI","greenyellow"
"gene-WAC|WAC","brown"
"gene-LOC100227781|LOC100227781","blue"
"gene-LOC140682589|LOC140682589","steelblue"
"gene-ODAD2|ODAD2","violet"
"gene-MPP7|MPP7","green"
"gene-RAB18|RAB18","green"
"gene-LOC100225782|LOC100225782","blue"
"gene-LOC100222288|LOC100222288","blue"
"gene-LOC100219425|LOC100219425","blue"
"gene-YME1L1|YME1L1","brown"
"gene-MASTL|MASTL","brown"
"gene-ACBD5|ACBD5","green"
"gene-LOC115494136|LOC115494136","black"
"gene-GAD2|GAD2","tan"
"gene-APBB1IP|APBB1IP","blue"
"gene-ABI1|ABI1","black"
"gene-LOC115493646|LOC115493646","lightyellow"
"gene-PDSS1|PDSS1","greenyellow"
"gene-LOC101234087|LOC101234087","grey"
"gene-GPR158|GPR158","blue"
"gene-THNSL1|THNSL1","turquoise"
"gene-ENKUR|ENKUR","darkgreen"
"gene-PRTFDC1|PRTFDC1","blue"
"gene-ARHGAP21|ARHGAP21","orangered4"
"gene-OTUD1|OTUD1","darkgrey"
"gene-KIAA1217|KIAA1217","skyblue3"
"gene-PIP4K2A|PIP4K2A","blue"
"gene-SPAG6|SPAG6","orangered4"
"gene-BMI1|BMI1","lightgreen"
"gene-COMMD3|COMMD3","blue"
"gene-DNAJC1|DNAJC1","grey"
"gene-SKIDA1|SKIDA1","turquoise"
"gene-MLLT10|MLLT10","turquoise"
"gene-LOC140682595|LOC140682595","grey"
"gene-LOC140682594|LOC140682594","darkgreen"
"gene-NEBL|NEBL","turquoise"
"gene-PLXDC2|PLXDC2","blue"
"gene-MALRD1|MALRD1","grey"
"gene-ARL5B|ARL5B","grey"
"gene-NSUN6|NSUN6","royalblue"
"gene-CACNB2|CACNB2","lightcyan"
"gene-LOC100231534|LOC100231534","black"
"gene-LOC100219050|LOC100219050","blue"
"gene-LOC100228653|LOC100228653","sienna3"
"gene-LOC100225774|LOC100225774","blue"
"gene-LOC100222908|LOC100222908","grey"
"gene-STAM|STAM","brown"
"gene-HACD1|HACD1","darkmagenta"
"gene-ST8SIA6|ST8SIA6","darkmagenta"
"gene-VIM|VIM","blue"
"gene-TRDMT1|TRDMT1","turquoise"
"gene-CUBN|CUBN","blue"
"gene-RSU1|RSU1","grey"
"gene-C1QL3|C1QL3","lightsteelblue1"
"gene-PTER|PTER","magenta"
"gene-LOC140682602|LOC140682602","brown"
"gene-MINDY3|MINDY3","green"
"gene-ITGA8|ITGA8","blue"
"gene-FAM171A1|FAM171A1","darkturquoise"
"gene-NMT2|NMT2","red"
"gene-RPP38|RPP38","blue"
"gene-RUNDC3B|RUNDC3B","grey"
"gene-CROT|CROT","darkolivegreen"
"gene-ABCB1|ABCB1","skyblue3"
"gene-ACBD7|ACBD7","grey"
"gene-OLAH|OLAH","turquoise"
"gene-LOC140682603|LOC140682603","darkslateblue"
"gene-DBF4|DBF4","lightcyan"
"gene-ADAM22|ADAM22","grey"
"gene-SRI|SRI","darkorange"
"gene-STEAP2|STEAP2","brown"
"gene-LOC100221050|LOC100221050","brown"
"gene-CLDN12|CLDN12","turquoise"
"gene-LOC101233268|LOC101233268","black"
"gene-CDK14|CDK14","grey"
"gene-FZD1|FZD1","plum1"
"gene-GATAD1|GATAD1","blue"
"gene-LOC140682606|LOC140682606","lightcyan1"
"gene-PEX1|PEX1","brown"
"gene-RBM48|RBM48","yellow"
"gene-CLXN|CLXN","black"
"gene-FAM133B|FAM133B","brown"
"gene-AKAP9|AKAP9","red"
"gene-ANKIB1|ANKIB1","black"
"gene-CYP51A1|CYP51A1","green"
"gene-LOC140682607|LOC140682607","mediumpurple3"
"gene-KRIT1|KRIT1","red"
"gene-CDK6|CDK6","blue"
"gene-LOC140682608|LOC140682608","blue"
"gene-VPS50|VPS50","black"
"gene-TFPI2|TFPI2","white"
"gene-LOC100221885|LOC100221885","grey"
"gene-LOC100226809|LOC100226809","yellowgreen"
"gene-BET1|BET1","grey"
"gene-COL1A2|COL1A2","blue"
"gene-CASD1|CASD1","turquoise"
"gene-SGCE|SGCE","darkturquoise"
"gene-ASB4|ASB4","red"
"gene-LOC140682611|LOC140682611","grey"
"gene-PPP1R9A|PPP1R9A","blue"
"gene-LOC100218152|LOC100218152","green"
"gene-DYNC1I1|DYNC1I1","plum2"
"gene-PDK4|PDK4","purple"
"gene-LOC121469436|LOC121469436","thistle2"
"gene-SLC25A13|SLC25A13","green"
"gene-LOC140682612|LOC140682612","grey"
"gene-LOC121469438|LOC121469438","purple"
"gene-LOC115493660|LOC115493660","grey"
"gene-SEM1|SEM1","pink"
"gene-LOC140682614|LOC140682614","tan"
"gene-SDHAF3|SDHAF3","yellow"
"gene-ASNS|ASNS","tan"
"gene-C1GALT1|C1GALT1","grey"
"gene-MIOS|MIOS","turquoise"
"gene-LOC140682616|LOC140682616","tan"
"gene-RPA3|RPA3","grey"
"gene-UMAD1|UMAD1","brown"
"gene-ICA1|ICA1","bisque4"
"gene-GLCCI1|GLCCI1","blue"
"gene-NDUFA4|NDUFA4","yellow"
"gene-PHF14|PHF14","brown"
"gene-THSD7A|THSD7A","lightcyan"
"gene-LOC100228369|LOC100228369","darkred"
"gene-SCIN|SCIN","blue"
"gene-TMEM106B|TMEM106B","red"
"gene-ARL4A|ARL4A","lightgreen"
"gene-ETV1|ETV1","blue"
"gene-DGKB|DGKB","darkorange2"
"gene-MEOX2|MEOX2","grey"
"gene-AGMO|AGMO","yellow"
"gene-SOSTDC1|SOSTDC1","black"
"gene-CRPPA|CRPPA","green"
"gene-LRRC72|LRRC72","brown"
"gene-ANKMY2|ANKMY2","skyblue"
"gene-BZW2|BZW2","blue"
"gene-TSPAN13|TSPAN13","yellow"
"gene-AGR2|AGR2","brown"
"gene-AGR3|AGR3","skyblue"
"gene-LOC115493678|LOC115493678","blue"
"gene-AHR|AHR","purple"
"gene-SNX13|SNX13","green"
"gene-TWIST1|TWIST1","turquoise"
"gene-HDAC9|HDAC9","brown"
"gene-MACC1|MACC1","tan"
"gene-POLR1F|POLR1F","pink"
"gene-ITGB8|ITGB8","tan"
"gene-ABCB5|ABCB5","skyblue3"
"gene-SP4|SP4","lightcyan"
"gene-DNAH11|DNAH11","grey"
"gene-CDCA7L|CDCA7L","salmon"
"gene-LOC115493686|LOC115493686","darkgrey"
"gene-IL6|IL6","lightcyan"
"gene-RAPGEF5|RAPGEF5","grey"
"gene-LOC116807810|LOC116807810","red"
"gene-TOMM7|TOMM7","pink"
"gene-LOC140682624|LOC140682624","darkmagenta"
"gene-HYCC1|HYCC1","turquoise"
"gene-GPNMB|GPNMB","grey"
"gene-KLHL7|KLHL7","red"
"gene-LOC105759741|LOC105759741","red"
"gene-NUP42|NUP42","grey"
"gene-MALSU1|MALSU1","thistle2"
"gene-IGF2BP3|IGF2BP3","black"
"gene-TRA2A|TRA2A","turquoise"
"gene-CCDC126|CCDC126","brown"
"gene-OSBPL3|OSBPL3","violet"
"gene-GSDME|GSDME","blue"
"gene-PALS2|PALS2","brown"
"gene-MIR148A|MIR148A","turquoise"
"gene-NFE2L3|NFE2L3","blue"
"gene-CYCS|CYCS","green"
"gene-SNX10|SNX10","blue"
"gene-LOC115493688|LOC115493688","blue"
"gene-HNRNPA2B1|HNRNPA2B1","yellow"
"gene-CBX3|CBX3","blue"
"gene-SKAP2|SKAP2","blue"
"gene-HOXA1|HOXA1","grey"
"gene-HOXA2|HOXA2","turquoise"
"gene-LOC140682627|LOC140682627","turquoise"
"gene-HOXA3|HOXA3","turquoise"
"gene-LOC140682629|LOC140682629","grey"
"gene-HOXA4|HOXA4","turquoise"
"gene-LOC140682628|LOC140682628","grey"
"gene-HOXA5|HOXA5","grey"
"gene-HOXA6|HOXA6","darkgrey"
"gene-HOXA7|HOXA7","blue"
"gene-HIBADH|HIBADH","darkmagenta"
"gene-JAZF1|JAZF1","blue"
"gene-TAX1BP1|TAX1BP1","brown"
"gene-CREB5|CREB5","black"
"gene-TRIL|TRIL","greenyellow"
"gene-SCRN1|SCRN1","darkred"
"gene-WIPF3|WIPF3","darkred"
"gene-CHN2|CHN2","blue"
"gene-PRR15|PRR15","tan"
"gene-FKBP14|FKBP14","grey60"
"gene-COLQ|COLQ","cyan"
"gene-PLEKHA8|PLEKHA8","brown"
"gene-HACL1|HACL1","magenta"
"gene-BTD|BTD","yellow"
"gene-ANKRD28|ANKRD28","grey"
"gene-GALNT15|GALNT15","grey"
"gene-DPH3|DPH3","royalblue"
"gene-OXNAD1|OXNAD1","magenta"
"gene-RFTN1|RFTN1","blue"
"gene-PLCL2|PLCL2","blue"
"gene-TBC1D5|TBC1D5","brown"
"gene-LOC140682506|LOC140682506","grey"
"gene-SATB1|SATB1","red"
"gene-LOC115493557|LOC115493557","blue"
"gene-RAB5A|RAB5A","grey"
"gene-LOC140682344|LOC140682344","grey"
"gene-PP2D1|PP2D1","pink"
"gene-SGO1|SGO1","blue"
"gene-KAT2B|KAT2B","green"
"gene-ZNF385D|ZNF385D","tan"
"gene-LOC140682632|LOC140682632","cyan"
"gene-LOC101233878|LOC101233878","darkturquoise"
"gene-NR1D2|NR1D2","red"
"gene-UBE2E1|UBE2E1","blue"
"gene-NKIRAS1|NKIRAS1","brown"
"gene-RPL15|RPL15","pink"
"gene-THRB|THRB","brown"
"gene-RARB|RARB","green"
"gene-LOC140682633|LOC140682633","purple"
"gene-TOP2B|TOP2B","black"
"gene-NGLY1|NGLY1","brown"
"gene-OXSM|OXSM","black"
"gene-LRRC3B|LRRC3B","grey"
"gene-SLC4A7|SLC4A7","blue"
"gene-EOMES|EOMES","grey"
"gene-CMC1|CMC1","yellow"
"gene-AZI2|AZI2","brown"
"gene-TGFBR2|TGFBR2","grey"
"gene-GADL1|GADL1","grey"
"gene-RBMS3|RBMS3","mediumpurple3"
"gene-LOC140682636|LOC140682636","mediumpurple3"
"gene-OSBPL10|OSBPL10","darkgreen"
"gene-STT3B|STT3B","brown"
"gene-GPD1L|GPD1L","brown"
"gene-CMTM8|CMTM8","cyan"
"gene-CMTM7|CMTM7","blue"
"gene-CMTM6|CMTM6","black"
"gene-LOC121469455|LOC121469455","darkred"
"gene-DYNC1LI1|DYNC1LI1","salmon"
"gene-TRIM71|TRIM71","darkturquoise"
"gene-CNOT10|CNOT10","blue"
"gene-TCAIM|TCAIM","lightcyan1"
"gene-TOPAZ1|TOPAZ1","green"
"gene-MIR2972|MIR2972","turquoise"
"gene-LOC121469249|LOC121469249","lightyellow"
"gene-ABHD5|ABHD5","brown"
"gene-ANO10|ANO10","brown"
"gene-SNRK|SNRK","grey"
"gene-POMGNT2|POMGNT2","green"
"gene-ENTPD3|ENTPD3","brown"
"gene-RPL14|RPL14","pink"
"gene-NOD1|NOD1","blue"
"gene-GGCT|GGCT","grey"
"gene-ZNRF2|ZNRF2","brown"
"gene-MTURN|MTURN","greenyellow"
"gene-METTL6|METTL6","turquoise"
"gene-EAF1|EAF1","grey"
"gene-LOC105758993|LOC105758993","darkred"
"gene-SH3BP5|SH3BP5","brown"
"gene-CAPN7|CAPN7","darkslateblue"
"gene-PIK3R4|PIK3R4","brown"
"gene-ATP2C1|ATP2C1","black"
"gene-LOC115493709|LOC115493709","turquoise"
"gene-NEK11|NEK11","thistle1"
"gene-ASTE1|ASTE1","turquoise"
"gene-MRPL3|MRPL3","magenta"
"gene-CPNE4|CPNE4","plum1"
"gene-LOC115493710|LOC115493710","ivory"
"gene-LOC100229225|LOC100229225","darkred"
"gene-DNAJC13|DNAJC13","turquoise"
"gene-ACKR4|ACKR4","salmon4"
"gene-ACAD11|ACAD11","green"
"gene-UBA5|UBA5","royalblue"
"gene-NPHP3|NPHP3","black"
"gene-LOC100228345|LOC100228345","blue"
"gene-CCR5|CCR5","blue"
"gene-LOC100218724|LOC100218724","blue"
"gene-XCR1|XCR1","blue"
"gene-CDV3|CDV3","brown"
"gene-TOPBP1|TOPBP1","blue"
"gene-CCR9|CCR9","black"
"gene-FYCO1|FYCO1","purple"
"gene-GLB1|GLB1","blue"
"gene-TMPPE|TMPPE","blue"
"gene-LOC100223580|LOC100223580","blue"
"gene-LOC100220664|LOC100220664","blue"
"gene-LOC100217789|LOC100217789","blue"
"gene-MYRIP|MYRIP","red"
"gene-SLC25A38|SLC25A38","turquoise"
"gene-RPSA|RPSA","pink"
"gene-LOC115494152|LOC115494152","grey"
"gene-LOC115494153|LOC115494153","turquoise"
"gene-EIF1B|EIF1B","brown"
"gene-ULK4|ULK4","navajowhite2"
"gene-LOC140682641|LOC140682641","grey"
"gene-TRAK1|TRAK1","lightcyan"
"gene-LOC115493715|LOC115493715","tan"
"gene-LOC140682643|LOC140682643","grey"
"gene-CTNNB1|CTNNB1","brown"
"gene-KIF15|KIF15","blue"
"gene-KIAA1143|KIAA1143","skyblue"
"gene-TMEM42|TMEM42","brown"
"gene-TGM4|TGM4","blue"
"gene-ZDHHC3|ZDHHC3","salmon"
"gene-EXOSC7|EXOSC7","green"
"gene-CLEC3B|CLEC3B","blue"
"gene-CDCP1|CDCP1","midnightblue"
"gene-TMEM158|TMEM158","salmon"
"gene-LARS2|LARS2","brown"
"gene-LIMD1|LIMD1","cyan"
"gene-SACM1L|SACM1L","green"
"gene-SLC6A20|SLC6A20","yellow"
"gene-LZTFL1|LZTFL1","red"
"gene-SNRPD1|SNRPD1","salmon"
"gene-AVL9|AVL9","brown"
"gene-KBTBD2|KBTBD2","blue"
"gene-RP9|RP9","greenyellow"
"gene-FKBP9|FKBP9","steelblue"
"gene-NT5C3A|NT5C3A","blue"
"gene-BBS9|BBS9","purple"
"gene-BMPER|BMPER","turquoise"
"gene-LOC140682644|LOC140682644","turquoise"
"gene-DPY19L1|DPY19L1","blue"
"gene-TBX20|TBX20","grey"
"gene-HERPUD2|HERPUD2","brown"
"gene-SEPTIN7|SEPTIN7","blue"
"gene-EEPD1|EEPD1","greenyellow"
"gene-MATCAP2|MATCAP2","black"
"gene-ANLN|ANLN","blue"
"gene-AOAH|AOAH","cyan"
"gene-GPR141|GPR141","blue"
"gene-LOC115493722|LOC115493722","grey"
"gene-EPDR1|EPDR1","saddlebrown"
"gene-ELMO1|ELMO1","blue"
"gene-STARD3NL|STARD3NL","blue"
"gene-MLH1|MLH1","green"
"gene-TRANK1|TRANK1","blue"
"gene-DCLK3|DCLK3","red"
"gene-STAC|STAC","grey"
"gene-ARPP21|ARPP21","tan"
"gene-PDCD6IP|PDCD6IP","brown"
"gene-CLASP2|CLASP2","black"
"gene-UBP1|UBP1","royalblue"
"gene-FBXL2|FBXL2","grey"
"gene-CRTAP|CRTAP","turquoise"
"gene-EZH2|EZH2","blue"
"gene-LOC140682650|LOC140682650","grey"
"gene-PDIA4|PDIA4","royalblue"
"gene-CUL1|CUL1","black"
"gene-LOC116807760|LOC116807760","turquoise"
"gene-CNTNAP2|CNTNAP2","black"
"gene-TPK1|TPK1","magenta"
"gene-LOC140682651|LOC140682651","yellowgreen"
"gene-SEC61G|SEC61G","pink"
"gene-LANCL2|LANCL2","blue"
"gene-VOPP1|VOPP1","blue"
"gene-EGFR|EGFR","red"
"gene-BLVRA|BLVRA","purple"
"gene-COA1|COA1","red"
"gene-STK17A|STK17A","salmon"
"gene-HECW1|HECW1","lightsteelblue1"
"gene-MRPL32|MRPL32","grey60"
"gene-PSMA2|PSMA2","green"
"gene-C2H7orf25|C2H7orf25","yellow"
"gene-GLI3|GLI3","violet"
"gene-LOC115493727|LOC115493727","grey"
"gene-SUGCT|SUGCT","green"
"gene-LOC140682655|LOC140682655","cyan"
"gene-MPLKIP|MPLKIP","turquoise"
"gene-LOC140682656|LOC140682656","brown"
"gene-CDK13|CDK13","brown"
"gene-RALA|RALA","brown"
"gene-LOC105758977|LOC105758977","cyan"
"gene-YAE1|YAE1","brown"
"gene-AMPH|AMPH","grey"
"gene-VPS41|VPS41","black"
"gene-TARP|TARP","blue"
"gene-LRRFIP2|LRRFIP2","grey"
"gene-GOLGA4|GOLGA4","royalblue"
"gene-ITGA9|ITGA9","brown"
"gene-CDH20|CDH20","blue"
"gene-LOC100223925|LOC100223925","midnightblue"
"gene-DROSHA|DROSHA","turquoise"
"gene-C2H5orf22|C2H5orf22","brown"
"gene-RNF152|RNF152","white"
"gene-PIGN|PIGN","green"
"gene-RELCH|RELCH","blue"
"gene-TNFRSF11A|TNFRSF11A","white"
"gene-LOC115493744|LOC115493744","pink"
"gene-ZCCHC2|ZCCHC2","royalblue"
"gene-LOC105758978|LOC105758978","mediumpurple3"
"gene-PHLPP1|PHLPP1","brown"
"gene-BCL2|BCL2","blue"
"gene-LOC140682310|LOC140682310","lightcyan"
"gene-KDSR|KDSR","brown"
"gene-LOC100224915|LOC100224915","saddlebrown"
"gene-LOC100231496|LOC100231496","lightyellow"
"gene-LOC115493746|LOC115493746","brown"
"gene-LOC100220117|LOC100220117","blue"
"gene-VPS4B|VPS4B","violet"
"gene-LOC100228737|LOC100228737","blue"
"gene-LOC100223369|LOC100223369","black"
"gene-LOC100221432|LOC100221432","brown"
"gene-LOC100225866|LOC100225866","blue"
"gene-LOC140682311|LOC140682311","violet"
"gene-MYLK4|MYLK4","grey"
"gene-WRNIP1|WRNIP1","green"
"gene-GMDS|GMDS","blue"
"gene-FOXC1|FOXC1","turquoise"
"gene-EXOC2|EXOC2","lightgreen"
"gene-IRF4|IRF4","blue"
"gene-DUSP22|DUSP22","blue"
"gene-PSMG4|PSMG4","turquoise"
"gene-LOC100190610|LOC100190610","brown"
"gene-LOC140682313|LOC140682313","darkturquoise"
"gene-LOC100220924|LOC100220924","green"
"gene-RIPK1|RIPK1","lightpink4"
"gene-BPHL|BPHL","magenta"
"gene-LOC121468025|LOC121468025","green"
"gene-LOC100190505|LOC100190505","green"
"gene-PXDC1|PXDC1","blue"
"gene-SLC22A23|SLC22A23","lightcyan"
"gene-LOC140682349|LOC140682349","purple"
"gene-LOC105758980|LOC105758980","thistle2"
"gene-PRP4K|PRP4K","turquoise"
"gene-ECI2|ECI2","purple"
"gene-CDYL|CDYL","black"
"gene-RPP40|RPP40","lightcyan"
"gene-PPP1R3G|PPP1R3G","darkolivegreen"
"gene-LOC140682315|LOC140682315","darkgrey"
"gene-FARS2|FARS2","salmon"
"gene-LYRM4|LYRM4","pink"
"gene-F13A1|F13A1","blue"
"gene-LOC115493763|LOC115493763","grey"
"gene-LY86|LY86","blue"
"gene-LOC115493760|LOC115493760","white"
"gene-RIOK1|RIOK1","royalblue"
"gene-DSP|DSP","tan"
"gene-RREB1|RREB1","black"
"gene-SSR1|SSR1","brown"
"gene-BMP6|BMP6","navajowhite2"
"gene-TXNDC5|TXNDC5","blue"
"gene-LOC121469478|LOC121469478","turquoise"
"gene-BLOC1S5|BLOC1S5","brown"
"gene-EEF1E1|EEF1E1","violet"
"gene-SLC35B3|SLC35B3","brown"
"gene-MAK|MAK","grey"
"gene-LOC100190710|LOC100190710","yellow"
"gene-SYCP2L|SYCP2L","grey"
"gene-ELOVL2|ELOVL2","green"
"gene-SMIM13|SMIM13","greenyellow"
"gene-TMEM170B|TMEM170B","grey"
"gene-NEDD9|NEDD9","darkturquoise"
"gene-ADTRP|ADTRP","midnightblue"
"gene-PHACTR1|PHACTR1","cyan"
"gene-HIVEP1|HIVEP1","darkgrey"
"gene-LOC121469481|LOC121469481","turquoise"
"gene-LOC140682322|LOC140682322","red"
"gene-EDN1|EDN1","lightgreen"
"gene-TBC1D7|TBC1D7","grey"
"gene-GFOD1|GFOD1","lightgreen"
"gene-LOC100189937|LOC100189937","blue"
"gene-PAK1IP1|PAK1IP1","red"
"gene-LOC100229913|LOC100229913","lightgreen"
"gene-NUP153|NUP153","black"
"gene-LOC115493771|LOC115493771","black"
"gene-CAP2|CAP2","turquoise"
"gene-FAM8A1|FAM8A1","purple"
"gene-MYLIP|MYLIP","blue"
"gene-RBM24|RBM24","grey"
"gene-ATXN1|ATXN1","black"
"gene-LOC140682326|LOC140682326","red"
"gene-GMPR|GMPR","green"
"gene-LOC115493772|LOC115493772","floralwhite"
"gene-DTNBP1|DTNBP1","salmon"
"gene-JARID2|JARID2","skyblue3"
"gene-LOC140682329|LOC140682329","turquoise"
"gene-LOC115493774|LOC115493774","red"
"gene-CD83|CD83","blue"
"gene-MCUR1|MCUR1","lightyellow"
"gene-NHLRC1|NHLRC1","black"
"gene-RANBP9|RANBP9","red"
"gene-NOL7|NOL7","turquoise"
"gene-SIRT5|SIRT5","yellow"
"gene-KIF13A|KIF13A","tan"
"gene-TPMT|TPMT","yellow"
"gene-KDM1B|KDM1B","brown"
"gene-DEK|DEK","black"
"gene-RNF144B|RNF144B","greenyellow"
"gene-LOC121469484|LOC121469484","grey"
"gene-ID4|ID4","purple"
"gene-MBOAT1|MBOAT1","blue"
"gene-E2F3|E2F3","blue"
"gene-LOC140682336|LOC140682336","midnightblue"
"gene-CDKAL1|CDKAL1","brown"
"gene-LOC140682335|LOC140682335","turquoise"
"gene-SOX4|SOX4","blue"
"gene-LOC121469490|LOC121469490","blue"
"gene-NRSN1|NRSN1","lightcyan1"
"gene-DCDC2|DCDC2","green"
"gene-KIAA0319|KIAA0319","lightcyan"
"gene-MRS2|MRS2","green"
"gene-GPLD1|GPLD1","yellow"
"gene-ALDH5A1|ALDH5A1","purple"
"gene-ATP9B|ATP9B","brown"
"gene-NFATC1|NFATC1","blue"
"gene-LOC115493791|LOC115493791","grey"
"gene-KCNG2|KCNG2","darkolivegreen"
"gene-SLC66A2|SLC66A2","purple"
"gene-CTDP1|CTDP1","brown"
"gene-HSBP1L1|HSBP1L1","turquoise"
"gene-TXNL4A|TXNL4A","blue"
"gene-LOC105759005|LOC105759005","turquoise"
"gene-TPPP|TPPP","lightcyan"
"gene-SLC9A3|SLC9A3","blue"
"gene-LOC100220322|LOC100220322","green"
"gene-RBFA|RBFA","pink"
"gene-LOC116807842|LOC116807842","maroon"
"gene-ADNP2|ADNP2","turquoise"
"gene-RECK|RECK","turquoise"
"gene-LOC140682340|LOC140682340","turquoise"
"gene-TGFBR1|TGFBR1","green"
"gene-LOC140682341|LOC140682341","turquoise"
"gene-COL15A1|COL15A1","darkred"
"gene-TRIP13|TRIP13","blue"
"gene-BRD9|BRD9","turquoise"
"gene-SLC12A7|SLC12A7","brown"
"gene-NFX1|NFX1","turquoise"
"gene-ICE1|ICE1","turquoise"
"gene-HUS1|HUS1","royalblue"
"gene-TNS3|TNS3","violet"
"gene-RAMP3|RAMP3","darkorange"
"gene-ADCY1|ADCY1","darkturquoise"
"gene-IGFBP1|IGFBP1","red"
"gene-LOC140682347|LOC140682347","brown"
"gene-IGFBP3|IGFBP3","darkslateblue"
"gene-LOC140682346|LOC140682346","green"
"gene-LOC140680226|LOC140680226","pink"
"gene-LOC140682352|LOC140682352","orangered4"
"gene-BASP1|BASP1","blue"
"gene-LOC140682355|LOC140682355","darkgrey"
"gene-MYO10|MYO10","green"
"gene-RETREG1|RETREG1","purple"
"gene-ZNF622|ZNF622","grey60"
"gene-FBXL7|FBXL7","greenyellow"
"gene-ANKH|ANKH","brown"
"gene-LOC115494100|LOC115494100","greenyellow"
"gene-OTULINL|OTULINL","blue"
"gene-OTULIN|OTULIN","greenyellow"
"gene-TRIO|TRIO","darkslateblue"
"gene-CTNND2|CTNND2","grey"
"gene-LOC121469356|LOC121469356","turquoise"
"gene-SEMA5A|SEMA5A","darkturquoise"
"gene-MTRR|MTRR","brown"
"gene-FASTKD3|FASTKD3","black"
"gene-CFAP90|CFAP90","cyan"
"gene-ADCY2|ADCY2","tan"
"gene-ROPN1L|ROPN1L","turquoise"
"gene-LOC100219014|LOC100219014","salmon"
"gene-LOC100231369|LOC100231369","yellow"
"gene-LOC140682368|LOC140682368","yellowgreen"
"gene-ATPSCKMT|ATPSCKMT","purple"
"gene-DAP|DAP","green"
"gene-SNRNP48|SNRNP48","turquoise"
"gene-MARCHF6|MARCHF6","brown"
"gene-LOC100229490|LOC100229490","green"
"gene-CCT5|CCT5","thistle2"
"gene-TENT4A|TENT4A","red"
"gene-SRD5A1|SRD5A1","magenta"
"gene-NSUN2|NSUN2","darkgreen"
"gene-UBE2QL1|UBE2QL1","turquoise"
"gene-MED10|MED10","darkgrey"
"gene-UPP1|UPP1","tan"
"gene-IKZF1|IKZF1","blue"
"gene-FIGNL1|FIGNL1","grey"
"gene-DDC|DDC","green"
"gene-LOC140682517|LOC140682517","yellow"
"gene-GRB10|GRB10","turquoise"
"gene-COBL|COBL","purple"
"gene-LOC140682374|LOC140682374","darkred"
"gene-FHOD3|FHOD3","pink"
"gene-RPRD1A|RPRD1A","turquoise"
"gene-RMP24|RMP24","turquoise"
"gene-LOC115493811|LOC115493811","turquoise"
"gene-GALNT1|GALNT1","blue"
"gene-INO80C|INO80C","brown"
"gene-LOC140682375|LOC140682375","yellow"
"gene-FRRS1L|FRRS1L","black"
"gene-TMEM245|TMEM245","brown"
"gene-EPB41L4B|EPB41L4B","green"
"gene-PTPN3|PTPN3","purple"
"gene-MOCOS|MOCOS","green"
"gene-LOC100223410|LOC100223410","paleturquoise"
"gene-BAG1|BAG1","turquoise"
"gene-ZNF830|ZNF830","grey"
"gene-CHMP5|CHMP5","grey"
"gene-FH|FH","yellow"
"gene-LOC100223404|LOC100223404","tan"
"gene-LOC100220507|LOC100220507","grey"
"gene-TERT|TERT","purple"
"gene-CCDC127|CCDC127","brown"
"gene-LOC140682379|LOC140682379","plum1"
"gene-SDHA|SDHA","green"
"gene-CLPTM1L|CLPTM1L","grey"
"gene-LPCAT1|LPCAT1","blue"
"gene-LOC140682380|LOC140682380","turquoise"
"gene-MRPL36|MRPL36","yellow"
"gene-NDUFS6|NDUFS6","yellow"
"gene-ANKS6|ANKS6","turquoise"
"gene-GALNT12|GALNT12","darkturquoise"
"gene-ELP2|ELP2","turquoise"
"gene-CAVIN4|CAVIN4","turquoise"
"gene-CTNNAL1|CTNNAL1","blue"
"gene-LOC121469261|LOC121469261","magenta"
"gene-ABITRAM|ABITRAM","turquoise"
"gene-SLC39A6|SLC39A6","lightcyan"
"gene-LOC100232083|LOC100232083","grey"
"gene-EXOC3|EXOC3","brown"
"gene-PDCD6|PDCD6","salmon"
"gene-LOC100230122|LOC100230122","lightpink4"
"gene-MSANTD3|MSANTD3","magenta"
"gene-LOC100228270|LOC100228270","darkolivegreen"
"gene-NR4A3|NR4A3","blue"
"gene-LOC140682382|LOC140682382","red"
"gene-LOC121469507|LOC121469507","darkred"
"gene-LOC140682383|LOC140682383","orangered4"
"gene-LOC140682384|LOC140682384","turquoise"
"gene-TEX10|TEX10","black"
"gene-INVS|INVS","red"
"gene-ERP44|ERP44","purple"
"gene-STX17|STX17","brown"
"gene-SEC61B|SEC61B","grey60"
"gene-ALG2|ALG2","purple"
"gene-IFI6|IFI6","darkorange"
"gene-GLIPR2|GLIPR2","grey"
"gene-BLOC1S4|BLOC1S4","blue"
"gene-SCGN|SCGN","darkturquoise"
"gene-PARD6G|PARD6G","brown"
"gene-CARMIL1|CARMIL1","violet"
"gene-RIPOR2|RIPOR2","blue"
"gene-GMNN|GMNN","lightyellow"
"gene-C2H6orf62|C2H6orf62","lightcyan"
"gene-LOC121469508|LOC121469508","grey"
"gene-ACOT13|ACOT13","yellow"
"gene-TDP2|TDP2","plum2"
"gene-MBP|MBP","blue"
"gene-ZNF236|ZNF236","turquoise"
"gene-ZNF516|ZNF516","darkturquoise"
"gene-LOC140682388|LOC140682388","grey"
"gene-TSHZ1|TSHZ1","turquoise"
"gene-LOC140682391|LOC140682391","darkgrey"
"gene-PTGR3|PTGR3","turquoise"
"gene-LOC100232073|LOC100232073","lightpink4"
"gene-ZNF407|ZNF407","brown"
"gene-DIPK1C|DIPK1C","blue"
"gene-CNDP2|CNDP2","brown"
"gene-C2H18orf63|C2H18orf63","midnightblue"
"gene-CYB5A|CYB5A","green"
"gene-TIMM21|TIMM21","yellow"
"gene-CBLN2|CBLN2","darkred"
"gene-FBXO15|FBXO15","red"
"gene-SOCS6|SOCS6","black"
"gene-LOC140682358|LOC140682358","white"
"gene-RTTN|RTTN","turquoise"
"gene-DOK6|DOK6","cyan"
"gene-LOC115493832|LOC115493832","grey"
"gene-DSEL|DSEL","darkturquoise"
"gene-LOC100223004|LOC100223004","lightcyan"
"gene-TMX3|TMX3","black"
"gene-CDH7|CDH7","grey"
"gene-LOC116807855|LOC116807855","black"
"gene-MC2R|MC2R","white"
"gene-LOC140682527|LOC140682527","white"
"gene-MC5R|MC5R","royalblue"
"gene-LOC100223646|LOC100223646","red"
"gene-FAM210A|FAM210A","green"
"gene-LOC115493837|LOC115493837","grey60"
"gene-CEP192|CEP192","turquoise"
"gene-SEH1L|SEH1L","turquoise"
"gene-PTPN2|PTPN2","blue"
"gene-PSMG2|PSMG2","lightcyan"
"gene-CEP76|CEP76","turquoise"
"gene-SPIRE1|SPIRE1","turquoise"
"gene-PRELID3A|PRELID3A","grey60"
"gene-AFG3L2|AFG3L2","brown"
"gene-IMPA2|IMPA2","lightsteelblue1"
"gene-TUBB6|TUBB6","blue"
"gene-CIDEA|CIDEA","yellow"
"gene-GNAL|GNAL","red"
"gene-LOC121469266|LOC121469266","thistle2"
"gene-MPPE1|MPPE1","black"
"gene-PIEZO2|PIEZO2","black"
"gene-NAPG|NAPG","brown"
"gene-APCDD1|APCDD1","brown"
"gene-VAPA|VAPA","white"
"gene-RAB31|RAB31","black"
"gene-PPP4R1|PPP4R1","brown"
"gene-TWSG1|TWSG1","brown"
"gene-LOC140682398|LOC140682398","royalblue"
"gene-RALBP1|RALBP1","brown"
"gene-MTCL1|MTCL1","blue"
"gene-ANKRD12|ANKRD12","lightcyan"
"gene-NDUFV2|NDUFV2","yellow"
"gene-RAB12|RAB12","green"
"gene-LOC121469518|LOC121469518","grey"
"gene-ARHGAP28|ARHGAP28","darkolivegreen"
"gene-TMEM200C|TMEM200C","grey"
"gene-LOC140682401|LOC140682401","turquoise"
"gene-PTPRM|PTPRM","brown"
"gene-EPB41L3|EPB41L3","paleturquoise"
"gene-ZBTB14|ZBTB14","greenyellow"
"gene-DLGAP1|DLGAP1","darkorange2"
"gene-LOC116807942|LOC116807942","grey"
"gene-LOC140682402|LOC140682402","darkred"
"gene-LOC115493851|LOC115493851","turquoise"
"gene-TGIF1|TGIF1","darkolivegreen"
"gene-MYOM1|MYOM1","grey60"
"gene-LOC100190123|LOC100190123","yellow"
"gene-LOC100218287|LOC100218287","blue"
"gene-EMILIN2|EMILIN2","blue"
"gene-LPIN2|LPIN2","green"
"gene-SMCHD1|SMCHD1","turquoise"
"gene-METTL4|METTL4","lightcyan"
"gene-NDC80|NDC80","blue"
"gene-TYMS|TYMS","blue"
"gene-YES1|YES1","green"
"gene-COLEC12|COLEC12","purple"
"gene-THOC1|THOC1","turquoise"
"gene-USP14|USP14","yellow"
"gene-ROCK1|ROCK1","black"
"gene-GREB1L|GREB1L","orangered4"
"gene-ESCO1|ESCO1","black"
"gene-ABHD3|ABHD3","grey"
"gene-MIB1|MIB1","turquoise"
"gene-LOC115493857|LOC115493857","grey"
"gene-LOC140682406|LOC140682406","midnightblue"
"gene-RBBP8|RBBP8","blue"
"gene-GATA6|GATA6","magenta"
"gene-TMEM241|TMEM241","turquoise"
"gene-CABLES1|CABLES1","greenyellow"
"gene-RIOK3|RIOK3","purple"
"gene-ANKRD29|ANKRD29","turquoise"
"gene-RMC1|RMC1","grey"
"gene-NPC1|NPC1","purple"
"gene-LAMA3|LAMA3","sienna3"
"gene-TTC39C|TTC39C","white"
"gene-LOC100223101|LOC100223101","grey"
"gene-OSBPL1A|OSBPL1A","green"
"gene-IMPACT|IMPACT","grey"
"gene-ZNF521|ZNF521","blue"
"gene-LOC115493860|LOC115493860","turquoise"
"gene-TAF4B|TAF4B","blue"
"gene-SS18|SS18","grey"
"gene-KCTD1|KCTD1","grey"
"gene-AQP4|AQP4","grey"
"gene-CHST9|CHST9","grey"
"gene-CDH2|CDH2","blue"
"gene-DSG4|DSG4","blue"
"gene-DSC1|DSC1","tan"
"gene-DSG2|DSG2","red"
"gene-TRAPPC8|TRAPPC8","black"
"gene-LOC115493869|LOC115493869","grey"
"gene-RNF138|RNF138","green"
"gene-MEP1B|MEP1B","green"
"gene-KLHL14|KLHL14","palevioletred3"
"gene-GAREM1|GAREM1","brown"
"gene-LOC101234096|LOC101234096","black"
"gene-ASXL3|ASXL3","red"
"gene-TTR|TTR","cyan"
"gene-LOC100226992|LOC100226992","magenta"
"gene-B4GALT6|B4GALT6","pink"
"gene-DTNA|DTNA","red"
"gene-MAPRE2|MAPRE2","brown"
"gene-LOC115493875|LOC115493875","tan"
"gene-SPIDR|SPIDR","red"
"gene-MCM4|MCM4","blue"
"gene-CEBPD|CEBPD","turquoise"
"gene-PRKDC|PRKDC","turquoise"
"gene-LOC115493878|LOC115493878","black"
"gene-UBE2V2|UBE2V2","black"
"gene-SNAI2|SNAI2","salmon"
"gene-LOC140682416|LOC140682416","grey"
"gene-LOC140682536|LOC140682536","yellow"
"gene-LOC121469219|LOC121469219","darkred"
"gene-SNTG1|SNTG1","cyan"
"gene-LOC115493881|LOC115493881","cyan"
"gene-PPDPFL|PPDPFL","red"
"gene-LOC115493884|LOC115493884","black"
"gene-PCMTD1|PCMTD1","red"
"gene-RB1CC1|RB1CC1","black"
"gene-RGS20|RGS20","grey"
"gene-ATP6V1H|ATP6V1H","brown"
"gene-TCEA1|TCEA1","blue"
"gene-LYPLA1|LYPLA1","green"
"gene-MRPL15|MRPL15","steelblue"
"gene-LOC115493889|LOC115493889","grey"
"gene-LOC100230766|LOC100230766","steelblue"
"gene-LOC100221139|LOC100221139","green"
"gene-TGS1|TGS1","turquoise"
"gene-LOC100218250|LOC100218250","blue"
"gene-LYN|LYN","blue"
"gene-RPS20|RPS20","pink"
"gene-PLAG1|PLAG1","turquoise"
"gene-CHCHD7|CHCHD7","green"
"gene-LOC140682419|LOC140682419","turquoise"
"gene-SDR16C5|SDR16C5","yellow"
"gene-BPNT2|BPNT2","green"
"gene-LOC121469267|LOC121469267","grey"
"gene-FAM110B|FAM110B","blue"
"gene-UBXN2B|UBXN2B","black"
"gene-CYP7A1|CYP7A1","green"
"gene-SDCBP|SDCBP","blue"
"gene-NSMAF|NSMAF","green"
"gene-TOX|TOX","blue"
"gene-CA8|CA8","green"
"gene-LOC140682424|LOC140682424","skyblue3"
"gene-LOC116807874|LOC116807874","magenta"
"gene-RAB2A|RAB2A","green"
"gene-CHD7|CHD7","turquoise"
"gene-ASPH|ASPH","salmon"
"gene-GGH|GGH","turquoise"
"gene-TTPA|TTPA","brown"
"gene-YTHDF3|YTHDF3","brown"
"gene-LOC140682430|LOC140682430","yellow"
"gene-CYP7B1|CYP7B1","purple"
"gene-LOC140682429|LOC140682429","darkgrey"
"gene-LOC115493909|LOC115493909","grey"
"gene-PDE7A|PDE7A","grey"
"gene-ARMC1|ARMC1","royalblue"
"gene-MTFR1|MTFR1","green"
"gene-MYBL1|MYBL1","blue"
"gene-ADHFE1|ADHFE1","magenta"
"gene-RRS1|RRS1","pink"
"gene-VXN|VXN","turquoise"
"gene-VCPIP1|VCPIP1","brown"
"gene-LOC140682432|LOC140682432","red"
"gene-SGK3|SGK3","blue"
"gene-LOC121469231|LOC121469231","turquoise"
"gene-PPP1R42|PPP1R42","grey"
"gene-LOC115493912|LOC115493912","blue"
"gene-MCMDC2|MCMDC2","midnightblue"
"gene-LOC140682431|LOC140682431","turquoise"
"gene-COPS5|COPS5","green"
"gene-CSPP1|CSPP1","turquoise"
"gene-ARFGEF1|ARFGEF1","turquoise"
"gene-PREX2|PREX2","brown"
"gene-SLCO5A1|SLCO5A1","white"
"gene-SULF1|SULF1","blue"
"gene-NCOA2|NCOA2","darkorange"
"gene-TRAM1|TRAM1","royalblue"
"gene-LACTB2|LACTB2","yellow"
"gene-XKR9|XKR9","grey"
"gene-LOC121470748|LOC121470748","darkturquoise"
"gene-MSC|MSC","blue"
"gene-EYA1|EYA1","grey"
"gene-TERF1|TERF1","blue"
"gene-KCNB2|KCNB2","cyan"
"gene-RPL7|RPL7","pink"
"gene-RDH10|RDH10","purple"
"gene-LOC115493916|LOC115493916","grey"
"gene-STAU2|STAU2","green"
"gene-LOC121469233|LOC121469233","turquoise"
"gene-UBE2W|UBE2W","black"
"gene-ELOC|ELOC","magenta"
"gene-TMEM70|TMEM70","saddlebrown"
"gene-LY96|LY96","blue"
"gene-GDAP1|GDAP1","tan"
"gene-PI15|PI15","tan"
"gene-JPH1|JPH1","midnightblue"
"gene-CRISPLD1|CRISPLD1","grey"
"gene-HNF4G|HNF4G","purple"
"gene-LOC140682434|LOC140682434","midnightblue"
"gene-ZFHX4|ZFHX4","red"
"gene-PEX2|PEX2","green"
"gene-PKIA|PKIA","brown"
"gene-ZC2HC1A|ZC2HC1A","thistle1"
"gene-IL7|IL7","red"
"gene-LOC115493928|LOC115493928","blue"
"gene-LOC140682439|LOC140682439","black"
"gene-HEY1|HEY1","darkgreen"
"gene-TPD52|TPD52","pink"
"gene-LOC115493932|LOC115493932","black"
"gene-ZBTB10|ZBTB10","lightcyan"
"gene-ZNF704|ZNF704","green"
"gene-PAG1|PAG1","blue"
"gene-LOC140682441|LOC140682441","green"
"gene-FABP5|FABP5","blue"
"gene-MRPL53|MRPL53","salmon"
"gene-LOC100223994|LOC100223994","red"
"gene-IMPA1|IMPA1","brown"
"gene-ZFAND1|ZFAND1","thistle2"
"gene-CHMP4C|CHMP4C","darkred"
"gene-SNX16|SNX16","skyblue"
"gene-LOC140682361|LOC140682361","black"
"gene-SLC7A13|SLC7A13","turquoise"
"gene-RALYL|RALYL","lavenderblush3"
"gene-LRRCC1|LRRCC1","grey"
"gene-E2F5|E2F5","lightcyan"
"gene-RBIS|RBIS","yellow"
"gene-LOC100219287|LOC100219287","blue"
"gene-LOC100228865|LOC100228865","greenyellow"
"gene-LOC140682447|LOC140682447","turquoise"
"gene-ATP6V0D2|ATP6V0D2","brown"
"gene-LOC100224950|LOC100224950","bisque4"
"gene-LOC140682444|LOC140682444","green"
"gene-MMP16|MMP16","blue"
"gene-LOC100220197|LOC100220197","tan"
"gene-RIPK2|RIPK2","blue"
"gene-LOC140682452|LOC140682452","blue"
"gene-OSGIN2|OSGIN2","blue"
"gene-WWP1|WWP1","green"
"gene-RMDN1|RMDN1","green"
"gene-CPNE3|CPNE3","brown"
"gene-NBN|NBN","blue"
"gene-CALB1|CALB1","plum1"
"gene-DECR1|DECR1","yellow"
"gene-TMEM64|TMEM64","lightcyan"
"gene-PIP4P2|PIP4P2","greenyellow"
"gene-SLC26A7|SLC26A7","turquoise"
"gene-LOC140682454|LOC140682454","blue"
"gene-OTUD6B|OTUD6B","brown"
"gene-RUNX1T1|RUNX1T1","brown"
"gene-LOC115493947|LOC115493947","turquoise"
"gene-TRIQK|TRIQK","darkorange"
"gene-CIBAR1|CIBAR1","midnightblue"
"gene-RBM12B|RBM12B","turquoise"
"gene-TMEM67|TMEM67","red"
"gene-PDP1|PDP1","purple"
"gene-GEM|GEM","tan"
"gene-CDH17|CDH17","pink"
"gene-RAD54B|RAD54B","blue"
"gene-FSBP|FSBP","blue"
"gene-LOC100224067|LOC100224067","black"
"gene-ESRP1|ESRP1","lightgreen"
"gene-LOC115493953|LOC115493953","lightcyan"
"gene-VIRMA|VIRMA","brown"
"gene-DPY19L4|DPY19L4","brown"
"gene-LOC100227924|LOC100227924","cyan"
"gene-CCNE2|CCNE2","turquoise"
"gene-INTS8|INTS8","black"
"gene-TP53INP1|TP53INP1","green"
"gene-NDUFAF6|NDUFAF6","red"
"gene-LOC116807770|LOC116807770","white"
"gene-PLEKHF2|PLEKHF2","blue"
"gene-CFAP418|CFAP418","red"
"gene-UQCRB|UQCRB","yellow"
"gene-MTERF3|MTERF3","magenta"
"gene-PTDSS1|PTDSS1","green"
"gene-SDC2|SDC2","green"
"gene-LOC140682541|LOC140682541","turquoise"
"gene-CPQ|CPQ","grey"
"gene-MTDH|MTDH","brown"
"gene-LAPTM4B|LAPTM4B","yellow"
"gene-MATN2|MATN2","green"
"gene-RPL30|RPL30","pink"
"gene-LOC115494154|LOC115494154","turquoise"
"gene-NIPAL2|NIPAL2","pink"
"gene-RIDA|RIDA","green"
"gene-POP1|POP1","turquoise"
"gene-STK3|STK3","brown"
"gene-KCNS2|KCNS2","grey"
"gene-RGS22|RGS22","palevioletred3"
"gene-POLR2K|POLR2K","turquoise"
"gene-SPAG1|SPAG1","lightsteelblue1"
"gene-VPS13B|VPS13B","brown"
"gene-COX6C|COX6C","yellow"
"gene-RNF19A|RNF19A","lightcyan"
"gene-LOC116807893|LOC116807893","lightcyan"
"gene-ANKRD46|ANKRD46","brown"
"gene-PABPC1|PABPC1","darkgreen"
"gene-YWHAZ|YWHAZ","salmon"
"gene-ZNF706|ZNF706","green"
"gene-GRHL2|GRHL2","tan"
"gene-NCALD|NCALD","yellow"
"gene-RRM2B|RRM2B","red"
"gene-LOC140682458|LOC140682458","grey"
"gene-ODF1|ODF1","turquoise"
"gene-LOC140682459|LOC140682459","skyblue3"
"gene-KLF10|KLF10","steelblue"
"gene-UBR5|UBR5","darkslateblue"
"gene-AZIN1|AZIN1","brown"
"gene-ATP6V1C1|ATP6V1C1","blue"
"gene-FZD6|FZD6","blue"
"gene-CTHRC1|CTHRC1","turquoise"
"gene-SLC25A32|SLC25A32","darkmagenta"
"gene-DCAF13|DCAF13","brown"
"gene-DCSTAMP|DCSTAMP","blue"
"gene-RIMS2|RIMS2","lavenderblush3"
"gene-DPYS|DPYS","yellow"
"gene-LRP12|LRP12","black"
"gene-LOC140682463|LOC140682463","darkorange"
"gene-ZFPM2|ZFPM2","violet"
"gene-RSPO2|RSPO2","grey"
"gene-ANGPT1|ANGPT1","blue"
"gene-OXR1|OXR1","royalblue"
"gene-LOC140682465|LOC140682465","lightyellow"
"gene-ABRA|ABRA","mediumpurple3"
"gene-EIF3E|EIF3E","red"
"gene-TMEM74|TMEM74","grey"
"gene-EMC2|EMC2","salmon"
"gene-NUDCD1|NUDCD1","brown"
"gene-ENY2|ENY2","yellow"
"gene-SYBU|SYBU","magenta"
"gene-KCNV1|KCNV1","yellowgreen"
"gene-EBAG9|EBAG9","turquoise"
"gene-LOC140682471|LOC140682471","turquoise"
"gene-LOC140682470|LOC140682470","darkmagenta"
"gene-TRPS1|TRPS1","blue"
"gene-EIF3H|EIF3H","pink"
"gene-UTP23|UTP23","ivory"
"gene-RAD21|RAD21","black"
"gene-LOC115493984|LOC115493984","grey"
"gene-MED30|MED30","black"
"gene-LOC115493985|LOC115493985","turquoise"
"gene-EXT1|EXT1","grey"
"gene-TNFRSF11B|TNFRSF11B","darkgreen"
"gene-SAMD12|SAMD12","purple"
"gene-COLEC10|COLEC10","greenyellow"
"gene-LOC140682473|LOC140682473","mediumpurple3"
"gene-LOC140682475|LOC140682475","black"
"gene-CCN3|CCN3","grey"
"gene-LOC140682474|LOC140682474","darkorange"
"gene-MAL2|MAL2","purple"
"gene-ENPP2|ENPP2","greenyellow"
"gene-TAF2|TAF2","salmon"
"gene-DSCC1|DSCC1","darkorange"
"gene-DEPTOR|DEPTOR","magenta"
"gene-COL14A1|COL14A1","skyblue"
"gene-MTBP|MTBP","black"
"gene-MRPL13|MRPL13","green"
"gene-HAS2|HAS2","blue"
"gene-SNTB1|SNTB1","brown"
"gene-ZHX2|ZHX2","black"
"gene-FAM83A|FAM83A","black"
"gene-TBC1D31|TBC1D31","turquoise"
"gene-DERL1|DERL1","brown"
"gene-C2H8orf76|C2H8orf76","turquoise"
"gene-ZHX1|ZHX1","orangered4"
"gene-ATAD2|ATAD2","black"
"gene-NTAQ1|NTAQ1","thistle2"
"gene-FBXO32|FBXO32","black"
"gene-KLHL38|KLHL38","red"
"gene-ANXA13|ANXA13","pink"
"gene-FER1L6|FER1L6","grey"
"gene-FAM91A1|FAM91A1","brown"
"gene-TMEM65|TMEM65","blue"
"gene-RNF139|RNF139","brown"
"gene-TATDN1|TATDN1","pink"
"gene-NDUFB9|NDUFB9","yellow"
"gene-MTSS1|MTSS1","grey"
"gene-SQLE|SQLE","brown"
"gene-TRIB1|TRIB1","black"
"gene-WASHC5|WASHC5","brown"
"gene-NSMCE2|NSMCE2","blue"
"gene-LRATD2|LRATD2","red"
"gene-MYC|MYC","turquoise"
"gene-LOC115493999|LOC115493999","darkturquoise"
"gene-CYRIB|CYRIB","blue"
"gene-ASAP1|ASAP1","blue"
"gene-DNAAF11|DNAAF11","darkolivegreen"
"gene-TMEM71|TMEM71","salmon"
"gene-EFR3A|EFR3A","brown"
"gene-KCNQ3|KCNQ3","royalblue"
"gene-PHF20L1|PHF20L1","grey"
"gene-LOC121469275|LOC121469275","red"
"gene-CCN4|CCN4","darkgreen"
"gene-TG|TG","grey"
"gene-SLA|SLA","blue"
"gene-ST3GAL1|ST3GAL1","skyblue3"
"gene-LOC115494009|LOC115494009","grey"
"gene-NDRG1|NDRG1","darkolivegreen"
"gene-ZFAT|ZFAT","black"
"gene-LOC115494015|LOC115494015","yellowgreen"
"gene-KHDRBS3|KHDRBS3","darkturquoise"
"gene-KCNK9|KCNK9","grey"
"gene-TRAPPC9|TRAPPC9","brown"
"gene-CHRAC1|CHRAC1","blue"
"gene-AGO2|AGO2","lightcyan"
"gene-RPLP1|RPLP1","pink"
"gene-DENND3|DENND3","blue"
"gene-PTK2|PTK2","blue"
"gene-GPR20|GPR20","brown"
"gene-SLC45A4|SLC45A4","black"
"gene-PTP4A3|PTP4A3","greenyellow"
"gene-TSNARE1|TSNARE1","purple"
"gene-ADGRB1|ADGRB1","magenta"
"gene-LOC140682489|LOC140682489","black"
"gene-LOC121469303|LOC121469303","brown"
"gene-LOC100190135|LOC100190135","blue"
"gene-MAFA|MAFA","cyan"
"gene-RHPN1|RHPN1","tan"
"gene-ZC3H3|ZC3H3","grey"
"gene-LOC115494036|LOC115494036","skyblue3"
"gene-LOC101232977|LOC101232977","cyan"
"gene-TIGD5|TIGD5","salmon"
"gene-NAPRT|NAPRT","green"
"gene-LOC115494034|LOC115494034","turquoise"
"gene-EEF1D|EEF1D","pink"
"gene-LOC115493583|LOC115493583","grey60"
"gene-PYCR3|PYCR3","yellow"
"gene-GFUS|GFUS","magenta"
"gene-ARHGAP39|ARHGAP39","black"
"gene-LOC115494059|LOC115494059","grey"
"gene-C2H8orf82|C2H8orf82","greenyellow"
"gene-LRRC14|LRRC14","floralwhite"
"gene-RECQL4|RECQL4","blue"
"gene-FOXH1|FOXH1","floralwhite"
"gene-TMEM276|TMEM276","red"
"gene-GPT|GPT","yellow"
"gene-ZFTRAF1|ZFTRAF1","brown"
"gene-TONSL|TONSL","midnightblue"
"gene-LOC140682366|LOC140682366","turquoise"
"gene-VPS28|VPS28","yellow"
"gene-CPSF1|CPSF1","grey"
"gene-ADCK5|ADCK5","green"
"gene-FBXL6|FBXL6","grey"
"gene-DGAT1|DGAT1","grey60"
"gene-EXOSC4|EXOSC4","grey"
"gene-OPLAH|OPLAH","magenta"
"gene-LOC115492365|LOC115492365","blue"
"gene-MROH1|MROH1","turquoise"
"gene-HGH1|HGH1","grey"
"gene-GPAA1|GPAA1","skyblue"
"gene-HSF1|HSF1","grey"
"gene-BOP1|BOP1","brown"
"gene-MAF1|MAF1","brown4"
"gene-SHARPIN|SHARPIN","yellow"
"gene-CYC1|CYC1","yellow"
"gene-LOC100229852|LOC100229852","grey"
"gene-LOC115492408|LOC115492408","grey"
"gene-LOC100223160|LOC100223160","darkturquoise"
"gene-GRINA|GRINA","saddlebrown"
"gene-PARP10|PARP10","blue"
"gene-EPPK1|EPPK1","tan"
"gene-LOC115492384|LOC115492384","turquoise"
"gene-LOC140682498|LOC140682498","red"
"gene-PLEC|PLEC","skyblue"
"gene-NRBP2|NRBP2","red"
"gene-PUF60|PUF60","brown"
"gene-SCRIB|SCRIB","brown"
"gene-FAM83H|FAM83H","red"
"gene-MAPK15|MAPK15","plum2"
"gene-THUMPD2|THUMPD2","turquoise"
"gene-LOC115492366|LOC115492366","turquoise"
"gene-LOC140683789|LOC140683789","grey"
"gene-GPN1|GPN1","black"
"gene-ZNF512|ZNF512","green"
"gene-GTF3C2|GTF3C2","turquoise"
"gene-LOC100218564|LOC100218564","turquoise"
"gene-NRBP1|NRBP1","black"
"gene-FNDC4|FNDC4","yellow"
"gene-LOC100231911|LOC100231911","midnightblue"
"gene-IFT172|IFT172","grey"
"gene-KRTCAP3|KRTCAP3","grey"
"gene-PPM1G|PPM1G","brown"
"gene-LOC115494680|LOC115494680","pink"
"gene-LOC100222286|LOC100222286","pink"
"gene-ZNF513|ZNF513","yellow"
"gene-SNX17|SNX17","brown"
"gene-LOC140683593|LOC140683593","turquoise"
"gene-EIF2B4|EIF2B4","pink"
"gene-DNAJC5G|DNAJC5G","yellow"
"gene-TRIM54|TRIM54","turquoise"
"gene-MPV17|MPV17","brown4"
"gene-CAD|CAD","brown"
"gene-ATRAID|ATRAID","yellow"
"gene-SLC5A6|SLC5A6","yellow"
"gene-PREB|PREB","yellow"
"gene-CGREF1|CGREF1","turquoise"
"gene-KHK|KHK","yellow"
"gene-EMILIN1|EMILIN1","turquoise"
"gene-OST4|OST4","turquoise"
"gene-AGBL5|AGBL5","grey"
"gene-TMEM214|TMEM214","red"
"gene-MAPRE3|MAPRE3","turquoise"
"gene-LOC140683597|LOC140683597","blue"
"gene-DNMT3A|DNMT3A","blue"
"gene-DTNB|DTNB","turquoise"
"gene-LOC140683599|LOC140683599","grey"
"gene-PBK|PBK","black"
"gene-ASXL2|ASXL2","cyan"
"gene-KIF3C|KIF3C","blue"
"gene-RAB10|RAB10","brown"
"gene-LOC140683598|LOC140683598","yellow"
"gene-HADHA|HADHA","green"
"gene-HADHB|HADHB","green"
"gene-LOC105760019|LOC105760019","grey"
"gene-SELENOI|SELENOI","green"
"gene-LOC121469818|LOC121469818","grey"
"gene-ESCO2|ESCO2","blue"
"gene-STMN4|STMN4","blue"
"gene-CLU|CLU","blue"
"gene-CHRNA2|CHRNA2","blue"
"gene-PTK2B|PTK2B","turquoise"
"gene-LOC140683600|LOC140683600","blue"
"gene-LOC140683849|LOC140683849","grey"
"gene-LOC105760434|LOC105760434","blue"
"gene-EPHX2|EPHX2","white"
"gene-POMC|POMC","red"
"gene-ADCY3|ADCY3","turquoise"
"gene-LOC115494645|LOC115494645","steelblue"
"gene-DNAJC27|DNAJC27","white"
"gene-CENPO|CENPO","blue"
"gene-PTRHD1|PTRHD1","pink"
"gene-NCOA1|NCOA1","white"
"gene-FZD3|FZD3","grey"
"gene-ELP3|ELP3","yellow"
"gene-EXTL3|EXTL3","brown"
"gene-INTS9|INTS9","blue"
"gene-HMBOX1|HMBOX1","turquoise"
"gene-KIF13B|KIF13B","purple"
"gene-SOX7|SOX7","greenyellow"
"gene-MSRA|MSRA","yellow"
"gene-PINX1|PINX1","black"
"gene-XKR6|XKR6","grey"
"gene-FAM167A|FAM167A","thistle1"
"gene-BLK|BLK","darkturquoise"
"gene-MTMR9|MTMR9","yellow"
"gene-LOC101234062|LOC101234062","salmon"
"gene-LOC140683607|LOC140683607","turquoise"
"gene-GATA4|GATA4","greenyellow"
"gene-NEIL2|NEIL2","turquoise"
"gene-FDFT1|FDFT1","green"
"gene-LOC140683602|LOC140683602","grey"
"gene-LOC140683603|LOC140683603","grey"
"gene-CTSB|CTSB","blue"
"gene-LOC101233915|LOC101233915","black"
"gene-XKR5|XKR5","turquoise"
"gene-EFHC1|EFHC1","red"
"gene-TRAM2|TRAM2","salmon"
"gene-PAQR8|PAQR8","steelblue"
"gene-LOC115494630|LOC115494630","lightsteelblue1"
"gene-MCM3|MCM3","blue"
"gene-PKHD1|PKHD1","purple"
"gene-LOC140683613|LOC140683613","purple"
"gene-RHAG|RHAG","darkturquoise"
"gene-LOC115494687|LOC115494687","green"
"gene-LOC115494689|LOC115494689","yellow"
"gene-LOC100224630|LOC100224630","black"
"gene-CENPQ|CENPQ","black"
"gene-MMUT|MMUT","green"
"gene-LOC100217864|LOC100217864","magenta"
"gene-LOC105759121|LOC105759121","salmon"
"gene-CDC5L|CDC5L","black"
"gene-LOC140683615|LOC140683615","turquoise"
"gene-LOC140683616|LOC140683616","red"
"gene-SUPT3H|SUPT3H","black"
"gene-LOC140683617|LOC140683617","grey"
"gene-RUNX2|RUNX2","blue"
"gene-CLIC5|CLIC5","greenyellow"
"gene-ENPP5|ENPP5","brown"
"gene-ENPP4|ENPP4","green"
"gene-RCAN2|RCAN2","green"
"gene-LOC115494704|LOC115494704","skyblue3"
"gene-CYP39A1|CYP39A1","magenta"
"gene-SLC25A27|SLC25A27","pink"
"gene-ANKRD66|ANKRD66","black"
"gene-TDRD6|TDRD6","yellow"
"gene-PLA2G7|PLA2G7","saddlebrown"
"gene-ADGRF5|ADGRF5","darkolivegreen"
"gene-MEP1A|MEP1A","grey"
"gene-ADGRF4|ADGRF4","turquoise"
"gene-TNFRSF21|TNFRSF21","blue"
"gene-CD2AP|CD2AP","brown"
"gene-EVA1A|EVA1A","darkturquoise"
"gene-MRPL19|MRPL19","turquoise"
"gene-GCFC2|GCFC2","turquoise"
"gene-ITSN2|ITSN2","black"
"gene-LOC140683620|LOC140683620","grey"
"gene-FAM228B|FAM228B","tan"
"gene-LOC140683619|LOC140683619","grey"
"gene-FKBP1B|FKBP1B","turquoise"
"gene-TP53I3|TP53I3","yellow"
"gene-SF3B6|SF3B6","pink"
"gene-LOC100223718|LOC100223718","tan"
"gene-ATAD2B|ATAD2B","darkmagenta"
"gene-MFSD2B|MFSD2B","darkred"
"gene-UBXN2A|UBXN2A","green"
"gene-KLHL29|KLHL29","brown"
"gene-LOC140683621|LOC140683621","purple"
"gene-LOC115494710|LOC115494710","darkgrey"
"gene-TDRD15|TDRD15","lightsteelblue1"
"gene-GDF7|GDF7","black"
"gene-LDAH|LDAH","green"
"gene-HS1BP3|HS1BP3","brown"
"gene-RHOB|RHOB","blue"
"gene-LOC105759122|LOC105759122","tan"
"gene-PUM2|PUM2","blue"
"gene-SDC1|SDC1","grey"
"gene-LOC105759117|LOC105759117","grey"
"gene-APOB|APOB","purple"
"gene-MATN3|MATN3","grey"
"gene-LAPTM4A|LAPTM4A","blue"
"gene-WDR35|WDR35","green"
"gene-TTC32|TTC32","turquoise"
"gene-LOC115494714|LOC115494714","lightcyan"
"gene-OSR1|OSR1","magenta"
"gene-LOC121469659|LOC121469659","orangered4"
"gene-NT5C1B|NT5C1B","blue"
"gene-RDH14|RDH14","green"
"gene-LOC140683624|LOC140683624","grey"
"gene-LOC140683540|LOC140683540","yellow"
"gene-LOC140683541|LOC140683541","yellowgreen"
"gene-LOC140683504|LOC140683504","lightyellow"
"gene-LOC140683543|LOC140683543","yellowgreen"
"gene-LOC140683626|LOC140683626","lightyellow"
"gene-LOC140683545|LOC140683545","yellow"
"gene-LOC140683629|LOC140683629","yellowgreen"
"gene-LOC140683631|LOC140683631","yellowgreen"
"gene-LOC140683633|LOC140683633","lightyellow"
"gene-LOC140683547|LOC140683547","yellow"
"gene-LOC140683549|LOC140683549","yellowgreen"
"gene-LOC140683635|LOC140683635","lightyellow"
"gene-LOC140683550|LOC140683550","yellowgreen"
"gene-LOC140683636|LOC140683636","lightyellow"
"gene-LOC140683553|LOC140683553","yellow"
"gene-LOC140683638|LOC140683638","lightyellow"
"gene-LOC140683556|LOC140683556","yellowgreen"
"gene-LOC140683639|LOC140683639","lightyellow"
"gene-LOC140683559|LOC140683559","yellow"
"gene-LOC140683506|LOC140683506","lightyellow"
"gene-LOC140683641|LOC140683641","lightyellow"
"gene-LOC116807261|LOC116807261","lightyellow"
"gene-LOC140683567|LOC140683567","yellowgreen"
"gene-KCNS3|KCNS3","grey"
"gene-GEN1|GEN1","violet"
"gene-SMC6|SMC6","darkgreen"
"gene-VSNL1|VSNL1","grey"
"gene-CYRIA|CYRIA","blue"
"gene-MYCN|MYCN","grey"
"gene-DDX1|DDX1","turquoise"
"gene-NBAS|NBAS","brown"
"gene-LRATD1|LRATD1","grey"
"gene-LOC140683645|LOC140683645","grey"
"gene-LOC115494729|LOC115494729","red"
"gene-TRIB2|TRIB2","darkslateblue"
"gene-LPIN1|LPIN1","green"
"gene-GREB1|GREB1","red"
"gene-KCNF1|KCNF1","black"
"gene-ROCK2|ROCK2","brown"
"gene-SLC66A3|SLC66A3","thistle1"
"gene-E2F6|E2F6","brown"
"gene-ODC1|ODC1","turquoise"
"gene-HPCAL1|HPCAL1","brown"
"gene-ATP6V1C2|ATP6V1C2","turquoise"
"gene-PDIA6|PDIA6","royalblue"
"gene-NOL10|NOL10","red"
"gene-RRM2|RRM2","blue"
"gene-CYS1|CYS1","skyblue3"
"gene-KLF11|KLF11","greenyellow"
"gene-GRHL1|GRHL1","lightcyan"
"gene-TAF1B|TAF1B","turquoise"
"gene-YWHAQ|YWHAQ","blue"
"gene-ADAM17|ADAM17","brown"
"gene-IAH1|IAH1","yellow"
"gene-ITGB1BP1|ITGB1BP1","turquoise"
"gene-ASAP2|ASAP2","blue"
"gene-CPSF3|CPSF3","brown"
"gene-MBOAT2|MBOAT2","skyblue3"
"gene-KIDINS220|KIDINS220","brown"
"gene-LOC115494734|LOC115494734","turquoise"
"gene-ID2|ID2","red"
"gene-RNF144A|RNF144A","brown"
"gene-RSAD2|RSAD2","darkorange"
"gene-CMPK2|CMPK2","darkorange"
"gene-SOX11|SOX11","grey"
"gene-COLEC11|COLEC11","grey"
"gene-RPS7|RPS7","pink"
"gene-RNASEH1|RNASEH1","turquoise"
"gene-ADI1|ADI1","grey"
"gene-EIPR1|EIPR1","brown"
"gene-TRAPPC12|TRAPPC12","brown"
"gene-PXDN|PXDN","blue"
"gene-SNTG2|SNTG2","darkturquoise"
"gene-TMEM18|TMEM18","salmon4"
"gene-ERICH1|ERICH1","lightcyan"
"gene-ALKAL2|ALKAL2","cyan"
"gene-SH3YL1|SH3YL1","maroon"
"gene-ACP1|ACP1","brown"
"gene-FAM110C|FAM110C","purple"
"gene-FBXO25|FBXO25","brown"
"gene-TDRP|TDRP","green"
"gene-LOC115494247|LOC115494247","saddlebrown"
"gene-CLN8|CLN8","black"
"gene-ARHGEF10|ARHGEF10","midnightblue"
"gene-KBTBD11|KBTBD11","grey"
"gene-MYOM2|MYOM2","tan"
"gene-LOC140683509|LOC140683509","midnightblue"
"gene-MCPH1|MCPH1","midnightblue"
"gene-ANGPT2|ANGPT2","blue"
"gene-AGPAT5|AGPAT5","brown"
"gene-LOC116808167|LOC116808167","pink"
"gene-TMEM14A|TMEM14A","grey"
"gene-LOC100190204|LOC100190204","greenyellow"
"gene-LOC100219265|LOC100219265","green"
"gene-LOC100218258|LOC100218258","magenta"
"gene-CILK1|CILK1","grey"
"gene-LOC100190440|LOC100190440","black"
"gene-FBXO9|FBXO9","purple"
"gene-ELOVL5|ELOVL5","green"
"gene-KLHL31|KLHL31","brown"
"gene-GCLC|GCLC","brown"
"gene-LOC140683658|LOC140683658","black"
"gene-LOC100224932|LOC100224932","darkgrey"
"gene-LRRC1|LRRC1","lightcyan"
"gene-MLIP|MLIP","yellowgreen"
"gene-TINAG|TINAG","magenta"
"gene-FAM83B|FAM83B","darkturquoise"
"gene-HMGCLL1|HMGCLL1","grey"
"gene-BMP5|BMP5","black"
"gene-COL21A1|COL21A1","salmon4"
"gene-BEND6|BEND6","blue"
"gene-DST|DST","turquoise"
"gene-LOC140683660|LOC140683660","grey"
"gene-ZNF451|ZNF451","brown"
"gene-BAG2|BAG2","grey"
"gene-RAB23|RAB23","black"
"gene-LOC140683661|LOC140683661","lightgreen"
"gene-PRIM2|PRIM2","blue"
"gene-KHDRBS2|KHDRBS2","pink"
"gene-LOC140683663|LOC140683663","pink"
"gene-LOC140683662|LOC140683662","grey"
"gene-LOC140683664|LOC140683664","brown"
"gene-PTP4A1|PTP4A1","purple"
"gene-PHF3|PHF3","brown"
"gene-EYS|EYS","yellow"
"gene-ADGRB3|ADGRB3","grey"
"gene-LMBRD1|LMBRD1","black"
"gene-COL9A1|COL9A1","salmon4"
"gene-COL19A1|COL19A1","green"
"gene-FAM135A|FAM135A","black"
"gene-LOC140683520|LOC140683520","lightcyan"
"gene-SDHAF4|SDHAF4","lightyellow"
"gene-LOC121469679|LOC121469679","lightyellow"
"gene-SMAP1|SMAP1","brown"
"gene-B3GAT2|B3GAT2","turquoise"
"gene-OGFRL1|OGFRL1","black"
"gene-ASRGL1|ASRGL1","grey"
"gene-RIMS1|RIMS1","salmon"
"gene-KCNQ5|KCNQ5","blue"
"gene-LOC115494264|LOC115494264","blue"
"gene-DDX43|DDX43","darkturquoise"
"gene-CGAS|CGAS","blue"
"gene-MTO1|MTO1","green"
"gene-SLC17A5|SLC17A5","green"
"gene-CD109|CD109","skyblue"
"gene-COL12A1|COL12A1","violet"
"gene-EEF1A1|EEF1A1","purple"
"gene-COX7A2|COX7A2","yellow"
"gene-FILIP1|FILIP1","grey"
"gene-TMEM30A|TMEM30A","brown"
"gene-SENP6|SENP6","lightgreen"
"gene-IMPG1|IMPG1","white"
"gene-MYO6|MYO6","grey"
"gene-HTR1B|HTR1B","bisque4"
"gene-MEI4|MEI4","grey"
"gene-IRAK1BP1|IRAK1BP1","tan"
"gene-PHIP|PHIP","turquoise"
"gene-LOC121469596|LOC121469596","turquoise"
"gene-HMGN3|HMGN3","blue"
"gene-LCA5|LCA5","turquoise"
"gene-LOC140683521|LOC140683521","grey"
"gene-SH3BGRL2|SH3BGRL2","green"
"gene-TTK|TTK","blue"
"gene-BCKDHB|BCKDHB","magenta"
"gene-LOC140683674|LOC140683674","green"
"gene-LOC140683675|LOC140683675","yellow"
"gene-TENT5A|TENT5A","red"
"gene-LOC140683677|LOC140683677","turquoise"
"gene-IBTK|IBTK","royalblue"
"gene-TPBG|TPBG","midnightblue"
"gene-UBE3D|UBE3D","red"
"gene-PRSS35|PRSS35","greenyellow"
"gene-SNAP91|SNAP91","blue"
"gene-DOP1A|DOP1A","turquoise"
"gene-RWDD2A|RWDD2A","yellow"
"gene-PGM3|PGM3","blue"
"gene-ME1|ME1","green"
"gene-LOC121469685|LOC121469685","grey"
"gene-RIPPLY2|RIPPLY2","grey"
"gene-CYB5R4|CYB5R4","floralwhite"
"gene-MRAP2|MRAP2","grey"
"gene-CEP162|CEP162","turquoise"
"gene-SNX14|SNX14","black"
"gene-NT5E|NT5E","yellow"
"gene-SYNCRIP|SYNCRIP","brown"
"gene-LOC140683680|LOC140683680","turquoise"
"gene-GJB7|GJB7","yellow"
"gene-ZNF292|ZNF292","brown"
"gene-SMIM8|SMIM8","turquoise"
"gene-CFAP206|CFAP206","white"
"gene-RARS2|RARS2","turquoise"
"gene-ORC3|ORC3","black"
"gene-SLC35A1|SLC35A1","magenta"
"gene-AKIRIN2|AKIRIN2","grey"
"gene-RNGTT|RNGTT","brown"
"gene-BORCS6|BORCS6","red"
"gene-PNRC1|PNRC1","darkgreen"
"gene-PM20D2|PM20D2","yellow"
"gene-UBE2J1|UBE2J1","purple"
"gene-RRAGD|RRAGD","blue"
"gene-ANKRD6|ANKRD6","lightcyan"
"gene-CASP8AP2|CASP8AP2","black"
"gene-LYRM2|LYRM2","grey60"
"gene-MDN1|MDN1","sienna3"
"gene-BACH2|BACH2","black"
"gene-GJA10|GJA10","red"
"gene-MAP3K7|MAP3K7","brown"
"gene-EPHA7|EPHA7","violet"
"gene-MANEA|MANEA","skyblue"
"gene-LOC121469689|LOC121469689","grey"
"gene-MMS22L|MMS22L","blue"
"gene-POU3F2|POU3F2","red"
"gene-LOC116808022|LOC116808022","darkgreen"
"gene-FHL5|FHL5","blue"
"gene-GPR63|GPR63","grey"
"gene-KLHL32|KLHL32","yellow"
"gene-UFL1|UFL1","royalblue"
"gene-NDUFAF4|NDUFAF4","green"
"gene-LOC140683683|LOC140683683","grey"
"gene-LOC140683684|LOC140683684","turquoise"
"gene-FBXL4|FBXL4","grey"
"gene-FAXC|FAXC","brown"
"gene-COQ3|COQ3","magenta"
"gene-PNISR|PNISR","turquoise"
"gene-USP45|USP45","turquoise"
"gene-LOC116808102|LOC116808102","turquoise"
"gene-TSTD1|TSTD1","blue"
"gene-CCNC|CCNC","brown"
"gene-ASCC3|ASCC3","brown"
"gene-HACE1|HACE1","brown"
"gene-POPDC3|POPDC3","lightgreen"
"gene-PREP|PREP","brown"
"gene-PRDM1|PRDM1","blue"
"gene-ATG5|ATG5","greenyellow"
"gene-CRYBG1|CRYBG1","salmon"
"gene-LOC121469694|LOC121469694","turquoise"
"gene-RTN4IP1|RTN4IP1","yellow"
"gene-QRSL1|QRSL1","greenyellow"
"gene-CD24|CD24","tan"
"gene-LOC140683687|LOC140683687","lightcyan"
"gene-MTRES1|MTRES1","turquoise"
"gene-BEND3|BEND3","magenta"
"gene-LOC140683523|LOC140683523","darkred"
"gene-PDSS2|PDSS2","green"
"gene-SOBP|SOBP","blue"
"gene-SEC63|SEC63","brown"
"gene-OSTM1|OSTM1","brown"
"gene-NR2E1|NR2E1","grey"
"gene-LOC116808126|LOC116808126","pink"
"gene-SNX3|SNX3","grey"
"gene-AFG1L|AFG1L","brown"
"gene-LOC115494306|LOC115494306","turquoise"
"gene-FOXO3|FOXO3","lightyellow"
"gene-LOC140683688|LOC140683688","lightyellow"
"gene-LOC115494307|LOC115494307","lightyellow"
"gene-LOC140683689|LOC140683689","greenyellow"
"gene-ARMC2|ARMC2","grey"
"gene-SESN1|SESN1","grey"
"gene-CEP57L1|CEP57L1","turquoise"
"gene-LOC140683690|LOC140683690","lightgreen"
"gene-ZBTB24|ZBTB24","turquoise"
"gene-CD164|CD164","brown"
"gene-AK9|AK9","sienna3"
"gene-FIG4|FIG4","orangered4"
"gene-WASF1|WASF1","midnightblue"
"gene-CDC40|CDC40","black"
"gene-METTL24|METTL24","grey"
"gene-SLC22A16|SLC22A16","purple"
"gene-DDO|DDO","red"
"gene-LOC115494311|LOC115494311","darkorange"
"gene-CDK19|CDK19","purple"
"gene-AMD1|AMD1","greenyellow"
"gene-GTF3C6|GTF3C6","lightcyan"
"gene-RPF2|RPF2","grey"
"gene-SLC16A10|SLC16A10","purple"
"gene-MFSD4B|MFSD4B","turquoise"
"gene-REV3L|REV3L","turquoise"
"gene-TRAF3IP2|TRAF3IP2","blue"
"gene-TUBE1|TUBE1","grey"
"gene-FYN|FYN","blue"
"gene-LOC140683524|LOC140683524","blue"
"gene-LAMA4|LAMA4","grey"
"gene-MARCKS|MARCKS","blue"
"gene-HDAC2|HDAC2","blue"
"gene-FRK|FRK","skyblue"
"gene-LOC115494316|LOC115494316","turquoise"
"gene-NT5DC1|NT5DC1","blue"
"gene-DSE|DSE","blue"
"gene-CALHM6|CALHM6","blue"
"gene-CALHM5|CALHM5","lightcyan"
"gene-CALHM4|CALHM4","turquoise"
"gene-RFX6|RFX6","paleturquoise"
"gene-LOC140683692|LOC140683692","grey"
"gene-RWDD1|RWDD1","green"
"gene-ZUP1|ZUP1","plum1"
"gene-KPNA5|KPNA5","brown"
"gene-FAM162B|FAM162B","darkred"
"gene-ROS1|ROS1","lightyellow"
"gene-DCBLD1|DCBLD1","plum2"
"gene-GOPC|GOPC","black"
"gene-NUS1|NUS1","salmon4"
"gene-SLC35F1|SLC35F1","grey"
"gene-CEP85L|CEP85L","blue"
"gene-MCM9|MCM9","blue"
"gene-ASF1A|ASF1A","yellow"
"gene-LOC140683694|LOC140683694","turquoise"
"gene-FAM184A|FAM184A","grey"
"gene-MAN1A1|MAN1A1","darkolivegreen"
"gene-TBC1D32|TBC1D32","salmon"
"gene-GJA1|GJA1","blue"
"gene-HSF2|HSF2","lightcyan"
"gene-PKIB|PKIB","steelblue"
"gene-SERINC1|SERINC1","brown"
"gene-FABP7|FABP7","greenyellow"
"gene-SMPDL3A|SMPDL3A","salmon"
"gene-CLVS2|CLVS2","white"
"gene-NKAIN2|NKAIN2","greenyellow"
"gene-RNF217|RNF217","blue"
"gene-TPD52L1|TPD52L1","turquoise"
"gene-HDDC2|HDDC2","sienna3"
"gene-NCOA7|NCOA7","blue"
"gene-LOC116808104|LOC116808104","red"
"gene-HINT3|HINT3","green"
"gene-LOC115494323|LOC115494323","magenta"
"gene-TRMT11|TRMT11","black"
"gene-CENPW|CENPW","blue"
"gene-RSPO3|RSPO3","lightyellow"
"gene-RNF146|RNF146","green"
"gene-ECHDC1|ECHDC1","grey60"
"gene-KIAA0408|KIAA0408","tan"
"gene-THEMIS|THEMIS","blue"
"gene-PTPRK|PTPRK","purple"
"gene-ARHGAP18|ARHGAP18","brown"
"gene-L3MBTL3|L3MBTL3","blue"
"gene-LOC116806778|LOC116806778","grey"
"gene-LAMA2|LAMA2","tan"
"gene-TMEM200A|TMEM200A","darkgreen"
"gene-ENPP3|ENPP3","turquoise"
"gene-EPB41L2|EPB41L2","blue"
"gene-AKAP7|AKAP7","purple"
"gene-MSH5|MSH5","turquoise"
"gene-LOC116808035|LOC116808035","black"
"gene-SMLR1|SMLR1","green"
"gene-MED23|MED23","salmon"
"gene-ENPP1|ENPP1","green"
"gene-CCN2|CCN2","darkolivegreen"
"gene-LOC115494330|LOC115494330","red"
"gene-MOXD1|MOXD1","salmon"
"gene-TAAR1|TAAR1","blue"
"gene-STX7|STX7","blue"
"gene-LOC100220807|LOC100220807","pink"
"gene-LOC100217969|LOC100217969","pink"
"gene-SLC18B1|SLC18B1","brown"
"gene-EYA4|EYA4","brown"
"gene-RPS12|RPS12","pink"
"gene-LOC140683850|LOC140683850","grey"
"gene-LOC115494758|LOC115494758","lightgreen"
"gene-LOC115494757|LOC115494757","turquoise"
"gene-LOC140683708|LOC140683708","grey"
"gene-TCF21|TCF21","skyblue"
"gene-TBPL1|TBPL1","turquoise"
"gene-SLC2A12|SLC2A12","purple"
"gene-SGK1|SGK1","grey"
"gene-LOC140683710|LOC140683710","black"
"gene-LOC115494339|LOC115494339","black"
"gene-ALDH8A1|ALDH8A1","green"
"gene-MYB|MYB","blue"
"gene-HBS1L|HBS1L","green"
"gene-AHI1|AHI1","pink"
"gene-SLC22A3|SLC22A3","blue"
"gene-MAS1|MAS1","grey"
"gene-LOC100229480|LOC100229480","green"
"gene-IGF2R|IGF2R","brown"
"gene-PNLDC1|PNLDC1","turquoise"
"gene-LOC100231371|LOC100231371","grey"
"gene-MRPL18|MRPL18","yellow"
"gene-TCP1|TCP1","purple"
"gene-MIR7644|MIR7644","orangered4"
"gene-ACAT2|ACAT2","yellow"
"gene-WTAP|WTAP","black"
"gene-SOD2|SOD2","green"
"gene-LOC121469716|LOC121469716","darkgreen"
"gene-PLEKHG1|PLEKHG1","plum2"
"gene-FNDC1|FNDC1","darkturquoise"
"gene-KATNA1|KATNA1","turquoise"
"gene-PPP1R14C|PPP1R14C","lightcyan"
"gene-IYD|IYD","red"
"gene-LOC121469715|LOC121469715","lightcyan"
"gene-GINM1|GINM1","blue"
"gene-LATS1|LATS1","brown"
"gene-NUP43|NUP43","red"
"gene-LOC140683711|LOC140683711","red"
"gene-PCMT1|PCMT1","grey"
"gene-LRP11|LRP11","brown"
"gene-MTHFD1L|MTHFD1L","brown"
"gene-AKAP12|AKAP12","grey"
"gene-ZBTB2|ZBTB2","black"
"gene-RMND1|RMND1","yellow"
"gene-LOC140683712|LOC140683712","turquoise"
"gene-LOC100232427|LOC100232427","brown"
"gene-ESR1|ESR1","brown"
"gene-MYCT1|MYCT1","blue"
"gene-SYNE1|SYNE1","blue"
"gene-VIP|VIP","blue"
"gene-FBXO5|FBXO5","blue"
"gene-MTRF1L|MTRF1L","yellow"
"gene-RGS17|RGS17","grey"
"gene-IPCEF1|IPCEF1","turquoise"
"gene-OPRM1|OPRM1","grey"
"gene-CNKSR3|CNKSR3","darkorange"
"gene-TIAM2|TIAM2","turquoise"
"gene-TFB1M|TFB1M","turquoise"
"gene-SCAF8|SCAF8","black"
"gene-CLDN20|CLDN20","brown"
"gene-LOC140683720|LOC140683720","red"
"gene-ARID1B|ARID1B","red"
"gene-TMEM242|TMEM242","pink"
"gene-ZDHHC14|ZDHHC14","blue"
"gene-LOC121469600|LOC121469600","grey"
"gene-SNX9|SNX9","brown"
"gene-SYNJ2|SYNJ2","black"
"gene-SERAC1|SERAC1","black"
"gene-GTF2H5|GTF2H5","pink"
"gene-DYNLT1|DYNLT1","blue"
"gene-TULP4|TULP4","turquoise"
"gene-LOC115494614|LOC115494614","white"
"gene-TMEM181|TMEM181","royalblue"
"gene-SYTL3|SYTL3","blue"
"gene-EZR|EZR","blue"
"gene-TAGAP|TAGAP","blue"
"gene-RSPH3|RSPH3","tan"
"gene-PLAGL1|PLAGL1","green"
"gene-LTV1|LTV1","brown"
"gene-PHACTR2|PHACTR2","brown"
"gene-LOC115494354|LOC115494354","brown4"
"gene-FUCA2|FUCA2","lightcyan"
"gene-PEX3|PEX3","grey"
"gene-ADAT2|ADAT2","greenyellow"
"gene-AIG1|AIG1","pink"
"gene-HIVEP2|HIVEP2","black"
"gene-LOC140683525|LOC140683525","red"
"gene-ADGRG6|ADGRG6","brown"
"gene-VTA1|VTA1","brown"
"gene-GJE1|GJE1","grey"
"gene-NMBR|NMBR","purple"
"gene-LOC140683725|LOC140683725","lightcyan"
"gene-CITED2|CITED2","turquoise"
"gene-TXLNB|TXLNB","grey"
"gene-LOC140683724|LOC140683724","grey"
"gene-HECA|HECA","black"
"gene-ABRACL|ABRACL","blue"
"gene-LOC115494359|LOC115494359","grey"
"gene-REPS1|REPS1","brown"
"gene-CCDC28A|CCDC28A","grey"
"gene-NHSL1|NHSL1","midnightblue"
"gene-ARFGEF3|ARFGEF3","darkolivegreen"
"gene-PERP|PERP","grey"
"gene-LOC115494363|LOC115494363","cyan"
"gene-TNFAIP3|TNFAIP3","blue"
"gene-LOC115494365|LOC115494365","turquoise"
"gene-IL22RA2|IL22RA2","blue"
"gene-IFNGR1|IFNGR1","blue"
"gene-IL20RA|IL20RA","salmon"
"gene-SLC35D3|SLC35D3","tan"
"gene-PEX7|PEX7","green"
"gene-MAP7|MAP7","purple"
"gene-MAP3K5|MAP3K5","black"
"gene-MTFR2|MTFR2","blue"
"gene-BCLAF1|BCLAF1","turquoise"
"gene-PDE7B|PDE7B","skyblue3"
"gene-LOC115494366|LOC115494366","blue"
"gene-SF3B5|SF3B5","pink"
"gene-STX11|STX11","blue"
"gene-EPM2A|EPM2A","grey"
"gene-FBXO30|FBXO30","black"
"gene-UTRN|UTRN","darkmagenta"
"gene-SHPRH|SHPRH","darkslateblue"
"gene-ADGB|ADGB","grey"
"gene-LOC140683728|LOC140683728","red"
"gene-RAB32|RAB32","salmon"
"gene-STXBP5|STXBP5","blue"
"gene-SASH1|SASH1","blue"
"gene-LOC140683729|LOC140683729","grey"
"gene-UST|UST","brown"
"gene-TAB2|TAB2","black"
"gene-ZC3H12D|ZC3H12D","navajowhite2"
"gene-PPIL4|PPIL4","blue"
"gene-LOC115494372|LOC115494372","black"
"gene-EXO1|EXO1","blue"
"gene-LOC115494373|LOC115494373","tan"
"gene-OPN3|OPN3","white"
"gene-RGS7|RGS7","lightyellow"
"gene-PIGM|PIGM","red"
"gene-FMN2|FMN2","yellow"
"gene-GREM2|GREM2","green"
"gene-CHRM3|CHRM3","brown"
"gene-RYR2|RYR2","turquoise"
"gene-ACTN2|ACTN2","midnightblue"
"gene-MTR|MTR","turquoise"
"gene-HEATR1|HEATR1","turquoise"
"gene-LGALS8|LGALS8","brown"
"gene-EDARADD|EDARADD","red"
"gene-GPR137B|GPR137B","black"
"gene-ERO1B|ERO1B","purple"
"gene-NID1|NID1","brown"
"gene-GNG4|GNG4","darkorange"
"gene-LYST|LYST","turquoise"
"gene-B3GALNT2|B3GALNT2","royalblue"
"gene-TBCE|TBCE","brown"
"gene-GGPS1|GGPS1","royalblue"
"gene-ARID4B|ARID4B","black"
"gene-RBM34|RBM34","pink"
"gene-TOMM20|TOMM20","pink"
"gene-LOC140683739|LOC140683739","midnightblue"
"gene-LOC140683737|LOC140683737","red"
"gene-IRF2BP2|IRF2BP2","turquoise"
"gene-SLC35F3|SLC35F3","skyblue3"
"gene-TARBP1|TARBP1","turquoise"
"gene-COA6|COA6","turquoise"
"gene-KCNK1|KCNK1","brown"
"gene-LOC140683741|LOC140683741","grey60"
"gene-LOC140683740|LOC140683740","red"
"gene-MAP3K21|MAP3K21","purple"
"gene-PCNX2|PCNX2","turquoise"
"gene-NTPCR|NTPCR","royalblue"
"gene-MAP10|MAP10","red"
"gene-SIPA1L2|SIPA1L2","blue"
"gene-DISC1|DISC1","blue"
"gene-LOC115494383|LOC115494383","lightyellow"
"gene-LOC140683743|LOC140683743","grey"
"gene-TSNAX|TSNAX","white"
"gene-LOC140683526|LOC140683526","grey"
"gene-EGLN1|EGLN1","green"
"gene-SPRTN|SPRTN","black"
"gene-EXOC8|EXOC8","brown"
"gene-RHOU|RHOU","red"
"gene-RAB4A|RAB4A","grey"
"gene-CCSAP|CCSAP","floralwhite"
"gene-ACTA1|ACTA1","turquoise"
"gene-NUP133|NUP133","black"
"gene-ABCB10|ABCB10","brown"
"gene-TAF5L|TAF5L","brown"
"gene-URB2|URB2","grey"
"gene-GALNT2|GALNT2","black"
"gene-PGBD5|PGBD5","blue"
"gene-C3H1orf198|C3H1orf198","brown"
"gene-COG2|COG2","black"
"gene-AGT|AGT","brown"
"gene-TTC13|TTC13","maroon"
"gene-ARV1|ARV1","red"
"gene-FAM89A|FAM89A","red"
"gene-FAM120B|FAM120B","black"
"gene-DLL1|DLL1","tan"
"gene-TRIM67|TRIM67","grey"
"gene-GNPAT|GNPAT","saddlebrown"
"gene-PDCD2|PDCD2","grey60"
"gene-TBP|TBP","red"
"gene-PSMB1|PSMB1","yellow"
"gene-WDR27|WDR27","grey"
"gene-ERMARD|ERMARD","turquoise"
"gene-DYNLT2|DYNLT2","turquoise"
"gene-PHF10|PHF10","turquoise"
"gene-C3H6orf120|C3H6orf120","brown"
"gene-THBS2|THBS2","grey"
"gene-SMOC2|SMOC2","magenta"
"gene-DACT2|DACT2","grey"
"gene-LOC100232745|LOC100232745","grey"
"gene-LOC140683527|LOC140683527","grey"
"gene-FRMD1|FRMD1","tan"
"gene-KIF25|KIF25","darkorange"
"gene-UNC93A|UNC93A","skyblue3"
"gene-CCR6|CCR6","lightgreen"
"gene-AFDN|AFDN","purple"
"gene-CEP43|CEP43","blue"
"gene-RNASET2|RNASET2","blue"
"gene-RPS6KA2|RPS6KA2","green"
"gene-MPC1|MPC1","green"
"gene-SFT2D1|SFT2D1","blue"
"gene-PRR18|PRR18","turquoise"
"gene-PDE10A|PDE10A","blue"
"gene-LOC115494396|LOC115494396","grey"
"gene-AGPAT4|AGPAT4","darkturquoise"
"gene-QKI|QKI","black"
"gene-PACRG|PACRG","skyblue"
"gene-LOC140683518|LOC140683518","blue"
"gene-PRKN|PRKN","grey"
"gene-LOC140683515|LOC140683515","grey"
"gene-LOC140683516|LOC140683516","turquoise"
"gene-LOC140683519|LOC140683519","darkolivegreen"
"gene-LOC140683746|LOC140683746","darkred"
"gene-MAP3K4|MAP3K4","turquoise"
"gene-LOC140683588|LOC140683588","yellow"
"gene-SCCPDH|SCCPDH","brown4"
"gene-LOC100231213|LOC100231213","lightcyan"
"gene-LOC100230263|LOC100230263","turquoise"
"gene-MEMO1|MEMO1","green"
"gene-LOC100190436|LOC100190436","ivory"
"gene-LOC116808052|LOC116808052","turquoise"
"gene-SPAST|SPAST","lightcyan"
"gene-SLC30A6|SLC30A6","red"
"gene-QPCT|QPCT","blue"
"gene-PRKD3|PRKD3","turquoise"
"gene-NDUFAF7|NDUFAF7","magenta"
"gene-CEBPZ|CEBPZ","brown"
"gene-LOC140683748|LOC140683748","cyan"
"gene-CRIM1|CRIM1","royalblue"
"gene-LOC140683752|LOC140683752","darkred"
"gene-FEZ2|FEZ2","darkslateblue"
"gene-LOC100231164|LOC100231164","magenta"
"gene-VIT|VIT","green"
"gene-STRN|STRN","brown"
"gene-NANP|NANP","red"
"gene-HEATR5B|HEATR5B","brown"
"gene-GPATCH11|GPATCH11","yellow"
"gene-EIF2AK2|EIF2AK2","blue"
"gene-CYP1B1|CYP1B1","brown"
"gene-RMDN2|RMDN2","green"
"gene-CDC42EP3|CDC42EP3","darkorange"
"gene-LOC115494412|LOC115494412","grey"
"gene-YIPF4|YIPF4","royalblue"
"gene-BIRC6|BIRC6","darkslateblue"
"gene-LOC105759092|LOC105759092","grey"
"gene-TTC27|TTC27","brown"
"gene-LTBP1|LTBP1","darkturquoise"
"gene-RASGRP3|RASGRP3","blue"
"gene-LOC115494415|LOC115494415","red"
"gene-FAM98A|FAM98A","brown"
"gene-ZNF318|ZNF318","turquoise"
"gene-ABCC10|ABCC10","purple"
"gene-TJAP1|TJAP1","black"
"gene-LRRC73|LRRC73","green"
"gene-GTPBP2|GTPBP2","blue"
"gene-YIPF3|YIPF3","brown"
"gene-POLR1C|POLR1C","thistle2"
"gene-XPO5|XPO5","turquoise"
"gene-POLH|POLH","turquoise"
"gene-MAD2L1BP|MAD2L1BP","green"
"gene-LOC100227392|LOC100227392","green"
"gene-LOC100228354|LOC100228354","red"
"gene-CNST|CNST","black"
"gene-TFB2M|TFB2M","yellow"
"gene-SMYD3|SMYD3","grey"
"gene-KIF26B|KIF26B","lightyellow"
"gene-EFCAB2|EFCAB2","grey"
"gene-LOC115494423|LOC115494423","violet"
"gene-HNRNPU|HNRNPU","blue"
"gene-COX20|COX20","turquoise"
"gene-DESI2|DESI2","brown"
"gene-ADSS2|ADSS2","blue"
"gene-ZBTB18|ZBTB18","turquoise"
"gene-RSPH9|RSPH9","turquoise"
"gene-PLD5|PLD5","green"
"gene-LOC121469756|LOC121469756","black"
"gene-AKT3|AKT3","blue"
"gene-SDCCAG8|SDCCAG8","blue"
"gene-CEP170|CEP170","blue"
"gene-LOC140683528|LOC140683528","grey"
"gene-MRPS18A|MRPS18A","brown4"
"gene-LOC140683756|LOC140683756","pink"
"gene-LOC140683755|LOC140683755","turquoise"
"gene-LOC140683757|LOC140683757","turquoise"
"gene-VEGFA|VEGFA","turquoise"
"gene-TMEM63B|TMEM63B","steelblue"
"gene-MRPL14|MRPL14","yellow"
"gene-CAPN11|CAPN11","darkturquoise"
"gene-SLC29A1|SLC29A1","brown"
"gene-LOC105759083|LOC105759083","blue"
"gene-HSP90AB1|HSP90AB1","turquoise"
"gene-SLC35B2|SLC35B2","green"
"gene-NFKBIE|NFKBIE","blue"
"gene-TMEM151B|TMEM151B","blue"
"gene-TCTE1|TCTE1","blue"
"gene-AARS2|AARS2","purple"
"gene-RNF8|RNF8","brown"
"gene-CMTR1|CMTR1","brown"
"gene-CCDC167|CCDC167","grey"
"gene-MDGA1|MDGA1","lightyellow"
"gene-LOC140683758|LOC140683758","turquoise"
"gene-ZFAND3|ZFAND3","brown"
"gene-DNAH8|DNAH8","white"
"gene-BTBD9|BTBD9","brown"
"gene-GLO1|GLO1","grey"
"gene-GLP1R|GLP1R","lightyellow"
"gene-SAYSD1|SAYSD1","red"
"gene-KCNK5|KCNK5","blue"
"gene-LOC140683761|LOC140683761","grey"
"gene-KCNK17|KCNK17","blue"
"gene-KCNK16|KCNK16","magenta"
"gene-RIN2|RIN2","grey"
"gene-LOC140683759|LOC140683759","palevioletred3"
"gene-LOC140683760|LOC140683760","darkgreen"
"gene-SLC24A3|SLC24A3","skyblue3"
"gene-CRNKL1|CRNKL1","turquoise"
"gene-CFAP61|CFAP61","darkolivegreen"
"gene-RALGAPA2|RALGAPA2","midnightblue"
"gene-LOC140683763|LOC140683763","red"
"gene-KIZ|KIZ","blue"
"gene-XRN2|XRN2","salmon"
"gene-LOC140683764|LOC140683764","turquoise"
"gene-SSTR4|SSTR4","darkgreen"
"gene-LOC140683765|LOC140683765","darkgreen"
"gene-FOXA2|FOXA2","red"
"gene-THBD|THBD","greenyellow"
"gene-CD93|CD93","salmon"
"gene-LOC100231535|LOC100231535","red"
"gene-FBLN7|FBLN7","pink"
"gene-LOC115494443|LOC115494443","turquoise"
"gene-GZF1|GZF1","brown"
"gene-NAPB|NAPB","blue"
"gene-ZC3H6|ZC3H6","turquoise"
"gene-MERTK|MERTK","blue"
"gene-ANAPC1|ANAPC1","black"
"gene-BCL2L11|BCL2L11","lightcyan"
"gene-LOC140683767|LOC140683767","turquoise"
"gene-BUB1|BUB1","midnightblue"
"gene-MTLN|MTLN","turquoise"
"gene-NPHP1|NPHP1","turquoise"
"gene-GPR75|GPR75","blue"
"gene-MALL|MALL","brown"
"gene-ASB3|ASB3","turquoise"
"gene-CHAC2|CHAC2","saddlebrown"
"gene-ERLEC1|ERLEC1","grey60"
"gene-PSME4|PSME4","green"
"gene-LOC121469768|LOC121469768","grey60"
"gene-ACYP2|ACYP2","yellow"
"gene-SPTBN1|SPTBN1","red"
"gene-EML6|EML6","yellow"
"gene-RTN4|RTN4","yellow"
"gene-RPS27A|RPS27A","pink"
"gene-MTIF2|MTIF2","green"
"gene-CCDC88A|CCDC88A","blue"
"gene-LOC100230549|LOC100230549","grey60"
"gene-CFAP36|CFAP36","turquoise"
"gene-PPP4R3B|PPP4R3B","brown"
"gene-PNPT1|PNPT1","royalblue"
"gene-EFEMP1|EFEMP1","grey"
"gene-CCDC85A|CCDC85A","grey"
"gene-MIR216B|MIR216B","grey"
"gene-VRK2|VRK2","blue"
"gene-FANCL|FANCL","blue"
"gene-BCL11A|BCL11A","blue"
"gene-LOC121469604|LOC121469604","grey"
"gene-PAPOLG|PAPOLG","blue"
"gene-PUS10|PUS10","turquoise"
"gene-REL|REL","blue"
"gene-PEX13|PEX13","green"
"gene-SANBR|SANBR","turquoise"
"gene-LOC115494460|LOC115494460","turquoise"
"gene-LOC100225817|LOC100225817","magenta"
"gene-LOC121469771|LOC121469771","turquoise"
"gene-AHSA2P|AHSA2P","darkgrey"
"gene-USP34|USP34","turquoise"
"gene-LOC101233698|LOC101233698","turquoise"
"gene-XPO1|XPO1","lightcyan"
"gene-LRRN4|LRRN4","blue"
"gene-FAM161A|FAM161A","tan"
"gene-LOC121469772|LOC121469772","turquoise"
"gene-CCT4|CCT4","brown"
"gene-FERMT1|FERMT1","blue"
"gene-PLCB1|PLCB1","brown"
"gene-LAMP5|LAMP5","orangered4"
"gene-PLCB4|PLCB4","tan"
"gene-BMP2|BMP2","grey"
"gene-LOC116808070|LOC116808070","darkorange2"
"gene-LOC115494463|LOC115494463","grey"
"gene-HAO1|HAO1","yellow"
"gene-TMX4|TMX4","black"
"gene-PAK5|PAK5","magenta"
"gene-LOC100228630|LOC100228630","navajowhite2"
"gene-SNAP25|SNAP25","tan"
"gene-SLX4IP|SLX4IP","darkgrey"
"gene-MKKS|MKKS","red"
"gene-LOC140683777|LOC140683777","brown"
"gene-LOC140683776|LOC140683776","grey"
"gene-JAG1|JAG1","magenta"
"gene-LOC140683529|LOC140683529","turquoise"
"gene-APMAP|APMAP","magenta"
"gene-CST7|CST7","grey"
"gene-FSHR|FSHR","tan"
"gene-NRXN1|NRXN1","skyblue3"
"gene-MGME1|MGME1","black"
"gene-DZANK1|DZANK1","grey"
"gene-LOC100190483|LOC100190483","turquoise"
"gene-DSTN|DSTN","brown"
"gene-RRBP1|RRBP1","red"
"gene-SNX5|SNX5","black"
"gene-OVOL2|OVOL2","turquoise"
"gene-PET117|PET117","darkturquoise"
"gene-KAT14|KAT14","grey"
"gene-BIRC5|BIRC5","blue"
"gene-POLR3F|POLR3F","violet"
"gene-SEC23B|SEC23B","royalblue"
"gene-SMIM26|SMIM26","yellow"
"gene-DTD1|DTD1","grey"
"gene-STON1|STON1","brown"
"gene-PPP1R21|PPP1R21","purple"
"gene-FOXN2|FOXN2","black"
"gene-LOC140683783|LOC140683783","grey"
"gene-LOC121469778|LOC121469778","darkgreen"
"gene-FBXO11|FBXO11","brown"
"gene-MSH6|MSH6","blue"
"gene-KCNK12|KCNK12","blue"
"gene-MSH2|MSH2","grey"
"gene-EPCAM|EPCAM","red"
"gene-TRMT61B|TRMT61B","turquoise"
"gene-WDR43|WDR43","brown"
"gene-CLIP4|CLIP4","turquoise"
"gene-ALK|ALK","turquoise"
"gene-YPEL5|YPEL5","lightsteelblue1"
"gene-LBH|LBH","darkturquoise"
"gene-LCLAT1|LCLAT1","brown"
"gene-LOC115494484|LOC115494484","grey"
"gene-LOC115494483|LOC115494483","grey"
"gene-ACSS1|ACSS1","blue"
"gene-TTBK1|TTBK1","greenyellow"
"gene-LOC121469779|LOC121469779","greenyellow"
"gene-TTL|TTL","brown"
"gene-POLR1B|POLR1B","salmon"
"gene-PTCRA|PTCRA","lavenderblush3"
"gene-CNPY3|CNPY3","saddlebrown"
"gene-GNMT|GNMT","yellow"
"gene-VSX1|VSX1","grey"
"gene-PEX6|PEX6","yellow"
"gene-LOC140683787|LOC140683787","purple"
"gene-ENTPD6|ENTPD6","salmon"
"gene-PYGB|PYGB","steelblue"
"gene-ABHD12|ABHD12","brown"
"gene-LOC100226843|LOC100226843","salmon"
"gene-PPP2R5D|PPP2R5D","brown"
"gene-MEA1|MEA1","yellow"
"gene-KLHDC3|KLHDC3","brown"
"gene-LOC105759064|LOC105759064","turquoise"
"gene-LOC140683788|LOC140683788","turquoise"
"gene-RRP36|RRP36","purple"
"gene-LOC100220079|LOC100220079","turquoise"
"gene-PTK7|PTK7","blue"
"gene-KLC4|KLC4","purple"
"gene-LOC100222956|LOC100222956","turquoise"
"gene-MRPL2|MRPL2","pink"
"gene-LOC100221933|LOC100221933","grey60"
"gene-SRF|SRF","black"
"gene-CUL9|CUL9","turquoise"
"gene-GALNT14|GALNT14","sienna3"
"gene-CAPN14|CAPN14","grey"
"gene-EHD3|EHD3","salmon"
"gene-LOC140683790|LOC140683790","grey60"
"gene-XDH|XDH","brown"
"gene-LOC140683791|LOC140683791","red"
"gene-LOC115494488|LOC115494488","red"
"gene-CDC42BPA|CDC42BPA","brown"
"gene-COQ8A|COQ8A","purple"
"gene-PSEN2|PSEN2","brown"
"gene-ITPKB|ITPKB","red"
"gene-STUM|STUM","midnightblue"
"gene-PARP1|PARP1","brown"
"gene-LOC115494490|LOC115494490","grey"
"gene-LIN9|LIN9","paleturquoise"
"gene-ACBD3|ACBD3","royalblue"
"gene-LOC140683792|LOC140683792","black"
"gene-H3-3A|H3-3A","pink"
"gene-SDE2|SDE2","yellow"
"gene-TMEM63A|TMEM63A","darkgreen"
"gene-EPHX1|EPHX1","salmon"
"gene-SRP9|SRP9","brown"
"gene-LOC115494498|LOC115494498","blue"
"gene-ENAH|ENAH","brown"
"gene-CNIH3|CNIH3","grey"
"gene-LBR|LBR","brown"
"gene-LOC115494499|LOC115494499","black"
"gene-WDR26|WDR26","darkmagenta"
"gene-CNIH4|CNIH4","blue"
"gene-NVL|NVL","black"
"gene-DEGS1|DEGS1","blue"
"gene-FBXO28|FBXO28","brown"
"gene-TP53BP2|TP53BP2","steelblue"
"gene-LOC115494500|LOC115494500","grey"
"gene-CRIPT|CRIPT","green"
"gene-PIGF|PIGF","black"
"gene-RHOQ|RHOQ","blue"
"gene-LOC116808080|LOC116808080","red"
"gene-PRKCE|PRKCE","red"
"gene-SRBD1|SRBD1","black"
"gene-LOC115494505|LOC115494505","turquoise"
"gene-LOC115494503|LOC115494503","turquoise"
"gene-EPAS1|EPAS1","brown"
"gene-LOC140683795|LOC140683795","red"
"gene-LOC140683797|LOC140683797","grey"
"gene-LOC140683798|LOC140683798","turquoise"
"gene-CAMKMT|CAMKMT","grey"
"gene-PREPL|PREPL","red"
"gene-SLC3A1|SLC3A1","turquoise"
"gene-PPM1B|PPM1B","red"
"gene-LRPPRC|LRPPRC","brown"
"gene-PLEKHH2|PLEKHH2","black"
"gene-ABCG8|ABCG8","green"
"gene-ABCG5|ABCG5","brown"
"gene-DYNC2LI1|DYNC2LI1","pink"
"gene-LOC140683799|LOC140683799","floralwhite"
"gene-LOC121469792|LOC121469792","lightsteelblue1"
"gene-LOC115494509|LOC115494509","darkgreen"
"gene-THADA|THADA","turquoise"
"gene-ZFP36L2|ZFP36L2","turquoise"
"gene-HAAO|HAAO","green"
"gene-MTA3|MTA3","red"
"gene-KCNG3|KCNG3","grey"
"gene-COX7A2L|COX7A2L","green"
"gene-EML4|EML4","lightyellow"
"gene-PKDCC|PKDCC","grey"
"gene-LOC121469793|LOC121469793","grey"
"gene-LOC140683594|LOC140683594","grey"
"gene-BICRAL|BICRAL","turquoise"
"gene-PRPH2|PRPH2","orangered4"
"gene-TBCC|TBCC","brown"
"gene-UBR2|UBR2","brown"
"gene-TRERF1|TRERF1","blue"
"gene-MRPS10|MRPS10","grey"
"gene-UTP25|UTP25","turquoise"
"gene-SERTAD4|SERTAD4","grey"
"gene-HHAT|HHAT","brown"
"gene-KCNH1|KCNH1","tan"
"gene-LOC140683804|LOC140683804","green"
"gene-LOC115494516|LOC115494516","turquoise"
"gene-RCOR3|RCOR3","turquoise"
"gene-TRAF5|TRAF5","blue"
"gene-LOC100221905|LOC100221905","red"
"gene-RD3|RD3","white"
"gene-LOC115494519|LOC115494519","grey"
"gene-NEK2|NEK2","blue"
"gene-SLC30A1|SLC30A1","brown"
"gene-LPGAT1|LPGAT1","red"
"gene-INTS7|INTS7","red"
"gene-DTL|DTL","red"
"gene-PPP2R5A|PPP2R5A","magenta"
"gene-PACC1|PACC1","yellow"
"gene-NENF|NENF","purple"
"gene-ATF3|ATF3","darkorange"
"gene-BATF3|BATF3","blue"
"gene-NSL1|NSL1","brown"
"gene-TATDN3|TATDN3","turquoise"
"gene-FLVCR1|FLVCR1","skyblue3"
"gene-VASH2|VASH2","darkmagenta"
"gene-ANGEL2|ANGEL2","greenyellow"
"gene-RPS6KC1|RPS6KC1","black"
"gene-PROX1|PROX1","purple"
"gene-SMYD2|SMYD2","lightsteelblue1"
"gene-PTPN14|PTPN14","red"
"gene-CENPF|CENPF","blue"
"gene-USH2A|USH2A","grey60"
"gene-KCTD3|KCTD3","brown"
"gene-ESRRG|ESRRG","green"
"gene-LOC116808118|LOC116808118","darkgrey"
"gene-LOC140683806|LOC140683806","mediumpurple3"
"gene-LOC115494523|LOC115494523","turquoise"
"gene-SPATA17|SPATA17","plum2"
"gene-GPATCH2|GPATCH2","brown"
"gene-RRP15|RRP15","green"
"gene-TGFB2|TGFB2","blue"
"gene-LYPLAL1|LYPLAL1","magenta"
"gene-LOC100227698|LOC100227698","grey"
"gene-LOC121469797|LOC121469797","lavenderblush3"
"gene-EPRS1|EPRS1","brown"
"gene-RAB3GAP2|RAB3GAP2","black"
"gene-BPNT1|BPNT1","yellow"
"gene-IARS2|IARS2","black"
"gene-MARK1|MARK1","green"
"gene-C3H1orf115|C3H1orf115","green"
"gene-LOC100232595|LOC100232595","green"
"gene-HLX|HLX","darkolivegreen"
"gene-DUSP10|DUSP10","blue"
"gene-TAF1A|TAF1A","red"
"gene-DISP1|DISP1","darkolivegreen"
"gene-MIA3|MIA3","red"
"gene-AIDA|AIDA","brown"
"gene-BROX|BROX","black"
"gene-TLR5|TLR5","greenyellow"
"gene-LOC115494530|LOC115494530","lightpink4"
"gene-SUSD4|SUSD4","grey"
"gene-CAPN8|CAPN8","turquoise"
"gene-LOC115494584|LOC115494584","grey"
"gene-SOCS5|SOCS5","brown"
"gene-MCFD2|MCFD2","brown"
"gene-TTC7A|TTC7A","brown"
"gene-LOC140683815|LOC140683815","grey60"
"gene-CALM2|CALM2","salmon"
"gene-PPP1CB|PPP1CB","brown"
"gene-PLB1|PLB1","tan"
"gene-FOSL2|FOSL2","blue"
"gene-BABAM2|BABAM2","brown"
"gene-RBKS|RBKS","green"
"gene-MRPL33|MRPL33","blue"
"gene-LOC100218075|LOC100218075","blue"
"gene-SLC4A1AP|SLC4A1AP","black"
"gene-SUPT7L|SUPT7L","turquoise"
"gene-LOC140683819|LOC140683819","grey"
"gene-MOCS1|MOCS1","green"
"gene-DAAM2|DAAM2","green"
"gene-BTBD3|BTBD3","paleturquoise"
"gene-SPTLC3|SPTLC3","midnightblue"
"gene-ISM1|ISM1","mediumpurple3"
"gene-TASP1|TASP1","black"
"gene-ESF1|ESF1","skyblue"
"gene-NDUFAF5|NDUFAF5","yellow"
"gene-MACROD2|MACROD2","brown"
"gene-FLRT3|FLRT3","grey"
"gene-LOC140683822|LOC140683822","red"
"gene-KIF16B|KIF16B","brown"
"gene-OTOR|OTOR","floralwhite"
"gene-LOC115494543|LOC115494543","midnightblue"
"gene-SNRPB2|SNRPB2","grey"
"gene-PCSK2|PCSK2","sienna3"
"gene-APLF|APLF","turquoise"
"gene-FBXO48|FBXO48","darkgreen"
"gene-PLEK|PLEK","blue"
"gene-CNRIP1|CNRIP1","blue"
"gene-PPP3R1|PPP3R1","black"
"gene-PNO1|PNO1","yellow"
"gene-DNAAF10|DNAAF10","black"
"gene-C1D|C1D","blue"
"gene-ETAA1|ETAA1","lightcyan"
"gene-MEIS1|MEIS1","turquoise"
"gene-LOC115494547|LOC115494547","turquoise"
"gene-LOC105759055|LOC105759055","darkgreen"
"gene-SPRED2|SPRED2","grey"
"gene-ACTR2|ACTR2","blue"
"gene-LOC116808098|LOC116808098","grey60"
"gene-CEP68|CEP68","turquoise"
"gene-SLC1A4|SLC1A4","midnightblue"
"gene-RAB1A|RAB1A","green"
"gene-SERTAD2|SERTAD2","lightcyan"
"gene-AFTPH|AFTPH","brown"
"gene-LOC115494557|LOC115494557","paleturquoise"
"gene-LOC140683825|LOC140683825","darkolivegreen"
"gene-LGALSL|LGALSL","black"
"gene-PELI1|PELI1","thistle2"
"gene-LOC140683826|LOC140683826","lightcyan"
"gene-VPS54|VPS54","black"
"gene-UGP2|UGP2","green"
"gene-WDPCP|WDPCP","green"
"gene-MDH1|MDH1","green"
"gene-LOC140683828|LOC140683828","green"
"gene-EHBP1|EHBP1","blue"
"gene-LOC121469591|LOC121469591","lightgreen"
"gene-LOC140683829|LOC140683829","blue"
"gene-TMEM17|TMEM17","white"
"gene-LOC105759051|LOC105759051","darkmagenta"
"gene-B3GNT2|B3GNT2","white"
"gene-COMMD1|COMMD1","turquoise"
"gene-LOC140683831|LOC140683831","midnightblue"
"gene-CRLS1|CRLS1","darkgreen"
"gene-MCM8|MCM8","midnightblue"
"gene-TRMT6|TRMT6","turquoise"
"gene-CHGB|CHGB","plum1"
"gene-SHLD1|SHLD1","blue"
"gene-LOC140683827|LOC140683827","magenta"
"gene-GPCPD1|GPCPD1","black"
"gene-MAL|MAL","turquoise"
"gene-MRPS5|MRPS5","green"
"gene-SLC8A1|SLC8A1","blue"
"gene-LOC140683832|LOC140683832","sienna3"
"gene-LOC121469813|LOC121469813","grey"
"gene-GINS1|GINS1","blue"
"gene-LOC140683833|LOC140683833","grey"
"gene-LOC105759048|LOC105759048","turquoise"
"gene-EIF4A3|EIF4A3","brown"
"gene-ATL2|ATL2","green"
"gene-LOC140683834|LOC140683834","red"
"gene-HNRNPLL|HNRNPLL","blue"
"gene-LOC115494559|LOC115494559","midnightblue"
"gene-GALM|GALM","turquoise"
"gene-SRSF7|SRSF7","turquoise"
"gene-GEMIN6|GEMIN6","grey"
"gene-ARHGEF33|ARHGEF33","brown"
"gene-LOC100222291|LOC100222291","turquoise"
"gene-DHX57|DHX57","salmon"
"gene-SOS1|SOS1","green"
"gene-LOC105759056|LOC105759056","salmon"
"gene-MAP4K3|MAP4K3","grey"
"gene-LOC140680265|LOC140680265","turquoise"
"gene-LOC140683835|LOC140683835","turquoise"
"gene-LOC140683840|LOC140683840","turquoise"
"gene-LOC140683837|LOC140683837","turquoise"
"gene-LOC140683838|LOC140683838","turquoise"
"gene-LOC140683836|LOC140683836","turquoise"
"gene-LOC140683841|LOC140683841","turquoise"
"gene-LOC140683839|LOC140683839","turquoise"
"gene-LOC140683842|LOC140683842","turquoise"
"gene-LOC140683843|LOC140683843","turquoise"
"gene-LOC140683845|LOC140683845","turquoise"
"gene-LOC140683844|LOC140683844","turquoise"
"gene-LOC140683846|LOC140683846","turquoise"
"gene-LOC140683847|LOC140683847","turquoise"
"gene-LOC140683848|LOC140683848","turquoise"
"gene-LOC140683531|LOC140683531","turquoise"
"gene-LOC140683881|LOC140683881","turquoise"
"gene-LOC115494833|LOC115494833","grey"
"gene-ATRN|ATRN","brown"
"gene-LOC121469833|LOC121469833","red"
"gene-ADAM33|ADAM33","blue"
"gene-ALMS1|ALMS1","turquoise"
"gene-FBXO41|FBXO41","white"
"gene-CCT7|CCT7","brown"
"gene-PRADC1|PRADC1","turquoise"
"gene-SMYD5|SMYD5","darkred"
"gene-RAB11FIP5|RAB11FIP5","salmon"
"gene-LOC115494782|LOC115494782","brown"
"gene-SFXN5|SFXN5","ivory"
"gene-SPR|SPR","green"
"gene-LOC115494837|LOC115494837","cyan"
"gene-LOC121469838|LOC121469838","blue"
"gene-DYSF|DYSF","salmon"
"gene-EXOC6B|EXOC6B","green"
"gene-CYP26B1|CYP26B1","greenyellow"
"gene-VAX2|VAX2","red"
"gene-ADISSP|ADISSP","darkred"
"gene-HSPA12B|HSPA12B","grey"
"gene-SIGLEC1|SIGLEC1","darkorange"
"gene-LOC115494810|LOC115494810","blue"
"gene-TEX261|TEX261","brown"
"gene-NAGK|NAGK","turquoise"
"gene-PAIP2B|PAIP2B","red"
"gene-CPXM1|CPXM1","turquoise"
"gene-ZNF638|ZNF638","turquoise"
"gene-NAT8|NAT8","blue"
"gene-VPS16|VPS16","yellow"
"gene-IDH3B|IDH3B","yellow"
"gene-NOP56|NOP56","grey"
"gene-DCTN1|DCTN1","magenta"
"gene-LOC115494850|LOC115494850","grey"
"gene-LOC115494811|LOC115494811","yellow"
"gene-WDR54|WDR54","grey"
"gene-LOC115494853|LOC115494853","magenta"
"gene-RTKN|RTKN","blue"
"gene-LOC115494852|LOC115494852","lavenderblush3"
"gene-INO80B|INO80B","brown"
"gene-WBP1|WBP1","turquoise"
"gene-MOGS|MOGS","saddlebrown"
"gene-CCDC142|CCDC142","turquoise"
"gene-TTC31|TTC31","turquoise"
"gene-PCGF1|PCGF1","turquoise"
"gene-LOC115494797|LOC115494797","turquoise"
"gene-DQX1|DQX1","magenta"
"gene-LOC100227341|LOC100227341","turquoise"
"gene-LOC115494793|LOC115494793","salmon"
"gene-AUP1|AUP1","yellow"
"gene-HTRA2|HTRA2","pink"
"gene-LOXL3|LOXL3","pink"
"gene-LOC100217691|LOC100217691","blue"
"gene-DOK1|DOK1","blue"
"gene-M1AP|M1AP","turquoise"
"gene-DNAAF9|DNAAF9","turquoise"
"gene-SLC4A11|SLC4A11","blue"
"gene-LOC115494861|LOC115494861","darkgreen"
"gene-DDRGK1|DDRGK1","pink"
"gene-LZTS3|LZTS3","cyan"
"gene-UBOX5|UBOX5","grey"
"gene-FASTKD5|FASTKD5","brown"
"gene-MRPS26|MRPS26","yellow"
"gene-PTPRA|PTPRA","blue"
"gene-PANK2|PANK2","blue"
"gene-MAVS|MAVS","brown"
"gene-RNF24|RNF24","black"
"gene-SMOX|SMOX","turquoise"
"gene-ADRA1D|ADRA1D","magenta"
"gene-CTNNA2|CTNNA2","midnightblue"
"gene-SUCLG1|SUCLG1","yellow"
"gene-LOC121469852|LOC121469852","red"
"gene-RPIA|RPIA","darkmagenta"
"gene-LOC115494816|LOC115494816","turquoise"
"gene-EIF2AK3|EIF2AK3","red"
"gene-LOC116808201|LOC116808201","blue"
"gene-FOXI3|FOXI3","blue"
"gene-THNSL2|THNSL2","paleturquoise"
"gene-SMYD1|SMYD1","skyblue"
"gene-FABP1|FABP1","green"
"gene-LOC115494875|LOC115494875","darkorange"
"gene-LOC115494876|LOC115494876","grey"
"gene-CD8B|CD8B","blue"
"gene-CD8A|CD8A","blue"
"gene-RMND5A|RMND5A","brown"
"gene-REEP1|REEP1","brown"
"gene-LOC100190340|LOC100190340","brown"
"gene-KDM3A|KDM3A","black"
"gene-MRPL35|MRPL35","pink"
"gene-ST3GAL5|ST3GAL5","blue"
"gene-IMMT|IMMT","green"
"gene-PTCD3|PTCD3","black"
"gene-LOC115495186|LOC115495186","turquoise"
"gene-POLR1A|POLR1A","black"
"gene-ATOH8|ATOH8","maroon"
"gene-FGFRL1|FGFRL1","red"
"gene-CTBP1|CTBP1","blue"
"gene-LOC115494886|LOC115494886","turquoise"
"gene-MAEA|MAEA","black"
"gene-UVSSA|UVSSA","brown"
"gene-FAM53A|FAM53A","green"
"gene-LOC100227664|LOC100227664","blue"
"gene-LOC105759233|LOC105759233","turquoise"
"gene-TMEM129|TMEM129","skyblue"
"gene-TACC3|TACC3","grey"
"gene-FGFR3|FGFR3","red"
"gene-LOC101233650|LOC101233650","blue"
"gene-NSD2|NSD2","darkmagenta"
"gene-LETM1|LETM1","green"
"gene-NELFA|NELFA","turquoise"
"gene-LOC101233722|LOC101233722","purple"
"gene-NAT8L|NAT8L","tan"
"gene-HAUS3|HAUS3","blue"
"gene-POLN|POLN","blue"
"gene-MXD4|MXD4","green"
"gene-ZFYVE28|ZFYVE28","plum1"
"gene-CFAP99|CFAP99","turquoise"
"gene-LOC115494908|LOC115494908","darkorange"
"gene-RNF4|RNF4","salmon"
"gene-FAM193A|FAM193A","turquoise"
"gene-TNIP2|TNIP2","lightsteelblue1"
"gene-MFSD10|MFSD10","blue"
"gene-SH3BP2|SH3BP2","grey"
"gene-ADD1|ADD1","black"
"gene-NOP14|NOP14","greenyellow"
"gene-GRK4|GRK4","blue"
"gene-HTT|HTT","turquoise"
"gene-RGS12|RGS12","darkturquoise"
"gene-LOC100229516|LOC100229516","blue"
"gene-DOK7|DOK7","red"
"gene-HGFAC|HGFAC","green"
"gene-LRPAP1|LRPAP1","brown"
"gene-LOC115494911|LOC115494911","grey"
"gene-ADRA2C|ADRA2C","yellow"
"gene-LOC140683902|LOC140683902","plum2"
"gene-ACOX3|ACOX3","green"
"gene-TRMT44|TRMT44","grey"
"gene-HTRA3|HTRA3","plum1"
"gene-ABLIM2|ABLIM2","green"
"gene-AFAP1|AFAP1","darkturquoise"
"gene-SORCS2|SORCS2","grey"
"gene-GRPEL1|GRPEL1","yellow"
"gene-TADA2B|TADA2B","red"
"gene-TBC1D14|TBC1D14","black"
"gene-KIAA0232|KIAA0232","turquoise"
"gene-LOC115494818|LOC115494818","darkolivegreen"
"gene-LOC115494917|LOC115494917","grey60"
"gene-S100P|S100P","grey"
"gene-MAN2B2|MAN2B2","thistle1"
"gene-PPP2R2C|PPP2R2C","violet"
"gene-WFS1|WFS1","green"
"gene-CRMP1|CRMP1","grey"
"gene-JAKMIP1|JAKMIP1","midnightblue"
"gene-C4H4orf50|C4H4orf50","blue"
"gene-EVC|EVC","yellowgreen"
"gene-EVC2|EVC2","black"
"gene-NSG1|NSG1","tan"
"gene-STX18|STX18","magenta"
"gene-LYAR|LYAR","salmon4"
"gene-ZBTB49|ZBTB49","turquoise"
"gene-TMEM128|TMEM128","red"
"gene-OTOP1|OTOP1","darkolivegreen"
"gene-DRD5|DRD5","blue"
"gene-SLC2A9|SLC2A9","green"
"gene-WDR1|WDR1","brown"
"gene-ZNF518B|ZNF518B","purple"
"gene-CLNK|CLNK","palevioletred3"
"gene-HS3ST1|HS3ST1","red"
"gene-RAB28|RAB28","lightgreen"
"gene-NKX3-2|NKX3-2","tan"
"gene-BOD1L1|BOD1L1","black"
"gene-LOC115494929|LOC115494929","grey"
"gene-CPEB2|CPEB2","turquoise"
"gene-C1QTNF7|C1QTNF7","magenta"
"gene-CC2D2A|CC2D2A","darkturquoise"
"gene-FBXL5|FBXL5","red"
"gene-BST1|BST1","blue"
"gene-CD38|CD38","black"
"gene-FGFBP1|FGFBP1","midnightblue"
"gene-PROM1|PROM1","blue"
"gene-TAPT1|TAPT1","green"
"gene-LOC115494933|LOC115494933","darkred"
"gene-LDB2|LDB2","yellow"
"gene-LOC140683913|LOC140683913","darkred"
"gene-LOC115494937|LOC115494937","darkred"
"gene-QDPR|QDPR","brown4"
"gene-CLRN2|CLRN2","royalblue"
"gene-FAM184B|FAM184B","grey"
"gene-LAP3|LAP3","purple"
"gene-MED28|MED28","pink"
"gene-NCAPG|NCAPG","blue"
"gene-LCORL|LCORL","black"
"gene-PACRGL|PACRGL","black"
"gene-SLIT2|SLIT2","turquoise"
"gene-KCNIP4|KCNIP4","lightgreen"
"gene-ADGRA3|ADGRA3","grey"
"gene-PPARGC1A|PPARGC1A","skyblue3"
"gene-DHX15|DHX15","brown"
"gene-SOD3|SOD3","darkorange"
"gene-LGI2|LGI2","grey"
"gene-CCDC149|CCDC149","brown"
"gene-SEPSECS|SEPSECS","darkmagenta"
"gene-PI4K2B|PI4K2B","brown"
"gene-ZCCHC4|ZCCHC4","grey"
"gene-ANAPC4|ANAPC4","violet"
"gene-SLC34A2|SLC34A2","darkmagenta"
"gene-SEL1L3|SEL1L3","darkorange"
"gene-SMIM20|SMIM20","turquoise"
"gene-RBPJ|RBPJ","turquoise"
"gene-TBC1D19|TBC1D19","lightsteelblue1"
"gene-STIM2|STIM2","black"
"gene-LOC140683917|LOC140683917","pink"
"gene-ARAP2|ARAP2","blue"
"gene-RELL1|RELL1","darkturquoise"
"gene-NWD2|NWD2","royalblue"
"gene-PGCKA1|PGCKA1","violet"
"gene-PGM2|PGM2","green"
"gene-TBC1D1|TBC1D1","blue"
"gene-LOC140683923|LOC140683923","black"
"gene-KLF3|KLF3","grey"
"gene-LOC100226645|LOC100226645","blue"
"gene-LOC100232395|LOC100232395","blue"
"gene-FAM114A1|FAM114A1","brown"
"gene-TMEM156|TMEM156","blue"
"gene-WDR19|WDR19","navajowhite2"
"gene-RFC1|RFC1","brown"
"gene-KLHL5|KLHL5","brown"
"gene-KLB|KLB","purple"
"gene-RPL9|RPL9","pink"
"gene-LIAS|LIAS","magenta"
"gene-UGDH|UGDH","purple"
"gene-SMIM14|SMIM14","yellow"
"gene-UBE2K|UBE2K","salmon"
"gene-PDS5A|PDS5A","green"
"gene-LOC140683924|LOC140683924","grey"
"gene-N4BP2|N4BP2","lightyellow"
"gene-RHOH|RHOH","blue"
"gene-LOC140683880|LOC140683880","blue"
"gene-LOC115494951|LOC115494951","blue"
"gene-CHRNA9|CHRNA9","greenyellow"
"gene-RBM47|RBM47","lightcyan"
"gene-LOC140683925|LOC140683925","navajowhite2"
"gene-UCHL1|UCHL1","darkred"
"gene-APBB2|APBB2","brown"
"gene-NSUN7|NSUN7","salmon"
"gene-LIMCH1|LIMCH1","purple"
"gene-TMEM33|TMEM33","black"
"gene-BEND4|BEND4","grey"
"gene-SHISA3|SHISA3","yellow"
"gene-SLC30A9|SLC30A9","green"
"gene-ATP8A1|ATP8A1","grey"
"gene-GUF1|GUF1","turquoise"
"gene-GNPDA2|GNPDA2","green"
"gene-GABRA4|GABRA4","tan"
"gene-COMMD8|COMMD8","grey"
"gene-ATP10D|ATP10D","black"
"gene-CORIN|CORIN","lightcyan"
"gene-NIPAL1|NIPAL1","grey"
"gene-NFXL1|NFXL1","sienna3"
"gene-TEC|TEC","blue"
"gene-TXK|TXK","blue"
"gene-SLAIN2|SLAIN2","black"
"gene-LOC140683929|LOC140683929","turquoise"
"gene-FRYL|FRYL","lightgreen"
"gene-LOC115494822|LOC115494822","grey"
"gene-OCIAD1|OCIAD1","yellow"
"gene-OCIAD2|OCIAD2","blue"
"gene-SPATA18|SPATA18","grey"
"gene-DCUN1D4|DCUN1D4","thistle1"
"gene-LRRC66|LRRC66","grey"
"gene-SGCB|SGCB","brown"
"gene-LOC121469883|LOC121469883","blue"
"gene-USP46|USP46","red"
"gene-LOC101233028|LOC101233028","turquoise"
"gene-LOC115495185|LOC115495185","turquoise"
"gene-RASL11B|RASL11B","maroon"
"gene-LNX1|LNX1","plum2"
"gene-SCFD2|SCFD2","brown"
"gene-FIP1L1|FIP1L1","brown"
"gene-CHIC2|CHIC2","blue"
"gene-PDGFRA|PDGFRA","black"
"gene-KIT|KIT","turquoise"
"gene-KDR|KDR","grey"
"gene-SRD5A3|SRD5A3","turquoise"
"gene-EXOC1L|EXOC1L","darkturquoise"
"gene-CLOCK|CLOCK","brown"
"gene-TMEM165|TMEM165","salmon"
"gene-EXOC1|EXOC1","turquoise"
"gene-CEP135|CEP135","turquoise"
"gene-CRACD|CRACD","floralwhite"
"gene-AASDH|AASDH","turquoise"
"gene-TRMT9B|TRMT9B","salmon"
"gene-LONRF1|LONRF1","darkgrey"
"gene-LOC116808182|LOC116808182","grey"
"gene-LOC140683934|LOC140683934","turquoise"
"gene-DLC1|DLC1","turquoise"
"gene-TUSC3|TUSC3","brown4"
"gene-PAICS|PAICS","green"
"gene-PPAT|PPAT","green"
"gene-MICU3|MICU3","green"
"gene-ZDHHC2|ZDHHC2","orange"
"gene-VPS37A|VPS37A","yellow"
"gene-MTMR7|MTMR7","turquoise"
"gene-CNOT7|CNOT7","brown"
"gene-SLC7A2|SLC7A2","red"
"gene-PDGFRL|PDGFRL","darkred"
"gene-MTUS1|MTUS1","purple"
"gene-FGL1|FGL1","blue"
"gene-PCM1|PCM1","darkgrey"
"gene-LOC115494966|LOC115494966","turquoise"
"gene-ASAH1|ASAH1","blue"
"gene-FRG1|FRG1","darkgreen"
"gene-LOC140683937|LOC140683937","yellow"
"gene-LOC140683938|LOC140683938","darkorange2"
"gene-FAT1|FAT1","darkslateblue"
"gene-FAM149A|FAM149A","steelblue"
"gene-CYP4V2|CYP4V2","purple"
"gene-LOC100228027|LOC100228027","magenta"
"gene-PDLIM3|PDLIM3","purple"
"gene-TLR3|TLR3","blue"
"gene-SORBS2|SORBS2","green"
"gene-LOC140684028|LOC140684028","black"
"gene-LOC140683940|LOC140683940","green"
"gene-LOC100227970|LOC100227970","brown"
"gene-ANKRD37|ANKRD37","brown"
"gene-SNX25|SNX25","brown"
"gene-CFAP97|CFAP97","brown"
"gene-SLC25A4|SLC25A4","greenyellow"
"gene-ACSL1|ACSL1","darkmagenta"
"gene-CENPU|CENPU","yellow"
"gene-PRIMPOL|PRIMPOL","black"
"gene-CASP3|CASP3","grey"
"gene-ENPP6|ENPP6","tan"
"gene-IRF2|IRF2","brown"
"gene-STOX2|STOX2","white"
"gene-LOC121469885|LOC121469885","lavenderblush3"
"gene-TRAPPC11|TRAPPC11","brown"
"gene-RWDD4|RWDD4","yellow"
"gene-ING2|ING2","grey"
"gene-LOC121469886|LOC121469886","turquoise"
"gene-CDKN2AIP|CDKN2AIP","black"
"gene-WWC2|WWC2","blue"
"gene-DCTD|DCTD","blue"
"gene-TENM3|TENM3","darkorange"
"gene-AGA|AGA","green"
"gene-NEIL3|NEIL3","grey"
"gene-VEGFC|VEGFC","brown"
"gene-GPM6A|GPM6A","grey"
"gene-LOC140683943|LOC140683943","grey"
"gene-ASB5|ASB5","grey"
"gene-WDR17|WDR17","white"
"gene-SPCS3|SPCS3","red"
"gene-HPGD|HPGD","greenyellow"
"gene-CEP44|CEP44","red"
"gene-FBXO8|FBXO8","red"
"gene-LOC115494981|LOC115494981","grey"
"gene-HAND2|HAND2","turquoise"
"gene-LOC140683946|LOC140683946","turquoise"
"gene-LOC140683945|LOC140683945","grey"
"gene-SCRG1|SCRG1","grey"
"gene-SAP30|SAP30","blue"
"gene-HMGB2|HMGB2","blue"
"gene-GALNT7|GALNT7","blue"
"gene-AADAT|AADAT","yellow"
"gene-LOC121469887|LOC121469887","red"
"gene-MFAP3L|MFAP3L","black"
"gene-SH3RF1|SH3RF1","blue"
"gene-NEK1|NEK1","grey"
"gene-HPF1|HPF1","salmon"
"gene-CLCN3|CLCN3","brown"
"gene-PALLD|PALLD","grey"
"gene-CBR4|CBR4","magenta"
"gene-LOC101233484|LOC101233484","lightgreen"
"gene-ANXA10|ANXA10","tan"
"gene-TLL1|TLL1","green"
"gene-SPOCK3|SPOCK3","grey"
"gene-LOC140683952|LOC140683952","purple"
"gene-CPE|CPE","grey"
"gene-TMEM192|TMEM192","red"
"gene-APELA|APELA","white"
"gene-KLHL2|KLHL2","grey"
"gene-MSMO1|MSMO1","green"
"gene-MARCHF1|MARCHF1","blue"
"gene-TMA16|TMA16","turquoise"
"gene-NAF1|NAF1","midnightblue"
"gene-FSTL5|FSTL5","red"
"gene-LOC115494995|LOC115494995","sienna3"
"gene-RAPGEF2|RAPGEF2","brown"
"gene-FNIP2|FNIP2","green"
"gene-RXFP1|RXFP1","grey"
"gene-PPID|PPID","green"
"gene-ETFDH|ETFDH","green"
"gene-C4H4orf46|C4H4orf46","blue"
"gene-GASK1B|GASK1B","steelblue"
"gene-TMEM144|TMEM144","turquoise"
"gene-GRIA2|GRIA2","tan"
"gene-PDGFC|PDGFC","blue"
"gene-LOC115495002|LOC115495002","brown"
"gene-LOC140683963|LOC140683963","grey"
"gene-GUCY1B1|GUCY1B1","turquoise"
"gene-GUCY1A1|GUCY1A1","red"
"gene-MAP9|MAP9","turquoise"
"gene-RBM46|RBM46","salmon4"
"gene-CTSO|CTSO","yellow"
"gene-TDO2|TDO2","purple"
"gene-ASIC5|ASIC5","red"
"gene-LRAT|LRAT","greenyellow"
"gene-LOC101233224|LOC101233224","lightyellow"
"gene-FGG|FGG","red"
"gene-DCHS2|DCHS2","grey"
"gene-SFRP2|SFRP2","turquoise"
"gene-TLR2|TLR2","blue"
"gene-LOC100219691|LOC100219691","blue"
"gene-TMEM131L|TMEM131L","blue"
"gene-TRIM2|TRIM2","brown"
"gene-MND1|MND1","blue"
"gene-FHDC1|FHDC1","thistle2"
"gene-ARFIP1|ARFIP1","violet"
"gene-TIGD4|TIGD4","red"
"gene-TMEM154|TMEM154","blue"
"gene-FBXW7|FBXW7","black"
"gene-GATB|GATB","purple"
"gene-FHIP1A|FHIP1A","brown"
"gene-LOC140683970|LOC140683970","darkmagenta"
"gene-SH3D19|SH3D19","grey"
"gene-RPS3A|RPS3A","pink"
"gene-LOC115495181|LOC115495181","turquoise"
"gene-FGA|FGA","red"
"gene-FGB|FGB","red"
"gene-PLRG1|PLRG1","black"
"gene-PRAG1|PRAG1","midnightblue"
"gene-CLDN23|CLDN23","turquoise"
"gene-LOC105759204|LOC105759204","sienna3"
"gene-LOC115495009|LOC115495009","magenta"
"gene-PPP1R3B|PPP1R3B","green"
"gene-ERI1|ERI1","grey"
"gene-MFHAS1|MFHAS1","brown"
"gene-TNKS|TNKS","black"
"gene-DUSP4|DUSP4","blue"
"gene-SPMAP2L|SPMAP2L","grey"
"gene-HOPX|HOPX","blue"
"gene-ARL9|ARL9","grey"
"gene-SRP72|SRP72","ivory"
"gene-LEPROTL1|LEPROTL1","royalblue"
"gene-SARAF|SARAF","royalblue"
"gene-REST|REST","brown"
"gene-EPHA5|EPHA5","blue"
"gene-CENPC|CENPC","blue"
"gene-LOC140683972|LOC140683972","darkgrey"
"gene-UBA6|UBA6","brown"
"gene-LOC100223548|LOC100223548","turquoise"
"gene-YTHDC1|YTHDC1","turquoise"
"gene-LOC100226418|LOC100226418","green"
"gene-LOC100229245|LOC100229245","yellow"
"gene-LOC100190592|LOC100190592","yellow"
"gene-LOC100220601|LOC100220601","greenyellow"
"gene-AP5S1|AP5S1","pink"
"gene-SH2D4A|SH2D4A","lightcyan"
"gene-CSGALNACT1|CSGALNACT1","turquoise"
"gene-HGSNAT|HGSNAT","red"
"gene-INTS10|INTS10","palevioletred3"
"gene-POMK|POMK","grey"
"gene-SMIM19|SMIM19","yellow"
"gene-SLC20A2|SLC20A2","black"
"gene-FAM241A|FAM241A","blue"
"gene-ENPEP|ENPEP","red"
"gene-PLA2G12A|PLA2G12A","magenta"
"gene-CASP6|CASP6","blue"
"gene-MCUB|MCUB","blue"
"gene-SEC24B|SEC24B","brown"
"gene-LOC140683976|LOC140683976","green"
"gene-ELOVL6|ELOVL6","green"
"gene-LRIT3|LRIT3","turquoise"
"gene-RRH|RRH","turquoise"
"gene-GAR1|GAR1","grey"
"gene-CFI|CFI","brown"
"gene-COL25A1|COL25A1","grey"
"gene-ETNPPL|ETNPPL","greenyellow"
"gene-OSTC|OSTC","grey60"
"gene-LEF1|LEF1","blue"
"gene-RPL34|RPL34","pink"
"gene-SGMS2|SGMS2","black"
"gene-DKK2|DKK2","grey"
"gene-HADH|HADH","yellow"
"gene-CYP2U1|CYP2U1","purple"
"gene-PAPSS1|PAPSS1","brown"
"gene-GIMD1|GIMD1","green"
"gene-AIMP1|AIMP1","pink"
"gene-TBCK|TBCK","black"
"gene-LOC140683983|LOC140683983","red"
"gene-NPNT|NPNT","darkorange"
"gene-GSTCD|GSTCD","lightcyan"
"gene-INTS12|INTS12","turquoise"
"gene-ARHGEF38|ARHGEF38","mediumpurple3"
"gene-PPA2|PPA2","pink"
"gene-TET2|TET2","blue"
"gene-CXXC4|CXXC4","lightcyan"
"gene-BANK1|BANK1","blue"
"gene-PPP3CA|PPP3CA","blue"
"gene-CENPE|CENPE","blue"
"gene-LOC100222552|LOC100222552","turquoise"
"gene-UBE2D3|UBE2D3","grey60"
"gene-LOC100226425|LOC100226425","salmon"
"gene-BDH2|BDH2","red"
"gene-CISD2|CISD2","pink"
"gene-MANBA|MANBA","lightsteelblue1"
"gene-NFKB1|NFKB1","blue"
"gene-SLC39A8|SLC39A8","brown"
"gene-EMCN|EMCN","brown"
"gene-H2AZ1|H2AZ1","greenyellow"
"gene-DNAJB14|DNAJB14","brown"
"gene-DAPP1|DAPP1","blue"
"gene-LAMTOR3|LAMTOR3","blue"
"gene-MTTP|MTTP","green"
"gene-LOC140683988|LOC140683988","brown"
"gene-TRMT10A|TRMT10A","red"
"gene-LOC100218703|LOC100218703","green"
"gene-LOC100190137|LOC100190137","magenta"
"gene-LOC100222320|LOC100222320","magenta"
"gene-METAP1|METAP1","brown"
"gene-EIF4E|EIF4E","brown"
"gene-LOC140683989|LOC140683989","black"
"gene-TSPAN5|TSPAN5","salmon"
"gene-RAP1GDS1|RAP1GDS1","blue"
"gene-LOC140683993|LOC140683993","grey"
"gene-UNC5C|UNC5C","grey"
"gene-BMPR1B|BMPR1B","darkolivegreen"
"gene-LOC100220647|LOC100220647","blue"
"gene-PDLIM5|PDLIM5","brown"
"gene-HPGDS|HPGDS","yellow"
"gene-SMARCAD1|SMARCAD1","brown"
"gene-GRID2|GRID2","grey"
"gene-MMRN1|MMRN1","tan"
"gene-SNCA|SNCA","turquoise"
"gene-CCSER1|CCSER1","red"
"gene-GPRIN3|GPRIN3","blue"
"gene-HERC3|HERC3","lightyellow"
"gene-FAM13A|FAM13A","green"
"gene-LOC100228372|LOC100228372","magenta"
"gene-LOC101233514|LOC101233514","darkorange"
"gene-PYURF|PYURF","pink"
"gene-PIGY|PIGY","darkred"
"gene-IGFBP7|IGFBP7","darkorange"
"gene-POLR2B|POLR2B","brown"
"gene-NOA1|NOA1","grey"
"gene-LOC140683869|LOC140683869","cyan"
"gene-ADGRL3|ADGRL3","grey"
"gene-LOC115493508|LOC115493508","palevioletred3"
"gene-RASGEF1B|RASGEF1B","blue"
"gene-HNRNPD|HNRNPD","turquoise"
"gene-SCD5|SCD5","purple"
"gene-TMEM150C|TMEM150C","blue"
"gene-HNRNPDL|HNRNPDL","turquoise"
"gene-ENOPH1|ENOPH1","royalblue"
"gene-ARHGAP24|ARHGAP24","purple"
"gene-THAP9|THAP9","turquoise"
"gene-SEC31A|SEC31A","salmon"
"gene-LIN54|LIN54","turquoise"
"gene-COPS4|COPS4","brown"
"gene-MAPK10|MAPK10","paleturquoise"
"gene-PTPN13|PTPN13","blue"
"gene-AFF1|AFF1","purple"
"gene-HHIP|HHIP","black"
"gene-SMAD1|SMAD1","lightcyan"
"gene-LOC140683996|LOC140683996","red"
"gene-MMAA|MMAA","black"
"gene-OTUD4|OTUD4","turquoise"
"gene-ANAPC10|ANAPC10","darkred"
"gene-ABCE1|ABCE1","green"
"gene-LOC115495057|LOC115495057","red"
"gene-ZNF827|ZNF827","darkslateblue"
"gene-LSM6|LSM6","turquoise"
"gene-SLC10A7|SLC10A7","brown"
"gene-LOC100230182|LOC100230182","skyblue3"
"gene-REELD1|REELD1","tan"
"gene-TTC29|TTC29","cyan"
"gene-EDNRA|EDNRA","brown"
"gene-TMEM184C|TMEM184C","brown"
"gene-PRMT9|PRMT9","blue"
"gene-ARHGAP10|ARHGAP10","floralwhite"
"gene-NR3C2|NR3C2","red"
"gene-LOC115495058|LOC115495058","red"
"gene-DCLK2|DCLK2","darkorange"
"gene-LRBA|LRBA","green"
"gene-MAB21L2|MAB21L2","grey"
"gene-LOC140683998|LOC140683998","brown"
"gene-PPM1K|PPM1K","red"
"gene-WDFY3|WDFY3","blue"
"gene-NOCT|NOCT","green"
"gene-ELF2|ELF2","darkmagenta"
"gene-MGARP|MGARP","grey"
"gene-NDUFC1|NDUFC1","yellow"
"gene-NAA15|NAA15","brown"
"gene-RAB33B|RAB33B","brown"
"gene-LOC115495061|LOC115495061","lightyellow"
"gene-SETD7|SETD7","blue"
"gene-SMARCA5|SMARCA5","blue"
"gene-GAB1|GAB1","black"
"gene-LOC140684000|LOC140684000","red"
"gene-LOC116808210|LOC116808210","black"
"gene-LOC140683999|LOC140683999","grey60"
"gene-USP38|USP38","brown"
"gene-INPP4B|INPP4B","white"
"gene-LOC140684001|LOC140684001","grey"
"gene-IL15|IL15","grey60"
"gene-ZNF330|ZNF330","grey"
"gene-RNF150|RNF150","black"
"gene-TBC1D9|TBC1D9","blue"
"gene-MGAT4D|MGAT4D","tan"
"gene-ELMOD2|ELMOD2","green"
"gene-CLGN|CLGN","grey"
"gene-SCOC|SCOC","brown"
"gene-LOC121469917|LOC121469917","grey"
"gene-CDS1|CDS1","cyan"
"gene-LOC105760489|LOC105760489","skyblue3"
"gene-MAML3|MAML3","turquoise"
"gene-KLHL8|KLHL8","blue"
"gene-SPARCL1|SPARCL1","turquoise"
"gene-ABRAXAS1|ABRAXAS1","red"
"gene-LOC100220060|LOC100220060","turquoise"
"gene-LOC100229546|LOC100229546","purple"
"gene-LOC101232972|LOC101232972","grey"
"gene-NUDT9|NUDT9","red"
"gene-SPP1|SPP1","tan"
"gene-PKD2|PKD2","tan"
"gene-ABCG2|ABCG2","lavenderblush3"
"gene-LOC105759190|LOC105759190","blue"
"gene-COQ2|COQ2","yellow"
"gene-HPSE|HPSE","grey"
"gene-HELQ|HELQ","lightyellow"
"gene-MRPS18C|MRPS18C","turquoise"
"gene-LOC100225801|LOC100225801","purple"
"gene-FAT4|FAT4","grey"
"gene-ANKRD50|ANKRD50","darkturquoise"
"gene-LOC140684005|LOC140684005","grey"
"gene-LARP1B|LARP1B","magenta"
"gene-PLK4|PLK4","blue"
"gene-INTU|INTU","red"
"gene-SCLT1|SCLT1","lightgreen"
"gene-JADE1|JADE1","lightcyan"
"gene-LOC121469922|LOC121469922","turquoise"
"gene-PGRMC2|PGRMC2","yellow"
"gene-ABHD18|ABHD18","lightcyan"
"gene-MFSD8|MFSD8","black"
"gene-LOC140684007|LOC140684007","lightgreen"
"gene-HSPA4L|HSPA4L","purple"
"gene-LOC115494806|LOC115494806","turquoise"
"gene-SPRY1|SPRY1","turquoise"
"gene-AFG2A|AFG2A","black"
"gene-NUDT6|NUDT6","red"
"gene-FGF2|FGF2","blue"
"gene-BBS12|BBS12","plum2"
"gene-LOC100226754|LOC100226754","violet"
"gene-LOC115495075|LOC115495075","grey"
"gene-TRPC3|TRPC3","black"
"gene-BBS7|BBS7","lightsteelblue1"
"gene-BLTP1|BLTP1","darkgrey"
"gene-ADAD1|ADAD1","turquoise"
"gene-CCNA2|CCNA2","blue"
"gene-EXOSC9|EXOSC9","red"
"gene-QRFPR|QRFPR","grey"
"gene-ANXA5|ANXA5","blue"
"gene-TNIP3|TNIP3","blue"
"gene-NDNF|NDNF","cyan"
"gene-PRDM5|PRDM5","grey"
"gene-LOC115495079|LOC115495079","darkred"
"gene-LOC100229648|LOC100229648","cyan"
"gene-LOC140684009|LOC140684009","grey"
"gene-PDE5A|PDE5A","blue"
"gene-USP53|USP53","turquoise"
"gene-MYOZ2|MYOZ2","red"
"gene-LOC140684011|LOC140684011","turquoise"
"gene-METTL14|METTL14","turquoise"
"gene-MAD2L1|MAD2L1","blue"
"gene-RPL7L1|RPL7L1","brown"
"gene-LOC101233937|LOC101233937","pink"
"gene-LOC115495082|LOC115495082","lightcyan"
"gene-SYNPO2|SYNPO2","blue"
"gene-SEC24D|SEC24D","brown"
"gene-PRSS12|PRSS12","tan"
"gene-LOC115495184|LOC115495184","grey"
"gene-UGT8|UGT8","midnightblue"
"gene-ARSJ|ARSJ","cyan"
"gene-CAMK2D|CAMK2D","blue"
"gene-ANK2|ANK2","palevioletred3"
"gene-LARP7|LARP7","turquoise"
"gene-ZGRF1|ZGRF1","turquoise"
"gene-ALPK1|ALPK1","blue"
"gene-TIFA|TIFA","blue"
"gene-AP1AR|AP1AR","green"
"gene-PARM1|PARM1","grey"
"gene-BTC|BTC","turquoise"
"gene-CDKL2|CDKL2","grey"
"gene-RCHY1|RCHY1","grey"
"gene-GC|GC","yellow"
"gene-LOC115495104|LOC115495104","red"
"gene-LOC140684013|LOC140684013","darkred"
"gene-GTF2E2|GTF2E2","brown"
"gene-WRN|WRN","white"
"gene-DCTN6|DCTN6","salmon"
"gene-RBPMS|RBPMS","brown"
"gene-LOC140684014|LOC140684014","turquoise"
"gene-PURG|PURG","turquoise"
"gene-PPP2CB|PPP2CB","saddlebrown"
"gene-GSR|GSR","turquoise"
"gene-NPFFR2|NPFFR2","grey"
"gene-LOC115495107|LOC115495107","bisque4"
"gene-FRAS1|FRAS1","tan"
"gene-MRPL1|MRPL1","yellow"
"gene-LOC140684015|LOC140684015","darkgrey"
"gene-CNOT6L|CNOT6L","brown"
"gene-LOC140684016|LOC140684016","red"
"gene-CCNG2|CCNG2","brown"
"gene-CCNI|CCNI","yellow"
"gene-LOC140684017|LOC140684017","grey"
"gene-SEPTIN11|SEPTIN11","salmon"
"gene-SOWAHB|SOWAHB","yellow"
"gene-SHROOM3|SHROOM3","greenyellow"
"gene-LOC100227202|LOC100227202","yellow"
"gene-STBD1|STBD1","magenta"
"gene-SCARB2|SCARB2","brown"
"gene-NUP54|NUP54","black"
"gene-PPEF2|PPEF2","darkgrey"
"gene-NAAA|NAAA","grey60"
"gene-SDAD1|SDAD1","salmon"
"gene-JCHAIN|JCHAIN","grey"
"gene-UTP3|UTP3","pink"
"gene-RUFY3|RUFY3","darkmagenta"
"gene-GRSF1|GRSF1","yellow"
"gene-DCK|DCK","blue"
"gene-MOB1B|MOB1B","brown"
"gene-SLC4A4|SLC4A4","purple"
"gene-LOC121469956|LOC121469956","turquoise"
"gene-LOC121469937|LOC121469937","lightyellow"
"gene-LOC121469938|LOC121469938","turquoise"
"gene-ADAMTS3|ADAMTS3","turquoise"
"gene-AREG|AREG","darkmagenta"
"gene-LOC100222345|LOC100222345","blue"
"gene-USO1|USO1","royalblue"
"gene-LOC100224318|LOC100224318","turquoise"
"gene-LOC140684020|LOC140684020","grey"
"gene-LOC116808100|LOC116808100","lightpink4"
"gene-RASSF6|RASSF6","skyblue3"
"gene-BMP3|BMP3","blue"
"gene-LOC121469941|LOC121469941","blue"
"gene-LOC115495126|LOC115495126","lightpink4"
"gene-ANTXR2|ANTXR2","darkturquoise"
"gene-BMP2K|BMP2K","blue"
"gene-PAQR3|PAQR3","bisque4"
"gene-LOC115495130|LOC115495130","turquoise"
"gene-PCDH18|PCDH18","green"
"gene-PCDH10|PCDH10","turquoise"
"gene-LOC116806620|LOC116806620","turquoise"
"gene-LOC140684029|LOC140684029","turquoise"
"gene-LOC140684138|LOC140684138","turquoise"
"gene-CD40LG|CD40LG","blue"
"gene-BRS3|BRS3","darkgrey"
"gene-LOC140684140|LOC140684140","grey"
"gene-VGLL1|VGLL1","turquoise"
"gene-LOC140680260|LOC140680260","tan"
"gene-HTATSF1|HTATSF1","brown"
"gene-ARHGEF6|ARHGEF6","turquoise"
"gene-RBMX|RBMX","turquoise"
"gene-LOC100225043|LOC100225043","brown"
"gene-FGF13|FGF13","orangered4"
"gene-MCF2|MCF2","tan"
"gene-F9|F9","magenta"
"gene-NOX1|NOX1","ivory"
"gene-XKRX|XKRX","bisque4"
"gene-ATP11C|ATP11C","lightcyan"
"gene-CSTF2|CSTF2","turquoise"
"gene-TRMT12|TRMT12","turquoise"
"gene-SYTL4|SYTL4","magenta"
"gene-TSPAN6|TSPAN6","grey"
"gene-PCDH19|PCDH19","black"
"gene-LOC140684145|LOC140684145","turquoise"
"gene-DIAPH2|DIAPH2","brown"
"gene-PCDH11X|PCDH11X","greenyellow"
"gene-KLHL4|KLHL4","grey"
"gene-DACH2|DACH2","grey"
"gene-CHM|CHM","brown"
"gene-LOC140684148|LOC140684148","red"
"gene-POF1B|POF1B","turquoise"
"gene-ZNF711|ZNF711","turquoise"
"gene-LOC140684149|LOC140684149","pink"
"gene-APOOL|APOOL","green"
"gene-LOC100218233|LOC100218233","blue"
"gene-HDX|HDX","yellow"
"gene-POU3F4|POU3F4","lightcyan1"
"gene-LOC140684151|LOC140684151","brown"
"gene-LOC115495212|LOC115495212","red"
"gene-RPS6KA6|RPS6KA6","red"
"gene-COX18|COX18","greenyellow"
"gene-ANKRD17|ANKRD17","turquoise"
"gene-LOC115495119|LOC115495119","grey60"
"gene-ALB|ALB","magenta"
"gene-G3BP2|G3BP2","brown"
"gene-LOC100219761|LOC100219761","blue"
"gene-SH3BGRL|SH3BGRL","greenyellow"
"gene-HMGN5|HMGN5","greenyellow"
"gene-LOC140684155|LOC140684155","greenyellow"
"gene-LOC115495215|LOC115495215","lightcyan1"
"gene-BRWD3|BRWD3","turquoise"
"gene-CHMP1B|CHMP1B","blue"
"gene-GPR174|GPR174","blue"
"gene-LOC100230295|LOC100230295","blue"
"gene-P2RY10|P2RY10","blue"
"gene-LOC115495219|LOC115495219","blue"
"gene-ITM2A|ITM2A","blue"
"gene-LPAR4|LPAR4","greenyellow"
"gene-CYSLTR1|CYSLTR1","blue"
"gene-LOC100223640|LOC100223640","turquoise"
"gene-LOC100226560|LOC100226560","turquoise"
"gene-LOC100223684|LOC100223684","blue"
"gene-EDA|EDA","grey"
"gene-NALF2|NALF2","midnightblue"
"gene-KIF4A|KIF4A","blue"
"gene-ARR3|ARR3","salmon"
"gene-TAF9B|TAF9B","turquoise"
"gene-LOC140684156|LOC140684156","red"
"gene-PDZD11|PDZD11","red"
"gene-RAB41|RAB41","turquoise"
"gene-LOC100222691|LOC100222691","blue"
"gene-P2RY4|P2RY4","yellow"
"gene-LOC100232309|LOC100232309","yellow"
"gene-IGBP1|IGBP1","purple"
"gene-EFNB1|EFNB1","brown"
"gene-STARD8|STARD8","midnightblue"
"gene-YIPF6|YIPF6","brown"
"gene-OPHN1|OPHN1","blue"
"gene-LOC140684158|LOC140684158","grey"
"gene-AR|AR","purple"
"gene-EDA2R|EDA2R","blue"
"gene-LOC100226496|LOC100226496","green"
"gene-HEPH|HEPH","grey"
"gene-LOC100217839|LOC100217839","red"
"gene-LOC115495221|LOC115495221","blue"
"gene-VSIG4|VSIG4","blue"
"gene-LOC116808418|LOC116808418","blue"
"gene-LOC115495222|LOC115495222","blue"
"gene-MSN|MSN","blue"
"gene-ZC3H12B|ZC3H12B","turquoise"
"gene-ZC4H2|ZC4H2","black"
"gene-LAS1L|LAS1L","blue"
"gene-FHL1|FHL1","blue"
"gene-MAP7D3|MAP7D3","blue"
"gene-SLC9A6|SLC9A6","black"
"gene-MMGT1|MMGT1","grey"
"gene-LOC100220752|LOC100220752","turquoise"
"gene-MOSPD1|MOSPD1","purple"
"gene-LOC100219814|LOC100219814","skyblue"
"gene-LOC100227536|LOC100227536","brown"
"gene-LOC115495295|LOC115495295","turquoise"
"gene-LOC115495223|LOC115495223","grey"
"gene-LOC116808422|LOC116808422","red"
"gene-HPRT1|HPRT1","blue"
"gene-PHF6|PHF6","brown"
"gene-GPC3|GPC3","yellow"
"gene-GPC4|GPC4","red"
"gene-HS6ST2|HS6ST2","green"
"gene-LOC140684162|LOC140684162","turquoise"
"gene-MBNL3|MBNL3","turquoise"
"gene-RAP2C|RAP2C","blue"
"gene-FRMD7|FRMD7","turquoise"
"gene-STK26|STK26","brown"
"gene-AGTR2|AGTR2","turquoise"
"gene-PLS3|PLS3","darkmagenta"
"gene-SLC6A14|SLC6A14","tan"
"gene-KLHL13|KLHL13","blue"
"gene-WDR44|WDR44","green"
"gene-DOCK11|DOCK11","blue"
"gene-IL1RAPL2|IL1RAPL2","green"
"gene-ESX1|ESX1","turquoise"
"gene-LOC115495232|LOC115495232","turquoise"
"gene-RADX|RADX","blue"
"gene-LOC116808427|LOC116808427","grey"
"gene-NRK|NRK","blue"
"gene-IL13RA1|IL13RA1","lightcyan"
"gene-FAM199X|FAM199X","brown"
"gene-COMMD5|COMMD5","thistle2"
"gene-LONRF3|LONRF3","magenta"
"gene-KIAA1210|KIAA1210","darkturquoise"
"gene-LOC115495234|LOC115495234","palevioletred3"
"gene-LOC105759171|LOC105759171","red"
"gene-PGRMC1|PGRMC1","green"
"gene-SLC25A43|SLC25A43","purple"
"gene-SLC25A5|SLC25A5","greenyellow"
"gene-LOC140684167|LOC140684167","grey"
"gene-STEEP1|STEEP1","magenta"
"gene-UBE2A|UBE2A","purple"
"gene-NKRF|NKRF","green"
"gene-SEPTIN6|SEPTIN6","darkturquoise"
"gene-SOWAHD|SOWAHD","blue"
"gene-MCTS1|MCTS1","yellow"
"gene-C1GALT1C1|C1GALT1C1","grey60"
"gene-GRIA3|GRIA3","blue"
"gene-LOC121469984|LOC121469984","lightcyan"
"gene-RPL39|RPL39","pink"
"gene-LOC115495297|LOC115495297","grey"
"gene-UPF3B|UPF3B","greenyellow"
"gene-NDUFA1|NDUFA1","pink"
"gene-AKAP14|AKAP14","sienna3"
"gene-NKAP|NKAP","red"
"gene-ZBTB33|ZBTB33","brown"
"gene-TMEM255A|TMEM255A","grey"
"gene-ATP1B4|ATP1B4","grey"
"gene-LAMP2|LAMP2","grey"
"gene-CUL4B|CUL4B","brown"
"gene-THOC2|THOC2","turquoise"
"gene-XIAP|XIAP","grey"
"gene-STAG2|STAG2","black"
"gene-SH2D1A|SH2D1A","blue"
"gene-TENM1|TENM1","red"
"gene-SMARCA1|SMARCA1","violet"
"gene-GAB3|GAB3","blue"
"gene-LOC100230284|LOC100230284","brown"
"gene-VBP1|VBP1","blue"
"gene-RAB39B|RAB39B","darkturquoise"
"gene-LOC100231283|LOC100231283","magenta"
"gene-VSIG1|VSIG1","grey"
"gene-LOC140684168|LOC140684168","grey"
"gene-PSMD10|PSMD10","grey"
"gene-ATG4A|ATG4A","brown"
"gene-COL4A6|COL4A6","midnightblue"
"gene-COL4A5|COL4A5","lightgreen"
"gene-IRS4|IRS4","red"
"gene-LOC105759170|LOC105759170","darkgrey"
"gene-NXT2|NXT2","lightcyan"
"gene-ACSL4|ACSL4","black"
"gene-TMEM164|TMEM164","blue"
"gene-CHRDL1|CHRDL1","grey"
"gene-AMMECR1|AMMECR1","darkmagenta"
"gene-LOC140684170|LOC140684170","grey"
"gene-PAK3|PAK3","blue"
"gene-RNF128|RNF128","brown"
"gene-PASD1|PASD1","darkmagenta"
"gene-TBC1D8B|TBC1D8B","brown"
"gene-VMA21|VMA21","black"
"gene-GPR50|GPR50","turquoise"
"gene-HMGB3|HMGB3","red"
"gene-CD99L2|CD99L2","green"
"gene-MTMR1|MTMR1","brown"
"gene-MTM1|MTM1","brown"
"gene-MAMLD1|MAMLD1","black"
"gene-LOC100218829|LOC100218829","green"
"gene-TMEM185A|TMEM185A","saddlebrown"
"gene-IDS|IDS","grey"
"gene-AFF2|AFF2","brown"
"gene-SLITRK2|SLITRK2","grey"
"gene-FMR1|FMR1","yellow"
"gene-FMR1NB|FMR1NB","yellow"
"gene-RPGRIP1L|RPGRIP1L","black"
"gene-RBM11|RBM11","turquoise"
"gene-RPS4X|RPS4X","pink"
"gene-HDAC8|HDAC8","salmon4"
"gene-PHKA1|PHKA1","lightcyan"
"gene-CCNB3|CCNB3","blue"
"gene-DGKK|DGKK","grey"
"gene-SHROOM4|SHROOM4","blue"
"gene-LOC100220740|LOC100220740","blue"
"gene-LOC100229375|LOC100229375","blue"
"gene-LOC115495252|LOC115495252","blue"
"gene-FAAH2|FAAH2","darkorange2"
"gene-TSC22D3|TSC22D3","skyblue3"
"gene-MID2|MID2","midnightblue"
"gene-NHSL2|NHSL2","blue"
"gene-PIN4|PIN4","yellow"
"gene-LOC105759153|LOC105759153","blue"
"gene-ARHGAP36|ARHGAP36","darkgreen"
"gene-ERCC6L|ERCC6L","blue"
"gene-OCRL|OCRL","magenta"
"gene-XPNPEP2|XPNPEP2","green"
"gene-SASH3|SASH3","blue"
"gene-ZDHHC9|ZDHHC9","brown"
"gene-UTP14A|UTP14A","brown"
"gene-BCORL1|BCORL1","blue"
"gene-LOC115495255|LOC115495255","grey"
"gene-AIFM1|AIFM1","yellow"
"gene-MARS2|MARS2","yellow"
"gene-RAB33A|RAB33A","steelblue"
"gene-RBMX2|RBMX2","turquoise"
"gene-SLC25A14|SLC25A14","turquoise"
"gene-ENOX2|ENOX2","green"
"gene-LOC115495286|LOC115495286","grey"
"gene-LOC100229350|LOC100229350","brown"
"gene-LOC115495264|LOC115495264","brown4"
"gene-LOC115495258|LOC115495258","royalblue"
"gene-TMLHE|TMLHE","green"
"gene-SPRY3|SPRY3","brown"
"gene-LOC115495261|LOC115495261","blue"
"gene-LOC140684173|LOC140684173","blue"
"gene-ZNF185|ZNF185","grey"
"gene-LOC100221701|LOC100221701","greenyellow"
"gene-LOC100189957|LOC100189957","turquoise"
"gene-VAMP7|VAMP7","brown"
"gene-NSDHL|NSDHL","purple"
"gene-CETN2|CETN2","grey"
"gene-LOC100232337|LOC100232337","red"
"gene-GLOD5|GLOD5","paleturquoise"
"gene-LOC100220779|LOC100220779","blue"
"gene-LOC100227542|LOC100227542","blue"
"gene-LOC100224661|LOC100224661","tan"
"gene-KLF8|KLF8","darkorange"
"gene-LOC100221727|LOC100221727","pink"
"gene-LOC115495268|LOC115495268","turquoise"
"gene-C4AH8orf48|C4AH8orf48","yellow"
"gene-LOC100231272|LOC100231272","grey"
"gene-AMER1|AMER1","brown"
"gene-ARHGEF9|ARHGEF9","greenyellow"
"gene-LOC100229347|LOC100229347","green"
"gene-CHIC1|CHIC1","purple"
"gene-LOC100217869|LOC100217869","turquoise"
"gene-LOC100230322|LOC100230322","maroon"
"gene-LOC100228496|LOC100228496","brown"
"gene-LOC100190002|LOC100190002","brown"
"gene-LOC100221700|LOC100221700","steelblue"
"gene-SLC16A2|SLC16A2","yellow"
"gene-RLIM|RLIM","brown"
"gene-NEXMIF|NEXMIF","violet"
"gene-ABCB7|ABCB7","yellow"
"gene-UPRT|UPRT","grey"
"gene-ZDHHC15|ZDHHC15","grey"
"gene-ATRX|ATRX","brown"
"gene-MAGT1|MAGT1","royalblue"
"gene-COX7B|COX7B","yellow"
"gene-CAPN6|CAPN6","grey"
"gene-LOC100228420|LOC100228420","red"
"gene-DCX|DCX","tan"
"gene-ATP7A|ATP7A","turquoise"
"gene-PGK1|PGK1","green"
"gene-AMOT|AMOT","grey"
"gene-LOC105759159|LOC105759159","yellow"
"gene-LOC100144431|LOC100144431","grey"
"gene-CNGA2|CNGA2","darkslateblue"
"gene-LOC100225216|LOC100225216","red"
"gene-PRRG3|PRRG3","turquoise"
"gene-CLDN2|CLDN2","brown4"
"gene-FRMPD3|FRMPD3","yellow"
"gene-RBM41|RBM41","grey"
"gene-LOC121470002|LOC121470002","red"
"gene-LOC121469997|LOC121469997","blue"
"gene-LOC140684181|LOC140684181","turquoise"
"gene-LOC121469998|LOC121469998","turquoise"
"gene-DNAAF6|DNAAF6","darkgreen"
"gene-PRPS1|PRPS1","brown"
"gene-TMSB15B|TMSB15B","blue"
"gene-RAB9B|RAB9B","brown"
"gene-LOC100221380|LOC100221380","lightpink4"
"gene-PLP1|PLP1","red"
"gene-LOC121470007|LOC121470007","maroon"
"gene-LOC140684183|LOC140684183","turquoise"
"gene-GLA|GLA","salmon4"
"gene-RPL36A|RPL36A","pink"
"gene-LOC100225279|LOC100225279","orange"
"gene-LOC105760210|LOC105760210","salmon"
"gene-BTK|BTK","blue"
"gene-TIMM8A|TIMM8A","green"
"gene-TAF7L|TAF7L","yellow"
"gene-TMEM35A|TMEM35A","blue"
"gene-DRP2|DRP2","grey"
"gene-CENPI|CENPI","grey"
"gene-TRMT2B|TRMT2B","turquoise"
"gene-LOC101234180|LOC101234180","turquoise"
"gene-DKC1|DKC1","ivory"
"gene-LOC115495293|LOC115495293","greenyellow"
"gene-LOC115495299|LOC115495299","tan"
"gene-MPP1|MPP1","brown"
"gene-F8|F8","greenyellow"
"gene-FUNDC2|FUNDC2","brown"
"gene-MTCP1|MTCP1","grey"
"gene-CMC4|CMC4","grey"
"gene-BRCC3|BRCC3","turquoise"
"gene-GCNA|GCNA","plum2"
"gene-OGT|OGT","turquoise"
"gene-ITGB1BP2|ITGB1BP2","turquoise"
"gene-TAF1|TAF1","grey"
"gene-LOC100226244|LOC100226244","brown"
"gene-NLGN3|NLGN3","grey"
"gene-NONO|NONO","blue"
"gene-ZMYM3|ZMYM3","turquoise"
"gene-LOC100222314|LOC100222314","magenta"
"gene-GJB1|GJB1","yellow"
"gene-SLC7A3|SLC7A3","blue"
"gene-LOC105759174|LOC105759174","turquoise"
"gene-MED12|MED12","turquoise"
"gene-IL2RG|IL2RG","blue"
"gene-LOC100220428|LOC100220428","mediumpurple3"
"gene-FOXO4|FOXO4","royalblue"
"gene-SNX12|SNX12","saddlebrown"
"gene-TEX11|TEX11","turquoise"
"gene-LOC100190722|LOC100190722","blue"
"gene-DLG3|DLG3","darkgreen"
"gene-IL13RA2|IL13RA2","green"
"gene-LOC115495280|LOC115495280","greenyellow"
"gene-LRCH2|LRCH2","turquoise"
"gene-LOC105759175|LOC105759175","green"
"gene-LOC100224235|LOC100224235","turquoise"
"gene-LUZP2|LUZP2","turquoise"
"gene-LOC140684210|LOC140684210","turquoise"
"gene-LOC140684211|LOC140684211","red"
"gene-SVIP|SVIP","grey60"
"gene-GAS2|GAS2","tan"
"gene-FANCF|FANCF","turquoise"
"gene-LOC121470053|LOC121470053","black"
"gene-LOC121470114|LOC121470114","lightcyan"
"gene-ANO5|ANO5","blue"
"gene-NELL1|NELL1","black"
"gene-LOC105760050|LOC105760050","darkred"
"gene-LOC115495368|LOC115495368","turquoise"
"gene-BBOX1|BBOX1","green"
"gene-FIBIN|FIBIN","green"
"gene-SLC5A12|SLC5A12","lightyellow"
"gene-KIF18A|KIF18A","blue"
"gene-LOC100224227|LOC100224227","turquoise"
"gene-LGR4|LGR4","grey"
"gene-LIN7C|LIN7C","brown"
"gene-METTL15|METTL15","darkgrey"
"gene-LOC140684205|LOC140684205","grey"
"gene-LOC121469915|LOC121469915","lightyellow"
"gene-LOC121470037|LOC121470037","darkolivegreen"
"gene-LOC121470038|LOC121470038","lightyellow"
"gene-LOC121469913|LOC121469913","darkred"
"gene-ARL14EP|ARL14EP","brown"
"gene-MPPED2|MPPED2","blue"
"gene-LOC115495377|LOC115495377","grey"
"gene-DNAJC24|DNAJC24","royalblue"
"gene-IMMP1L|IMMP1L","grey60"
"gene-LOC115495379|LOC115495379","turquoise"
"gene-ELP4|ELP4","grey"
"gene-LOC121470036|LOC121470036","lightsteelblue1"
"gene-LOC121470029|LOC121470029","red"
"gene-RCN1|RCN1","brown"
"gene-LOC100231973|LOC100231973","red"
"gene-WT1|WT1","darkturquoise"
"gene-EIF3M|EIF3M","red"
"gene-CCDC73|CCDC73","lightyellow"
"gene-QSER1|QSER1","green"
"gene-PRRG4|PRRG4","lightyellow"
"gene-DEPDC7|DEPDC7","brown"
"gene-TCP11L1|TCP11L1","lightyellow"
"gene-CSTF3|CSTF3","turquoise"
"gene-LOC140684224|LOC140684224","red"
"gene-HIPK3|HIPK3","purple"
"gene-KIAA1549L|KIAA1549L","grey"
"gene-SPON1|SPON1","blue"
"gene-SYT9|SYT9","magenta"
"gene-FAR1|FAR1","blue"
"gene-PPFIBP2|PPFIBP2","green"
"gene-CYB5R2|CYB5R2","green"
"gene-LOC140684226|LOC140684226","turquoise"
"gene-RASSF10|RASSF10","grey"
"gene-BTBD10|BTBD10","grey"
"gene-BMAL1|BMAL1","greenyellow"
"gene-TEAD1|TEAD1","turquoise"
"gene-PARVA|PARVA","grey"
"gene-MICAL2|MICAL2","green"
"gene-DKK3|DKK3","tan"
"gene-GALNT18|GALNT18","green"
"gene-USP47|USP47","royalblue"
"gene-LOC140684227|LOC140684227","maroon"
"gene-LOC140684230|LOC140684230","maroon"
"gene-LOC115495387|LOC115495387","darkred"
"gene-ZDHHC13|ZDHHC13","grey"
"gene-E2F8|E2F8","blue"
"gene-CSRP3|CSRP3","darkgreen"
"gene-LOC140684232|LOC140684232","turquoise"
"gene-NAV2|NAV2","plum1"
"gene-PRMT3|PRMT3","black"
"gene-LOC140684233|LOC140684233","turquoise"
"gene-LOC140684235|LOC140684235","grey"
"gene-LOC140684234|LOC140684234","grey"
"gene-LOC140684236|LOC140684236","grey"
"gene-LOC121470061|LOC121470061","lightpink4"
"gene-LOC116806610|LOC116806610","midnightblue"
"gene-DHCR7|DHCR7","green"
"gene-NADSYN1|NADSYN1","grey"
"gene-TPCN2|TPCN2","grey"
"gene-SMIM38|SMIM38","turquoise"
"gene-LOC140684238|LOC140684238","darkred"
"gene-CCND1|CCND1","blue"
"gene-LTO1|LTO1","grey"
"gene-ANO1|ANO1","purple"
"gene-FADD|FADD","brown"
"gene-PPFIA1|PPFIA1","brown"
"gene-CTTN|CTTN","grey"
"gene-SHANK2|SHANK2","purple"
"gene-LOC115495400|LOC115495400","grey"
"gene-LOC140684239|LOC140684239","grey"
"gene-LOC100218173|LOC100218173","green"
"gene-LOC115495401|LOC115495401","greenyellow"
"gene-FBXO3|FBXO3","greenyellow"
"gene-LMO2|LMO2","blue"
"gene-LOC121470096|LOC121470096","grey"
"gene-CAPRIN1|CAPRIN1","blue"
"gene-NAT10|NAT10","darkgreen"
"gene-LOC140684241|LOC140684241","turquoise"
"gene-ABTB2|ABTB2","blue"
"gene-LOC100228631|LOC100228631","greenyellow"
"gene-CAT|CAT","yellow"
"gene-FADS1|FADS1","green"
"gene-LOC115495659|LOC115495659","blue"
"gene-RAB3IL1|RAB3IL1","yellowgreen"
"gene-LOC100222881|LOC100222881","greenyellow"
"gene-BEST1|BEST1","turquoise"
"gene-FTH1|FTH1","blue"
"gene-RHOD|RHOD","grey"
"gene-LOC121470097|LOC121470097","grey"
"gene-LOC115490544|LOC115490544","blue"
"gene-LOC140680234|LOC140680234","black"
"gene-LOC115495350|LOC115495350","grey"
"gene-LOC140684209|LOC140684209","yellowgreen"
"gene-LOC115495663|LOC115495663","black"
"gene-LOC140684243|LOC140684243","grey"
"gene-LOC115495661|LOC115495661","grey"
"gene-SSH3|SSH3","blue"
"gene-KDM2A|KDM2A","tan"
"gene-GRK2|GRK2","turquoise"
"gene-ANKRD13D|ANKRD13D","blue"
"gene-POLD4|POLD4","darkgreen"
"gene-CLCF1|CLCF1","yellow"
"gene-RAD9A|RAD9A","darkgreen"
"gene-PPP1CA|PPP1CA","yellow"
"gene-RPS6KB2|RPS6KB2","turquoise"
"gene-PTPRCAP|PTPRCAP","salmon"
"gene-CORO1B|CORO1B","turquoise"
"gene-CABP4|CABP4","darkgrey"
"gene-OSBP|OSBP","grey60"
"gene-PATL1|PATL1","turquoise"
"gene-STX3|STX3","blue"
"gene-MRPL16|MRPL16","yellow"
"gene-LOC100229557|LOC100229557","palevioletred3"
"gene-LOC140684245|LOC140684245","brown"
"gene-CCDC86|CCDC86","yellow"
"gene-LOC115495423|LOC115495423","yellow"
"gene-ZP1|ZP1","turquoise"
"gene-PRPF19|PRPF19","brown"
"gene-TMEM109|TMEM109","salmon"
"gene-TMEM132A|TMEM132A","steelblue"
"gene-CD6|CD6","blue"
"gene-CD5|CD5","blue"
"gene-LOC115495428|LOC115495428","grey"
"gene-CYB561A3|CYB561A3","blue"
"gene-TMEM138|TMEM138","plum2"
"gene-TMEM216|TMEM216","grey"
"gene-CPSF7|CPSF7","turquoise"
"gene-SDHAF2|SDHAF2","yellow"
"gene-SYT7|SYT7","tan"
"gene-DAGLA|DAGLA","blue"
"gene-VPS37C|VPS37C","darkgrey"
"gene-LOC100231572|LOC100231572","lightgreen"
"gene-VWCE|VWCE","turquoise"
"gene-DDB1|DDB1","brown"
"gene-TKFC|TKFC","magenta"
"gene-MYRF|MYRF","lavenderblush3"
"gene-LOC140684246|LOC140684246","turquoise"
"gene-TMEM258|TMEM258","turquoise"
"gene-FEN1|FEN1","blue"
"gene-LOC115495431|LOC115495431","pink"
"gene-LOC100230622|LOC100230622","blue"
"gene-DEAF1|DEAF1","turquoise"
"gene-TMEM80|TMEM80","ivory"
"gene-EPS8L2|EPS8L2","purple"
"gene-SYT12|SYT12","mediumpurple3"
"gene-PTDSS2|PTDSS2","yellow"
"gene-SIRT3|SIRT3","grey60"
"gene-RIC8A|RIC8A","blue"
"gene-TNKS1BP1|TNKS1BP1","salmon"
"gene-LOC115495440|LOC115495440","midnightblue"
"gene-SLC43A3|SLC43A3","blue"
"gene-LOC115495446|LOC115495446","turquoise"
"gene-CDHR5|CDHR5","grey"
"gene-LOC115495432|LOC115495432","turquoise"
"gene-RMDN3|RMDN3","magenta"
"gene-GCHFR|GCHFR","red"
"gene-DNAJC17|DNAJC17","lightyellow"
"gene-C5H15orf62|C5H15orf62","turquoise"
"gene-LOC121468017|LOC121468017","greenyellow"
"gene-LOC115495434|LOC115495434","darkred"
"gene-MRPL21|MRPL21","yellow"
"gene-IGHMBP2|IGHMBP2","turquoise"
"gene-ANO9|ANO9","lightpink4"
"gene-LOC140684247|LOC140684247","turquoise"
"gene-SIGIRR|SIGIRR","green"
"gene-B4GALNT4|B4GALNT4","blue"
"gene-LOC121470066|LOC121470066","blue"
"gene-LOC115495436|LOC115495436","blue"
"gene-LOC115495435|LOC115495435","salmon"
"gene-PGGHG|PGGHG","yellow"
"gene-LOC115495437|LOC115495437","ivory"
"gene-PSMD13|PSMD13","saddlebrown"
"gene-BET1L|BET1L","black"
"gene-VPS51|VPS51","turquoise"
"gene-INCENP|INCENP","blue"
"gene-LOC100232561|LOC100232561","turquoise"
"gene-LRRC55|LRRC55","grey"
"gene-APLNR|APLNR","greenyellow"
"gene-P2RX3|P2RX3","turquoise"
"gene-SSRP1|SSRP1","brown"
"gene-LOC115495441|LOC115495441","midnightblue"
"gene-TIMM10|TIMM10","yellow"
"gene-SMTNL1|SMTNL1","darkgreen"
"gene-UBE2L6|UBE2L6","red"
"gene-SERPING1|SERPING1","blue"
"gene-YPEL4|YPEL4","turquoise"
"gene-CLP1|CLP1","darkred"
"gene-ZDHHC5|ZDHHC5","yellowgreen"
"gene-MED19|MED19","saddlebrown"
"gene-TMX2|TMX2","pink"
"gene-SELENOH|SELENOH","yellow"
"gene-CTNND1|CTNND1","brown"
"gene-LPXN|LPXN","blue"
"gene-ZFP91|ZFP91","grey"
"gene-CNTF|CNTF","lightsteelblue1"
"gene-DTX4|DTX4","green"
"gene-MPEG1|MPEG1","blue"
"gene-LOC105759312|LOC105759312","grey"
"gene-DRD4|DRD4","grey"
"gene-PAK6|PAK6","grey"
"gene-BUB1B|BUB1B","blue"
"gene-LOC140684249|LOC140684249","blue"
"gene-PLCB2|PLCB2","blue"
"gene-INAFM2|INAFM2","turquoise"
"gene-CCDC9B|CCDC9B","grey"
"gene-DISP2|DISP2","pink"
"gene-KNSTRN|KNSTRN","blue"
"gene-IVD|IVD","green"
"gene-BAHD1|BAHD1","brown"
"gene-CHST14|CHST14","purple"
"gene-KNL1|KNL1","blue"
"gene-CCDC32|CCDC32","brown"
"gene-LOC100221958|LOC100221958","royalblue"
"gene-RPUSD2|RPUSD2","grey"
"gene-LOC140684251|LOC140684251","grey"
"gene-TBX10|TBX10","grey"
"gene-UNC93B1|UNC93B1","blue"
"gene-RAB15|RAB15","grey"
"gene-PLEKHG3|PLEKHG3","grey"
"gene-AGBL2|AGBL2","turquoise"
"gene-CABP2|CABP2","grey60"
"gene-LOC100223936|LOC100223936","turquoise"
"gene-LOC140684377|LOC140684377","turquoise"
"gene-LOC140684378|LOC140684378","grey"
"gene-LOC140684385|LOC140684385","darkred"
"gene-GATD1|GATD1","green"
"gene-RAD51|RAD51","blue"
"gene-LOC116808525|LOC116808525","tan"
"gene-LOC115495451|LOC115495451","turquoise"
"gene-TCIRG1|TCIRG1","blue"
"gene-NDUFS8|NDUFS8","yellow"
"gene-LOC100219991|LOC100219991","grey"
"gene-LOC100232483|LOC100232483","grey"
"gene-MAX|MAX","blue"
"gene-FNTB|FNTB","pink"
"gene-GPX2|GPX2","tan"
"gene-CHURC1|CHURC1","pink"
"gene-SPTB|SPTB","bisque4"
"gene-NUP160|NUP160","grey"
"gene-FNBP4|FNBP4","turquoise"
"gene-MTCH2|MTCH2","yellow"
"gene-NUDT8|NUDT8","turquoise"
"gene-NDUFV1|NDUFV1","yellow"
"gene-CDK2AP2|CDK2AP2","pink"
"gene-PITPNM1|PITPNM1","blue"
"gene-AIP|AIP","yellow"
"gene-LOC140684217|LOC140684217","turquoise"
"gene-LOC140684220|LOC140684220","grey"
"gene-LOC116808453|LOC116808453","turquoise"
"gene-LOC140684379|LOC140684379","grey"
"gene-LOC140684222|LOC140684222","grey"
"gene-LOC115495359|LOC115495359","turquoise"
"gene-LOC100227788|LOC100227788","grey"
"gene-CEND1|CEND1","blue"
"gene-TALDO1|TALDO1","blue"
"gene-LOC115495679|LOC115495679","purple"
"gene-LOC140684386|LOC140684386","turquoise"
"gene-LOC115495460|LOC115495460","turquoise"
"gene-LOC140684252|LOC140684252","tan"
"gene-EIF4G2|EIF4G2","brown"
"gene-LOC115495695|LOC115495695","turquoise"
"gene-CTR9|CTR9","brown"
"gene-IRAG1|IRAG1","grey"
"gene-LYVE1|LYVE1","pink"
"gene-AMPD3|AMPD3","blue"
"gene-RNF141|RNF141","brown"
"gene-ADM|ADM","blue"
"gene-SBF2|SBF2","black"
"gene-LOC121470121|LOC121470121","blue"
"gene-SWAP70|SWAP70","darkturquoise"
"gene-WEE1|WEE1","greenyellow"
"gene-ZNF143|ZNF143","brown"
"gene-IPO7|IPO7","brown"
"gene-LOC115495360|LOC115495360","blue"
"gene-TMEM41B|TMEM41B","green"
"gene-DENND5A|DENND5A","black"
"gene-SCUBE2|SCUBE2","yellow"
"gene-TRIM66|TRIM66","grey"
"gene-C5H11orf16|C5H11orf16","yellow"
"gene-DENND2B|DENND2B","red"
"gene-TMEM9B|TMEM9B","brown"
"gene-AKIP1|AKIP1","pink"
"gene-RPL27A|RPL27A","pink"
"gene-LOC115495697|LOC115495697","turquoise"
"gene-LOC115495698|LOC115495698","turquoise"
"gene-RIC3|RIC3","brown"
"gene-TUB|TUB","black"
"gene-LOC140684256|LOC140684256","grey"
"gene-RRAS2|RRAS2","skyblue"
"gene-COPB1|COPB1","brown"
"gene-LOC100190416|LOC100190416","yellow"
"gene-PDE3B|PDE3B","salmon"
"gene-CYP2R1|CYP2R1","red"
"gene-LOC100228652|LOC100228652","blue"
"gene-SOX6|SOX6","purple"
"gene-C5H11orf58|C5H11orf58","grey60"
"gene-PLEKHA7|PLEKHA7","black"
"gene-LOC140684258|LOC140684258","red"
"gene-PIK3C2A|PIK3C2A","skyblue"
"gene-RPS13|RPS13","pink"
"gene-NUCB2|NUCB2","brown"
"gene-KCNJ11|KCNJ11","purple"
"gene-ABCC8|ABCC8","green"
"gene-USH1C|USH1C","tan"
"gene-LOC105759308|LOC105759308","turquoise"
"gene-LOC100224825|LOC100224825","blue"
"gene-TPH1|TPH1","midnightblue"
"gene-KCNC1|KCNC1","grey"
"gene-SERGEF|SERGEF","black"
"gene-LOC140684262|LOC140684262","grey"
"gene-SAAL1|SAAL1","red"
"gene-LOC100226788|LOC100226788","blue"
"gene-HPS5|HPS5","blue"
"gene-GTF2H1|GTF2H1","turquoise"
"gene-LOC115495479|LOC115495479","black"
"gene-SPTY2D1|SPTY2D1","black"
"gene-LOC100223914|LOC100223914","salmon"
"gene-TSG101|TSG101","brown"
"gene-UEVLD|UEVLD","royalblue"
"gene-LOC140684263|LOC140684263","royalblue"
"gene-PTPN5|PTPN5","brown"
"gene-LOC121470057|LOC121470057","red"
"gene-TMEM86A|TMEM86A","red"
"gene-LOC140684264|LOC140684264","red"
"gene-PTPRJ|PTPRJ","black"
"gene-OSBPL5|OSBPL5","blue"
"gene-LOC100231625|LOC100231625","darkgreen"
"gene-CARS1|CARS1","red"
"gene-PHLDA2|PHLDA2","blue"
"gene-NAP1L4|NAP1L4","brown"
"gene-SLC67A1|SLC67A1","darkturquoise"
"gene-CDKN1C|CDKN1C","turquoise"
"gene-KCNQ1|KCNQ1","grey"
"gene-TSSC4|TSSC4","brown"
"gene-TRPM5|TRPM5","red"
"gene-TSPAN32|TSPAN32","turquoise"
"gene-LOC115495484|LOC115495484","navajowhite2"
"gene-IGF2|IGF2","grey"
"gene-LOC140684267|LOC140684267","red"
"gene-CD81|CD81","red"
"gene-MRPL23|MRPL23","pink"
"gene-IFITM10|IFITM10","darkturquoise"
"gene-DUSP8|DUSP8","green"
"gene-MOB2|MOB2","purple"
"gene-BRSK2|BRSK2","turquoise"
"gene-TNNT3|TNNT3","turquoise"
"gene-PRR33|PRR33","paleturquoise"
"gene-LSP1|LSP1","grey"
"gene-TNNI2|TNNI2","tan"
"gene-SYT8|SYT8","tan"
"gene-LOC100229613|LOC100229613","grey"
"gene-CTSD|CTSD","brown"
"gene-MUC2|MUC2","magenta"
"gene-MUC6|MUC6","darkgrey"
"gene-TOLLIP|TOLLIP","grey"
"gene-LOC105759305|LOC105759305","darkorange2"
"gene-AP2A2|AP2A2","brown"
"gene-CHID1|CHID1","brown"
"gene-TSPAN4|TSPAN4","tan"
"gene-POLR2L|POLR2L","pink"
"gene-CD151|CD151","brown"
"gene-CRACR2B|CRACR2B","darkorange"
"gene-PNPLA2|PNPLA2","brown"
"gene-RPLP2|RPLP2","pink"
"gene-LOC115495691|LOC115495691","tan"
"gene-PIDD1|PIDD1","turquoise"
"gene-LOC115495488|LOC115495488","blue"
"gene-SLC25A22|SLC25A22","grey"
"gene-LOC100220042|LOC100220042","blue"
"gene-LOC140684271|LOC140684271","paleturquoise"
"gene-IRF7|IRF7","blue"
"gene-PHRF1|PHRF1","brown"
"gene-RASSF7|RASSF7","greenyellow"
"gene-LRRC56|LRRC56","grey"
"gene-HRAS|HRAS","green"
"gene-LOC100224883|LOC100224883","blue"
"gene-RNH1|RNH1","green"
"gene-CHKA|CHKA","red"
"gene-KMT5B|KMT5B","red"
"gene-C5H11orf24|C5H11orf24","brown"
"gene-LRP5|LRP5","brown"
"gene-GAL|GAL","greenyellow"
"gene-PPP6R3|PPP6R3","brown"
"gene-LOC115495493|LOC115495493","blue"
"gene-CPT1A|CPT1A","green"
"gene-EHF|EHF","red"
"gene-APIP|APIP","green"
"gene-PDHX|PDHX","brown"
"gene-CD44|CD44","blue"
"gene-SLC1A2|SLC1A2","tan"
"gene-PAMR1|PAMR1","yellow"
"gene-FJX1|FJX1","grey"
"gene-LDLRAD3|LDLRAD3","blue"
"gene-COMMD9|COMMD9","purple"
"gene-PRR5L|PRR5L","blue"
"gene-TRAF6|TRAF6","brown"
"gene-IFTAP|IFTAP","yellow"
"gene-LRRC4C|LRRC4C","orange"
"gene-API5|API5","brown"
"gene-TTC17|TTC17","turquoise"
"gene-LOC105759311|LOC105759311","greenyellow"
"gene-ALKBH3|ALKBH3","red"
"gene-HSD17B12|HSD17B12","green"
"gene-C5H11orf96|C5H11orf96","yellow"
"gene-ACCS|ACCS","tan"
"gene-EXT2|EXT2","brown"
"gene-ALX4|ALX4","midnightblue"
"gene-CD82|CD82","black"
"gene-TSPAN18|TSPAN18","darkmagenta"
"gene-TP53I11|TP53I11","blue"
"gene-PRDM11|PRDM11","red"
"gene-SYT13|SYT13","salmon"
"gene-LOC100218141|LOC100218141","turquoise"
"gene-FUT8|FUT8","blue"
"gene-C1QTNF4|C1QTNF4","white"
"gene-FAM180B|FAM180B","paleturquoise"
"gene-CELF1|CELF1","grey"
"gene-NDUFS3|NDUFS3","yellow"
"gene-KBTBD4|KBTBD4","brown"
"gene-PTPMT1|PTPMT1","pink"
"gene-RAPSN|RAPSN","turquoise"
"gene-PSMC3|PSMC3","green"
"gene-LOC100220107|LOC100220107","darkgreen"
"gene-LOC140684278|LOC140684278","turquoise"
"gene-SLC39A13|SLC39A13","blue"
"gene-SPI1|SPI1","blue"
"gene-MYBPC3|MYBPC3","salmon4"
"gene-MADD|MADD","black"
"gene-NR1H3|NR1H3","blue"
"gene-ACP2|ACP2","brown"
"gene-DDB2|DDB2","turquoise"
"gene-PACSIN3|PACSIN3","tan"
"gene-ARFGAP2|ARFGAP2","green"
"gene-CSTPP1|CSTPP1","lightcyan"
"gene-LRP4|LRP4","black"
"gene-LOC140684364|LOC140684364","darkorange2"
"gene-CKAP5|CKAP5","black"
"gene-F2|F2","brown4"
"gene-ARHGAP1|ARHGAP1","grey"
"gene-ATG13|ATG13","brown"
"gene-HARBI1|HARBI1","brown"
"gene-MDK|MDK","salmon"
"gene-AMBRA1|AMBRA1","brown"
"gene-CREB3L1|CREB3L1","blue"
"gene-DGKZ|DGKZ","blue"
"gene-PHF21A|PHF21A","grey"
"gene-LARGE2|LARGE2","thistle1"
"gene-PEX16|PEX16","grey60"
"gene-FREY1|FREY1","grey"
"gene-MAPK8IP1|MAPK8IP1","green"
"gene-CHST1|CHST1","grey"
"gene-CRY2|CRY2","turquoise"
"gene-SLC35C1|SLC35C1","grey"
"gene-LOC115495502|LOC115495502","lightyellow"
"gene-LOC100222906|LOC100222906","maroon"
"gene-ZFYVE19|ZFYVE19","magenta"
"gene-PPP1R14D|PPP1R14D","grey"
"gene-SPINT1|SPINT1","brown"
"gene-RHOV|RHOV","darkmagenta"
"gene-VPS18|VPS18","blue"
"gene-DLL4|DLL4","darkolivegreen"
"gene-CHAC1|CHAC1","magenta"
"gene-INO80|INO80","red"
"gene-CHP1|CHP1","brown"
"gene-NUSAP1|NUSAP1","blue"
"gene-OIP5|OIP5","blue"
"gene-LOC140684281|LOC140684281","brown"
"gene-NDUFAF1|NDUFAF1","green"
"gene-RTF1|RTF1","brown"
"gene-LOC100221947|LOC100221947","darkorange"
"gene-ITPKA|ITPKA","darkmagenta"
"gene-LTK|LTK","orangered4"
"gene-RPAP1|RPAP1","black"
"gene-LOC101234163|LOC101234163","darkgrey"
"gene-TYRO3|TYRO3","blue"
"gene-MGA|MGA","turquoise"
"gene-EHD4|EHD4","grey"
"gene-MAPKBP1|MAPKBP1","grey"
"gene-LOC100229594|LOC100229594","magenta"
"gene-JMJD7|JMJD7","purple"
"gene-LOC101233080|LOC101233080","green"
"gene-PLA2G4F|PLA2G4F","turquoise"
"gene-VPS39|VPS39","turquoise"
"gene-CAPN3|CAPN3","blue"
"gene-TMEM87A|TMEM87A","brown"
"gene-GANC|GANC","green"
"gene-ZNF106|ZNF106","brown"
"gene-STARD9|STARD9","darkorange"
"gene-SNAP23|SNAP23","brown"
"gene-LRRC57|LRRC57","grey"
"gene-HAUS2|HAUS2","lightgreen"
"gene-TTBK2|TTBK2","royalblue"
"gene-LOC100222897|LOC100222897","lightsteelblue1"
"gene-CDAN1|CDAN1","turquoise"
"gene-LOC115495688|LOC115495688","red"
"gene-UBR1|UBR1","brown"
"gene-TMEM62|TMEM62","brown"
"gene-PTGR2|PTGR2","grey"
"gene-MIDEAS|MIDEAS","darkslateblue"
"gene-LOC100220974|LOC100220974","lightcyan"
"gene-LOC140684283|LOC140684283","turquoise"
"gene-LOC100224870|LOC100224870","plum1"
"gene-LOC100221946|LOC100221946","lightcyan"
"gene-NUMB|NUMB","salmon"
"gene-PAPLN|PAPLN","grey"
"gene-PSEN1|PSEN1","green"
"gene-RIOX1|RIOX1","pink"
"gene-LOC115495508|LOC115495508","turquoise"
"gene-RBM25|RBM25","turquoise"
"gene-ZFYVE1|ZFYVE1","green"
"gene-DCAF4|DCAF4","grey"
"gene-DPF3|DPF3","greenyellow"
"gene-RGS6|RGS6","plum1"
"gene-SIPA1L1|SIPA1L1","blue"
"gene-PCNX1|PCNX1","brown"
"gene-MAP3K9|MAP3K9","turquoise"
"gene-TTC9|TTC9","grey"
"gene-MED6|MED6","brown"
"gene-LOC100220969|LOC100220969","midnightblue"
"gene-SYNJ2BP|SYNJ2BP","magenta"
"gene-LOC100221884|LOC100221884","red"
"gene-COX16|COX16","purple"
"gene-SLC8A3|SLC8A3","black"
"gene-SMOC1|SMOC1","turquoise"
"gene-SLC10A1|SLC10A1","turquoise"
"gene-SRSF5|SRSF5","turquoise"
"gene-LOC140684285|LOC140684285","lightcyan"
"gene-CCDC177|CCDC177","lightgreen"
"gene-SUSD6|SUSD6","brown"
"gene-PLEKHD1|PLEKHD1","darkgrey"
"gene-SLC39A9|SLC39A9","brown"
"gene-ERH|ERH","pink"
"gene-GALNT16|GALNT16","skyblue"
"gene-EXD2|EXD2","plum2"
"gene-DCAF5|DCAF5","grey"
"gene-ACTN1|ACTN1","salmon"
"gene-LOC140684288|LOC140684288","turquoise"
"gene-LOC100220017|LOC100220017","turquoise"
"gene-ZFP36L1|ZFP36L1","grey"
"gene-PLEKHH1|PLEKHH1","red"
"gene-RAD51B|RAD51B","grey"
"gene-LOC115495520|LOC115495520","plum2"
"gene-TMEM229B|TMEM229B","darkturquoise"
"gene-LOC140684291|LOC140684291","turquoise"
"gene-LOC115495521|LOC115495521","turquoise"
"gene-PIGH|PIGH","darkred"
"gene-PLEK2|PLEK2","darkgreen"
"gene-LOC101233692|LOC101233692","black"
"gene-ZFYVE26|ZFYVE26","black"
"gene-ARG2|ARG2","darkorange2"
"gene-VTI1B|VTI1B","darkorange2"
"gene-LOC100226769|LOC100226769","royalblue"
"gene-BMF|BMF","red"
"gene-EIF2S1|EIF2S1","yellow"
"gene-GPHN|GPHN","purple"
"gene-ATP6V1D|ATP6V1D","blue"
"gene-PALS1|PALS1","purple"
"gene-LOC116808444|LOC116808444","yellow"
"gene-LOC140684293|LOC140684293","red"
"gene-LOC140684294|LOC140684294","turquoise"
"gene-FSIP1|FSIP1","cyan"
"gene-SRP14|SRP14","red"
"gene-EIF2AK4|EIF2AK4","royalblue"
"gene-THBS1|THBS1","brown"
"gene-LOC116808484|LOC116808484","lightgreen"
"gene-KATNBL1|KATNBL1","blue"
"gene-EMC7|EMC7","pink"
"gene-FMN1|FMN1","blue"
"gene-RYR3|RYR3","grey"
"gene-AVEN|AVEN","green"
"gene-GREM1|GREM1","lightyellow"
"gene-SCG5|SCG5","grey"
"gene-ARHGAP11A|ARHGAP11A","black"
"gene-RASGRP1|RASGRP1","blue"
"gene-FAM98B|FAM98B","brown"
"gene-SPRED1|SPRED1","black"
"gene-LOC115495530|LOC115495530","darkorange"
"gene-MEIS2|MEIS2","greenyellow"
"gene-LOC140684296|LOC140684296","magenta"
"gene-CDIN1|CDIN1","yellow"
"gene-LOC140684298|LOC140684298","cyan"
"gene-DPH6|DPH6","turquoise"
"gene-LOC115495533|LOC115495533","darkturquoise"
"gene-ZNF770|ZNF770","turquoise"
"gene-ACTC1|ACTC1","turquoise"
"gene-AQR|AQR","brown"
"gene-LOC140684299|LOC140684299","blue"
"gene-STXBP6|STXBP6","brown"
"gene-NOVA1|NOVA1","red"
"gene-LOC101234101|LOC101234101","purple"
"gene-FOXG1|FOXG1","lavenderblush3"
"gene-PRKD1|PRKD1","blue"
"gene-G2E3|G2E3","turquoise"
"gene-SCFD1|SCFD1","royalblue"
"gene-COCH|COCH","salmon"
"gene-STRN3|STRN3","brown"
"gene-AP4S1|AP4S1","yellow"
"gene-HECTD1|HECTD1","royalblue"
"gene-HEATR5A|HEATR5A","brown"
"gene-LOC115495546|LOC115495546","lightyellow"
"gene-DTD2|DTD2","grey60"
"gene-NUBPL|NUBPL","darkmagenta"
"gene-ARHGAP5|ARHGAP5","brown"
"gene-AKAP6|AKAP6","blue"
"gene-NPAS3|NPAS3","blue"
"gene-EGLN3|EGLN3","brown"
"gene-LOC140684304|LOC140684304","navajowhite2"
"gene-SPTSSA|SPTSSA","blue"
"gene-EAPP|EAPP","grey"
"gene-SNX6|SNX6","brown"
"gene-CFL2|CFL2","magenta"
"gene-BAZ1A|BAZ1A","blue"
"gene-LOC100232496|LOC100232496","grey"
"gene-LOC100225763|LOC100225763","royalblue"
"gene-PRORP|PRORP","brown"
"gene-PPP2R3C|PPP2R3C","floralwhite"
"gene-PSMA6|PSMA6","lightyellow"
"gene-NFKBIA|NFKBIA","salmon"
"gene-RALGAPA1|RALGAPA1","violet"
"gene-LOC140684305|LOC140684305","lightcyan"
"gene-BRMS1L|BRMS1L","green"
"gene-LOC115495549|LOC115495549","turquoise"
"gene-MBIP|MBIP","black"
"gene-PAX9|PAX9","yellow"
"gene-SLC25A21|SLC25A21","yellow"
"gene-MIPOL1|MIPOL1","magenta"
"gene-LOC140684308|LOC140684308","turquoise"
"gene-LOC115495551|LOC115495551","turquoise"
"gene-FOXA1|FOXA1","grey60"
"gene-LOC116808448|LOC116808448","purple"
"gene-SSTR1|SSTR1","grey"
"gene-CLEC14A|CLEC14A","greenyellow"
"gene-SEC23A|SEC23A","green"
"gene-LOC121470075|LOC121470075","turquoise"
"gene-GEMIN2|GEMIN2","royalblue"
"gene-TRAPPC6B|TRAPPC6B","darkorange2"
"gene-PNN|PNN","turquoise"
"gene-MIA2|MIA2","brown"
"gene-FBXO33|FBXO33","greenyellow"
"gene-COQ6|COQ6","grey"
"gene-ZNF410|ZNF410","blue"
"gene-FAM161B|FAM161B","plum2"
"gene-ENTPD5|ENTPD5","purple"
"gene-VRTN|VRTN","greenyellow"
"gene-SYNDIG1L|SYNDIG1L","green"
"gene-ISCA2|ISCA2","pink"
"gene-LOC115495312|LOC115495312","lightcyan"
"gene-ABCD4|ABCD4","turquoise"
"gene-ALDH6A1|ALDH6A1","purple"
"gene-LIN52|LIN52","black"
"gene-VSX2|VSX2","red"
"gene-LOC140684311|LOC140684311","turquoise"
"gene-NPC2|NPC2","blue"
"gene-LTBP2|LTBP2","steelblue"
"gene-AREL1|AREL1","black"
"gene-FCF1|FCF1","green"
"gene-YLPM1|YLPM1","turquoise"
"gene-RPS6KL1|RPS6KL1","grey"
"gene-DLST|DLST","green"
"gene-PGF|PGF","yellowgreen"
"gene-MLH3|MLH3","grey"
"gene-EIF2B2|EIF2B2","grey"
"gene-ACYP1|ACYP1","yellow"
"gene-FOS|FOS","grey"
"gene-ZC2HC1C|ZC2HC1C","darkred"
"gene-NEK9|NEK9","brown"
"gene-TMED10|TMED10","brown"
"gene-JDP2|JDP2","blue"
"gene-BATF|BATF","blue"
"gene-FLVCR2|FLVCR2","blue"
"gene-ERG28|ERG28","green"
"gene-TTLL5|TTLL5","grey"
"gene-TGFB3|TGFB3","blue"
"gene-IFT43|IFT43","darkgreen"
"gene-GPATCH2L|GPATCH2L","black"
"gene-ESRRB|ESRRB","yellowgreen"
"gene-VASH1|VASH1","bisque4"
"gene-ANGEL1|ANGEL1","paleturquoise"
"gene-LOC121470115|LOC121470115","white"
"gene-LOC140684314|LOC140684314","tan"
"gene-IRF2BPL|IRF2BPL","red"
"gene-LOC140684315|LOC140684315","plum2"
"gene-LOC140684316|LOC140684316","lightcyan"
"gene-CIPC|CIPC","turquoise"
"gene-TMEM63C|TMEM63C","brown"
"gene-ISM2|ISM2","lightsteelblue1"
"gene-SPTLC2|SPTLC2","brown"
"gene-NGB|NGB","grey"
"gene-GSTZ1|GSTZ1","yellow"
"gene-POMT2|POMT2","purple"
"gene-LOC100221985|LOC100221985","red"
"gene-TMED8|TMED8","black"
"gene-NOXRED1|NOXRED1","turquoise"
"gene-VIPAS39|VIPAS39","lightgreen"
"gene-AHSA1|AHSA1","darkgrey"
"gene-ALKBH1|ALKBH1","magenta"
"gene-SLIRP|SLIRP","yellow"
"gene-SNW1|SNW1","brown"
"gene-ADCK1|ADCK1","greenyellow"
"gene-NRXN3|NRXN3","greenyellow"
"gene-DIO2|DIO2","yellow"
"gene-CEP128|CEP128","midnightblue"
"gene-TSHR|TSHR","mediumpurple3"
"gene-GTF2A1|GTF2A1","brown"
"gene-STON2|STON2","brown"
"gene-SEL1L|SEL1L","royalblue"
"gene-LOC115495574|LOC115495574","blue"
"gene-FLRT2|FLRT2","grey"
"gene-GALC|GALC","blue"
"gene-GPR65|GPR65","blue"
"gene-SPATA7|SPATA7","turquoise"
"gene-PTPN21|PTPN21","lightcyan"
"gene-EML5|EML5","lightcyan"
"gene-LOC121470125|LOC121470125","greenyellow"
"gene-ZC3H14|ZC3H14","grey"
"gene-TTC8|TTC8","red"
"gene-FOXN3|FOXN3","purple"
"gene-TDP1|TDP1","white"
"gene-KCNK13|KCNK13","blue"
"gene-PSMC1|PSMC1","yellow"
"gene-NRDE2|NRDE2","brown"
"gene-CALM1|CALM1","salmon"
"gene-TTC7B|TTC7B","blue"
"gene-RPS6KA5|RPS6KA5","blue"
"gene-DGLUCY|DGLUCY","turquoise"
"gene-GPR68|GPR68","blue"
"gene-CCDC88C|CCDC88C","blue"
"gene-LOC140684327|LOC140684327","lightsteelblue1"
"gene-LOC140684326|LOC140684326","grey"
"gene-PPP4R3A|PPP4R3A","brown"
"gene-TC2N|TC2N","blue"
"gene-FBLN5|FBLN5","grey"
"gene-TRIP11|TRIP11","red"
"gene-ATXN3|ATXN3","turquoise"
"gene-NDUFB1|NDUFB1","yellow"
"gene-CPSF2|CPSF2","brown"
"gene-SLC24A4|SLC24A4","white"
"gene-RIN3|RIN3","blue"
"gene-LGMN|LGMN","blue"
"gene-CHGA|CHGA","tan"
"gene-GOLGA5|GOLGA5","black"
"gene-ITPK1|ITPK1","brown"
"gene-LYSET|LYSET","blue"
"gene-UBR7|UBR7","grey"
"gene-BTBD7|BTBD7","black"
"gene-LOC115495591|LOC115495591","pink"
"gene-UNC79|UNC79","turquoise"
"gene-PRIMA1|PRIMA1","plum1"
"gene-ASB2|ASB2","blue"
"gene-DDX24|DDX24","blue"
"gene-LOC121470129|LOC121470129","white"
"gene-SYNE3|SYNE3","blue"
"gene-DICER1|DICER1","green"
"gene-LOC115495649|LOC115495649","grey"
"gene-CLMN|CLMN","purple"
"gene-LOC116808499|LOC116808499","turquoise"
"gene-LOC115495690|LOC115495690","turquoise"
"gene-GLRX5|GLRX5","green"
"gene-C5H14orf132|C5H14orf132","grey"
"gene-PPP4R4|PPP4R4","tan"
"gene-LOC100225789|LOC100225789","darkorange"
"gene-SERPINA10|SERPINA10","red"
"gene-LOC100228673|LOC100228673","magenta"
"gene-LOC100222926|LOC100222926","red"
"gene-LOC140684331|LOC140684331","red"
"gene-LOC100220049|LOC100220049","magenta"
"gene-LOC100232544|LOC100232544","magenta"
"gene-BDKRB1|BDKRB1","blue"
"gene-BDKRB2|BDKRB2","red"
"gene-ATG2B|ATG2B","brown"
"gene-GSKIP|GSKIP","green"
"gene-AK7|AK7","grey60"
"gene-PAPOLA|PAPOLA","brown"
"gene-LOC121470130|LOC121470130","blue"
"gene-VRK1|VRK1","blue"
"gene-LOC140684335|LOC140684335","lightyellow"
"gene-BCL11B|BCL11B","blue"
"gene-SETD3|SETD3","brown"
"gene-HHIPL1|HHIPL1","blue"
"gene-CCNK|CCNK","darkgrey"
"gene-CCDC85C|CCDC85C","lightcyan"
"gene-CYP46A1|CYP46A1","green"
"gene-LOC100219136|LOC100219136","green"
"gene-EML1|EML1","black"
"gene-EVL|EVL","blue"
"gene-DEGS2|DEGS2","tan"
"gene-YY1|YY1","brown"
"gene-SLC25A29|SLC25A29","green"
"gene-SLC25A47|SLC25A47","green"
"gene-WARS1|WARS1","brown"
"gene-WDR25|WDR25","grey"
"gene-LOC115495650|LOC115495650","red"
"gene-LOC140684341|LOC140684341","grey"
"gene-PPP2R5C|PPP2R5C","blue"
"gene-DLK1|DLK1","grey"
"gene-LOC140684342|LOC140684342","red"
"gene-DIO3|DIO3","red"
"gene-DYNC1H1|DYNC1H1","turquoise"
"gene-LOC121470013|LOC121470013","grey"
"gene-HSP90AA1|HSP90AA1","lightgreen"
"gene-WDR20|WDR20","lightcyan"
"gene-LOC105759344|LOC105759344","pink"
"gene-MOK|MOK","grey"
"gene-LOC140684343|LOC140684343","grey"
"gene-CINP|CINP","green"
"gene-TECPR2|TECPR2","green"
"gene-ZNF839|ZNF839","green"
"gene-ANKRD9|ANKRD9","green"
"gene-LOC140684345|LOC140684345","grey"
"gene-RCOR1|RCOR1","brown"
"gene-TRAF3|TRAF3","blue"
"gene-AMN|AMN","grey"
"gene-CDC42BPB|CDC42BPB","brown"
"gene-LBHD2|LBHD2","green"
"gene-EXOC3L4|EXOC3L4","black"
"gene-LOC115495610|LOC115495610","greenyellow"
"gene-TNFAIP2|TNFAIP2","blue"
"gene-EIF5|EIF5","magenta"
"gene-LOC115495699|LOC115495699","turquoise"
"gene-MARK3|MARK3","green"
"gene-CKB|CKB","blue"
"gene-LOC121470015|LOC121470015","mediumpurple3"
"gene-TRMT61A|TRMT61A","blue"
"gene-BAG5|BAG5","brown"
"gene-COA8|COA8","greenyellow"
"gene-KLC1|KLC1","blue"
"gene-PPP1R13B|PPP1R13B","grey"
"gene-XRCC3|XRCC3","lightsteelblue1"
"gene-ZFYVE21|ZFYVE21","red"
"gene-ATP5MJ|ATP5MJ","yellow"
"gene-ASPG|ASPG","green"
"gene-KIF26A|KIF26A","greenyellow"
"gene-C5H14orf180|C5H14orf180","grey"
"gene-TMEM179|TMEM179","grey"
"gene-LOC101234217|LOC101234217","ivory"
"gene-INF2|INF2","grey"
"gene-ADSS1|ADSS1","lightgreen"
"gene-SIVA1|SIVA1","red"
"gene-ZBTB42|ZBTB42","turquoise"
"gene-AKT1|AKT1","green"
"gene-CEP170B|CEP170B","red"
"gene-PLD4|PLD4","blue"
"gene-CLBA1|CLBA1","blue"
"gene-AHNAK2|AHNAK2","pink"
"gene-LOC100230587|LOC100230587","grey"
"gene-LOC115495615|LOC115495615","grey"
"gene-CDCA4|CDCA4","black"
"gene-GPR132|GPR132","blue"
"gene-JAG2|JAG2","grey"
"gene-NUDT14|NUDT14","green"
"gene-LOC116808502|LOC116808502","red"
"gene-LOC140684350|LOC140684350","grey"
"gene-BRF1|BRF1","grey"
"gene-BTBD6|BTBD6","turquoise"
"gene-HSPA2|HSPA2","lightcyan"
"gene-ZBTB1|ZBTB1","brown"
"gene-ZBTB25|ZBTB25","grey"
"gene-AKAP5|AKAP5","lightcyan"
"gene-ESR2|ESR2","green"
"gene-SGPP1|SGPP1","blue"
"gene-WDR89|WDR89","plum2"
"gene-SYNE2|SYNE2","turquoise"
"gene-LOC115495623|LOC115495623","turquoise"
"gene-PPP2R5E|PPP2R5E","purple"
"gene-LOC115495625|LOC115495625","turquoise"
"gene-RHOJ|RHOJ","brown"
"gene-LOC115495621|LOC115495621","red"
"gene-MTHFD1|MTHFD1","green"
"gene-LOC121470069|LOC121470069","ivory"
"gene-SYT16|SYT16","blue"
"gene-SNAPC1|SNAPC1","red"
"gene-HIF1A|HIF1A","black"
"gene-PRKCH|PRKCH","blue"
"gene-SLC38A6|SLC38A6","purple"
"gene-TRMT5|TRMT5","blue"
"gene-MNAT1|MNAT1","ivory"
"gene-SIX4|SIX4","magenta"
"gene-PPM1A|PPM1A","green"
"gene-RTN1|RTN1","grey"
"gene-GPR135|GPR135","grey"
"gene-JKAMP|JKAMP","darkgreen"
"gene-L3HYPDH|L3HYPDH","magenta"
"gene-PCNX4|PCNX4","turquoise"
"gene-DHRS7|DHRS7","purple"
"gene-DAAM1|DAAM1","purple"
"gene-LOC100224802|LOC100224802","tan"
"gene-DACT1|DACT1","palevioletred3"
"gene-KIAA0586|KIAA0586","lightyellow"
"gene-TIMM9|TIMM9","yellow"
"gene-ARID4A|ARID4A","black"
"gene-PSMA3|PSMA3","yellow"
"gene-ACTR10|ACTR10","lightcyan1"
"gene-ARMH4|ARMH4","tan"
"gene-LOC140684353|LOC140684353","red"
"gene-CCDC198|CCDC198","turquoise"
"gene-NAA30|NAA30","red"
"gene-AP5M1|AP5M1","blue"
"gene-EXOC5|EXOC5","brown"
"gene-TMEM260|TMEM260","blue"
"gene-PELI2|PELI2","brown"
"gene-ATG14|ATG14","salmon"
"gene-KTN1|KTN1","blue"
"gene-DLGAP5|DLGAP5","blue"
"gene-FBXO34|FBXO34","greenyellow"
"gene-LGALS3|LGALS3","blue"
"gene-MAPK1IP1L|MAPK1IP1L","blue"
"gene-SOCS4|SOCS4","salmon"
"gene-WDHD1|WDHD1","blue"
"gene-GCH1|GCH1","green"
"gene-SAMD4A|SAMD4A","yellow"
"gene-CGRRF1|CGRRF1","salmon4"
"gene-CDKN3|CDKN3","blue"
"gene-GMFB|GMFB","blue"
"gene-CNIH1|CNIH1","yellow"
"gene-BMP4|BMP4","magenta"
"gene-LOC116808511|LOC116808511","black"
"gene-DDHD1|DDHD1","purple"
"gene-FERMT2|FERMT2","pink"
"gene-ERO1A|ERO1A","blue"
"gene-GPR137C|GPR137C","grey"
"gene-LOC121470033|LOC121470033","paleturquoise"
"gene-TXNDC16|TXNDC16","blue"
"gene-GNPNAT1|GNPNAT1","darkred"
"gene-STYX|STYX","darkred"
"gene-PSMC6|PSMC6","brown"
"gene-FRMD6|FRMD6","greenyellow"
"gene-PTGER2|PTGER2","blue"
"gene-PTGDR|PTGDR","blue"
"gene-NID2|NID2","salmon"
"gene-RTRAF|RTRAF","yellow"
"gene-GNG2|GNG2","blue"
"gene-LOC115495332|LOC115495332","darkred"
"gene-TMX1|TMX1","blue"
"gene-SOS2|SOS2","brown"
"gene-VCPKMT|VCPKMT","turquoise"
"gene-TRIM9|TRIM9","tan"
"gene-NIN|NIN","blue"
"gene-CDKL1|CDKL1","tan"
"gene-LOC140684358|LOC140684358","grey"
"gene-PYGL|PYGL","green"
"gene-ABHD12B|ABHD12B","brown"
"gene-SAV1|SAV1","blue"
"gene-ATL1|ATL1","green"
"gene-MAP4K5|MAP4K5","greenyellow"
"gene-DMAC2L|DMAC2L","lightcyan"
"gene-L2HGDH|L2HGDH","grey"
"gene-ARF6|ARF6","brown"
"gene-NEMF|NEMF","salmon"
"gene-KLHDC2|KLHDC2","brown"
"gene-POLE2|POLE2","blue"
"gene-KLHDC1|KLHDC1","turquoise"
"gene-DNAAF2|DNAAF2","red"
"gene-MGAT2|MGAT2","brown"
"gene-LRR1|LRR1","brown"
"gene-RPS29|RPS29","pink"
"gene-MIS18BP1|MIS18BP1","blue"
"gene-LOC100225532|LOC100225532","grey"
"gene-MDGA2|MDGA2","blue"
"gene-FANCM|FANCM","red"
"gene-FKBP3|FKBP3","yellow"
"gene-PRPF39|PRPF39","turquoise"
"gene-LOC115495694|LOC115495694","magenta"
"gene-TOGARAM1|TOGARAM1","turquoise"
"gene-KLHL28|KLHL28","turquoise"
"gene-LRFN5|LRFN5","salmon"
"gene-LOC140684360|LOC140684360","turquoise"
"gene-LOC121468908|LOC121468908","turquoise"
"gene-LOC140684361|LOC140684361","turquoise"
"gene-LOC140684363|LOC140684363","turquoise"
"gene-LOC140684362|LOC140684362","turquoise"
"gene-LOC140684376|LOC140684376","turquoise"
"gene-LOC140684473|LOC140684473","midnightblue"
"gene-LOC140684483|LOC140684483","yellow"
"gene-CTNNA3|CTNNA3","grey"
"gene-LRRTM3|LRRTM3","grey"
"gene-LOC140684404|LOC140684404","grey"
"gene-LOC140684405|LOC140684405","grey"
"gene-DNAJC12|DNAJC12","lightyellow"
"gene-SIRT1|SIRT1","brown"
"gene-HERC4|HERC4","green"
"gene-MYPN|MYPN","lightyellow"
"gene-PBLD|PBLD","green"
"gene-ATOH7|ATOH7","darkgrey"
"gene-RUFY2|RUFY2","turquoise"
"gene-DNA2|DNA2","blue"
"gene-HNRNPH3|HNRNPH3","turquoise"
"gene-SLC25A16|SLC25A16","magenta"
"gene-TET1|TET1","turquoise"
"gene-STOX1|STOX1","maroon"
"gene-CCAR1|CCAR1","turquoise"
"gene-LOC100228351|LOC100228351","grey"
"gene-LOC100225471|LOC100225471","brown"
"gene-KIFBP|KIFBP","black"
"gene-SRGN|SRGN","blue"
"gene-VPS26A|VPS26A","brown"
"gene-SUPV3L1|SUPV3L1","grey60"
"gene-LOC100226456|LOC100226456","blue"
"gene-TSPAN15|TSPAN15","turquoise"
"gene-LOC116808571|LOC116808571","turquoise"
"gene-MACROH2A2|MACROH2A2","darkgrey"
"gene-AIFM2|AIFM2","grey"
"gene-COL13A1|COL13A1","pink"
"gene-LOC140684407|LOC140684407","tan"
"gene-CHST3|CHST3","blue"
"gene-LOC100220618|LOC100220618","lightcyan"
"gene-CDH23|CDH23","blue"
"gene-VSIR|VSIR","blue"
"gene-SLC29A3|SLC29A3","red"
"gene-UNC5B|UNC5B","blue"
"gene-LOC140684408|LOC140684408","grey"
"gene-PSAP|PSAP","brown"
"gene-LOC101233500|LOC101233500","darkorange"
"gene-LOC115495722|LOC115495722","turquoise"
"gene-LOC140684409|LOC140684409","red"
"gene-PCBD1|PCBD1","brown"
"gene-SGPL1|SGPL1","brown"
"gene-LOC105759397|LOC105759397","tan"
"gene-LOC105759353|LOC105759353","tan"
"gene-LOC100217745|LOC100217745","tan"
"gene-LOC140684411|LOC140684411","lavenderblush3"
"gene-LOC140684410|LOC140684410","tan"
"gene-LOC121468036|LOC121468036","tan"
"gene-ADAMTS14|ADAMTS14","cyan"
"gene-PALD1|PALD1","salmon"
"gene-EIF4EBP2|EIF4EBP2","yellow"
"gene-LRRC20|LRRC20","purple"
"gene-LOC140684412|LOC140684412","turquoise"
"gene-NPFFR1|NPFFR1","pink"
"gene-PPA1|PPA1","yellow"
"gene-SAR1A|SAR1A","yellow"
"gene-TYSND1|TYSND1","yellow"
"gene-SPOCK2|SPOCK2","red"
"gene-DDIT4|DDIT4","turquoise"
"gene-ASCC1|ASCC1","brown"
"gene-ANAPC16|ANAPC16","grey60"
"gene-LOC121470209|LOC121470209","red"
"gene-LOC115495731|LOC115495731","maroon"
"gene-DNAJB12|DNAJB12","brown"
"gene-MICU1|MICU1","brown"
"gene-MCU|MCU","skyblue"
"gene-OIT3|OIT3","greenyellow"
"gene-PLA2G12B|PLA2G12B","green"
"gene-P4HA1|P4HA1","blue"
"gene-LOC140684414|LOC140684414","orangered4"
"gene-NUDT13|NUDT13","magenta"
"gene-LOC140680262|LOC140680262","blue"
"gene-LOC105760408|LOC105760408","grey"
"gene-ECD|ECD","turquoise"
"gene-FAM149B1|FAM149B1","turquoise"
"gene-DNAJC9|DNAJC9","pink"
"gene-CHUK|CHUK","blue"
"gene-ADAM8|ADAM8","blue"
"gene-TUBGCP2|TUBGCP2","lightgreen"
"gene-LOC140684419|LOC140684419","grey"
"gene-PAPSS2|PAPSS2","magenta"
"gene-CWF19L1|CWF19L1","turquoise"
"gene-ERLIN1|ERLIN1","green"
"gene-ZNF511|ZNF511","turquoise"
"gene-PRAP1|PRAP1","magenta"
"gene-ECHS1|ECHS1","yellow"
"gene-MTG1|MTG1","turquoise"
"gene-LOC121470148|LOC121470148","magenta"
"gene-PAOX|PAOX","pink"
"gene-RNLS|RNLS","green"
"gene-LOC140684417|LOC140684417","purple"
"gene-PTEN|PTEN","green"
"gene-LOC140684418|LOC140684418","turquoise"
"gene-ATAD1|ATAD1","brown"
"gene-MINPP1|MINPP1","green"
"gene-SGMS1|SGMS1","blue"
"gene-PRKG1|PRKG1","brown"
"gene-LOC100219353|LOC100219353","grey"
"gene-A1CF|A1CF","brown"
"gene-PCDH15|PCDH15","black"
"gene-IPMK|IPMK","brown"
"gene-CISD1|CISD1","green"
"gene-UBE2D1|UBE2D1","turquoise"
"gene-TFAM|TFAM","brown"
"gene-REEP3|REEP3","green"
"gene-JMJD1C|JMJD1C","red"
"gene-NRBF2|NRBF2","lightcyan1"
"gene-EGR2|EGR2","blue"
"gene-RTKN2|RTKN2","turquoise"
"gene-ADO|ADO","black"
"gene-ZNF365|ZNF365","paleturquoise"
"gene-ARID5B|ARID5B","blue"
"gene-LOC140684421|LOC140684421","grey"
"gene-LOC140684420|LOC140684420","turquoise"
"gene-CABCOCO1|CABCOCO1","magenta"
"gene-TMEM26|TMEM26","salmon"
"gene-LOC140684422|LOC140684422","turquoise"
"gene-RHOBTB1|RHOBTB1","darkorange"
"gene-CDK1|CDK1","blue"
"gene-LOC140684424|LOC140684424","yellow"
"gene-ANK3|ANK3","grey"
"gene-CCDC6|CCDC6","brown"
"gene-SLC16A9|SLC16A9","red"
"gene-FAM13C|FAM13C","turquoise"
"gene-PHYHIPL|PHYHIPL","blue"
"gene-LOC100219300|LOC100219300","grey"
"gene-BICC1|BICC1","blue"
"gene-CCSER2|CCSER2","turquoise"
"gene-LOC116808539|LOC116808539","grey"
"gene-GRID1|GRID1","saddlebrown"
"gene-OPN4|OPN4","grey"
"gene-WAPL|WAPL","brown"
"gene-LDB3|LDB3","grey"
"gene-BMPR1A|BMPR1A","brown"
"gene-MMRN2|MMRN2","blue"
"gene-SNCG|SNCG","pink"
"gene-SHLD2|SHLD2","darkred"
"gene-GLUD1|GLUD1","purple"
"gene-LOC140684474|LOC140684474","red"
"gene-SYT15|SYT15","tan"
"gene-GPRIN2|GPRIN2","darkred"
"gene-OGDHL|OGDHL","grey60"
"gene-RGR|RGR","yellow"
"gene-LRIT2|LRIT2","yellow"
"gene-NCOA4|NCOA4","salmon4"
"gene-LOC100221217|LOC100221217","yellow"
"gene-PARG|PARG","brown"
"gene-LOC140684431|LOC140684431","darkred"
"gene-CDHR1|CDHR1","grey"
"gene-GHITM|GHITM","magenta"
"gene-SH2D4B|SH2D4B","grey"
"gene-LOC100222268|LOC100222268","turquoise"
"gene-TSPAN14|TSPAN14","brown"
"gene-PRXL2A|PRXL2A","green"
"gene-EXOSC3|EXOSC3","grey"
"gene-DYDC1|DYDC1","grey"
"gene-MAT1A|MAT1A","green"
"gene-LOC100229447|LOC100229447","darkred"
"gene-LOC100227997|LOC100227997","turquoise"
"gene-LOC115495757|LOC115495757","pink"
"gene-RASGEF1A|RASGEF1A","blue"
"gene-RET|RET","black"
"gene-CSGALNACT2|CSGALNACT2","black"
"gene-BMS1|BMS1","darkmagenta"
"gene-LOC115495845|LOC115495845","grey"
"gene-TMEM254|TMEM254","yellow"
"gene-LOC100227087|LOC100227087","grey"
"gene-PLAC9|PLAC9","darkred"
"gene-ANXA11|ANXA11","blue"
"gene-LOC140684434|LOC140684434","plum1"
"gene-ZCCHC24|ZCCHC24","purple"
"gene-PPIF|PPIF","green"
"gene-ZMIZ1|ZMIZ1","red"
"gene-RPS24|RPS24","pink"
"gene-POLR3A|POLR3A","purple"
"gene-DLG5|DLG5","turquoise"
"gene-LOC115495769|LOC115495769","grey"
"gene-COMTD1|COMTD1","blue"
"gene-KCNMA1|KCNMA1","darkturquoise"
"gene-LRMDA|LRMDA","blue"
"gene-ZNF503|ZNF503","lightgreen"
"gene-VDAC2|VDAC2","green"
"gene-DUSP13A|DUSP13A","ivory"
"gene-SAMD8|SAMD8","red"
"gene-DUSP13B|DUSP13B","turquoise"
"gene-LOC100232794|LOC100232794","yellow"
"gene-DUSP29|DUSP29","grey"
"gene-KAT6B|KAT6B","lightcyan"
"gene-CAMK2G|CAMK2G","midnightblue"
"gene-PLAU|PLAU","darkorange2"
"gene-NDST2|NDST2","brown"
"gene-ZSWIM8|ZSWIM8","brown"
"gene-LOC121470136|LOC121470136","ivory"
"gene-LOC100229828|LOC100229828","ivory"
"gene-CHCHD1|CHCHD1","saddlebrown"
"gene-FUT11|FUT11","turquoise"
"gene-VCL|VCL","black"
"gene-ADK|ADK","green"
"gene-LOC140684479|LOC140684479","magenta"
"gene-AP3M1|AP3M1","green"
"gene-USP54|USP54","royalblue"
"gene-SYNPO2L|SYNPO2L","darkred"
"gene-SEC24C|SEC24C","brown"
"gene-PPP3CB|PPP3CB","red"
"gene-ANXA7|ANXA7","brown"
"gene-EIF3F|EIF3F","purple"
"gene-PDLIM1|PDLIM1","salmon"
"gene-SORBS1|SORBS1","turquoise"
"gene-HELLS|HELLS","blue"
"gene-TLL2|TLL2","darkgreen"
"gene-TM9SF3|TM9SF3","brown"
"gene-LOC101233446|LOC101233446","cyan"
"gene-LOC100227084|LOC100227084","red"
"gene-LOC100228872|LOC100228872","purple"
"gene-PIK3AP1|PIK3AP1","brown"
"gene-PITX3|PITX3","darkturquoise"
"gene-NOLC1|NOLC1","brown"
"gene-GBF1|GBF1","royalblue"
"gene-TMEM150A|TMEM150A","black"
"gene-NFKB2|NFKB2","blue"
"gene-PSD|PSD","blue"
"gene-FBXL15|FBXL15","brown"
"gene-CUEDC2|CUEDC2","turquoise"
"gene-HIF1AN|HIF1AN","royalblue"
"gene-NDUFB8|NDUFB8","yellow"
"gene-SEC31B|SEC31B","green"
"gene-PKD2L1|PKD2L1","darkmagenta"
"gene-LOC100227038|LOC100227038","green"
"gene-SCD|SCD","green"
"gene-MARCHF8|MARCHF8","brown"
"gene-ALOX5|ALOX5","grey"
"gene-BLOC1S2|BLOC1S2","yellow"
"gene-LOC140680219|LOC140680219","green"
"gene-ZFAND4|ZFAND4","turquoise"
"gene-WASHC2C|WASHC2C","black"
"gene-NPY4R2|NPY4R2","tan"
"gene-LOC100227999|LOC100227999","thistle1"
"gene-ANTXRL|ANTXRL","brown"
"gene-GDF2|GDF2","green"
"gene-GDF10|GDF10","grey"
"gene-LOC100231107|LOC100231107","yellow"
"gene-LOC121470171|LOC121470171","plum1"
"gene-LOC116808547|LOC116808547","grey"
"gene-VSTM4|VSTM4","skyblue3"
"gene-C6H10orf71|C6H10orf71","darkgreen"
"gene-TMEM273|TMEM273","blue"
"gene-ARHGAP22|ARHGAP22","magenta"
"gene-MAPK8|MAPK8","brown"
"gene-FRMPD2|FRMPD2","skyblue"
"gene-WDFY4|WDFY4","blue"
"gene-LOC100226673|LOC100226673","turquoise"
"gene-ERCC6|ERCC6","brown"
"gene-LOC100219000|LOC100219000","darkturquoise"
"gene-CXCL12|CXCL12","blue"
"gene-ANKRD22|ANKRD22","orangered4"
"gene-STAMBPL1|STAMBPL1","blue"
"gene-CH25H|CH25H","black"
"gene-ACTA2|ACTA2","steelblue"
"gene-FAS|FAS","turquoise"
"gene-LOC100229421|LOC100229421","darkorange"
"gene-LIPA|LIPA","brown"
"gene-KIF20B|KIF20B","blue"
"gene-HTR7|HTR7","magenta"
"gene-SLC16A12|SLC16A12","purple"
"gene-LOC140684442|LOC140684442","magenta"
"gene-PANK1|PANK1","green"
"gene-RPP30|RPP30","darkgrey"
"gene-ANKRD1|ANKRD1","darkgrey"
"gene-PCGF5|PCGF5","brown"
"gene-HECTD2|HECTD2","darkolivegreen"
"gene-LOC115495784|LOC115495784","palevioletred3"
"gene-PPP1R3C|PPP1R3C","red"
"gene-TNKS2|TNKS2","grey"
"gene-TBC1D12|TBC1D12","red"
"gene-NOC3L|NOC3L","grey"
"gene-PLCE1|PLCE1","black"
"gene-SLC35G1|SLC35G1","violet"
"gene-LGI1|LGI1","darkturquoise"
"gene-LOC100220799|LOC100220799","grey"
"gene-PDE6C|PDE6C","darkgrey"
"gene-CYP26A1|CYP26A1","black"
"gene-EXOC6|EXOC6","turquoise"
"gene-CYP26C1|CYP26C1","turquoise"
"gene-HHEX|HHEX","purple"
"gene-KIF11|KIF11","blue"
"gene-IDE|IDE","brown"
"gene-LOC140684445|LOC140684445","grey"
"gene-LOC140684446|LOC140684446","turquoise"
"gene-CEP55|CEP55","blue"
"gene-RBP4|RBP4","magenta"
"gene-FFAR4|FFAR4","magenta"
"gene-MYOF|MYOF","blue"
"gene-CPEB3|CPEB3","green"
"gene-MARCHF5|MARCHF5","purple"
"gene-BTAF1|BTAF1","turquoise"
"gene-LOC101234170|LOC101234170","turquoise"
"gene-CCNJ|CCNJ","green"
"gene-ZNF518A|ZNF518A","royalblue"
"gene-BLNK|BLNK","darkred"
"gene-DNTT|DNTT","thistle2"
"gene-KNDC1|KNDC1","salmon"
"gene-ADGRA1|ADGRA1","green"
"gene-LOC115495789|LOC115495789","red"
"gene-ENTPD1|ENTPD1","blue"
"gene-CPN1|CPN1","yellow"
"gene-DNMBP|DNMBP","pink"
"gene-ABCC2|ABCC2","magenta"
"gene-COX15|COX15","magenta"
"gene-ATP6V0E2|ATP6V0E2","red"
"gene-ENTPD7|ENTPD7","yellow"
"gene-SLC25A28|SLC25A28","turquoise"
"gene-LOC115495790|LOC115495790","grey"
"gene-NKX2-3|NKX2-3","grey"
"gene-CNNM1|CNNM1","turquoise"
"gene-GOT1|GOT1","yellow"
"gene-HPSE2|HPSE2","magenta"
"gene-LOC140684449|LOC140684449","turquoise"
"gene-LOXL4|LOXL4","darkgreen"
"gene-HPS1|HPS1","turquoise"
"gene-PYROXD2|PYROXD2","grey60"
"gene-R3HCC1L|R3HCC1L","turquoise"
"gene-CRTAC1|CRTAC1","steelblue"
"gene-SFRP5|SFRP5","grey"
"gene-ZFYVE27|ZFYVE27","grey"
"gene-AVPI1|AVPI1","turquoise"
"gene-MARVELD1|MARVELD1","turquoise"
"gene-PI4K2A|PI4K2A","grey"
"gene-MORN4|MORN4","magenta"
"gene-HOGA1|HOGA1","yellow"
"gene-ANKRD2|ANKRD2","grey"
"gene-UBTD1|UBTD1","yellow"
"gene-MMS19|MMS19","thistle2"
"gene-ZDHHC16|ZDHHC16","turquoise"
"gene-EXOSC1|EXOSC1","turquoise"
"gene-ARHGAP19|ARHGAP19","blue"
"gene-SLIT1|SLIT1","cyan"
"gene-PGAM1|PGAM1","yellow"
"gene-RRP12|RRP12","salmon"
"gene-LCOR|LCOR","turquoise"
"gene-LOC140684451|LOC140684451","black"
"gene-LOC121470213|LOC121470213","midnightblue"
"gene-PPRC1|PPRC1","turquoise"
"gene-LDB1|LDB1","blue"
"gene-KCNIP2|KCNIP2","grey"
"gene-LOC100218935|LOC100218935","grey"
"gene-HPS6|HPS6","black"
"gene-ARMH3|ARMH3","brown"
"gene-OGA|OGA","turquoise"
"gene-NPM3|NPM3","salmon4"
"gene-FBXW4|FBXW4","saddlebrown"
"gene-DPCD|DPCD","grey"
"gene-POLL|POLL","darkslateblue"
"gene-LOC140684486|LOC140684486","magenta"
"gene-LOC100223789|LOC100223789","grey"
"gene-BTRC|BTRC","brown"
"gene-PDZD7|PDZD7","turquoise"
"gene-SFXN3|SFXN3","black"
"gene-LZTS2|LZTS2","brown"
"gene-SEMA4G|SEMA4G","turquoise"
"gene-TWNK|TWNK","green"
"gene-LOC116808554|LOC116808554","yellow"
"gene-C6H10orf95|C6H10orf95","turquoise"
"gene-SLF2|SLF2","violet"
"gene-MFSD13A|MFSD13A","brown"
"gene-ACTR1A|ACTR1A","brown"
"gene-SUFU|SUFU","black"
"gene-TRIM8|TRIM8","blue"
"gene-ARL3|ARL3","grey"
"gene-SFXN2|SFXN2","magenta"
"gene-WBP1L|WBP1L","purple"
"gene-CYP17A1|CYP17A1","turquoise"
"gene-BORCS7|BORCS7","grey"
"gene-AS3MT|AS3MT","magenta"
"gene-CNNM2|CNNM2","green"
"gene-NT5C2|NT5C2","purple"
"gene-INA|INA","red"
"gene-PCGF6|PCGF6","brown"
"gene-CALHM2|CALHM2","darkturquoise"
"gene-TAF5|TAF5","turquoise"
"gene-ATP5MK|ATP5MK","yellow"
"gene-PDCD11|PDCD11","black"
"gene-NEURL1|NEURL1","blue"
"gene-SH3PXD2A|SH3PXD2A","turquoise"
"gene-COL17A1|COL17A1","red"
"gene-SFR1|SFR1","grey"
"gene-SLK|SLK","blue"
"gene-STN1|STN1","lightgreen"
"gene-CFAP43|CFAP43","plum2"
"gene-LOC100228612|LOC100228612","yellow"
"gene-CFAP58|CFAP58","grey"
"gene-ITPRIP|ITPRIP","brown"
"gene-LOC100226716|LOC100226716","grey"
"gene-XPNPEP1|XPNPEP1","brown"
"gene-ADD3|ADD3","brown"
"gene-MXI1|MXI1","salmon"
"gene-LOC115495805|LOC115495805","black"
"gene-SMNDC1|SMNDC1","black"
"gene-LOC121470210|LOC121470210","darkred"
"gene-DUSP5|DUSP5","blue"
"gene-SMC3|SMC3","black"
"gene-RBM20|RBM20","cyan"
"gene-PDCD4|PDCD4","grey"
"gene-BBIP1|BBIP1","ivory"
"gene-SHOC2|SHOC2","brown"
"gene-ADRA2A|ADRA2A","tan"
"gene-LOC115495811|LOC115495811","red"
"gene-LOC140684460|LOC140684460","turquoise"
"gene-LOC115495813|LOC115495813","white"
"gene-TECTB|TECTB","grey"
"gene-GPAM|GPAM","green"
"gene-ACSL5|ACSL5","green"
"gene-ZDHHC6|ZDHHC6","saddlebrown"
"gene-VTI1A|VTI1A","brown"
"gene-TCF7L2|TCF7L2","turquoise"
"gene-CASP7|CASP7","blue"
"gene-PLEKHS1|PLEKHS1","blue"
"gene-DCLRE1A|DCLRE1A","black"
"gene-LOC140684464|LOC140684464","grey"
"gene-HABP2|HABP2","yellow"
"gene-NRAP|NRAP","magenta"
"gene-NHLRC2|NHLRC2","brown"
"gene-ADRB1|ADRB1","white"
"gene-TDRD1|TDRD1","brown"
"gene-CCDC186|CCDC186","brown"
"gene-AFAP1L2|AFAP1L2","darkturquoise"
"gene-LOC115495816|LOC115495816","lightcyan"
"gene-ABLIM1|ABLIM1","green"
"gene-FHIP2A|FHIP2A","brown"
"gene-TRUB1|TRUB1","thistle1"
"gene-ATRNL1|ATRNL1","grey"
"gene-GFRA1|GFRA1","palevioletred3"
"gene-HSPA12A|HSPA12A","brown"
"gene-ENO4|ENO4","grey"
"gene-SHTN1|SHTN1","yellow"
"gene-SLC18A2|SLC18A2","black"
"gene-PDZD8|PDZD8","brown"
"gene-RAB11FIP2|RAB11FIP2","brown"
"gene-FAM204A|FAM204A","bisque4"
"gene-CACUL1|CACUL1","blue"
"gene-NANOS1|NANOS1","grey"
"gene-EIF3A|EIF3A","grey"
"gene-DENND10|DENND10","grey"
"gene-SFXN4|SFXN4","pink"
"gene-PRDX3|PRDX3","yellow"
"gene-GRK5|GRK5","brown"
"gene-RGS10|RGS10","blue"
"gene-TIAL1|TIAL1","darkslateblue"
"gene-BAG3|BAG3","red"
"gene-INPP5F|INPP5F","floralwhite"
"gene-MCMBP|MCMBP","brown"
"gene-SEC23IP|SEC23IP","brown"
"gene-WDR11|WDR11","brown"
"gene-LOC140684469|LOC140684469","grey"
"gene-FGFR2|FGFR2","skyblue3"
"gene-ATE1|ATE1","purple"
"gene-NSMCE4A|NSMCE4A","turquoise"
"gene-LOC100231121|LOC100231121","darkred"
"gene-TACC2|TACC2","grey"
"gene-PLEKHA1|PLEKHA1","grey"
"gene-HTRA1|HTRA1","lavenderblush3"
"gene-DMBT1|DMBT1","tan"
"gene-C6H10orf88|C6H10orf88","salmon4"
"gene-LOC115495830|LOC115495830","darkred"
"gene-LOC100220484|LOC100220484","grey"
"gene-PSTK|PSTK","magenta"
"gene-IKZF5|IKZF5","grey"
"gene-ACADSB|ACADSB","royalblue"
"gene-BUB3|BUB3","brown"
"gene-CPXM2|CPXM2","brown"
"gene-CHST15|CHST15","brown"
"gene-ADAM12|ADAM12","tan"
"gene-OAT|OAT","grey"
"gene-CTBP2|CTBP2","grey"
"gene-UROS|UROS","red"
"gene-LHPP|LHPP","yellow"
"gene-LOC140684470|LOC140684470","grey"
"gene-FAM53B|FAM53B","blue"
"gene-EEF1AKMT2|EEF1AKMT2","brown"
"gene-ABRAXAS2|ABRAXAS2","brown"
"gene-ZRANB1|ZRANB1","brown"
"gene-EDRF1|EDRF1","darkgrey"
"gene-BCCIP|BCCIP","yellow"
"gene-CLRN3|CLRN3","grey"
"gene-INSYN2A|INSYN2A","thistle2"
"gene-DOCK1|DOCK1","red"
"gene-PTPRE|PTPRE","blue"
"gene-MKI67|MKI67","blue"
"gene-LOC140684490|LOC140684490","tan"
"gene-MGMT|MGMT","grey"
"gene-C6H10orf143|C6H10orf143","purple"
"gene-GLRX3|GLRX3","yellow"
"gene-TCERG1L|TCERG1L","purple"
"gene-PPP2R2D|PPP2R2D","salmon"
"gene-JAKMIP3|JAKMIP3","grey"
"gene-BNIP3|BNIP3","red"
"gene-STK32C|STK32C","grey"
"gene-PWWP2B|PWWP2B","green"
"gene-NKX6-2|NKX6-2","grey"
"gene-CFAP46|CFAP46","turquoise"
"gene-INPP5A|INPP5A","skyblue"
"gene-ALDH18A1|ALDH18A1","blue"
"gene-MSH4|MSH4","turquoise"
"gene-LOC121470206|LOC121470206","turquoise"
"gene-LOC140684526|LOC140684526","turquoise"
"gene-LOC121469000|LOC121469000","darkslateblue"
"gene-LOC140684579|LOC140684579","white"
"gene-ABCA12|ABCA12","red"
"gene-BARD1|BARD1","blue"
"gene-VWC2L|VWC2L","grey"
"gene-SPAG16|SPAG16","grey"
"gene-IKZF2|IKZF2","blue"
"gene-MREG|MREG","grey"
"gene-LOC100231735|LOC100231735","cyan"
"gene-LOC115495912|LOC115495912","grey"
"gene-UBE2F|UBE2F","green"
"gene-LOC115495908|LOC115495908","grey"
"gene-FN1|FN1","brown"
"gene-ATIC|ATIC","magenta"
"gene-LRRFIP1|LRRFIP1","red"
"gene-PRLH|PRLH","grey"
"gene-RAB17|RAB17","grey"
"gene-MLPH|MLPH","white"
"gene-COL6A3|COL6A3","blue"
"gene-COPS8|COPS8","yellow"
"gene-ACKR3|ACKR3","blue"
"gene-IQCA1|IQCA1","bisque4"
"gene-TRPM8|TRPM8","turquoise"
"gene-AGAP1|AGAP1","greenyellow"
"gene-LOC121470267|LOC121470267","magenta"
"gene-POFUT2|POFUT2","grey"
"gene-YBEY|YBEY","royalblue"
"gene-MCM3AP|MCM3AP","turquoise"
"gene-COL6A2|COL6A2","brown"
"gene-FTCD|FTCD","magenta"
"gene-LOC140684538|LOC140684538","turquoise"
"gene-COL6A1|COL6A1","brown"
"gene-PCBP3|PCBP3","blue"
"gene-COL18A1|COL18A1","black"
"gene-SLC19A1|SLC19A1","green"
"gene-LOC116808583|LOC116808583","turquoise"
"gene-NDUFA10|NDUFA10","yellow"
"gene-TWIST2|TWIST2","pink"
"gene-HDAC4|HDAC4","red"
"gene-LOC100224934|LOC100224934","darkolivegreen"
"gene-ASB1|ASB1","red"
"gene-TRAF3IP1|TRAF3IP1","yellowgreen"
"gene-USP40|USP40","skyblue3"
"gene-SH3BP4|SH3BP4","white"
"gene-LOC100229734|LOC100229734","green"
"gene-LOC140684542|LOC140684542","lightcyan"
"gene-LOC140684543|LOC140684543","brown"
"gene-LOC121470225|LOC121470225","grey"
"gene-ARL4C|ARL4C","pink"
"gene-LOC140684544|LOC140684544","red"
"gene-LOC140684520|LOC140684520","turquoise"
"gene-SPP2|SPP2","yellow"
"gene-SMC1A|SMC1A","brown"
"gene-LOC140684585|LOC140684585","black"
"gene-LOC121470250|LOC121470250","grey"
"gene-LOC115495914|LOC115495914","red"
"gene-LOC100218844|LOC100218844","grey"
"gene-LOC115495916|LOC115495916","mediumpurple3"
"gene-PARP9|PARP9","black"
"gene-DTX3L|DTX3L","black"
"gene-LOC105759399|LOC105759399","turquoise"
"gene-LOC100226582|LOC100226582","black"
"gene-LMLN|LMLN","red"
"gene-LOC100219837|LOC100219837","grey"
"gene-OSBPL11|OSBPL11","brown"
"gene-LOC100224677|LOC100224677","magenta"
"gene-SNX4|SNX4","green"
"gene-ZNF148|ZNF148","black"
"gene-SLC12A8|SLC12A8","royalblue"
"gene-HEG1|HEG1","salmon"
"gene-ITGB5|ITGB5","green"
"gene-UMPS|UMPS","green"
"gene-KALRN|KALRN","greenyellow"
"gene-ADCY5|ADCY5","grey"
"gene-CCDC14|CCDC14","turquoise"
"gene-MYLK|MYLK","salmon"
"gene-LOC140684551|LOC140684551","grey"
"gene-HACD2|HACD2","green"
"gene-SEC22A|SEC22A","yellow"
"gene-PDIA5|PDIA5","brown"
"gene-SEMA5B|SEMA5B","darkmagenta"
"gene-SLC49A4|SLC49A4","brown"
"gene-HSPBAP1|HSPBAP1","brown"
"gene-LOC121470153|LOC121470153","darkturquoise"
"gene-SLC15A2|SLC15A2","grey"
"gene-EAF2|EAF2","magenta"
"gene-LOC100223706|LOC100223706","grey"
"gene-IQCB1|IQCB1","grey"
"gene-TSN|TSN","darkorange"
"gene-NIFK|NIFK","grey60"
"gene-CLASP1|CLASP1","black"
"gene-TFCP2L1|TFCP2L1","grey"
"gene-GLI2|GLI2","darkorange"
"gene-INHBB|INHBB","blue"
"gene-RALB|RALB","blue"
"gene-LOC105759403|LOC105759403","blue"
"gene-EPB41L5|EPB41L5","ivory"
"gene-LOC140684553|LOC140684553","paleturquoise"
"gene-PTPN4|PTPN4","red"
"gene-TMEM177|TMEM177","midnightblue"
"gene-MRAS|MRAS","blue"
"gene-CNTNAP5|CNTNAP5","grey"
"gene-GYPC|GYPC","floralwhite"
"gene-BIN1|BIN1","white"
"gene-CYP27C1|CYP27C1","turquoise"
"gene-TMEM169|TMEM169","green"
"gene-ERCC3|ERCC3","turquoise"
"gene-MAP3K2|MAP3K2","violet"
"gene-PECR|PECR","turquoise"
"gene-XRCC5|XRCC5","violet"
"gene-MARCHF4|MARCHF4","grey"
"gene-SMARCAL1|SMARCAL1","black"
"gene-RPL37A|RPL37A","pink"
"gene-IGFBP2|IGFBP2","red"
"gene-IGFBP5|IGFBP5","yellow"
"gene-RUFY4|RUFY4","blue"
"gene-TNS1|TNS1","darkorange2"
"gene-ARPC2|ARPC2","blue"
"gene-AAMP|AAMP","yellow"
"gene-TMBIM1|TMBIM1","bisque4"
"gene-PNKD|PNKD","yellow"
"gene-CATIP|CATIP","turquoise"
"gene-SLC11A1|SLC11A1","blue"
"gene-CTDSP1|CTDSP1","purple"
"gene-VIL1|VIL1","orangered4"
"gene-USP37|USP37","blue"
"gene-CNOT9|CNOT9","brown"
"gene-ZNF142|ZNF142","salmon"
"gene-STK36|STK36","turquoise"
"gene-TTLL4|TTLL4","turquoise"
"gene-BCS1L|BCS1L","yellow"
"gene-RNF25|RNF25","brown4"
"gene-FEV|FEV","grey60"
"gene-PRKAG3|PRKAG3","yellow"
"gene-CYP27A1|CYP27A1","yellow"
"gene-CFAP65|CFAP65","turquoise"
"gene-CRYBA2|CRYBA2","turquoise"
"gene-MIR375|MIR375","turquoise"
"gene-LOC100230362|LOC100230362","grey"
"gene-NHEJ1|NHEJ1","yellow"
"gene-IHH|IHH","turquoise"
"gene-LOC140684555|LOC140684555","orange"
"gene-SLC23A3|SLC23A3","grey"
"gene-CNPPD1|CNPPD1","purple"
"gene-RETREG2|RETREG2","saddlebrown"
"gene-LOC100218848|LOC100218848","blue"
"gene-LOC100231318|LOC100231318","blue"
"gene-LOC100222650|LOC100222650","turquoise"
"gene-ZFAND2B|ZFAND2B","green"
"gene-ABCB6|ABCB6","blue"
"gene-ATG9A|ATG9A","brown"
"gene-GLB1L|GLB1L","darkred"
"gene-DNAJB2|DNAJB2","magenta"
"gene-PTPRN|PTPRN","brown"
"gene-DNPEP|DNPEP","grey60"
"gene-MIR2965|MIR2965","turquoise"
"gene-DES|DES","pink"
"gene-SPEG|SPEG","grey"
"gene-GMPPA|GMPPA","magenta"
"gene-CHPF|CHPF","brown"
"gene-OBSL1|OBSL1","greenyellow"
"gene-TMEM198|TMEM198","purple"
"gene-LOC100219825|LOC100219825","brown"
"gene-SLC4A3|SLC4A3","turquoise"
"gene-STK11IP|STK11IP","brown"
"gene-LOC100221738|LOC100221738","blue"
"gene-LY75|LY75","blue"
"gene-PLA2R1|PLA2R1","blue"
"gene-ITGB6|ITGB6","turquoise"
"gene-RBMS1|RBMS1","turquoise"
"gene-TANK|TANK","red"
"gene-TBR1|TBR1","grey"
"gene-PSMD14|PSMD14","salmon"
"gene-LOC100228501|LOC100228501","blue"
"gene-SLC4A10|SLC4A10","green"
"gene-DPP4|DPP4","green"
"gene-IFIH1|IFIH1","blue"
"gene-LOC115495950|LOC115495950","turquoise"
"gene-LOC116808593|LOC116808593","lightcyan"
"gene-FIGN|FIGN","turquoise"
"gene-GRB14|GRB14","magenta"
"gene-COBLL1|COBLL1","brown"
"gene-SCN2A|SCN2A","grey"
"gene-CSRNP3|CSRNP3","grey"
"gene-TTC21B|TTC21B","maroon"
"gene-GALNT3|GALNT3","maroon"
"gene-LOC100224567|LOC100224567","grey"
"gene-LOC100221646|LOC100221646","royalblue"
"gene-STK39|STK39","midnightblue"
"gene-B3GALT1|B3GALT1","blue"
"gene-CERS6|CERS6","lightsteelblue1"
"gene-SPC25|SPC25","blue"
"gene-G6PC2|G6PC2","tan"
"gene-LRP2|LRP2","magenta"
"gene-ABCB11|ABCB11","purple"
"gene-DHRS9|DHRS9","grey"
"gene-FASTKD1|FASTKD1","violet"
"gene-BBS5|BBS5","turquoise"
"gene-KLHL41|KLHL41","turquoise"
"gene-PPIG|PPIG","grey"
"gene-MYO3B|MYO3B","mediumpurple3"
"gene-SP5|SP5","grey"
"gene-METTL5|METTL5","turquoise"
"gene-LOC121470230|LOC121470230","lightcyan"
"gene-CFAP210|CFAP210","lightyellow"
"gene-SSB|SSB","turquoise"
"gene-PHOSPHO2|PHOSPHO2","turquoise"
"gene-KLHL23|KLHL23","violet"
"gene-UBR3|UBR3","green"
"gene-GAD1|GAD1","turquoise"
"gene-GORASP2|GORASP2","brown"
"gene-CYBRD1|CYBRD1","blue"
"gene-TLK1|TLK1","brown"
"gene-METTL8|METTL8","darkgrey"
"gene-DCAF17|DCAF17","turquoise"
"gene-DYNC1I2|DYNC1I2","brown"
"gene-LOC140684521|LOC140684521","red"
"gene-SLC25A12|SLC25A12","turquoise"
"gene-DLX2|DLX2","paleturquoise"
"gene-LOC140684561|LOC140684561","paleturquoise"
"gene-DLX1|DLX1","turquoise"
"gene-HAT1|HAT1","salmon"
"gene-METAP1D|METAP1D","turquoise"
"gene-RAPGEF4|RAPGEF4","midnightblue"
"gene-ITGA6|ITGA6","orangered4"
"gene-LOC100217844|LOC100217844","brown"
"gene-LOC140684562|LOC140684562","grey"
"gene-LOC121470256|LOC121470256","magenta"
"gene-PDK1|PDK1","green"
"gene-MAP3K20|MAP3K20","brown"
"gene-CDCA7|CDCA7","blue"
"gene-SP3|SP3","black"
"gene-OLA1|OLA1","green"
"gene-CIRSR|CIRSR","salmon"
"gene-SCRN3|SCRN3","magenta"
"gene-GPR155|GPR155","darkturquoise"
"gene-WIPF1|WIPF1","blue"
"gene-CHN1|CHN1","darkred"
"gene-ATF2|ATF2","lightcyan"
"gene-LOC140684565|LOC140684565","lightcyan"
"gene-ATP5MC3|ATP5MC3","yellow"
"gene-HOXD9|HOXD9","grey"
"gene-LNPK|LNPK","black"
"gene-MTX2|MTX2","yellow"
"gene-LOC140684566|LOC140684566","pink"
"gene-PDE11A|PDE11A","tan"
"gene-IFT70A|IFT70A","thistle2"
"gene-HNRNPA3|HNRNPA3","salmon"
"gene-NFE2L2|NFE2L2","brown"
"gene-LOC115495975|LOC115495975","paleturquoise"
"gene-LOC140684571|LOC140684571","cyan"
"gene-AGPS|AGPS","brown"
"gene-RBM45|RBM45","royalblue"
"gene-OSBPL6|OSBPL6","midnightblue"
"gene-CCDC141|CCDC141","grey"
"gene-TTN|TTN","turquoise"
"gene-FKBP7|FKBP7","lightsteelblue1"
"gene-PLEKHA3|PLEKHA3","black"
"gene-SESTD1|SESTD1","brown"
"gene-ZNF385B|ZNF385B","red"
"gene-CWC22|CWC22","turquoise"
"gene-UBE2E3|UBE2E3","purple"
"gene-CERKL|CERKL","turquoise"
"gene-ITGA4|ITGA4","blue"
"gene-ITPRID2|ITPRID2","blue"
"gene-PPP1R1C|PPP1R1C","lightgreen"
"gene-LOC140684575|LOC140684575","floralwhite"
"gene-PDE1A|PDE1A","red"
"gene-PIKFYVE|PIKFYVE","turquoise"
"gene-DNAJC10|DNAJC10","brown"
"gene-IDH1|IDH1","green"
"gene-LOC101233194|LOC101233194","brown"
"gene-NBEAL1|NBEAL1","darkslateblue"
"gene-LOC100190105|LOC100190105","grey60"
"gene-CYP20A1|CYP20A1","red"
"gene-ABI2|ABI2","brown"
"gene-RAPH1|RAPH1","green"
"gene-CD28|CD28","blue"
"gene-CTLA4|CTLA4","blue"
"gene-ICOS|ICOS","blue"
"gene-PARD3B|PARD3B","brown"
"gene-LOC140684576|LOC140684576","lightyellow"
"gene-NRP2|NRP2","blue"
"gene-INO80D|INO80D","turquoise"
"gene-CMKLR2|CMKLR2","blue"
"gene-ZDBF2|ZDBF2","brown"
"gene-DYTN|DYTN","turquoise"
"gene-ADAM23|ADAM23","violet"
"gene-NDUFS1|NDUFS1","green"
"gene-EEF1B2|EEF1B2","pink"
"gene-LOC115496089|LOC115496089","turquoise"
"gene-LOC115496092|LOC115496092","turquoise"
"gene-MDH1B|MDH1B","turquoise"
"gene-FASTKD2|FASTKD2","grey"
"gene-KLF7|KLF7","blue"
"gene-CREB1|CREB1","black"
"gene-METTL21A|METTL21A","grey"
"gene-LOC140684578|LOC140684578","red"
"gene-CCNYL1|CCNYL1","turquoise"
"gene-PLEKHM3|PLEKHM3","darkred"
"gene-FZD5|FZD5","purple"
"gene-TRAK2|TRAK2","violet"
"gene-STRADB|STRADB","bisque4"
"gene-LOC100222284|LOC100222284","grey60"
"gene-CARF|CARF","turquoise"
"gene-CDK15|CDK15","grey"
"gene-WDR12|WDR12","grey60"
"gene-FAM117B|FAM117B","blue"
"gene-BMPR2|BMPR2","brown"
"gene-LOC121470298|LOC121470298","grey"
"gene-NOP58|NOP58","grey"
"gene-SUMO1|SUMO1","brown"
"gene-FZD7|FZD7","grey"
"gene-ALS2|ALS2","grey"
"gene-MPP4|MPP4","turquoise"
"gene-TMEM237|TMEM237","orangered4"
"gene-LOC100223333|LOC100223333","red"
"gene-LOC100220453|LOC100220453","turquoise"
"gene-CFLAR|CFLAR","brown"
"gene-ORC2|ORC2","black"
"gene-HYCC2|HYCC2","lightcyan"
"gene-NDUFB3|NDUFB3","yellow"
"gene-NIF3L1|NIF3L1","grey"
"gene-PPIL3|PPIL3","plum2"
"gene-SGO2|SGO2","purple"
"gene-BZW1|BZW1","brown"
"gene-LOC140684580|LOC140684580","lightcyan"
"gene-AOX1|AOX1","grey"
"gene-LOC121470299|LOC121470299","turquoise"
"gene-SPATS2L|SPATS2L","grey"
"gene-TYW5|TYW5","turquoise"
"gene-MAIP1|MAIP1","pink"
"gene-LOC121470304|LOC121470304","turquoise"
"gene-C7H2orf69|C7H2orf69","green"
"gene-SATB2|SATB2","red"
"gene-LOC115496002|LOC115496002","turquoise"
"gene-PLCL1|PLCL1","grey"
"gene-RFTN2|RFTN2","blue"
"gene-MOB4|MOB4","red"
"gene-LOC115496003|LOC115496003","turquoise"
"gene-HSPE1|HSPE1","pink"
"gene-HSPD1|HSPD1","purple"
"gene-COQ10B|COQ10B","green"
"gene-SF3B1|SF3B1","turquoise"
"gene-HECW2|HECW2","turquoise"
"gene-ANKRD44|ANKRD44","blue"
"gene-LOC115496004|LOC115496004","green"
"gene-PGAP1|PGAP1","brown"
"gene-LOC140684583|LOC140684583","brown"
"gene-C7H2orf66|C7H2orf66","grey"
"gene-GTF3C3|GTF3C3","brown"
"gene-STK17B|STK17B","brown"
"gene-LOC115496005|LOC115496005","grey"
"gene-LOC100229685|LOC100229685","grey"
"gene-SLC39A10|SLC39A10","red"
"gene-TMEFF2|TMEFF2","grey"
"gene-CAVIN2|CAVIN2","greenyellow"
"gene-LOC115496009|LOC115496009","grey"
"gene-LOC100221395|LOC100221395","red"
"gene-NABP1|NABP1","darkgrey"
"gene-GLS|GLS","black"
"gene-MYO1B|MYO1B","black"
"gene-LOC105759428|LOC105759428","darkorange"
"gene-STAT4|STAT4","blue"
"gene-STAT1|STAT1","black"
"gene-NAB1|NAB1","black"
"gene-NEMP2|NEMP2","violet"
"gene-C7H2orf88|C7H2orf88","lavenderblush3"
"gene-MFSD6|MFSD6","brown"
"gene-HIBCH|HIBCH","green"
"gene-PMS1|PMS1","darkgrey"
"gene-ORMDL1|ORMDL1","saddlebrown"
"gene-OSGEPL1|OSGEPL1","green"
"gene-ASNSD1|ASNSD1","grey"
"gene-ASDURF|ASDURF","bisque4"
"gene-SLC40A1|SLC40A1","red"
"gene-LOC115496012|LOC115496012","midnightblue"
"gene-WDR75|WDR75","red"
"gene-COL5A2|COL5A2","darkturquoise"
"gene-COL3A1|COL3A1","blue"
"gene-GULP1|GULP1","red"
"gene-TFPI|TFPI","black"
"gene-CALCRL|CALCRL","violet"
"gene-FAM171B|FAM171B","darkred"
"gene-ITGAV|ITGAV","brown"
"gene-ZC3H15|ZC3H15","brown"
"gene-LOC100220375|LOC100220375","turquoise"
"gene-ZNF804A|ZNF804A","grey"
"gene-LOC140684495|LOC140684495","purple"
"gene-ADARB1|ADARB1","red"
"gene-SLX9|SLX9","magenta"
"gene-C7H21orf58|C7H21orf58","lightcyan"
"gene-ITGB2|ITGB2","blue"
"gene-KMO|KMO","magenta"
"gene-PCNT|PCNT","turquoise"
"gene-DIP2A|DIP2A","magenta"
"gene-S100B|S100B","darkred"
"gene-LOC115496018|LOC115496018","grey"
"gene-LSS|LSS","green"
"gene-NUP35|NUP35","pink"
"gene-DUSP19|DUSP19","darkgrey"
"gene-NCKAP1|NCKAP1","brown"
"gene-FRZB|FRZB","blue"
"gene-MAP2|MAP2","grey"
"gene-UNC80|UNC80","black"
"gene-RPE|RPE","purple"
"gene-KANSL1L|KANSL1L","turquoise"
"gene-MYL1|MYL1","black"
"gene-ACADL|ACADL","green"
"gene-LOC115496020|LOC115496020","lightcyan"
"gene-LOC115496022|LOC115496022","greenyellow"
"gene-LANCL1|LANCL1","purple"
"gene-CPS1|CPS1","grey"
"gene-ERBB4|ERBB4","sienna3"
"gene-CFAP221|CFAP221","darkred"
"gene-LOC100231025|LOC100231025","grey"
"gene-ESYT3|ESYT3","greenyellow"
"gene-LOC100225287|LOC100225287","sienna3"
"gene-SCTR|SCTR","tan"
"gene-TMEM37|TMEM37","black"
"gene-C1QL2|C1QL2","black"
"gene-C7H2orf76|C7H2orf76","yellow"
"gene-DBI|DBI","yellow"
"gene-STEAP3|STEAP3","brown"
"gene-MARCO|MARCO","blue"
"gene-LOC115496028|LOC115496028","grey"
"gene-INSIG2|INSIG2","blue"
"gene-CCDC93|CCDC93","blue"
"gene-LOC100225224|LOC100225224","turquoise"
"gene-DDX18|DDX18","brown"
"gene-LOC140684500|LOC140684500","grey"
"gene-DPP10|DPP10","yellow"
"gene-ACTR3|ACTR3","blue"
"gene-SLC35F5|SLC35F5","brown"
"gene-GPR39|GPR39","brown"
"gene-LYPD1|LYPD1","yellow"
"gene-NCKAP5|NCKAP5","black"
"gene-LOC115496031|LOC115496031","darkolivegreen"
"gene-MGAT5|MGAT5","black"
"gene-ACMSD|ACMSD","red"
"gene-MCM6|MCM6","blue"
"gene-MAP3K19|MAP3K19","turquoise"
"gene-ZRANB3|ZRANB3","midnightblue"
"gene-R3HDM1|R3HDM1","brown"
"gene-LCT|LCT","blue"
"gene-CCNT2|CCNT2","turquoise"
"gene-RAB3GAP1|RAB3GAP1","brown"
"gene-LOC115496032|LOC115496032","turquoise"
"gene-UBXN4|UBXN4","green"
"gene-DARS1|DARS1","yellow"
"gene-CXCR4|CXCR4","blue"
"gene-THSD7B|THSD7B","grey"
"gene-LOC100228106|LOC100228106","cyan"
"gene-LOC140684528|LOC140684528","turquoise"
"gene-SPOPL|SPOPL","black"
"gene-NXPH2|NXPH2","orange"
"gene-LRP1B|LRP1B","magenta"
"gene-LOC115496033|LOC115496033","turquoise"
"gene-LOC140684503|LOC140684503","grey"
"gene-KYNU|KYNU","magenta"
"gene-ARHGAP15|ARHGAP15","blue"
"gene-GTDC1|GTDC1","turquoise"
"gene-ZEB2|ZEB2","blue"
"gene-LOC140684504|LOC140684504","brown"
"gene-ACVR2A|ACVR2A","brown"
"gene-ORC4|ORC4","black"
"gene-MBD5|MBD5","black"
"gene-LOC115496040|LOC115496040","grey"
"gene-EPC2|EPC2","brown"
"gene-KIF5C|KIF5C","blue"
"gene-MMADHC|MMADHC","yellow"
"gene-RND3|RND3","turquoise"
"gene-RBM43|RBM43","blue"
"gene-NMI|NMI","black"
"gene-RIF1|RIF1","black"
"gene-NEB|NEB","grey"
"gene-LOC115496041|LOC115496041","green"
"gene-ARL5A|ARL5A","green"
"gene-CACNB4|CACNB4","darkgrey"
"gene-LOC121470244|LOC121470244","thistle2"
"gene-STAM2|STAM2","brown"
"gene-LOC140684508|LOC140684508","turquoise"
"gene-LOC115496043|LOC115496043","red"
"gene-LOC140684537|LOC140684537","plum2"
"gene-FMNL2|FMNL2","blue"
"gene-RPRM|RPRM","purple"
"gene-PRPF40A|PRPF40A","red"
"gene-LOC140684509|LOC140684509","blue"
"gene-GALNT13|GALNT13","darkorange"
"gene-NR4A2|NR4A2","white"
"gene-GPD2|GPD2","green"
"gene-GALNT5|GALNT5","salmon"
"gene-ERMN|ERMN","grey"
"gene-CYTIP|CYTIP","blue"
"gene-ACVR1C|ACVR1C","grey"
"gene-DAPL1|DAPL1","red"
"gene-CCDC148|CCDC148","turquoise"
"gene-PKP4|PKP4","grey"
"gene-ACVR1|ACVR1","ivory"
"gene-LOC140684512|LOC140684512","lavenderblush3"
"gene-UPP2|UPP2","grey60"
"gene-LOC140684513|LOC140684513","grey"
"gene-LOC115496050|LOC115496050","greenyellow"
"gene-TANC1|TANC1","black"
"gene-WDSUB1|WDSUB1","black"
"gene-BAZ2B|BAZ2B","turquoise"
"gene-LOC121470227|LOC121470227","turquoise"
"gene-LOC140684514|LOC140684514","yellowgreen"
"gene-LOC105759477|LOC105759477","yellowgreen"
"gene-LOC140684515|LOC140684515","yellowgreen"
"gene-MARCHF7|MARCHF7","black"
"gene-LOC115496051|LOC115496051","turquoise"
"gene-LOC121470339|LOC121470339","red"
"gene-NAA20|NAA20","turquoise"
"gene-RABGGTB|RABGGTB","brown"
"gene-LOC115496148|LOC115496148","red"
"gene-ACADM|ACADM","yellow"
"gene-SLC44A5|SLC44A5","purple"
"gene-CRYZ|CRYZ","green"
"gene-ERICH3|ERICH3","turquoise"
"gene-TYW3|TYW3","purple"
"gene-TNNI3K|TNNI3K","darkmagenta"
"gene-FPGT|FPGT","lavenderblush3"
"gene-PTGER3|PTGER3","black"
"gene-NEGR1|NEGR1","palevioletred3"
"gene-ZRANB2|ZRANB2","turquoise"
"gene-LEPR|LEPR","darkorange"
"gene-LOC116808670|LOC116808670","turquoise"
"gene-LEPROT|LEPROT","red"
"gene-DNAJC6|DNAJC6","red"
"gene-CTH|CTH","magenta"
"gene-DEPDC1|DEPDC1","midnightblue"
"gene-DNAI4|DNAI4","grey"
"gene-SGIP1|SGIP1","blue"
"gene-PDE4B|PDE4B","blue"
"gene-LRRC40|LRRC40","cyan"
"gene-SRSF11|SRSF11","turquoise"
"gene-ANKRD13C|ANKRD13C","brown"
"gene-RPE65|RPE65","lightyellow"
"gene-LOC115496174|LOC115496174","brown"
"gene-WLS|WLS","blue"
"gene-DIRAS3|DIRAS3","grey"
"gene-GNG12|GNG12","magenta"
"gene-GADD45A|GADD45A","greenyellow"
"gene-LOC140684596|LOC140684596","greenyellow"
"gene-SERBP1|SERBP1","green"
"gene-LOC115496184|LOC115496184","turquoise"
"gene-LOC116808658|LOC116808658","grey"
"gene-SLC35D1|SLC35D1","brown"
"gene-MIER1|MIER1","brown"
"gene-DYNLT5|DYNLT5","blue"
"gene-AK4|AK4","black"
"gene-JAK1|JAK1","grey"
"gene-LOC115496292|LOC115496292","turquoise"
"gene-RAVER2|RAVER2","lightpink4"
"gene-CACHD1|CACHD1","mediumpurple3"
"gene-ROR1|ROR1","brown"
"gene-LOC140684642|LOC140684642","grey"
"gene-PGM1|PGM1","green"
"gene-EFCAB7|EFCAB7","grey"
"gene-ITGB3BP|ITGB3BP","blue"
"gene-ALG6|ALG6","blue"
"gene-ATG4C|ATG4C","floralwhite"
"gene-DOCK7|DOCK7","black"
"gene-USP1|USP1","black"
"gene-ANGPTL3|ANGPTL3","purple"
"gene-KANK4|KANK4","red"
"gene-PATJ|PATJ","red"
"gene-LOC121470314|LOC121470314","grey"
"gene-TM2D1|TM2D1","saddlebrown"
"gene-NFIA|NFIA","magenta"
"gene-LOC115496127|LOC115496127","red"
"gene-CYP2J19A|CYP2J19A","turquoise"
"gene-CYP2J40|CYP2J40","grey"
"gene-HOOK1|HOOK1","grey"
"gene-LOC115496126|LOC115496126","red"
"gene-FGGY|FGGY","greenyellow"
"gene-LOC115496129|LOC115496129","red"
"gene-DAB1|DAB1","blue"
"gene-LOC140684609|LOC140684609","red"
"gene-JUN|JUN","darkgreen"
"gene-LOC121470393|LOC121470393","white"
"gene-MYSM1|MYSM1","turquoise"
"gene-TACSTD2|TACSTD2","lightyellow"
"gene-OMA1|OMA1","green"
"gene-PRKAA2|PRKAA2","turquoise"
"gene-C8B|C8B","turquoise"
"gene-C8A|C8A","red"
"gene-FYB2|FYB2","red"
"gene-PLPP3|PLPP3","black"
"gene-PCSK9|PCSK9","grey"
"gene-TMEM61|TMEM61","darkmagenta"
"gene-LOC115496151|LOC115496151","turquoise"
"gene-USP24|USP24","green"
"gene-DHCR24|DHCR24","green"
"gene-PARS2|PARS2","greenyellow"
"gene-ACOT11|ACOT11","skyblue3"
"gene-TTC4|TTC4","grey"
"gene-TMEM205|TMEM205","brown4"
"gene-SSBP3|SSBP3","magenta"
"gene-CDCP2|CDCP2","darkgrey"
"gene-CYB5RL|CYB5RL","turquoise"
"gene-MRPL37|MRPL37","brown4"
"gene-TCEANC2|TCEANC2","grey60"
"gene-TMEM59|TMEM59","yellow"
"gene-LDLRAD1|LDLRAD1","darkred"
"gene-LRRC42|LRRC42","salmon"
"gene-IFT25|IFT25","yellow"
"gene-DIO1|DIO1","yellow"
"gene-YIPF1|YIPF1","saddlebrown"
"gene-NDC1|NDC1","blue"
"gene-GLIS1|GLIS1","grey"
"gene-LOC140684637|LOC140684637","grey"
"gene-LRP8|LRP8","blue"
"gene-MAGOH|MAGOH","turquoise"
"gene-CZIB|CZIB","grey60"
"gene-CPT2|CPT2","brown"
"gene-PODN|PODN","purple"
"gene-COA7|COA7","magenta"
"gene-GPX7|GPX7","grey"
"gene-SCP2|SCP2","magenta"
"gene-ECHDC2|ECHDC2","darkred"
"gene-LOC100218379|LOC100218379","purple"
"gene-TUT4|TUT4","black"
"gene-PRPF38A|PRPF38A","turquoise"
"gene-ZFYVE9|ZFYVE9","brown"
"gene-ORC1|ORC1","blue"
"gene-CC2D1B|CC2D1B","brown"
"gene-BTF3L4|BTF3L4","grey"
"gene-TXNDC12|TXNDC12","grey60"
"gene-KTI12|KTI12","grey"
"gene-LOC121470337|LOC121470337","purple"
"gene-EPS15|EPS15","brown"
"gene-RAB3B|RAB3B","turquoise"
"gene-NRDC|NRDC","brown"
"gene-OSBPL9|OSBPL9","turquoise"
"gene-TTC39A|TTC39A","blue"
"gene-RNF11|RNF11","brown"
"gene-LOC115496227|LOC115496227","red"
"gene-LOC140684635|LOC140684635","darkred"
"gene-CDKN2C|CDKN2C","blue"
"gene-FAF1|FAF1","lightcyan1"
"gene-ELAVL4|ELAVL4","tan"
"gene-SPATA6|SPATA6","blue"
"gene-BEND5|BEND5","yellow"
"gene-TRABD2B|TRABD2B","cyan"
"gene-LOC140684603|LOC140684603","red"
"gene-STIL|STIL","blue"
"gene-FOXD2|FOXD2","lightsteelblue1"
"gene-CMPK1|CMPK1","green"
"gene-TAL1|TAL1","black"
"gene-PDZK1IP1|PDZK1IP1","grey"
"gene-LOC100228937|LOC100228937","lightyellow"
"gene-LOC100231862|LOC100231862","yellow"
"gene-EFCAB14|EFCAB14","brown"
"gene-ATPAF1|ATPAF1","brown"
"gene-MOB3C|MOB3C","blue"
"gene-MKNK1|MKNK1","green"
"gene-LRRC41|LRRC41","turquoise"
"gene-TMEM275|TMEM275","magenta"
"gene-LOC100230788|LOC100230788","magenta"
"gene-LOC100230849|LOC100230849","lightpink4"
"gene-LOC100218384|LOC100218384","magenta"
"gene-NSUN4|NSUN4","grey60"
"gene-UQCRH|UQCRH","yellow"
"gene-RAD54L|RAD54L","grey"
"gene-TSPAN1|TSPAN1","tan"
"gene-POMGNT1|POMGNT1","brown"
"gene-LURAP1|LURAP1","brown"
"gene-PIK3R3|PIK3R3","salmon"
"gene-MAST2|MAST2","red"
"gene-LOC100225066|LOC100225066","lightyellow"
"gene-IPP|IPP","floralwhite"
"gene-TMEM69|TMEM69","grey"
"gene-GPBP1L1|GPBP1L1","purple"
"gene-LOC140684605|LOC140684605","grey"
"gene-CCDC17|CCDC17","turquoise"
"gene-NASP|NASP","turquoise"
"gene-AKR1A1|AKR1A1","brown"
"gene-LOC140684606|LOC140684606","grey"
"gene-LOC100224218|LOC100224218","tan"
"gene-PRDX1|PRDX1","brown"
"gene-MMACHC|MMACHC","green"
"gene-TESK2|TESK2","royalblue"
"gene-TOE1|TOE1","grey60"
"gene-HPDL|HPDL","red"
"gene-MUTYH|MUTYH","turquoise"
"gene-LOC101233925|LOC101233925","magenta"
"gene-ZSWIM5|ZSWIM5","grey"
"gene-UROD|UROD","green"
"gene-HECTD3|HECTD3","brown"
"gene-LOC100225136|LOC100225136","brown"
"gene-EIF2B3|EIF2B3","brown4"
"gene-PTCH2|PTCH2","grey"
"gene-BTBD19|BTBD19","blue"
"gene-PLK3|PLK3","blue"
"gene-KIF2C|KIF2C","blue"
"gene-LOC121470330|LOC121470330","purple"
"gene-LOC115496160|LOC115496160","greenyellow"
"gene-RPS8|RPS8","pink"
"gene-LOC115496314|LOC115496314","turquoise"
"gene-LOC115496313|LOC115496313","turquoise"
"gene-LOC115496315|LOC115496315","turquoise"
"gene-LOC115496312|LOC115496312","grey"
"gene-TMEM53|TMEM53","yellow"
"gene-RNF220|RNF220","brown"
"gene-ERI3|ERI3","purple"
"gene-DMAP1|DMAP1","black"
"gene-KLF17|KLF17","pink"
"gene-SLC6A9|SLC6A9","blue"
"gene-B4GALT2|B4GALT2","blue"
"gene-ATP6V0B|ATP6V0B","pink"
"gene-ARTN|ARTN","yellow"
"gene-DPH2|DPH2","darkorange2"
"gene-IPO13|IPO13","brown"
"gene-ST3GAL3|ST3GAL3","green"
"gene-KDM4A|KDM4A","black"
"gene-PTPRF|PTPRF","green"
"gene-HYI|HYI","pink"
"gene-SZT2|SZT2","turquoise"
"gene-MED8|MED8","grey60"
"gene-ELOVL1|ELOVL1","salmon"
"gene-TIE1|TIE1","greenyellow"
"gene-CDC20|CDC20","blue"
"gene-MPL|MPL","navajowhite2"
"gene-C8H1orf210|C8H1orf210","thistle1"
"gene-TMEM125|TMEM125","tan"
"gene-CFAP57|CFAP57","red"
"gene-EBNA1BP2|EBNA1BP2","brown"
"gene-CFAP144|CFAP144","brown"
"gene-PIF1|PIF1","blue"
"gene-LOC115496172|LOC115496172","lightyellow"
"gene-ST6GALNAC3|ST6GALNAC3","grey"
"gene-ST6GALNAC5|ST6GALNAC5","blue"
"gene-LOC140684666|LOC140684666","grey"
"gene-PIGK|PIGK","brown"
"gene-AK5|AK5","green"
"gene-ZZZ3|ZZZ3","turquoise"
"gene-USP33|USP33","brown"
"gene-NEXN|NEXN","turquoise"
"gene-MIGA1|MIGA1","turquoise"
"gene-FUBP1|FUBP1","turquoise"
"gene-DNAJB4|DNAJB4","black"
"gene-GIPC2|GIPC2","green"
"gene-PTGFR|PTGFR","green"
"gene-LOC100227069|LOC100227069","pink"
"gene-ADGRL4|ADGRL4","lightcyan"
"gene-ADGRL2|ADGRL2","blue"
"gene-TTLL7|TTLL7","black"
"gene-LOC140684648|LOC140684648","grey"
"gene-PRKACB|PRKACB","brown"
"gene-SAMD13|SAMD13","brown"
"gene-LOC115496192|LOC115496192","yellow"
"gene-LOC100189932|LOC100189932","black"
"gene-DNASE2B|DNASE2B","blue"
"gene-VIT2|VIT2","grey"
"gene-SSX2IP|SSX2IP","grey"
"gene-LOC121470350|LOC121470350","grey"
"gene-RPF1|RPF1","grey"
"gene-GNG5|GNG5","salmon"
"gene-SPATA1|SPATA1","darkred"
"gene-CTBS|CTBS","yellow"
"gene-LOC100219379|LOC100219379","brown4"
"gene-LPAR3|LPAR3","green"
"gene-MCOLN3|MCOLN3","grey"
"gene-DNAI3|DNAI3","red"
"gene-MCOLN2|MCOLN2","lavenderblush3"
"gene-SYDE2|SYDE2","red"
"gene-C8H1orf52|C8H1orf52","red"
"gene-BCL10|BCL10","darkturquoise"
"gene-LOC140684591|LOC140684591","darkgreen"
"gene-DDAH1|DDAH1","brown"
"gene-LOC121470317|LOC121470317","red"
"gene-CCN1|CCN1","grey"
"gene-ZNHIT6|ZNHIT6","turquoise"
"gene-COL24A1|COL24A1","green"
"gene-ODF2L|ODF2L","cyan"
"gene-SH3GLB1|SH3GLB1","green"
"gene-LOC115496199|LOC115496199","grey"
"gene-LOC140684668|LOC140684668","grey"
"gene-SELENOF|SELENOF","green"
"gene-HS2ST1|HS2ST1","brown"
"gene-LMO4|LMO4","palevioletred3"
"gene-LOC115496202|LOC115496202","grey"
"gene-PKN2|PKN2","blue"
"gene-GTF2B|GTF2B","grey"
"gene-LOC140684670|LOC140684670","maroon"
"gene-KYAT3|KYAT3","red"
"gene-LRRC8B|LRRC8B","green"
"gene-LRRC8C|LRRC8C","blue"
"gene-LOC140684593|LOC140684593","red"
"gene-LOC140684594|LOC140684594","red"
"gene-LRRC8D|LRRC8D","brown"
"gene-ZNF326|ZNF326","turquoise"
"gene-ZNF644|ZNF644","black"
"gene-CDC7|CDC7","blue"
"gene-HFM1|HFM1","darkgrey"
"gene-EPHX4|EPHX4","white"
"gene-BTBD8|BTBD8","black"
"gene-TGFBR3|TGFBR3","purple"
"gene-C8H1orf146|C8H1orf146","paleturquoise"
"gene-GLMN|GLMN","floralwhite"
"gene-RPAP2|RPAP2","grey"
"gene-GFI1|GFI1","blue"
"gene-MTF2|MTF2","black"
"gene-EVI5|EVI5","brown"
"gene-RPL5|RPL5","pink"
"gene-DIPK1A|DIPK1A","purple"
"gene-TMED5|TMED5","brown"
"gene-CCDC18|CCDC18","grey"
"gene-LOC100220645|LOC100220645","turquoise"
"gene-DR1|DR1","brown"
"gene-FNBP1L|FNBP1L","lightcyan"
"gene-BCAR3|BCAR3","thistle2"
"gene-LOC100230168|LOC100230168","grey"
"gene-DNTTIP2|DNTTIP2","midnightblue"
"gene-GCLM|GCLM","green"
"gene-ABCA4|ABCA4","lightsteelblue1"
"gene-ARHGAP29|ARHGAP29","thistle2"
"gene-F3|F3","blue"
"gene-SLC44A3|SLC44A3","grey"
"gene-ABCD3|ABCD3","green"
"gene-LOC140684587|LOC140684587","grey"
"gene-CNN3|CNN3","lightcyan"
"gene-RWDD3|RWDD3","red"
"gene-LOC115496212|LOC115496212","grey"
"gene-TLCD4|TLCD4","green"
"gene-ALG14|ALG14","pink"
"gene-LOC115496213|LOC115496213","turquoise"
"gene-LOC115496214|LOC115496214","lightyellow"
"gene-LOC115496215|LOC115496215","grey"
"gene-HCCS|HCCS","green"
"gene-PTBP2|PTBP2","red"
"gene-PLPPR5|PLPPR5","black"
"gene-SNX7|SNX7","blue"
"gene-DPYD|DPYD","green"
"gene-LOC121470322|LOC121470322","turquoise"
"gene-LOC121470323|LOC121470323","grey"
"gene-PLPPR4|PLPPR4","darkorange2"
"gene-LOC140684595|LOC140684595","darkolivegreen"
"gene-PALMD|PALMD","green"
"gene-FRRS1|FRRS1","grey60"
"gene-AGL|AGL","purple"
"gene-LOC101234018|LOC101234018","magenta"
"gene-LOC115496224|LOC115496224","lightcyan"
"gene-SLC35A3|SLC35A3","brown"
"gene-RTCA|RTCA","red"
"gene-SASS6|SASS6","midnightblue"
"gene-MFSD14A|MFSD14A","blue"
"gene-TRMT13|TRMT13","turquoise"
"gene-LRRC39|LRRC39","turquoise"
"gene-DBT|DBT","purple"
"gene-VCAM1|VCAM1","blue"
"gene-GPR88|GPR88","black"
"gene-CDC14A|CDC14A","darkmagenta"
"gene-S1PR1|S1PR1","blue"
"gene-EXTL2|EXTL2","magenta"
"gene-SLC30A7|SLC30A7","brown"
"gene-DPH5|DPH5","greenyellow"
"gene-LOC100218707|LOC100218707","magenta"
"gene-OLFM3|OLFM3","violet"
"gene-LOC100218765|LOC100218765","tan"
"gene-COL11A1|COL11A1","grey"
"gene-RNPC3|RNPC3","turquoise"
"gene-LOC100231240|LOC100231240","tan"
"gene-LOC100221615|LOC100221615","tan"
"gene-NTNG1|NTNG1","pink"
"gene-LOC115496235|LOC115496235","grey"
"gene-VAV3|VAV3","lightcyan"
"gene-SLC25A24|SLC25A24","blue"
"gene-EEIG2|EEIG2","grey"
"gene-HENMT1|HENMT1","grey"
"gene-PRPF38B|PRPF38B","turquoise"
"gene-FNDC7|FNDC7","salmon4"
"gene-AKNAD1|AKNAD1","lightpink4"
"gene-STXBP3|STXBP3","grey"
"gene-GPSM2|GPSM2","salmon4"
"gene-CLCC1|CLCC1","brown"
"gene-WDR47|WDR47","lightcyan"
"gene-KIF14|KIF14","blue"
"gene-ZNF281|ZNF281","skyblue"
"gene-DDX59|DDX59","pink"
"gene-CAMSAP2|CAMSAP2","green"
"gene-LOC115496238|LOC115496238","red"
"gene-NR5A2|NR5A2","purple"
"gene-LOC140684586|LOC140684586","turquoise"
"gene-LOC115496241|LOC115496241","red"
"gene-LOC140684613|LOC140684613","mediumpurple3"
"gene-LOC116808643|LOC116808643","turquoise"
"gene-PTPRC|PTPRC","blue"
"gene-NEK7|NEK7","brown"
"gene-LOC140684652|LOC140684652","brown"
"gene-DENND1B|DENND1B","brown"
"gene-CRB1|CRB1","darkgreen"
"gene-ZBTB41|ZBTB41","skyblue"
"gene-ASPM|ASPM","blue"
"gene-LOC100220118|LOC100220118","magenta"
"gene-CFH|CFH","red"
"gene-LOC115496249|LOC115496249","turquoise"
"gene-KCNT2|KCNT2","red"
"gene-LOC115496250|LOC115496250","red"
"gene-CDC73|CDC73","brown"
"gene-B3GALT2|B3GALT2","brown"
"gene-LAMC2|LAMC2","darkgreen"
"gene-LAMC1|LAMC1","midnightblue"
"gene-NCF2|NCF2","blue"
"gene-NPL|NPL","blue"
"gene-GLRX2|GLRX2","yellow"
"gene-RO60|RO60","darkslateblue"
"gene-UCHL5|UCHL5","yellow"
"gene-LOC115496254|LOC115496254","turquoise"
"gene-RC3H1|RC3H1","brown"
"gene-SERPINC1|SERPINC1","green"
"gene-ZBTB37|ZBTB37","green"
"gene-MIR2989-2|MIR2989-2","midnightblue"
"gene-LOC115496310|LOC115496310","grey"
"gene-LOC115496322|LOC115496322","ivory"
"gene-LOC115496319|LOC115496319","ivory"
"gene-LOC115496311|LOC115496311","turquoise"
"gene-HEBP2|HEBP2","turquoise"
"gene-DHX9|DHX9","grey"
"gene-SMG7|SMG7","darkolivegreen"
"gene-RGL1|RGL1","brown"
"gene-ARPC5|ARPC5","steelblue"
"gene-COLGALT2|COLGALT2","blue"
"gene-TSEN15|TSEN15","mediumpurple3"
"gene-NIBAN1|NIBAN1","blue"
"gene-C8H1orf21|C8H1orf21","blue"
"gene-EDEM3|EDEM3","royalblue"
"gene-LOC115496258|LOC115496258","thistle2"
"gene-RNF2|RNF2","darkturquoise"
"gene-TRMT1L|TRMT1L","brown"
"gene-SWT1|SWT1","turquoise"
"gene-HMCN1|HMCN1","darkslateblue"
"gene-IVNS1ABP|IVNS1ABP","cyan"
"gene-PRG4|PRG4","blue"
"gene-TPR|TPR","black"
"gene-ODR4|ODR4","grey"
"gene-PTGS2|PTGS2","blue"
"gene-LOC140684616|LOC140684616","blue"
"gene-PLA2G4A|PLA2G4A","blue"
"gene-LOC121470307|LOC121470307","floralwhite"
"gene-LOC140684658|LOC140684658","yellowgreen"
"gene-LOC100224894|LOC100224894","turquoise"
"gene-RABGAP1L|RABGAP1L","brown"
"gene-LOC140684622|LOC140684622","darkgreen"
"gene-GPR52|GPR52","paleturquoise"
"gene-CACYBP|CACYBP","salmon4"
"gene-MRPS14|MRPS14","yellow"
"gene-LOC115492431|LOC115492431","blue"
"gene-LOC121470381|LOC121470381","black"
"gene-LOC121470383|LOC121470383","grey"
"gene-LOC140684627|LOC140684627","paleturquoise"
"gene-LOC100231026|LOC100231026","grey"
"gene-RGS2|RGS2","blue"
"gene-RGS1|RGS1","blue"
"gene-RGS18|RGS18","blue"
"gene-LOC115496301|LOC115496301","grey"
"gene-RGS4|RGS4","red"
"gene-LOC100229508|LOC100229508","purple"
"gene-HTATIP2|HTATIP2","grey"
"gene-LOC100231450|LOC100231450","blue"
"gene-ATF6|ATF6","red"
"gene-OLFML2B|OLFML2B","salmon"
"gene-HSD17B7|HSD17B7","green"
"gene-DDR2|DDR2","grey"
"gene-UAP1|UAP1","lightsteelblue1"
"gene-NOS1AP|NOS1AP","bisque4"
"gene-SPATA46|SPATA46","grey"
"gene-UHMK1|UHMK1","green"
"gene-TMEM121|TMEM121","brown"
"gene-TEDC1|TEDC1","grey"
"gene-CRIP1|CRIP1","blue"
"gene-LOC100218042|LOC100218042","greenyellow"
"gene-MTA1|MTA1","turquoise"
"gene-PACS2|PACS2","plum2"
"gene-SEC22B|SEC22B","brown"
"gene-REG4|REG4","midnightblue"
"gene-NOTCH2|NOTCH2","black"
"gene-PDE4DIP|PDE4DIP","yellow"
"gene-PRKAB2|PRKAB2","turquoise"
"gene-LOC100232391|LOC100232391","green"
"gene-LOC100229443|LOC100229443","green"
"gene-HMGCS2|HMGCS2","magenta"
"gene-PHGDH|PHGDH","yellow"
"gene-TNFSF4|TNFSF4","blue"
"gene-PLPP6|PLPP6","green"
"gene-FAM78B|FAM78B","turquoise"
"gene-PRDX6|PRDX6","magenta"
"gene-TADA1|TADA1","purple"
"gene-FASLG|FASLG","darkturquoise"
"gene-SUCO|SUCO","black"
"gene-LOC140684632|LOC140684632","red"
"gene-LOC115496285|LOC115496285","white"
"gene-PIGC|PIGC","pink"
"gene-DNM3|DNM3","lavenderblush3"
"gene-LOC140684631|LOC140684631","paleturquoise"
"gene-METTL13|METTL13","grey60"
"gene-ITPA|ITPA","turquoise"
"gene-MYOC|MYOC","brown"
"gene-VAMP4|VAMP4","pink"
"gene-PRRC2C|PRRC2C","brown"
"gene-PRRX1|PRRX1","black"
"gene-LOC100225686|LOC100225686","turquoise"
"gene-FMO1|FMO1","greenyellow"
"gene-GORAB|GORAB","grey"
"gene-NTMT2|NTMT2","grey"
"gene-FIRRM|FIRRM","red"
"gene-KIFAP3|KIFAP3","salmon"
"gene-SCYL3|SCYL3","greenyellow"
"gene-METTL18|METTL18","darkred"
"gene-LOC140684633|LOC140684633","tan"
"gene-LOC100189978|LOC100189978","yellow"
"gene-SELE|SELE","blue"
"gene-RXRG|RXRG","darkolivegreen"
"gene-LOC115496283|LOC115496283","white"
"gene-PBX1|PBX1","blue"
"gene-LOC115496281|LOC115496281","tan"
"gene-LOC140684638|LOC140684638","red"
"gene-NUF2|NUF2","salmon"
"gene-KLHL20|KLHL20","red"
"gene-LOC115496279|LOC115496279","grey"
"gene-CENPL|CENPL","blue"
"gene-DARS2|DARS2","lightcyan"
"gene-MGST3|MGST3","yellow"
"gene-ALDH9A1|ALDH9A1","grey60"
"gene-TMCO1|TMCO1","grey60"
"gene-UCK2|UCK2","red"
"gene-RGS8|RGS8","magenta"
"gene-LOC115496278|LOC115496278","cyan"
"gene-LOC100230430|LOC100230430","black"
"gene-CACNA1E|CACNA1E","grey"
"gene-IER5|IER5","greenyellow"
"gene-STX6|STX6","black"
"gene-KIAA1614|KIAA1614","blue"
"gene-GLUL|GLUL","yellow"
"gene-XPR1|XPR1","brown"
"gene-ACBD6|ACBD6","grey"
"gene-QSOX1|QSOX1","midnightblue"
"gene-CEP350|CEP350","darkslateblue"
"gene-LOC100225641|LOC100225641","brown"
"gene-TOR1AIP2|TOR1AIP2","brown"
"gene-TDRD5|TDRD5","grey"
"gene-SOAT1|SOAT1","brown"
"gene-ABL2|ABL2","cyan"
"gene-TOR3A|TOR3A","cyan"
"gene-FAM20B|FAM20B","brown"
"gene-RALGPS2|RALGPS2","green"
"gene-RASAL2|RASAL2","blue"
"gene-LOC140684645|LOC140684645","white"
"gene-LOC115496274|LOC115496274","yellow"
"gene-LOC140684646|LOC140684646","green"
"gene-SEC16B|SEC16B","green"
"gene-LOC116808648|LOC116808648","darkolivegreen"
"gene-BRINP2|BRINP2","tan"
"gene-LOC116808649|LOC116808649","yellow"
"gene-COP1|COP1","green"
"gene-TNR|TNR","red"
"gene-LOC140684649|LOC140684649","brown"
"gene-KIAA0040|KIAA0040","brown"
"gene-LOC140684656|LOC140684656","turquoise"
"gene-CLSTN2|CLSTN2","purple"
"gene-NMNAT3|NMNAT3","darkorange"
"gene-LOC115496384|LOC115496384","tan"
"gene-COPB2|COPB2","brown"
"gene-MRPS22|MRPS22","yellow"
"gene-PIK3CB|PIK3CB","black"
"gene-PER2|PER2","greenyellow"
"gene-LOC100232098|LOC100232098","black"
"gene-LOC115496397|LOC115496397","cyan"
"gene-CAB39|CAB39","brown"
"gene-ITM2C|ITM2C","blue"
"gene-GPR55|GPR55","blue"
"gene-LOC105759491|LOC105759491","blue"
"gene-LOC100232037|LOC100232037","blue"
"gene-LOC121470441|LOC121470441","red"
"gene-ST6GAL1|ST6GAL1","red"
"gene-LOC140684685|LOC140684685","red"
"gene-ADIPOQ|ADIPOQ","pink"
"gene-COPS9|COPS9","yellow"
"gene-OTOS|OTOS","cyan"
"gene-LOC100218614|LOC100218614","grey"
"gene-GPC1|GPC1","turquoise"
"gene-MAP6D1|MAP6D1","greenyellow"
"gene-DUSP28|DUSP28","grey"
"gene-LOC100219596|LOC100219596","magenta"
"gene-LOC140684688|LOC140684688","lightcyan"
"gene-PARL|PARL","turquoise"
"gene-KLHL6|KLHL6","blue"
"gene-ARHGEF4|ARHGEF4","purple"
"gene-YEATS2|YEATS2","turquoise"
"gene-KLHL24|KLHL24","purple"
"gene-LOC115496469|LOC115496469","grey"
"gene-FAM168B|FAM168B","grey"
"gene-PLEKHB2|PLEKHB2","blue"
"gene-HS6ST1|HS6ST1","yellow"
"gene-UGGT1|UGGT1","brown"
"gene-SAP130|SAP130","purple"
"gene-FBXL12|FBXL12","turquoise"
"gene-WDR33|WDR33","brown"
"gene-AMMECR1L|AMMECR1L","brown"
"gene-LOC140684672|LOC140684672","yellow"
"gene-POLR2D|POLR2D","darkgreen"
"gene-SFT2D3|SFT2D3","turquoise"
"gene-PAK2|PAK2","blue"
"gene-LOC115496349|LOC115496349","darkred"
"gene-NRROS|NRROS","blue"
"gene-PIGX|PIGX","turquoise"
"gene-CEP19|CEP19","blue"
"gene-FBXO45|FBXO45","salmon"
"gene-WDR53|WDR53","salmon"
"gene-LOC140684753|LOC140684753","grey"
"gene-RNF168|RNF168","grey"
"gene-UBXN7|UBXN7","blue"
"gene-TM4SF19|TM4SF19","blue"
"gene-TSPEAR|TSPEAR","lightyellow"
"gene-LOC100227325|LOC100227325","blue"
"gene-ETV5|ETV5","steelblue"
"gene-FARP2|FARP2","magenta"
"gene-D2HGDH|D2HGDH","magenta"
"gene-ING5|ING5","brown"
"gene-DTYMK|DTYMK","grey"
"gene-ATG4B|ATG4B","black"
"gene-THAP4|THAP4","magenta"
"gene-UBE2G2|UBE2G2","brown"
"gene-LOC115496454|LOC115496454","plum1"
"gene-PTTG1IP|PTTG1IP","blue"
"gene-BOK|BOK","blue"
"gene-LOC140684750|LOC140684750","grey"
"gene-STK25|STK25","green"
"gene-MAB21L4|MAB21L4","tan"
"gene-AGXT|AGXT","magenta"
"gene-PASK|PASK","turquoise"
"gene-SEPTIN2|SEPTIN2","blue"
"gene-HDLBP|HDLBP","brown"
"gene-PPP1R7|PPP1R7","pink"
"gene-MTERF4|MTERF4","yellow"
"gene-SNED1|SNED1","turquoise"
"gene-KLHL30|KLHL30","green"
"gene-LOC105759498|LOC105759498","blue"
"gene-ESPNL|ESPNL","blue"
"gene-KIF1A|KIF1A","purple"
"gene-ILKAP|ILKAP","pink"
"gene-SRPRB|SRPRB","brown"
"gene-SLCO2A1|SLCO2A1","blue"
"gene-RYK|RYK","saddlebrown"
"gene-AMOTL2|AMOTL2","red"
"gene-SENP2|SENP2","turquoise"
"gene-IGF2BP2|IGF2BP2","turquoise"
"gene-TRA2B|TRA2B","turquoise"
"gene-LOC140684686|LOC140684686","midnightblue"
"gene-CFAP410|CFAP410","salmon"
"gene-PFKL|PFKL","steelblue"
"gene-PROCR|PROCR","grey"
"gene-DNAJB11|DNAJB11","grey60"
"gene-TBCCD1|TBCCD1","grey60"
"gene-CRYGS|CRYGS","turquoise"
"gene-LOC115496340|LOC115496340","grey"
"gene-EPHB1|EPHB1","steelblue"
"gene-CEP63|CEP63","turquoise"
"gene-ANAPC13|ANAPC13","yellow"
"gene-TF|TF","blue"
"gene-LIPH|LIPH","royalblue"
"gene-MAP3K13|MAP3K13","lightgreen"
"gene-TMEM41A|TMEM41A","greenyellow"
"gene-EHHADH|EHHADH","brown"
"gene-C9H3orf70|C9H3orf70","orange"
"gene-VPS8|VPS8","lightcyan"
"gene-NME9|NME9","turquoise"
"gene-ARMC8|ARMC8","blue"
"gene-DBR1|DBR1","grey60"
"gene-PPP2R3A|PPP2R3A","salmon"
"gene-SLC35G2|SLC35G2","skyblue"
"gene-PCCB|PCCB","brown4"
"gene-MSL2|MSL2","green"
"gene-STAG1|STAG1","brown"
"gene-LOC121470470|LOC121470470","grey"
"gene-SCLY|SCLY","grey60"
"gene-LOC100218598|LOC100218598","brown"
"gene-EFHD1|EFHD1","grey"
"gene-LOC115496364|LOC115496364","black"
"gene-SNORC|SNORC","turquoise"
"gene-GIGYF2|GIGYF2","black"
"gene-KCNJ13|KCNJ13","grey"
"gene-NGEF|NGEF","red"
"gene-INPP5D|INPP5D","blue"
"gene-NEU2|NEU2","tan"
"gene-ATG16L1|ATG16L1","green"
"gene-SAG|SAG","turquoise"
"gene-LOC115496478|LOC115496478","orangered4"
"gene-SPSB4|SPSB4","greenyellow"
"gene-DGKD|DGKD","lightyellow"
"gene-LOC100226327|LOC100226327","black"
"gene-LOC140684699|LOC140684699","lightyellow"
"gene-PROC|PROC","magenta"
"gene-IWS1|IWS1","turquoise"
"gene-LIMS2|LIMS2","green"
"gene-SLC25A36|SLC25A36","lightcyan"
"gene-PXYLP1|PXYLP1","royalblue"
"gene-EPHA4|EPHA4","turquoise"
"gene-RNF228|RNF228","lightgreen"
"gene-SGPP2|SGPP2","tan"
"gene-FARSB|FARSB","saddlebrown"
"gene-MOGAT1|MOGAT1","royalblue"
"gene-KCNE4|KCNE4","blue"
"gene-ACSL3|ACSL3","steelblue"
"gene-SCG2|SCG2","darkslateblue"
"gene-AP1S3|AP1S3","navajowhite2"
"gene-WDFY1|WDFY1","black"
"gene-SERPINE2|SERPINE2","blue"
"gene-FAM124B|FAM124B","greenyellow"
"gene-LOC100225337|LOC100225337","darkturquoise"
"gene-CUL3|CUL3","brown"
"gene-DOCK10|DOCK10","blue"
"gene-NYAP2|NYAP2","grey"
"gene-LOC121470428|LOC121470428","darkslateblue"
"gene-LOC115496381|LOC115496381","red"
"gene-IRS1|IRS1","green"
"gene-RHBDD1|RHBDD1","black"
"gene-LOC115496365|LOC115496365","grey"
"gene-COL4A4|COL4A4","grey"
"gene-COL4A3|COL4A3","grey"
"gene-MFF|MFF","salmon"
"gene-AGFG1|AGFG1","grey"
"gene-MRPL44|MRPL44","yellow"
"gene-LOC100227272|LOC100227272","blue"
"gene-SLC19A3|SLC19A3","bisque4"
"gene-CCL20|CCL20","blue"
"gene-SPHKAP|SPHKAP","blue"
"gene-PID1|PID1","blue"
"gene-DNER|DNER","blue"
"gene-SLC16A14|SLC16A14","lavenderblush3"
"gene-LOC140684709|LOC140684709","darkturquoise"
"gene-LOC140684701|LOC140684701","grey"
"gene-TRIP12|TRIP12","brown"
"gene-ZBTB38|ZBTB38","brown"
"gene-RASA2|RASA2","turquoise"
"gene-RNF7|RNF7","purple"
"gene-GRK7|GRK7","grey"
"gene-ATP1B3|ATP1B3","blue"
"gene-TFDP2|TFDP2","green"
"gene-XRN1|XRN1","black"
"gene-GK5|GK5","turquoise"
"gene-ATR|ATR","blue"
"gene-PLS1|PLS1","grey"
"gene-TRPC1|TRPC1","black"
"gene-PCOLCE2|PCOLCE2","yellow"
"gene-U2SURP|U2SURP","turquoise"
"gene-PAQR9|PAQR9","brown"
"gene-CHST2|CHST2","darkgreen"
"gene-SLC9A9|SLC9A9","blue"
"gene-DIPK2A|DIPK2A","brown"
"gene-PLOD2|PLOD2","blue"
"gene-PLSCR1|PLSCR1","blue"
"gene-AGTR1|AGTR1","navajowhite2"
"gene-DLG1|DLG1","green"
"gene-CPB1|CPB1","tan"
"gene-LOC116808685|LOC116808685","darkturquoise"
"gene-PIGZ|PIGZ","turquoise"
"gene-MELTF|MELTF","purple"
"gene-LOC121470442|LOC121470442","grey"
"gene-BDH1|BDH1","green"
"gene-LOC100232689|LOC100232689","grey"
"gene-PPP1R2|PPP1R2","brown"
"gene-ACAP2|ACAP2","blue"
"gene-XXYLT1|XXYLT1","yellow"
"gene-FAM43A|FAM43A","blue"
"gene-LSG1|LSG1","royalblue"
"gene-LOC140684687|LOC140684687","darkred"
"gene-ATP13A3|ATP13A3","royalblue"
"gene-LOC101234091|LOC101234091","blue"
"gene-LOC116808697|LOC116808697","yellow"
"gene-LOC116808714|LOC116808714","darkgrey"
"gene-HES1|HES1","turquoise"
"gene-OPA1|OPA1","brown"
"gene-MB21D2|MB21D2","blue"
"gene-FGF12|FGF12","pink"
"gene-LOC100224009|LOC100224009","darkgreen"
"gene-LOC100232623|LOC100232623","blue"
"gene-LOC100190450|LOC100190450","blue"
"gene-LOC115496342|LOC115496342","blue"
"gene-LOC100226902|LOC100226902","salmon4"
"gene-PLAAT1|PLAAT1","salmon4"
"gene-LOC140684674|LOC140684674","darkgreen"
"gene-CCDC50|CCDC50","darkolivegreen"
"gene-TMEM207|TMEM207","purple"
"gene-IL1RAP|IL1RAP","darkgrey"
"gene-CLDN1|CLDN1","brown"
"gene-P3H2|P3H2","greenyellow"
"gene-TP63|TP63","thistle2"
"gene-LPP|LPP","black"
"gene-LOC140684748|LOC140684748","midnightblue"
"gene-LOC116808692|LOC116808692","turquoise"
"gene-BCL6|BCL6","grey"
"gene-LOC101232826|LOC101232826","grey"
"gene-MASP1|MASP1","green"
"gene-PDCD1|PDCD1","blue"
"gene-DYNLT2B|DYNLT2B","turquoise"
"gene-PCYT1A|PCYT1A","brown"
"gene-SLC51A|SLC51A","red"
"gene-TFRC|TFRC","salmon"
"gene-TNK2|TNK2","turquoise"
"gene-LOC101232903|LOC101232903","lightpink4"
"gene-RUBCN|RUBCN","grey"
"gene-LRCH3|LRCH3","blue"
"gene-IQCG|IQCG","grey"
"gene-LOC105759518|LOC105759518","blue"
"gene-LOC100226900|LOC100226900","white"
"gene-LOC115496426|LOC115496426","tan"
"gene-FYTTD1|FYTTD1","purple"
"gene-RPL35A|RPL35A","pink"
"gene-LOC115496371|LOC115496371","turquoise"
"gene-C9H2orf72|C9H2orf72","turquoise"
"gene-PSMD1|PSMD1","brown"
"gene-HTR2B|HTR2B","yellow"
"gene-ARMC9|ARMC9","turquoise"
"gene-B3GNT7|B3GNT7","tan"
"gene-NCL|NCL","red"
"gene-LOC115496473|LOC115496473","turquoise"
"gene-LOC115496477|LOC115496477","grey"
"gene-LOC140684718|LOC140684718","turquoise"
"gene-PTMA|PTMA","red"
"gene-PDE6D|PDE6D","lightsteelblue1"
"gene-COPS7B|COPS7B","black"
"gene-LOC100219277|LOC100219277","blue"
"gene-LOC100231768|LOC100231768","brown"
"gene-LOC100228856|LOC100228856","brown"
"gene-ECEL1|ECEL1","blue"
"gene-DIS3L2|DIS3L2","brown"
"gene-CHRNG|CHRNG","lightcyan1"
"gene-SLC12A9|SLC12A9","blue"
"gene-EIF4E2|EIF4E2","brown"
"gene-LOC100218227|LOC100218227","turquoise"
"gene-LOC100221075|LOC100221075","darkgrey"
"gene-LOC100230674|LOC100230674","turquoise"
"gene-CAPN10|CAPN10","lightyellow"
"gene-RNPEPL1|RNPEPL1","green"
"gene-ABCC5|ABCC5","turquoise"
"gene-EIF2B5|EIF2B5","brown"
"gene-DVL3|DVL3","darkorange"
"gene-AP2M1|AP2M1","brown"
"gene-ABCF3|ABCF3","saddlebrown"
"gene-VWA5B2|VWA5B2","tan"
"gene-LOC121470407|LOC121470407","steelblue"
"gene-LOC121470408|LOC121470408","blue"
"gene-ALG3|ALG3","grey"
"gene-EEF1AKMT4|EEF1AKMT4","lightyellow"
"gene-CAMK2N2|CAMK2N2","blue"
"gene-ECE2|ECE2","grey"
"gene-LOC105759524|LOC105759524","green"
"gene-PSMD2|PSMD2","brown"
"gene-FAM131A|FAM131A","midnightblue"
"gene-EIF4G1|EIF4G1","brown"
"gene-CHRD|CHRD","blue"
"gene-THPO|THPO","turquoise"
"gene-CLCN2|CLCN2","turquoise"
"gene-POLR2H|POLR2H","pink"
"gene-EPHB3|EPHB3","grey"
"gene-LOC115496408|LOC115496408","red"
"gene-LOC140684715|LOC140684715","grey"
"gene-LOC140684694|LOC140684694","darkgrey"
"gene-SENP5|SENP5","green"
"gene-AHSG|AHSG","grey"
"gene-FETUB|FETUB","greenyellow"
"gene-HRG|HRG","saddlebrown"
"gene-KNG1|KNG1","magenta"
"gene-RFC4|RFC4","blue"
"gene-MCF2L2|MCF2L2","turquoise"
"gene-B3GNT5|B3GNT5","blue"
"gene-LAMP3|LAMP3","turquoise"
"gene-EIF4A2|EIF4A2","green"
"gene-LOC115496485|LOC115496485","turquoise"
"gene-LOC115496482|LOC115496482","turquoise"
"gene-LOC115496474|LOC115496474","turquoise"
"gene-MCCC1|MCCC1","magenta"
"gene-DCUN1D1|DCUN1D1","turquoise"
"gene-ATP11B|ATP11B","brown"
"gene-SOX2|SOX2","red"
"gene-DNAJC19|DNAJC19","turquoise"
"gene-FXR1|FXR1","lightcyan"
"gene-CCDC39|CCDC39","navajowhite2"
"gene-TTC14|TTC14","turquoise"
"gene-PEX5L|PEX5L","brown"
"gene-USP13|USP13","darkturquoise"
"gene-NDUFB5|NDUFB5","yellow"
"gene-MRPL47|MRPL47","green"
"gene-ACTL6A|ACTL6A","salmon"
"gene-GNB4|GNB4","blue"
"gene-ZNF639|ZNF639","yellow"
"gene-MFN1|MFN1","green"
"gene-PIK3CA|PIK3CA","black"
"gene-LOC140684714|LOC140684714","lightcyan"
"gene-ZMAT3|ZMAT3","royalblue"
"gene-LOC140684722|LOC140684722","salmon4"
"gene-LOC121470467|LOC121470467","salmon4"
"gene-TBL1XR1|TBL1XR1","brown"
"gene-LOC115496373|LOC115496373","violet"
"gene-ECT2|ECT2","blue"
"gene-NAALADL2|NAALADL2","grey"
"gene-NCEH1|NCEH1","yellow"
"gene-LOC115496336|LOC115496336","darkgreen"
"gene-TNFSF10|TNFSF10","red"
"gene-FNDC3B|FNDC3B","red"
"gene-PLD1|PLD1","blue"
"gene-TNIK|TNIK","blue"
"gene-SLC2A2|SLC2A2","purple"
"gene-EIF5A2|EIF5A2","magenta"
"gene-RPL22L1|RPL22L1","steelblue"
"gene-SKIL|SKIL","brown"
"gene-PRKCI|PRKCI","blue"
"gene-PHC3|PHC3","red"
"gene-GPR160|GPR160","blue"
"gene-LRRC31|LRRC31","darkorange2"
"gene-LRRC34|LRRC34","red"
"gene-SEC62|SEC62","brown"
"gene-MYNN|MYNN","mediumpurple3"
"gene-MECOM|MECOM","tan"
"gene-LOC100227840|LOC100227840","midnightblue"
"gene-GOLIM4|GOLIM4","black"
"gene-SERPINI1|SERPINI1","blue"
"gene-PDCD10|PDCD10","brown"
"gene-SLITRK3|SLITRK3","turquoise"
"gene-BCHE|BCHE","brown"
"gene-LOC115496398|LOC115496398","red"
"gene-LOC140684720|LOC140684720","grey"
"gene-NMD3|NMD3","purple"
"gene-ARL14|ARL14","skyblue"
"gene-PPM1L|PPM1L","brown"
"gene-LOC140684721|LOC140684721","brown"
"gene-B3GALNT1|B3GALNT1","greenyellow"
"gene-KPNA4|KPNA4","green"
"gene-LOC115496484|LOC115496484","turquoise"
"gene-SMC4|SMC4","blue"
"gene-IFT80|IFT80","blue"
"gene-TRIM59|TRIM59","greenyellow"
"gene-CARD8|CARD8","turquoise"
"gene-SCHIP1|SCHIP1","midnightblue"
"gene-LOC115496402|LOC115496402","mediumpurple3"
"gene-MFSD1|MFSD1","black"
"gene-RARRES1|RARRES1","yellow"
"gene-GFM1|GFM1","brown"
"gene-LOC105759531|LOC105759531","blue"
"gene-MLF1|MLF1","yellow"
"gene-LOC140684730|LOC140684730","blue"
"gene-RSRC1|RSRC1","brown"
"gene-VEPH1|VEPH1","grey"
"gene-CCNL1|CCNL1","turquoise"
"gene-LEKR1|LEKR1","blue"
"gene-TIPARP|TIPARP","palevioletred3"
"gene-KCNAB1|KCNAB1","grey"
"gene-SSR3|SSR3","grey60"
"gene-GMPS|GMPS","magenta"
"gene-LOC140684680|LOC140684680","pink"
"gene-PLCH1|PLCH1","violet"
"gene-SLC33A1|SLC33A1","purple"
"gene-C9H3orf33|C9H3orf33","turquoise"
"gene-MME|MME","grey"
"gene-RAP2B|RAP2B","blue"
"gene-DHX36|DHX36","brown"
"gene-LOC140684681|LOC140684681","skyblue3"
"gene-ARHGEF26|ARHGEF26","magenta"
"gene-P2RY1|P2RY1","red"
"gene-SUCNR1|SUCNR1","turquoise"
"gene-MBNL1|MBNL1","brown"
"gene-AADAC|AADAC","magenta"
"gene-IGSF10|IGSF10","plum1"
"gene-LOC140684752|LOC140684752","tan"
"gene-P2RY12|P2RY12","blue"
"gene-P2RY13|P2RY13","blue"
"gene-P2RY14|P2RY14","yellow"
"gene-GPR171|GPR171","blue"
"gene-CLRN1|CLRN1","blue"
"gene-SIAH2|SIAH2","blue"
"gene-ERICH6|ERICH6","turquoise"
"gene-SELENOT|SELENOT","pink"
"gene-EIF2A|EIF2A","royalblue"
"gene-LOC115496387|LOC115496387","grey"
"gene-LOC115496385|LOC115496385","magenta"
"gene-SERP1|SERP1","yellow"
"gene-TSC22D2|TSC22D2","black"
"gene-LOC140684754|LOC140684754","turquoise"
"gene-PFN2|PFN2","brown"
"gene-RNF13|RNF13","brown"
"gene-COMMD2|COMMD2","grey60"
"gene-TM4SF1|TM4SF1","blue"
"gene-WWTR1|WWTR1","cyan"
"gene-TM4SF4|TM4SF4","maroon"
"gene-TM4SF18|TM4SF18","black"
"gene-LOC115496394|LOC115496394","black"
"gene-GYG1|GYG1","brown"
"gene-LOC121470438|LOC121470438","turquoise"
"gene-CP|CP","red"
"gene-HPS3|HPS3","turquoise"
"gene-LOC100229371|LOC100229371","grey"
"gene-LOC140684698|LOC140684698","red"
"gene-USP3|USP3","brown"
"gene-HERC1|HERC1","turquoise"
"gene-LOC121470544|LOC121470544","magenta"
"gene-FBXL22|FBXL22","turquoise"
"gene-DAPK2|DAPK2","tan"
"gene-TBC1D2B|TBC1D2B","black"
"gene-CIB2|CIB2","turquoise"
"gene-DNAJA4|DNAJA4","darkgrey"
"gene-IDH3A|IDH3A","green"
"gene-ACSBG1|ACSBG1","mediumpurple3"
"gene-SKIC8|SKIC8","turquoise"
"gene-LOC140684795|LOC140684795","grey"
"gene-IREB2|IREB2","magenta"
"gene-CHRNA5|CHRNA5","blue"
"gene-CHRNA3|CHRNA3","turquoise"
"gene-HYKK|HYKK","cyan"
"gene-PSMA4|PSMA4","yellow"
"gene-SCAPER|SCAPER","black"
"gene-NRG4|NRG4","green"
"gene-TMEM266|TMEM266","turquoise"
"gene-UBE2Q2|UBE2Q2","brown"
"gene-FBXO22|FBXO22","darkolivegreen"
"gene-ETFA|ETFA","yellow"
"gene-RCN2|RCN2","darkturquoise"
"gene-PSTPIP1|PSTPIP1","blue"
"gene-LOC140684831|LOC140684831","grey"
"gene-PEAK1|PEAK1","violet"
"gene-TSPAN3|TSPAN3","lightcyan1"
"gene-HMG20A|HMG20A","green"
"gene-LINGO1|LINGO1","saddlebrown"
"gene-CSPG4|CSPG4","steelblue"
"gene-SNX33|SNX33","brown"
"gene-SNUPN|SNUPN","skyblue"
"gene-PTPN9|PTPN9","grey"
"gene-SIN3A|SIN3A","black"
"gene-MAN2C1|MAN2C1","grey"
"gene-NEIL1|NEIL1","grey"
"gene-COMMD4|COMMD4","yellow"
"gene-PPCDC|PPCDC","yellow"
"gene-LOC100229886|LOC100229886","turquoise"
"gene-LOC140684806|LOC140684806","black"
"gene-LOC140684807|LOC140684807","blue"
"gene-LOC140684808|LOC140684808","grey"
"gene-LOC140684794|LOC140684794","midnightblue"
"gene-LOC140684789|LOC140684789","midnightblue"
"gene-LOC140684810|LOC140684810","turquoise"
"gene-LOC140684812|LOC140684812","blue"
"gene-SCAMP5|SCAMP5","grey"
"gene-RPP25|RPP25","plum1"
"gene-LOC140684769|LOC140684769","yellow"
"gene-COX5A|COX5A","yellow"
"gene-FAM219B|FAM219B","turquoise"
"gene-MPI|MPI","turquoise"
"gene-SCAMP2|SCAMP2","grey"
"gene-ULK3|ULK3","grey"
"gene-CSK|CSK","blue"
"gene-LOC100230890|LOC100230890","magenta"
"gene-LOC100231840|LOC100231840","magenta"
"gene-CLK3|CLK3","turquoise"
"gene-EDC3|EDC3","brown"
"gene-ARID3B|ARID3B","grey"
"gene-LOC115496608|LOC115496608","salmon"
"gene-UBL7|UBL7","yellow"
"gene-SEMA7A|SEMA7A","blue"
"gene-ISLR|ISLR","mediumpurple3"
"gene-PML|PML","turquoise"
"gene-LOC121470533|LOC121470533","blue"
"gene-LOXL1|LOXL1","blue"
"gene-INSYN1|INSYN1","salmon"
"gene-CD276|CD276","yellow"
"gene-NPTN|NPTN","greenyellow"
"gene-HCN4|HCN4","grey"
"gene-NEO1|NEO1","darkolivegreen"
"gene-LOC115496629|LOC115496629","lightcyan"
"gene-ADPGK|ADPGK","brown"
"gene-BBS4|BBS4","brown"
"gene-ARIH1|ARIH1","yellow"
"gene-HEXA|HEXA","blue"
"gene-CELF6|CELF6","salmon"
"gene-PARP6|PARP6","blue"
"gene-PKM|PKM","salmon"
"gene-GRAMD2A|GRAMD2A","blue"
"gene-SENP8|SENP8","yellow"
"gene-AP3B2|AP3B2","blue"
"gene-MYO9A|MYO9A","blue"
"gene-CPEB1|CPEB1","blue"
"gene-RPS17|RPS17","pink"
"gene-LOC115496735|LOC115496735","red"
"gene-PATL2|PATL2","blue"
"gene-B2M|B2M","blue"
"gene-CSNK1G1|CSNK1G1","black"
"gene-PCLAF|PCLAF","grey"
"gene-SNX1|SNX1","brown"
"gene-SNX22|SNX22","blue"
"gene-PPIB|PPIB","pink"
"gene-TRIP4|TRIP4","grey"
"gene-ZNF609|ZNF609","brown"
"gene-OAZ2|OAZ2","saddlebrown"
"gene-RBPMS2|RBPMS2","grey"
"gene-DUOX2|DUOX2","tan"
"gene-NMB|NMB","darkgreen"
"gene-SORD|SORD","magenta"
"gene-SEC11A|SEC11A","blue"
"gene-ALPK3|ALPK3","darkorange2"
"gene-ZNF592|ZNF592","black"
"gene-LOC105760451|LOC105760451","yellow"
"gene-LOC116808782|LOC116808782","darkorange"
"gene-LOC100226446|LOC100226446","magenta"
"gene-LOC100223574|LOC100223574","green"
"gene-LOC100220663|LOC100220663","grey60"
"gene-RAB8B|RAB8B","brown"
"gene-LOC140684799|LOC140684799","magenta"
"gene-RPS27L|RPS27L","yellow"
"gene-LACTB|LACTB","grey"
"gene-TPM1|TPM1","salmon"
"gene-TLN2|TLN2","purple"
"gene-VPS13C|VPS13C","darkslateblue"
"gene-LOC100224303|LOC100224303","tan"
"gene-RORA|RORA","lightcyan"
"gene-ICE2|ICE2","lightcyan"
"gene-ANXA2|ANXA2","blue"
"gene-BNIP2|BNIP2","blue"
"gene-LOC121470501|LOC121470501","grey"
"gene-GTF2A2|GTF2A2","turquoise"
"gene-OTUD7A|OTUD7A","grey"
"gene-GCNT3|GCNT3","cyan"
"gene-TRPM1|TRPM1","thistle2"
"gene-KLF13|KLF13","royalblue"
"gene-MTMR10|MTMR10","black"
"gene-FAN1|FAN1","paleturquoise"
"gene-MPHOSPH10|MPHOSPH10","floralwhite"
"gene-MCEE|MCEE","green"
"gene-APBA2|APBA2","midnightblue"
"gene-TJP1|TJP1","purple"
"gene-LOC100224497|LOC100224497","grey"
"gene-TM2D3|TM2D3","pink"
"gene-LRRC49|LRRC49","maroon"
"gene-MAPDA|MAPDA","purple"
"gene-LARP6|LARP6","grey"
"gene-LOC100228395|LOC100228395","tan"
"gene-THSD4|THSD4","green"
"gene-CCNB2|CCNB2","blue"
"gene-MYO1E|MYO1E","royalblue"
"gene-RNF111|RNF111","darkslateblue"
"gene-SLTM|SLTM","grey"
"gene-MINDY2|MINDY2","brown"
"gene-ADAM10|ADAM10","black"
"gene-LIPC|LIPC","purple"
"gene-AQP9|AQP9","darkmagenta"
"gene-ALDH1A2|ALDH1A2","green"
"gene-LOC115496624|LOC115496624","grey"
"gene-LOC140684765|LOC140684765","royalblue"
"gene-CGNL1|CGNL1","red"
"gene-MYZAP|MYZAP","skyblue"
"gene-TCF12|TCF12","black"
"gene-ZNF280D|ZNF280D","turquoise"
"gene-MNS1|MNS1","plum2"
"gene-TEX9|TEX9","red"
"gene-LOC140684825|LOC140684825","red"
"gene-RFX7|RFX7","grey"
"gene-PRTG|PRTG","darkgrey"
"gene-NEDD4|NEDD4","turquoise"
"gene-DNAAF4|DNAAF4","grey"
"gene-PYGO1|PYGO1","darkorange"
"gene-CCPG1|CCPG1","saddlebrown"
"gene-RAB27A|RAB27A","brown"
"gene-PIGB|PIGB","black"
"gene-RSL24D1|RSL24D1","turquoise"
"gene-UNC13C|UNC13C","paleturquoise"
"gene-ONECUT1|ONECUT1","purple"
"gene-ATOSA|ATOSA","skyblue3"
"gene-ARPP19|ARPP19","brown"
"gene-MYO5C|MYO5C","tan"
"gene-MYO5A|MYO5A","blue"
"gene-GNB5|GNB5","blue"
"gene-BCL2L10|BCL2L10","blue"
"gene-MAPK6|MAPK6","green"
"gene-LEO1|LEO1","lightyellow"
"gene-LOC100228347|LOC100228347","salmon"
"gene-TMOD2|TMOD2","grey"
"gene-LYSMD2|LYSMD2","blue"
"gene-SCG3|SCG3","tan"
"gene-AP4E1|AP4E1","turquoise"
"gene-TNFAIP8L3|TNFAIP8L3","pink"
"gene-DMXL2|DMXL2","brown"
"gene-LOC140684814|LOC140684814","grey"
"gene-SEMA6D|SEMA6D","pink"
"gene-SLC24A5|SLC24A5","darkgrey"
"gene-MYEF2|MYEF2","turquoise"
"gene-LOC115496552|LOC115496552","grey"
"gene-SLC12A1|SLC12A1","blue"
"gene-LOC140684832|LOC140684832","grey"
"gene-DUT|DUT","blue"
"gene-FBN1|FBN1","turquoise"
"gene-CEP152|CEP152","turquoise"
"gene-SHC4|SHC4","black"
"gene-LOC115496578|LOC115496578","red"
"gene-FGF7|FGF7","grey"
"gene-DTWD1|DTWD1","salmon"
"gene-SECISBP2L|SECISBP2L","brown"
"gene-COPS2|COPS2","royalblue"
"gene-GALK2|GALK2","green"
"gene-AFG2B|AFG2B","blue"
"gene-C10H15orf48|C10H15orf48","blue"
"gene-SLC30A4|SLC30A4","blue"
"gene-LOC101234123|LOC101234123","blue"
"gene-BLOC1S6|BLOC1S6","brown"
"gene-SQOR|SQOR","brown"
"gene-LOC100190699|LOC100190699","pink"
"gene-SPPL2A|SPPL2A","brown"
"gene-TRPM7|TRPM7","lightcyan"
"gene-USP50|USP50","turquoise"
"gene-USP8|USP8","brown"
"gene-GABPB1|GABPB1","grey"
"gene-HDC|HDC","grey"
"gene-GATM|GATM","violet"
"gene-PDE8A|PDE8A","darkolivegreen"
"gene-LOC140684821|LOC140684821","grey"
"gene-FSD2|FSD2","cyan"
"gene-LOC121468063|LOC121468063","turquoise"
"gene-LOC115496736|LOC115496736","magenta"
"gene-WHAMM|WHAMM","darkred"
"gene-HOMER2|HOMER2","grey"
"gene-LOC121470542|LOC121470542","lightyellow"
"gene-RAMAC|RAMAC","red"
"gene-C10H15orf40|C10H15orf40","turquoise"
"gene-BTBD1|BTBD1","green"
"gene-TM6SF1|TM6SF1","salmon"
"gene-HDGFL3|HDGFL3","blue"
"gene-BNC1|BNC1","lightcyan"
"gene-SH3GL3|SH3GL3","blue"
"gene-LOC100232247|LOC100232247","white"
"gene-ADAMTSL3|ADAMTSL3","pink"
"gene-SAXO2|SAXO2","grey"
"gene-EFL1|EFL1","black"
"gene-MEX3B|MEX3B","turquoise"
"gene-LOC115496651|LOC115496651","grey"
"gene-TMC3|TMC3","white"
"gene-CFAP161|CFAP161","lightsteelblue1"
"gene-IL16|IL16","blue"
"gene-STARD5|STARD5","greenyellow"
"gene-LOC140684773|LOC140684773","turquoise"
"gene-TLNRD1|TLNRD1","yellow"
"gene-MESD|MESD","brown"
"gene-CEMIP|CEMIP","cyan"
"gene-LOC121470507|LOC121470507","turquoise"
"gene-ABHD17C|ABHD17C","green"
"gene-ARNT2|ARNT2","red"
"gene-LOC116808803|LOC116808803","white"
"gene-CTXND1|CTXND1","red"
"gene-FAH|FAH","magenta"
"gene-BCL2A1|BCL2A1","blue"
"gene-ZFAND6|ZFAND6","blue"
"gene-MINAR1|MINAR1","turquoise"
"gene-MTHFS|MTHFS","magenta"
"gene-WDR93|WDR93","grey"
"gene-PEX11A|PEX11A","brown"
"gene-PLIN1|PLIN1","violet"
"gene-LOC100220690|LOC100220690","grey"
"gene-KIF7|KIF7","black"
"gene-TICRR|TICRR","lightcyan"
"gene-FANCI|FANCI","blue"
"gene-POLG|POLG","grey"
"gene-ABHD2|ABHD2","brown"
"gene-MFGE8|MFGE8","yellow"
"gene-HAPLN3|HAPLN3","turquoise"
"gene-ACAN|ACAN","red"
"gene-AEN|AEN","grey"
"gene-DET1|DET1","green"
"gene-MRPS11|MRPS11","pink"
"gene-MRPL46|MRPL46","yellow"
"gene-NTRK3|NTRK3","pink"
"gene-AGBL1|AGBL1","darkturquoise"
"gene-KLHL25|KLHL25","magenta"
"gene-SV2B|SV2B","blue"
"gene-AKAP13|AKAP13","brown"
"gene-SLCO3A1|SLCO3A1","black"
"gene-FAM174B|FAM174B","brown"
"gene-LOC115496638|LOC115496638","grey"
"gene-RGMA|RGMA","purple"
"gene-CHD2|CHD2","greenyellow"
"gene-MCTP2|MCTP2","blue"
"gene-LOC140684777|LOC140684777","midnightblue"
"gene-NR2F2|NR2F2","green"
"gene-LOC115496654|LOC115496654","lightcyan"
"gene-LOC121470515|LOC121470515","darkred"
"gene-ARRDC4|ARRDC4","darkturquoise"
"gene-PGPEP1L|PGPEP1L","mediumpurple3"
"gene-LOC100232173|LOC100232173","brown4"
"gene-IGF1R|IGF1R","red"
"gene-SYNM|SYNM","thistle1"
"gene-LRRC28|LRRC28","green"
"gene-LOC116808792|LOC116808792","red"
"gene-MEF2A|MEF2A","purple"
"gene-LYSMD4|LYSMD4","turquoise"
"gene-ADAMTS17|ADAMTS17","greenyellow"
"gene-CERS3|CERS3","darkgrey"
"gene-LOC140684767|LOC140684767","yellow"
"gene-LINS1|LINS1","orangered4"
"gene-ASB7|ASB7","lightgreen"
"gene-ALDH1A3|ALDH1A3","blue"
"gene-LRRK1|LRRK1","blue"
"gene-CHSY1|CHSY1","midnightblue"
"gene-SELENOS|SELENOS","grey60"
"gene-SNRPA1|SNRPA1","grey60"
"gene-PCSK6|PCSK6","grey"
"gene-PLEKHO2|PLEKHO2","blue"
"gene-CLPX|CLPX","green"
"gene-UBAP1L|UBAP1L","turquoise"
"gene-SPG21|SPG21","grey"
"gene-PDCD7|PDCD7","grey"
"gene-RASL12|RASL12","purple"
"gene-KBTBD13|KBTBD13","maroon"
"gene-SLC51B|SLC51B","purple"
"gene-CILP|CILP","turquoise"
"gene-MTFMT|MTFMT","turquoise"
"gene-LOC140684803|LOC140684803","grey"
"gene-LOC100221534|LOC100221534","lightcyan"
"gene-PARP16|PARP16","yellow"
"gene-IGDCC3|IGDCC3","turquoise"
"gene-IGDCC4|IGDCC4","red"
"gene-DPP8|DPP8","green"
"gene-SLC24A1|SLC24A1","midnightblue"
"gene-HACD3|HACD3","brown"
"gene-INTS14|INTS14","red"
"gene-DENND4A|DENND4A","black"
"gene-MEGF11|MEGF11","brown"
"gene-RAB11A|RAB11A","brown"
"gene-LOC140684792|LOC140684792","midnightblue"
"gene-DIS3L|DIS3L","brown"
"gene-TIPIN|TIPIN","turquoise"
"gene-LOC115496737|LOC115496737","red"
"gene-SMAD6|SMAD6","darkolivegreen"
"gene-LOC100190622|LOC100190622","brown"
"gene-LOC140684766|LOC140684766","brown"
"gene-LCTL|LCTL","midnightblue"
"gene-MAP2K1|MAP2K1","brown"
"gene-SNAPC5|SNAPC5","brown"
"gene-RPL4|RPL4","pink"
"gene-LOC115496740|LOC115496740","grey"
"gene-LOC140684828|LOC140684828","lightyellow"
"gene-ZWILCH|ZWILCH","black"
"gene-AAGAB|AAGAB","grey"
"gene-IQCH|IQCH","black"
"gene-LOC140684823|LOC140684823","grey"
"gene-MAP2K5|MAP2K5","brown"
"gene-C10H15orf61|C10H15orf61","pink"
"gene-LOC121470524|LOC121470524","white"
"gene-PIAS1|PIAS1","turquoise"
"gene-CALML4|CALML4","lightsteelblue1"
"gene-CLN6|CLN6","yellow"
"gene-ITGA11|ITGA11","salmon"
"gene-FEM1B|FEM1B","green"
"gene-CORO2B|CORO2B","steelblue"
"gene-ANP32A|ANP32A","grey60"
"gene-LOC115490584|LOC115490584","magenta"
"gene-GLCE|GLCE","ivory"
"gene-PAQR5|PAQR5","turquoise"
"gene-KIF23|KIF23","blue"
"gene-TLE3|TLE3","turquoise"
"gene-UACA|UACA","darkolivegreen"
"gene-MORF4L1|MORF4L1","salmon"
"gene-CTDSPL2|CTDSPL2","brown"
"gene-LOC115496566|LOC115496566","turquoise"
"gene-ADAMTS7|ADAMTS7","greenyellow"
"gene-CIAO2A|CIAO2A","turquoise"
"gene-SPG11|SPG11","mediumpurple3"
"gene-EIF3J|EIF3J","brown"
"gene-GOLM2|GOLM2","grey60"
"gene-FRMD5|FRMD5","white"
"gene-WDR76|WDR76","turquoise"
"gene-RASGRF1|RASGRF1","orangered4"
"gene-BLM|BLM","turquoise"
"gene-CTSH|CTSH","blue"
"gene-TMED3|TMED3","pink"
"gene-ANPEP|ANPEP","steelblue"
"gene-ZNF710|ZNF710","blue"
"gene-AP3S2|AP3S2","magenta"
"gene-IDH2|IDH2","green"
"gene-SEMA4B|SEMA4B","magenta"
"gene-PPIP5K1|PPIP5K1","red"
"gene-MAP1A|MAP1A","red"
"gene-PRC1|PRC1","turquoise"
"gene-FES|FES","blue"
"gene-FURIN|FURIN","green"
"gene-LOC115496557|LOC115496557","grey60"
"gene-CIB1|CIB1","blue"
"gene-GDPGP1|GDPGP1","white"
"gene-LOC100225172|LOC100225172","turquoise"
"gene-HDDC3|HDDC3","turquoise"
"gene-VPS33B|VPS33B","turquoise"
"gene-RCCD1|RCCD1","turquoise"
"gene-UNC45A|UNC45A","brown4"
"gene-LOC121470512|LOC121470512","grey"
"gene-MAN2A2|MAN2A2","saddlebrown"
"gene-MFAP1|MFAP1","grey60"
"gene-HYPK|HYPK","yellow"
"gene-SERINC4|SERINC4","turquoise"
"gene-SERF2|SERF2","pink"
"gene-PDIA3|PDIA3","grey60"
"gene-TP53BP1|TP53BP1","turquoise"
"gene-LOC140684820|LOC140684820","red"
"gene-TUBGCP4|TUBGCP4","magenta"
"gene-LOC140684817|LOC140684817","turquoise"
"gene-LOC140684816|LOC140684816","orangered4"
"gene-IQGAP1|IQGAP1","brown"
"gene-LOC140684778|LOC140684778","turquoise"
"gene-NKD1|NKD1","green"
"gene-SNX20|SNX20","blue"
"gene-CYLD|CYLD","greenyellow"
"gene-LOC121470597|LOC121470597","grey"
"gene-SALL1|SALL1","red"
"gene-LOC140684856|LOC140684856","red"
"gene-TOX3|TOX3","darkturquoise"
"gene-CHD9|CHD9","lightgreen"
"gene-LOC116808846|LOC116808846","yellow"
"gene-IRX3|IRX3","grey"
"gene-LOC105758733|LOC105758733","red"
"gene-RBL2|RBL2","royalblue"
"gene-AKTIP|AKTIP","grey"
"gene-LOC140684871|LOC140684871","grey60"
"gene-FTO|FTO","royalblue"
"gene-MMP2|MMP2","blue"
"gene-LOC105758737|LOC105758737","darkgreen"
"gene-LPCAT2|LPCAT2","blue"
"gene-SLC6A2|SLC6A2","grey"
"gene-SLC12A4|SLC12A4","blue"
"gene-LOC100220796|LOC100220796","turquoise"
"gene-DDX28|DDX28","brown"
"gene-DUS2|DUS2","turquoise"
"gene-NFATC3|NFATC3","brown"
"gene-LOC101233626|LOC101233626","blue"
"gene-ESRP2|ESRP2","purple"
"gene-PLA2G15|PLA2G15","brown"
"gene-SMPD3|SMPD3","violet"
"gene-SLC7A6|SLC7A6","blue"
"gene-LOC105758756|LOC105758756","grey"
"gene-PRMT7|PRMT7","blue"
"gene-SLC7A6OS|SLC7A6OS","red"
"gene-LOC115496886|LOC115496886","blue"
"gene-OSGIN1|OSGIN1","blue"
"gene-SLC38A8|SLC38A8","red"
"gene-DNAAF1|DNAAF1","turquoise"
"gene-NECAB2|NECAB2","red"
"gene-MBTPS1|MBTPS1","brown"
"gene-HSDL1|HSDL1","green"
"gene-HSF4|HSF4","white"
"gene-TRADD|TRADD","palevioletred3"
"gene-LOC140684841|LOC140684841","grey"
"gene-B3GNT9|B3GNT9","grey"
"gene-PHAF1|PHAF1","magenta"
"gene-CBFB|CBFB","blue"
"gene-GNAO1|GNAO1","yellowgreen"
"gene-AMFR|AMFR","brown"
"gene-NUDT21|NUDT21","pink"
"gene-OGFOD1|OGFOD1","midnightblue"
"gene-BBS2|BBS2","red"
"gene-LOC100190094|LOC100190094","red"
"gene-LOC100190731|LOC100190731","red"
"gene-NUP93|NUP93","blue"
"gene-SLC12A3|SLC12A3","turquoise"
"gene-TMEM170A|TMEM170A","lightcyan"
"gene-CFDP1|CFDP1","salmon"
"gene-LOC140684853|LOC140684853","turquoise"
"gene-BCAR1|BCAR1","brown"
"gene-LOC115496876|LOC115496876","turquoise"
"gene-FA2H|FA2H","steelblue"
"gene-LOC100227651|LOC100227651","turquoise"
"gene-WDR59|WDR59","tan"
"gene-ZNRF1|ZNRF1","yellow"
"gene-MLKL|MLKL","blue"
"gene-LOC116808825|LOC116808825","blue"
"gene-RFWD3|RFWD3","greenyellow"
"gene-GLG1|GLG1","brown"
"gene-PDPR|PDPR","brown"
"gene-ST3GAL2|ST3GAL2","black"
"gene-FCSK|FCSK","turquoise"
"gene-COG4|COG4","black"
"gene-SF3B3|SF3B3","brown"
"gene-IL34|IL34","blue"
"gene-MTSS2|MTSS2","salmon"
"gene-VAC14|VAC14","brown"
"gene-CMTR2|CMTR2","black"
"gene-SLC38A7|SLC38A7","grey"
"gene-CALB2|CALB2","midnightblue"
"gene-LOC140684846|LOC140684846","magenta"
"gene-GOT2|GOT2","green"
"gene-AGRP|AGRP","tan"
"gene-CNOT1|CNOT1","brown"
"gene-LOC115496895|LOC115496895","turquoise"
"gene-SETD6|SETD6","grey"
"gene-LOC100232364|LOC100232364","blue"
"gene-SLC9A5|SLC9A5","blue"
"gene-ATP6V0D1|ATP6V0D1","brown"
"gene-HSD11B2|HSD11B2","skyblue"
"gene-FHOD1|FHOD1","greenyellow"
"gene-TPPP3|TPPP3","blue"
"gene-PLEKHG4|PLEKHG4","greenyellow"
"gene-ZDHHC1|ZDHHC1","grey"
"gene-LOC100220861|LOC100220861","steelblue"
"gene-EXOSC6|EXOSC6","turquoise"
"gene-AARS1|AARS1","green"
"gene-ACD|ACD","turquoise"
"gene-CARMIL2|CARMIL2","blue"
"gene-CTCF|CTCF","salmon"
"gene-RIPOR1|RIPOR1","grey"
"gene-LOC140684868|LOC140684868","turquoise"
"gene-LOC115496818|LOC115496818","tan"
"gene-LOC100223250|LOC100223250","magenta"
"gene-LOC100232832|LOC100232832","cyan"
"gene-LCAT|LCAT","magenta"
"gene-MATCAP1|MATCAP1","turquoise"
"gene-TMEM208|TMEM208","pink"
"gene-EXOC3L1|EXOC3L1","darkorange2"
"gene-CTRL|CTRL","tan"
"gene-E2F4|E2F4","lightyellow"
"gene-ELMO3|ELMO3","greenyellow"
"gene-PSKH1|PSKH1","purple"
"gene-NRN1L|NRN1L","salmon"
"gene-EDC4|EDC4","blue"
"gene-NUTF2|NUTF2","blue"
"gene-LOC100227074|LOC100227074","brown"
"gene-LOC140684877|LOC140684877","blue"
"gene-LOC105758643|LOC105758643","darkred"
"gene-RANBP10|RANBP10","purple"
"gene-PLLP|PLLP","salmon"
"gene-CENPT|CENPT","turquoise"
"gene-THAP11|THAP11","brown"
"gene-ARL2BP|ARL2BP","red"
"gene-RSPRY1|RSPRY1","salmon"
"gene-PSME3IP1|PSME3IP1","green"
"gene-CPNE2|CPNE2","blue"
"gene-NLRC5|NLRC5","blue"
"gene-CETP|CETP","greenyellow"
"gene-HERPUD1|HERPUD1","red"
"gene-PARD6A|PARD6A","darkgrey"
"gene-ENKD1|ENKD1","yellow"
"gene-GFOD2|GFOD2","blue"
"gene-CCDC102A|CCDC102A","greenyellow"
"gene-LOC100223247|LOC100223247","blue"
"gene-COQ9|COQ9","yellow"
"gene-DOK4|DOK4","blue"
"gene-LOC101234219|LOC101234219","blue"
"gene-CIAPIN1|CIAPIN1","brown"
"gene-LOC140684862|LOC140684862","yellowgreen"
"gene-POLR2C|POLR2C","yellow"
"gene-ADGRG3|ADGRG3","blue"
"gene-DRC7|DRC7","tan"
"gene-KIFC3|KIFC3","turquoise"
"gene-LOC121470596|LOC121470596","black"
"gene-KATNB1|KATNB1","black"
"gene-ZNF319|ZNF319","brown"
"gene-USB1|USB1","turquoise"
"gene-MMP15|MMP15","brown"
"gene-CFAP20|CFAP20","yellow"
"gene-CSNK2A2|CSNK2A2","brown"
"gene-GINS3|GINS3","grey"
"gene-NDRG4|NDRG4","skyblue3"
"gene-LOC140684852|LOC140684852","red"
"gene-WWOX|WWOX","green"
"gene-MAF|MAF","skyblue3"
"gene-CDYL2|CDYL2","black"
"gene-CENPN|CENPN","turquoise"
"gene-CMC2|CMC2","green"
"gene-ATMIN|ATMIN","black"
"gene-PPP1R3E|PPP1R3E","black"
"gene-GCSH|GCSH","yellow"
"gene-LOC100226108|LOC100226108","thistle2"
"gene-BCO1|BCO1","green"
"gene-GAN|GAN","black"
"gene-CMIP|CMIP","grey"
"gene-PLCG2|PLCG2","blue"
"gene-HSD17B2|HSD17B2","grey"
"gene-SDR42E1|SDR42E1","red"
"gene-LOC100222183|LOC100222183","green"
"gene-LOC140680217|LOC140680217","brown"
"gene-LOC100218405|LOC100218405","skyblue"
"gene-LOC115490547|LOC115490547","green"
"gene-MPHOSPH6|MPHOSPH6","grey"
"gene-WFDC1|WFDC1","salmon"
"gene-ATP2C2|ATP2C2","tan"
"gene-MEAK7|MEAK7","skyblue"
"gene-LOC115496786|LOC115496786","blue"
"gene-CDH13|CDH13","blue"
"gene-MLYCD|MLYCD","brown"
"gene-LOC115496781|LOC115496781","red"
"gene-HSBP1|HSBP1","yellow"
"gene-KLHL36|KLHL36","blue"
"gene-COTL1|COTL1","blue"
"gene-CRISPLD2|CRISPLD2","black"
"gene-USP10|USP10","saddlebrown"
"gene-LOC101233820|LOC101233820","yellow"
"gene-LOC100227703|LOC100227703","purple"
"gene-ZDHHC7|ZDHHC7","red"
"gene-LOC116808841|LOC116808841","turquoise"
"gene-LOC140684840|LOC140684840","turquoise"
"gene-MTHFSD|MTHFSD","grey"
"gene-FOXF1|FOXF1","grey"
"gene-IRF8|IRF8","blue"
"gene-LOC101234162|LOC101234162","grey"
"gene-BANP|BANP","grey"
"gene-ZNF469|ZNF469","grey"
"gene-LOC115496768|LOC115496768","blue"
"gene-KIAA0513|KIAA0513","tan"
"gene-ZCCHC14|ZCCHC14","black"
"gene-COX4I1|COX4I1","yellow"
"gene-EMC8|EMC8","greenyellow"
"gene-GINS2|GINS2","blue"
"gene-GSE1|GSE1","blue"
"gene-FBXO31|FBXO31","royalblue"
"gene-MAP1LC3B|MAP1LC3B","red"
"gene-KLHDC4|KLHDC4","green"
"gene-SLC7A5|SLC7A5","greenyellow"
"gene-CA5A|CA5A","green"
"gene-ZFPM1|ZFPM1","green"
"gene-CIDEC|CIDEC","green"
"gene-ZC3H18|ZC3H18","salmon"
"gene-CYBA|CYBA","blue"
"gene-CDT1|CDT1","blue"
"gene-APRT|APRT","blue"
"gene-PIEZO1|PIEZO1","blue"
"gene-MVD|MVD","green"
"gene-RNF166|RNF166","turquoise"
"gene-CTU2|CTU2","turquoise"
"gene-PABPN1L|PABPN1L","orange"
"gene-GALNS|GALNS","blue"
"gene-TRAPPC2L|TRAPPC2L","darkred"
"gene-CBFA2T3|CBFA2T3","cyan"
"gene-ACSF3|ACSF3","yellow"
"gene-ANKRD11|ANKRD11","black"
"gene-SPG7|SPG7","green"
"gene-CPNE7|CPNE7","tan"
"gene-RPL13|RPL13","pink"
"gene-LOC115496872|LOC115496872","yellow"
"gene-DPEP1|DPEP1","steelblue"
"gene-FANCA|FANCA","blue"
"gene-CHMP1A|CHMP1A","bisque4"
"gene-CDK10|CDK10","ivory"
"gene-SPATA2L|SPATA2L","turquoise"
"gene-VPS9D1|VPS9D1","blue"
"gene-ZNF276|ZNF276","turquoise"
"gene-LOC140684891|LOC140684891","greenyellow"
"gene-SPIRE2|SPIRE2","greenyellow"
"gene-TUBB3|TUBB3","darkturquoise"
"gene-TCF25|TCF25","yellow"
"gene-MC1R|MC1R","darkred"
"gene-DEF8|DEF8","darkgreen"
"gene-DBNDD1|DBNDD1","pink"
"gene-GAS8|GAS8","darkgreen"
"gene-LOC115496849|LOC115496849","turquoise"
"gene-LOC140684890|LOC140684890","black"
"gene-LOC140684839|LOC140684839","grey60"
"gene-LOC100232461|LOC100232461","purple"
"gene-TANGO6|TANGO6","turquoise"
"gene-HAS3|HAS3","blue"
"gene-UTP4|UTP4","grey"
"gene-SNTB2|SNTB2","grey"
"gene-VPS4A|VPS4A","brown4"
"gene-COG8|COG8","turquoise"
"gene-NIP7|NIP7","brown4"
"gene-TMED6|TMED6","tan"
"gene-TERF2|TERF2","brown"
"gene-LOC121470594|LOC121470594","turquoise"
"gene-CYB5B|CYB5B","yellow"
"gene-NFAT5|NFAT5","turquoise"
"gene-NOB1|NOB1","turquoise"
"gene-WWP2|WWP2","turquoise"
"gene-PSMD7|PSMD7","yellow"
"gene-LOC115496810|LOC115496810","darkred"
"gene-LOC121470598|LOC121470598","blue"
"gene-ZFHX3|ZFHX3","red"
"gene-LOC105758863|LOC105758863","magenta"
"gene-LOC115496779|LOC115496779","turquoise"
"gene-LOC140684878|LOC140684878","turquoise"
"gene-DHX38|DHX38","greenyellow"
"gene-ZNF821|ZNF821","turquoise"
"gene-LOC100221763|LOC100221763","turquoise"
"gene-DHODH|DHODH","turquoise"
"gene-IST1|IST1","grey60"
"gene-ATXN1L|ATXN1L","turquoise"
"gene-AP1G1|AP1G1","brown"
"gene-BRD7|BRD7","blue"
"gene-ADCY7|ADCY7","blue"
"gene-TENT4B|TENT4B","purple"
"gene-PHLPP2|PHLPP2","turquoise"
"gene-ADAT1|ADAT1","black"
"gene-MARVELD3|MARVELD3","turquoise"
"gene-TAT|TAT","green"
"gene-CHST4|CHST4","red"
"gene-KARS1|KARS1","brown"
"gene-GABARAPL2|GABARAPL2","red"
"gene-TMEM231|TMEM231","grey"
"gene-LOC140684864|LOC140684864","turquoise"
"gene-LOC100228584|LOC100228584","yellow"
"gene-LOC115496752|LOC115496752","green"
"gene-HEATR3|HEATR3","brown"
"gene-CNEP1R1|CNEP1R1","red"
"gene-LOC140684863|LOC140684863","grey"
"gene-CBLN1|CBLN1","blue"
"gene-ZNF423|ZNF423","grey"
"gene-LOC140684836|LOC140684836","violet"
"gene-N4BP1|N4BP1","brown"
"gene-SIAH1|SIAH1","yellow"
"gene-LONP2|LONP2","green"
"gene-PHKB|PHKB","grey"
"gene-ITFG1|ITFG1","saddlebrown"
"gene-NETO2|NETO2","green"
"gene-DNAJA2|DNAJA2","green"
"gene-LOC101233796|LOC101233796","blue"
"gene-GPT2|GPT2","green"
"gene-SHCBP1|SHCBP1","blue"
"gene-C11H16orf87|C11H16orf87","grey"
"gene-MYLK3|MYLK3","navajowhite2"
"gene-LOC100226706|LOC100226706","black"
"gene-ORC6|ORC6","black"
"gene-VPS35|VPS35","brown"
"gene-UQCRFS1|UQCRFS1","yellow"
"gene-LOC140684843|LOC140684843","midnightblue"
"gene-LOC140684876|LOC140684876","cyan"
"gene-LOC140684838|LOC140684838","darkorange2"
"gene-VSTM2B|VSTM2B","turquoise"
"gene-POP4|POP4","lightsteelblue1"
"gene-LOC115496888|LOC115496888","lightsteelblue1"
"gene-LOC100228529|LOC100228529","yellow"
"gene-LOC100223778|LOC100223778","brown"
"gene-LOC115496889|LOC115496889","turquoise"
"gene-LOC100220853|LOC100220853","salmon4"
"gene-LOC140684882|LOC140684882","grey"
"gene-LOC105758876|LOC105758876","palevioletred3"
"gene-CCNE1|CCNE1","brown"
"gene-URI1|URI1","blue"
"gene-ZNF536|ZNF536","turquoise"
"gene-TSHZ3|TSHZ3","turquoise"
"gene-LOC140684873|LOC140684873","lightyellow"
"gene-ZNF507|ZNF507","red"
"gene-LOC100232129|LOC100232129","midnightblue"
"gene-DPY19L3|DPY19L3","brown"
"gene-PDCD5|PDCD5","green"
"gene-ANKRD27|ANKRD27","yellow"
"gene-RGS9BP|RGS9BP","cyan"
"gene-NUDT19|NUDT19","magenta"
"gene-TDRD12|TDRD12","darkgrey"
"gene-LOC115496831|LOC115496831","darkgrey"
"gene-CLEC3A|CLEC3A","grey"
"gene-VAT1L|VAT1L","lavenderblush3"
"gene-LOC100232125|LOC100232125","grey"
"gene-ADAMTS18|ADAMTS18","grey"
"gene-LOC105760502|LOC105760502","greenyellow"
"gene-NUDT7|NUDT7","grey"
"gene-FAAP24|FAAP24","saddlebrown"
"gene-CEP89|CEP89","red"
"gene-SLC7A9|SLC7A9","bisque4"
"gene-CDH8|CDH8","cyan"
"gene-LOC140684894|LOC140684894","black"
"gene-RHPN2|RHPN2","purple"
"gene-GPATCH1|GPATCH1","turquoise"
"gene-LRP3|LRP3","brown"
"gene-LOC140684850|LOC140684850","turquoise"
"gene-CEBPA|CEBPA","magenta"
"gene-CEBPG|CEBPG","turquoise"
"gene-PEPD|PEPD","yellow"
"gene-LOC100218634|LOC100218634","grey"
"gene-NAE1|NAE1","darkred"
"gene-LOC140684844|LOC140684844","cyan"
"gene-DYNC1LI2|DYNC1LI2","brown"
"gene-LOC115496843|LOC115496843","darkmagenta"
"gene-CMTM4|CMTM4","brown"
"gene-CMTM3|CMTM3","blue"
"gene-RRAD|RRAD","grey"
"gene-CA7|CA7","brown"
"gene-KCTD15|KCTD15","maroon"
"gene-LOC101233672|LOC101233672","turquoise"
"gene-LSM14A|LSM14A","brown"
"gene-SS18L2|SS18L2","pink"
"gene-GARRE1|GARRE1","turquoise"
"gene-GPI|GPI","yellow"
"gene-LOC115496754|LOC115496754","grey"
"gene-LOC140684893|LOC140684893","lightcyan1"
"gene-WTIP|WTIP","turquoise"
"gene-UBA2|UBA2","blue"
"gene-PDCD2L|PDCD2L","darkgreen"
"gene-LOC121470571|LOC121470571","grey"
"gene-LOC115496789|LOC115496789","red"
"gene-LOC100225286|LOC100225286","grey"
"gene-LOC121470573|LOC121470573","paleturquoise"
"gene-LOC100223441|LOC100223441","grey"
"gene-CIAO2B|CIAO2B","yellow"
"gene-PDP2|PDP2","green"
"gene-TK2|TK2","grey"
"gene-CKLF|CKLF","turquoise"
"gene-LOC115496802|LOC115496802","brown"
"gene-LOC140684869|LOC140684869","navajowhite2"
"gene-BEAN1|BEAN1","grey"
"gene-LOC116808823|LOC116808823","turquoise"
"gene-LOC115496777|LOC115496777","black"
"gene-CDH5|CDH5","salmon"
"gene-LOC140684880|LOC140684880","grey"
"gene-CDH11|CDH11","white"
"gene-LOC140684956|LOC140684956","turquoise"
"gene-LOC101234119|LOC101234119","turquoise"
"gene-H1-8|H1-8","grey"
"gene-RHO|RHO","yellowgreen"
"gene-PLXND1|PLXND1","blue"
"gene-NR2C2|NR2C2","turquoise"
"gene-LOC115496914|LOC115496914","turquoise"
"gene-TRH|TRH","turquoise"
"gene-LOC116808883|LOC116808883","turquoise"
"gene-LOC121470603|LOC121470603","pink"
"gene-FGD5|FGD5","greenyellow"
"gene-LOC115496915|LOC115496915","orangered4"
"gene-MRPS25|MRPS25","pink"
"gene-RBSN|RBSN","brown"
"gene-LOC105759267|LOC105759267","darkgrey"
"gene-TMCC1|TMCC1","purple"
"gene-IFT122|IFT122","black"
"gene-MBD4|MBD4","turquoise"
"gene-RPL32|RPL32","pink"
"gene-LOC115497033|LOC115497033","red"
"gene-LOC100222277|LOC100222277","greenyellow"
"gene-SEC13|SEC13","yellow"
"gene-IRAK2|IRAK2","lightcyan"
"gene-VHL|VHL","brown"
"gene-THUMPD3|THUMPD3","brown"
"gene-SRGAP3|SRGAP3","blue"
"gene-RAD18|RAD18","salmon"
"gene-OXTR|OXTR","turquoise"
"gene-LMCD1|LMCD1","grey"
"gene-GRM7|GRM7","sienna3"
"gene-LOC115496972|LOC115496972","turquoise"
"gene-EDEM1|EDEM1","brown"
"gene-ARL8B|ARL8B","brown"
"gene-BHLHE40|BHLHE40","grey"
"gene-LOC140684912|LOC140684912","midnightblue"
"gene-LOC140684940|LOC140684940","black"
"gene-ITPR1|ITPR1","darkmagenta"
"gene-LOC140684937|LOC140684937","darkturquoise"
"gene-LOC140684938|LOC140684938","sienna3"
"gene-SUMF1|SUMF1","magenta"
"gene-LOC116808879|LOC116808879","grey"
"gene-LOC100222344|LOC100222344","brown"
"gene-LRRN1|LRRN1","red"
"gene-LOC140684898|LOC140684898","grey"
"gene-LOC140684897|LOC140684897","lightcyan"
"gene-CRBN|CRBN","red"
"gene-TRNT1|TRNT1","brown"
"gene-LOC100224263|LOC100224263","brown"
"gene-LOC115496966|LOC115496966","darkturquoise"
"gene-CHL1|CHL1","brown"
"gene-CNTN3|CNTN3","grey"
"gene-LOC140684903|LOC140684903","skyblue3"
"gene-PDZRN3|PDZRN3","thistle1"
"gene-PPP4R2|PPP4R2","green"
"gene-GXYLT2|GXYLT2","red"
"gene-SHQ1|SHQ1","mediumpurple3"
"gene-RYBP|RYBP","red"
"gene-GPR27|GPR27","blue"
"gene-LOC115496979|LOC115496979","grey"
"gene-FOXP1|FOXP1","turquoise"
"gene-MITF|MITF","blue"
"gene-FRMD4B|FRMD4B","green"
"gene-ARL6IP5|ARL6IP5","blue"
"gene-UBA3|UBA3","black"
"gene-TMF1|TMF1","brown"
"gene-EOGT|EOGT","blue"
"gene-TAFA4|TAFA4","turquoise"
"gene-SUCLG2|SUCLG2","salmon"
"gene-LOC100228408|LOC100228408","brown"
"gene-KBTBD8|KBTBD8","grey"
"gene-SLC25A26|SLC25A26","salmon4"
"gene-LRIG1|LRIG1","red"
"gene-LOC115496932|LOC115496932","grey"
"gene-ADAMTS9|ADAMTS9","turquoise"
"gene-MAGI1|MAGI1","purple"
"gene-PRICKLE2|PRICKLE2","tan"
"gene-PSMD6|PSMD6","green"
"gene-SYNPR|SYNPR","tan"
"gene-ATXN7|ATXN7","red"
"gene-THOC7|THOC7","bisque4"
"gene-FEZF2|FEZF2","white"
"gene-CEP15|CEP15","yellow"
"gene-LOC140684917|LOC140684917","turquoise"
"gene-PTPRG|PTPRG","green"
"gene-LOC140684983|LOC140684983","grey60"
"gene-LOC115497013|LOC115497013","red"
"gene-LOC121470631|LOC121470631","grey"
"gene-FHIT|FHIT","yellow"
"gene-CFAP20DC|CFAP20DC","blue"
"gene-FAM107A|FAM107A","lightcyan"
"gene-KCTD6|KCTD6","yellow"
"gene-PXK|PXK","yellow"
"gene-ACOX2|ACOX2","green"
"gene-PDHB|PDHB","brown"
"gene-RPP14|RPP14","brown"
"gene-PRKAR2A|PRKAR2A","green"
"gene-SLC25A20|SLC25A20","yellow"
"gene-ARIH2|ARIH2","green"
"gene-P4HTM|P4HTM","turquoise"
"gene-LOC115496930|LOC115496930","turquoise"
"gene-WDR6|WDR6","turquoise"
"gene-DALRD3|DALRD3","darkgreen"
"gene-NDUFAF3|NDUFAF3","pink"
"gene-IMPDH2|IMPDH2","brown"
"gene-QRICH1|QRICH1","brown"
"gene-QARS1|QARS1","purple"
"gene-LOC105759208|LOC105759208","salmon"
"gene-SLC6A8|SLC6A8","pink"
"gene-USP19|USP19","green"
"gene-LAMB2|LAMB2","yellow"
"gene-LOC115496947|LOC115496947","grey"
"gene-KLHDC8B|KLHDC8B","grey"
"gene-LOC115496923|LOC115496923","lightyellow"
"gene-CCDC71|CCDC71","turquoise"
"gene-LOC100218845|LOC100218845","magenta"
"gene-IHO1|IHO1","turquoise"
"gene-PRRT3|PRRT3","magenta"
"gene-CRELD1|CRELD1","yellow"
"gene-IL17RC|IL17RC","grey"
"gene-IL17RE|IL17RE","turquoise"
"gene-JAGN1|JAGN1","pink"
"gene-RPUSD3|RPUSD3","grey60"
"gene-BRPF1|BRPF1","brown"
"gene-ARPC4|ARPC4","yellow"
"gene-TADA3|TADA3","yellow"
"gene-CAMK1|CAMK1","turquoise"
"gene-OGG1|OGG1","yellow"
"gene-CPNE9|CPNE9","turquoise"
"gene-MTMR14|MTMR14","yellow"
"gene-LHFPL4|LHFPL4","plum2"
"gene-LOC115496920|LOC115496920","green"
"gene-SETD5|SETD5","turquoise"
"gene-PLXNB1|PLXNB1","grey"
"gene-CCDC51|CCDC51","grey60"
"gene-LOC101233349|LOC101233349","turquoise"
"gene-CCDC174|CCDC174","brown"
"gene-GRIP2|GRIP2","grey"
"gene-SLC6A6|SLC6A6","darkolivegreen"
"gene-LOC140684993|LOC140684993","darkolivegreen"
"gene-LOC140684991|LOC140684991","red"
"gene-LOC140684992|LOC140684992","darkolivegreen"
"gene-LOC105759937|LOC105759937","thistle1"
"gene-LSM3|LSM3","turquoise"
"gene-XPC|XPC","black"
"gene-TMEM43|TMEM43","brown"
"gene-CHCHD4|CHCHD4","green"
"gene-UROC1|UROC1","green"
"gene-ZXDC|ZXDC","salmon"
"gene-CFAP100|CFAP100","green"
"gene-LOC121470646|LOC121470646","green"
"gene-LOC140684978|LOC140684978","grey"
"gene-KLF15|KLF15","grey"
"gene-LOC121470619|LOC121470619","yellow"
"gene-LOC140684908|LOC140684908","darkgrey"
"gene-SLC41A3|SLC41A3","green"
"gene-CHST13|CHST13","blue"
"gene-TXNRD3|TXNRD3","brown"
"gene-PLXNA1|PLXNA1","brown"
"gene-CHCHD6|CHCHD6","greenyellow"
"gene-MCM2|MCM2","blue"
"gene-TPRA1|TPRA1","lightcyan"
"gene-PODXL2|PODXL2","turquoise"
"gene-ABTB1|ABTB1","purple"
"gene-KBTBD12|KBTBD12","turquoise"
"gene-MGLL|MGLL","green"
"gene-LOC121470636|LOC121470636","turquoise"
"gene-SEC61A1|SEC61A1","royalblue"
"gene-RUVBL1|RUVBL1","brown"
"gene-EEFSEC|EEFSEC","grey"
"gene-GATA2|GATA2","midnightblue"
"gene-LOC140684921|LOC140684921","grey"
"gene-LOC140684922|LOC140684922","yellowgreen"
"gene-RPN1|RPN1","saddlebrown"
"gene-LOC115497019|LOC115497019","turquoise"
"gene-RAB7A|RAB7A","brown"
"gene-H1-10|H1-10","blue"
"gene-LOC115496993|LOC115496993","turquoise"
"gene-HMCES|HMCES","green"
"gene-COPG1|COPG1","green"
"gene-LOC140684928|LOC140684928","grey"
"gene-COL7A1|COL7A1","midnightblue"
"gene-UQCRC1|UQCRC1","yellow"
"gene-CELSR3|CELSR3","turquoise"
"gene-NCKIPSD|NCKIPSD","red"
"gene-IP6K2|IP6K2","darkorange"
"gene-ABHD6|ABHD6","brown"
"gene-DNASE1L3|DNASE1L3","blue"
"gene-FLNB|FLNB","brown"
"gene-HESX1|HESX1","grey"
"gene-DNAH12|DNAH12","turquoise"
"gene-ASB14|ASB14","orangered4"
"gene-APPL1|APPL1","turquoise"
"gene-ARHGEF3|ARHGEF3","darkturquoise"
"gene-LOC115496955|LOC115496955","blue"
"gene-SLMAP|SLMAP","purple"
"gene-DENND6A|DENND6A","turquoise"
"gene-ARF4|ARF4","yellow"
"gene-PDE12|PDE12","greenyellow"
"gene-TASOR|TASOR","turquoise"
"gene-CCDC66|CCDC66","turquoise"
"gene-WNT5A|WNT5A","green"
"gene-CACNA2D3|CACNA2D3","white"
"gene-SELENOK|SELENOK","grey60"
"gene-ACTR8|ACTR8","red"
"gene-CHDH|CHDH","palevioletred3"
"gene-CACNA1D|CACNA1D","grey"
"gene-DCP1A|DCP1A","blue"
"gene-FANCD2|FANCD2","blue"
"gene-TKT|TKT","salmon"
"gene-TMEM40|TMEM40","turquoise"
"gene-BRK1|BRK1","yellow"
"gene-LOC100190503|LOC100190503","yellow"
"gene-USP4|USP4","brown"
"gene-GPX1|GPX1","darkturquoise"
"gene-RHOA|RHOA","brown"
"gene-LOC140684995|LOC140684995","blue"
"gene-TEX264|TEX264","yellow"
"gene-GRM2|GRM2","tan"
"gene-RRP9|RRP9","red"
"gene-NAA80|NAA80","grey"
"gene-HYAL3|HYAL3","turquoise"
"gene-IFRD2|IFRD2","darkslateblue"
"gene-LOC100224927|LOC100224927","darkorange"
"gene-SEMA3B|SEMA3B","lightgreen"
"gene-SLC38A3|SLC38A3","magenta"
"gene-GNAI2|GNAI2","blue"
"gene-SEMA3F|SEMA3F","salmon"
"gene-PCBP4|PCBP4","grey"
"gene-RBM5|RBM5","turquoise"
"gene-ABHD14B|ABHD14B","yellow"
"gene-ABHD14A|ABHD14A","yellow"
"gene-SEMA3G|SEMA3G","yellow"
"gene-ACY1|ACY1","magenta"
"gene-DNAH1|DNAH1","turquoise"
"gene-BAP1|BAP1","greenyellow"
"gene-LOC116808871|LOC116808871","mediumpurple3"
"gene-GLYCTK|GLYCTK","white"
"gene-WDR82|WDR82","pink"
"gene-PPM1M|PPM1M","brown4"
"gene-TWF2|TWF2","darkgreen"
"gene-ALAS1|ALAS1","darkgreen"
"gene-LOC115496951|LOC115496951","turquoise"
"gene-POC1A|POC1A","turquoise"
"gene-LOC115496928|LOC115496928","turquoise"
"gene-DUSP7|DUSP7","brown"
"gene-TNNC1|TNNC1","pink"
"gene-LOC140684948|LOC140684948","lightcyan"
"gene-LOC140684949|LOC140684949","red"
"gene-LOC121470622|LOC121470622","thistle2"
"gene-RPL29|RPL29","pink"
"gene-NISCH|NISCH","black"
"gene-STAB1|STAB1","orange"
"gene-NT5DC2|NT5DC2","grey"
"gene-LOC140684919|LOC140684919","turquoise"
"gene-UQCC5|UQCC5","turquoise"
"gene-PBRM1|PBRM1","black"
"gene-GNL3|GNL3","grey"
"gene-LOC115497038|LOC115497038","pink"
"gene-MUSTN1|MUSTN1","turquoise"
"gene-STIMATE|STIMATE","brown"
"gene-SFMBT1|SFMBT1","black"
"gene-LOC140684960|LOC140684960","salmon"
"gene-RFT1|RFT1","red"
"gene-CENPP|CENPP","black"
"gene-OMD|OMD","blue"
"gene-ASPN|ASPN","magenta"
"gene-IPPK|IPPK","brown"
"gene-NOL8|NOL8","turquoise"
"gene-OGN|OGN","grey60"
"gene-ECM2|ECM2","darkturquoise"
"gene-GLT8D1|GLT8D1","grey60"
"gene-SPCS1|SPCS1","pink"
"gene-NEK4|NEK4","brown"
"gene-LOC100227823|LOC100227823","red"
"gene-LOC115496960|LOC115496960","turquoise"
"gene-ITIH4|ITIH4","green"
"gene-LOC100189947|LOC100189947","darkgreen"
"gene-ATRIP|ATRIP","magenta"
"gene-SHISA5|SHISA5","black"
"gene-RNF123|RNF123","brown"
"gene-AMIGO3|AMIGO3","grey"
"gene-GMPPB|GMPPB","turquoise"
"gene-IP6K1|IP6K1","blue"
"gene-TRAIP|TRAIP","blue"
"gene-INKA1|INKA1","brown4"
"gene-UBA7|UBA7","turquoise"
"gene-DAG1|DAG1","brown"
"gene-TCTA|TCTA","yellow"
"gene-AMT|AMT","yellow"
"gene-NICN1|NICN1","yellow"
"gene-LOC140684985|LOC140684985","pink"
"gene-MST1|MST1","turquoise"
"gene-LOC100231670|LOC100231670","turquoise"
"gene-CAMKV|CAMKV","mediumpurple3"
"gene-BSN|BSN","blue"
"gene-LOC100219182|LOC100219182","pink"
"gene-MST1R|MST1R","grey"
"gene-RBM6|RBM6","turquoise"
"gene-MON1A|MON1A","green"
"gene-RAD54L2|RAD54L2","green"
"gene-LOC100224101|LOC100224101","salmon"
"gene-LOC140684934|LOC140684934","black"
"gene-DCAF1|DCAF1","brown"
"gene-RBM15B|RBM15B","green"
"gene-CACNA2D2|CACNA2D2","black"
"gene-DOCK3|DOCK3","red"
"gene-MAPKAPK3|MAPKAPK3","turquoise"
"gene-HEMK1|HEMK1","red"
"gene-LOC105759033|LOC105759033","blue"
"gene-MANF|MANF","grey60"
"gene-CISH|CISH","black"
"gene-C12H3orf18|C12H3orf18","purple"
"gene-ZMYND10|ZMYND10","turquoise"
"gene-TMEM115|TMEM115","yellow"
"gene-CYB561D2|CYB561D2","yellowgreen"
"gene-NPRL2|NPRL2","turquoise"
"gene-RASSF1|RASSF1","turquoise"
"gene-LOC100219184|LOC100219184","darkgreen"
"gene-LOC100228780|LOC100228780","blue"
"gene-TUSC2|TUSC2","green"
"gene-LOC100227828|LOC100227828","darkmagenta"
"gene-PRKCD|PRKCD","blue"
"gene-LOC100226935|LOC100226935","turquoise"
"gene-IARS1|IARS1","brown"
"gene-SLC6A11|SLC6A11","grey"
"gene-ATP2B2|ATP2B2","grey"
"gene-SLC6A1|SLC6A1","tan"
"gene-HRH1|HRH1","grey"
"gene-LOC115496933|LOC115496933","darkgrey"
"gene-ATG7|ATG7","brown"
"gene-VGLL4|VGLL4","darkolivegreen"
"gene-TAMM41|TAMM41","red"
"gene-RAF1|RAF1","skyblue"
"gene-LOC100231678|LOC100231678","midnightblue"
"gene-EFCC1|EFCC1","paleturquoise"
"gene-SYN2|SYN2","tan"
"gene-TIMP4|TIMP4","grey"
"gene-PPARG|PPARG","grey"
"gene-TSEN2|TSEN2","floralwhite"
"gene-MKRN2OS|MKRN2OS","mediumpurple3"
"gene-MKRN2|MKRN2","brown"
"gene-CNBP|CNBP","magenta"
"gene-ISY1|ISY1","black"
"gene-RAB43|RAB43","brown"
"gene-GP9|GP9","blue"
"gene-ACAD9|ACAD9","green"
"gene-IQSEC1|IQSEC1","green"
"gene-HDAC11|HDAC11","turquoise"
"gene-LOC140684961|LOC140684961","greenyellow"
"gene-NUP210|NUP210","black"
"gene-LOC121469129|LOC121469129","grey"
"gene-FBLN2|FBLN2","green"
"gene-LOC115497003|LOC115497003","greenyellow"
"gene-WNT7A|WNT7A","salmon"
"gene-LOC121470618|LOC121470618","turquoise"
"gene-LOC140684951|LOC140684951","grey"
"gene-LOC140684901|LOC140684901","plum2"
"gene-PTPDC1|PTPDC1","magenta"
"gene-LOC115497031|LOC115497031","royalblue"
"gene-PHF2|PHF2","turquoise"
"gene-WNK2|WNK2","grey"
"gene-LOC115496974|LOC115496974","lightyellow"
"gene-FAM120A|FAM120A","brown"
"gene-NINJ1|NINJ1","blue"
"gene-CARD19|CARD19","blue"
"gene-LOC115496970|LOC115496970","turquoise"
"gene-SUSD3|SUSD3","grey"
"gene-FGD3|FGD3","blue"
"gene-MAJIN|MAJIN","turquoise"
"gene-BICD2|BICD2","brown"
"gene-LOC100217705|LOC100217705","blue"
"gene-LOC100232116|LOC100232116","blue"
"gene-LOC100232716|LOC100232716","cyan"
"gene-LOC105760188|LOC105760188","turquoise"
"gene-LOC140684958|LOC140684958","turquoise"
"gene-CCDC25|CCDC25","turquoise"
"gene-LOC121470626|LOC121470626","turquoise"
"gene-LOC121470656|LOC121470656","brown"
"gene-EGR1|EGR1","turquoise"
"gene-REEP2|REEP2","turquoise"
"gene-KDM3B|KDM3B","black"
"gene-LOC100224313|LOC100224313","black"
"gene-LOC100217491|LOC100217491","skyblue"
"gene-SOWAHA|SOWAHA","grey"
"gene-SHROOM1|SHROOM1","skyblue"
"gene-SEPTIN8|SEPTIN8","brown"
"gene-CCNI2|CCNI2","lightgreen"
"gene-KIF3A|KIF3A","black"
"gene-RAD50|RAD50","black"
"gene-IRF1|IRF1","blue"
"gene-LOC100218092|LOC100218092","red"
"gene-LOC100220939|LOC100220939","turquoise"
"gene-PDLIM4|PDLIM4","grey"
"gene-P4HA2|P4HA2","darkgrey"
"gene-LOC140685021|LOC140685021","blue"
"gene-LOC115497150|LOC115497150","red"
"gene-ACSL6|ACSL6","grey"
"gene-FNIP1|FNIP1","blue"
"gene-LOC140685050|LOC140685050","grey"
"gene-MEIKIN|MEIKIN","grey"
"gene-RAPGEF6|RAPGEF6","brown"
"gene-C13H5orf15|C13H5orf15","brown"
"gene-VDAC1|VDAC1","brown"
"gene-LOC116808926|LOC116808926","grey"
"gene-TCF7|TCF7","thistle2"
"gene-LOC115497123|LOC115497123","plum2"
"gene-SKP1|SKP1","brown"
"gene-PPP2CA|PPP2CA","brown"
"gene-UBE2B|UBE2B","purple"
"gene-LOC121470668|LOC121470668","darkgreen"
"gene-JADE2|JADE2","red"
"gene-SAR1B|SAR1B","brown"
"gene-SEC24A|SEC24A","brown"
"gene-CAMLG|CAMLG","brown"
"gene-DDX46|DDX46","green"
"gene-C13H5orf24|C13H5orf24","darkmagenta"
"gene-TXNDC15|TXNDC15","red"
"gene-PCBD2|PCBD2","magenta"
"gene-MACROH2A1|MACROH2A1","salmon"
"gene-SLC25A48|SLC25A48","cyan"
"gene-LECT2|LECT2","blue"
"gene-FBXL21P|FBXL21P","cyan"
"gene-TGFBI|TGFBI","blue"
"gene-SMAD5|SMAD5","black"
"gene-LOC140684998|LOC140684998","darkolivegreen"
"gene-SMIM32|SMIM32","grey"
"gene-SPOCK1|SPOCK1","grey"
"gene-MYOT|MYOT","grey"
"gene-KLHL3|KLHL3","skyblue3"
"gene-HNRNPA0|HNRNPA0","skyblue"
"gene-FAM13B|FAM13B","black"
"gene-LOC100232010|LOC100232010","grey"
"gene-NME5|NME5","orangered4"
"gene-LOC115497064|LOC115497064","red"
"gene-LOC115497063|LOC115497063","cyan"
"gene-HNRNPAB|HNRNPAB","green"
"gene-PHYKPL|PHYKPL","magenta"
"gene-CLK4|CLK4","turquoise"
"gene-RASGEF1C|RASGEF1C","red"
"gene-GFPT2|GFPT2","blue"
"gene-MAPK9|MAPK9","lightcyan"
"gene-CNOT6|CNOT6","blue"
"gene-ADAMTS2|ADAMTS2","floralwhite"
"gene-RUFY1|RUFY1","red"
"gene-MAML1|MAML1","black"
"gene-LOC100219450|LOC100219450","darkorange2"
"gene-MGAT4B|MGAT4B","green"
"gene-LOC100218541|LOC100218541","greenyellow"
"gene-HNRNPH1|HNRNPH1","turquoise"
"gene-LOC100220427|LOC100220427","blue"
"gene-CANX|CANX","royalblue"
"gene-SQSTM1|SQSTM1","red"
"gene-MRNIP|MRNIP","black"
"gene-LOC140685051|LOC140685051","blue"
"gene-TBC1D9B|TBC1D9B","brown"
"gene-RNF130|RNF130","greenyellow"
"gene-FLT4|FLT4","tan"
"gene-LOC100224234|LOC100224234","blue"
"gene-HMGXB3|HMGXB3","turquoise"
"gene-CSF1R|CSF1R","blue"
"gene-PDGFRB|PDGFRB","brown"
"gene-CAMK2A|CAMK2A","salmon"
"gene-ARSI|ARSI","grey"
"gene-TCOF1|TCOF1","blue"
"gene-CD74|CD74","blue"
"gene-RPS14|RPS14","pink"
"gene-NDST1|NDST1","brown"
"gene-SYNPO|SYNPO","yellow"
"gene-MYOZ3|MYOZ3","turquoise"
"gene-CCDC69|CCDC69","blue"
"gene-ANXA6|ANXA6","darkturquoise"
"gene-LOC100221377|LOC100221377","turquoise"
"gene-GM2A|GM2A","salmon"
"gene-LOC100223308|LOC100223308","blue"
"gene-FAT2|FAT2","blue"
"gene-SPARC|SPARC","blue"
"gene-ATOX1|ATOX1","pink"
"gene-G3BP1|G3BP1","brown"
"gene-GLRA1|GLRA1","grey"
"gene-LOC100225213|LOC100225213","green"
"gene-RBM22|RBM22","brown"
"gene-DCTN4|DCTN4","brown"
"gene-SMIM3|SMIM3","turquoise"
"gene-GPX3|GPX3","pink"
"gene-TNIP1|TNIP1","blue"
"gene-FAM114A2|FAM114A2","purple"
"gene-MFAP3|MFAP3","black"
"gene-GALNT10|GALNT10","brown"
"gene-LOC140685034|LOC140685034","darkturquoise"
"gene-SAP30L|SAP30L","brown"
"gene-LARP1|LARP1","brown"
"gene-FAXDC2|FAXDC2","turquoise"
"gene-CNOT8|CNOT8","grey"
"gene-GEMIN5|GEMIN5","turquoise"
"gene-MRPL22|MRPL22","pink"
"gene-SGCD|SGCD","paleturquoise"
"gene-LOC101233188|LOC101233188","grey"
"gene-LOC100226241|LOC100226241","blue"
"gene-MED7|MED7","grey"
"gene-ITK|ITK","blue"
"gene-CYFIP2|CYFIP2","floralwhite"
"gene-NIPAL4|NIPAL4","brown"
"gene-ADAM19|ADAM19","blue"
"gene-SOX30|SOX30","turquoise"
"gene-THG1L|THG1L","turquoise"
"gene-LSM11|LSM11","brown"
"gene-EBF1|EBF1","yellow"
"gene-CLINT1|CLINT1","brown"
"gene-LOC115497166|LOC115497166","grey"
"gene-LOC115497098|LOC115497098","green"
"gene-HRH2|HRH2","blue"
"gene-CPLX2|CPLX2","brown"
"gene-SIMC1|SIMC1","turquoise"
"gene-THOC3|THOC3","royalblue"
"gene-KIAA1191|KIAA1191","magenta"
"gene-NOP16|NOP16","yellow"
"gene-HIGD2A|HIGD2A","yellow"
"gene-CLTB|CLTB","green"
"gene-FAF2|FAF2","green"
"gene-RNF44|RNF44","turquoise"
"gene-UNC5A|UNC5A","blue"
"gene-HK3|HK3","grey"
"gene-UBLCP1|UBLCP1","blue"
"gene-LOC100220430|LOC100220430","grey"
"gene-RNF145|RNF145","brown"
"gene-LOC100223312|LOC100223312","magenta"
"gene-LOC140684997|LOC140684997","turquoise"
"gene-UIMC1|UIMC1","brown"
"gene-ZNF346|ZNF346","brown"
"gene-FGFR4|FGFR4","magenta"
"gene-LOC101233052|LOC101233052","blue"
"gene-NSD1|NSD1","turquoise"
"gene-RAB24|RAB24","grey"
"gene-PRELID1|PRELID1","pink"
"gene-MXD3|MXD3","blue"
"gene-DOK3|DOK3","turquoise"
"gene-FAM193B|FAM193B","turquoise"
"gene-DDX41|DDX41","brown"
"gene-PDLIM7|PDLIM7","blue"
"gene-DBN1|DBN1","blue"
"gene-PRR7|PRR7","blue"
"gene-LOC101232953|LOC101232953","grey"
"gene-GRK6|GRK6","palevioletred3"
"gene-SLC34A1|SLC34A1","blue"
"gene-RGS14|RGS14","blue"
"gene-LMAN2|LMAN2","pink"
"gene-B4GALT7|B4GALT7","yellow"
"gene-N4BP3|N4BP3","yellow"
"gene-NHP2|NHP2","pink"
"gene-BRD8|BRD8","midnightblue"
"gene-KIF20A|KIF20A","blue"
"gene-SFXN1|SFXN1","yellow"
"gene-DRD1|DRD1","yellow"
"gene-NSG2|NSG2","red"
"gene-LOC121470688|LOC121470688","red"
"gene-CPEB4|CPEB4","turquoise"
"gene-BOD1|BOD1","blue"
"gene-LOC140685007|LOC140685007","green"
"gene-STC2|STC2","green"
"gene-BNIP1|BNIP1","salmon"
"gene-CREBRF|CREBRF","lightcyan"
"gene-ATP6V0E1|ATP6V0E1","blue"
"gene-RPL26L1|RPL26L1","pink"
"gene-LOC115497108|LOC115497108","lightcyan"
"gene-ERGIC1|ERGIC1","green"
"gene-LOC140685002|LOC140685002","grey60"
"gene-DUSP1|DUSP1","turquoise"
"gene-SH3PXD2B|SH3PXD2B","tan"
"gene-NEURL1B|NEURL1B","darkturquoise"
"gene-STK10|STK10","blue"
"gene-UBTD2|UBTD2","blue"
"gene-ADRB2|ADRB2","maroon"
"gene-SH3TC2|SH3TC2","turquoise"
"gene-ABLIM3|ABLIM3","skyblue3"
"gene-AFAP1L1|AFAP1L1","greenyellow"
"gene-GRPEL2|GRPEL2","grey"
"gene-PCYOX1L|PCYOX1L","blue"
"gene-ARHGEF37|ARHGEF37","tan"
"gene-CSNK1A1|CSNK1A1","brown"
"gene-PPARGC1B|PPARGC1B","grey"
"gene-SLC26A2|SLC26A2","blue"
"gene-LOC101234089|LOC101234089","blue"
"gene-IL12B|IL12B","ivory"
"gene-FBXO38|FBXO38","magenta"
"gene-LOC140685042|LOC140685042","sienna3"
"gene-LOC121470705|LOC121470705","tan"
"gene-PWWP2A|PWWP2A","midnightblue"
"gene-LOC115497141|LOC115497141","green"
"gene-ADRA1B|ADRA1B","green"
"gene-TTC1|TTC1","magenta"
"gene-FABP6|FABP6","pink"
"gene-C1QTNF2|C1QTNF2","red"
"gene-GDF9|GDF9","turquoise"
"gene-UQCRQ|UQCRQ","yellow"
"gene-LEAP2|LEAP2","yellow"
"gene-AFF4|AFF4","purple"
"gene-LOC115497085|LOC115497085","grey"
"gene-ZCCHC10|ZCCHC10","darkred"
"gene-HSPA4|HSPA4","brown"
"gene-LOC140685048|LOC140685048","darkgrey"
"gene-GNPDA1|GNPDA1","brown"
"gene-RNF14|RNF14","saddlebrown"
"gene-NDFIP1|NDFIP1","yellow"
"gene-LOC116808901|LOC116808901","grey"
"gene-SPRY4|SPRY4","black"
"gene-FGF1|FGF1","salmon"
"gene-ARHGAP26|ARHGAP26","black"
"gene-NR3C1|NR3C1","green"
"gene-YIPF5|YIPF5","brown4"
"gene-SH3RF2|SH3RF2","turquoise"
"gene-LARS1|LARS1","brown"
"gene-RBM27|RBM27","black"
"gene-PPP2R2B|PPP2R2B","tan"
"gene-DPYSL3|DPYSL3","brown"
"gene-TCERG1|TCERG1","turquoise"
"gene-JAKMIP2|JAKMIP2","turquoise"
"gene-CDC23|CDC23","red"
"gene-SLU7|SLU7","red"
"gene-PTTG1|PTTG1","blue"
"gene-LOC115497107|LOC115497107","blue"
"gene-ATP10B|ATP10B","black"
"gene-GABRB2|GABRB2","turquoise"
"gene-GABRA1|GABRA1","plum1"
"gene-HMMR|HMMR","black"
"gene-CCNG1|CCNG1","blue"
"gene-NUDCD2|NUDCD2","greenyellow"
"gene-MAT2B|MAT2B","blue"
"gene-TENM2|TENM2","turquoise"
"gene-WWC1|WWC1","green"
"gene-LOC100229617|LOC100229617","magenta"
"gene-RARS1|RARS1","yellow"
"gene-PANK3|PANK3","green"
"gene-SLIT3|SLIT3","white"
"gene-SPDL1|SPDL1","turquoise"
"gene-DOCK2|DOCK2","blue"
"gene-FOXI1|FOXI1","turquoise"
"gene-LCP2|LCP2","blue"
"gene-DND1|DND1","blue"
"gene-WDR55|WDR55","magenta"
"gene-CD14|CD14","blue"
"gene-IK|IK","magenta"
"gene-NDUFA2|NDUFA2","yellow"
"gene-TMCO6|TMCO6","grey"
"gene-SLC35A4|SLC35A4","magenta"
"gene-LOC100220927|LOC100220927","green"
"gene-LOC115497143|LOC115497143","turquoise"
"gene-STING1|STING1","blue"
"gene-UBE2D2|UBE2D2","saddlebrown"
"gene-LOC140685030|LOC140685030","red"
"gene-CXXC5|CXXC5","yellow"
"gene-LOC115497112|LOC115497112","grey"
"gene-NRG2|NRG2","red"
"gene-PURA|PURA","grey"
"gene-LOC115497093|LOC115497093","turquoise"
"gene-CYSTM1|CYSTM1","blue"
"gene-PFDN1|PFDN1","yellow"
"gene-HBEGF|HBEGF","turquoise"
"gene-ANKHD1|ANKHD1","brown"
"gene-APBB3|APBB3","turquoise"
"gene-LOC100221968|LOC100221968","grey"
"gene-LOC140685016|LOC140685016","turquoise"
"gene-LOC100224886|LOC100224886","salmon"
"gene-ZMAT2|ZMAT2","green"
"gene-LOC100220115|LOC100220115","tan"
"gene-LOC140685012|LOC140685012","turquoise"
"gene-LOC140685011|LOC140685011","tan"
"gene-LOC115497068|LOC115497068","tan"
"gene-LOC115497067|LOC115497067","tan"
"gene-LOC115497044|LOC115497044","black"
"gene-LOC140685056|LOC140685056","tan"
"gene-LOC100226723|LOC100226723","brown"
"gene-LOC100225784|LOC100225784","tan"
"gene-LOC140685054|LOC140685054","tan"
"gene-LOC140685055|LOC140685055","black"
"gene-LOC115497045|LOC115497045","blue"
"gene-LOC100225858|LOC100225858","brown"
"gene-LOC140685043|LOC140685043","brown"
"gene-RELL2|RELL2","grey"
"gene-HDAC3|HDAC3","red"
"gene-FCHSD1|FCHSD1","turquoise"
"gene-ARAP3|ARAP3","blue"
"gene-LOC115497097|LOC115497097","blue"
"gene-PCDH1|PCDH1","red"
"gene-DELE1|DELE1","darkgrey"
"gene-PCDH12|PCDH12","blue"
"gene-ECSCR|ECSCR","blue"
"gene-DNAJC18|DNAJC18","turquoise"
"gene-MZB1|MZB1","salmon4"
"gene-SLC23A1|SLC23A1","magenta"
"gene-SIL1|SIL1","yellow"
"gene-PAIP2|PAIP2","magenta"
"gene-MATR3|MATR3","blue"
"gene-LOC115497169|LOC115497169","royalblue"
"gene-CTNNA1|CTNNA1","green"
"gene-LRRTM2|LRRTM2","black"
"gene-LOC116808909|LOC116808909","magenta"
"gene-HSPA9|HSPA9","magenta"
"gene-LOC121470694|LOC121470694","turquoise"
"gene-ETF1|ETF1","brown"
"gene-FBXW11|FBXW11","brown"
"gene-NPM1|NPM1","darkgreen"
"gene-KCNMB1|KCNMB1","green"
"gene-LOC140685023|LOC140685023","grey"
"gene-LOC140685027|LOC140685027","grey"
"gene-CLEC19A|CLEC19A","yellow"
"gene-SYT17|SYT17","yellow"
"gene-ITPRIPL2|ITPRIPL2","darkturquoise"
"gene-COQ7|COQ7","magenta"
"gene-TMC7|TMC7","blue"
"gene-UBE2I|UBE2I","blue"
"gene-PDPK1|PDPK1","brown"
"gene-IL21R|IL21R","blue"
"gene-IL4R|IL4R","green"
"gene-GNPTG|GNPTG","magenta"
"gene-TSR3|TSR3","salmon"
"gene-LOC100224150|LOC100224150","turquoise"
"gene-LOC121468057|LOC121468057","turquoise"
"gene-NSMCE1|NSMCE1","grey60"
"gene-KDM8|KDM8","turquoise"
"gene-LOC116808970|LOC116808970","grey60"
"gene-SMG1|SMG1","turquoise"
"gene-TMC5|TMC5","darkturquoise"
"gene-CCP110|CCP110","darkmagenta"
"gene-GPRC5B|GPRC5B","thistle1"
"gene-GDE1|GDE1","yellow"
"gene-VPS35L|VPS35L","grey"
"gene-KNOP1|KNOP1","black"
"gene-IQCK|IQCK","mediumpurple3"
"gene-DCUN1D3|DCUN1D3","green"
"gene-LYRM1|LYRM1","greenyellow"
"gene-ERI2|ERI2","black"
"gene-LOC100226082|LOC100226082","red"
"gene-LOC105759942|LOC105759942","turquoise"
"gene-LOC100231857|LOC100231857","turquoise"
"gene-THUMPD1|THUMPD1","brown"
"gene-LOC121470736|LOC121470736","grey"
"gene-REXO5|REXO5","turquoise"
"gene-DNAH3|DNAH3","turquoise"
"gene-LDAF1|LDAF1","turquoise"
"gene-MOSMO|MOSMO","black"
"gene-VWA3A|VWA3A","turquoise"
"gene-LOC100223156|LOC100223156","grey"
"gene-ANKS4B|ANKS4B","black"
"gene-CRYM|CRYM","violet"
"gene-UQCRC2|UQCRC2","yellow"
"gene-EEF2K|EEF2K","blue"
"gene-OTOA|OTOA","blue"
"gene-LOC100225060|LOC100225060","grey"
"gene-POLR3E|POLR3E","pink"
"gene-CDR2|CDR2","green"
"gene-METTL9|METTL9","violet"
"gene-IGSF6|IGSF6","blue"
"gene-KDELR2|KDELR2","yellow"
"gene-DAGLB|DAGLB","violet"
"gene-RAC1|RAC1","saddlebrown"
"gene-USP42|USP42","turquoise"
"gene-LOC100228927|LOC100228927","darkturquoise"
"gene-SMIM10L3|SMIM10L3","black"
"gene-LOC140685120|LOC140685120","salmon"
"gene-CYTH3|CYTH3","green"
"gene-EIF2AK1|EIF2AK1","grey"
"gene-AIMP2|AIMP2","bisque4"
"gene-PMS2|PMS2","brown"
"gene-CCZ1|CCZ1","green"
"gene-LMTK2|LMTK2","brown"
"gene-BHLHA15|BHLHA15","tan"
"gene-TECPR1|TECPR1","black"
"gene-NPTX2|NPTX2","black"
"gene-BRI3|BRI3","yellow"
"gene-BAIAP2L1|BAIAP2L1","greenyellow"
"gene-TMEM130|TMEM130","tan"
"gene-TRRAP|TRRAP","turquoise"
"gene-LOC140685082|LOC140685082","midnightblue"
"gene-LOC140685081|LOC140685081","grey"
"gene-FAM20C|FAM20C","red"
"gene-PDGFA|PDGFA","red"
"gene-LOC121470740|LOC121470740","magenta"
"gene-PRKAR1B|PRKAR1B","brown"
"gene-LOC140685105|LOC140685105","grey"
"gene-DNAAF5|DNAAF5","black"
"gene-SUN1|SUN1","grey"
"gene-GET4|GET4","brown"
"gene-ADAP1|ADAP1","yellow"
"gene-COX19|COX19","grey"
"gene-LOC140685075|LOC140685075","orangered4"
"gene-CYP2AC7|CYP2AC7","orangered4"
"gene-LOC115497175|LOC115497175","orangered4"
"gene-CYP2W1|CYP2W1","darkolivegreen"
"gene-ZFAND2A|ZFAND2A","pink"
"gene-CHLSN|CHLSN","red"
"gene-GPR146|GPR146","skyblue"
"gene-LOC116808987|LOC116808987","blue"
"gene-GPER1|GPER1","grey"
"gene-MICALL2|MICALL2","blue"
"gene-INTS1|INTS1","black"
"gene-MAFK|MAFK","blue"
"gene-TMEM184A|TMEM184A","grey"
"gene-LOC100226089|LOC100226089","saddlebrown"
"gene-PSMG3|PSMG3","blue"
"gene-MAD1L1|MAD1L1","salmon"
"gene-SNX8|SNX8","brown"
"gene-MRM2|MRM2","magenta"
"gene-NUDT1|NUDT1","turquoise"
"gene-EIF3B|EIF3B","brown"
"gene-LOC115497252|LOC115497252","brown"
"gene-CHST12|CHST12","blue"
"gene-LOC115497219|LOC115497219","blue"
"gene-LFNG|LFNG","blue"
"gene-LOC115497176|LOC115497176","red"
"gene-BRAT1|BRAT1","turquoise"
"gene-TTYH3|TTYH3","darkturquoise"
"gene-IQCE|IQCE","green"
"gene-GNA12|GNA12","blue"
"gene-CARD11|CARD11","blue"
"gene-LOC100223162|LOC100223162","cyan"
"gene-SDK1|SDK1","salmon"
"gene-LOC100226034|LOC100226034","grey"
"gene-FOXK1|FOXK1","turquoise"
"gene-AP5Z1|AP5Z1","grey"
"gene-RADIL|RADIL","salmon"
"gene-WIPI2|WIPI2","brown"
"gene-SLC29A4|SLC29A4","orange"
"gene-LOC140685085|LOC140685085","white"
"gene-TNRC18|TNRC18","darkolivegreen"
"gene-FBXL18|FBXL18","brown"
"gene-FSCN1|FSCN1","black"
"gene-ACTB|ACTB","blue"
"gene-RNF216|RNF216","thistle2"
"gene-SMURF1|SMURF1","red"
"gene-LOC121470718|LOC121470718","blue"
"gene-MAP2K3|MAP2K3","palevioletred3"
"gene-KPNA7|KPNA7","turquoise"
"gene-ARPC1A|ARPC1A","yellow"
"gene-ARPC1B|ARPC1B","blue"
"gene-PDAP1|PDAP1","magenta"
"gene-BUD31|BUD31","pink"
"gene-PTCD1|PTCD1","brown"
"gene-CPSF4|CPSF4","green"
"gene-ATP5MF|ATP5MF","yellow"
"gene-NATD1|NATD1","brown"
"gene-TMEM11|TMEM11","grey"
"gene-LOC115497245|LOC115497245","grey"
"gene-DHRS7B|DHRS7B","brown"
"gene-TNFRSF13B|TNFRSF13B","blue"
"gene-USP22|USP22","blue"
"gene-PLD6|PLD6","grey"
"gene-MPRIP|MPRIP","steelblue"
"gene-FLCN|FLCN","brown"
"gene-COPS3|COPS3","royalblue"
"gene-NT5M|NT5M","brown"
"gene-MED9|MED9","yellow"
"gene-RASD1|RASD1","red"
"gene-PEMT|PEMT","green"
"gene-RAI1|RAI1","grey"
"gene-SREBF1|SREBF1","greenyellow"
"gene-TOM1L2|TOM1L2","purple"
"gene-ATPAF2|ATPAF2","magenta"
"gene-GID4|GID4","white"
"gene-DRG2|DRG2","brown"
"gene-ALKBH5|ALKBH5","brown"
"gene-LLGL1|LLGL1","plum2"
"gene-FLII|FLII","brown"
"gene-MIEF2|MIEF2","green"
"gene-TOP3A|TOP3A","blue"
"gene-SMCR8|SMCR8","brown"
"gene-SHMT1|SHMT1","darkmagenta"
"gene-LOC100230856|LOC100230856","grey"
"gene-LOC121470730|LOC121470730","purple"
"gene-PRPSAP2|PRPSAP2","darkorange2"
"gene-FAM83G|FAM83G","greenyellow"
"gene-GRAP|GRAP","blue"
"gene-LOC116808969|LOC116808969","blue"
"gene-EPN2|EPN2","brown"
"gene-B9D1|B9D1","grey"
"gene-CACNA1H|CACNA1H","salmon"
"gene-SSTR5|SSTR5","grey"
"gene-C1QTNF8|C1QTNF8","green"
"gene-SOX8|SOX8","blue"
"gene-LMF1|LMF1","green"
"gene-LOC140685122|LOC140685122","grey60"
"gene-LOC115497185|LOC115497185","grey"
"gene-LOC115497277|LOC115497277","blue"
"gene-CHTF18|CHTF18","red"
"gene-RPUSD1|RPUSD1","red"
"gene-LOC101232842|LOC101232842","darkred"
"gene-CIAO3|CIAO3","turquoise"
"gene-LOC115497190|LOC115497190","yellowgreen"
"gene-HAGH|HAGH","yellow"
"gene-FAHD1|FAHD1","yellow"
"gene-MEIOB|MEIOB","turquoise"
"gene-MSRB1|MSRB1","grey60"
"gene-LOC115497184|LOC115497184","pink"
"gene-NDUFB10|NDUFB10","yellow"
"gene-RPS2|RPS2","pink"
"gene-LOC140685068|LOC140685068","darkred"
"gene-LOC115497309|LOC115497309","turquoise"
"gene-TBL3|TBL3","turquoise"
"gene-NOXO1|NOXO1","grey"
"gene-GFER|GFER","brown"
"gene-SYNGR3|SYNGR3","blue"
"gene-ZNF598|ZNF598","green"
"gene-NHERF2|NHERF2","greenyellow"
"gene-NTHL1|NTHL1","yellow"
"gene-TSC2|TSC2","greenyellow"
"gene-PKD1|PKD1","turquoise"
"gene-RAB26|RAB26","tan"
"gene-LOC121470738|LOC121470738","turquoise"
"gene-TRAF7|TRAF7","blue"
"gene-CASKIN1|CASKIN1","turquoise"
"gene-BRICD5|BRICD5","turquoise"
"gene-MLST8|MLST8","magenta"
"gene-SLC5A11|SLC5A11","cyan"
"gene-PGP|PGP","brown"
"gene-E4F1|E4F1","turquoise"
"gene-ZDHHC4|ZDHHC4","darkgreen"
"gene-LOC115497282|LOC115497282","turquoise"
"gene-ARHGAP17|ARHGAP17","blue"
"gene-LCMT1|LCMT1","magenta"
"gene-PRKCB|PRKCB","blue"
"gene-RBBP6|RBBP6","turquoise"
"gene-TNRC6A|TNRC6A","darkmagenta"
"gene-LOC115497297|LOC115497297","greenyellow"
"gene-LOC115497240|LOC115497240","turquoise"
"gene-NDUFAB1|NDUFAB1","yellow"
"gene-PALB2|PALB2","turquoise"
"gene-DCTN5|DCTN5","black"
"gene-ERN2|ERN2","tan"
"gene-GGA2|GGA2","midnightblue"
"gene-SCNN1B|SCNN1B","midnightblue"
"gene-USP31|USP31","turquoise"
"gene-PLK1|PLK1","blue"
"gene-UBFD1|UBFD1","purple"
"gene-EARS2|EARS2","black"
"gene-COG7|COG7","turquoise"
"gene-SCNN1G|SCNN1G","turquoise"
"gene-HS3ST2|HS3ST2","turquoise"
"gene-ARL6IP1|ARL6IP1","black"
"gene-RPS15A|RPS15A","pink"
"gene-XYLT1|XYLT1","blue"
"gene-LOC140685072|LOC140685072","blue"
"gene-LOC140685089|LOC140685089","grey"
"gene-LOC140685094|LOC140685094","darkgrey"
"gene-CEP20|CEP20","turquoise"
"gene-LOC100227445|LOC100227445","blue"
"gene-LOC100224521|LOC100224521","brown"
"gene-ABCC6|ABCC6","magenta"
"gene-NDE1|NDE1","midnightblue"
"gene-MYH11|MYH11","yellow"
"gene-BMERB1|BMERB1","red"
"gene-MARF1|MARF1","lightcyan"
"gene-MPV17L|MPV17L","black"
"gene-PDXDC1|PDXDC1","green"
"gene-NTAN1|NTAN1","darkgreen"
"gene-RRN3|RRN3","brown"
"gene-LOC105760548|LOC105760548","red"
"gene-RSL1D1|RSL1D1","grey"
"gene-TNFRSF17|TNFRSF17","darkslateblue"
"gene-GSPT1|GSPT1","brown"
"gene-SNX29|SNX29","black"
"gene-CPPED1|CPPED1","green"
"gene-LOC115497271|LOC115497271","red"
"gene-ERCC4|ERCC4","black"
"gene-MRTFB|MRTFB","grey"
"gene-LOC115497283|LOC115497283","grey"
"gene-LOC121470714|LOC121470714","turquoise"
"gene-PARN|PARN","yellow"
"gene-BFAR|BFAR","brown"
"gene-PLA2G10|PLA2G10","red"
"gene-ZC3H7A|ZC3H7A","grey"
"gene-TXNDC11|TXNDC11","royalblue"
"gene-LOC140685087|LOC140685087","darkgrey"
"gene-SNN|SNN","black"
"gene-LOC121470715|LOC121470715","turquoise"
"gene-LITAF|LITAF","brown"
"gene-LOC115497284|LOC115497284","lightcyan"
"gene-RMI2|RMI2","darkorange2"
"gene-SOCS1|SOCS1","blue"
"gene-CLEC16A|CLEC16A","black"
"gene-CIITA|CIITA","blue"
"gene-DEXI|DEXI","turquoise"
"gene-TVP23A|TVP23A","pink"
"gene-LOC140685088|LOC140685088","grey"
"gene-NUBP1|NUBP1","turquoise"
"gene-EMP2|EMP2","grey"
"gene-GRIN2A|GRIN2A","green"
"gene-LOC140685090|LOC140685090","darkred"
"gene-LOC140685091|LOC140685091","lightyellow"
"gene-HAPSTR1|HAPSTR1","green"
"gene-USP7|USP7","brown"
"gene-METTL22|METTL22","lightcyan"
"gene-CARHSP1|CARHSP1","lavenderblush3"
"gene-PMM2|PMM2","green"
"gene-TMEM186|TMEM186","ivory"
"gene-ABAT|ABAT","green"
"gene-GSG1L|GSG1L","yellow"
"gene-RBFOX1|RBFOX1","darkolivegreen"
"gene-RHBDF1|RHBDF1","blue"
"gene-KATNIP|KATNIP","greenyellow"
"gene-GTF3C1|GTF3C1","turquoise"
"gene-LOC100190325|LOC100190325","turquoise"
"gene-SNRNP25|SNRNP25","yellow"
"gene-NPRL3|NPRL3","purple"
"gene-LOC140685060|LOC140685060","red"
"gene-MPG|MPG","turquoise"
"gene-LOC140685061|LOC140685061","lightyellow"
"gene-MRPL28|MRPL28","yellow"
"gene-HBAD|HBAD","bisque4"
"gene-HBAA|HBAA","bisque4"
"gene-PGAP6|PGAP6","green"
"gene-PDIA2|PDIA2","tan"
"gene-AXIN1|AXIN1","steelblue"
"gene-ARHGDIG|ARHGDIG","blue"
"gene-PERCC1|PERCC1","purple"
"gene-LUC7L|LUC7L","turquoise"
"gene-FAM234A|FAM234A","brown"
"gene-CLCN7|CLCN7","blue"
"gene-LOC100219720|LOC100219720","tan"
"gene-ECI1|ECI1","magenta"
"gene-INTS15|INTS15","blue"
"gene-NAA60|NAA60","brown"
"gene-MGRN1|MGRN1","yellow"
"gene-NUDT16L1|NUDT16L1","yellow"
"gene-UBALD1|UBALD1","red"
"gene-CDIP1|CDIP1","magenta"
"gene-HMOX2|HMOX2","magenta"
"gene-SLX4|SLX4","blue"
"gene-TRAP1|TRAP1","green"
"gene-CREBBP|CREBBP","green"
"gene-ADCY9|ADCY9","green"
"gene-NMRAL1|NMRAL1","grey"
"gene-NLRC3|NLRC3","darkturquoise"
"gene-CLUAP1|CLUAP1","salmon4"
"gene-LOC115497306|LOC115497306","plum1"
"gene-TFAP4|TFAP4","turquoise"
"gene-GLIS2|GLIS2","greenyellow"
"gene-LOC100219950|LOC100219950","turquoise"
"gene-VASN|VASN","grey"
"gene-DNAJA3|DNAJA3","brown"
"gene-LOC100228308|LOC100228308","greenyellow"
"gene-DNAAF8|DNAAF8","lightcyan"
"gene-ANKS3|ANKS3","turquoise"
"gene-LOC115497263|LOC115497263","grey"
"gene-XPO6|XPO6","blue"
"gene-DECR2|DECR2","brown"
"gene-RAB11FIP3|RAB11FIP3","magenta"
"gene-SEPTIN12|SEPTIN12","blue"
"gene-LOC100232233|LOC100232233","blue"
"gene-MSS51|MSS51","grey"
"gene-LOC105760369|LOC105760369","greenyellow"
"gene-CFAP70|CFAP70","grey"
"gene-LOC100231218|LOC100231218","turquoise"
"gene-STUB1|STUB1","yellow"
"gene-JMJD8|JMJD8","yellow"
"gene-WDR24|WDR24","blue"
"gene-CAPN15|CAPN15","blue"
"gene-PIGQ|PIGQ","lightyellow"
"gene-CCDC78|CCDC78","royalblue"
"gene-NUBP2|NUBP2","darkorange2"
"gene-UBN1|UBN1","turquoise"
"gene-NDUFB6|NDUFB6","yellow"
"gene-ANTKMT|ANTKMT","yellow"
"gene-IGFALS|IGFALS","saddlebrown"
"gene-SPSB3|SPSB3","grey"
"gene-NME3|NME3","brown"
"gene-PPL|PPL","turquoise"
"gene-SEC14L5|SEC14L5","blue"
"gene-NAGPA|NAGPA","red"
"gene-ALG1|ALG1","turquoise"
"gene-EEF2KMT|EEF2KMT","greenyellow"
"gene-RAB40C|RAB40C","red"
"gene-WFIKKN1|WFIKKN1","turquoise"
"gene-METTL26|METTL26","yellow"
"gene-MCRIP2|MCRIP2","yellow"
"gene-ABCA3|ABCA3","blue"
"gene-VRK3|VRK3","turquoise"
"gene-CCNF|CCNF","blue"
"gene-TEDC2|TEDC2","violet"
"gene-LOC100219675|LOC100219675","grey"
"gene-LOC100225436|LOC100225436","grey"
"gene-NTN3|NTN3","grey"
"gene-TBC1D24|TBC1D24","greenyellow"
"gene-AMDHD2|AMDHD2","midnightblue"
"gene-IFT140|IFT140","red"
"gene-MAPK8IP3|MAPK8IP3","turquoise"
"gene-LOC116808958|LOC116808958","pink"
"gene-ATP6V0C|ATP6V0C","blue"
"gene-C14H8orf33|C14H8orf33","blue"
"gene-LOC115497205|LOC115497205","turquoise"
"gene-RNPS1|RNPS1","brown"
"gene-TELO2|TELO2","turquoise"
"gene-TMEM204|TMEM204","magenta"
"gene-CRAMP1|CRAMP1","turquoise"
"gene-JPT2|JPT2","black"
"gene-MRPS34|MRPS34","green"
"gene-GLYR1|GLYR1","black"
"gene-ROGDI|ROGDI","green"
"gene-MORC2|MORC2","turquoise"
"gene-LOC140685130|LOC140685130","grey60"
"gene-SMTN|SMTN","grey"
"gene-SELENOM|SELENOM","cyan"
"gene-INPP5J|INPP5J","magenta"
"gene-PLA2G3|PLA2G3","yellow"
"gene-POLE|POLE","blue"
"gene-AIFM3|AIFM3","yellow"
"gene-P2RX6|P2RX6","grey"
"gene-LOC140685168|LOC140685168","blue"
"gene-SLC7A4|SLC7A4","darkturquoise"
"gene-DGCR6|DGCR6","turquoise"
"gene-LOC115497326|LOC115497326","red"
"gene-SCARF2|SCARF2","blue"
"gene-LOC115497435|LOC115497435","turquoise"
"gene-PRODH|PRODH","magenta"
"gene-RTN4R|RTN4R","steelblue"
"gene-TBC1D10A|TBC1D10A","salmon"
"gene-CASTOR1|CASTOR1","grey"
"gene-LOC115497416|LOC115497416","blue"
"gene-LIF|LIF","black"
"gene-OSBP2|OSBP2","brown"
"gene-GAL3ST1|GAL3ST1","pink"
"gene-LOC140685138|LOC140685138","lightpink4"
"gene-CCDC157|CCDC157","red"
"gene-IQCD|IQCD","plum2"
"gene-SLC35E4|SLC35E4","steelblue"
"gene-TCN2|TCN2","pink"
"gene-PES1|PES1","turquoise"
"gene-MTFP1|MTFP1","pink"
"gene-SEC14L2|SEC14L2","yellow"
"gene-LOC140685144|LOC140685144","turquoise"
"gene-RNF215|RNF215","greenyellow"
"gene-SF3A1|SF3A1","brown"
"gene-HORMAD2|HORMAD2","darkolivegreen"
"gene-LOC115497391|LOC115497391","turquoise"
"gene-MTMR3|MTMR3","brown"
"gene-ASCC2|ASCC2","turquoise"
"gene-UQCR10|UQCR10","yellow"
"gene-ZMAT5|ZMAT5","yellow"
"gene-NF2|NF2","brown"
"gene-PLEKHA4|PLEKHA4","skyblue3"
"gene-NIPSNAP1|NIPSNAP1","yellow"
"gene-NEFH|NEFH","violet"
"gene-THOC5|THOC5","turquoise"
"gene-AP1B1|AP1B1","saddlebrown"
"gene-GAS2L1|GAS2L1","yellow"
"gene-EWSR1|EWSR1","yellow"
"gene-EMID1|EMID1","greenyellow"
"gene-RASAL1|RASAL1","grey"
"gene-DTX1|DTX1","grey"
"gene-WSB2|WSB2","yellow"
"gene-RFC5|RFC5","green"
"gene-NOS1|NOS1","grey"
"gene-TESC|TESC","bisque4"
"gene-FBXO21|FBXO21","mediumpurple3"
"gene-HRK|HRK","black"
"gene-FBXW8|FBXW8","green"
"gene-RNFT2|RNFT2","turquoise"
"gene-SPRING1|SPRING1","yellow"
"gene-C15H22orf15|C15H22orf15","red"
"gene-VPREB3|VPREB3","darkred"
"gene-CHCHD10|CHCHD10","yellow"
"gene-SMARCB1|SMARCB1","black"
"gene-LOC101233554|LOC101233554","cyan"
"gene-DERL3|DERL3","grey60"
"gene-LOC115497385|LOC115497385","grey"
"gene-LOC100190143|LOC100190143","yellow"
"gene-DDX51|DDX51","turquoise"
"gene-LOC100222749|LOC100222749","yellow"
"gene-LOC100232469|LOC100232469","green"
"gene-DDT|DDT","magenta"
"gene-LOC100225628|LOC100225628","grey"
"gene-CABIN1|CABIN1","turquoise"
"gene-LOC115497401|LOC115497401","orangered4"
"gene-CRKL|CRKL","brown"
"gene-LOC140685149|LOC140685149","grey"
"gene-KLHL22|KLHL22","turquoise"
"gene-MED15|MED15","turquoise"
"gene-SMPD4|SMPD4","red"
"gene-GGT5|GGT5","black"
"gene-GGT1|GGT1","tan"
"gene-LRRC75B|LRRC75B","pink"
"gene-ADORA2A|ADORA2A","blue"
"gene-SNRPD3|SNRPD3","pink"
"gene-GUCD1|GUCD1","greenyellow"
"gene-UPB1|UPB1","yellow"
"gene-SPECC1L|SPECC1L","brown"
"gene-LOC115497407|LOC115497407","red"
"gene-BCR|BCR","turquoise"
"gene-RAB36|RAB36","lightyellow"
"gene-GNAZ|GNAZ","turquoise"
"gene-SLC5A1|SLC5A1","blue"
"gene-YWHAH|YWHAH","salmon"
"gene-PATZ1|PATZ1","blue"
"gene-DEPDC5|DEPDC5","turquoise"
"gene-SFI1|SFI1","grey"
"gene-PRR14L|PRR14L","black"
"gene-LOC100221772|LOC100221772","brown"
"gene-PISD|PISD","green"
"gene-EIF4ENIF1|EIF4ENIF1","red"
"gene-DRG1|DRG1","green"
"gene-CABP1|CABP1","grey"
"gene-PIK3IP1|PIK3IP1","navajowhite2"
"gene-LIMK2|LIMK2","paleturquoise"
"gene-RNF185|RNF185","yellow"
"gene-C15H12orf43|C15H12orf43","magenta"
"gene-HNF1A|HNF1A","magenta"
"gene-SPPL3|SPPL3","grey"
"gene-LOC115497394|LOC115497394","lightpink4"
"gene-ACADS|ACADS","green"
"gene-UNC119B|UNC119B","brown"
"gene-MLEC|MLEC","brown"
"gene-POP5|POP5","magenta"
"gene-RNF10|RNF10","green"
"gene-DYNLL1|DYNLL1","green"
"gene-COQ5|COQ5","salmon"
"gene-LOC100190349|LOC100190349","grey"
"gene-GATC|GATC","turquoise"
"gene-TRIAP1|TRIAP1","green"
"gene-COX6A1|COX6A1","yellow"
"gene-MSI1|MSI1","lightcyan"
"gene-SIRT4|SIRT4","lightcyan"
"gene-PXN|PXN","brown"
"gene-LOC115497354|LOC115497354","orangered4"
"gene-BICDL1|BICDL1","grey"
"gene-CIT|CIT","blue"
"gene-PRKAB1|PRKAB1","purple"
"gene-HSPB8|HSPB8","green"
"gene-RPLP0|RPLP0","pink"
"gene-GCN1|GCN1","brown"
"gene-RAB35|RAB35","brown"
"gene-VSIG10|VSIG10","grey"
"gene-TAOK3|TAOK3","salmon"
"gene-SUDS3|SUDS3","grey"
"gene-PEBP1|PEBP1","saddlebrown"
"gene-CFAP73|CFAP73","tan"
"gene-DDX54|DDX54","magenta"
"gene-RITA1|RITA1","green"
"gene-TPCN1|TPCN1","red"
"gene-SLC8B1|SLC8B1","magenta"
"gene-SDSL|SDSL","turquoise"
"gene-PLBD2|PLBD2","brown4"
"gene-RBM19|RBM19","brown"
"gene-LOC140685142|LOC140685142","red"
"gene-TBX3|TBX3","turquoise"
"gene-LOC115497378|LOC115497378","turquoise"
"gene-MED13L|MED13L","lightcyan"
"gene-LOC100227652|LOC100227652","grey"
"gene-LOC101234199|LOC101234199","grey"
"gene-ESS2|ESS2","lightyellow"
"gene-GSC2|GSC2","darkmagenta"
"gene-DGCR2|DGCR2","purple"
"gene-CLTCL1|CLTCL1","brown"
"gene-LOC100223798|LOC100223798","turquoise"
"gene-LOC101234247|LOC101234247","turquoise"
"gene-SLC25A1|SLC25A1","green"
"gene-HIC2|HIC2","orangered4"
"gene-SNAP29|SNAP29","brown"
"gene-PI4KA|PI4KA","brown"
"gene-SERPIND1|SERPIND1","magenta"
"gene-UBE2L3|UBE2L3","brown"
"gene-YDJC|YDJC","greenyellow"
"gene-SDF2L1|SDF2L1","red"
"gene-LOC121470778|LOC121470778","turquoise"
"gene-MIR130A|MIR130A","darkolivegreen"
"gene-TOP3B|TOP3B","brown"
"gene-PPM1F|PPM1F","brown"
"gene-LOC115497359|LOC115497359","grey"
"gene-LOC115497360|LOC115497360","grey60"
"gene-MAPK1|MAPK1","black"
"gene-LOC140685141|LOC140685141","turquoise"
"gene-YPEL1|YPEL1","red"
"gene-PPIL2|PPIL2","red"
"gene-CDC45|CDC45","blue"
"gene-CLDN5|CLDN5","blue"
"gene-HIRA|HIRA","brown"
"gene-MRPL40|MRPL40","yellow"
"gene-C15H22orf39|C15H22orf39","royalblue"
"gene-UFD1|UFD1","green"
"gene-LOC100218025|LOC100218025","blue"
"gene-SEPTIN5|SEPTIN5","blue"
"gene-GP1BB|GP1BB","midnightblue"
"gene-TBX1|TBX1","blue"
"gene-GNB1L|GNB1L","turquoise"
"gene-TXNRD2|TXNRD2","darkslateblue"
"gene-ARVCF|ARVCF","purple"
"gene-COMT|COMT","yellow"
"gene-TANGO2|TANGO2","brown"
"gene-DGCR8|DGCR8","turquoise"
"gene-TRMT2A|TRMT2A","green"
"gene-RANBP1|RANBP1","brown"
"gene-LOC115497456|LOC115497456","lightyellow"
"gene-ZDHHC8|ZDHHC8","lightgreen"
"gene-PGAM5|PGAM5","brown"
"gene-ANKLE2|ANKLE2","black"
"gene-LOC100231426|LOC100231426","black"
"gene-GOLGA3|GOLGA3","brown"
"gene-CHFR|CHFR","grey"
"gene-FBRSL1|FBRSL1","blue"
"gene-LOC140685151|LOC140685151","lavenderblush3"
"gene-GALNT9|GALNT9","brown"
"gene-LOC140685148|LOC140685148","darkred"
"gene-EP400|EP400","turquoise"
"gene-NOC4L|NOC4L","lightcyan"
"gene-PUS1|PUS1","blue"
"gene-ULK1|ULK1","green"
"gene-SUSD2|SUSD2","darkorange"
"gene-KREMEN1|KREMEN1","darkorange"
"gene-ZNRF3|ZNRF3","red"
"gene-LOC115497382|LOC115497382","red"
"gene-LOC100227658|LOC100227658","turquoise"
"gene-CHEK2|CHEK2","blue"
"gene-XBP1|XBP1","red"
"gene-CCDC117|CCDC117","black"
"gene-LOC100230469|LOC100230469","turquoise"
"gene-TTC28|TTC28","violet"
"gene-PITPNB|PITPNB","green"
"gene-MN1|MN1","grey"
"gene-TPST2|TPST2","brown"
"gene-HPS4|HPS4","black"
"gene-TFIP11|TFIP11","plum1"
"gene-SRRD|SRRD","turquoise"
"gene-MYO18B|MYO18B","grey"
"gene-GRK3|GRK3","brown"
"gene-KIAA1671|KIAA1671","brown"
"gene-CRYBB3|CRYBB3","turquoise"
"gene-LOC116809018|LOC116809018","purple"
"gene-SGSM1|SGSM1","turquoise"
"gene-C15H12orf76|C15H12orf76","darkred"
"gene-ANKRD13A|ANKRD13A","salmon"
"gene-TRPV4|TRPV4","lavenderblush3"
"gene-FAM222A|FAM222A","yellow"
"gene-GIT2|GIT2","blue"
"gene-TCHP|TCHP","red"
"gene-GLTP|GLTP","green"
"gene-MVK|MVK","green"
"gene-MMAB|MMAB","magenta"
"gene-UBE3B|UBE3B","brown"
"gene-KCTD10|KCTD10","blue"
"gene-SVOP|SVOP","turquoise"
"gene-ALKBH2|ALKBH2","lightyellow"
"gene-UNG|UNG","blue"
"gene-USP30|USP30","brown"
"gene-DAO|DAO","magenta"
"gene-SSH1|SSH1","turquoise"
"gene-SELPLG|SELPLG","blue"
"gene-CORO1C|CORO1C","blue"
"gene-TMEM119|TMEM119","blue"
"gene-ISCU|ISCU","brown4"
"gene-SART3|SART3","darkslateblue"
"gene-FICD|FICD","red"
"gene-CMKLR1|CMKLR1","blue"
"gene-WSCD2|WSCD2","salmon"
"gene-RPH3A|RPH3A","blue"
"gene-PTPN11|PTPN11","green"
"gene-RPL6|RPL6","saddlebrown"
"gene-HECTD4|HECTD4","yellow"
"gene-TRAFD1|TRAFD1","salmon"
"gene-NAA25|NAA25","turquoise"
"gene-ERP29|ERP29","brown"
"gene-TMEM116|TMEM116","brown"
"gene-MAPKAPK5|MAPKAPK5","red"
"gene-ALDH2|ALDH2","magenta"
"gene-PHETA1|PHETA1","greenyellow"
"gene-ATXN2|ATXN2","midnightblue"
"gene-ACAD10|ACAD10","purple"
"gene-BRAP|BRAP","green"
"gene-LOC115497450|LOC115497450","grey60"
"gene-SH2B3|SH2B3","greenyellow"
"gene-CUX2|CUX2","lavenderblush3"
"gene-PPP1CC|PPP1CC","brown"
"gene-HVCN1|HVCN1","blue"
"gene-LOC116808998|LOC116808998","magenta"
"gene-TCTN1|TCTN1","darkorange2"
"gene-RAD9B|RAD9B","grey"
"gene-PPTC7|PPTC7","green"
"gene-KNTC1|KNTC1","blue"
"gene-VPS29|VPS29","salmon4"
"gene-RSRC2|RSRC2","turquoise"
"gene-LOC121470754|LOC121470754","turquoise"
"gene-ZCCHC8|ZCCHC8","turquoise"
"gene-CLIP1|CLIP1","blue"
"gene-VPS33A|VPS33A","salmon"
"gene-LOC140685140|LOC140685140","mediumpurple3"
"gene-DIABLO|DIABLO","grey60"
"gene-LRRC43|LRRC43","pink"
"gene-B3GNT4|B3GNT4","blue"
"gene-MLXIP|MLXIP","midnightblue"
"gene-CFAP251|CFAP251","midnightblue"
"gene-BCL7A|BCL7A","turquoise"
"gene-PSMD9|PSMD9","purple"
"gene-MORN3|MORN3","grey"
"gene-LOC100218031|LOC100218031","blue"
"gene-KDM2B|KDM2B","blue"
"gene-LOC115497321|LOC115497321","midnightblue"
"gene-RNF34|RNF34","blue"
"gene-ANAPC5|ANAPC5","red"
"gene-RHOF|RHOF","brown"
"gene-HPD|HPD","purple"
"gene-SETD1B|SETD1B","red"
"gene-CAMKK2|CAMKK2","blue"
"gene-P2RX4|P2RX4","grey"
"gene-LOC115497352|LOC115497352","turquoise"
"gene-IFT81|IFT81","black"
"gene-ATP2A2|ATP2A2","red"
"gene-CCDC62|CCDC62","turquoise"
"gene-ANAPC7|ANAPC7","green"
"gene-LOC116809019|LOC116809019","grey"
"gene-ARPC3|ARPC3","blue"
"gene-GPN3|GPN3","ivory"
"gene-DENR|DENR","pink"
"gene-HIP1R|HIP1R","turquoise"
"gene-VPS37B|VPS37B","brown"
"gene-ARL6IP4|ARL6IP4","blue"
"gene-PITPNM2|PITPNM2","blue"
"gene-LOC115497418|LOC115497418","yellow"
"gene-ABCB9|ABCB9","greenyellow"
"gene-OGFOD2|OGFOD2","yellow"
"gene-MPHOSPH9|MPHOSPH9","turquoise"
"gene-CDK2AP1|CDK2AP1","turquoise"
"gene-MTRFR|MTRFR","tan"
"gene-SBNO1|SBNO1","lightcyan"
"gene-RILPL1|RILPL1","brown"
"gene-KMT5A|KMT5A","brown"
"gene-RILPL2|RILPL2","blue"
"gene-SNRNP35|SNRNP35","blue"
"gene-TMED2|TMED2","royalblue"
"gene-DDX55|DDX55","grey60"
"gene-EIF2B1|EIF2B1","grey"
"gene-GTF2H3|GTF2H3","turquoise"
"gene-TCTN2|TCTN2","black"
"gene-ATP6V0A2|ATP6V0A2","red"
"gene-RFLNA|RFLNA","grey"
"gene-CCDC92|CCDC92","darkmagenta"
"gene-SCARB1|SCARB1","yellow"
"gene-NCOR2|NCOR2","green"
"gene-LOC115497404|LOC115497404","grey"
"gene-UBC|UBC","turquoise"
"gene-DHX37|DHX37","greenyellow"
"gene-LOC140685163|LOC140685163","green"
"gene-BRI3BP|BRI3BP","brown"
"gene-LOC140685164|LOC140685164","darkgrey"
"gene-TMEM132B|TMEM132B","brown"
"gene-AACS|AACS","green"
"gene-TMEM132D|TMEM132D","skyblue"
"gene-FZD10|FZD10","white"
"gene-LOC115497443|LOC115497443","tan"
"gene-SLC15A4|SLC15A4","brown"
"gene-GLT1D1|GLT1D1","red"
"gene-LOC115497444|LOC115497444","black"
"gene-RIMBP2|RIMBP2","grey"
"gene-STX2|STX2","blue"
"gene-LOC140685155|LOC140685155","lightcyan"
"gene-ADGRD1|ADGRD1","grey"
"gene-RAN|RAN","salmon"
"gene-SFSWAP|SFSWAP","turquoise"
"gene-LOC101234054|LOC101234054","black"
"gene-MMP17|MMP17","thistle2"
"gene-LOC140685157|LOC140685157","red"
"gene-LOC121469060|LOC121469060","blue"
"gene-LOC100229898|LOC100229898","yellow"
"gene-LOC115491915|LOC115491915","grey"
"gene-LOC140685191|LOC140685191","darkgrey"
"gene-LOC115491911|LOC115491911","turquoise"
"gene-SNRPA|SNRPA","blue"
"gene-LOC140685189|LOC140685189","turquoise"
"gene-LOC115491912|LOC115491912","yellow"
"gene-LOC140685188|LOC140685188","turquoise"
"gene-LOC140685204|LOC140685204","plum1"
"gene-LOC140685203|LOC140685203","grey"
"gene-LOC140685202|LOC140685202","plum1"
"gene-LOC121468893|LOC121468893","turquoise"
"gene-LOC116807405|LOC116807405","plum1"
"gene-LOC121469005|LOC121469005","blue"
"gene-LOC101234064|LOC101234064","turquoise"
"gene-LOC121470816|LOC121470816","blue"
"gene-LOC121470792|LOC121470792","red"
"gene-MAPK7|MAPK7","magenta"
"gene-LOC121470821|LOC121470821","turquoise"
"gene-LOC121470790|LOC121470790","pink"
"gene-LOC140685198|LOC140685198","greenyellow"
"gene-LOC121470818|LOC121470818","turquoise"
"gene-LOC121470833|LOC121470833","turquoise"
"gene-TAOK2|TAOK2","turquoise"
"gene-LOC140685193|LOC140685193","darkred"
"gene-VKORC1|VKORC1","yellow"
"gene-LOC140685194|LOC140685194","mediumpurple3"
"gene-LOC140685195|LOC140685195","blue"
"gene-LOC121470800|LOC121470800","turquoise"
"gene-TBRG1|TBRG1","darkgrey"
"gene-TLCD3B|TLCD3B","pink"
"gene-LOC140685187|LOC140685187","tan"
"gene-ALDOA|ALDOA","brown"
"gene-PPP4C|PPP4C","brown"
"gene-SRCAP|SRCAP","white"
"gene-RNF40|RNF40","brown"
"gene-RUSF1|RUSF1","brown4"
"gene-LOC140685170|LOC140685170","red"
"gene-ARMC5|ARMC5","turquoise"
"gene-NOP9|NOP9","red"
"gene-KAT8|KAT8","purple"
"gene-PRSS8|PRSS8","tan"
"gene-FUS|FUS","turquoise"
"gene-LOC140685196|LOC140685196","magenta"
"gene-BCKDK|BCKDK","yellow"
"gene-PAGR1|PAGR1","white"
"gene-HIRIP3|HIRIP3","turquoise"
"gene-INO80E|INO80E","brown"
"gene-EIF3CL|EIF3CL","salmon"
"gene-PRODH2|PRODH2","tan"
"gene-MAZ|MAZ","darkred"
"gene-CLN3|CLN3","red"
"gene-SGF29|SGF29","midnightblue"
"gene-SLX1B|SLX1B","grey"
"gene-BOLA2B|BOLA2B","turquoise"
"gene-LOC121470834|LOC121470834","palevioletred3"
"gene-CDIPT|CDIPT","brown4"
"gene-SPNS1|SPNS1","purple"
"gene-LOC140685183|LOC140685183","grey"
"gene-ELOB|ELOB","yellow"
"gene-MFAP4|MFAP4","yellow"
"gene-ATP2A1|ATP2A1","ivory"
"gene-HSD3B7|HSD3B7","brown"
"gene-TACO1|TACO1","yellow"
"gene-TUFM|TUFM","brown"
"gene-THOC6|THOC6","turquoise"
"gene-CD2BP2|CD2BP2","turquoise"
"gene-LOC121471138|LOC121471138","turquoise"
"gene-LOC140685184|LOC140685184","cyan"
"gene-LOC140685185|LOC140685185","midnightblue"
"gene-LOC140685200|LOC140685200","tan"
"gene-LOC100229165|LOC100229165","grey"
"gene-SAPCD2|SAPCD2","blue"
"gene-MAN1B1|MAN1B1","brown"
"gene-LOC115497538|LOC115497538","turquoise"
"gene-LOC116809027|LOC116809027","tan"
"gene-DPP7|DPP7","green"
"gene-UAP1L1|UAP1L1","green"
"gene-CLIC3|CLIC3","grey"
"gene-TMEM141|TMEM141","yellow"
"gene-ENTPD2|ENTPD2","lightgreen"
"gene-LOC140685235|LOC140685235","lightgreen"
"gene-PAXX|PAXX","turquoise"
"gene-FUT7|FUT7","blue"
"gene-LOC100228280|LOC100228280","salmon"
"gene-ABCA2|ABCA2","orange"
"gene-NPDC1|NPDC1","blue"
"gene-LOC100232025|LOC100232025","blue"
"gene-LOC115497556|LOC115497556","blue"
"gene-LOC100218607|LOC100218607","blue"
"gene-C8G|C8G","grey60"
"gene-FBXW5|FBXW5","pink"
"gene-TRAF2|TRAF2","blue"
"gene-MAMDC4|MAMDC4","greenyellow"
"gene-EDF1|EDF1","yellow"
"gene-AJM1|AJM1","cyan"
"gene-PHPT1|PHPT1","yellow"
"gene-LOC140685210|LOC140685210","grey"
"gene-TMEM203|TMEM203","yellow"
"gene-NDOR1|NDOR1","magenta"
"gene-RNF208|RNF208","yellow"
"gene-LOC105758784|LOC105758784","brown"
"gene-LOC116809049|LOC116809049","yellowgreen"
"gene-LRRC26|LRRC26","tan"
"gene-GRIN1|GRIN1","white"
"gene-EXD3|EXD3","greenyellow"
"gene-NOXA1|NOXA1","salmon"
"gene-LOC100229162|LOC100229162","salmon"
"gene-LOC105760940|LOC105760940","blue"
"gene-RABL6|RABL6","turquoise"
"gene-AMBP|AMBP","yellow"
"gene-NRARP|NRARP","tan"
"gene-ENTPD8|ENTPD8","blue"
"gene-ZNF618|ZNF618","black"
"gene-RGS3|RGS3","greenyellow"
"gene-POLE3|POLE3","black"
"gene-ALAD|ALAD","green"
"gene-HDHD3|HDHD3","pink"
"gene-NSMF|NSMF","blue"
"gene-LOC115497543|LOC115497543","blue"
"gene-ANAPC2|ANAPC2","bisque4"
"gene-WDR31|WDR31","grey"
"gene-PRPF4|PRPF4","turquoise"
"gene-CDC26|CDC26","grey"
"gene-FKBP15|FKBP15","brown"
"gene-LRSAM1|LRSAM1","yellow"
"gene-PNPLA7|PNPLA7","brown"
"gene-BSPRY|BSPRY","yellow"
"gene-SLC31A1|SLC31A1","brown"
"gene-RPL12|RPL12","pink"
"gene-LOC115497604|LOC115497604","grey"
"gene-ZMYND19|ZMYND19","turquoise"
"gene-DPH7|DPH7","green"
"gene-MRPL41|MRPL41","yellow"
"gene-TOR4A|TOR4A","blue"
"gene-LOC115497551|LOC115497551","brown"
"gene-LOC115497571|LOC115497571","blue"
"gene-CIMIP2A|CIMIP2A","turquoise"
"gene-TUBB4B|TUBB4B","darkgrey"
"gene-NELFB|NELFB","brown"
"gene-LOC115490557|LOC115490557","darkturquoise"
"gene-ARRDC1|ARRDC1","brown"
"gene-EHMT1|EHMT1","lightyellow"
"gene-LOC105760944|LOC105760944","blue"
"gene-CACNA1B|CACNA1B","darkorange"
"gene-NIBAN2|NIBAN2","salmon"
"gene-SLC31A2|SLC31A2","blue"
"gene-LOC140685212|LOC140685212","blue"
"gene-STXBP1|STXBP1","blue"
"gene-AKNA|AKNA","blue"
"gene-TMEM268|TMEM268","blue"
"gene-WHRN|WHRN","lightsteelblue1"
"gene-ATP6V1G1|ATP6V1G1","darkgreen"
"gene-LOC115497561|LOC115497561","blue"
"gene-TNFSF15|TNFSF15","blue"
"gene-TNFSF8|TNFSF8","brown"
"gene-TNC|TNC","brown"
"gene-PAPPA|PAPPA","grey"
"gene-ASTN2|ASTN2","salmon"
"gene-TRIM32|TRIM32","grey"
"gene-TLR4|TLR4","blue"
"gene-BRINP1|BRINP1","pink"
"gene-CDK5RAP2|CDK5RAP2","blue"
"gene-MEGF9|MEGF9","green"
"gene-COL27A1|COL27A1","lightcyan"
"gene-SLC25A25|SLC25A25","lightyellow"
"gene-LOC115497572|LOC115497572","grey60"
"gene-NAIF1|NAIF1","darkgreen"
"gene-EEIG1|EEIG1","turquoise"
"gene-DPM2|DPM2","grey60"
"gene-ST6GALNAC4|ST6GALNAC4","salmon"
"gene-ST6GALNAC6|ST6GALNAC6","salmon"
"gene-AK1|AK1","greenyellow"
"gene-SH2D3C|SH2D3C","blue"
"gene-ENG|ENG","salmon"
"gene-FPGS|FPGS","magenta"
"gene-CDK9|CDK9","magenta"
"gene-CERCAM|CERCAM","blue"
"gene-TOR2A|TOR2A","green"
"gene-PTRH1|PTRH1","darkgreen"
"gene-URM1|URM1","pink"
"gene-SLC27A4|SLC27A4","brown"
"gene-GOLGA2|GOLGA2","red"
"gene-DNM1|DNM1","purple"
"gene-COQ4|COQ4","magenta"
"gene-LOC140685237|LOC140685237","darkred"
"gene-TRUB2|TRUB2","black"
"gene-SWI5|SWI5","yellowgreen"
"gene-CIZ1|CIZ1","blue"
"gene-BBLN|BBLN","red"
"gene-PTGES2|PTGES2","purple"
"gene-ODF2|ODF2","grey"
"gene-GLE1|GLE1","royalblue"
"gene-SPTAN1|SPTAN1","darkmagenta"
"gene-DYNC2I2|DYNC2I2","red"
"gene-PKN3|PKN3","blue"
"gene-SET|SET","blue"
"gene-ZDHHC12|ZDHHC12","brown"
"gene-LOC121470857|LOC121470857","mediumpurple3"
"gene-ZER1|ZER1","brown"
"gene-TBC1D13|TBC1D13","cyan"
"gene-KYAT1|KYAT1","magenta"
"gene-ENDOG|ENDOG","brown4"
"gene-SPOUT1|SPOUT1","grey60"
"gene-PHYHD1|PHYHD1","darkturquoise"
"gene-SH3GLB2|SH3GLB2","turquoise"
"gene-LRRC8A|LRRC8A","brown"
"gene-DOLK|DOLK","red"
"gene-NUP188|NUP188","blue"
"gene-MIGA2|MIGA2","brown"
"gene-DOLPP1|DOLPP1","green"
"gene-CRAT|CRAT","darkmagenta"
"gene-PTPA|PTPA","brown"
"gene-IER5L|IER5L","blue"
"gene-PTGES|PTGES","darkorange"
"gene-LOC115497566|LOC115497566","blue"
"gene-NTMT1|NTMT1","yellow"
"gene-ASB6|ASB6","red"
"gene-FNBP1|FNBP1","blue"
"gene-TOR1B|TOR1B","darkorange"
"gene-LOC100230113|LOC100230113","brown"
"gene-C17H9orf78|C17H9orf78","magenta"
"gene-USP20|USP20","blue"
"gene-GPR107|GPR107","black"
"gene-NCS1|NCS1","blue"
"gene-ASS1|ASS1","blue"
"gene-FUBP3|FUBP3","green"
"gene-PRDM12|PRDM12","turquoise"
"gene-EXOSC2|EXOSC2","red"
"gene-LOC115497558|LOC115497558","floralwhite"
"gene-ABL1|ABL1","black"
"gene-LAMC3|LAMC3","magenta"
"gene-AIF1L|AIF1L","blue"
"gene-NUP214|NUP214","black"
"gene-FAM78A|FAM78A","blue"
"gene-PLPP7|PLPP7","blue"
"gene-PRRC2B|PRRC2B","black"
"gene-POMT1|POMT1","red"
"gene-UCK1|UCK1","brown"
"gene-RAPGEF1|RAPGEF1","brown"
"gene-PRRT1B|PRRT1B","green"
"gene-MED27|MED27","grey"
"gene-NTNG2|NTNG2","brown"
"gene-SETX|SETX","black"
"gene-TTF1|TTF1","black"
"gene-AK8|AK8","darkgreen"
"gene-SPACA9|SPACA9","turquoise"
"gene-GTF3C4|GTF3C4","grey"
"gene-DDX31|DDX31","grey"
"gene-GFI1B|GFI1B","lightcyan"
"gene-TSC1|TSC1","darkmagenta"
"gene-GBGT1|GBGT1","grey"
"gene-GTF3C5|GTF3C5","palevioletred3"
"gene-RALGDS|RALGDS","blue"
"gene-ADAMTSL2|ADAMTSL2","blue"
"gene-STKLD1|STKLD1","darkorange2"
"gene-SURF6|SURF6","turquoise"
"gene-MED22|MED22","grey"
"gene-RPL7A|RPL7A","pink"
"gene-LOC115497596|LOC115497596","grey"
"gene-SURF1|SURF1","blue"
"gene-SURF2|SURF2","turquoise"
"gene-SURF4|SURF4","brown"
"gene-REXO4|REXO4","grey60"
"gene-ADAMTS13|ADAMTS13","red"
"gene-CACFD1|CACFD1","red"
"gene-SLC2A6|SLC2A6","blue"
"gene-BRD3OS|BRD3OS","grey"
"gene-VAV2|VAV2","brown"
"gene-DBH|DBH","red"
"gene-SARDH|SARDH","green"
"gene-LOC115497562|LOC115497562","magenta"
"gene-BRD3|BRD3","lightcyan"
"gene-WDR5|WDR5","brown"
"gene-RXRA|RXRA","purple"
"gene-COL5A1|COL5A1","salmon"
"gene-OLFM1|OLFM1","cyan"
"gene-PPP1R26|PPP1R26","brown"
"gene-PIERCE1|PIERCE1","darkred"
"gene-MRPS2|MRPS2","pink"
"gene-LOC105760973|LOC105760973","tan"
"gene-LOC115497597|LOC115497597","ivory"
"gene-DIPK1B|DIPK1B","salmon"
"gene-AGPAT2|AGPAT2","green"
"gene-EGFL7|EGFL7","turquoise"
"gene-NOTCH1|NOTCH1","blue"
"gene-SEC16A|SEC16A","royalblue"
"gene-INPP5E|INPP5E","grey"
"gene-PMPCA|PMPCA","green"
"gene-ENTR1|ENTR1","pink"
"gene-SNAPC4|SNAPC4","turquoise"
"gene-CARD9|CARD9","blue"
"gene-DNLZ|DNLZ","magenta"
"gene-GPSM1|GPSM1","blue"
"gene-QSOX2|QSOX2","brown"
"gene-TMEM250|TMEM250","pink"
"gene-NACC2|NACC2","blue"
"gene-LOC140685208|LOC140685208","pink"
"gene-UBAC1|UBAC1","green"
"gene-CAMSAP1|CAMSAP1","midnightblue"
"gene-KCNT1|KCNT1","skyblue3"
"gene-B3GALT9|B3GALT9","grey"
"gene-PSMD5|PSMD5","brown"
"gene-LOC100225027|LOC100225027","floralwhite"
"gene-PHF19|PHF19","blue"
"gene-TRAF1|TRAF1","turquoise"
"gene-C5|C5","red"
"gene-CNTRL|CNTRL","red"
"gene-RAB14|RAB14","green"
"gene-GSN|GSN","tan"
"gene-STOM|STOM","greenyellow"
"gene-DAB2IP|DAB2IP","brown"
"gene-LOC116809032|LOC116809032","grey"
"gene-TTLL11|TTLL11","plum2"
"gene-LOC115497554|LOC115497554","pink"
"gene-LOC115497553|LOC115497553","greenyellow"
"gene-MORN5|MORN5","darkgreen"
"gene-LHX6|LHX6","salmon"
"gene-NDUFA8|NDUFA8","yellow"
"gene-MRRF|MRRF","magenta"
"gene-RBM18|RBM18","salmon"
"gene-PTGS1|PTGS1","lightsteelblue1"
"gene-PDCL|PDCL","greenyellow"
"gene-RC3H2|RC3H2","darkslateblue"
"gene-RABGAP1|RABGAP1","black"
"gene-ZBTB6|ZBTB6","red"
"gene-ZBTB26|ZBTB26","darkred"
"gene-GPR21|GPR21","black"
"gene-STRBP|STRBP","darkolivegreen"
"gene-LHX2|LHX2","grey"
"gene-LOC140685221|LOC140685221","cyan"
"gene-DENND1A|DENND1A","black"
"gene-CRB2|CRB2","lightcyan"
"gene-NR6A1|NR6A1","grey"
"gene-LOC140685209|LOC140685209","grey"
"gene-NEK6|NEK6","brown"
"gene-PSMB7|PSMB7","yellow"
"gene-OLFML2A|OLFML2A","green"
"gene-RPL35|RPL35","pink"
"gene-SCAI|SCAI","turquoise"
"gene-LOC116809029|LOC116809029","grey"
"gene-GAPVD1|GAPVD1","darkgrey"
"gene-GOLGA1|GOLGA1","black"
"gene-ARPC5L|ARPC5L","pink"
"gene-PPP6C|PPP6C","yellow"
"gene-RABEPK|RABEPK","pink"
"gene-HSPA5|HSPA5","red"
"gene-MAPKAP1|MAPKAP1","brown"
"gene-PBX3|PBX3","grey60"
"gene-LOC116809045|LOC116809045","turquoise"
"gene-MVB12B|MVB12B","lightyellow"
"gene-LMX1B|LMX1B","turquoise"
"gene-ZBTB43|ZBTB43","darkslateblue"
"gene-ZBTB34|ZBTB34","turquoise"
"gene-RALGPS1|RALGPS1","grey"
"gene-ANGPTL2|ANGPTL2","grey"
"gene-LOC100228858|LOC100228858","green"
"gene-FBXW2|FBXW2","yellow"
"gene-LOC115497592|LOC115497592","turquoise"
"gene-GARNL3|GARNL3","turquoise"
"gene-MAP2K6|MAP2K6","magenta"
"gene-KCNJ16|KCNJ16","steelblue"
"gene-KCNJ2|KCNJ2","blue"
"gene-LOC121470875|LOC121470875","red"
"gene-LOC140685256|LOC140685256","turquoise"
"gene-SOX9|SOX9","red"
"gene-SSTR2|SSTR2","magenta"
"gene-SLC39A11|SLC39A11","red"
"gene-COG1|COG1","magenta"
"gene-VCF1|VCF1","pink"
"gene-MTNAP1|MTNAP1","turquoise"
"gene-CPSF4L|CPSF4L","darkgreen"
"gene-CDC42EP4|CDC42EP4","yellow"
"gene-RPL38|RPL38","pink"
"gene-BTBD17|BTBD17","yellow"
"gene-DNAI2|DNAI2","cyan"
"gene-TTYH2|TTYH2","blue"
"gene-GPRC5C|GPRC5C","darkgrey"
"gene-CCDC137|CCDC137","turquoise"
"gene-PDE6G|PDE6G","grey60"
"gene-NPLOC4|NPLOC4","saddlebrown"
"gene-FAAP100|FAAP100","grey"
"gene-FSCN2|FSCN2","grey"
"gene-ACTG1|ACTG1","greenyellow"
"gene-LOC121470889|LOC121470889","darkred"
"gene-BAHCC1|BAHCC1","turquoise"
"gene-TEPSIN|TEPSIN","turquoise"
"gene-CEP131|CEP131","turquoise"
"gene-SLC38A10|SLC38A10","brown"
"gene-NDUFAF8|NDUFAF8","grey60"
"gene-AATK|AATK","blue"
"gene-BAIAP2|BAIAP2","magenta"
"gene-CHMP6|CHMP6","blue"
"gene-NPTX1|NPTX1","grey"
"gene-RPTOR|RPTOR","brown"
"gene-RNF213|RNF213","darkorange"
"gene-CCDC40|CCDC40","turquoise"
"gene-ENDOV|ENDOV","turquoise"
"gene-SLC26A11|SLC26A11","turquoise"
"gene-SGSH|SGSH","yellow"
"gene-GAA|GAA","grey60"
"gene-TBC1D16|TBC1D16","darkturquoise"
"gene-LOC121470872|LOC121470872","red"
"gene-CBX4|CBX4","turquoise"
"gene-CBX8|CBX8","turquoise"
"gene-RBFOX3|RBFOX3","blue"
"gene-ENGASE|ENGASE","pink"
"gene-USP36|USP36","grey"
"gene-C1QTNF1|C1QTNF1","pink"
"gene-CANT1|CANT1","grey"
"gene-TIMP2|TIMP2","blue"
"gene-CYTH1|CYTH1","blue"
"gene-SOCS3|SOCS3","blue"
"gene-DNAH17|DNAH17","lightgreen"
"gene-PGS1|PGS1","grey"
"gene-LOC115497647|LOC115497647","turquoise"
"gene-AFMID|AFMID","green"
"gene-TK1|TK1","blue"
"gene-SYNGR2|SYNGR2","salmon"
"gene-TMC6|TMC6","midnightblue"
"gene-HGS|HGS","brown4"
"gene-MRPL12|MRPL12","yellow"
"gene-SLC25A10|SLC25A10","green"
"gene-GCGR|GCGR","greenyellow"
"gene-ARHGDIA|ARHGDIA","brown"
"gene-P4HB|P4HB","brown"
"gene-ALYREF|ALYREF","blue"
"gene-ANAPC11|ANAPC11","yellow"
"gene-PCYT2|PCYT2","yellow"
"gene-SIRT7|SIRT7","turquoise"
"gene-MAFG|MAFG","yellow"
"gene-PYCR1|PYCR1","grey"
"gene-ASPSCR1|ASPSCR1","red"
"gene-NOTUM|NOTUM","midnightblue"
"gene-CENPX|CENPX","grey"
"gene-LRRC45|LRRC45","plum1"
"gene-RAC3|RAC3","purple"
"gene-DCXR|DCXR","magenta"
"gene-RFNG|RFNG","brown"
"gene-GPS1|GPS1","brown"
"gene-DUS1L|DUS1L","turquoise"
"gene-ABCA5|ABCA5","grey"
"gene-LOC100223114|LOC100223114","purple"
"gene-LOC115497648|LOC115497648","red"
"gene-LOC140685244|LOC140685244","darkolivegreen"
"gene-LOC115497666|LOC115497666","turquoise"
"gene-FAM20A|FAM20A","brown4"
"gene-PRKAR1A|PRKAR1A","green"
"gene-LOC115497667|LOC115497667","grey"
"gene-CCDC57|CCDC57","salmon4"
"gene-FASN|FASN","green"
"gene-LOC140685249|LOC140685249","yellow"
"gene-LOC140685250|LOC140685250","darkmagenta"
"gene-SLC16A3|SLC16A3","blue"
"gene-CSNK1D|CSNK1D","turquoise"
"gene-WIPI1|WIPI1","purple"
"gene-ARSG|ARSG","lavenderblush3"
"gene-SLC16A6|SLC16A6","red"
"gene-GNA13|GNA13","brown"
"gene-RGS9|RGS9","blue"
"gene-PRKCA|PRKCA","green"
"gene-HELZ|HELZ","black"
"gene-LOC115497653|LOC115497653","cyan"
"gene-PSMD12|PSMD12","grey"
"gene-AXIN2|AXIN2","turquoise"
"gene-CEP112|CEP112","black"
"gene-APOH|APOH","green"
"gene-PITPNC1|PITPNC1","paleturquoise"
"gene-NOL11|NOL11","blue"
"gene-C18H17orf58|C18H17orf58","magenta"
"gene-BPTF|BPTF","brown"
"gene-LOC140685252|LOC140685252","turquoise"
"gene-KPNA2|KPNA2","blue"
"gene-CEP95|CEP95","green"
"gene-SMURF2|SMURF2","green"
"gene-LOC116809059|LOC116809059","grey"
"gene-TEX2|TEX2","green"
"gene-LOC140685251|LOC140685251","midnightblue"
"gene-MILR1|MILR1","blue"
"gene-PECAM1|PECAM1","blue"
"gene-DDX5|DDX5","turquoise"
"gene-POLG2|POLG2","turquoise"
"gene-C18H17orf75|C18H17orf75","red"
"gene-RHBDL3|RHBDL3","grey"
"gene-LOC100229802|LOC100229802","blue"
"gene-ZNF207|ZNF207","turquoise"
"gene-ERN1|ERN1","turquoise"
"gene-RHOT1|RHOT1","green"
"gene-RNF135|RNF135","paleturquoise"
"gene-ADAP2|ADAP2","blue"
"gene-CRLF3|CRLF3","brown"
"gene-ATAD5|ATAD5","blue"
"gene-SUZ12|SUZ12","turquoise"
"gene-LOC140685266|LOC140685266","grey"
"gene-UTP6|UTP6","yellow"
"gene-LOC140685282|LOC140685282","green"
"gene-COX10|COX10","brown"
"gene-LOC100232659|LOC100232659","purple"
"gene-PMP22|PMP22","blue"
"gene-TEKT3|TEKT3","lightcyan"
"gene-LOC100227898|LOC100227898","turquoise"
"gene-LOC100222099|LOC100222099","lightyellow"
"gene-LOC100219254|LOC100219254","lightyellow"
"gene-ARHGAP44|ARHGAP44","cyan"
"gene-USP43|USP43","pink"
"gene-PIK3R6|PIK3R6","yellowgreen"
"gene-PIK3R5|PIK3R5","blue"
"gene-STX8|STX8","grey60"
"gene-MYH10|MYH10","green"
"gene-NDEL1|NDEL1","black"
"gene-SHISA6|SHISA6","darkred"
"gene-ELAC2|ELAC2","purple"
"gene-MYOCD|MYOCD","steelblue"
"gene-MAP2K4|MAP2K4","magenta"
"gene-LOC100226551|LOC100226551","turquoise"
"gene-TMEM220|TMEM220","grey"
"gene-ADPRM|ADPRM","grey60"
"gene-SCO1|SCO1","yellow"
"gene-GAS7|GAS7","blue"
"gene-GLP2R|GLP2R","grey"
"gene-DHRS7C|DHRS7C","darkred"
"gene-BLOC1S3|BLOC1S3","turquoise"
"gene-CCDC61|CCDC61","turquoise"
"gene-LOC100225609|LOC100225609","grey"
"gene-B3GNTL1|B3GNTL1","grey"
"gene-LOC100232358|LOC100232358","magenta"
"gene-METRNL|METRNL","blue"
"gene-TBCD|TBCD","blue"
"gene-ZNF750|ZNF750","skyblue"
"gene-FN3K|FN3K","purple"
"gene-WDR45B|WDR45B","brown"
"gene-LOC140685273|LOC140685273","red"
"gene-FOXK2|FOXK2","grey"
"gene-NARF|NARF","lightcyan1"
"gene-HEXD|HEXD","blue"
"gene-CYBC1|CYBC1","brown"
"gene-OGFOD3|OGFOD3","violet"
"gene-LOC101233381|LOC101233381","blue"
"gene-CD7|CD7","blue"
"gene-SEPTIN9|SEPTIN9","brown"
"gene-TNRC6C|TNRC6C","blue"
"gene-SEC14L1|SEC14L1","salmon"
"gene-LOC115497651|LOC115497651","grey"
"gene-MIR2978|MIR2978","turquoise"
"gene-MFSD11|MFSD11","red"
"gene-MXRA7|MXRA7","steelblue"
"gene-ST6GALNAC1|ST6GALNAC1","turquoise"
"gene-SRSF2|SRSF2","turquoise"
"gene-METTL23|METTL23","turquoise"
"gene-JMJD6|JMJD6","darkgrey"
"gene-ST6GALNAC2|ST6GALNAC2","maroon"
"gene-LOC105760995|LOC105760995","turquoise"
"gene-CYGB|CYGB","greenyellow"
"gene-AANAT|AANAT","grey60"
"gene-RHBDF2|RHBDF2","blue"
"gene-LOC140685265|LOC140685265","grey"
"gene-UBE2O|UBE2O","purple"
"gene-SPHK1|SPHK1","salmon"
"gene-PRPSAP1|PRPSAP1","maroon"
"gene-LOC115497642|LOC115497642","turquoise"
"gene-LOC101233767|LOC101233767","yellowgreen"
"gene-UBALD2|UBALD2","red"
"gene-RNF157|RNF157","blue"
"gene-FOXJ1|FOXJ1","midnightblue"
"gene-GALR2|GALR2","lightyellow"
"gene-EXOC7|EXOC7","darkgreen"
"gene-EVPL|EVPL","steelblue"
"gene-SRP68|SRP68","brown"
"gene-CDK3|CDK3","tan"
"gene-TEN1|TEN1","red"
"gene-ACOX1|ACOX1","yellow"
"gene-MRPL38|MRPL38","purple"
"gene-TRIM65|TRIM65","darkorange"
"gene-TRIM47|TRIM47","blue"
"gene-WBP2|WBP2","black"
"gene-UNC13D|UNC13D","blue"
"gene-UNK|UNK","turquoise"
"gene-LOC115497621|LOC115497621","skyblue"
"gene-H3-3B|H3-3B","red"
"gene-GALK1|GALK1","turquoise"
"gene-ITGB4|ITGB4","grey"
"gene-RECQL5|RECQL5","brown"
"gene-SMIM5|SMIM5","tan"
"gene-MYO15B|MYO15B","cyan"
"gene-SAP30BP|SAP30BP","purple"
"gene-LLGL2|LLGL2","green"
"gene-TSEN54|TSEN54","turquoise"
"gene-RAB37|RAB37","midnightblue"
"gene-LOC105760998|LOC105760998","blue"
"gene-LOC121470882|LOC121470882","thistle1"
"gene-XYLT2|XYLT2","green"
"gene-LOC115497694|LOC115497694","darkred"
"gene-EME1|EME1","blue"
"gene-MRPL27|MRPL27","pink"
"gene-LRRC59|LRRC59","yellow"
"gene-CASKIN2|CASKIN2","magenta"
"gene-TMEM94|TMEM94","brown"
"gene-USH1G|USH1G","grey"
"gene-FDXR|FDXR","brown"
"gene-GRB2|GRB2","brown"
"gene-SLC25A19|SLC25A19","green"
"gene-MIF4GD|MIF4GD","brown"
"gene-MRPS7|MRPS7","yellow"
"gene-GGA3|GGA3","bisque4"
"gene-NUP85|NUP85","paleturquoise"
"gene-SUMO2|SUMO2","salmon"
"gene-JPT1|JPT1","yellow"
"gene-ARMC7|ARMC7","grey"
"gene-SLC16A5|SLC16A5","salmon"
"gene-KCTD2|KCTD2","brown"
"gene-ATP5PD|ATP5PD","yellow"
"gene-LOC105760997|LOC105760997","cyan"
"gene-MRPL58|MRPL58","yellow"
"gene-CDR2L|CDR2L","black"
"gene-HID1|HID1","brown"
"gene-OTOP2|OTOP2","skyblue3"
"gene-TMEM104|TMEM104","black"
"gene-NAT9|NAT9","green"
"gene-NHERF1|NHERF1","yellow"
"gene-CHAD|CHAD","grey"
"gene-ACSF2|ACSF2","yellow"
"gene-LOC115497695|LOC115497695","blue"
"gene-SPATA20|SPATA20","darkolivegreen"
"gene-RSAD1|RSAD1","turquoise"
"gene-MYCBPAP|MYCBPAP","black"
"gene-LOC115497696|LOC115497696","black"
"gene-EPN3|EPN3","green"
"gene-ABCC3|ABCC3","blue"
"gene-ANKRD40|ANKRD40","purple"
"gene-LUC7L3|LUC7L3","turquoise"
"gene-LOC100218804|LOC100218804","sienna3"
"gene-WFIKKN2|WFIKKN2","turquoise"
"gene-LOC140685254|LOC140685254","royalblue"
"gene-TOB1|TOB1","magenta"
"gene-NME1|NME1","plum2"
"gene-SPAG9|SPAG9","brown"
"gene-NME2|NME2","yellow"
"gene-MBTD1|MBTD1","turquoise"
"gene-LOC101233957|LOC101233957","turquoise"
"gene-UTP18|UTP18","turquoise"
"gene-CA10|CA10","grey"
"gene-TOM1L1|TOM1L1","floralwhite"
"gene-LOC115497613|LOC115497613","turquoise"
"gene-STXBP4|STXBP4","white"
"gene-HLF|HLF","green"
"gene-LOC115497649|LOC115497649","turquoise"
"gene-TMEM100|TMEM100","brown"
"gene-PCTP|PCTP","blue"
"gene-NOG|NOG","red"
"gene-MMD|MMD","yellow"
"gene-LOC140685280|LOC140685280","red"
"gene-DGKE|DGKE","brown"
"gene-LOC100224576|LOC100224576","grey"
"gene-TRIM25|TRIM25","darkorange"
"gene-COIL|COIL","plum1"
"gene-SCPEP1|SCPEP1","brown"
"gene-RAB11FIP4|RAB11FIP4","lightcyan"
"gene-LOC116809055|LOC116809055","turquoise"
"gene-MIR365-2|MIR365-2","turquoise"
"gene-LOC140685272|LOC140685272","royalblue"
"gene-LOC115495198|LOC115495198","white"
"gene-COPRS|COPRS","darkred"
"gene-LOC115497663|LOC115497663","purple"
"gene-SMTNL2|SMTNL2","royalblue"
"gene-TEKT1|TEKT1","blue"
"gene-LOC100223320|LOC100223320","steelblue"
"gene-LOC115497794|LOC115497794","blue"
"gene-LOC140680309|LOC140680309","blue"
"gene-PIMREG|PIMREG","blue"
"gene-PITPNM3|PITPNM3","red"
"gene-KIAA0753|KIAA0753","turquoise"
"gene-TXNDC17|TXNDC17","yellow"
"gene-MED31|MED31","darkgreen"
"gene-CCDC92B|CCDC92B","grey60"
"gene-RAP1GAP2|RAP1GAP2","darkorange"
"gene-LOC121470927|LOC121470927","grey"
"gene-CLUH|CLUH","green"
"gene-LOC116809158|LOC116809158","orangered4"
"gene-PAFAH1B1|PAFAH1B1","brown"
"gene-MNT|MNT","mediumpurple3"
"gene-SGSM2|SGSM2","yellow"
"gene-TNFAIP1|TNFAIP1","brown"
"gene-IFT20|IFT20","yellow"
"gene-TMEM97|TMEM97","greenyellow"
"gene-NLK|NLK","turquoise"
"gene-NOS2|NOS2","turquoise"
"gene-LYRM9|LYRM9","grey"
"gene-KSR1|KSR1","blue"
"gene-LOC121470921|LOC121470921","red"
"gene-WSB1|WSB1","turquoise"
"gene-NF1|NF1","tan"
"gene-OMG|OMG","blue"
"gene-EVI2B|EVI2B","blue"
"gene-EVI2A|EVI2A","blue"
"gene-LOC121470916|LOC121470916","turquoise"
"gene-AKAP1|AKAP1","brown"
"gene-MSI2|MSI2","darkmagenta"
"gene-MRPS23|MRPS23","yellow"
"gene-LOC121470935|LOC121470935","cyan"
"gene-CUEDC1|CUEDC1","turquoise"
"gene-VEZF1|VEZF1","greenyellow"
"gene-SRSF1|SRSF1","turquoise"
"gene-DYNLL2|DYNLL2","greenyellow"
"gene-HEATR6|HEATR6","black"
"gene-HNF1B|HNF1B","yellow"
"gene-DDX52|DDX52","grey"
"gene-DUSP14|DUSP14","darkturquoise"
"gene-SYNRG|SYNRG","brown"
"gene-LHX1|LHX1","red"
"gene-MRM1|MRM1","magenta"
"gene-TADA2A|TADA2A","greenyellow"
"gene-ACACA|ACACA","green"
"gene-AATF|AATF","brown"
"gene-PIGW|PIGW","grey"
"gene-GGNBP2|GGNBP2","turquoise"
"gene-MYO19|MYO19","darkmagenta"
"gene-ZNHIT3|ZNHIT3","turquoise"
"gene-LOC115497772|LOC115497772","purple"
"gene-CA4|CA4","tan"
"gene-USP32|USP32","royalblue"
"gene-APPBP2|APPBP2","brown"
"gene-PPM1D|PPM1D","greenyellow"
"gene-LOC115497718|LOC115497718","cyan"
"gene-BCAS3|BCAS3","purple"
"gene-LOC140680295|LOC140680295","magenta"
"gene-TBX2|TBX2","skyblue3"
"gene-TBX4|TBX4","turquoise"
"gene-BRIP1|BRIP1","black"
"gene-INTS2|INTS2","red"
"gene-MED13|MED13","turquoise"
"gene-LOC105758514|LOC105758514","purple"
"gene-RNFT1|RNFT1","yellow"
"gene-RPS6KB1|RPS6KB1","green"
"gene-TUBD1|TUBD1","yellow"
"gene-VMP1|VMP1","purple"
"gene-LOC121470914|LOC121470914","black"
"gene-PTRH2|PTRH2","pink"
"gene-DHX40|DHX40","red"
"gene-CLTC|CLTC","brown"
"gene-YPEL2|YPEL2","turquoise"
"gene-GDPD1|GDPD1","blue"
"gene-SMG8|SMG8","brown"
"gene-PRR11|PRR11","blue"
"gene-SKA2|SKA2","red"
"gene-PPM1E|PPM1E","green"
"gene-RAD51C|RAD51C","salmon"
"gene-TRIM37|TRIM37","grey"
"gene-TEX14|TEX14","turquoise"
"gene-LOC115497843|LOC115497843","turquoise"
"gene-LOC115497831|LOC115497831","pink"
"gene-LOC115497844|LOC115497844","blue"
"gene-DOC2B|DOC2B","green"
"gene-RPH3AL|RPH3AL","blue"
"gene-RFLNB|RFLNB","steelblue"
"gene-VPS53|VPS53","brown"
"gene-TLCD3A|TLCD3A","black"
"gene-GEMIN4|GEMIN4","royalblue"
"gene-GLOD4|GLOD4","saddlebrown"
"gene-MRM3|MRM3","turquoise"
"gene-NXN|NXN","green"
"gene-LOC100220385|LOC100220385","greenyellow"
"gene-LOC100223273|LOC100223273","grey"
"gene-LOC121470910|LOC121470910","brown"
"gene-ALDH3A2|ALDH3A2","brown"
"gene-NLE1|NLE1","salmon"
"gene-ULK2|ULK2","green"
"gene-AKAP10|AKAP10","brown"
"gene-SPATA22|SPATA22","turquoise"
"gene-LHFPL7|LHFPL7","midnightblue"
"gene-ASPA|ASPA","darkred"
"gene-TRPV3|TRPV3","darkred"
"gene-P2RX5|P2RX5","grey"
"gene-TRPV1|TRPV1","magenta"
"gene-CTNS|CTNS","grey"
"gene-TAX1BP3|TAX1BP3","brown"
"gene-EMC6|EMC6","yellow"
"gene-LOC100222342|LOC100222342","blue"
"gene-HASPIN|HASPIN","blue"
"gene-UBB|UBB","skyblue"
"gene-CENPV|CENPV","pink"
"gene-PIGL|PIGL","magenta"
"gene-NCOR1|NCOR1","darkolivegreen"
"gene-TTC19|TTC19","yellow"
"gene-ZSWIM7|ZSWIM7","yellow"
"gene-ADORA2B|ADORA2B","blue"
"gene-SPECC1|SPECC1","blue"
"gene-LOC115497828|LOC115497828","blue"
"gene-TIMM22|TIMM22","yellow"
"gene-ABR|ABR","blue"
"gene-TRARG1|TRARG1","darkgreen"
"gene-GOSR1|GOSR1","grey"
"gene-CPD|CPD","brown"
"gene-BLMH|BLMH","brown"
"gene-SLC6A4|SLC6A4","greenyellow"
"gene-NSRP1|NSRP1","lightyellow"
"gene-CORO6|CORO6","darkgreen"
"gene-ANKRD13B|ANKRD13B","blue"
"gene-EFCAB5|EFCAB5","red"
"gene-SSH2|SSH2","blue"
"gene-GIT1|GIT1","blue"
"gene-LOC115497775|LOC115497775","green"
"gene-TAOK1|TAOK1","black"
"gene-NUFIP2|NUFIP2","brown"
"gene-MYO18A|MYO18A","brown"
"gene-PIPOX|PIPOX","cyan"
"gene-PHF12|PHF12","brown"
"gene-FLOT2|FLOT2","salmon"
"gene-FAM222B|FAM222B","brown"
"gene-ERAL1|ERAL1","grey"
"gene-TRAF4|TRAF4","yellow"
"gene-NEK8|NEK8","turquoise"
"gene-TLCD1|TLCD1","green"
"gene-RPL23A|RPL23A","yellow"
"gene-LOC115497846|LOC115497846","grey"
"gene-RAB34|RAB34","greenyellow"
"gene-SUPT6H|SUPT6H","brown"
"gene-SDF2|SDF2","yellow"
"gene-SPAG5|SPAG5","blue"
"gene-BLTP2|BLTP2","yellow"
"gene-RSKR|RSKR","tan"
"gene-ALDOC|ALDOC","greenyellow"
"gene-PIGS|PIGS","saddlebrown"
"gene-UNC119|UNC119","blue"
"gene-SLC13A2|SLC13A2","greenyellow"
"gene-TSR1|TSR1","brown"
"gene-LOC115497839|LOC115497839","darkred"
"gene-SRR|SRR","yellow"
"gene-SMG6|SMG6","black"
"gene-HIC1|HIC1","greenyellow"
"gene-LOC115497748|LOC115497748","red"
"gene-OVCA2|OVCA2","grey60"
"gene-DPH1|DPH1","grey"
"gene-RTN4RL1|RTN4RL1","blue"
"gene-SLC46A1|SLC46A1","skyblue"
"gene-SARM1|SARM1","red"
"gene-VTN|VTN","yellow"
"gene-KIF12|KIF12","grey"
"gene-SEBOX|SEBOX","magenta"
"gene-VMA12|VMA12","cyan"
"gene-POLDIP2|POLDIP2","green"
"gene-LOC115497745|LOC115497745","yellow"
"gene-SMYD4|SMYD4","grey"
"gene-SERPINF1|SERPINF1","grey60"
"gene-RPA1|RPA1","blue"
"gene-SERPINF2|SERPINF2","red"
"gene-WDR81|WDR81","brown"
"gene-LOC115497750|LOC115497750","darkgreen"
"gene-TLCD2|TLCD2","magenta"
"gene-PRPF8|PRPF8","brown"
"gene-RILP|RILP","black"
"gene-SCARF1|SCARF1","grey"
"gene-SLC43A2|SLC43A2","purple"
"gene-PITPNA|PITPNA","blue"
"gene-MYO1C|MYO1C","brown"
"gene-INPP5K|INPP5K","green"
"gene-YWHAE|YWHAE","brown"
"gene-CRK|CRK","brown"
"gene-NCBP3|NCBP3","red"
"gene-LOC115497832|LOC115497832","turquoise"
"gene-LOC115497838|LOC115497838","turquoise"
"gene-LRRC75A|LRRC75A","blue"
"gene-TMEM248|TMEM248","red"
"gene-KCTD7|KCTD7","grey"
"gene-RABGEF1|RABGEF1","blue"
"gene-TPST1|TPST1","turquoise"
"gene-CRCP|CRCP","plum2"
"gene-LOC100222299|LOC100222299","grey"
"gene-LOC100225196|LOC100225196","green"
"gene-GUSB|GUSB","saddlebrown"
"gene-VKORC1L1|VKORC1L1","green"
"gene-CHCHD2|CHCHD2","yellow"
"gene-LOC115497824|LOC115497824","yellow"
"gene-PHKG1|PHKG1","yellow"
"gene-SUMF2|SUMF2","blue"
"gene-LOC100225248|LOC100225248","royalblue"
"gene-LOC115497837|LOC115497837","darkgrey"
"gene-LOC100230978|LOC100230978","grey"
"gene-LOC115497720|LOC115497720","blue"
"gene-NIPSNAP2|NIPSNAP2","blue"
"gene-LOC140685283|LOC140685283","turquoise"
"gene-MRPS17|MRPS17","yellow"
"gene-TMEM132E|TMEM132E","blue"
"gene-PSPH|PSPH","magenta"
"gene-RAD51D|RAD51D","brown"
"gene-UNC45B|UNC45B","grey60"
"gene-RFFL|RFFL","grey"
"gene-LIG3|LIG3","brown"
"gene-GAS2L2|GAS2L2","grey"
"gene-MMP28|MMP28","darkturquoise"
"gene-LOC115497766|LOC115497766","red"
"gene-PEX12|PEX12","brown"
"gene-AP2B1|AP2B1","saddlebrown"
"gene-TAF15|TAF15","darkgreen"
"gene-RHBDD2|RHBDD2","midnightblue"
"gene-POR|POR","brown"
"gene-TMEM120A|TMEM120A","brown"
"gene-HSPB1|HSPB1","pink"
"gene-STYXL1|STYXL1","red"
"gene-MDH2|MDH2","yellow"
"gene-YWHAG|YWHAG","yellow"
"gene-DTX2|DTX2","salmon"
"gene-LOC100230025|LOC100230025","blue"
"gene-LRWD1|LRWD1","grey"
"gene-POLR2J|POLR2J","plum2"
"gene-ALKBH4|ALKBH4","pink"
"gene-ORAI2|ORAI2","grey"
"gene-PRKRIP1|PRKRIP1","blue"
"gene-SH2B2|SH2B2","darkturquoise"
"gene-CUX1|CUX1","blue"
"gene-LOC105758513|LOC105758513","turquoise"
"gene-LOC115497813|LOC115497813","violet"
"gene-COL26A1|COL26A1","midnightblue"
"gene-LOC115497737|LOC115497737","lightyellow"
"gene-IFT22|IFT22","darkslateblue"
"gene-RABEP1|RABEP1","brown"
"gene-NUP88|NUP88","blue"
"gene-RPAIN|RPAIN","turquoise"
"gene-LOC100190026|LOC100190026","yellow"
"gene-MIS12|MIS12","blue"
"gene-DHX33|DHX33","turquoise"
"gene-DERL2|DERL2","royalblue"
"gene-CAMKK1|CAMKK1","grey"
"gene-P2RX1|P2RX1","salmon"
"gene-ATP2A3|ATP2A3","darkturquoise"
"gene-ZZEF1|ZZEF1","brown"
"gene-CYB5D2|CYB5D2","black"
"gene-ANKFY1|ANKFY1","brown"
"gene-LOC100217562|LOC100217562","blue"
"gene-UBE2G1|UBE2G1","green"
"gene-LOC100223347|LOC100223347","turquoise"
"gene-MYBBP1A|MYBBP1A","brown"
"gene-RFC2|RFC2","blue"
"gene-LAT2|LAT2","blue"
"gene-EIF4H|EIF4H","brown"
"gene-LOC100228139|LOC100228139","white"
"gene-CLIP2|CLIP2","brown"
"gene-NCF1|NCF1","blue"
"gene-CASTOR2|CASTOR2","turquoise"
"gene-RCC1L|RCC1L","black"
"gene-GTF2IRD1|GTF2IRD1","violet"
"gene-GTF2I|GTF2I","black"
"gene-MKS1|MKS1","grey"
"gene-VPS37D|VPS37D","grey"
"gene-STX1A|STX1A","turquoise"
"gene-BUD23|BUD23","yellow"
"gene-LOC115497842|LOC115497842","midnightblue"
"gene-DNAJC30|DNAJC30","magenta"
"gene-GALNT17|GALNT17","midnightblue"
"gene-CALN1|CALN1","grey"
"gene-AUTS2|AUTS2","tan"
"gene-LOC140680307|LOC140680307","turquoise"
"gene-SEPTIN4|SEPTIN4","green"
"gene-TYW1B|TYW1B","brown"
"gene-SBDS|SBDS","green"
"gene-LIMK1|LIMK1","blue"
"gene-ELN|ELN","grey"
"gene-LOC140680296|LOC140680296","greenyellow"
"gene-METTL27|METTL27","green"
"gene-LOC140680282|LOC140680282","tan"
"gene-ABHD11|ABHD11","turquoise"
"gene-MTMR4|MTMR4","red"
"gene-RNF43|RNF43","green"
"gene-SUPT4H1|SUPT4H1","grey60"
"gene-LOC140680298|LOC140680298","blue"
"gene-EPX|EPX","blue"
"gene-TSPOAP1|TSPOAP1","turquoise"
"gene-LOC140680311|LOC140680311","blue"
"gene-LOC140680289|LOC140680289","blue"
"gene-LOC140680290|LOC140680290","blue"
"gene-LOC140680291|LOC140680291","blue"
"gene-TRIM50|TRIM50","grey"
"gene-HIP1|HIP1","blue"
"gene-LOC140680315|LOC140680315","turquoise"
"gene-NSUN5|NSUN5","turquoise"
"gene-BAZ1B|BAZ1B","lightyellow"
"gene-FZD9|FZD9","yellow"
"gene-LOC140680284|LOC140680284","tan"
"gene-MLXIPL|MLXIPL","magenta"
"gene-TBL2|TBL2","turquoise"
"gene-BCL7B|BCL7B","turquoise"
"gene-LOC121470960|LOC121470960","grey"
"gene-LOC115497952|LOC115497952","magenta"
"gene-RALGAPB|RALGAPB","brown"
"gene-ERGIC3|ERGIC3","brown"
"gene-CPNE1|CPNE1","turquoise"
"gene-LOC100217539|LOC100217539","black"
"gene-PHF20|PHF20","royalblue"
"gene-NDRG3|NDRG3","brown"
"gene-LOC140680395|LOC140680395","blue"
"gene-RBM12|RBM12","black"
"gene-NFS1|NFS1","royalblue"
"gene-ROMO1|ROMO1","pink"
"gene-RBM39|RBM39","turquoise"
"gene-LOC115497884|LOC115497884","purple"
"gene-LOC140680346|LOC140680346","orangered4"
"gene-LOC140680345|LOC140680345","grey"
"gene-LOC140680381|LOC140680381","turquoise"
"gene-LOC140680360|LOC140680360","darkmagenta"
"gene-LOC140680379|LOC140680379","lightpink4"
"gene-CHD6|CHD6","turquoise"
"gene-RBL1|RBL1","turquoise"
"gene-LOC140680378|LOC140680378","grey"
"gene-SAMHD1|SAMHD1","salmon"
"gene-TLDC2|TLDC2","yellow"
"gene-PIGU|PIGU","purple"
"gene-TP53INP2|TP53INP2","greenyellow"
"gene-NCOA6|NCOA6","black"
"gene-GGT7|GGT7","turquoise"
"gene-LOC140680384|LOC140680384","grey"
"gene-TGIF2|TGIF2","grey"
"gene-DLGAP4|DLGAP4","blue"
"gene-EPB41L1|EPB41L1","darkturquoise"
"gene-RAB5IF|RAB5IF","saddlebrown"
"gene-LOC140680391|LOC140680391","turquoise"
"gene-MYL9|MYL9","yellow"
"gene-AAR2|AAR2","brown"
"gene-L3MBTL1|L3MBTL1","turquoise"
"gene-LOC121470955|LOC121470955","blue"
"gene-SRSF6|SRSF6","turquoise"
"gene-UQCC1|UQCC1","brown"
"gene-FAM83C|FAM83C","pink"
"gene-ITCH|ITCH","darkslateblue"
"gene-LOC101232850|LOC101232850","turquoise"
"gene-LOC140680362|LOC140680362","darkorange"
"gene-LOC105760648|LOC105760648","black"
"gene-LOC140680364|LOC140680364","darkorange"
"gene-LOC116807474|LOC116807474","darkorange"
"gene-LOC100231510|LOC100231510","darkorange"
"gene-LOC140680367|LOC140680367","darkorange"
"gene-LOC140680387|LOC140680387","turquoise"
"gene-LOC140680363|LOC140680363","darkorange"
"gene-LOC140680385|LOC140680385","lightyellow"
"gene-LOC140680366|LOC140680366","darkorange"
"gene-LOC140680365|LOC140680365","darkorange"
"gene-LOC140680396|LOC140680396","grey"
"gene-DYNLRB1|DYNLRB1","grey60"
"gene-MAP1LC3A|MAP1LC3A","red"
"gene-LOC115497953|LOC115497953","turquoise"
"gene-LOC140680390|LOC140680390","turquoise"
"gene-EIF6|EIF6","black"
"gene-MMP24|MMP24","brown"
"gene-LOC140680400|LOC140680400","midnightblue"
"gene-AHCY|AHCY","green"
"gene-EIF2S2|EIF2S2","green"
"gene-RALY|RALY","magenta"
"gene-SNTA1|SNTA1","yellow"
"gene-CBFA2T2|CBFA2T2","grey"
"gene-CHMP4B|CHMP4B","brown"
"gene-ZNF341|ZNF341","grey"
"gene-PXMP4|PXMP4","yellow"
"gene-E2F1|E2F1","blue"
"gene-NECAB3|NECAB3","turquoise"
"gene-TOX2|TOX2","blue"
"gene-EDEM2|EDEM2","turquoise"
"gene-LOC140680399|LOC140680399","grey"
"gene-TRPC4AP|TRPC4AP","brown"
"gene-MTCL2|MTCL2","blue"
"gene-LOC140680376|LOC140680376","grey"
"gene-GSS|GSS","brown"
"gene-LOC140680351|LOC140680351","greenyellow"
"gene-ACSS2|ACSS2","green"
"gene-PTPRT|PTPRT","greenyellow"
"gene-MYBL2|MYBL2","blue"
"gene-IFT52|IFT52","black"
"gene-SGK2|SGK2","salmon"
"gene-ARHGAP40|ARHGAP40","darkred"
"gene-ACTR5|ACTR5","yellow"
"gene-PPP1R16B|PPP1R16B","brown"
"gene-LOC100226756|LOC100226756","blue"
"gene-DHX35|DHX35","turquoise"
"gene-LOC115497897|LOC115497897","orangered4"
"gene-MAFB|MAFB","blue"
"gene-TOP1|TOP1","brown"
"gene-PLCG1|PLCG1","blue"
"gene-ZHX3|ZHX3","magenta"
"gene-RPN2|RPN2","brown"
"gene-MANBAL|MANBAL","black"
"gene-SRC|SRC","salmon"
"gene-BLCAP|BLCAP","green"
"gene-PIGT|PIGT","grey60"
"gene-DBNDD2|DBNDD2","blue"
"gene-LOC100227800|LOC100227800","grey"
"gene-SYS1|SYS1","pink"
"gene-LOC101232941|LOC101232941","blue"
"gene-LOC121470966|LOC121470966","black"
"gene-SDC4|SDC4","yellow"
"gene-STK4|STK4","blue"
"gene-TOMM34|TOMM34","black"
"gene-FITM2|FITM2","brown"
"gene-GDAP1L1|GDAP1L1","brown"
"gene-CCN5|CCN5","blue"
"gene-PKIG|PKIG","blue"
"gene-YWHAB|YWHAB","brown"
"gene-RIMS4|RIMS4","white"
"gene-KCNK15|KCNK15","orange"
"gene-LOC115497917|LOC115497917","darkred"
"gene-ADA|ADA","salmon"
"gene-SERINC3|SERINC3","saddlebrown"
"gene-TTPAL|TTPAL","brown"
"gene-HNF4A|HNF4A","greenyellow"
"gene-LOC140680401|LOC140680401","skyblue3"
"gene-MIR2997|MIR2997","turquoise"
"gene-R3HDML|R3HDML","skyblue3"
"gene-LOC140680402|LOC140680402","magenta"
"gene-OSER1|OSER1","yellow"
"gene-LOC100220010|LOC100220010","turquoise"
"gene-JPH2|JPH2","magenta"
"gene-SLC13A3|SLC13A3","grey"
"gene-SLC2A10|SLC2A10","brown"
"gene-TP53RK|TP53RK","greenyellow"
"gene-LOC100224907|LOC100224907","blue"
"gene-EYA2|EYA2","grey"
"gene-ZMYND8|ZMYND8","lightcyan"
"gene-EPB42|EPB42","bisque4"
"gene-CCNDBP1|CCNDBP1","magenta"
"gene-ZNFX1|ZNFX1","darkorange"
"gene-DDX27|DDX27","red"
"gene-CDH22|CDH22","greenyellow"
"gene-SNRPB|SNRPB","yellow"
"gene-ELMO2|ELMO2","saddlebrown"
"gene-SLC35C2|SLC35C2","turquoise"
"gene-CD40|CD40","blue"
"gene-MMP9|MMP9","blue"
"gene-NCOA5|NCOA5","grey"
"gene-SLC12A5|SLC12A5","salmon"
"gene-ZNF335|ZNF335","green"
"gene-PCIF1|PCIF1","yellow"
"gene-PLTP|PLTP","yellow"
"gene-LOC115497967|LOC115497967","palevioletred3"
"gene-CTSA|CTSA","brown"
"gene-NEURL2|NEURL2","turquoise"
"gene-ACOT8|ACOT8","green"
"gene-SNX21|SNX21","green"
"gene-LOC115497903|LOC115497903","steelblue"
"gene-UBE2C|UBE2C","blue"
"gene-DNTTIP1|DNTTIP1","grey60"
"gene-LOC115497939|LOC115497939","tan"
"gene-CTNNBL1|CTNNBL1","brown"
"gene-TGM2|TGM2","salmon"
"gene-LOC115497900|LOC115497900","red"
"gene-KIAA1755|KIAA1755","grey"
"gene-TTI1|TTI1","brown"
"gene-RPRD1B|RPRD1B","brown"
"gene-LOC100225730|LOC100225730","green"
"gene-LOC116809179|LOC116809179","green"
"gene-LOC100219992|LOC100219992","magenta"
"gene-CDK5RAP1|CDK5RAP1","grey60"
"gene-LOC140680394|LOC140680394","lightgreen"
"gene-LOC100230541|LOC100230541","turquoise"
"gene-LOC140680375|LOC140680375","grey"
"gene-DNMT3B|DNMT3B","greenyellow"
"gene-MAPRE1|MAPRE1","brown"
"gene-COMMD7|COMMD7","saddlebrown"
"gene-NOL4L|NOL4L","tan"
"gene-LOC140680369|LOC140680369","turquoise"
"gene-ASXL1|ASXL1","turquoise"
"gene-KIF3B|KIF3B","brown"
"gene-CCM2L|CCM2L","turquoise"
"gene-HCK|HCK","blue"
"gene-POFUT1|POFUT1","grey"
"gene-PLAGL2|PLAGL2","blue"
"gene-TM9SF4|TM9SF4","brown"
"gene-LOC140680392|LOC140680392","blue"
"gene-XKR7|XKR7","grey"
"gene-PDRG1|PDRG1","yellow"
"gene-DUSP15|DUSP15","red"
"gene-FOXS1|FOXS1","grey"
"gene-TPX2|TPX2","blue"
"gene-BCL2L1|BCL2L1","midnightblue"
"gene-TBC1D20|TBC1D20","greenyellow"
"gene-ID1|ID1","turquoise"
"gene-HM13|HM13","magenta"
"gene-REM1|REM1","greenyellow"
"gene-SOX12|SOX12","darkred"
"gene-CSNK2A1|CSNK2A1","brown"
"gene-TCF15|TCF15","steelblue"
"gene-SRXN1|SRXN1","blue"
"gene-SCRT2|SCRT2","turquoise"
"gene-SLC52A3|SLC52A3","brown"
"gene-FAM110A|FAM110A","blue"
"gene-ANGPT4|ANGPT4","magenta"
"gene-RSPO4|RSPO4","darkgreen"
"gene-PSMF1|PSMF1","grey"
"gene-RAD21L1|RAD21L1","turquoise"
"gene-SNPH|SNPH","grey60"
"gene-SDCBP2|SDCBP2","turquoise"
"gene-LOC100190467|LOC100190467","salmon"
"gene-NSFL1C|NSFL1C","green"
"gene-LOC100219073|LOC100219073","blue"
"gene-PDYN|PDYN","turquoise"
"gene-LOC100231564|LOC100231564","blue"
"gene-LOC100228682|LOC100228682","brown"
"gene-STK35|STK35","blue"
"gene-STMN3|STMN3","orange"
"gene-RTEL1|RTEL1","turquoise"
"gene-HELZ2|HELZ2","grey"
"gene-FNDC11|FNDC11","darkred"
"gene-GMEB2|GMEB2","turquoise"
"gene-TNFRSF6B|TNFRSF6B","black"
"gene-SLC2A4RG|SLC2A4RG","orangered4"
"gene-ARFRP1|ARFRP1","brown"
"gene-ZGPAT|ZGPAT","red"
"gene-LIME1|LIME1","blue"
"gene-ZBTB46|ZBTB46","brown"
"gene-TPD52L2|TPD52L2","red"
"gene-LOC121470963|LOC121470963","turquoise"
"gene-DNAJC5|DNAJC5","brown"
"gene-UCKL1|UCKL1","turquoise"
"gene-ZNF512B|ZNF512B","brown"
"gene-PRPF6|PRPF6","brown"
"gene-C20H20orf204|C20H20orf204","grey"
"gene-SOX18|SOX18","greenyellow"
"gene-LOC115497933|LOC115497933","greenyellow"
"gene-TCEA2|TCEA2","brown4"
"gene-RGS19|RGS19","blue"
"gene-OPRL1|OPRL1","blue"
"gene-LOC100220938|LOC100220938","grey60"
"gene-LOC100218088|LOC100218088","blue"
"gene-PCMTD2|PCMTD2","green"
"gene-PPDPF|PPDPF","white"
"gene-EEF1A2|EEF1A2","maroon"
"gene-KCNQ2|KCNQ2","lightgreen"
"gene-CHRNA4|CHRNA4","grey"
"gene-COL20A1|COL20A1","grey"
"gene-LOC100231559|LOC100231559","grey60"
"gene-NKAIN4|NKAIN4","steelblue"
"gene-ARFGAP1|ARFGAP1","brown"
"gene-YTHDF1|YTHDF1","brown"
"gene-SLC17A9|SLC17A9","salmon"
"gene-DIDO1|DIDO1","turquoise"
"gene-GID8|GID8","darkmagenta"
"gene-TCFL5|TCFL5","paleturquoise"
"gene-COL9A3|COL9A3","grey"
"gene-OGFR|OGFR","blue"
"gene-MRGBP|MRGBP","black"
"gene-NTSR1|NTSR1","red"
"gene-SLCO4A1|SLCO4A1","blue"
"gene-GATA5|GATA5","tan"
"gene-CABLES2|CABLES2","blue"
"gene-RPS21|RPS21","pink"
"gene-LAMA5|LAMA5","blue"
"gene-ADRM1|ADRM1","royalblue"
"gene-OSBPL2|OSBPL2","grey"
"gene-MTG2|MTG2","thistle1"
"gene-PSMA7|PSMA7","grey"
"gene-LSM14B|LSM14B","turquoise"
"gene-TAF4|TAF4","turquoise"
"gene-CDH4|CDH4","green"
"gene-FAM217B|FAM217B","blue"
"gene-PPP1R3D|PPP1R3D","blue"
"gene-PHACTR3|PHACTR3","red"
"gene-ZNF831|ZNF831","blue"
"gene-NELFCD|NELFCD","grey"
"gene-LOC121470936|LOC121470936","red"
"gene-PRELID3B|PRELID3B","green"
"gene-ATP5F1E|ATP5F1E","yellow"
"gene-TUBB1|TUBB1","blue"
"gene-CTSZ|CTSZ","blue"
"gene-LOC115497881|LOC115497881","midnightblue"
"gene-GNAS|GNAS","brown"
"gene-NPEPL1|NPEPL1","brown"
"gene-STX16|STX16","brown"
"gene-LOC115497927|LOC115497927","lightyellow"
"gene-APCDD1L|APCDD1L","paleturquoise"
"gene-VAPB|VAPB","brown"
"gene-RAB22A|RAB22A","blue"
"gene-LOC100224823|LOC100224823","black"
"gene-CIMIP1|CIMIP1","darkred"
"gene-PMEPA1|PMEPA1","salmon"
"gene-LOC121470959|LOC121470959","grey"
"gene-RBM38|RBM38","brown"
"gene-LOC115497893|LOC115497893","turquoise"
"gene-LOC140680356|LOC140680356","violet"
"gene-RAE1|RAE1","brown"
"gene-BMP7|BMP7","green"
"gene-CASS4|CASS4","blue"
"gene-LOC105758723|LOC105758723","turquoise"
"gene-LOC115497926|LOC115497926","white"
"gene-RTF2|RTF2","salmon"
"gene-AURKA|AURKA","blue"
"gene-CSTF1|CSTF1","turquoise"
"gene-FAM210B|FAM210B","purple"
"gene-PCK1|PCK1","red"
"gene-LOC115497946|LOC115497946","grey60"
"gene-CTCFL|CTCFL","turquoise"
"gene-LOC115497921|LOC115497921","blue"
"gene-DOK5|DOK5","red"
"gene-PFDN4|PFDN4","red"
"gene-BCAS1|BCAS1","red"
"gene-ZNF217|ZNF217","black"
"gene-LOC140680355|LOC140680355","turquoise"
"gene-TSHZ2|TSHZ2","blue"
"gene-ZFP64|ZFP64","greenyellow"
"gene-PTPN1|PTPN1","red"
"gene-NFATC2|NFATC2","blue"
"gene-LOC116809168|LOC116809168","grey"
"gene-ADNP|ADNP","tan"
"gene-SALL4|SALL4","red"
"gene-ATP9A|ATP9A","salmon4"
"gene-KCNG1|KCNG1","grey"
"gene-MOCS3|MOCS3","turquoise"
"gene-DPM1|DPM1","yellow"
"gene-PARD6B|PARD6B","green"
"gene-RIPOR3|RIPOR3","midnightblue"
"gene-CEBPB|CEBPB","blue"
"gene-PEDS1|PEDS1","brown"
"gene-UBE2V1|UBE2V1","brown"
"gene-SNAI1|SNAI1","violet"
"gene-RNF114|RNF114","blue"
"gene-SPATA2|SPATA2","brown"
"gene-SLC9A8|SLC9A8","darkorange2"
"gene-LOC115497879|LOC115497879","grey"
"gene-B4GALT5|B4GALT5","palevioletred3"
"gene-KCNB1|KCNB1","black"
"gene-LOC140680335|LOC140680335","red"
"gene-LOC115497968|LOC115497968","cyan"
"gene-LOC121470949|LOC121470949","turquoise"
"gene-LOC115497970|LOC115497970","turquoise"
"gene-STAU1|STAU1","brown"
"gene-CSE1L|CSE1L","brown"
"gene-ARFGEF2|ARFGEF2","black"
"gene-PREX1|PREX1","brown"
"gene-LOC140680368|LOC140680368","grey"
"gene-SULF2|SULF2","brown"
"gene-NCOA3|NCOA3","turquoise"
"gene-LOC140680432|LOC140680432","cyan"
"gene-SCNN1D|SCNN1D","turquoise"
"gene-UBE2J2|UBE2J2","saddlebrown"
"gene-C1QTNF12|C1QTNF12","darkgreen"
"gene-TNFRSF4|TNFRSF4","blue"
"gene-TNFRSF18|TNFRSF18","blue"
"gene-LOC121471003|LOC121471003","brown"
"gene-B3GALT6|B3GALT6","royalblue"
"gene-SDF4|SDF4","saddlebrown"
"gene-LOC140680433|LOC140680433","blue"
"gene-C21H1orf159|C21H1orf159","pink"
"gene-RNF223|RNF223","turquoise"
"gene-AGRN|AGRN","yellow"
"gene-HES4|HES4","greenyellow"
"gene-PLEKHN1|PLEKHN1","black"
"gene-KLHL17|KLHL17","cyan"
"gene-NOC2L|NOC2L","salmon"
"gene-SAMD11|SAMD11","pink"
"gene-RERE|RERE","cyan"
"gene-ENO1|ENO1","green"
"gene-LOC140680422|LOC140680422","lightyellow"
"gene-CA6|CA6","royalblue"
"gene-LOC100219398|LOC100219398","green"
"gene-GPR157|GPR157","blue"
"gene-LOC140680423|LOC140680423","midnightblue"
"gene-LOC116809194|LOC116809194","midnightblue"
"gene-H6PD|H6PD","turquoise"
"gene-SPSB1|SPSB1","ivory"
"gene-SLC25A33|SLC25A33","yellow"
"gene-TMEM201|TMEM201","black"
"gene-LOC101233936|LOC101233936","blue"
"gene-PIK3CD|PIK3CD","blue"
"gene-CLSTN1|CLSTN1","black"
"gene-CTNNBIP1|CTNNBIP1","brown"
"gene-RBP7|RBP7","grey"
"gene-LZIC|LZIC","salmon4"
"gene-NMNAT1|NMNAT1","black"
"gene-CENPS|CENPS","turquoise"
"gene-KIF1B|KIF1B","purple"
"gene-UBE4B|UBE4B","purple"
"gene-LOC140680438|LOC140680438","turquoise"
"gene-PGD|PGD","blue"
"gene-LOC140680436|LOC140680436","turquoise"
"gene-PEX14|PEX14","green"
"gene-DFFA|DFFA","blue"
"gene-CASZ1|CASZ1","grey"
"gene-ACAP3|ACAP3","blue"
"gene-TARDBP|TARDBP","turquoise"
"gene-MASP2|MASP2","cyan"
"gene-LOC140680410|LOC140680410","red"
"gene-MXRA8|MXRA8","skyblue"
"gene-PUSL1|PUSL1","royalblue"
"gene-DVL1|DVL1","brown"
"gene-INTS11|INTS11","brown"
"gene-CPTP|CPTP","darkgreen"
"gene-LOC140680409|LOC140680409","red"
"gene-TAS1R3|TAS1R3","pink"
"gene-LOC140680408|LOC140680408","turquoise"
"gene-LOC100224487|LOC100224487","midnightblue"
"gene-AURKAIP1|AURKAIP1","magenta"
"gene-CCNL2|CCNL2","turquoise"
"gene-MRPL20|MRPL20","yellow"
"gene-TMEM278|TMEM278","darkgreen"
"gene-VWA1|VWA1","salmon"
"gene-LOC100222621|LOC100222621","yellow"
"gene-FNDC10|FNDC10","salmon"
"gene-SSU72|SSU72","ivory"
"gene-LOC140680413|LOC140680413","grey"
"gene-LOC105758753|LOC105758753","greenyellow"
"gene-LOC140680412|LOC140680412","tan"
"gene-MIB2|MIB2","green"
"gene-MMP23B|MMP23B","blue"
"gene-LOC100231234|LOC100231234","brown"
"gene-SLC35E2B|SLC35E2B","saddlebrown"
"gene-LOC121470997|LOC121470997","grey"
"gene-NADK|NADK","purple"
"gene-CFAP74|CFAP74","floralwhite"
"gene-GNB1|GNB1","blue"
"gene-LOC115497990|LOC115497990","lightyellow"
"gene-TMEM52|TMEM52","darkorange2"
"gene-LOC115498074|LOC115498074","lightyellow"
"gene-PRKCZ|PRKCZ","brown"
"gene-FAAP20|FAAP20","black"
"gene-SKI|SKI","violet"
"gene-RER1|RER1","salmon"
"gene-PEX10|PEX10","yellow"
"gene-MMEL1|MMEL1","red"
"gene-PLCH2|PLCH2","darkmagenta"
"gene-LOC100220650|LOC100220650","magenta"
"gene-PANK4|PANK4","grey"
"gene-LOC115498050|LOC115498050","darkturquoise"
"gene-PRDM16|PRDM16","salmon"
"gene-ARHGEF16|ARHGEF16","red"
"gene-MEGF6|MEGF6","greenyellow"
"gene-TP73|TP73","blue"
"gene-LOC115498003|LOC115498003","turquoise"
"gene-TPRG1L|TPRG1L","green"
"gene-WRAP73|WRAP73","turquoise"
"gene-CCDC27|CCDC27","grey"
"gene-LRRC47|LRRC47","brown"
"gene-CEP104|CEP104","royalblue"
"gene-DFFB|DFFB","turquoise"
"gene-C21H1orf174|C21H1orf174","darkgrey"
"gene-AJAP1|AJAP1","red"
"gene-NPHP4|NPHP4","turquoise"
"gene-KCNAB2|KCNAB2","blue"
"gene-CHD5|CHD5","turquoise"
"gene-RPL22|RPL22","pink"
"gene-RNF207|RNF207","blue"
"gene-ICMT|ICMT","purple"
"gene-ACOT7|ACOT7","darkgreen"
"gene-LOC100229308|LOC100229308","salmon"
"gene-TNFRSF25|TNFRSF25","blue"
"gene-PLEKHG5|PLEKHG5","greenyellow"
"gene-NOL9|NOL9","turquoise"
"gene-TAS1R1|TAS1R1","turquoise"
"gene-LOC140680420|LOC140680420","turquoise"
"gene-ZBTB48|ZBTB48","turquoise"
"gene-KLHL21|KLHL21","salmon"
"gene-PHF13|PHF13","salmon"
"gene-DNAJC11|DNAJC11","green"
"gene-CAMTA1|CAMTA1","turquoise"
"gene-LOC115498048|LOC115498048","turquoise"
"gene-VAMP3|VAMP3","blue"
"gene-PER3|PER3","lightgreen"
"gene-TNFRSF9|TNFRSF9","red"
"gene-PARK7|PARK7","yellow"
"gene-LOC140680429|LOC140680429","ivory"
"gene-LOC140680435|LOC140680435","turquoise"
"gene-ERRFI1|ERRFI1","yellow"
"gene-SLC45A1|SLC45A1","turquoise"
"gene-MRPS16|MRPS16","brown4"
"gene-TMEM51|TMEM51","yellow"
"gene-PDPN|PDPN","blue"
"gene-LOC100218769|LOC100218769","blue"
"gene-LOC100222565|LOC100222565","turquoise"
"gene-LOC121471000|LOC121471000","turquoise"
"gene-LOC115498029|LOC115498029","orange"
"gene-LOC100223512|LOC100223512","green"
"gene-DHRS3|DHRS3","brown"
"gene-LOC140680434|LOC140680434","black"
"gene-VPS13D|VPS13D","lightgreen"
"gene-TNFRSF1B|TNFRSF1B","turquoise"
"gene-TNFRSF8|TNFRSF8","midnightblue"
"gene-MIIP|MIIP","blue"
"gene-MFN2|MFN2","brown"
"gene-PLOD1|PLOD1","blue"
"gene-KIAA2013|KIAA2013","blue"
"gene-NPPA|NPPA","blue"
"gene-CLCN6|CLCN6","turquoise"
"gene-MTHFR|MTHFR","turquoise"
"gene-C21H1orf167|C21H1orf167","blue"
"gene-AGTRAP|AGTRAP","blue"
"gene-DRAXIN|DRAXIN","blue"
"gene-MAD2L2|MAD2L2","thistle1"
"gene-FBXO44|FBXO44","saddlebrown"
"gene-FBXO2|FBXO2","lightsteelblue1"
"gene-DISP3|DISP3","blue"
"gene-UBIAD1|UBIAD1","brown"
"gene-MTOR|MTOR","darkslateblue"
"gene-EXOSC10|EXOSC10","cyan"
"gene-LOC140680405|LOC140680405","grey"
"gene-SRM|SRM","brown"
"gene-LOC100228336|LOC100228336","grey"
"gene-LOC105758748|LOC105758748","grey"
"gene-CCDC30|CCDC30","lightcyan"
"gene-ZMYND12|ZMYND12","grey"
"gene-PPCS|PPCS","green"
"gene-SLC2A1|SLC2A1","green"
"gene-PHC2|PHC2","turquoise"
"gene-ZNF362|ZNF362","turquoise"
"gene-LOC115497975|LOC115497975","pink"
"gene-SVBP|SVBP","turquoise"
"gene-TMEM269|TMEM269","tan"
"gene-HSPG2|HSPG2","greenyellow"
"gene-USP48|USP48","brown"
"gene-RAP1GAP|RAP1GAP","magenta"
"gene-ALPL|ALPL","yellow"
"gene-ECE1|ECE1","thistle1"
"gene-EIF4G3|EIF4G3","blue"
"gene-SH2D5|SH2D5","turquoise"
"gene-HP1BP3|HP1BP3","brown4"
"gene-KIF17|KIF17","red"
"gene-DDOST|DDOST","grey60"
"gene-DDI2|DDI2","green"
"gene-PLEKHM2|PLEKHM2","steelblue"
"gene-FBLIM1|FBLIM1","turquoise"
"gene-SLC25A34|SLC25A34","turquoise"
"gene-TMEM82|TMEM82","magenta"
"gene-SPEN|SPEN","turquoise"
"gene-LOC121470994|LOC121470994","black"
"gene-ZBTB17|ZBTB17","greenyellow"
"gene-HSPB7|HSPB7","steelblue"
"gene-CLCNKA|CLCNKA","blue"
"gene-EPHA2|EPHA2","turquoise"
"gene-CPLANE2|CPLANE2","turquoise"
"gene-FBXO42|FBXO42","salmon"
"gene-MFAP2|MFAP2","blue"
"gene-ATP13A2|ATP13A2","pink"
"gene-SZRD1|SZRD1","green"
"gene-NECAP2|NECAP2","blue"
"gene-CROCC|CROCC","turquoise"
"gene-LOC115498013|LOC115498013","midnightblue"
"gene-SDHB|SDHB","yellow"
"gene-LOC140680415|LOC140680415","grey60"
"gene-RCC2|RCC2","brown"
"gene-ARHGEF10L|ARHGEF10L","blue"
"gene-IGSF21|IGSF21","steelblue"
"gene-KLHDC7A|KLHDC7A","darkturquoise"
"gene-PAX7|PAX7","grey"
"gene-ALDH4A1|ALDH4A1","magenta"
"gene-IFFO2|IFFO2","brown"
"gene-UBR4|UBR4","darkslateblue"
"gene-SLC66A1|SLC66A1","darkturquoise"
"gene-EMC1|EMC1","saddlebrown"
"gene-MRTO4|MRTO4","turquoise"
"gene-AKR7A2|AKR7A2","greenyellow"
"gene-NBL1|NBL1","red"
"gene-CAPZB|CAPZB","salmon"
"gene-LOC140680416|LOC140680416","turquoise"
"gene-MICOS10|MICOS10","yellow"
"gene-HTR6|HTR6","ivory"
"gene-LOC121470969|LOC121470969","red"
"gene-TMCO4|TMCO4","grey"
"gene-RNF186|RNF186","maroon"
"gene-OTUD3|OTUD3","blue"
"gene-LOC100221364|LOC100221364","salmon"
"gene-LOC100228959|LOC100228959","brown"
"gene-CAMK2N1|CAMK2N1","green"
"gene-MUL1|MUL1","yellow"
"gene-CDA|CDA","green"
"gene-DNAJC16|DNAJC16","brown"
"gene-PINK1|PINK1","green"
"gene-AGMAT|AGMAT","yellow"
"gene-CASP9|CASP9","turquoise"
"gene-EFHD2|EFHD2","tan"
"gene-EPHB2|EPHB2","darkorange"
"gene-C1QB|C1QB","blue"
"gene-C1QC|C1QC","blue"
"gene-C1QA|C1QA","blue"
"gene-WNT4|WNT4","red"
"gene-CDC42|CDC42","brown"
"gene-LOC100218403|LOC100218403","turquoise"
"gene-C21H1orf50|C21H1orf50","magenta"
"gene-P3H1|P3H1","palevioletred3"
"gene-YBX1|YBX1","greenyellow"
"gene-PPIH|PPIH","ivory"
"gene-LOC140680269|LOC140680269","red"
"gene-LOC140680431|LOC140680431","red"
"gene-LOC140680430|LOC140680430","red"
"gene-LOC116807646|LOC116807646","grey"
"gene-LOC140680418|LOC140680418","grey"
"gene-LOC115493304|LOC115493304","black"
"gene-LOC140680456|LOC140680456","grey"
"gene-LOC121468887|LOC121468887","grey"
"gene-LOC121468033|LOC121468033","cyan"
"gene-POLB|POLB","turquoise"
"gene-VDAC3|VDAC3","green"
"gene-IKBKB|IKBKB","turquoise"
"gene-PLAT|PLAT","brown"
"gene-AP3M2|AP3M2","darkgrey"
"gene-KAT6A|KAT6A","turquoise"
"gene-ANK1|ANK1","midnightblue"
"gene-NKX6-3|NKX6-3","grey"
"gene-GPAT4|GPAT4","steelblue"
"gene-GINS4|GINS4","green"
"gene-LOC115490548|LOC115490548","turquoise"
"gene-GOLGA7|GOLGA7","green"
"gene-SFRP1|SFRP1","darkmagenta"
"gene-ZMAT4|ZMAT4","greenyellow"
"gene-TCIM|TCIM","purple"
"gene-LOC100219367|LOC100219367","yellow"
"gene-LOC100222224|LOC100222224","turquoise"
"gene-LOC100225139|LOC100225139","green"
"gene-TM2D2|TM2D2","magenta"
"gene-PLEKHA2|PLEKHA2","blue"
"gene-TACC1|TACC1","blue"
"gene-FGFR1|FGFR1","grey"
"gene-LETM2|LETM2","grey"
"gene-PLPP5|PLPP5","grey"
"gene-NSD3|NSD3","red"
"gene-DDHD2|DDHD2","magenta"
"gene-LSM1|LSM1","turquoise"
"gene-BAG4|BAG4","green"
"gene-STAR|STAR","yellow"
"gene-ASH2L|ASH2L","yellow"
"gene-EIF4EBP1|EIF4EBP1","yellow"
"gene-RAB11FIP1|RAB11FIP1","purple"
"gene-BRF2|BRF2","yellow"
"gene-ADGRA2|ADGRA2","turquoise"
"gene-ZNF703|ZNF703","blue"
"gene-PLPBP|PLPBP","purple"
"gene-ERLIN2|ERLIN2","saddlebrown"
"gene-DUSP26|DUSP26","grey"
"gene-TTI2|TTI2","turquoise"
"gene-MAK16|MAK16","pink"
"gene-ATP6V1B2|ATP6V1B2","blue"
"gene-LZTS1|LZTS1","red"
"gene-LOC140680443|LOC140680443","grey"
"gene-DOK2|DOK2","blue"
"gene-XPO7|XPO7","brown"
"gene-PBDC1|PBDC1","yellow"
"gene-NPM2|NPM2","turquoise"
"gene-RHOBTB2|RHOBTB2","darkred"
"gene-LOC115498199|LOC115498199","yellow"
"gene-DMTN|DMTN","grey"
"gene-NUDT18|NUDT18","yellow"
"gene-LGI3|LGI3","greenyellow"
"gene-LOC140680447|LOC140680447","yellow"
"gene-PPP3CC|PPP3CC","magenta"
"gene-SORBS3|SORBS3","grey"
"gene-C22H8orf58|C22H8orf58","turquoise"
"gene-EGR3|EGR3","blue"
"gene-LOC115498119|LOC115498119","grey"
"gene-LOC140680442|LOC140680442","grey60"
"gene-REEP4|REEP4","turquoise"
"gene-SFTPC|SFTPC","grey"
"gene-BMP1|BMP1","magenta"
"gene-PHYHIP|PHYHIP","tan"
"gene-POLR3D|POLR3D","yellow"
"gene-PIWIL2|PIWIL2","grey"
"gene-SLC39A14|SLC39A14","royalblue"
"gene-LOC140680444|LOC140680444","turquoise"
"gene-PDLIM2|PDLIM2","blue"
"gene-BIN3|BIN3","brown"
"gene-CHMP7|CHMP7","brown"
"gene-R3HCC1|R3HCC1","magenta"
"gene-LOXL2|LOXL2","green"
"gene-ENTPD4|ENTPD4","brown"
"gene-SLC25A37|SLC25A37","bisque4"
"gene-LOC121471026|LOC121471026","darkgreen"
"gene-LOC121471027|LOC121471027","grey"
"gene-LOC140680452|LOC140680452","midnightblue"
"gene-LOC100222168|LOC100222168","blue"
"gene-CDCA2|CDCA2","blue"
"gene-EBF2|EBF2","white"
"gene-DOCK5|DOCK5","blue"
"gene-LOC140680441|LOC140680441","blue"
"gene-NEFL|NEFL","midnightblue"
"gene-KCTD9|KCTD9","grey"
"gene-LOC140680455|LOC140680455","white"
"gene-PPP2R2A|PPP2R2A","red"
"gene-BNIP3L|BNIP3L","red"
"gene-DPYSL2|DPYSL2","darkturquoise"
"gene-LRRTM4|LRRTM4","tan"
"gene-LOC140680453|LOC140680453","lightyellow"
"gene-TGFA|TGFA","bisque4"
"gene-TIA1|TIA1","turquoise"
"gene-FAM136A|FAM136A","yellow"
"gene-SNRPG|SNRPG","turquoise"
"gene-PCYOX1|PCYOX1","green"
"gene-C22H2orf42|C22H2orf42","turquoise"
"gene-MRPS24|MRPS24","yellow"
"gene-NPC1L1|NPC1L1","yellow"
"gene-DDX56|DDX56","purple"
"gene-LOC115498164|LOC115498164","blue"
"gene-LOC115498162|LOC115498162","blue"
"gene-TMED4|TMED4","pink"
"gene-LOC115498090|LOC115498090","blue"
"gene-STARD7|STARD7","pink"
"gene-TMEM127|TMEM127","green"
"gene-SEMA4C|SEMA4C","grey"
"gene-CIAO1|CIAO1","brown"
"gene-SNRNP200|SNRNP200","black"
"gene-LOC140680446|LOC140680446","greenyellow"
"gene-ANKRD39|ANKRD39","turquoise"
"gene-CNNM4|CNNM4","brown"
"gene-LMAN2L|LMAN2L","steelblue"
"gene-NCAPH|NCAPH","blue"
"gene-KANSL3|KANSL3","turquoise"
"gene-ARID5A|ARID5A","royalblue"
"gene-SLC4A5|SLC4A5","skyblue"
"gene-TACR1|TACR1","turquoise"
"gene-MTHFD2|MTHFD2","turquoise"
"gene-BOLA3|BOLA3","pink"
"gene-TET3|TET3","turquoise"
"gene-DGUOK|DGUOK","floralwhite"
"gene-ACTG2|ACTG2","turquoise"
"gene-STAMBP|STAMBP","yellow"
"gene-DUSP11|DUSP11","turquoise"
"gene-PRNP|PRNP","grey"
"gene-LOC140680459|LOC140680459","blue"
"gene-RASSF2|RASSF2","blue"
"gene-SLC23A2|SLC23A2","blue"
"gene-LOC115498161|LOC115498161","purple"
"gene-ANTXR1|ANTXR1","skyblue"
"gene-TMEM230|TMEM230","grey"
"gene-PCNA|PCNA","blue"
"gene-CDS2|CDS2","black"
"gene-ARHGAP25|ARHGAP25","blue"
"gene-BMP10|BMP10","magenta"
"gene-GKN2|GKN2","grey60"
"gene-GFPT1|GFPT1","brown"
"gene-LOC140680440|LOC140680440","grey60"
"gene-AAK1|AAK1","blue"
"gene-NFU1|NFU1","pink"
"gene-LOC140680457|LOC140680457","white"
"gene-ANXA4|ANXA4","blue"
"gene-LOC101233732|LOC101233732","blue"
"gene-GMCL1|GMCL1","blue"
"gene-ADD2|ADD2","lightcyan"
"gene-SNRNP27|SNRNP27","pink"
"gene-MXD1|MXD1","magenta"
"gene-USP39|USP39","turquoise"
"gene-C22H2orf68|C22H2orf68","turquoise"
"gene-LOC115498215|LOC115498215","lightpink4"
"gene-VAMP8|VAMP8","pink"
"gene-GGCX|GGCX","yellow"
"gene-MAT2A|MAT2A","turquoise"
"gene-H2AFV|H2AFV","greenyellow"
"gene-PURB|PURB","turquoise"
"gene-COX5B|COX5B","yellow"
"gene-LOC100189956|LOC100189956","yellow"
"gene-LOC115498212|LOC115498212","magenta"
"gene-LOC115498208|LOC115498208","turquoise"
"gene-ELMOD3|ELMOD3","turquoise"
"gene-RETSAT|RETSAT","bisque4"
"gene-TCF7L1|TCF7L1","turquoise"
"gene-TGOLN2|TGOLN2","brown"
"gene-DBNL|DBNL","blue"
"gene-GNLY|GNLY","blue"
"gene-AEBP1|AEBP1","blue"
"gene-POLD2|POLD2","pink"
"gene-GCK|GCK","blue"
"gene-CAMK2B|CAMK2B","orange"
"gene-YKT6|YKT6","magenta"
"gene-NUDCD3|NUDCD3","saddlebrown"
"gene-SLC20A1|SLC20A1","green"
"gene-LOC100218400|LOC100218400","magenta"
"gene-CKAP2L|CKAP2L","red"
"gene-LOC100227014|LOC100227014","blue"
"gene-OGDH|OGDH","green"
"gene-LOC140680449|LOC140680449","blue"
"gene-ZMIZ2|ZMIZ2","turquoise"
"gene-PPIA|PPIA","yellow"
"gene-LUZP1|LUZP1","grey"
"gene-KDM1A|KDM1A","brown"
"gene-ZMPSTE24|ZMPSTE24","brown"
"gene-RLF|RLF","turquoise"
"gene-LOC115498248|LOC115498248","blue"
"gene-MYCBP|MYCBP","yellow"
"gene-GJA9|GJA9","sienna3"
"gene-RRAGC|RRAGC","brown"
"gene-POU3F1|POU3F1","pink"
"gene-LOC115498278|LOC115498278","pink"
"gene-FHL3|FHL3","salmon"
"gene-UTP11|UTP11","yellow"
"gene-LOC115498232|LOC115498232","turquoise"
"gene-SF3A3|SF3A3","turquoise"
"gene-INPP5B|INPP5B","turquoise"
"gene-MTF1|MTF1","turquoise"
"gene-YRDC|YRDC","yellow"
"gene-EPHA10|EPHA10","turquoise"
"gene-CDCA8|CDCA8","lightyellow"
"gene-AIRIM|AIRIM","turquoise"
"gene-LOC115498236|LOC115498236","darkorange2"
"gene-GNL2|GNL2","yellow"
"gene-SNIP1|SNIP1","turquoise"
"gene-DNALI1|DNALI1","royalblue"
"gene-MEAF6|MEAF6","darkorange2"
"gene-LOC115498258|LOC115498258","grey"
"gene-ZC3H12A|ZC3H12A","blue"
"gene-GRIK3|GRIK3","grey"
"gene-CSF3R|CSF3R","blue"
"gene-MRPS15|MRPS15","yellow"
"gene-OSCP1|OSCP1","skyblue3"
"gene-LSM10|LSM10","turquoise"
"gene-LOC100221865|LOC100221865","yellow"
"gene-MAP7D1|MAP7D1","blue"
"gene-STK40|STK40","brown"
"gene-EVA1B|EVA1B","greenyellow"
"gene-LOC115498277|LOC115498277","blue"
"gene-THRAP3|THRAP3","turquoise"
"gene-TRAPPC3|TRAPPC3","green"
"gene-COL8A2|COL8A2","magenta"
"gene-ADPRS|ADPRS","brown"
"gene-AGO3|AGO3","brown"
"gene-LOC100232386|LOC100232386","salmon"
"gene-AGO4|AGO4","violet"
"gene-CLSPN|CLSPN","black"
"gene-C23H1orf216|C23H1orf216","blue"
"gene-PSMB2|PSMB2","yellow"
"gene-NCDN|NCDN","red"
"gene-KIAA0319L|KIAA0319L","green"
"gene-LOC100227613|LOC100227613","turquoise"
"gene-LOC140680472|LOC140680472","maroon"
"gene-TMEM35B|TMEM35B","magenta"
"gene-SFPQ|SFPQ","turquoise"
"gene-SMIM12|SMIM12","magenta"
"gene-GJA4|GJA4","greenyellow"
"gene-CSMD2|CSMD2","palevioletred3"
"gene-RIMS3|RIMS3","salmon4"
"gene-COL9A2|COL9A2","brown4"
"gene-SMAP2|SMAP2","grey"
"gene-LOC140680491|LOC140680491","thistle2"
"gene-NFYC|NFYC","green"
"gene-LOC140680476|LOC140680476","purple"
"gene-KCNQ4|KCNQ4","midnightblue"
"gene-TINAGL1|TINAGL1","midnightblue"
"gene-PEF1|PEF1","brown4"
"gene-COL16A1|COL16A1","greenyellow"
"gene-LOC140680466|LOC140680466","plum1"
"gene-PTP4A2|PTP4A2","yellow"
"gene-LOC140680467|LOC140680467","turquoise"
"gene-LOC140680481|LOC140680481","red"
"gene-KHDRBS1|KHDRBS1","brown"
"gene-TMEM39B|TMEM39B","red"
"gene-MARCKSL1|MARCKSL1","blue"
"gene-HDAC1|HDAC1","blue"
"gene-LCK|LCK","blue"
"gene-LOC100226641|LOC100226641","blue"
"gene-EIF3I|EIF3I","yellow"
"gene-TMEM234|TMEM234","turquoise"
"gene-IQCC|IQCC","yellow"
"gene-CCDC28B|CCDC28B","grey"
"gene-TXLNA|TXLNA","saddlebrown"
"gene-KPNA6|KPNA6","green"
"gene-BSDC1|BSDC1","green"
"gene-ZBTB8B|ZBTB8B","yellow"
"gene-ZBTB8A|ZBTB8A","purple"
"gene-LOC121468050|LOC121468050","greenyellow"
"gene-LOC100222777|LOC100222777","grey"
"gene-LOC140680479|LOC140680479","ivory"
"gene-ZBTB8OS|ZBTB8OS","magenta"
"gene-RBBP4|RBBP4","black"
"gene-SYNC|SYNC","blue"
"gene-S100PBP|S100PBP","red"
"gene-NHSL3|NHSL3","yellow"
"gene-YARS1|YARS1","grey60"
"gene-FNDC5|FNDC5","grey"
"gene-AZIN2|AZIN2","grey"
"gene-RNF19B|RNF19B","blue"
"gene-AK2|AK2","yellow"
"gene-NDUFS5|NDUFS5","yellow"
"gene-PPIE|PPIE","darkorange2"
"gene-MACF1|MACF1","blue"
"gene-PABPC4|PABPC4","yellow"
"gene-LOC115498300|LOC115498300","turquoise"
"gene-HEYL|HEYL","steelblue"
"gene-NT5C1A|NT5C1A","greenyellow"
"gene-MYCL|MYCL","grey"
"gene-TRIT1|TRIT1","magenta"
"gene-MFSD2A|MFSD2A","yellow"
"gene-CAP1|CAP1","blue"
"gene-PPT1|PPT1","blue"
"gene-SRRM1|SRRM1","turquoise"
"gene-RUNX3|RUNX3","blue"
"gene-CLIC4|CLIC4","brown"
"gene-LOC140680465|LOC140680465","grey"
"gene-ELOA|ELOA","brown"
"gene-IFNLR1|IFNLR1","pink"
"gene-GRHL3|GRHL3","turquoise"
"gene-RCAN3|RCAN3","steelblue"
"gene-RPL11|RPL11","pink"
"gene-LOC140680470|LOC140680470","turquoise"
"gene-PITHD1|PITHD1","yellow"
"gene-LOC121471059|LOC121471059","royalblue"
"gene-LYPLA2|LYPLA2","grey"
"gene-GALE|GALE","cyan"
"gene-HMGCL|HMGCL","mediumpurple3"
"gene-FUCA1|FUCA1","blue"
"gene-CNR2|CNR2","blue"
"gene-PNRC2|PNRC2","black"
"gene-SRSF10|SRSF10","grey"
"gene-LOC100226705|LOC100226705","magenta"
"gene-MYOM3|MYOM3","blue"
"gene-IL22RA1|IL22RA1","darkred"
"gene-LOC121471055|LOC121471055","turquoise"
"gene-NIPAL3|NIPAL3","turquoise"
"gene-NCMAP|NCMAP","blue"
"gene-SYF2|SYF2","yellow"
"gene-RSRP1|RSRP1","turquoise"
"gene-TMEM50A|TMEM50A","pink"
"gene-RHCE|RHCE","midnightblue"
"gene-MACO1|MACO1","red"
"gene-LDLRAP1|LDLRAP1","red"
"gene-SELENON|SELENON","brown"
"gene-MAN1C1|MAN1C1","red"
"gene-MTFR1L|MTFR1L","yellow"
"gene-LOC105758795|LOC105758795","brown4"
"gene-PAQR7|PAQR7","grey"
"gene-STMN1|STMN1","blue"
"gene-EXTL1|EXTL1","blue"
"gene-PDIK1L|PDIK1L","turquoise"
"gene-FAM110D|FAM110D","turquoise"
"gene-ZNF593|ZNF593","yellow"
"gene-LOC115498294|LOC115498294","grey"
"gene-DHDDS|DHDDS","darkgrey"
"gene-RPS6KA1|RPS6KA1","skyblue"
"gene-CNKSR1|CNKSR1","red"
"gene-CEP85|CEP85","blue"
"gene-SH3BGRL3|SH3BGRL3","blue"
"gene-UBXN11|UBXN11","blue"
"gene-CRYBG2|CRYBG2","turquoise"
"gene-LIN28A|LIN28A","turquoise"
"gene-HMGN2|HMGN2","turquoise"
"gene-ARID1A|ARID1A","blue"
"gene-SFN|SFN","grey"
"gene-PIGV|PIGV","turquoise"
"gene-ZDHHC18|ZDHHC18","turquoise"
"gene-LOC115498267|LOC115498267","turquoise"
"gene-SLC9A1|SLC9A1","blue"
"gene-GPN2|GPN2","pink"
"gene-GPATCH3|GPATCH3","turquoise"
"gene-NR0B2|NR0B2","greenyellow"
"gene-NUDC|NUDC","brown"
"gene-KDF1|KDF1","grey"
"gene-TRNP1|TRNP1","greenyellow"
"gene-LOC140680475|LOC140680475","greenyellow"
"gene-TENT5B|TENT5B","greenyellow"
"gene-WDTC1|WDTC1","green"
"gene-TMEM222|TMEM222","turquoise"
"gene-SYTL1|SYTL1","blue"
"gene-WASF2|WASF2","brown"
"gene-AHDC1|AHDC1","blue"
"gene-LOC115498240|LOC115498240","blue"
"gene-FGR|FGR","blue"
"gene-LOC100218918|LOC100218918","blue"
"gene-FAM76A|FAM76A","brown"
"gene-LOC115498270|LOC115498270","turquoise"
"gene-SESN2|SESN2","turquoise"
"gene-LOC140680463|LOC140680463","turquoise"
"gene-PHACTR4|PHACTR4","grey"
"gene-RCC1|RCC1","grey"
"gene-LOC115498299|LOC115498299","midnightblue"
"gene-TCEA3|TCEA3","pink"
"gene-ASAP3|ASAP3","turquoise"
"gene-E2F2|E2F2","blue"
"gene-LOC105758793|LOC105758793","maroon"
"gene-ID3|ID3","purple"
"gene-LOC121471042|LOC121471042","purple"
"gene-HNRNPR|HNRNPR","brown"
"gene-PTAFR|PTAFR","blue"
"gene-ATP5IF1|ATP5IF1","yellow"
"gene-DNAJC8|DNAJC8","brown"
"gene-EYA3|EYA3","blue"
"gene-XKR8|XKR8","grey"
"gene-RPA2|RPA2","blue"
"gene-SMPDL3B|SMPDL3B","purple"
"gene-PPP1R8|PPP1R8","brown"
"gene-STX12|STX12","green"
"gene-CITED4|CITED4","red"
"gene-CTPS1|CTPS1","brown"
"gene-SCMH1|SCMH1","brown"
"gene-FOXO6|FOXO6","red"
"gene-PTPRU|PTPRU","blue"
"gene-HIVEP3|HIVEP3","blue"
"gene-EDN2|EDN2","darkolivegreen"
"gene-SERINC2|SERINC2","grey"
"gene-FABP3|FABP3","blue"
"gene-ZCCHC17|ZCCHC17","grey60"
"gene-LOC100190336|LOC100190336","darkgreen"
"gene-PUM1|PUM1","brown"
"gene-SDC3|SDC3","yellow"
"gene-LAPTM5|LAPTM5","blue"
"gene-LOC140680474|LOC140680474","blue"
"gene-MECR|MECR","blue"
"gene-SRSF4|SRSF4","blue"
"gene-LOC100220846|LOC100220846","green"
"gene-TMEM200B|TMEM200B","grey"
"gene-LOC100219910|LOC100219910","turquoise"
"gene-EPB41|EPB41","black"
"gene-TRNAU1AP|TRNAU1AP","magenta"
"gene-LOC140680477|LOC140680477","ivory"
"gene-LOC121471063|LOC121471063","turquoise"
"gene-LOC115498308|LOC115498308","turquoise"
"gene-LOC121471064|LOC121471064","turquoise"
"gene-LOC115498305|LOC115498305","turquoise"
"gene-LOC105758783|LOC105758783","turquoise"
"gene-TAF12|TAF12","salmon"
"gene-LOC115498303|LOC115498303","turquoise"
"gene-GMEB1|GMEB1","darkred"
"gene-YTHDF2|YTHDF2","brown"
"gene-LOC116807435|LOC116807435","orange"
"gene-LOC140680514|LOC140680514","violet"
"gene-ST14|ST14","brown"
"gene-NFRKB|NFRKB","turquoise"
"gene-PRDM10|PRDM10","turquoise"
"gene-LOC115498359|LOC115498359","darkorange"
"gene-LOC140680496|LOC140680496","red"
"gene-TMEM45B|TMEM45B","tan"
"gene-ARHGAP32|ARHGAP32","grey"
"gene-APLP2|APLP2","brown"
"gene-FLI1|FLI1","blue"
"gene-ETS1|ETS1","darkturquoise"
"gene-KIRREL3|KIRREL3","brown"
"gene-ST3GAL4|ST3GAL4","brown"
"gene-DCPS|DCPS","blue"
"gene-TIRAP|TIRAP","magenta"
"gene-LOC115498310|LOC115498310","grey"
"gene-FAM118B|FAM118B","blue"
"gene-SRPRA|SRPRA","brown"
"gene-FOXRED1|FOXRED1","yellow"
"gene-EI24|EI24","yellow"
"gene-STT3A|STT3A","grey60"
"gene-CHEK1|CHEK1","blue"
"gene-VSIG10L2|VSIG10L2","royalblue"
"gene-CDON|CDON","magenta"
"gene-LOC140680520|LOC140680520","grey"
"gene-NRGN|NRGN","yellow"
"gene-PUS3|PUS3","pink"
"gene-HYLS1|HYLS1","turquoise"
"gene-DDX25|DDX25","tan"
"gene-RPUSD4|RPUSD4","turquoise"
"gene-PANX3|PANX3","grey"
"gene-SIAE|SIAE","turquoise"
"gene-LOC105758824|LOC105758824","greenyellow"
"gene-MSANTD2|MSANTD2","turquoise"
"gene-ROBO4|ROBO4","grey"
"gene-CCDC15|CCDC15","turquoise"
"gene-SLC37A2|SLC37A2","blue"
"gene-TMEM218|TMEM218","darkturquoise"
"gene-PKNOX2|PKNOX2","tan"
"gene-FEZ1|FEZ1","grey"
"gene-LOC115498340|LOC115498340","grey"
"gene-ZBTB44|ZBTB44","purple"
"gene-ADAMTS8|ADAMTS8","grey"
"gene-SNX19|SNX19","grey"
"gene-LOC100226286|LOC100226286","brown"
"gene-LOC100229124|LOC100229124","greenyellow"
"gene-IGSF9B|IGSF9B","blue"
"gene-JAM3|JAM3","green"
"gene-NCAPD3|NCAPD3","blue"
"gene-VPS26B|VPS26B","brown"
"gene-THYN1|THYN1","brown"
"gene-ACAD8|ACAD8","green"
"gene-B3GAT1|B3GAT1","red"
"gene-GLB1L2|GLB1L2","bisque4"
"gene-CLMP|CLMP","greenyellow"
"gene-LOC121471083|LOC121471083","yellow"
"gene-GRAMD1B|GRAMD1B","greenyellow"
"gene-LOC140680518|LOC140680518","yellow"
"gene-ATP12A|ATP12A","grey"
"gene-SCN3B|SCN3B","turquoise"
"gene-JHY|JHY","grey"
"gene-CRTAM|CRTAM","blue"
"gene-HSPA8|HSPA8","lightgreen"
"gene-LOC115498370|LOC115498370","darkgrey"
"gene-LOC115498371|LOC115498371","darkgrey"
"gene-LOC115498372|LOC115498372","darkgrey"
"gene-UBASH3B|UBASH3B","blue"
"gene-LOC140680500|LOC140680500","turquoise"
"gene-MIR125-2|MIR125-2","turquoise"
"gene-SORL1|SORL1","magenta"
"gene-SC5D|SC5D","magenta"
"gene-TECTA|TECTA","black"
"gene-TBCEL|TBCEL","grey"
"gene-GRIK4|GRIK4","grey"
"gene-ARHGEF12|ARHGEF12","brown"
"gene-LOC100225363|LOC100225363","grey"
"gene-LOC100221565|LOC100221565","midnightblue"
"gene-OAF|OAF","green"
"gene-NECTIN1|NECTIN1","red"
"gene-THY1|THY1","blue"
"gene-USP2|USP2","greenyellow"
"gene-C1QTNF5|C1QTNF5","brown"
"gene-RNF26|RNF26","brown"
"gene-MCAM|MCAM","blue"
"gene-CBL|CBL","blue"
"gene-NHERF4|NHERF4","grey"
"gene-NLRX1|NLRX1","brown"
"gene-HINFP|HINFP","yellow"
"gene-POU2AF1|POU2AF1","blue"
"gene-LAYN|LAYN","grey"
"gene-SIK2|SIK2","grey"
"gene-CRYAB|CRYAB","grey"
"gene-LOC100232104|LOC100232104","darkorange"
"gene-LOC121471073|LOC121471073","blue"
"gene-C24H11orf52|C24H11orf52","greenyellow"
"gene-DIXDC1|DIXDC1","greenyellow"
"gene-NKAPD1|NKAPD1","brown"
"gene-DLAT|DLAT","green"
"gene-IL18|IL18","blue"
"gene-SDHD|SDHD","yellow"
"gene-BCO2|BCO2","midnightblue"
"gene-LOC115498338|LOC115498338","tan"
"gene-PTS|PTS","brown4"
"gene-NCAM1|NCAM1","purple"
"gene-ZW10|ZW10","brown"
"gene-LOC100222416|LOC100222416","blue"
"gene-CD3E|CD3E","blue"
"gene-LOC100228193|LOC100228193","tan"
"gene-MPZL3|MPZL3","grey"
"gene-LOC105758833|LOC105758833","grey"
"gene-SCN2B|SCN2B","blue"
"gene-SMIM35|SMIM35","midnightblue"
"gene-IL10RA|IL10RA","blue"
"gene-TMPRSS13|TMPRSS13","floralwhite"
"gene-FXYD6|FXYD6","blue"
"gene-DSCAML1|DSCAML1","grey"
"gene-CEP164|CEP164","turquoise"
"gene-BACE1|BACE1","grey"
"gene-RNF214|RNF214","green"
"gene-PCSK7|PCSK7","greenyellow"
"gene-TAGLN|TAGLN","yellow"
"gene-SIDT2|SIDT2","yellow"
"gene-PAFAH1B2|PAFAH1B2","brown"
"gene-ZPR1|ZPR1","yellow"
"gene-BUD13|BUD13","turquoise"
"gene-CADM1|CADM1","pink"
"gene-REXO2|REXO2","pink"
"gene-RBM7|RBM7","brown"
"gene-LOC100229133|LOC100229133","red"
"gene-ZBTB16|ZBTB16","red"
"gene-USP28|USP28","green"
"gene-CLDN25|CLDN25","green"
"gene-LOC100222418|LOC100222418","lavenderblush3"
"gene-UBE4A|UBE4A","brown"
"gene-ATP5MG|ATP5MG","yellow"
"gene-KMT2A|KMT2A","turquoise"
"gene-SIK3|SIK3","purple"
"gene-APOA1|APOA1","magenta"
"gene-APOC3|APOC3","magenta"
"gene-APOA4|APOA4","grey"
"gene-PHLDB1|PHLDB1","turquoise"
"gene-TTC36|TTC36","yellow"
"gene-TMEM25|TMEM25","turquoise"
"gene-IFT46|IFT46","turquoise"
"gene-ARCN1|ARCN1","yellow"
"gene-HMBS|HMBS","floralwhite"
"gene-VPS11|VPS11","grey60"
"gene-H2AX|H2AX","red"
"gene-CENATAC|CENATAC","turquoise"
"gene-HYOU1|HYOU1","royalblue"
"gene-SLC37A4|SLC37A4","magenta"
"gene-TRAPPC4|TRAPPC4","grey60"
"gene-RPS25|RPS25","pink"
"gene-LOC115498361|LOC115498361","red"
"gene-BCL9L|BCL9L","green"
"gene-CXCR5|CXCR5","blue"
"gene-DDX6|DDX6","black"
"gene-C2CD2L|C2CD2L","brown"
"gene-DPAGT1|DPAGT1","yellow"
"gene-LOC140680510|LOC140680510","lightcyan"
"gene-LOC140680511|LOC140680511","turquoise"
"gene-LOC140680621|LOC140680621","grey"
"gene-LOC140680620|LOC140680620","orange"
"gene-LOC140680601|LOC140680601","red"
"gene-LOC121468294|LOC121468294","orange"
"gene-LOC140680605|LOC140680605","plum1"
"gene-LOC121468896|LOC121468896","turquoise"
"gene-LOC115492331|LOC115492331","darkorange2"
"gene-LOC140680578|LOC140680578","darkorange2"
"gene-LOC116807514|LOC116807514","grey"
"gene-LOC140680579|LOC140680579","darkorange2"
"gene-LOC140680583|LOC140680583","grey"
"gene-LOC140680609|LOC140680609","plum1"
"gene-LOC140680540|LOC140680540","plum1"
"gene-LOC140680613|LOC140680613","plum1"
"gene-LOC140680612|LOC140680612","plum1"
"gene-LOC140680589|LOC140680589","orange"
"gene-LOC140680541|LOC140680541","darkorange"
"gene-LOC140680580|LOC140680580","turquoise"
"gene-LOC140680272|LOC140680272","lightcyan"
"gene-LOC140680618|LOC140680618","lightcyan"
"gene-LOC140680542|LOC140680542","orange"
"gene-LOC140680644|LOC140680644","orange"
"gene-LOC140680602|LOC140680602","orange"
"gene-LOC140680585|LOC140680585","grey"
"gene-LOC140680586|LOC140680586","orange"
"gene-LOC140680544|LOC140680544","plum1"
"gene-LOC140680545|LOC140680545","cyan"
"gene-LOC116807467|LOC116807467","orange"
"gene-LOC140680631|LOC140680631","plum1"
"gene-LOC140680655|LOC140680655","orange"
"gene-LOC140680567|LOC140680567","orange"
"gene-LOC140680549|LOC140680549","grey"
"gene-LOC140680610|LOC140680610","orange"
"gene-LOC140680623|LOC140680623","turquoise"
"gene-LOC140680568|LOC140680568","cyan"
"gene-LOC121468895|LOC121468895","turquoise"
"gene-LOC140680553|LOC140680553","darkorange2"
"gene-LOC140680624|LOC140680624","orange"
"gene-LOC140680653|LOC140680653","plum1"
"gene-LOC140680590|LOC140680590","plum1"
"gene-LOC140680615|LOC140680615","grey"
"gene-LOC140680558|LOC140680558","grey"
"gene-LOC140680656|LOC140680656","orange"
"gene-LOC140680616|LOC140680616","orange"
"gene-LOC140680560|LOC140680560","paleturquoise"
"gene-LOC140680592|LOC140680592","lightyellow"
"gene-LOC140680607|LOC140680607","orange"
"gene-LOC140680617|LOC140680617","grey"
"gene-LOC140680619|LOC140680619","grey"
"gene-LOC121468058|LOC121468058","turquoise"
"gene-LOC140680535|LOC140680535","black"
"gene-LOC140680648|LOC140680648","orange"
"gene-LOC140680654|LOC140680654","midnightblue"
"gene-LOC121468924|LOC121468924","thistle2"
"gene-LOC121468894|LOC121468894","darkorange2"
"gene-LOC140680642|LOC140680642","red"
"gene-LOC105760177|LOC105760177","red"
"gene-LOC115498493|LOC115498493","blue"
"gene-LOC115490551|LOC115490551","grey"
"gene-LOC140680645|LOC140680645","grey"
"gene-LOC140680650|LOC140680650","grey"
"gene-LOC140680561|LOC140680561","grey"
"gene-LOC140680563|LOC140680563","grey"
"gene-LOC100231660|LOC100231660","plum1"
"gene-CCT3|CCT3","yellow"
"gene-LOC100190115|LOC100190115","pink"
"gene-LOC116806633|LOC116806633","grey"
"gene-LOC140680246|LOC140680246","turquoise"
"gene-ZBTB7B|ZBTB7B","blue"
"gene-LOC105758838|LOC105758838","greenyellow"
"gene-FLAD1|FLAD1","greenyellow"
"gene-CKS1B|CKS1B","turquoise"
"gene-SHC1|SHC1","green"
"gene-PYGO2|PYGO2","grey60"
"gene-PBXIP1|PBXIP1","grey60"
"gene-PMVK|PMVK","steelblue"
"gene-KCNN3|KCNN3","brown"
"gene-ADAR|ADAR","darkorange"
"gene-CHRNB2|CHRNB2","magenta"
"gene-UBE2Q1|UBE2Q1","salmon"
"gene-ATP8B2|ATP8B2","green"
"gene-SHE|SHE","pink"
"gene-IL6R|IL6R","grey"
"gene-AQP10|AQP10","turquoise"
"gene-LOC140680532|LOC140680532","cyan"
"gene-HAX1|HAX1","yellow"
"gene-PMF1|PMF1","blue"
"gene-TPM3|TPM3","brown"
"gene-UBAP2L|UBAP2L","turquoise"
"gene-C25H1orf43|C25H1orf43","yellow"
"gene-CFAP141|CFAP141","yellowgreen"
"gene-LOC140680611|LOC140680611","grey"
"gene-TMEM79|TMEM79","steelblue"
"gene-SMG5|SMG5","brown"
"gene-SLC25A44|SLC25A44","green"
"gene-SEMA4A|SEMA4A","blue"
"gene-LMNA|LMNA","steelblue"
"gene-MEX3A|MEX3A","orangered4"
"gene-LOC100231666|LOC100231666","pink"
"gene-RAB25|RAB25","green"
"gene-LAMTOR2|LAMTOR2","pink"
"gene-UBQLN4|UBQLN4","green"
"gene-TTC24|TTC24","grey"
"gene-GPATCH4|GPATCH4","greenyellow"
"gene-NAXE|NAXE","yellow"
"gene-LOC116809308|LOC116809308","midnightblue"
"gene-IQGAP3|IQGAP3","blue"
"gene-MEF2D|MEF2D","black"
"gene-RHBG|RHBG","greenyellow"
"gene-HAPLN2|HAPLN2","grey"
"gene-NES|NES","salmon"
"gene-LOC105759762|LOC105759762","darkgrey"
"gene-CRABP2|CRABP2","darkred"
"gene-ISG20L2|ISG20L2","yellow"
"gene-METTL25B|METTL25B","turquoise"
"gene-MRPL24|MRPL24","yellow"
"gene-HDGF|HDGF","yellow"
"gene-INSRR|INSRR","blue"
"gene-LOC115498461|LOC115498461","blue"
"gene-PRCC|PRCC","saddlebrown"
"gene-SH2D2A|SH2D2A","blue"
"gene-PEAR1|PEAR1","yellow"
"gene-ADAM15|ADAM15","salmon"
"gene-EFNA4|EFNA4","turquoise"
"gene-EFNA3|EFNA3","mediumpurple3"
"gene-EFNA1|EFNA1","darkolivegreen"
"gene-SLC50A1|SLC50A1","blue"
"gene-DPM3|DPM3","pink"
"gene-MUC1|MUC1","tan"
"gene-KRTCAP2|KRTCAP2","yellow"
"gene-TRIM46|TRIM46","greenyellow"
"gene-LOC115498471|LOC115498471","red"
"gene-MTX1|MTX1","yellow"
"gene-THBS3|THBS3","red"
"gene-ENTREP3|ENTREP3","red"
"gene-CLK2|CLK2","turquoise"
"gene-LOC100227578|LOC100227578","blue"
"gene-SCAMP3|SCAMP3","grey"
"gene-DUSP23|DUSP23","yellow"
"gene-IGSF9|IGSF9","cyan"
"gene-TAGLN2|TAGLN2","blue"
"gene-PEX19|PEX19","yellow"
"gene-HCN3|HCN3","steelblue"
"gene-HORMAD1|HORMAD1","turquoise"
"gene-LOC115498470|LOC115498470","purple"
"gene-LOC115498460|LOC115498460","brown"
"gene-LOC116807689|LOC116807689","darkred"
"gene-LOC100230049|LOC100230049","darkturquoise"
"gene-FDPS|FDPS","green"
"gene-RUSC1|RUSC1","purple"
"gene-ASH1L|ASH1L","navajowhite2"
"gene-DAP3|DAP3","yellow"
"gene-MSTO1|MSTO1","turquoise"
"gene-GON4L|GON4L","grey"
"gene-SYT11|SYT11","yellow"
"gene-RIT1|RIT1","white"
"gene-KHDC4|KHDC4","turquoise"
"gene-GOLPH3L|GOLPH3L","blue"
"gene-GLMP|GLMP","brown"
"gene-TRNAR-UCU-3|TRNAR-UCU","turquoise"
"gene-ACKR1|ACKR1","darkturquoise"
"gene-LOC105760330|LOC105760330","bisque4"
"gene-DCAF8|DCAF8","grey"
"gene-PEA15|PEA15","blue"
"gene-F11R|F11R","brown"
"gene-ARHGAP30|ARHGAP30","blue"
"gene-USF1|USF1","green"
"gene-MPZ|MPZ","pink"
"gene-LOC115498404|LOC115498404","yellowgreen"
"gene-NIT1|NIT1","grey60"
"gene-LOC115498406|LOC115498406","darkturquoise"
"gene-CFAP126|CFAP126","turquoise"
"gene-SDHC|SDHC","yellow"
"gene-NECTIN4|NECTIN4","tan"
"gene-PFDN2|PFDN2","yellow"
"gene-DEDD|DEDD","brown"
"gene-S100A10|S100A10","salmon"
"gene-TDRKH|TDRKH","blue"
"gene-MRPL9|MRPL9","yellow"
"gene-LOC115498413|LOC115498413","grey"
"gene-SNX27|SNX27","brown"
"gene-TOMM40L|TOMM40L","yellow"
"gene-UFC1|UFC1","yellow"
"gene-USP21|USP21","pink"
"gene-PPOX|PPOX","yellowgreen"
"gene-B4GALT3|B4GALT3","pink"
"gene-NDUFS2|NDUFS2","yellow"
"gene-ITGA10|ITGA10","turquoise"
"gene-FCER1G|FCER1G","blue"
"gene-POLR3C|POLR3C","grey"
"gene-RNF115|RNF115","darkgreen"
"gene-PEX11B|PEX11B","green"
"gene-LIX1L|LIX1L","magenta"
"gene-RBM8A|RBM8A","green"
"gene-ANKRD34A|ANKRD34A","red"
"gene-POLR3GL|POLR3GL","blue"
"gene-TXNIP|TXNIP","grey"
"gene-HJV|HJV","green"
"gene-BOLA1|BOLA1","yellow"
"gene-SF3B4|SF3B4","salmon"
"gene-MTMR11|MTMR11","steelblue"
"gene-OTUD7B|OTUD7B","brown"
"gene-VPS45|VPS45","yellow"
"gene-PLEKHO1|PLEKHO1","blue"
"gene-LOC116809303|LOC116809303","turquoise"
"gene-LOC115498426|LOC115498426","blue"
"gene-ANP32E|ANP32E","brown"
"gene-APH1A|APH1A","turquoise"
"gene-CA14|CA14","grey"
"gene-CIART|CIART","skyblue"
"gene-MRPS21|MRPS21","yellow"
"gene-PRPF3|PRPF3","darkgreen"
"gene-RPRD2|RPRD2","palevioletred3"
"gene-ECM1|ECM1","blue"
"gene-TARS2|TARS2","turquoise"
"gene-CTSK|CTSK","blue"
"gene-ARNT|ARNT","pink"
"gene-CTXND2|CTXND2","orangered4"
"gene-SETDB1|SETDB1","blue"
"gene-CERS2|CERS2","brown"
"gene-MINDY1|MINDY1","grey"
"gene-MLLT11|MLLT11","blue"
"gene-LOC140680575|LOC140680575","lightyellow"
"gene-PRUNE1|PRUNE1","turquoise"
"gene-CDC42SE1|CDC42SE1","brown"
"gene-SEMA6C|SEMA6C","turquoise"
"gene-NUDT17|NUDT17","white"
"gene-ANKRD35|ANKRD35","paleturquoise"
"gene-LOC100223082|LOC100223082","blue"
"gene-ARHGEF2|ARHGEF2","blue"
"gene-RPS27|RPS27","pink"
"gene-RAB13|RAB13","pink"
"gene-JTB|JTB","pink"
"gene-CREB3L4|CREB3L4","turquoise"
"gene-SLC39A1|SLC39A1","pink"
"gene-CRTC2|CRTC2","turquoise"
"gene-DENND4B|DENND4B","turquoise"
"gene-LOC140680576|LOC140680576","turquoise"
"gene-GATAD2B|GATAD2B","darkturquoise"
"gene-SLC27A3|SLC27A3","orangered4"
"gene-INTS3|INTS3","turquoise"
"gene-NPR1|NPR1","turquoise"
"gene-LOC115498449|LOC115498449","cyan"
"gene-ILF2|ILF2","turquoise"
"gene-SNAPIN|SNAPIN","brown4"
"gene-S100A13|S100A13","yellow"
"gene-LOC115498511|LOC115498511","red"
"gene-CHTOP|CHTOP","turquoise"
"gene-S100A16|S100A16","yellow"
"gene-LOC115498500|LOC115498500","blue"
"gene-LOC115498509|LOC115498509","blue"
"gene-LOC140680598|LOC140680598","black"
"gene-TCHH|TCHH","blue"
"gene-S100A11|S100A11","blue"
"gene-VANGL2|VANGL2","blue"
"gene-LOC115498454|LOC115498454","blue"
"gene-NCSTN|NCSTN","brown"
"gene-COPA|COPA","brown"
"gene-LOC115498496|LOC115498496","blue"
"gene-LOC140680565|LOC140680565","blue"
"gene-SLAMF1|SLAMF1","blue"
"gene-CD48|CD48","blue"
"gene-LOC115498489|LOC115498489","blue"
"gene-KIRREL1|KIRREL1","blue"
"gene-LOC115498399|LOC115498399","brown"
"gene-ETV3|ETV3","turquoise"
"gene-LOC105758865|LOC105758865","magenta"
"gene-SCNM1|SCNM1","turquoise"
"gene-LYSMD1|LYSMD1","turquoise"
"gene-TMOD4|TMOD4","turquoise"
"gene-VPS72|VPS72","grey"
"gene-LOC100229769|LOC100229769","turquoise"
"gene-RFX5|RFX5","skyblue3"
"gene-ZNF687|ZNF687","turquoise"
"gene-PI4KB|PI4KB","green"
"gene-LOC140680536|LOC140680536","red"
"gene-LOC100221156|LOC100221156","saddlebrown"
"gene-POGZ|POGZ","turquoise"
"gene-PSMB4|PSMB4","yellow"
"gene-CGN|CGN","turquoise"
"gene-TUFT1|TUFT1","purple"
"gene-MAGI3|MAGI3","turquoise"
"gene-LRIG2|LRIG2","turquoise"
"gene-SLC16A1|SLC16A1","mediumpurple3"
"gene-TAFA3|TAFA3","grey"
"gene-PPM1J|PPM1J","black"
"gene-RHOC|RHOC","salmon"
"gene-MOV10|MOV10","blue"
"gene-WNT2B|WNT2B","plum1"
"gene-CAPZA1|CAPZA1","blue"
"gene-ST7L|ST7L","black"
"gene-CTTNBP2NL|CTTNBP2NL","blue"
"gene-DDX20|DDX20","greenyellow"
"gene-INKA2|INKA2","steelblue"
"gene-RAP1A|RAP1A","brown"
"gene-C26H1orf162|C26H1orf162","blue"
"gene-ATP5PB|ATP5PB","yellow"
"gene-WDR77|WDR77","pink"
"gene-C26H6orf132|C26H6orf132","magenta"
"gene-IRF6|IRF6","steelblue"
"gene-C26H1orf74|C26H1orf74","cyan"
"gene-TRAF3IP3|TRAF3IP3","turquoise"
"gene-LOC100225021|LOC100225021","green"
"gene-LOC100222111|LOC100222111","blue"
"gene-LAMB3|LAMB3","greenyellow"
"gene-G0S2|G0S2","greenyellow"
"gene-PLXNA2|PLXNA2","saddlebrown"
"gene-LOC115498542|LOC115498542","grey"
"gene-CD34|CD34","yellow"
"gene-LOC115498543|LOC115498543","red"
"gene-LOC100232607|LOC100232607","brown"
"gene-PTPN22|PTPN22","blue"
"gene-HIPK1|HIPK1","brown"
"gene-DCLRE1B|DCLRE1B","black"
"gene-AP4B1|AP4B1","grey"
"gene-RSBN1|RSBN1","brown"
"gene-PHTF1|PHTF1","turquoise"
"gene-TBC1D22B|TBC1D22B","midnightblue"
"gene-BRPF3|BRPF3","greenyellow"
"gene-LOC140680661|LOC140680661","grey60"
"gene-MAPK13|MAPK13","turquoise"
"gene-MAPK14|MAPK14","brown"
"gene-LHFPL5|LHFPL5","turquoise"
"gene-SRPK1|SRPK1","brown"
"gene-FKBP5|FKBP5","grey60"
"gene-TEAD3|TEAD3","grey"
"gene-MICAL1|MICAL1","blue"
"gene-LOC116809331|LOC116809331","thistle2"
"gene-SMPD2|SMPD2","turquoise"
"gene-LOC115498566|LOC115498566","darkgreen"
"gene-LOC115498585|LOC115498585","grey"
"gene-FANCE|FANCE","turquoise"
"gene-PPARD|PPARD","salmon"
"gene-DEF6|DEF6","blue"
"gene-ZNF76|ZNF76","turquoise"
"gene-RPL10A|RPL10A","pink"
"gene-ANKS1A|ANKS1A","grey"
"gene-BLTP3A|BLTP3A","blue"
"gene-TAF11|TAF11","yellow"
"gene-SNRPC|SNRPC","pink"
"gene-SPDEF|SPDEF","blue"
"gene-ILRUN|ILRUN","purple"
"gene-PACSIN1|PACSIN1","floralwhite"
"gene-RPS10|RPS10","pink"
"gene-NUDT3|NUDT3","black"
"gene-SMIM29|SMIM29","turquoise"
"gene-HMGA1|HMGA1","blue"
"gene-GRM4|GRM4","black"
"gene-LEMD2|LEMD2","yellowgreen"
"gene-UQCC2|UQCC2","pink"
"gene-ITPR3|ITPR3","grey"
"gene-BAK1|BAK1","blue"
"gene-USP49|USP49","paleturquoise"
"gene-NFYA|NFYA","turquoise"
"gene-FOXP4|FOXP4","red"
"gene-APOBEC2|APOBEC2","midnightblue"
"gene-OARD1|OARD1","magenta"
"gene-NCR2|NCR2","blue"
"gene-TREM1|TREM1","blue"
"gene-LOC140680663|LOC140680663","darkred"
"gene-MDFI|MDFI","grey"
"gene-TFEB|TFEB","blue"
"gene-PGC|PGC","blue"
"gene-FRS3|FRS3","darkmagenta"
"gene-PRICKLE4|PRICKLE4","grey"
"gene-LOC115498535|LOC115498535","bisque4"
"gene-TOMM6|TOMM6","bisque4"
"gene-MED20|MED20","brown"
"gene-BYSL|BYSL","green"
"gene-CCND3|CCND3","blue"
"gene-TAF8|TAF8","black"
"gene-LOC115498586|LOC115498586","blue"
"gene-LOC100219821|LOC100219821","black"
"gene-BTG2|BTG2","blue"
"gene-FMOD|FMOD","turquoise"
"gene-PRELP|PRELP","lightcyan1"
"gene-ATP2B4|ATP2B4","blue"
"gene-ZC3H11A|ZC3H11A","turquoise"
"gene-SNRPE|SNRPE","blue"
"gene-SOX13|SOX13","blue"
"gene-ETNK2|ETNK2","purple"
"gene-REN|REN","tan"
"gene-GOLT1A|GOLT1A","magenta"
"gene-DSTYK|DSTYK","white"
"gene-TMCC2|TMCC2","grey"
"gene-PLEKHA6|PLEKHA6","turquoise"
"gene-PIK3C2B|PIK3C2B","grey"
"gene-MDM4|MDM4","turquoise"
"gene-LRRN2|LRRN2","grey"
"gene-LOC140680664|LOC140680664","grey"
"gene-NFASC|NFASC","black"
"gene-RBBP5|RBBP5","grey"
"gene-PPP1R15B|PPP1R15B","magenta"
"gene-LOC140680692|LOC140680692","turquoise"
"gene-TMEM81|TMEM81","turquoise"
"gene-KLHDC8A|KLHDC8A","grey"
"gene-NUAK2|NUAK2","purple"
"gene-CDK18|CDK18","darkmagenta"
"gene-MFSD4A|MFSD4A","tan"
"gene-ELK4|ELK4","black"
"gene-LOC115498601|LOC115498601","cyan"
"gene-SLC45A3|SLC45A3","blue"
"gene-LOC115498551|LOC115498551","turquoise"
"gene-LOC115498553|LOC115498553","plum1"
"gene-PSRC1|PSRC1","turquoise"
"gene-CELSR2|CELSR2","turquoise"
"gene-PPIL1|PPIL1","yellow"
"gene-ELAPOR1|ELAPOR1","grey"
"gene-SARS1|SARS1","yellow"
"gene-LOC115490606|LOC115490606","turquoise"
"gene-TMEM167B|TMEM167B","grey60"
"gene-SHISA4|SHISA4","yellow"
"gene-LOC115498559|LOC115498559","yellow"
"gene-LMOD1|LMOD1","grey60"
"gene-TIMM17A|TIMM17A","yellow"
"gene-ADIPOR1|ADIPOR1","brown4"
"gene-UBE2T|UBE2T","blue"
"gene-LOC100231703|LOC100231703","turquoise"
"gene-DRAM2|DRAM2","yellow"
"gene-LRIF1|LRIF1","cyan"
"gene-CEPT1|CEPT1","lightyellow"
"gene-DENND2D|DENND2D","blue"
"gene-PPFIA4|PPFIA4","blue"
"gene-IGFN1|IGFN1","grey"
"gene-LOC121471145|LOC121471145","darkgrey"
"gene-TMEM183A|TMEM183A","yellow"
"gene-TMEM9|TMEM9","midnightblue"
"gene-PKP1|PKP1","orangered4"
"gene-TNNT2|TNNT2","blue"
"gene-LAD1|LAD1","steelblue"
"gene-PHLDA3|PHLDA3","blue"
"gene-CSRP1|CSRP1","steelblue"
"gene-RABIF|RABIF","brown"
"gene-PPP1R12B|PPP1R12B","black"
"gene-NAV1|NAV1","blue"
"gene-SYT2|SYT2","darkturquoise"
"gene-RNPEP|RNPEP","blue"
"gene-LZTR1|LZTR1","grey"
"gene-IPO9|IPO9","brown"
"gene-KDM5B|KDM5B","grey"
"gene-LOC100223131|LOC100223131","green"
"gene-KLHL12|KLHL12","blue"
"gene-LOC100222119|LOC100222119","blue"
"gene-PTPN7|PTPN7","blue"
"gene-ARL8A|ARL8A","black"
"gene-GPR37L1|GPR37L1","grey"
"gene-ELF3|ELF3","blue"
"gene-KIF21B|KIF21B","blue"
"gene-LYZ|LYZ","blue"
"gene-PSMA5|PSMA5","pink"
"gene-SYPL2|SYPL2","turquoise"
"gene-ATXN7L2|ATXN7L2","turquoise"
"gene-AMIGO1|AMIGO1","grey"
"gene-GNAI3|GNAI3","brown"
"gene-GNAT2|GNAT2","magenta"
"gene-AMPD2|AMPD2","yellow"
"gene-LOC115490593|LOC115490593","yellow"
"gene-EPS8L3|EPS8L3","blue"
"gene-LOC115490595|LOC115490595","yellow"
"gene-CSF1|CSF1","blue"
"gene-AHCYL1|AHCYL1","green"
"gene-STRIP1|STRIP1","steelblue"
"gene-RBM15|RBM15","violet"
"gene-SLC16A4|SLC16A4","brown"
"gene-LAMTOR5|LAMTOR5","yellow"
"gene-KCNA2|KCNA2","turquoise"
"gene-KCNA3|KCNA3","blue"
"gene-PNPLA1|PNPLA1","orangered4"
"gene-BNIP5|BNIP5","blue"
"gene-ETV7|ETV7","blue"
"gene-KCTD20|KCTD20","black"
"gene-STK38|STK38","brown"
"gene-SRSF3|SRSF3","turquoise"
"gene-CDKN1A|CDKN1A","blue"
"gene-RAB44|RAB44","blue"
"gene-PI16|PI16","lightsteelblue1"
"gene-C26H6orf89|C26H6orf89","lightcyan"
"gene-LOC140680683|LOC140680683","turquoise"
"gene-LOC115490603|LOC115490603","midnightblue"
"gene-MTCH1|MTCH1","green"
"gene-FGD2|FGD2","blue"
"gene-PIM1|PIM1","blue"
"gene-LOC115498575|LOC115498575","black"
"gene-NGF|NGF","grey"
"gene-TSPAN2|TSPAN2","blue"
"gene-TSHB|TSHB","darkred"
"gene-LOC100227863|LOC100227863","red"
"gene-SIKE1|SIKE1","brown"
"gene-CSDE1|CSDE1","turquoise"
"gene-NRAS|NRAS","green"
"gene-AMPD1|AMPD1","black"
"gene-BCAS2|BCAS2","lightcyan1"
"gene-DENND2C|DENND2C","magenta"
"gene-TRIM33|TRIM33","blue"
"gene-PFKFB2|PFKFB2","red"
"gene-YOD1|YOD1","purple"
"gene-OLFML3|OLFML3","black"
"gene-LOC140680677|LOC140680677","skyblue"
"gene-LOC100223070|LOC100223070","red"
"gene-C26H1orf116|C26H1orf116","brown"
"gene-LOC121471166|LOC121471166","lightsteelblue1"
"gene-IL10|IL10","darkorange2"
"gene-LOC115498552|LOC115498552","grey"
"gene-MAPKAPK2|MAPKAPK2","brown"
"gene-DYRK3|DYRK3","blue"
"gene-PIGR|PIGR","green"
"gene-LOC100221146|LOC100221146","green"
"gene-IKBKE|IKBKE","blue"
"gene-EIF2D|EIF2D","magenta"
"gene-RASSF5|RASSF5","blue"
"gene-SRGAP2|SRGAP2","blue"
"gene-FAM72A|FAM72A","blue"
"gene-CTSE|CTSE","grey"
"gene-RAB7B|RAB7B","blue"
"gene-SLC26A9|SLC26A9","turquoise"
"gene-PM20D1|PM20D1","mediumpurple3"
"gene-SLC41A1|SLC41A1","steelblue"
"gene-RAB29|RAB29","brown"
"gene-NUCKS1|NUCKS1","brown"
"gene-LOC140680731|LOC140680731","darkslateblue"
"gene-TANC2|TANC2","midnightblue"
"gene-ACE|ACE","blue"
"gene-LIMD2|LIMD2","blue"
"gene-DCAF7|DCAF7","brown"
"gene-MAP3K3|MAP3K3","navajowhite2"
"gene-LOC100232263|LOC100232263","cyan"
"gene-LOC100220758|LOC100220758","red"
"gene-STRADA|STRADA","turquoise"
"gene-DDX42|DDX42","paleturquoise"
"gene-CCDC47|CCDC47","brown"
"gene-RNF113A2|RNF113A2","grey60"
"gene-LOC115490769|LOC115490769","cyan"
"gene-CDC27|CDC27","green"
"gene-MAPT|MAPT","turquoise"
"gene-KANSL1|KANSL1","greenyellow"
"gene-RUNDC3A|RUNDC3A","grey"
"gene-SLC25A39|SLC25A39","yellow"
"gene-SLC4A1|SLC4A1","bisque4"
"gene-UBTF|UBTF","salmon"
"gene-ATXN7L3|ATXN7L3","pink"
"gene-TMUB2|TMUB2","yellow"
"gene-HDAC5|HDAC5","turquoise"
"gene-ASB16|ASB16","orange"
"gene-HROB|HROB","darkgreen"
"gene-G6PC3|G6PC3","grey"
"gene-LSM12|LSM12","lightcyan"
"gene-TMEM101|TMEM101","maroon"
"gene-LOC115490750|LOC115490750","grey"
"gene-LOC115490615|LOC115490615","tan"
"gene-MPP2|MPP2","sienna3"
"gene-LOC115490742|LOC115490742","pink"
"gene-SGCA|SGCA","blue"
"gene-COL1A1|COL1A1","blue"
"gene-PPP1R9B|PPP1R9B","blue"
"gene-PDK2|PDK2","magenta"
"gene-ITGA3|ITGA3","brown4"
"gene-KAT7|KAT7","red"
"gene-SLC35B1|SLC35B1","pink"
"gene-SPOP|SPOP","greenyellow"
"gene-LOC115490644|LOC115490644","turquoise"
"gene-PHB1|PHB1","yellow"
"gene-ZNF652|ZNF652","brown"
"gene-PHOSPHO1|PHOSPHO1","blue"
"gene-ABI3|ABI3","blue"
"gene-LOC121471208|LOC121471208","blue"
"gene-ATP5MC1|ATP5MC1","yellow"
"gene-UBE2Z|UBE2Z","midnightblue"
"gene-SNF8|SNF8","brown"
"gene-HOXB6|HOXB6","paleturquoise"
"gene-HOXB5|HOXB5","lightsteelblue1"
"gene-LOC140680711|LOC140680711","pink"
"gene-HOXB4|HOXB4","green"
"gene-HOXB3|HOXB3","tan"
"gene-HOXB2|HOXB2","orange"
"gene-HOXB1|HOXB1","grey"
"gene-SKAP1|SKAP1","blue"
"gene-SNX11|SNX11","yellow"
"gene-CBX1|CBX1","brown"
"gene-NFE2L1|NFE2L1","pink"
"gene-PNPO|PNPO","yellow"
"gene-CDK5RAP3|CDK5RAP3","grey60"
"gene-PRR15L|PRR15L","skyblue3"
"gene-SP2|SP2","turquoise"
"gene-SCRN2|SCRN2","turquoise"
"gene-MRPL10|MRPL10","magenta"
"gene-OSBPL7|OSBPL7","turquoise"
"gene-TBX21|TBX21","blue"
"gene-TBKBP1|TBKBP1","yellowgreen"
"gene-KPNB1|KPNB1","brown"
"gene-LOC140680745|LOC140680745","turquoise"
"gene-NPEPPS|NPEPPS","turquoise"
"gene-MRPL45|MRPL45","magenta"
"gene-GPR179|GPR179","maroon"
"gene-SOCS7|SOCS7","magenta"
"gene-ARHGAP23|ARHGAP23","blue"
"gene-SRCIN1|SRCIN1","tan"
"gene-EPOP|EPOP","tan"
"gene-MLLT6|MLLT6","lightcyan"
"gene-CISD3|CISD3","greenyellow"
"gene-PCGF2|PCGF2","magenta"
"gene-PSMB3|PSMB3","yellow"
"gene-PIP4K2B|PIP4K2B","violet"
"gene-CWC25|CWC25","turquoise"
"gene-LOC115490620|LOC115490620","black"
"gene-LOC115490725|LOC115490725","blue"
"gene-LOC121471179|LOC121471179","blue"
"gene-LOC101232986|LOC101232986","blue"
"gene-LOC121471180|LOC121471180","black"
"gene-LOC115490733|LOC115490733","blue"
"gene-LOC140680230|LOC140680230","blue"
"gene-LOC140680694|LOC140680694","blue"
"gene-LOC101233001|LOC101233001","blue"
"gene-LOC140680254|LOC140680254","blue"
"gene-DAD1|DAD1","grey60"
"gene-SDR39U1|SDR39U1","green"
"gene-LOC100223725|LOC100223725","blue"
"gene-LOC100217831|LOC100217831","plum1"
"gene-MPP3|MPP3","floralwhite"
"gene-LOC105758914|LOC105758914","blue"
"gene-DUSP3|DUSP3","violet"
"gene-SOST|SOST","grey"
"gene-DHX8|DHX8","brown"
"gene-BRCA1|BRCA1","blue"
"gene-NBR1|NBR1","red"
"gene-RND2|RND2","tan"
"gene-VAT1|VAT1","brown"
"gene-LOC115490720|LOC115490720","blue"
"gene-IFI35|IFI35","blue"
"gene-RPL27|RPL27","pink"
"gene-AOC3|AOC3","saddlebrown"
"gene-AOC2|AOC2","yellow"
"gene-LOC105758909|LOC105758909","saddlebrown"
"gene-AARSD1|AARSD1","turquoise"
"gene-RUNDC1|RUNDC1","saddlebrown"
"gene-PTGES3L|PTGES3L","green"
"gene-G6PC1|G6PC1","yellow"
"gene-WNK4|WNK4","tan"
"gene-PSME3|PSME3","green"
"gene-BECN1|BECN1","turquoise"
"gene-CNTD1|CNTD1","purple"
"gene-COA3|COA3","yellow"
"gene-VPS25|VPS25","ivory"
"gene-RAMP2|RAMP2","yellow"
"gene-CNTNAP1|CNTNAP1","brown"
"gene-EZH1|EZH1","turquoise"
"gene-PLEKHH3|PLEKHH3","greenyellow"
"gene-TUBG1|TUBG1","grey"
"gene-RETREG3|RETREG3","purple"
"gene-PSMC3IP|PSMC3IP","turquoise"
"gene-MLX|MLX","turquoise"
"gene-COASY|COASY","yellow"
"gene-NAGLU|NAGLU","yellowgreen"
"gene-ATP6V0A1|ATP6V0A1","grey"
"gene-CAVIN1|CAVIN1","yellow"
"gene-STAT3|STAT3","red"
"gene-LOC100222731|LOC100222731","darkgreen"
"gene-GHDC|GHDC","turquoise"
"gene-LOC100228479|LOC100228479","greenyellow"
"gene-LOC100190429|LOC100190429","darkgreen"
"gene-LOC100218864|LOC100218864","floralwhite"
"gene-RAB5C|RAB5C","brown"
"gene-KAT2A|KAT2A","turquoise"
"gene-DHX58|DHX58","darkorange"
"gene-LOC140680708|LOC140680708","yellow"
"gene-ODAD4|ODAD4","magenta"
"gene-ZNF385C|ZNF385C","greenyellow"
"gene-C27H17orf113|C27H17orf113","turquoise"
"gene-NKIRAS2|NKIRAS2","red"
"gene-DNAJC7|DNAJC7","magenta"
"gene-CNP|CNP","blue"
"gene-P3H4|P3H4","blue"
"gene-KLHL10|KLHL10","red"
"gene-KLHL11|KLHL11","black"
"gene-NT5C3B|NT5C3B","grey"
"gene-FKBP10|FKBP10","salmon"
"gene-HAP1|HAP1","turquoise"
"gene-JUP|JUP","grey"
"gene-ACLY|ACLY","green"
"gene-LOC140680235|LOC140680235","tan"
"gene-LOC116806599|LOC116806599","darkgreen"
"gene-LOC100230285|LOC100230285","darkturquoise"
"gene-EIF1|EIF1","pink"
"gene-LOC100228906|LOC100228906","turquoise"
"gene-LOC101233334|LOC101233334","grey"
"gene-LOC100227535|LOC100227535","tan"
"gene-KRT23|KRT23","bisque4"
"gene-LOC100226488|LOC100226488","red"
"gene-KRT12|KRT12","red"
"gene-KRT222|KRT222","grey"
"gene-CCR7|CCR7","blue"
"gene-SMARCE1|SMARCE1","brown"
"gene-TOP2A|TOP2A","blue"
"gene-TNS4|TNS4","grey"
"gene-IGFBP4|IGFBP4","red"
"gene-LOC101233280|LOC101233280","red"
"gene-GJD3|GJD3","blue"
"gene-RARA|RARA","blue"
"gene-CDC6|CDC6","blue"
"gene-RAPGEFL1|RAPGEFL1","magenta"
"gene-WIPF2|WIPF2","turquoise"
"gene-CASC3|CASC3","steelblue"
"gene-MSL1|MSL1","blue"
"gene-THRA|THRA","lavenderblush3"
"gene-NR1D1|NR1D1","midnightblue"
"gene-CSF3|CSF3","blue"
"gene-MED24|MED24","brown"
"gene-PSMD3|PSMD3","purple"
"gene-GSDMA|GSDMA","blue"
"gene-ORMDL3|ORMDL3","purple"
"gene-GRB7|GRB7","darkorange2"
"gene-ZPBP2|ZPBP2","darkgreen"
"gene-IKZF3|IKZF3","midnightblue"
"gene-LRRC3C|LRRC3C","grey"
"gene-MIEN1|MIEN1","yellow"
"gene-ERBB2|ERBB2","turquoise"
"gene-PNMT|PNMT","sienna3"
"gene-PGAP3|PGAP3","brown4"
"gene-STARD3|STARD3","red"
"gene-PPP1R1B|PPP1R1B","darkorange2"
"gene-CDK12|CDK12","brown"
"gene-MED1|MED1","saddlebrown"
"gene-FBXL20|FBXL20","skyblue3"
"gene-CACNB1|CACNB1","midnightblue"
"gene-LOC140680696|LOC140680696","midnightblue"
"gene-PLXDC1|PLXDC1","grey"
"gene-FBXO47|FBXO47","midnightblue"
"gene-LOC140680697|LOC140680697","black"
"gene-RPL19|RPL19","pink"
"gene-LASP1|LASP1","salmon"
"gene-RPL23|RPL23","pink"
"gene-PLEKHM1|PLEKHM1","orange"
"gene-ARHGAP27|ARHGAP27","blue"
"gene-TMEM98|TMEM98","steelblue"
"gene-GRN|GRN","blue"
"gene-FAM171A2|FAM171A2","blue"
"gene-GPATCH8|GPATCH8","turquoise"
"gene-ITGA2B|ITGA2B","lightsteelblue1"
"gene-LOC140680739|LOC140680739","darkred"
"gene-FZD2|FZD2","grey"
"gene-MYO1D|MYO1D","black"
"gene-PSMD11|PSMD11","green"
"gene-CDK5R1|CDK5R1","salmon"
"gene-LOC121471215|LOC121471215","grey"
"gene-MAP3K14|MAP3K14","black"
"gene-FMNL1|FMNL1","blue"
"gene-LOC115490676|LOC115490676","yellow"
"gene-LOC115490677|LOC115490677","grey"
"gene-HEXIM1|HEXIM1","turquoise"
"gene-ACBD4|ACBD4","magenta"
"gene-PLCD3|PLCD3","turquoise"
"gene-NMT1|NMT1","brown"
"gene-DCAKD|DCAKD","magenta"
"gene-DNAAF19|DNAAF19","darkred"
"gene-EFTUD2|EFTUD2","brown"
"gene-GJC1|GJC1","red"
"gene-ADAM11|ADAM11","tan"
"gene-DBF4B|DBF4B","turquoise"
"gene-CCDC43|CCDC43","red"
"gene-NSF|NSF","brown"
"gene-LOC115490701|LOC115490701","lightyellow"
"gene-GOSR2|GOSR2","royalblue"
"gene-LOC100220754|LOC100220754","blue"
"gene-MRC2|MRC2","blue"
"gene-ITGB3|ITGB3","salmon"
"gene-LOC115490629|LOC115490629","grey"
"gene-TLK2|TLK2","salmon"
"gene-LOC140680733|LOC140680733","pink"
"gene-LOC140680732|LOC140680732","lightyellow"
"gene-ASIC2|ASIC2","grey"
"gene-LOC115490748|LOC115490748","grey"
"gene-SMARCD2|SMARCD2","darkgreen"
"gene-PSMC5|PSMC5","pink"
"gene-FTSJ3|FTSJ3","blue"
"gene-LOC115490639|LOC115490639","darkgreen"
"gene-SCN4A|SCN4A","red"
"gene-CD79B|CD79B","blue"
"gene-LOC140680729|LOC140680729","grey"
"gene-MAP1S|MAP1S","steelblue"
"gene-FCHO1|FCHO1","blue"
"gene-JAK3|JAK3","blue"
"gene-CCDC124|CCDC124","brown"
"gene-KCNN1|KCNN1","greenyellow"
"gene-OCLN|OCLN","yellow"
"gene-NR2F6|NR2F6","yellow"
"gene-LOC140680762|LOC140680762","turquoise"
"gene-USHBP1|USHBP1","turquoise"
"gene-BABAM1|BABAM1","yellow"
"gene-ANO8|ANO8","grey"
"gene-MRPL34|MRPL34","yellow"
"gene-DDA1|DDA1","grey60"
"gene-GTPBP3|GTPBP3","turquoise"
"gene-LOC116806695|LOC116806695","darkturquoise"
"gene-PLVAP|PLVAP","blue"
"gene-NDUFA13|NDUFA13","yellow"
"gene-GATAD2A|GATAD2A","greenyellow"
"gene-MAU2|MAU2","purple"
"gene-SUGP1|SUGP1","ivory"
"gene-TM6SF2|TM6SF2","yellow"
"gene-HAPLN4|HAPLN4","turquoise"
"gene-MEF2B|MEF2B","blue"
"gene-NR2C2AP|NR2C2AP","pink"
"gene-RFXANK|RFXANK","yellow"
"gene-BORCS8|BORCS8","yellow"
"gene-TMEM161A|TMEM161A","turquoise"
"gene-SLC25A42|SLC25A42","lightcyan"
"gene-ARMC6|ARMC6","green"
"gene-SUGP2|SUGP2","turquoise"
"gene-HOMER3|HOMER3","blue"
"gene-DDX49|DDX49","magenta"
"gene-COPE|COPE","yellow"
"gene-CRTC1|CRTC1","greenyellow"
"gene-LOC140680763|LOC140680763","grey"
"gene-GDF1|GDF1","steelblue"
"gene-COMP|COMP","yellow"
"gene-UPF1|UPF1","brown"
"gene-KLHL26|KLHL26","greenyellow"
"gene-TMEM59L|TMEM59L","tan"
"gene-CRLF1|CRLF1","grey"
"gene-REX1BD|REX1BD","yellow"
"gene-UBA52|UBA52","pink"
"gene-KXD1|KXD1","darkorange2"
"gene-FKBP8|FKBP8","magenta"
"gene-ELL|ELL","red"
"gene-ISYNA1|ISYNA1","blue"
"gene-SSBP4|SSBP4","brown"
"gene-LOC115490883|LOC115490883","blue"
"gene-GDF15|GDF15","blue"
"gene-LOC115490863|LOC115490863","blue"
"gene-LOC140680770|LOC140680770","blue"
"gene-PGPEP1|PGPEP1","blue"
"gene-LSM4|LSM4","blue"
"gene-JUND|JUND","pink"
"gene-CIST1|CIST1","blue"
"gene-PDE4C|PDE4C","palevioletred3"
"gene-NRTN|NRTN","grey"
"gene-MPV17L2|MPV17L2","yellow"
"gene-RAB3A|RAB3A","darkmagenta"
"gene-DUS3L|DUS3L","grey"
"gene-LOC115490831|LOC115490831","grey"
"gene-SHD|SHD","grey"
"gene-LOC121468081|LOC121468081","turquoise"
"gene-FSD1|FSD1","blue"
"gene-ATCAY|ATCAY","lavenderblush3"
"gene-DAPK3|DAPK3","steelblue"
"gene-ZBTB7A|ZBTB7A","salmon"
"gene-CREB3L3|CREB3L3","magenta"
"gene-LOC100224348|LOC100224348","midnightblue"
"gene-CTXN1|CTXN1","maroon"
"gene-LOC140680793|LOC140680793","grey"
"gene-NMRK2|NMRK2","blue"
"gene-EEF2|EEF2","green"
"gene-PIAS4|PIAS4","brown"
"gene-MAP2K2|MAP2K2","brown"
"gene-SIRT6|SIRT6","turquoise"
"gene-ANKRD24|ANKRD24","turquoise"
"gene-EBI3|EBI3","yellow"
"gene-TIMM44|TIMM44","brown"
"gene-LOC100227220|LOC100227220","blue"
"gene-LOC140680796|LOC140680796","brown"
"gene-YJU2|YJU2","magenta"
"gene-CNN2|CNN2","blue"
"gene-ARHGAP45|ARHGAP45","blue"
"gene-POLR2E|POLR2E","yellow"
"gene-GPX4|GPX4","yellow"
"gene-SBNO2|SBNO2","blue"
"gene-STK11|STK11","red"
"gene-CBARP|CBARP","blue"
"gene-ATP5F1D|ATP5F1D","yellow"
"gene-MIDN|MIDN","steelblue"
"gene-CIRBP|CIRBP","turquoise"
"gene-FAM174C|FAM174C","black"
"gene-LOC140680797|LOC140680797","black"
"gene-EFNA2|EFNA2","yellow"
"gene-LOC100220416|LOC100220416","lightpink4"
"gene-PWWP3A|PWWP3A","red"
"gene-NDUFS7|NDUFS7","yellow"
"gene-GAMT|GAMT","brown4"
"gene-DAZAP1|DAZAP1","pink"
"gene-APC2|APC2","blue"
"gene-RPS15|RPS15","pink"
"gene-PCSK4|PCSK4","purple"
"gene-C28H19orf25|C28H19orf25","yellow"
"gene-REEP6|REEP6","purple"
"gene-LOC140680759|LOC140680759","turquoise"
"gene-PLK5|PLK5","turquoise"
"gene-ADAMTSL5|ADAMTSL5","turquoise"
"gene-THOP1|THOP1","magenta"
"gene-SGTA|SGTA","turquoise"
"gene-SLC39A3|SLC39A3","brown"
"gene-DIRAS1|DIRAS1","greenyellow"
"gene-GNG7|GNG7","steelblue"
"gene-GADD45B|GADD45B","blue"
"gene-STAP2|STAP2","grey"
"gene-MPND|MPND","greenyellow"
"gene-CHAF1A|CHAF1A","blue"
"gene-SH3GL1|SH3GL1","green"
"gene-UBXN6|UBXN6","maroon"
"gene-HDGFL2|HDGFL2","yellow"
"gene-LOC115490840|LOC115490840","turquoise"
"gene-LOC115490839|LOC115490839","green"
"gene-SEMA6B|SEMA6B","white"
"gene-TNFAIP8L1|TNFAIP8L1","blue"
"gene-MYDGF|MYDGF","grey60"
"gene-LOC100226165|LOC100226165","mediumpurple3"
"gene-DPP9|DPP9","brown"
"gene-LOC115490841|LOC115490841","magenta"
"gene-LOC140680748|LOC140680748","yellow"
"gene-FEM1A|FEM1A","brown"
"gene-TICAM1|TICAM1","grey"
"gene-UHRF1|UHRF1","blue"
"gene-KDM4B|KDM4B","turquoise"
"gene-PTPRS|PTPRS","turquoise"
"gene-TINCR|TINCR","brown"
"gene-TPM4|TPM4","blue"
"gene-KLF2|KLF2","salmon"
"gene-RAB8A|RAB8A","brown"
"gene-CIB3|CIB3","turquoise"
"gene-FAM32A|FAM32A","yellow"
"gene-AP1M1|AP1M1","brown"
"gene-EPS15L1|EPS15L1","black"
"gene-C28H19orf44|C28H19orf44","grey"
"gene-CHERP|CHERP","brown"
"gene-ABCA7|ABCA7","turquoise"
"gene-WDR18|WDR18","turquoise"
"gene-GRIN3B|GRIN3B","yellow"
"gene-TMEM259|TMEM259","green"
"gene-ARID3A|ARID3A","turquoise"
"gene-R3HDM4|R3HDM4","turquoise"
"gene-MED16|MED16","turquoise"
"gene-LOC100224290|LOC100224290","blue"
"gene-PLPPR3|PLPPR3","lightyellow"
"gene-LOC115490872|LOC115490872","darkgreen"
"gene-PTBP1|PTBP1","royalblue"
"gene-MISP|MISP","grey"
"gene-PALM|PALM","palevioletred3"
"gene-FSTL3|FSTL3","black"
"gene-RNF126|RNF126","greenyellow"
"gene-FGF22|FGF22","palevioletred3"
"gene-POLRMT|POLRMT","grey"
"gene-HCN2|HCN2","steelblue"
"gene-CDC34|CDC34","blue"
"gene-TPGS1|TPGS1","turquoise"
"gene-BSG|BSG","yellow"
"gene-MADCAM1|MADCAM1","blue"
"gene-LOC100229925|LOC100229925","brown"
"gene-SHC2|SHC2","orange"
"gene-C2CD4C|C2CD4C","tan"
"gene-MIER2|MIER2","turquoise"
"gene-PLPP2|PLPP2","steelblue"
"gene-TLE2|TLE2","tan"
"gene-LOC100226230|LOC100226230","greenyellow"
"gene-LOC140680758|LOC140680758","turquoise"
"gene-TLE5|TLE5","greenyellow"
"gene-LOC140680757|LOC140680757","darkolivegreen"
"gene-GNA11|GNA11","brown"
"gene-LOC100225270|LOC100225270","darkorange"
"gene-S1PR4|S1PR4","blue"
"gene-NCLN|NCLN","brown"
"gene-MED26|MED26","yellowgreen"
"gene-LOC116806700|LOC116806700","magenta"
"gene-CELF5|CELF5","darkorange"
"gene-LOC121468066|LOC121468066","turquoise"
"gene-MICOS13|MICOS13","yellow"
"gene-LOC100229022|LOC100229022","turquoise"
"gene-LOC100227175|LOC100227175","turquoise"
"gene-SLC35E1|SLC35E1","brown"
"gene-SMIM7|SMIM7","turquoise"
"gene-TMEM38A|TMEM38A","royalblue"
"gene-CPAMD8|CPAMD8","midnightblue"
"gene-F2RL3|F2RL3","lightsteelblue1"
"gene-LOC115490877|LOC115490877","white"
"gene-SIN3B|SIN3B","black"
"gene-HAUS8|HAUS8","grey60"
"gene-USE1|USE1","black"
"gene-MYO9B|MYO9B","brown"
"gene-ACER1|ACER1","black"
"gene-ARHGEF18|ARHGEF18","black"
"gene-LOC101233818|LOC101233818","greenyellow"
"gene-IL12RB1|IL12RB1","blue"
"gene-MAST3|MAST3","blue"
"gene-LOC100219508|LOC100219508","blue"
"gene-INSR|INSR","grey"
"gene-PEX11G|PEX11G","red"
"gene-ARRDC2|ARRDC2","darkolivegreen"
"gene-PIK3R2|PIK3R2","salmon"
"gene-IFI30|IFI30","blue"
"gene-LOC105758935|LOC105758935","blue"
"gene-ACSBG2|ACSBG2","salmon"
"gene-MLLT1|MLLT1","blue"
"gene-ZNF414|ZNF414","blue"
"gene-LOC100218528|LOC100218528","salmon"
"gene-MYO1F|MYO1F","blue"
"gene-ADAMTS10|ADAMTS10","midnightblue"
"gene-ZAP70|ZAP70","blue"
"gene-PEAK3|PEAK3","blue"
"gene-JSRP1|JSRP1","midnightblue"
"gene-OAZ1|OAZ1","salmon4"
"gene-SF3A2|SF3A2","brown"
"gene-PLEKHJ1|PLEKHJ1","darkturquoise"
"gene-DOT1L|DOT1L","turquoise"
"gene-AP3D1|AP3D1","brown"
"gene-MOB3A|MOB3A","grey"
"gene-MKNK2|MKNK2","lightyellow"
"gene-LOC115490864|LOC115490864","cyan"
"gene-BTBD2|BTBD2","brown"
"gene-CSNK1G2|CSNK1G2","brown"
"gene-SCAMP4|SCAMP4","grey"
"gene-LOC100221315|LOC100221315","greenyellow"
"gene-LOC100229929|LOC100229929","brown"
"gene-ABHD17A|ABHD17A","yellow"
"gene-REXO1|REXO1","brown"
"gene-ATP8B3|ATP8B3","darkred"
"gene-TCF3|TCF3","blue"
"gene-MBD3|MBD3","steelblue"
"gene-NFIC|NFIC","red"
"gene-FZR1|FZR1","brown"
"gene-HMG20B|HMG20B","yellow"
"gene-TBXA2R|TBXA2R","blue"
"gene-MATK|MATK","blue"
"gene-PRAM1|PRAM1","blue"
"gene-LOC100217480|LOC100217480","ivory"
"gene-KANK3|KANK3","greenyellow"
"gene-UQCR11|UQCR11","yellow"
"gene-MEX3D|MEX3D","blue"
"gene-UNC13A|UNC13A","turquoise"
"gene-SMIM24|SMIM24","yellow"
"gene-SMIM44|SMIM44","turquoise"
"gene-DOHH|DOHH","green"
"gene-LOC115490876|LOC115490876","cyan"
"gene-LOC115490792|LOC115490792","grey"
"gene-MFSD12|MFSD12","grey"
"gene-GIPC3|GIPC3","turquoise"
"gene-CACTIN|CACTIN","green"
"gene-PIP5K1C|PIP5K1C","maroon"
"gene-TJP3|TJP3","yellow"
"gene-APBA3|APBA3","salmon"
"gene-MRPL54|MRPL54","yellow"
"gene-LOC140680765|LOC140680765","blue"
"gene-LOC100223311|LOC100223311","blue"
"gene-ELAVL1|ELAVL1","brown"
"gene-LOC100231934|LOC100231934","grey"
"gene-LOC140680768|LOC140680768","lightsteelblue1"
"gene-POLE4|POLE4","pink"
"gene-CD320|CD320","yellow"
"gene-NDUFA7|NDUFA7","yellow"
"gene-RPS28|RPS28","pink"
"gene-LOC115490860|LOC115490860","ivory"
"gene-ANGPTL4|ANGPTL4","green"
"gene-RAB11B|RAB11B","brown"
"gene-MARCHF2|MARCHF2","salmon"
"gene-LOC100224239|LOC100224239","black"
"gene-LOC115490794|LOC115490794","black"
"gene-LOC115490810|LOC115490810","turquoise"
"gene-CERS4|CERS4","blue"
"gene-TMPRSS9|TMPRSS9","grey"
"gene-LOC100223254|LOC100223254","turquoise"
"gene-LSM7|LSM7","brown"
"gene-SPPL2B|SPPL2B","brown"
"gene-TIMM13|TIMM13","yellow"
"gene-LMNB2|LMNB2","salmon"
"gene-RPL36|RPL36","pink"
"gene-SLC1A6|SLC1A6","blue"
"gene-LONP1|LONP1","brown"
"gene-RANBP3|RANBP3","black"
"gene-LOC140680798|LOC140680798","grey"
"gene-KLHL33|KLHL33","turquoise"
"gene-NDUFA11|NDUFA11","yellow"
"gene-LOC100222319|LOC100222319","blue"
"gene-LOC140680794|LOC140680794","thistle1"
"gene-LOC140680782|LOC140680782","lavenderblush3"
"gene-LOC140680755|LOC140680755","black"
"gene-LOC121468884|LOC121468884","turquoise"
"gene-LOC140680792|LOC140680792","turquoise"
"gene-LOC140680781|LOC140680781","grey"
"gene-LOC140680786|LOC140680786","brown"
"gene-LOC140680790|LOC140680790","black"
"gene-LOC140680860|LOC140680860","thistle2"
"gene-LOC140680844|LOC140680844","yellowgreen"
"gene-LOC140680807|LOC140680807","red"
"gene-LOC140680840|LOC140680840","darkorange"
"gene-LOC140680832|LOC140680832","paleturquoise"
"gene-LOC140680836|LOC140680836","orange"
"gene-LOC116807510|LOC116807510","orange"
"gene-LOC140680845|LOC140680845","turquoise"
"gene-LOC140680809|LOC140680809","navajowhite2"
"gene-LOC116807547|LOC116807547","turquoise"
"gene-LOC140680810|LOC140680810","orange"
"gene-LOC140680868|LOC140680868","orange"
"gene-LOC140680813|LOC140680813","magenta"
"gene-LOC140680843|LOC140680843","orange"
"gene-LOC115493297|LOC115493297","grey"
"gene-LOC140680815|LOC140680815","turquoise"
"gene-LOC100226112|LOC100226112","purple"
"gene-LOC140680818|LOC140680818","magenta"
"gene-LOC140680805|LOC140680805","grey"
"gene-LOC140680839|LOC140680839","orange"
"gene-LOC140680817|LOC140680817","magenta"
"gene-LOC140680853|LOC140680853","orange"
"gene-LOC140680871|LOC140680871","orange"
"gene-LOC140680863|LOC140680863","turquoise"
"gene-LOC140680847|LOC140680847","orange"
"gene-LOC140680841|LOC140680841","orange"
"gene-LOC140680862|LOC140680862","orange"
"gene-LOC140680842|LOC140680842","orange"
"gene-LOC140680859|LOC140680859","orange"
"gene-LOC140680848|LOC140680848","midnightblue"
"gene-LOC140680837|LOC140680837","turquoise"
"gene-LOC115491921|LOC115491921","turquoise"
"gene-LOC140680249|LOC140680249","navajowhite2"
"gene-CSAD|CSAD","magenta"
"gene-ZNF740|ZNF740","grey"
"gene-LOC115491348|LOC115491348","salmon4"
"gene-RARG|RARG","orange"
"gene-MFSD5|MFSD5","blue"
"gene-SPRYD3|SPRYD3","yellow"
"gene-TNS2|TNS2","turquoise"
"gene-EIF4B|EIF4B","purple"
"gene-LOC101233849|LOC101233849","turquoise"
"gene-KRT18|KRT18","turquoise"
"gene-KRT8|KRT8","magenta"
"gene-LOC100224644|LOC100224644","grey"
"gene-LOC115491353|LOC115491353","tan"
"gene-BCDIN3D|BCDIN3D","yellow"
"gene-AQP5|AQP5","tan"
"gene-SLC4A8|SLC4A8","salmon"
"gene-CELA1|CELA1","tan"
"gene-LOC115491510|LOC115491510","blue"
"gene-GALNT6|GALNT6","midnightblue"
"gene-BIN2|BIN2","blue"
"gene-SMAGP|SMAGP","greenyellow"
"gene-DAZAP2|DAZAP2","yellow"
"gene-POU6F1|POU6F1","cyan"
"gene-TFCP2|TFCP2","grey"
"gene-DTX3|DTX3","turquoise"
"gene-KIF5A|KIF5A","violet"
"gene-PIP4K2C|PIP4K2C","turquoise"
"gene-DCTN2|DCTN2","yellow"
"gene-MARS1|MARS1","turquoise"
"gene-DDIT3|DDIT3","turquoise"
"gene-CSRNP2|CSRNP2","grey"
"gene-LOC140680819|LOC140680819","turquoise"
"gene-AGAP2|AGAP2","blue"
"gene-OS9|OS9","saddlebrown"
"gene-TSPAN31|TSPAN31","yellow"
"gene-CYP27B1|CYP27B1","midnightblue"
"gene-METTL1|METTL1","turquoise"
"gene-EEF1AKMT3|EEF1AKMT3","yellow"
"gene-TSFM|TSFM","yellow"
"gene-LOC115491394|LOC115491394","blue"
"gene-LOC121468239|LOC121468239","midnightblue"
"gene-LETMD1|LETMD1","mediumpurple3"
"gene-LOC140680849|LOC140680849","blue"
"gene-ACVRL1|ACVRL1","salmon"
"gene-ACVR1B|ACVR1B","brown"
"gene-LOC140680869|LOC140680869","turquoise"
"gene-TAMALIN|TAMALIN","blue"
"gene-NR4A1|NR4A1","grey"
"gene-ATG101|ATG101","yellow"
"gene-FMNL3|FMNL3","greenyellow"
"gene-TMBIM6|TMBIM6","yellow"
"gene-NCKAP5L|NCKAP5L","turquoise"
"gene-KANSL2|KANSL2","cyan"
"gene-LOC115491520|LOC115491520","turquoise"
"gene-CCNT1|CCNT1","grey60"
"gene-ADCY6|ADCY6","lavenderblush3"
"gene-LOC140680872|LOC140680872","turquoise"
"gene-CACNB3|CACNB3","turquoise"
"gene-DDX23|DDX23","green"
"gene-RND1|RND1","grey"
"gene-CCDC65|CCDC65","grey60"
"gene-FKBP11|FKBP11","pink"
"gene-WNT1|WNT1","skyblue3"
"gene-ARF3|ARF3","green"
"gene-DDN|DDN","turquoise"
"gene-PRKAG1|PRKAG1","grey"
"gene-DHH|DHH","grey"
"gene-KMT2D|KMT2D","turquoise"
"gene-LMBR1L|LMBR1L","red"
"gene-PRPH|PRPH","pink"
"gene-GLI1|GLI1","purple"
"gene-LOC100220137|LOC100220137","saddlebrown"
"gene-TUBA1B|TUBA1B","salmon"
"gene-LOC115491411|LOC115491411","salmon"
"gene-LOC115490530|LOC115490530","salmon"
"gene-R3HDM2|R3HDM2","turquoise"
"gene-LOC100223012|LOC100223012","brown4"
"gene-SHMT2|SHMT2","green"
"gene-MYO1A|MYO1A","turquoise"
"gene-NEMP1|NEMP1","grey"
"gene-ZBTB39|ZBTB39","royalblue"
"gene-LRP1|LRP1","green"
"gene-NAB2|NAB2","turquoise"
"gene-STAT6|STAT6","turquoise"
"gene-GPR182|GPR182","magenta"
"gene-LOC115491432|LOC115491432","yellow"
"gene-LOC101233006|LOC101233006","green"
"gene-PRIM1|PRIM1","turquoise"
"gene-LOC100218298|LOC100218298","pink"
"gene-LOC116807010|LOC116807010","turquoise"
"gene-PTGES3|PTGES3","yellow"
"gene-ATP5F1B|ATP5F1B","yellow"
"gene-LOC115491518|LOC115491518","turquoise"
"gene-LOC115491517|LOC115491517","turquoise"
"gene-BAZ2A|BAZ2A","salmon"
"gene-LOC140680834|LOC140680834","midnightblue"
"gene-RBMS2|RBMS2","turquoise"
"gene-LOC115491449|LOC115491449","plum2"
"gene-TIMELESS|TIMELESS","midnightblue"
"gene-LOC100220064|LOC100220064","red"
"gene-APOF|APOF","yellow"
"gene-STAT2|STAT2","darkorange"
"gene-SLC39A5|SLC39A5","darkgreen"
"gene-COQ10A|COQ10A","green"
"gene-ANKRD52|ANKRD52","lavenderblush3"
"gene-PAN2|PAN2","yellow"
"gene-CNPY2|CNPY2","yellow"
"gene-CS|CS","green"
"gene-NABP2|NABP2","yellow"
"gene-RNF41|RNF41","grey"
"gene-SMARCC2|SMARCC2","turquoise"
"gene-MYL6|MYL6","yellow"
"gene-ESYT1|ESYT1","yellow"
"gene-ZC3H10|ZC3H10","yellow"
"gene-LOC140680850|LOC140680850","pink"
"gene-PA2G4|PA2G4","green"
"gene-ERBB3|ERBB3","yellow"
"gene-RPS26|RPS26","pink"
"gene-IKZF4|IKZF4","grey"
"gene-SUOX|SUOX","green"
"gene-RAB5B|RAB5B","black"
"gene-CDK2|CDK2","blue"
"gene-PMEL|PMEL","grey"
"gene-CERS5|CERS5","blue"
"gene-RACGAP1|RACGAP1","blue"
"gene-LOC101233303|LOC101233303","blue"
"gene-COX14|COX14","grey"
"gene-GPD1|GPD1","green"
"gene-SMARCD1|SMARCD1","turquoise"
"gene-LOC140680829|LOC140680829","grey"
"gene-LOC140680820|LOC140680820","grey"
"gene-LOC100221708|LOC100221708","red"
"gene-HDAC7|HDAC7","blue"
"gene-SLC48A1|SLC48A1","yellow"
"gene-LOC115491367|LOC115491367","tan"
"gene-RAPGEF3|RAPGEF3","turquoise"
"gene-ENDOU|ENDOU","lightcyan"
"gene-TESPA1|TESPA1","blue"
"gene-NCKAP1L|NCKAP1L","blue"
"gene-ITGA5|ITGA5","turquoise"
"gene-ZNF385A|ZNF385A","grey"
"gene-SMUG1|SMUG1","black"
"gene-COPZ1|COPZ1","yellow"
"gene-HNRNPA1|HNRNPA1","darkgreen"
"gene-CBX5|CBX5","grey60"
"gene-HOXC13|HOXC13","steelblue"
"gene-LOC100219141|LOC100219141","turquoise"
"gene-TARBP2|TARBP2","grey60"
"gene-AMHR2|AMHR2","yellow"
"gene-MAP3K12|MAP3K12","blue"
"gene-PCBP2|PCBP2","greenyellow"
"gene-SP1|SP1","turquoise"
"gene-SP7|SP7","brown4"
"gene-AAAS|AAAS","pink"
"gene-MYG1|MYG1","yellow"
"gene-VDR|VDR","darkgreen"
"gene-SENP1|SENP1","turquoise"
"gene-ASB8|ASB8","yellow"
"gene-PFKM|PFKM","magenta"
"gene-LOC105758775|LOC105758775","yellow"
"gene-LOC115491454|LOC115491454","turquoise"
"gene-LIMA1|LIMA1","midnightblue"
"gene-LARP4|LARP4","black"
"gene-DIP2B|DIP2B","blue"
"gene-ATF1|ATF1","brown"
"gene-TMPRSS12|TMPRSS12","palevioletred3"
"gene-LOC100218813|LOC100218813","magenta"
"gene-SCN8A|SCN8A","turquoise"
"gene-ESPL1|ESPL1","blue"
"gene-PFDN5|PFDN5","yellow"
"gene-C1QL4|C1QL4","turquoise"
"gene-LOC115491410|LOC115491410","blue"
"gene-MCRS1|MCRS1","pink"
"gene-SARNP|SARNP","grey"
"gene-GDF11|GDF11","turquoise"
"gene-INPP1|INPP1","yellow"
"gene-CD63|CD63","pink"
"gene-RDH5|RDH5","turquoise"
"gene-BLOC1S1|BLOC1S1","yellow"
"gene-ITGA7|ITGA7","grey"
"gene-DNAJC14|DNAJC14","yellow"
"gene-PYM1|PYM1","turquoise"
"gene-CACNA1A|CACNA1A","orange"
"gene-MAN2B1|MAN2B1","lavenderblush3"
"gene-TRMT1|TRMT1","yellow"
"gene-NACC1|NACC1","brown"
"gene-IER2|IER2","lavenderblush3"
"gene-LOC140681012|LOC140681012","red"
"gene-MRI1|MRI1","pink"
"gene-YJU2B|YJU2B","lavenderblush3"
"gene-C30H19orf53|C30H19orf53","yellow"
"gene-BRME1|BRME1","turquoise"
"gene-CC2D1A|CC2D1A","turquoise"
"gene-DCAF15|DCAF15","turquoise"
"gene-RFX1|RFX1","turquoise"
"gene-CLPP|CLPP","pink"
"gene-ALKBH7|ALKBH7","yellow"
"gene-GTF2F1|GTF2F1","brown"
"gene-KHSRP|KHSRP","grey"
"gene-LDLR|LDLR","green"
"gene-SMARCA4|SMARCA4","blue"
"gene-FBXW9|FBXW9","turquoise"
"gene-TNPO2|TNPO2","cyan"
"gene-LOC140681019|LOC140681019","navajowhite2"
"gene-TRIR|TRIR","yellow"
"gene-GET3|GET3","magenta"
"gene-DNM2|DNM2","brown"
"gene-TIMM29|TIMM29","turquoise"
"gene-SPC24|SPC24","turquoise"
"gene-KEAP1|KEAP1","turquoise"
"gene-ATG4D|ATG4D","turquoise"
"gene-KRI1|KRI1","turquoise"
"gene-AP1M2|AP1M2","pink"
"gene-SLC44A2|SLC44A2","blue"
"gene-ILF3|ILF3","blue"
"gene-LOC115491783|LOC115491783","darkgrey"
"gene-QTRT1|QTRT1","turquoise"
"gene-LOC115491799|LOC115491799","salmon4"
"gene-CARM1|CARM1","grey"
"gene-PDE4A|PDE4A","blue"
"gene-ZNF653|ZNF653","darkolivegreen"
"gene-ELAVL3|ELAVL3","turquoise"
"gene-CDC37|CDC37","yellow"
"gene-MAST1|MAST1","turquoise"
"gene-NFIX|NFIX","royalblue"
"gene-HOOK2|HOOK2","turquoise"
"gene-RNASEH2A|RNASEH2A","grey60"
"gene-GCDH|GCDH","ivory"
"gene-SYCE2|SYCE2","red"
"gene-FARSA|FARSA","turquoise"
"gene-CALR|CALR","grey60"
"gene-RAD23A|RAD23A","yellow"
"gene-GADD45GIP1|GADD45GIP1","yellow"
"gene-ACP5|ACP5","yellow"
"gene-ELOF1|ELOF1","yellow"
"gene-CNN1|CNN1","magenta"
"gene-ECSIT|ECSIT","turquoise"
"gene-TYK2|TYK2","darkgrey"
"gene-RAVER1|RAVER1","royalblue"
"gene-FDX2|FDX2","lightcyan"
"gene-ICAM5|ICAM5","lightpink4"
"gene-LOC140681014|LOC140681014","darkgreen"
"gene-DSN1|DSN1","pink"
"gene-LOC105760726|LOC105760726","pink"
"gene-LPAR2|LPAR2","darkturquoise"
"gene-PGLS|PGLS","yellow"
"gene-LOC140680986|LOC140680986","grey"
"gene-SWSAP1|SWSAP1","grey"
"gene-LOC140681007|LOC140681007","grey"
"gene-CRB3|CRB3","darkred"
"gene-PRKCSH|PRKCSH","grey"
"gene-COLGALT1|COLGALT1","grey"
"gene-LOC121468273|LOC121468273","blue"
"gene-WIZ|WIZ","palevioletred3"
"gene-AKAP8L|AKAP8L","magenta"
"gene-AKAP8|AKAP8","turquoise"
"gene-LOC121468326|LOC121468326","mediumpurple3"
"gene-BRD4|BRD4","turquoise"
"gene-RASAL3|RASAL3","blue"
"gene-EPHX3|EPHX3","cyan"
"gene-CAMSAP3|CAMSAP3","turquoise"
"gene-LOC140681008|LOC140681008","midnightblue"
"gene-LOC121468282|LOC121468282","lightyellow"
"gene-MCOLN1|MCOLN1","turquoise"
"gene-EIF3G|EIF3G","grey"
"gene-DNMT1|DNMT1","turquoise"
"gene-PPAN|PPAN","blue"
"gene-RDH8|RDH8","turquoise"
"gene-S1PR2|S1PR2","blue"
"gene-MRPL4|MRPL4","green"
"gene-PIN1|PIN1","brown"
"gene-CHCHD5|CHCHD5","pink"
"gene-PNPLA6|PNPLA6","grey"
"gene-LOC140680873|LOC140680873","bisque4"
"gene-ATP13A1|ATP13A1","turquoise"
"gene-OLFM2|OLFM2","darkgreen"
"gene-WDR83|WDR83","turquoise"
"gene-WDR83OS|WDR83OS","yellow"
"gene-DHPS|DHPS","grey"
"gene-LOC115491612|LOC115491612","black"
"gene-ILVBL|ILVBL","brown4"
"gene-LOC115491624|LOC115491624","grey"
"gene-GIPC1|GIPC1","grey"
"gene-TECR|TECR","green"
"gene-DNAJB1|DNAJB1","turquoise"
"gene-NDUFB7|NDUFB7","yellow"
"gene-TRAPPC5|TRAPPC5","saddlebrown"
"gene-PET100|PET100","yellow"
"gene-XAB2|XAB2","grey60"
"gene-LOC115491620|LOC115491620","pink"
"gene-EMC10|EMC10","yellow"
"gene-FBF1|FBF1","turquoise"
"gene-UBL5|UBL5","yellow"
"gene-C3|C3","grey"
"gene-VAV1|VAV1","blue"
"gene-ADGRL1|ADGRL1","cyan"
"gene-LOC140681010|LOC140681010","pink"
"gene-SAMD1|SAMD1","steelblue"
"gene-MAP2K7|MAP2K7","cyan"
"gene-LOC140680927|LOC140680927","thistle2"
"gene-LOC100229431|LOC100229431","turquoise"
"gene-LOC121468303|LOC121468303","turquoise"
"gene-LOC115491660|LOC115491660","turquoise"
"gene-LOC105760267|LOC105760267","darkgrey"
"gene-LOC121468307|LOC121468307","darkolivegreen"
"gene-LOC140680256|LOC140680256","grey"
"gene-LOC121468297|LOC121468297","brown"
"gene-LOC116807604|LOC116807604","orange"
"gene-LOC116807637|LOC116807637","turquoise"
"gene-LOC121468027|LOC121468027","turquoise"
"gene-FAM246A|FAM246A","turquoise"
"gene-LOC140681016|LOC140681016","turquoise"
"gene-LOC105760196|LOC105760196","grey"
"gene-LOC140680941|LOC140680941","ivory"
"gene-LOC140680889|LOC140680889","royalblue"
"gene-LOC140680915|LOC140680915","yellow"
"gene-LOC140680875|LOC140680875","turquoise"
"gene-LOC140680881|LOC140680881","yellow"
"gene-LOC115493560|LOC115493560","black"
"gene-LOC140680987|LOC140680987","grey"
"gene-LOC140680883|LOC140680883","grey"
"gene-LOC140680880|LOC140680880","grey"
"gene-LOC140680876|LOC140680876","turquoise"
"gene-LOC140680884|LOC140680884","brown"
"gene-LOC140680953|LOC140680953","lightyellow"
"gene-LOC140680909|LOC140680909","pink"
"gene-LOC140680882|LOC140680882","turquoise"
"gene-LOC140680995|LOC140680995","turquoise"
"gene-LOC140680895|LOC140680895","tan"
"gene-LOC100226816|LOC100226816","turquoise"
"gene-LOC140680957|LOC140680957","darkturquoise"
"gene-LOC140680926|LOC140680926","black"
"gene-LOC140680890|LOC140680890","turquoise"
"gene-LOC121469068|LOC121469068","turquoise"
"gene-LOC140680914|LOC140680914","mediumpurple3"
"gene-LOC140680932|LOC140680932","grey"
"gene-LOC115492433|LOC115492433","mediumpurple3"
"gene-LOC140680996|LOC140680996","grey"
"gene-LOC140680939|LOC140680939","saddlebrown"
"gene-LOC140680998|LOC140680998","cyan"
"gene-LOC140680999|LOC140680999","skyblue"
"gene-LOC140680938|LOC140680938","black"
"gene-LOC140680911|LOC140680911","turquoise"
"gene-LOC100230077|LOC100230077","grey"
"gene-LOC140680924|LOC140680924","black"
"gene-LOC140680878|LOC140680878","turquoise"
"gene-LOC140680912|LOC140680912","orange"
"gene-LOC140680874|LOC140680874","grey"
"gene-LOC116807048|LOC116807048","red"
"gene-LOC140680879|LOC140680879","paleturquoise"
"gene-LOC140681003|LOC140681003","grey"
"gene-LOC140680877|LOC140680877","brown"
"gene-LOC116807419|LOC116807419","orange"
"gene-LOC140680935|LOC140680935","plum2"
"gene-LOC140681092|LOC140681092","turquoise"
"gene-CCDC22|CCDC22","turquoise"
"gene-KDM5C|KDM5C","turquoise"
"gene-LOC121468467|LOC121468467","turquoise"
"gene-LOC121468469|LOC121468469","blue"
"gene-LOC115492115|LOC115492115","turquoise"
"gene-LOC115492049|LOC115492049","turquoise"
"gene-NAA10|NAA10","yellow"
"gene-HSD17B10|HSD17B10","magenta"
"gene-LOC121468470|LOC121468470","mediumpurple3"
"gene-LOC100190649|LOC100190649","turquoise"
"gene-TRMT112|TRMT112","yellow"
"gene-BANF1|BANF1","yellow"
"gene-LOC140681029|LOC140681029","cyan"
"gene-MUS81|MUS81","blue"
"gene-WAS|WAS","blue"
"gene-TBC1D25|TBC1D25","brown"
"gene-GRIPAP1|GRIPAP1","turquoise"
"gene-LOC140681080|LOC140681080","darkgreen"
"gene-SUV39H1|SUV39H1","blue"
"gene-LOC121468399|LOC121468399","darkgrey"
"gene-TAFAZZIN|TAFAZZIN","pink"
"gene-WDR13|WDR13","grey"
"gene-BCAP31|BCAP31","yellow"
"gene-RENBP|RENBP","turquoise"
"gene-HCFC1|HCFC1","turquoise"
"gene-ATP2B3|ATP2B3","turquoise"
"gene-HAUS7|HAUS7","blue"
"gene-MECP2|MECP2","grey"
"gene-CCNQ|CCNQ","yellow"
"gene-FLNA|FLNA","blue"
"gene-LOC121468456|LOC121468456","green"
"gene-LOC140681085|LOC140681085","lightgreen"
"gene-LOC121468476|LOC121468476","red"
"gene-PDZD4|PDZD4","yellowgreen"
"gene-L1CAM|L1CAM","turquoise"
"gene-TFE3|TFE3","turquoise"
"gene-SRPK3|SRPK3","turquoise"
"gene-SSR4|SSR4","pink"
"gene-IDH3G|IDH3G","brown"
"gene-OTUD5|OTUD5","yellow"
"gene-EBP|EBP","green"
"gene-CCDC120|CCDC120","yellow"
"gene-SYN1|SYN1","blue"
"gene-LOC140681083|LOC140681083","yellow"
"gene-LOC140681082|LOC140681082","grey"
"gene-LOC121468977|LOC121468977","turquoise"
"gene-UXT|UXT","turquoise"
"gene-LOC140681042|LOC140681042","blue"
"gene-LOC140681043|LOC140681043","blue"
"gene-RBM10|RBM10","turquoise"
"gene-NDUFB11|NDUFB11","yellow"
"gene-UBA1|UBA1","green"
"gene-LOC115492105|LOC115492105","turquoise"
"gene-VMA22|VMA22","magenta"
"gene-IMP4|IMP4","pink"
"gene-PTPN18|PTPN18","blue"
"gene-LOC115492054|LOC115492054","yellow"
"gene-CXXC1|CXXC1","yellow"
"gene-LOC115491942|LOC115491942","mediumpurple3"
"gene-ABT1|ABT1","grey60"
"gene-ZWINT|ZWINT","blue"
"gene-LOC115492167|LOC115492167","turquoise"
"gene-TSR2|TSR2","pink"
"gene-WNK3|WNK3","turquoise"
"gene-GNL3L|GNL3L","turquoise"
"gene-PHF8|PHF8","turquoise"
"gene-HUWE1|HUWE1","turquoise"
"gene-SLC3A2|SLC3A2","red"
"gene-SART1|SART1","sienna3"
"gene-EIF1AD|EIF1AD","grey"
"gene-PACS1|PACS1","turquoise"
"gene-SF3B2|SF3B2","yellow"
"gene-CNIH2|CNIH2","yellow"
"gene-BBS1|BBS1","turquoise"
"gene-LOC140680229|LOC140680229","pink"
"gene-LOC140681027|LOC140681027","darkolivegreen"
"gene-LOC140681138|LOC140681138","turquoise"
"gene-LOC140681141|LOC140681141","midnightblue"
"gene-WDR74|WDR74","turquoise"
"gene-TAF6L|TAF6L","yellow"
"gene-TUT1|TUT1","turquoise"
"gene-MTA2|MTA2","grey"
"gene-EML3|EML3","blue"
"gene-ZBTB3|ZBTB3","grey"
"gene-RCE1|RCE1","pink"
"gene-SPTBN2|SPTBN2","blue"
"gene-B3GAT3|B3GAT3","pink"
"gene-GANAB|GANAB","saddlebrown"
"gene-ZNRD2|ZNRD2","grey"
"gene-LOC121468423|LOC121468423","turquoise"
"gene-LOC121468419|LOC121468419","yellow"
"gene-CCS|CCS","turquoise"
"gene-LOC140681025|LOC140681025","brown"
"gene-TRPT1|TRPT1","yellow"
"gene-SCYL1|SCYL1","pink"
"gene-FRMD8|FRMD8","pink"
"gene-NRXN2|NRXN2","blue"
"gene-RASGRP2|RASGRP2","blue"
"gene-LOC140681079|LOC140681079","blue"
"gene-PYGM|PYGM","pink"
"gene-SF1|SF1","darkgrey"
"gene-MEN1|MEN1","saddlebrown"
"gene-LTBP3|LTBP3","blue"
"gene-LOC140681086|LOC140681086","turquoise"
"gene-MAP3K11|MAP3K11","turquoise"
"gene-LOC121468418|LOC121468418","bisque4"
"gene-PQBP1|PQBP1","brown"
"gene-LOC115491955|LOC115491955","darkgreen"
"gene-GATA1|GATA1","pink"
"gene-CDK20|CDK20","darkgrey"
"gene-FTSJ1|FTSJ1","turquoise"
"gene-PLP2|PLP2","blue"
"gene-GPKOW|GPKOW","cyan"
"gene-WDR45|WDR45","yellow"
"gene-HDAC6|HDAC6","grey"
"gene-SPATA16|SPATA16","grey"
"gene-IKBKG|IKBKG","green"
"gene-PORCN|PORCN","turquoise"
"gene-SLC35A2|SLC35A2","yellow"
"gene-LOC121468446|LOC121468446","grey"
"gene-LOC115492083|LOC115492083","green"
"gene-G6PD|G6PD","blue"
"gene-LOC115492069|LOC115492069","black"
"gene-FAM3A|FAM3A","pink"
"gene-UBL4A|UBL4A","green"
"gene-FAM50A|FAM50A","turquoise"
"gene-ATP6AP1|ATP6AP1","magenta"
"gene-LOC121468392|LOC121468392","grey"
"gene-LOC121468441|LOC121468441","skyblue3"
"gene-SIPA1|SIPA1","blue"
"gene-LOC140681046|LOC140681046","midnightblue"
"gene-DPF2|DPF2","turquoise"
"gene-LOC115491968|LOC115491968","plum2"
"gene-LOC140681077|LOC140681077","grey"
"gene-SYVN1|SYVN1","red"
"gene-CDC42EP2|CDC42EP2","turquoise"
"gene-STIP1|STIP1","saddlebrown"
"gene-LOC140681031|LOC140681031","turquoise"
"gene-OTUB1|OTUB1","yellow"
"gene-LOC140681136|LOC140681136","turquoise"
"gene-LOC121468475|LOC121468475","turquoise"
"gene-FAU|FAU","pink"
"gene-MRPL49|MRPL49","grey"
"gene-LOC115492180|LOC115492180","black"
"gene-CAPN1|CAPN1","blue"
"gene-POLA2|POLA2","red"
"gene-RELA|RELA","pink"
"gene-DRAP1|DRAP1","turquoise"
"gene-KAT5|KAT5","brown"
"gene-RNASEH2C|RNASEH2C","yellow"
"gene-LOC140681047|LOC140681047","turquoise"
"gene-BAD|BAD","turquoise"
"gene-MRPL11|MRPL11","pink"
"gene-FKBP2|FKBP2","yellow"
"gene-PPP1R14B|PPP1R14B","turquoise"
"gene-LOC121468463|LOC121468463","turquoise"
"gene-ARL2|ARL2","yellow"
"gene-FIBP|FIBP","yellow"
"gene-ATG2A|ATG2A","turquoise"
"gene-RTN3|RTN3","yellow"
"gene-LOC140681076|LOC140681076","yellow"
"gene-OVOL1|OVOL1","turquoise"
"gene-PC|PC","green"
"gene-LOC121468425|LOC121468425","yellowgreen"
"gene-MARK2|MARK2","green"
"gene-NAA40|NAA40","turquoise"
"gene-STX5|STX5","green"
"gene-NXF1|NXF1","turquoise"
"gene-TMEM223|TMEM223","yellow"
"gene-HNRNPUL2|HNRNPUL2","greenyellow"
"gene-GNG3|GNG3","darkorange2"
"gene-BSCL2|BSCL2","turquoise"
"gene-DMAC1|DMAC1","yellow"
"gene-LOC115492207|LOC115492207","turquoise"
"gene-INTS5|INTS5","yellow"
"gene-POLR2G|POLR2G","turquoise"
"gene-EEF1G|EEF1G","saddlebrown"
"gene-AHNAK|AHNAK","blue"
"gene-B4GAT1|B4GAT1","cyan"
"gene-ZFPL1|ZFPL1","turquoise"
"gene-TM7SF2|TM7SF2","turquoise"
"gene-ZNHIT2|ZNHIT2","turquoise"
"gene-LOC121468903|LOC121468903","red"
"gene-LOC140681096|LOC140681096","magenta"
"gene-LOC121469088|LOC121469088","magenta"
"gene-LOC121469095|LOC121469095","darkorange2"
"gene-LOC140681048|LOC140681048","darkorange2"
"gene-LOC140681122|LOC140681122","plum1"
"gene-LOC140681124|LOC140681124","orange"
"gene-LOC140681106|LOC140681106","plum1"
"gene-LOC140681104|LOC140681104","magenta"
"gene-LOC116807591|LOC116807591","plum1"
"gene-LOC140681119|LOC140681119","orange"
"gene-LOC140681034|LOC140681034","turquoise"
"gene-LOC140681035|LOC140681035","turquoise"
"gene-LOC140681115|LOC140681115","orange"
"gene-LOC140681038|LOC140681038","orange"
"gene-LOC140681099|LOC140681099","yellowgreen"
"gene-LOC140681039|LOC140681039","orange"
"gene-LOC140681041|LOC140681041","white"
"gene-LOC140681107|LOC140681107","plum1"
"gene-LOC140681108|LOC140681108","plum1"
"gene-LOC140681102|LOC140681102","red"
"gene-LOC140681049|LOC140681049","magenta"
"gene-LOC121468923|LOC121468923","darkorange2"
"gene-LOC140681087|LOC140681087","magenta"
"gene-LOC140681103|LOC140681103","orange"
"gene-LOC140681051|LOC140681051","orange"
"gene-LOC115493220|LOC115493220","blue"
"gene-LOC140681055|LOC140681055","grey"
"gene-LOC140681125|LOC140681125","orange"
"gene-LOC140681118|LOC140681118","paleturquoise"
"gene-LOC140681056|LOC140681056","orange"
"gene-LOC140681058|LOC140681058","orange"
"gene-LOC140681110|LOC140681110","orange"
"gene-LOC140681094|LOC140681094","orange"
"gene-LOC140681061|LOC140681061","orange"
"gene-LOC140681120|LOC140681120","orange"
"gene-LOC140681064|LOC140681064","orange"
"gene-LOC140681097|LOC140681097","orange"
"gene-LOC140681065|LOC140681065","orange"
"gene-LOC140681109|LOC140681109","orange"
"gene-LOC115492553|LOC115492553","blue"
"gene-LOC140681069|LOC140681069","orange"
"gene-LOC140681127|LOC140681127","orange"
"gene-LOC140681111|LOC140681111","orange"
"gene-LOC140680258|LOC140680258","orange"
"gene-LOC140681116|LOC140681116","darkred"
"gene-LOC140681072|LOC140681072","orange"
"gene-LOC140681088|LOC140681088","orange"
"gene-LOC140680257|LOC140680257","orange"
"gene-LOC140681121|LOC140681121","grey60"
"gene-LOC116808623|LOC116808623","red"
"gene-LOC140681093|LOC140681093","darkorange"
"gene-LOC140681148|LOC140681148","midnightblue"
"gene-LOC140681149|LOC140681149","tan"
"gene-SPAG7|SPAG7","turquoise"
"gene-PSMB6|PSMB6","pink"
"gene-SLC25A11|SLC25A11","yellow"
"gene-LOC121468501|LOC121468501","cyan"
"gene-PFN1|PFN1","pink"
"gene-LOC121468512|LOC121468512","turquoise"
"gene-CAMTA2|CAMTA2","turquoise"
"gene-KIF1C|KIF1C","yellow"
"gene-PCOLCE|PCOLCE","pink"
"gene-LRCH4|LRCH4","turquoise"
"gene-LOC115492699|LOC115492699","skyblue3"
"gene-LOC121468481|LOC121468481","turquoise"
"gene-LOC115492733|LOC115492733","yellow"
"gene-MEPCE|MEPCE","yellow"
"gene-ACTL6B|ACTL6B","turquoise"
"gene-POP7|POP7","grey60"
"gene-TFR2|TFR2","mediumpurple3"
"gene-EPHB4|EPHB4","turquoise"
"gene-TMEM256|TMEM256","yellow"
"gene-NLGN2|NLGN2","blue"
"gene-SRRT|SRRT","turquoise"
"gene-AP4M1|AP4M1","turquoise"
"gene-ACHE|ACHE","tan"
"gene-FGF11|FGF11","yellow"
"gene-CHRNB1|CHRNB1","grey"
"gene-SENP3|SENP3","saddlebrown"
"gene-EIF4A1|EIF4A1","cyan"
"gene-GAL3ST4|GAL3ST4","yellowgreen"
"gene-LOC121468487|LOC121468487","plum2"
"gene-MCM7|MCM7","blue"
"gene-LOC140681175|LOC140681175","lightcyan"
"gene-COPS6|COPS6","brown"
"gene-AP1S1|AP1S1","pink"
"gene-BACC1|BACC1","yellow"
"gene-RNASEK|RNASEK","yellow"
"gene-SLC2A4|SLC2A4","magenta"
"gene-EIF5A|EIF5A","yellow"
"gene-ACADVL|ACADVL","brown"
"gene-ACAP1|ACAP1","blue"
"gene-LOC140681184|LOC140681184","grey"
"gene-DLG4|DLG4","grey"
"gene-GPS2|GPS2","turquoise"
"gene-NEURL4|NEURL4","lightcyan"
"gene-TP53|TP53","blue"
"gene-ATP1B2|ATP1B2","grey60"
"gene-ZBTB4|ZBTB4","purple"
"gene-POLR2A|POLR2A","grey"
"gene-WRAP53|WRAP53","turquoise"
"gene-EFNB3|EFNB3","turquoise"
"gene-LOC140681151|LOC140681151","turquoise"
"gene-LOC140681185|LOC140681185","grey"
"gene-KDM6B|KDM6B","turquoise"
"gene-NAA38|NAA38","yellow"
"gene-CHD3|CHD3","green"
"gene-LAMTOR4|LAMTOR4","pink"
"gene-TRAPPC14|TRAPPC14","turquoise"
"gene-MPDU1|MPDU1","saddlebrown"
"gene-PHF23|PHF23","salmon"
"gene-GABARAP|GABARAP","pink"
"gene-SNAPC2|SNAPC2","grey"
"gene-PELP1|PELP1","pink"
"gene-MED11|MED11","tan"
"gene-LOC140681182|LOC140681182","grey"
"gene-ELP5|ELP5","yellow"
"gene-CTDNEP1|CTDNEP1","brown"
"gene-MBLAC1|MBLAC1","orange"
"gene-TAF6|TAF6","brown"
"gene-TRAPPC1|TRAPPC1","darkred"
"gene-GUCY2D|GUCY2D","darkred"
"gene-VMO1|VMO1","grey"
"gene-LOC115492776|LOC115492776","grey"
"gene-ZNHIT1|ZNHIT1","saddlebrown"
"gene-PLOD3|PLOD3","skyblue3"
"gene-VAMP2|VAMP2","yellow"
"gene-LOC100221316|LOC100221316","blue"
"gene-LOC140681199|LOC140681199","paleturquoise"
"gene-LOC140681197|LOC140681197","paleturquoise"
"gene-LOC140681189|LOC140681189","paleturquoise"
"gene-LOC140681179|LOC140681179","grey"
"gene-LOC100231824|LOC100231824","purple"
"gene-LOC121468543|LOC121468543","grey"
"gene-SYCP1|SYCP1","grey"
"gene-LOC121468542|LOC121468542","blue"
"gene-LOC140681183|LOC140681183","turquoise"
"gene-PFAS|PFAS","yellow"
"gene-LOC121468530|LOC121468530","turquoise"
"gene-LOC140681145|LOC140681145","grey"
"gene-FIS1|FIS1","turquoise"
"gene-LOC140681177|LOC140681177","lightsteelblue1"
"gene-LOC115492670|LOC115492670","lightsteelblue1"
"gene-LOC140681146|LOC140681146","blue"
"gene-LOC115490574|LOC115490574","turquoise"
"gene-LOC140681187|LOC140681187","red"
"gene-QPRT|QPRT","yellow"
"gene-LOC140681174|LOC140681174","magenta"
"gene-LOC140681205|LOC140681205","skyblue"
"gene-LOC140681168|LOC140681168","darkmagenta"
"gene-LOC115492788|LOC115492788","midnightblue"
"gene-LOC100229817|LOC100229817","darkmagenta"
"gene-LOC121468546|LOC121468546","blue"
"gene-LOC115492664|LOC115492664","blue"
"gene-LOC121468367|LOC121468367","ivory"
"gene-LOC140681171|LOC140681171","paleturquoise"
"gene-LOC140681195|LOC140681195","paleturquoise"
"gene-LOC140681203|LOC140681203","cyan"
"gene-LOC140681206|LOC140681206","paleturquoise"
"gene-LOC140681170|LOC140681170","black"
"gene-LOC140681161|LOC140681161","paleturquoise"
"gene-LOC121468551|LOC121468551","paleturquoise"
"gene-LOC140681194|LOC140681194","paleturquoise"
"gene-LOC140681172|LOC140681172","paleturquoise"
"gene-LOC121468553|LOC121468553","red"
"gene-LOC140681143|LOC140681143","red"
"gene-LOC140681173|LOC140681173","lightgreen"
"gene-LOC140681198|LOC140681198","red"
"gene-LOC140681204|LOC140681204","red"
"gene-LOC140681166|LOC140681166","red"
"gene-LOC115492346|LOC115492346","red"
"gene-LOC140681192|LOC140681192","paleturquoise"
"gene-LOC116807110|LOC116807110","paleturquoise"
"gene-LOC140681167|LOC140681167","red"
"gene-LOC140681193|LOC140681193","paleturquoise"
"gene-LOC140681201|LOC140681201","paleturquoise"
"gene-LOC140681200|LOC140681200","paleturquoise"
"gene-LOC115498350|LOC115498350","turquoise"
"gene-LOC115492350|LOC115492350","greenyellow"
"gene-LOC140681190|LOC140681190","saddlebrown"
"gene-LOC121471140|LOC121471140","midnightblue"
"gene-CD79A|CD79A","grey"
"gene-ATP1A3|ATP1A3","tan"
"gene-ARHGEF1|ARHGEF1","blue"
"gene-ERFL|ERFL","grey"
"gene-RABAC1|RABAC1","salmon"
"gene-GRIK5|GRIK5","grey"
"gene-RPS19|RPS19","pink"
"gene-ZNF574|ZNF574","skyblue3"
"gene-LOC121468582|LOC121468582","blue"
"gene-DEDD2|DEDD2","lightgreen"
"gene-ERF|ERF","grey"
"gene-CIC|CIC","turquoise"
"gene-LOC140681231|LOC140681231","turquoise"
"gene-LOC121468593|LOC121468593","turquoise"
"gene-LOC140681232|LOC140681232","lightcyan"
"gene-LOC140681262|LOC140681262","sienna3"
"gene-LOC121468600|LOC121468600","mediumpurple3"
"gene-LOC121468577|LOC121468577","yellow"
"gene-ATP4A|ATP4A","pink"
"gene-HAMP|HAMP","grey"
"gene-TMEM145|TMEM145","darkturquoise"
"gene-LOC140681257|LOC140681257","turquoise"
"gene-CADM4|CADM4","turquoise"
"gene-LOC115492926|LOC115492926","turquoise"
"gene-ETHE1|ETHE1","yellow"
"gene-LOC140681256|LOC140681256","turquoise"
"gene-XRCC1|XRCC1","grey"
"gene-SMG9|SMG9","cyan"
"gene-PPP2R1A|PPP2R1A","yellow"
"gene-ETFB|ETFB","green"
"gene-LOC121468608|LOC121468608","grey"
"gene-TMEM147|TMEM147","saddlebrown"
"gene-LSR|LSR","saddlebrown"
"gene-MAG|MAG","grey60"
"gene-USF2|USF2","pink"
"gene-APOC2|APOC2","yellow"
"gene-MEGF8|MEGF8","turquoise"
"gene-TOMM40|TOMM40","brown"
"gene-APOE|APOE","darkorange"
"gene-LIPE|LIPE","mediumpurple3"
"gene-PSMC4|PSMC4","pink"
"gene-RBM42|RBM42","turquoise"
"gene-TYROBP|TYROBP","blue"
"gene-LOC140681254|LOC140681254","plum1"
"gene-CTU1|CTU1","white"
"gene-LOC121468613|LOC121468613","brown"
"gene-SCN1B|SCN1B","purple"
"gene-BCL3|BCL3","blue"
"gene-NPHS1|NPHS1","turquoise"
"gene-LOC140681266|LOC140681266","yellow"
"gene-LOC115492965|LOC115492965","brown"
"gene-COX6B1|COX6B1","yellow"
"gene-FBL|FBL","yellow"
"gene-HAUS5|HAUS5","blue"
"gene-LIN37|LIN37","grey"
"gene-PSENEN|PSENEN","grey60"
"gene-LOC140681258|LOC140681258","brown"
"gene-LOC140681259|LOC140681259","green"
"gene-LOC140681269|LOC140681269","thistle2"
"gene-LOC140681274|LOC140681274","turquoise"
"gene-LOC116807137|LOC116807137","orange"
"gene-LOC140680268|LOC140680268","orange"
"gene-LOC140681226|LOC140681226","orange"
"gene-LOC140681279|LOC140681279","orange"
"gene-LOC140681239|LOC140681239","orange"
"gene-LOC140680242|LOC140680242","blue"
"gene-LOC140681273|LOC140681273","orange"
"gene-LOC140681245|LOC140681245","thistle1"
"gene-LOC115490885|LOC115490885","thistle1"
"gene-LOC140681276|LOC140681276","orange"
"gene-LOC121469097|LOC121469097","yellowgreen"
"gene-LOC140681277|LOC140681277","orange"
"gene-LOC140681229|LOC140681229","orange"
"gene-LOC140681278|LOC140681278","orange"
"gene-LOC140681252|LOC140681252","tan"
"gene-LOC140681265|LOC140681265","orange"
"gene-LOC140681249|LOC140681249","orange"
"gene-LOC140681267|LOC140681267","darkgreen"
"gene-LOC140681263|LOC140681263","darkorange"
"gene-LOC140681260|LOC140681260","orange"
"gene-LOC140681322|LOC140681322","cyan"
"gene-LOC140681323|LOC140681323","darkorange"
"gene-LOC140681319|LOC140681319","orange"
"gene-LOC140681325|LOC140681325","paleturquoise"
"gene-BLVRB|BLVRB","bisque4"
"gene-LOC121468646|LOC121468646","paleturquoise"
"gene-POLR2I|POLR2I","royalblue"
"gene-TBCB|TBCB","purple"
"gene-LOC140681310|LOC140681310","thistle1"
"gene-LOC105760323|LOC105760323","thistle1"
"gene-LOC115492993|LOC115492993","grey"
"gene-LOC121468633|LOC121468633","blue"
"gene-RAB4B|RAB4B","grey"
"gene-LOC121468955|LOC121468955","grey"
"gene-LOC140681341|LOC140681341","orange"
"gene-LOC140681349|LOC140681349","orange"
"gene-LOC140681346|LOC140681346","paleturquoise"
"gene-LOC140681338|LOC140681338","orange"
"gene-LOC140681296|LOC140681296","orange"
"gene-LOC140681299|LOC140681299","orange"
"gene-LOC116807555|LOC116807555","orange"
"gene-LOC140681335|LOC140681335","orange"
"gene-LOC140681300|LOC140681300","grey"
"gene-LOC140681336|LOC140681336","thistle2"
"gene-LOC140681343|LOC140681343","orange"
"gene-LOC140681304|LOC140681304","grey"
"gene-LOC140681350|LOC140681350","black"
"gene-LOC140681307|LOC140681307","turquoise"
"gene-LOC121468928|LOC121468928","grey"
"gene-LOC121468927|LOC121468927","turquoise"
"gene-LOC121468922|LOC121468922","darkorange2"
"gene-LOC140681340|LOC140681340","orange"
"gene-LOC140681309|LOC140681309","white"
"gene-LOC100223636|LOC100223636","orange"
"gene-LOC140681313|LOC140681313","orange"
"gene-LOC116807418|LOC116807418","orange"
"gene-LOC140681342|LOC140681342","orange"
"gene-COQ8B|COQ8B","tan"
"gene-LOC140681314|LOC140681314","grey"
"gene-CCDC97|CCDC97","blue"
"gene-ACTMAP|ACTMAP","magenta"
"gene-LOC121468667|LOC121468667","grey"
"gene-LOC140681334|LOC140681334","grey60"
"gene-ZNF565|ZNF565","violet"
"gene-SPTBN4|SPTBN4","darkred"
"gene-LOC140681347|LOC140681347","red"
"gene-ARHGAP35|ARHGAP35","brown"
"gene-AP2S1|AP2S1","yellow"
"gene-YIF1B|YIF1B","grey"
"gene-LTBP4|LTBP4","turquoise"
"gene-RELB|RELB","lightsteelblue1"
"gene-CLPTM1|CLPTM1","saddlebrown"
"gene-CLASRP|CLASRP","turquoise"
"gene-GEMIN7|GEMIN7","lightsteelblue1"
"gene-PPP1R37|PPP1R37","cyan"
"gene-LOC140681287|LOC140681287","darkorange"
"gene-ERCC1|ERCC1","midnightblue"
"gene-POLR1G|POLR1G","grey"
"gene-PPP1R13L|PPP1R13L","turquoise"
"gene-SNRPD2|SNRPD2","brown"
"gene-PPP5C|PPP5C","green"
"gene-CLIP3|CLIP3","brown"
"gene-CAPNS1|CAPNS1","darkgreen"
"gene-DMPK|DMPK","pink"
"gene-DMWD|DMWD","purple"
"gene-SYMPK|SYMPK","yellow"
"gene-STRN4|STRN4","turquoise"
"gene-FKRP|FKRP","greenyellow"
"gene-LOC140681320|LOC140681320","grey"
"gene-LOC140681321|LOC140681321","turquoise"
"gene-LOC115492889|LOC115492889","lightcyan1"
"gene-C5AR1|C5AR1","turquoise"
"gene-LOC121468665|LOC121468665","turquoise"
"gene-CCDC9|CCDC9","turquoise"
"gene-SAE1|SAE1","brown"
"gene-LOC115493143|LOC115493143","brown"
"gene-KPTN|KPTN","turquoise"
"gene-SLC8A2|SLC8A2","turquoise"
"gene-SPINT2|SPINT2","grey"
"gene-LOC121468661|LOC121468661","grey60"
"gene-ERCC2|ERCC2","turquoise"
"gene-EHD2|EHD2","turquoise"
"gene-LOC140681318|LOC140681318","darkred"
"gene-BICRA|BICRA","turquoise"
"gene-ZC3H4|ZC3H4","turquoise"
"gene-LOC121468653|LOC121468653","darkred"
"gene-C34H19orf47|C34H19orf47","grey"
"gene-PLD3|PLD3","yellow"
"gene-RYR1|RYR1","lightsteelblue1"
"gene-EIF3K|EIF3K","yellow"
"gene-ACTN4|ACTN4","yellow"
"gene-LGALS4|LGALS4","turquoise"
"gene-CRX|CRX","turquoise"
"gene-LOC115493148|LOC115493148","yellow"
"gene-SELENOW|SELENOW","green"
"gene-LOC115493145|LOC115493145","darkred"
"gene-NOP53|NOP53","turquoise"
"gene-PSMD8|PSMD8","green"
"gene-HNRNPL|HNRNPL","grey"
"gene-MARK4|MARK4","cyan"
"gene-ECH1|ECH1","yellow"
"gene-BCKDHA|BCKDHA","green"
"gene-EXOC3L2|EXOC3L2","blue"
"gene-RTN2|RTN2","turquoise"
"gene-VASP|VASP","turquoise"
"gene-GIPR|GIPR","grey"
"gene-OPA3|OPA3","yellow"
"gene-FBXO46|FBXO46","yellow"
"gene-QPCTL|QPCTL","saddlebrown"
"gene-DLL3|DLL3","turquoise"
"gene-TIMM50|TIMM50","turquoise"
"gene-LRFN1|LRFN1","salmon"
"gene-SUPT5H|SUPT5H","grey60"
"gene-MED29|MED29","yellow"
"gene-PAF1|PAF1","pink"
"gene-SAMD4B|SAMD4B","turquoise"
"gene-PAK4|PAK4","turquoise"
"gene-SIRT2|SIRT2","turquoise"
"gene-LOC140681282|LOC140681282","cyan"
"gene-MRPS12|MRPS12","pink"
"gene-SARS2|SARS2","turquoise"
"gene-NFKBIB|NFKBIB","yellow"
"gene-LOC121469031|LOC121469031","midnightblue"
"gene-LOC140681360|LOC140681360","midnightblue"
"gene-LOC140681361|LOC140681361","grey"
"gene-LOC140681415|LOC140681415","turquoise"
"gene-LOC140681414|LOC140681414","midnightblue"
"gene-LOC140681362|LOC140681362","midnightblue"
"gene-LOC121468710|LOC121468710","salmon"
"gene-RPS5|RPS5","pink"
"gene-GABBR1|GABBR1","turquoise"
"gene-SH3BP5L|SH3BP5L","saddlebrown"
"gene-LOC121468689|LOC121468689","cyan"
"gene-LOC121468711|LOC121468711","turquoise"
"gene-IER3|IER3","turquoise"
"gene-LOC121468728|LOC121468728","turquoise"
"gene-PPP1R18|PPP1R18","blue"
"gene-ABHD16A|ABHD16A","yellow"
"gene-VARS1|VARS1","greenyellow"
"gene-LSM2|LSM2","blue"
"gene-LOC121468717|LOC121468717","grey"
"gene-PRRT1|PRRT1","darkgrey"
"gene-LOC115492257|LOC115492257","yellow"
"gene-RPP21|RPP21","turquoise"
"gene-GNL1|GNL1","yellow"
"gene-ZBTB12|ZBTB12","grey"
"gene-EHMT2|EHMT2","grey"
"gene-PPT2|PPT2","brown"
"gene-LOC121468716|LOC121468716","darkgrey"
"gene-LOC121468721|LOC121468721","green"
"gene-MGAT1|MGAT1","darkred"
"gene-POLR1H|POLR1H","turquoise"
"gene-PPP1R11|PPP1R11","pink"
"gene-ABCF1|ABCF1","yellow"
"gene-PPP1R10|PPP1R10","ivory"
"gene-MRPS18B|MRPS18B","yellow"
"gene-ATAT1|ATAT1","turquoise"
"gene-C35H6orf136|C35H6orf136","greenyellow"
"gene-DHX16|DHX16","darkorange2"
"gene-GTF2H4|GTF2H4","turquoise"
"gene-VARS2|VARS2","turquoise"
"gene-LOC140681385|LOC140681385","grey"
"gene-CFB|CFB","grey"
"gene-NELFE|NELFE","yellowgreen"
"gene-SKIC2|SKIC2","paleturquoise"
"gene-WHR1|WHR1","yellow"
"gene-NEU1|NEU1","yellow"
"gene-DDX39B|DDX39B","yellow"
"gene-LOC140681383|LOC140681383","turquoise"
"gene-BAG6|BAG6","pink"
"gene-PRRC2A|PRRC2A","turquoise"
"gene-LOC140681363|LOC140681363","darkgrey"
"gene-GPANK1|GPANK1","red"
"gene-CSNK2B|CSNK2B","yellow"
"gene-LOC140681386|LOC140681386","pink"
"gene-TRIM41|TRIM41","plum1"
"gene-TRIM7|TRIM7","brown"
"gene-IL4I1|IL4I1","darkgreen"
"gene-RACK1|RACK1","pink"
"gene-LOC100229107|LOC100229107","red"
"gene-LOC100223408|LOC100223408","black"
"gene-ZNF692|ZNF692","turquoise"
"gene-LOC140681418|LOC140681418","blue"
"gene-LOC115492234|LOC115492234","blue"
"gene-LOC121468732|LOC121468732","blue"
"gene-BRD2|BRD2","red"
"gene-LOC100227429|LOC100227429","blue"
"gene-LOC140681412|LOC140681412","red"
"gene-LOC115493244|LOC115493244","blue"
"gene-LOC121468742|LOC121468742","blue"
"gene-LOC140681410|LOC140681410","blue"
"gene-LOC140681411|LOC140681411","blue"
"gene-LOC115493267|LOC115493267","blue"
"gene-LOC140681409|LOC140681409","blue"
"gene-LOC115493242|LOC115493242","blue"
"gene-LOC121468062|LOC121468062","blue"
"gene-LOC121468700|LOC121468700","blue"
"gene-LOC121468701|LOC121468701","blue"
"gene-LOC121468750|LOC121468750","blue"
"gene-SLC39A7|SLC39A7","brown"
"gene-RXRB|RXRB","brown"
"gene-WDR46|WDR46","turquoise"
"gene-B3GALT4|B3GALT4","red"
"gene-VPS52|VPS52","brown"
"gene-RPS18|RPS18","pink"
"gene-RING1|RING1","brown"
"gene-PFDN6|PFDN6","yellow"
"gene-LOC140681417|LOC140681417","grey"
"gene-LOC140681370|LOC140681370","yellow"
"gene-LOC140680264|LOC140680264","grey"
"gene-LOC140681407|LOC140681407","grey"
"gene-LOC115492465|LOC115492465","floralwhite"
"gene-LOC140681423|LOC140681423","grey"
"gene-LOC140681408|LOC140681408","green"
"gene-LOC140681413|LOC140681413","thistle1"
"gene-LOC140681387|LOC140681387","pink"
"gene-LOC115492501|LOC115492501","grey"
"gene-LOC116807180|LOC116807180","grey"
"gene-LOC140681390|LOC140681390","plum2"
"gene-LOC140681416|LOC140681416","grey"
"gene-LOC140681421|LOC140681421","grey"
"gene-LOC116807157|LOC116807157","grey"
"gene-LOC140681388|LOC140681388","yellow"
"gene-LOC140681420|LOC140681420","grey"
"gene-LOC140681358|LOC140681358","magenta"
"gene-LOC140681398|LOC140681398","grey"
"gene-LOC140680275|LOC140680275","yellow"
"gene-LOC140681402|LOC140681402","turquoise"
"gene-LOC140681399|LOC140681399","grey"
"gene-LOC100220872|LOC100220872","turquoise"
"gene-LOC115493087|LOC115493087","grey"
"gene-LOC116807443|LOC116807443","plum1"
"gene-LOC100225145|LOC100225145","blue"
"gene-LOC115493093|LOC115493093","darkgrey"
"gene-LOC140681404|LOC140681404","midnightblue"
"gene-LOC115492499|LOC115492499","blue"
"gene-LOC100224616|LOC100224616","blue"
"gene-PGLYRP2|PGLYRP2","grey60"
"gene-LOC115493074|LOC115493074","grey"
"gene-LOC115493103|LOC115493103","mediumpurple3"
"gene-LOC140681393|LOC140681393","brown"
"gene-LOC140680255|LOC140680255","turquoise"
"gene-LOC115493101|LOC115493101","darkgrey"
"gene-FLOT1|FLOT1","blue"
"gene-LOC140681391|LOC140681391","blue"
"gene-LOC100231469|LOC100231469","blue"
"gene-LOC140681396|LOC140681396","blue"
"gene-LOC140681397|LOC140681397","grey"
"gene-TUBB|TUBB","green"
"gene-LOC115493068|LOC115493068","darkolivegreen"
"gene-LOC115493088|LOC115493088","darkgreen"
"gene-KIFC1|KIFC1","blue"
"gene-LOC115493118|LOC115493118","turquoise"
"gene-SYNGAP1|SYNGAP1","turquoise"
"gene-LOC121468699|LOC121468699","purple"
"gene-LOC121468673|LOC121468673","blue"
"gene-LOC115493070|LOC115493070","turquoise"
"gene-LOC115493072|LOC115493072","red"
"gene-LOC115493094|LOC115493094","blue"
"gene-LOC140681392|LOC140681392","blue"
"gene-LOC115493119|LOC115493119","turquoise"
"gene-LOC121468677|LOC121468677","yellow"
"gene-LOC101233827|LOC101233827","darkgrey"
"gene-LOC121468687|LOC121468687","turquoise"
"gene-TAPBP|TAPBP","brown"
"gene-LOC100220454|LOC100220454","turquoise"
"gene-LOC140681501|LOC140681501","cyan"
"gene-LOC140681479|LOC140681479","darkgrey"
"gene-TOX4|TOX4","turquoise"
"gene-METTL3|METTL3","turquoise"
"gene-LOC115493062|LOC115493062","turquoise"
"gene-PNP|PNP","green"
"gene-PIP4P1|PIP4P1","turquoise"
"gene-APEX1|APEX1","grey"
"gene-OSGEP|OSGEP","yellow"
"gene-TTC5|TTC5","darkred"
"gene-HNRNPC|HNRNPC","turquoise"
"gene-SUPT16H|SUPT16H","turquoise"
"gene-CHD8|CHD8","turquoise"
"gene-LOC140681469|LOC140681469","lightsteelblue1"
"gene-LOC115493017|LOC115493017","bisque4"
"gene-LOC121468771|LOC121468771","grey"
"gene-LOC121468772|LOC121468772","brown"
"gene-LOC140681499|LOC140681499","brown"
"gene-DCAF11|DCAF11","turquoise"
"gene-LOC121468794|LOC121468794","tan"
"gene-PABPN1|PABPN1","turquoise"
"gene-ACIN1|ACIN1","turquoise"
"gene-NGDN|NGDN","pink"
"gene-PSMB5|PSMB5","yellow"
"gene-LOC121468796|LOC121468796","grey60"
"gene-REC8|REC8","turquoise"
"gene-PRMT5|PRMT5","turquoise"
"gene-OXA1L|OXA1L","magenta"
"gene-RBM23|RBM23","lightyellow"
"gene-LOC140681503|LOC140681503","turquoise"
"gene-HAUS4|HAUS4","blue"
"gene-MMP14|MMP14","blue"
"gene-LOC121468784|LOC121468784","yellow"
"gene-LOC121468786|LOC121468786","turquoise"
"gene-LOC140681471|LOC140681471","turquoise"
"gene-IPO4|IPO4","mediumpurple3"
"gene-LOC121468783|LOC121468783","pink"
"gene-LOC116807129|LOC116807129","black"
"gene-TGM1|TGM1","darkturquoise"
"gene-RABGGTA|RABGGTA","turquoise"
"gene-LOC140681472|LOC140681472","yellowgreen"
"gene-LOC101233579|LOC101233579","midnightblue"
"gene-LOC116807533|LOC116807533","grey"
"gene-LOC121468988|LOC121468988","turquoise"
"gene-LOC140681433|LOC140681433","darkslateblue"
"gene-LOC140681434|LOC140681434","turquoise"
"gene-LOC105759916|LOC105759916","grey"
"gene-LOC140681480|LOC140681480","grey"
"gene-LOC140681496|LOC140681496","turquoise"
"gene-LOC140681495|LOC140681495","thistle2"
"gene-LOC140681497|LOC140681497","darkorange2"
"gene-LOC140681498|LOC140681498","orange"
"gene-LOC140681481|LOC140681481","grey"
"gene-LOC140681492|LOC140681492","black"
"gene-LOC140681477|LOC140681477","turquoise"
"gene-LOC121468831|LOC121468831","yellow"
"gene-FLT3LG|FLT3LG","blue"
"gene-BAX|BAX","blue"
"gene-CD37|CD37","blue"
"gene-KASH5|KASH5","turquoise"
"gene-ALDH16A1|ALDH16A1","yellow"
"gene-PIH1D1|PIH1D1","white"
"gene-SLC17A7|SLC17A7","turquoise"
"gene-RPL13A|RPL13A","pink"
"gene-DHDH|DHDH","magenta"
"gene-BCAT2|BCAT2","turquoise"
"gene-RASIP1|RASIP1","salmon"
"gene-IZUMO1|IZUMO1","grey"
"gene-ISOC2|ISOC2","magenta"
"gene-SHISA7|SHISA7","ivory"
"gene-UBE2S|UBE2S","brown"
"gene-RCVRN|RCVRN","turquoise"
"gene-RPL18|RPL18","yellow"
"gene-DBP|DBP","turquoise"
"gene-ZNF865|ZNF865","grey"
"gene-U2AF2|U2AF2","brown"
"gene-LENG8|LENG8","turquoise"
"gene-PPP1R12C|PPP1R12C","turquoise"
"gene-TNNT1|TNNT1","turquoise"
"gene-KMT5C|KMT5C","thistle2"
"gene-HSPBP1|HSPBP1","magenta"
"gene-TNNI3|TNNI3","tan"
"gene-LOC121468874|LOC121468874","grey"
"gene-PRMT1|PRMT1","brown"
"gene-LOC115491844|LOC115491844","blue"
"gene-LOC115491548|LOC115491548","turquoise"
"gene-RPS9|RPS9","yellow"
"gene-LOC121468880|LOC121468880","turquoise"
"gene-CYTH2|CYTH2","green"
"gene-PRKCG|PRKCG","tan"
"gene-LOC121468871|LOC121468871","tan"
"gene-NDUFA3|NDUFA3","yellow"
"gene-TFPT|TFPT","turquoise"
"gene-LOC121468851|LOC121468851","darkred"
"gene-PRPF31|PRPF31","plum1"
"gene-CNOT3|CNOT3","grey"
"gene-LENG1|LENG1","palevioletred3"
"gene-MBOAT7|MBOAT7","black"
"gene-TSEN34|TSEN34","turquoise"
"gene-GRWD1|GRWD1","grey"
"gene-RPL28|RPL28","pink"
"gene-FUZ|FUZ","magenta"
"gene-MED25|MED25","paleturquoise"
"gene-LOC121468853|LOC121468853","blue"
"gene-LOC115491814|LOC115491814","blue"
"gene-LOC115491543|LOC115491543","grey"
"gene-LOC115491734|LOC115491734","lightyellow"
"gene-LOC121468878|LOC121468878","turquoise"
"gene-GYS1|GYS1","blue"
"gene-PNKP|PNKP","turquoise"
"gene-RUVBL2|RUVBL2","yellow"
"gene-LIN7B|LIN7B","grey60"
"gene-SNRNP70|SNRNP70","turquoise"
"gene-LOC140681601|LOC140681601","skyblue3"
"gene-LOC140681600|LOC140681600","midnightblue"
"gene-JOSD2|JOSD2","brown"
"gene-LOC115491738|LOC115491738","brown"
"gene-LOC121468820|LOC121468820","grey"
"gene-LOC115491524|LOC115491524","turquoise"
"gene-LOC140681615|LOC140681615","turquoise"
"gene-MYBPC2|MYBPC2","blue"
"gene-LOC121468800|LOC121468800","red"
"gene-LOC121468802|LOC121468802","turquoise"
"gene-LRRC4B|LRRC4B","greenyellow"
"gene-PPFIA3|PPFIA3","grey"
"gene-SCAF1|SCAF1","white"
"gene-PRR12|PRR12","darkolivegreen"
"gene-NOSIP|NOSIP","salmon"
"gene-AKT1S1|AKT1S1","turquoise"
"gene-SHANK1|SHANK1","turquoise"
"gene-LOC121468803|LOC121468803","turquoise"
"gene-SYT3|SYT3","yellow"
"gene-ASPDH|ASPDH","green"
"gene-SLC27A5|SLC27A5","magenta"
"gene-TRIM28|TRIM28","turquoise"
"gene-LOC115491788|LOC115491788","yellow"
"gene-ZBTB45|ZBTB45","magenta"
"gene-UBE2M|UBE2M","saddlebrown"
"gene-CHMP2A|CHMP2A","brown"
"gene-LOC115491769|LOC115491769","grey"
"gene-LOC115491526|LOC115491526","darkturquoise"
"gene-LOC140681544|LOC140681544","turquoise"
"gene-LOC140681585|LOC140681585","red"
"gene-LOC140681546|LOC140681546","thistle1"
"gene-LOC140681545|LOC140681545","thistle1"
"gene-LOC140681551|LOC140681551","thistle1"
"gene-LOC140681618|LOC140681618","thistle1"
"gene-LOC101233471|LOC101233471","grey"
"gene-LOC140681508|LOC140681508","thistle1"
"gene-LOC140681509|LOC140681509","thistle1"
"gene-LOC140681511|LOC140681511","purple"
"gene-LOC140681514|LOC140681514","thistle1"
"gene-LOC140681519|LOC140681519","thistle1"
"gene-LOC116807532|LOC116807532","turquoise"
"gene-LOC100222056|LOC100222056","blue"
"gene-LOC140681580|LOC140681580","thistle1"
"gene-LOC140681522|LOC140681522","thistle1"
"gene-LOC116807614|LOC116807614","darkturquoise"
"gene-LOC140681570|LOC140681570","magenta"
"gene-LOC140681525|LOC140681525","grey"
"gene-LOC140681567|LOC140681567","turquoise"
"gene-LOC140681577|LOC140681577","magenta"
"gene-LOC140681597|LOC140681597","grey"
"gene-LOC140681581|LOC140681581","blue"
"gene-LOC116806707|LOC116806707","thistle1"
"gene-LOC116807036|LOC116807036","thistle1"
"gene-LOC140681579|LOC140681579","red"
"gene-LOC140681553|LOC140681553","thistle1"
"gene-LOC140681558|LOC140681558","thistle1"
"gene-LOC140681574|LOC140681574","white"
"gene-LOC140681563|LOC140681563","midnightblue"
"gene-LOC140681562|LOC140681562","grey"
"gene-LOC140681565|LOC140681565","tan"
"gene-LOC140681636|LOC140681636","cyan"
"gene-LOC121469083|LOC121469083","cyan"
"gene-LOC140681661|LOC140681661","cyan"
"gene-LOC121469080|LOC121469080","cyan"
"gene-LOC121469087|LOC121469087","cyan"
"gene-LOC140681655|LOC140681655","cyan"
"gene-LOC115492525|LOC115492525","darkorange"
"gene-NOP10|NOP10","yellow"
"gene-LOC101233511|LOC101233511","purple"
"gene-LOC140681608|LOC140681608","red"
"gene-LOC116807118|LOC116807118","tan"
"gene-LOC140681536|LOC140681536","cyan"
"gene-LOC140681537|LOC140681537","yellowgreen"
"gene-LOC116807432|LOC116807432","thistle2"
"gene-LOC140681564|LOC140681564","turquoise"
"gene-LOC140681566|LOC140681566","magenta"
"gene-LOC140681609|LOC140681609","darkred"
"gene-LOC100226943|LOC100226943","orange"
"gene-LOC140680250|LOC140680250","orange"
"gene-LOC140681598|LOC140681598","white"
"gene-LOC140681599|LOC140681599","red"
"gene-LOC140681561|LOC140681561","thistle2"
"gene-LOC140681605|LOC140681605","darkorange"
"gene-LOC140681695|LOC140681695","turquoise"
"gene-LOC140681755|LOC140681755","lightcyan"
"gene-LOC140681757|LOC140681757","turquoise"
"gene-LOC140681756|LOC140681756","grey"
"gene-LOC140681748|LOC140681748","sienna3"
"gene-LOC140681744|LOC140681744","turquoise"
"gene-LOC140681743|LOC140681743","sienna3"
"gene-LOC140682029|LOC140682029","sienna3"
"gene-LOC140682027|LOC140682027","sienna3"
"gene-LOC140681870|LOC140681870","turquoise"
"gene-LOC140681742|LOC140681742","sienna3"
"gene-LOC140682028|LOC140682028","sienna3"
"gene-LOC140681735|LOC140681735","sienna3"
"gene-LOC140681734|LOC140681734","sienna3"
"gene-LOC140682026|LOC140682026","sienna3"
"gene-LOC140681731|LOC140681731","turquoise"
"gene-LOC140681730|LOC140681730","sienna3"
"gene-LOC121469191|LOC121469191","sienna3"
"gene-LOC140681737|LOC140681737","sienna3"
"gene-LOC140681736|LOC140681736","sienna3"
"gene-LOC140681738|LOC140681738","sienna3"
"gene-LOC140681739|LOC140681739","sienna3"
"gene-LOC140681727|LOC140681727","sienna3"
"gene-LOC140681726|LOC140681726","turquoise"
"gene-LOC140681741|LOC140681741","sienna3"
"gene-LOC140681740|LOC140681740","sienna3"
"gene-LOC140681750|LOC140681750","sienna3"
"gene-LOC140681749|LOC140681749","sienna3"
"gene-LOC140681725|LOC140681725","sienna3"
"gene-LOC140681732|LOC140681732","sienna3"
"gene-LOC140681733|LOC140681733","turquoise"
"gene-LOC140681746|LOC140681746","sienna3"
"gene-LOC140681745|LOC140681745","sienna3"
"gene-LOC140681747|LOC140681747","sienna3"
"gene-LOC115495652|LOC115495652","darkorange2"
"gene-LOC140681706|LOC140681706","lightcyan"
"gene-LOC100220399|LOC100220399","brown"
"gene-LOC140681729|LOC140681729","darkgrey"
"gene-SEC11C|SEC11C","grey60"
"gene-LOC121468166|LOC121468166","turquoise"
"gene-LOC140681710|LOC140681710","black"
"gene-LOC140681711|LOC140681711","turquoise"
"gene-MIR122|MIR122","darkgreen"
"gene-LOC116806603|LOC116806603","greenyellow"
"gene-LOC140681828|LOC140681828","turquoise"
"gene-LOC140680236|LOC140680236","tan"
"gene-NARS1|NARS1","brown"
"gene-LOC140681830|LOC140681830","black"
"gene-LOC140681831|LOC140681831","ivory"
"gene-LOC140681724|LOC140681724","grey"
"gene-LOC100218989|LOC100218989","grey"
"gene-LOC115491045|LOC115491045","grey"
"gene-LOC121468119|LOC121468119","grey60"
"gene-SMAD4|SMAD4","brown"
"gene-ELAC1|ELAC1","white"
"gene-SKA1|SKA1","blue"
"gene-LOC115491142|LOC115491142","purple"
"gene-MYO5B|MYO5B","skyblue"
"gene-CFAP53|CFAP53","turquoise"
"gene-ME2|ME2","blue"
"gene-LOC140680220|LOC140680220","pink"
"gene-LOC115491296|LOC115491296","turquoise"
"gene-LIPG|LIPG","blue"
"gene-ACAA2|ACAA2","skyblue"
"gene-LOC140682040|LOC140682040","darkred"
"gene-LOC100223824|LOC100223824","grey"
"gene-LOC100229494|LOC100229494","blue"
"gene-RPL17|RPL17","skyblue3"
"gene-LOC115491295|LOC115491295","turquoise"
"gene-LOC115491289|LOC115491289","turquoise"
"gene-CZH18orf32|CZH18orf32","lightcyan1"
"gene-DYM|DYM","brown"
"gene-SMAD7|SMAD7","grey"
"gene-CTIF|CTIF","purple"
"gene-ZBTB7C|ZBTB7C","grey"
"gene-SMAD2|SMAD2","lightgreen"
"gene-IER3IP1|IER3IP1","greenyellow"
"gene-KATNAL2|KATNAL2","red"
"gene-HDHD2|HDHD2","grey"
"gene-PIAS2|PIAS2","turquoise"
"gene-CHSY3|CHSY3","floralwhite"
"gene-ISOC1|ISOC1","green"
"gene-SLC27A6|SLC27A6","darkmagenta"
"gene-SLC44A1|SLC44A1","green"
"gene-ABCA1|ABCA1","darkslateblue"
"gene-NIPSNAP3A|NIPSNAP3A","green"
"gene-LOC100220878|LOC100220878","brown"
"gene-LPL|LPL","red"
"gene-NRG1|NRG1","lightpink4"
"gene-FUT10|FUT10","blue"
"gene-FNTA|FNTA","brown"
"gene-LOC100229438|LOC100229438","lightcyan1"
"gene-HOOK3|HOOK3","brown"
"gene-RNF170|RNF170","purple"
"gene-LOC100225683|LOC100225683","blue"
"gene-THAP1|THAP1","lightcyan1"
"gene-IDUA|IDUA","skyblue"
"gene-SLC26A1|SLC26A1","pink"
"gene-ATP5ME|ATP5ME","lightcyan1"
"gene-TMEM175|TMEM175","lightgreen"
"gene-GAK|GAK","lightgreen"
"gene-PIGG|PIGG","skyblue"
"gene-TMEM271|TMEM271","darkorange"
"gene-LOC121468106|LOC121468106","turquoise"
"gene-TRABD2A|TRABD2A","blue"
"gene-SLC49A3|SLC49A3","lightcyan"
"gene-PCGF3|PCGF3","lightgreen"
"gene-CPLX1|CPLX1","black"
"gene-GNE|GNE","grey"
"gene-CLTA|CLTA","lightcyan1"
"gene-TRIM14|TRIM14","green"
"gene-NANS|NANS","green"
"gene-RNF38|RNF38","lightgreen"
"gene-SHB|SHB","green"
"gene-LNPEP|LNPEP","blue"
"gene-LOC100221796|LOC100221796","darkturquoise"
"gene-LOC140681875|LOC140681875","grey"
"gene-LOC140681879|LOC140681879","pink"
"gene-LOC140681880|LOC140681880","midnightblue"
"gene-HINT1|HINT1","yellow"
"gene-LYRM7|LYRM7","lightgreen"
"gene-LOC140681839|LOC140681839","turquoise"
"gene-CDC42SE2|CDC42SE2","blue"
"gene-SPTLC1|SPTLC1","skyblue"
"gene-ROR2|ROR2","black"
"gene-NFIL3|NFIL3","darkgrey"
"gene-LOC140681754|LOC140681754","sienna3"
"gene-AUH|AUH","yellow"
"gene-LOC140681753|LOC140681753","yellow"
"gene-LOC140681752|LOC140681752","red"
"gene-LOC116806816|LOC116806816","red"
"gene-SYK|SYK","blue"
"gene-GADD45G|GADD45G","lightyellow"
"gene-SEMA4D|SEMA4D","lightgreen"
"gene-SECISBP2|SECISBP2","green"
"gene-CKS2|CKS2","blue"
"gene-S1PR3|S1PR3","skyblue"
"gene-LOC140681886|LOC140681886","red"
"gene-SPIN1|SPIN1","lightgreen"
"gene-MFSD14B|MFSD14B","blue"
"gene-LOC140681777|LOC140681777","grey60"
"gene-CNTNAP4|CNTNAP4","pink"
"gene-CDC14B|CDC14B","blue"
"gene-PRXL2C|PRXL2C","blue"
"gene-LOC140681973|LOC140681973","turquoise"
"gene-HABP4|HABP4","blue"
"gene-ZNF367|ZNF367","blue"
"gene-SLC35D2|SLC35D2","purple"
"gene-HSD17B3|HSD17B3","turquoise"
"gene-ERCC6L2|ERCC6L2","lightgreen"
"gene-PTCH1|PTCH1","lightgreen"
"gene-FANCC|FANCC","blue"
"gene-GAS1|GAS1","lightgreen"
"gene-AOPEP|AOPEP","lightgreen"
"gene-DAPK1|DAPK1","blue"
"gene-MIR24|MIR24","turquoise"
"gene-LOC140681874|LOC140681874","red"
"gene-LOC100222802|LOC100222802","yellow"
"gene-LOC100219012|LOC100219012","magenta"
"gene-CTSL|CTSL","darkorange2"
"gene-TUT7|TUT7","lightgreen"
"gene-ISCA1|ISCA1","turquoise"
"gene-SLC30A5|SLC30A5","lightgreen"
"gene-LOC140681800|LOC140681800","black"
"gene-CENPH|CENPH","blue"
"gene-MRPS36|MRPS36","magenta"
"gene-CDK7|CDK7","lightgreen"
"gene-LOC140681978|LOC140681978","lightyellow"
"gene-LOC140681905|LOC140681905","lightyellow"
"gene-LOC101233669|LOC101233669","grey"
"gene-MAMDC2|MAMDC2","yellow"
"gene-SMC5|SMC5","lightgreen"
"gene-KLF9|KLF9","greenyellow"
"gene-CEMIP2|CEMIP2","turquoise"
"gene-ABHD17B|ABHD17B","lightcyan1"
"gene-CZH9orf85|CZH9orf85","lightgreen"
"gene-GDA|GDA","purple"
"gene-LOC140681684|LOC140681684","cyan"
"gene-LOC121469086|LOC121469086","cyan"
"gene-LOC121469084|LOC121469084","cyan"
"gene-LOC121469082|LOC121469082","cyan"
"gene-LOC140681663|LOC140681663","cyan"
"gene-LOC140681640|LOC140681640","cyan"
"gene-LOC140681622|LOC140681622","cyan"
"gene-LOC140681665|LOC140681665","cyan"
"gene-LOC140681657|LOC140681657","cyan"
"gene-LOC121469079|LOC121469079","cyan"
"gene-LOC121469085|LOC121469085","cyan"
"gene-LOC140681654|LOC140681654","cyan"
"gene-LOC140681623|LOC140681623","cyan"
"gene-LOC140681666|LOC140681666","cyan"
"gene-LOC140681659|LOC140681659","cyan"
"gene-LOC140681624|LOC140681624","cyan"
"gene-LOC140681667|LOC140681667","cyan"
"gene-LOC140681641|LOC140681641","cyan"
"gene-LOC140681625|LOC140681625","cyan"
"gene-LOC140681668|LOC140681668","cyan"
"gene-LOC140681642|LOC140681642","cyan"
"gene-LOC140681626|LOC140681626","cyan"
"gene-LOC140681669|LOC140681669","cyan"
"gene-LOC140681643|LOC140681643","cyan"
"gene-LOC140681627|LOC140681627","cyan"
"gene-LOC140681670|LOC140681670","cyan"
"gene-LOC140681649|LOC140681649","cyan"
"gene-LOC140681628|LOC140681628","cyan"
"gene-LOC140681671|LOC140681671","cyan"
"gene-LOC140681644|LOC140681644","cyan"
"gene-LOC140681629|LOC140681629","cyan"
"gene-LOC140681672|LOC140681672","cyan"
"gene-LOC140681645|LOC140681645","cyan"
"gene-LOC121469081|LOC121469081","cyan"
"gene-LOC116807669|LOC116807669","cyan"
"gene-LOC140681653|LOC140681653","cyan"
"gene-LOC140681630|LOC140681630","cyan"
"gene-LOC140681674|LOC140681674","cyan"
"gene-LOC140681658|LOC140681658","cyan"
"gene-LOC116807673|LOC116807673","cyan"
"gene-LOC140681675|LOC140681675","cyan"
"gene-LOC140681646|LOC140681646","cyan"
"gene-LOC140681631|LOC140681631","cyan"
"gene-LOC140681676|LOC140681676","cyan"
"gene-LOC140681656|LOC140681656","cyan"
"gene-LOC116807674|LOC116807674","cyan"
"gene-LOC116807672|LOC116807672","cyan"
"gene-LOC140681652|LOC140681652","cyan"
"gene-LOC140681632|LOC140681632","cyan"
"gene-LOC140681677|LOC140681677","cyan"
"gene-LOC140681660|LOC140681660","cyan"
"gene-LOC140681633|LOC140681633","cyan"
"gene-LOC140681678|LOC140681678","cyan"
"gene-LOC140681651|LOC140681651","cyan"
"gene-LOC140681634|LOC140681634","cyan"
"gene-LOC140681679|LOC140681679","cyan"
"gene-LOC140681639|LOC140681639","cyan"
"gene-LOC140681635|LOC140681635","cyan"
"gene-LOC140681680|LOC140681680","cyan"
"gene-LOC140681650|LOC140681650","cyan"
"gene-LOC140681637|LOC140681637","cyan"
"gene-LOC140681681|LOC140681681","cyan"
"gene-LOC140681648|LOC140681648","cyan"
"gene-LOC140681638|LOC140681638","cyan"
"gene-LOC140681682|LOC140681682","cyan"
"gene-LOC140681647|LOC140681647","cyan"
"gene-LOC116807675|LOC116807675","cyan"
"gene-LOC140681683|LOC140681683","cyan"
"gene-LOC116807671|LOC116807671","cyan"
"gene-ZFAND5|ZFAND5","lightgreen"
"gene-TMC1|TMC1","floralwhite"
"gene-LOC140681767|LOC140681767","red"
"gene-ALDH1A1|ALDH1A1","tan"
"gene-ANXA1|ANXA1","blue"
"gene-LOC140681884|LOC140681884","grey"
"gene-RORB|RORB","black"
"gene-TRPM6|TRPM6","lightgreen"
"gene-CZH9orf40|CZH9orf40","lightcyan1"
"gene-CARNMT1|CARNMT1","lightgreen"
"gene-NMRK1|NMRK1","magenta"
"gene-OSTF1|OSTF1","black"
"gene-PCSK5|PCSK5","skyblue"
"gene-ARSK|ARSK","skyblue"
"gene-SKIC3|SKIC3","lightgreen"
"gene-LOC140681771|LOC140681771","turquoise"
"gene-SLF1|SLF1","turquoise"
"gene-KIAA0825|KIAA0825","skyblue"
"gene-ARB2A|ARB2A","green"
"gene-NR2F1|NR2F1","maroon"
"gene-LOC121468114|LOC121468114","grey"
"gene-LOC140681769|LOC140681769","turquoise"
"gene-ARRDC3|ARRDC3","lightcyan"
"gene-LOC115491129|LOC115491129","turquoise"
"gene-LOC140681863|LOC140681863","tan"
"gene-ADGRV1|ADGRV1","red"
"gene-LYSMD3|LYSMD3","lightgreen"
"gene-LOC115491272|LOC115491272","turquoise"
"gene-MBLAC2|MBLAC2","skyblue"
"gene-CETN3|CETN3","lightgreen"
"gene-MEF2C|MEF2C","brown"
"gene-LOC115491134|LOC115491134","grey"
"gene-TMEM161B|TMEM161B","grey"
"gene-LOC115491137|LOC115491137","grey"
"gene-LOC140681785|LOC140681785","lightgreen"
"gene-GRIN3A|GRIN3A","salmon"
"gene-LOC140681958|LOC140681958","grey"
"gene-LOC140681946|LOC140681946","turquoise"
"gene-PGAP4|PGAP4","green"
"gene-PLPPR1|PLPPR1","darkgrey"
"gene-LOC116808147|LOC116808147","turquoise"
"gene-RNF20|RNF20","lightgreen"
"gene-LOC100227328|LOC100227328","magenta"
"gene-LOC100224449|LOC100224449","yellow"
"gene-LOC140681795|LOC140681795","darkorange2"
"gene-LOC140681936|LOC140681936","yellow"
"gene-LOC115491068|LOC115491068","midnightblue"
"gene-LOC121468190|LOC121468190","yellowgreen"
"gene-LOC140681881|LOC140681881","grey"
"gene-LOC100219485|LOC100219485","lightsteelblue1"
"gene-LOC140681991|LOC140681991","lightyellow"
"gene-LOC140681992|LOC140681992","red"
"gene-LOC140681774|LOC140681774","turquoise"
"gene-LOC140681924|LOC140681924","red"
"gene-LOC140680263|LOC140680263","sienna3"
"gene-LOC140681854|LOC140681854","grey"
"gene-LOC140681993|LOC140681993","turquoise"
"gene-LOC140681865|LOC140681865","lightyellow"
"gene-FAM174A|FAM174A","yellow"
"gene-LOC121468187|LOC121468187","turquoise"
"gene-ST8SIA4|ST8SIA4","lightgreen"
"gene-PAM|PAM","brown"
"gene-LOC140681770|LOC140681770","brown"
"gene-GIN1|GIN1","green"
"gene-PPIP5K2|PPIP5K2","skyblue"
"gene-MACIR|MACIR","blue"
"gene-NUDT12|NUDT12","lightgreen"
"gene-LOC115491139|LOC115491139","darkred"
"gene-EFNA5|EFNA5","yellow"
"gene-FBXL17|FBXL17","brown"
"gene-LOC140681758|LOC140681758","lightyellow"
"gene-FER|FER","lightcyan"
"gene-PJA2|PJA2","lightcyan1"
"gene-LOC121468138|LOC121468138","maroon"
"gene-LOC140681888|LOC140681888","grey"
"gene-MAN2A1|MAN2A1","lightgreen"
"gene-LOC140681691|LOC140681691","lightgreen"
"gene-SLC25A46|SLC25A46","turquoise"
"gene-WDR36|WDR36","brown"
"gene-CAMK4|CAMK4","yellow"
"gene-STARD4|STARD4","green"
"gene-LOC115490963|LOC115490963","salmon"
"gene-NREP|NREP","grey"
"gene-LOC121468107|LOC121468107","grey"
"gene-LOC140681968|LOC140681968","turquoise"
"gene-EPB41L4A|EPB41L4A","grey"
"gene-APC|APC","blue"
"gene-SRP19|SRP19","turquoise"
"gene-REEP5|REEP5","blue"
"gene-DCP2|DCP2","lightgreen"
"gene-MCC|MCC","lightcyan"
"gene-APBA1|APBA1","lightcyan"
"gene-PTAR1|PTAR1","lightgreen"
"gene-LOC115490988|LOC115490988","red"
"gene-RHOBTB3|RHOBTB3","turquoise"
"gene-RFESD|RFESD","darkorange"
"gene-LOC140681897|LOC140681897","darkred"
"gene-ZNF608|ZNF608","purple"
"gene-CSNK1G3|CSNK1G3","turquoise"
"gene-CEP120|CEP120","lightgreen"
"gene-PRDM6|PRDM6","blue"
"gene-PPIC|PPIC","blue"
"gene-SNX24|SNX24","blue"
"gene-SNX2|SNX2","blue"
"gene-SNCAIP|SNCAIP","darkgrey"
"gene-SRFBP1|SRFBP1","blue"
"gene-LOX|LOX","sienna3"
"gene-PRR16|PRR16","turquoise"
"gene-HSD17B4|HSD17B4","lightcyan1"
"gene-TNFAIP8|TNFAIP8","blue"
"gene-LOC116806810|LOC116806810","turquoise"
"gene-DMXL1|DMXL1","lightgreen"
"gene-DTWD2|DTWD2","skyblue"
"gene-SEMA6A|SEMA6A","darkgrey"
"gene-COMMD10|COMMD10","lightcyan1"
"gene-LOC140681871|LOC140681871","darkred"
"gene-LOC140681892|LOC140681892","yellow"
"gene-LVRN|LVRN","turquoise"
"gene-AP3S1|AP3S1","lightcyan1"
"gene-ATG12|ATG12","lightcyan1"
"gene-CDO1|CDO1","green"
"gene-LOC115491133|LOC115491133","turquoise"
"gene-TMED7|TMED7","brown"
"gene-LSM5|LSM5","lightcyan1"
"gene-LOC115491083|LOC115491083","turquoise"
"gene-CCNH|CCNH","lightgreen"
"gene-RASA1|RASA1","lightgreen"
"gene-LOC140681838|LOC140681838","lightyellow"
"gene-LOC115490992|LOC115490992","turquoise"
"gene-RGMB|RGMB","lightgreen"
"gene-CHD1|CHD1","lightgreen"
"gene-LOC105760834|LOC105760834","turquoise"
"gene-RIOK2|RIOK2","lightgreen"
"gene-LOC100227710|LOC100227710","lightyellow"
"gene-LOC115491113|LOC115491113","blue"
"gene-LOC115491103|LOC115491103","navajowhite2"
"gene-PALM2AKAP2|PALM2AKAP2","blue"
"gene-SLC46A2|SLC46A2","blue"
"gene-SNX30|SNX30","brown"
"gene-INIP|INIP","blue"
"gene-LOC115490942|LOC115490942","yellow"
"gene-KIAA1958|KIAA1958","grey"
"gene-LOC105760829|LOC105760829","lightcyan"
"gene-HSDL2|HSDL2","lightcyan1"
"gene-LOC115491011|LOC115491011","turquoise"
"gene-PTBP3|PTBP3","turquoise"
"gene-SUSD1|SUSD1","lightgreen"
"gene-UGCG|UGCG","green"
"gene-GNG10|GNG10","blue"
"gene-DNAJC25|DNAJC25","red"
"gene-PTGR1|PTGR1","lightsteelblue1"
"gene-ECPAS|ECPAS","lightgreen"
"gene-SMC2|SMC2","blue"
"gene-TXN|TXN","blue"
"gene-SVEP1|SVEP1","purple"
"gene-LPAR1|LPAR1","darkorange"
"gene-LOC140681995|LOC140681995","brown"
"gene-TOPORS|TOPORS","lightgreen"
"gene-GRAMD2B|GRAMD2B","turquoise"
"gene-LOC140681722|LOC140681722","turquoise"
"gene-ALDH7A1|ALDH7A1","white"
"gene-LOC140681935|LOC140681935","blue"
"gene-LOC140681933|LOC140681933","lightgreen"
"gene-LOC140681688|LOC140681688","skyblue"
"gene-LOC140681932|LOC140681932","lightgreen"
"gene-LOC140681787|LOC140681787","grey"
"gene-LOC140681934|LOC140681934","darkslateblue"
"gene-FEM1C|FEM1C","brown"
"gene-LOC140681904|LOC140681904","navajowhite2"
"gene-LOC115490934|LOC115490934","turquoise"
"gene-CCDC112|CCDC112","cyan"
"gene-PGGT1B|PGGT1B","black"
"gene-TRIM36|TRIM36","blue"
"gene-LOC115490947|LOC115490947","lightcyan"
"gene-KCNN2|KCNN2","red"
"gene-LOC140681840|LOC140681840","darkgreen"
"gene-LOC121468179|LOC121468179","darkgrey"
"gene-YTHDC2|YTHDC2","turquoise"
"gene-LOC115491124|LOC115491124","yellow"
"gene-LOC140681900|LOC140681900","darkslateblue"
"gene-ELAVL2|ELAVL2","turquoise"
"gene-LOC121468217|LOC121468217","darkorange"
"gene-TUSC1|TUSC1","turquoise"
"gene-LOC101233072|LOC101233072","yellowgreen"
"gene-CAAP1|CAAP1","brown"
"gene-PLAA|PLAA","skyblue"
"gene-LOC140681783|LOC140681783","white"
"gene-IFT74|IFT74","turquoise"
"gene-LRRC19|LRRC19","skyblue"
"gene-TEK|TEK","greenyellow"
"gene-LOC121468144|LOC121468144","blue"
"gene-LOC100232285|LOC100232285","blue"
"gene-LOC115491242|LOC115491242","turquoise"
"gene-LOC115491125|LOC115491125","turquoise"
"gene-C9orf72|C9orf72","blue"
"gene-LOC121468093|LOC121468093","turquoise"
"gene-LINGO2|LINGO2","darkorange"
"gene-CORO2A|CORO2A","tan"
"gene-TBC1D2|TBC1D2","blue"
"gene-LOC121468111|LOC121468111","darkred"
"gene-ELP1|ELP1","lightcyan1"
"gene-APTX|APTX","darkgrey"
"gene-DNAJA1|DNAJA1","lightgreen"
"gene-SMU1|SMU1","skyblue"
"gene-B4GALT1|B4GALT1","blue"
"gene-HEMGN|HEMGN","bisque4"
"gene-FOXE1|FOXE1","darkturquoise"
"gene-XPA|XPA","lightgreen"
"gene-MIR2954|MIR2954","darkgreen"
"gene-TSTD2|TSTD2","turquoise"
"gene-TMOD1|TMOD1","turquoise"
"gene-TDRD7|TDRD7","green"
"gene-NCBP1|NCBP1","black"
"gene-DGKQ|DGKQ","lightgreen"
"gene-LOC140681954|LOC140681954","red"
"gene-ACO1|ACO1","yellow"
"gene-RIGI|RIGI","darkorange"
"gene-LOC100217918|LOC100217918","lightcyan"
"gene-LOC100218902|LOC100218902","lightgreen"
"gene-MTAP|MTAP","blue"
"gene-MCCC2|MCCC2","lightcyan1"
"gene-BDP1|BDP1","lightgreen"
"gene-SERF1A|SERF1A","pink"
"gene-SMN1|SMN1","lightgreen"
"gene-GTF2H2|GTF2H2","lightgreen"
"gene-LOC115490980|LOC115490980","lightgreen"
"gene-MARVELD2|MARVELD2","lightcyan"
"gene-ARK2C|ARK2C","grey"
"gene-ARK2N|ARK2N","lightgreen"
"gene-HAUS1|HAUS1","lightgreen"
"gene-ATP5F1A|ATP5F1A","yellow"
"gene-PSTPIP2|PSTPIP2","blue"
"gene-EPG5|EPG5","lightcyan"
"gene-SIGLEC15|SIGLEC15","turquoise"
"gene-LOC140681961|LOC140681961","darkturquoise"
"gene-SETBP1|SETBP1","blue"
"gene-LOC115491138|LOC115491138","grey"
"gene-LOC140681957|LOC140681957","grey"
"gene-LOC121468156|LOC121468156","grey"
"gene-SYT4|SYT4","turquoise"
"gene-RIT2|RIT2","black"
"gene-LOC116806848|LOC116806848","pink"
"gene-PIK3C3|PIK3C3","skyblue"
"gene-KIAA1328|KIAA1328","lightgreen"
"gene-TPGS2|TPGS2","turquoise"
"gene-LOC100226213|LOC100226213","blue"
"gene-LOC100228082|LOC100228082","midnightblue"
"gene-NOL6|NOL6","lightgreen"
"gene-UBE2R2|UBE2R2","brown"
"gene-UBAP2|UBAP2","lightgreen"
"gene-DCAF12|DCAF12","skyblue"
"gene-LOC140681716|LOC140681716","lightpink4"
"gene-LOC140681715|LOC140681715","lightpink4"
"gene-LOC140681714|LOC140681714","lightpink4"
"gene-LOC140681717|LOC140681717","lightpink4"
"gene-LOC115491043|LOC115491043","lightpink4"
"gene-LOC115491042|LOC115491042","lightpink4"
"gene-LOC105760863|LOC105760863","lightpink4"
"gene-UBAP1|UBAP1","lightgreen"
"gene-KIF24|KIF24","turquoise"
"gene-NUDT2|NUDT2","turquoise"
"gene-LOC105760850|LOC105760850","turquoise"
"gene-MYORG|MYORG","blue"
"gene-LOC115490997|LOC115490997","brown"
"gene-FAM219A|FAM219A","black"
"gene-DNAI1|DNAI1","lightsteelblue1"
"gene-ENHO|ENHO","royalblue"
"gene-RPP25L|RPP25L","lightgreen"
"gene-DCTN3|DCTN3","lightcyan1"
"gene-ARID3C|ARID3C","grey"
"gene-GALT|GALT","magenta"
"gene-SIGMAR1|SIGMAR1","saddlebrown"
"gene-CNTFR|CNTFR","brown"
"gene-IL11RA|IL11RA","grey"
"gene-CCL19|CCL19","blue"
"gene-PHF24|PHF24","blue"
"gene-CCL21|CCL21","blue"
"gene-DNAJB5|DNAJB5","lightgreen"
"gene-VCP|VCP","skyblue"
"gene-FANCG|FANCG","lightgreen"
"gene-PIGO|PIGO","lightgreen"
"gene-ATOSB|ATOSB","turquoise"
"gene-STOML2|STOML2","lightcyan1"
"gene-UNC13B|UNC13B","grey"
"gene-LOC100221408|LOC100221408","black"
"gene-RUSC2|RUSC2","darkmagenta"
"gene-LOC101233989|LOC101233989","blue"
"gene-LOC115491050|LOC115491050","blue"
"gene-TESK1|TESK1","blue"
"gene-LOC115491116|LOC115491116","blue"
"gene-LOC100226145|LOC100226145","blue"
"gene-TMEM8B|TMEM8B","turquoise"
"gene-TAF1C|TAF1C","turquoise"
"gene-HINT2|HINT2","yellow"
"gene-NPR2|NPR2","turquoise"
"gene-RGP1|RGP1","turquoise"
"gene-LOC100218507|LOC100218507","salmon"
"gene-LOC115491279|LOC115491279","brown"
"gene-LOC100220412|LOC100220412","blue"
"gene-LOC115491181|LOC115491181","blue"
"gene-TLN1|TLN1","blue"
"gene-LOC115491037|LOC115491037","turquoise"
"gene-CREB3|CREB3","red"
"gene-TPM2|TPM2","blue"
"gene-LOC115491018|LOC115491018","turquoise"
"gene-LOC115491017|LOC115491017","brown"
"gene-LOC100226207|LOC100226207","lightcyan1"
"gene-LOC105760853|LOC105760853","blue"
"gene-ARHGEF39|ARHGEF39","midnightblue"
"gene-MRPL17|MRPL17","pink"
"gene-CCBE1|CCBE1","turquoise"
"gene-PMAIP1|PMAIP1","blue"
"gene-PDZD2|PDZD2","turquoise"
"gene-GOLPH3|GOLPH3","skyblue"
"gene-MTMR12|MTMR12","turquoise"
"gene-ZFR|ZFR","red"
"gene-SUB1|SUB1","lightgreen"
"gene-LOC115491015|LOC115491015","lightgreen"
"gene-NPR3|NPR3","grey"
"gene-TARS1|TARS1","brown"
"gene-ADAMTS12|ADAMTS12","orangered4"
"gene-RXFP3|RXFP3","midnightblue"
"gene-SLC45A2|SLC45A2","pink"
"gene-AMACR|AMACR","green"
"gene-C1QTNF3|C1QTNF3","darkred"
"gene-RAI14|RAI14","turquoise"
"gene-LOC140681869|LOC140681869","lightcyan"
"gene-LOC140681868|LOC140681868","blue"
"gene-RAD1|RAD1","lightgreen"
"gene-BRIX1|BRIX1","lightgreen"
"gene-DNAJC21|DNAJC21","lightgreen"
"gene-AGXT2|AGXT2","purple"
"gene-PRLR|PRLR","red"
"gene-LOC140681694|LOC140681694","turquoise"
"gene-SPEF2|SPEF2","lightgreen"
"gene-IL7R|IL7R","blue"
"gene-CAPSL|CAPSL","blue"
"gene-LMBRD2|LMBRD2","brown"
"gene-SKP2|SKP2","red"
"gene-NADK2|NADK2","green"
"gene-RANBP3L|RANBP3L","skyblue3"
"gene-SLC1A3|SLC1A3","tan"
"gene-NIPBL|NIPBL","lightgreen"
"gene-LOC105760861|LOC105760861","blue"
"gene-LOC140681728|LOC140681728","turquoise"
"gene-CPLANE1|CPLANE1","grey"
"gene-NUP155|NUP155","blue"
"gene-WDR70|WDR70","skyblue"
"gene-EGFLAM|EGFLAM","turquoise"
"gene-LOC100223352|LOC100223352","turquoise"
"gene-LOC105760857|LOC105760857","blue"
"gene-RICTOR|RICTOR","turquoise"
"gene-FYB1|FYB1","blue"
"gene-DAB2|DAB2","blue"
"gene-C9|C9","red"
"gene-PTGER4|PTGER4","blue"
"gene-TTC33|TTC33","skyblue"
"gene-PRKAA1|PRKAA1","black"
"gene-RPL37|RPL37","pink"
"gene-C7|C7","darkturquoise"
"gene-C6|C6","blue"
"gene-PLCXD3|PLCXD3","blue"
"gene-LOC140681697|LOC140681697","turquoise"
"gene-LOC121468154|LOC121468154","blue"
"gene-OXCT1|OXCT1","midnightblue"
"gene-LOC116806790|LOC116806790","blue"
"gene-LOC116806788|LOC116806788","blue"
"gene-RIMOC1|RIMOC1","blue"
"gene-FBXO4|FBXO4","turquoise"
"gene-GHR|GHR","green"
"gene-ZNF131|ZNF131","lightgreen"
"gene-CCDC152|CCDC152","grey"
"gene-SELENOP|SELENOP","lightcyan1"
"gene-LOC140681719|LOC140681719","darkolivegreen"
"gene-TMEM267|TMEM267","lightgreen"
"gene-NIM1K|NIM1K","cyan"
"gene-HMGCS1|HMGCS1","cyan"
"gene-LOC140681705|LOC140681705","mediumpurple3"
"gene-CCL28|CCL28","turquoise"
"gene-NNT|NNT","green"
"gene-CZH5orf34|CZH5orf34","green"
"gene-PAIP1|PAIP1","skyblue"
"gene-FGF10|FGF10","blue"
"gene-MRPS30|MRPS30","lightcyan1"
"gene-LOC115491144|LOC115491144","lightgreen"
"gene-HCN1|HCN1","purple"
"gene-EMB|EMB","lightyellow"
"gene-PARP8|PARP8","blue"
"gene-ITGA1|ITGA1","brown"
"gene-PELO|PELO","lightcyan1"
"gene-ITGA2|ITGA2","lightgreen"
"gene-MOCS2|MOCS2","turquoise"
"gene-LOC101233531|LOC101233531","black"
"gene-FST|FST","red"
"gene-NDUFS4|NDUFS4","lightcyan1"
"gene-ARL15|ARL15","blue"
"gene-HSPB3|HSPB3","floralwhite"
"gene-SNX18|SNX18","floralwhite"
"gene-LOC121468163|LOC121468163","turquoise"
"gene-LOC115491031|LOC115491031","blue"
"gene-ESM1|ESM1","blue"
"gene-LOC115491084|LOC115491084","lightgreen"
"gene-GZMA|GZMA","blue"
"gene-GPX8|GPX8","brown"
"gene-LOC140681842|LOC140681842","grey"
"gene-DHX29|DHX29","lightgreen"
"gene-MTREX|MTREX","skyblue"
"gene-PLPP1|PLPP1","lightcyan1"
"gene-SLC38A9|SLC38A9","skyblue"
"gene-DDX4|DDX4","blue"
"gene-IL6ST|IL6ST","red"
"gene-ANKRD55|ANKRD55","turquoise"
"gene-LOC140681920|LOC140681920","red"
"gene-LOC121468203|LOC121468203","skyblue"
"gene-LOC116806751|LOC116806751","blue"
"gene-MAP3K1|MAP3K1","lightgreen"
"gene-LOC140681899|LOC140681899","grey"
"gene-SETD9|SETD9","turquoise"
"gene-MIER3|MIER3","lightgreen"
"gene-GPBP1|GPBP1","lightgreen"
"gene-LOC140681967|LOC140681967","skyblue"
"gene-PLK2|PLK2","greenyellow"
"gene-RAB3C|RAB3C","red"
"gene-PDE4D|PDE4D","grey"
"gene-DEPDC1B|DEPDC1B","blue"
"gene-ELOVL7|ELOVL7","lightgreen"
"gene-ERCC8|ERCC8","red"
"gene-NDUFAF2|NDUFAF2","lightgreen"
"gene-SMIM15|SMIM15","lightgreen"
"gene-ZSWIM6|ZSWIM6","lightgreen"
"gene-LOC115491283|LOC115491283","turquoise"
"gene-KIF2A|KIF2A","blue"
"gene-IPO11|IPO11","green"
"gene-LOC100190031|LOC100190031","skyblue"
"gene-LRRC70|LRRC70","lightgreen"
"gene-LOC140681702|LOC140681702","plum2"
"gene-RNF180|RNF180","skyblue"
"gene-RGS7BP|RGS7BP","lightgreen"
"gene-SREK1IP1|SREK1IP1","lightcyan1"
"gene-CWC27|CWC27","lightcyan1"
"gene-LOC140681703|LOC140681703","turquoise"
"gene-ADAMTS6|ADAMTS6","magenta"
"gene-CENPK|CENPK","blue"
"gene-PPWD1|PPWD1","lightgreen"
"gene-TRIM23|TRIM23","lightgreen"
"gene-NLN|NLN","blue"
"gene-TRAPPC13|TRAPPC13","lightgreen"
"gene-SHLD3|SHLD3","blue"
"gene-SGTB|SGTB","blue"
"gene-LOC115491224|LOC115491224","turquoise"
"gene-ERBIN|ERBIN","lightgreen"
"gene-LOC115490970|LOC115490970","lightgreen"
"gene-SREK1|SREK1","turquoise"
"gene-LOC115491052|LOC115491052","floralwhite"
"gene-MAST4|MAST4","lightgreen"
"gene-LOC115491119|LOC115491119","darkorange"
"gene-LOC140681889|LOC140681889","darkmagenta"
"gene-PIK3R1|PIK3R1","lightgreen"
"gene-GOLM1|GOLM1","grey"
"gene-NAA35|NAA35","greenyellow"
"gene-LOC121468223|LOC121468223","darkgrey"
"gene-AGTPBP1|AGTPBP1","lightgreen"
"gene-NTRK2|NTRK2","grey"
"gene-RMI1|RMI1","turquoise"
"gene-KIF27|KIF27","turquoise"
"gene-FRMD3|FRMD3","green"
"gene-HNRNPK|HNRNPK","lightgreen"
"gene-QNG1|QNG1","salmon"
"gene-UBQLN1|UBQLN1","lightcyan1"
"gene-IDNK|IDNK","grey"
"gene-RASEF|RASEF","lightgreen"
"gene-LOC100221996|LOC100221996","lightgreen"
"gene-LOC100229224|LOC100229224","lightgreen"
"gene-PSAT1|PSAT1","green"
"gene-CEP78|CEP78","turquoise"
"gene-LOC100230245|LOC100230245","lightgreen"
"gene-VPS13A|VPS13A","lightcyan"
"gene-PRUNE2|PRUNE2","black"
"gene-GCNT1|GCNT1","blue"
"gene-RFK|RFK","lightcyan1"
"gene-LOC140681707|LOC140681707","red"
"gene-LOC105760871|LOC105760871","turquoise"
"gene-LOC140681835|LOC140681835","turquoise"
"gene-LOC116806615|LOC116806615","navajowhite2"
"gene-LOC140681780|LOC140681780","navajowhite2"
"gene-LOC140681815|LOC140681815","navajowhite2"
"gene-LOC140681885|LOC140681885","navajowhite2"
"gene-LOC140681781|LOC140681781","navajowhite2"
"gene-LOC140681940|LOC140681940","navajowhite2"
"gene-LOC140681999|LOC140681999","navajowhite2"
"gene-LOC140682000|LOC140682000","navajowhite2"
"gene-LOC116807240|LOC116807240","yellowgreen"
"gene-LOC116807245|LOC116807245","lightyellow"
"gene-LOC140681849|LOC140681849","lightyellow"
"gene-LOC140682001|LOC140682001","turquoise"
"gene-LOC140681926|LOC140681926","lightyellow"
"gene-LOC140681687|LOC140681687","navajowhite2"
"gene-LOC140682013|LOC140682013","navajowhite2"
"gene-LOC121469057|LOC121469057","lightyellow"
"gene-LOC140681811|LOC140681811","lightyellow"
"gene-LOC140682015|LOC140682015","lightyellow"
"gene-LOC140681866|LOC140681866","navajowhite2"
"gene-LOC140682016|LOC140682016","lightyellow"
"gene-LOC140682017|LOC140682017","turquoise"
"gene-LOC115491170|LOC115491170","lightyellow"
"gene-SERINC5|SERINC5","blue"
"gene-THBS4|THBS4","floralwhite"
"gene-MTX3|MTX3","lightcyan1"
"gene-LOC140681812|LOC140681812","tan"
"gene-TENT2|TENT2","lightgreen"
"gene-HOMER1|HOMER1","tan"
"gene-JMY|JMY","red"
"gene-ARSB|ARSB","blue"
"gene-LOC115491171|LOC115491171","grey"
"gene-LOC100221623|LOC100221623","magenta"
"gene-DMGDH|DMGDH","green"
"gene-LHFPL2|LHFPL2","blue"
"gene-SCAMP1|SCAMP1","skyblue"
"gene-LOC115491104|LOC115491104","grey"
"gene-AP3B1|AP3B1","brown"
"gene-LOC115491172|LOC115491172","turquoise"
"gene-LOC116806744|LOC116806744","grey"
"gene-TBCA|TBCA","lightcyan1"
"gene-WDR41|WDR41","lightgreen"
"gene-PDE8B|PDE8B","grey"
"gene-AGGF1|AGGF1","lightgreen"
"gene-S100Z|S100Z","red"
"gene-F2RL1|F2RL1","red"
"gene-F2R|F2R","black"
"gene-IQGAP2|IQGAP2","black"
"gene-F2RL2|F2RL2","turquoise"
"gene-POC5|POC5","blue"
"gene-POLK|POLK","blue"
"gene-LOC115490936|LOC115490936","turquoise"
"gene-ANKDD1B|ANKDD1B","darkgreen"
"gene-CERT1|CERT1","skyblue"
"gene-MED18|MED18","yellow"
"gene-ANKRD31|ANKRD31","turquoise"
"gene-HMGCR|HMGCR","green"
"gene-LOC140681760|LOC140681760","grey60"
"gene-GCNT4|GCNT4","blue"
"gene-FAM169A|FAM169A","darkturquoise"
"gene-GFM2|GFM2","brown"
"gene-NSA2|NSA2","pink"
"gene-HEXB|HEXB","turquoise"
"gene-ENC1|ENC1","lightgreen"
"gene-ARHGEF28|ARHGEF28","maroon"
"gene-UTP15|UTP15","lightcyan1"
"gene-ANKRA2|ANKRA2","lightgreen"
"gene-BTF3|BTF3","pink"
"gene-TMEM171|TMEM171","maroon"
"gene-FCHO2|FCHO2","turquoise"
"gene-TNPO1|TNPO1","skyblue"
"gene-LOC140681762|LOC140681762","lightpink4"
"gene-ZNF366|ZNF366","blue"
"gene-PTCD2|PTCD2","lightgreen"
"gene-MRPS27|MRPS27","lightcyan1"
"gene-MAP1B|MAP1B","grey"
"gene-TMEM252|TMEM252","turquoise"
"gene-PGM5|PGM5","grey"
"gene-ZNG1A|ZNG1A","lightgreen"
"gene-DOCK8|DOCK8","blue"
"gene-KANK1|KANK1","purple"
"gene-LOC140681853|LOC140681853","yellowgreen"
"gene-LOC115491073|LOC115491073","turquoise"
"gene-SMARCA2|SMARCA2","black"
"gene-LOC121468225|LOC121468225","red"
"gene-VLDLR|VLDLR","lightgreen"
"gene-PUM3|PUM3","blue"
"gene-LOC105760879|LOC105760879","salmon"
"gene-LOC140681696|LOC140681696","grey"
"gene-KCNV2|KCNV2","red"
"gene-RFX3|RFX3","turquoise"
"gene-GLIS3|GLIS3","turquoise"
"gene-SLC1A1|SLC1A1","turquoise"
"gene-LOC100232251|LOC100232251","red"
"gene-LOC100229304|LOC100229304","bisque4"
"gene-LOC115491258|LOC115491258","lightsteelblue1"
"gene-CDC37L1|CDC37L1","lightcyan1"
"gene-AK3|AK3","lightcyan1"
"gene-RCL1|RCL1","skyblue"
"gene-JAK2|JAK2","lightgreen"
"gene-CD274|CD274","blue"
"gene-RIC1|RIC1","lightgreen"
"gene-LOC115491233|LOC115491233","turquoise"
"gene-LOC100221605|LOC100221605","blue"
"gene-ERMP1|ERMP1","green"
"gene-LOC100227411|LOC100227411","pink"
"gene-MLANA|MLANA","floralwhite"
"gene-BRD10|BRD10","lightgreen"
"gene-LOC115491092|LOC115491092","blue"
"gene-UHRF2|UHRF2","blue"
"gene-LOC140681969|LOC140681969","lightgreen"
"gene-GLDC|GLDC","green"
"gene-LOC121468220|LOC121468220","turquoise"
"gene-KDM4C|KDM4C","blue"
"gene-LOC140681792|LOC140681792","pink"
"gene-LOC140681793|LOC140681793","grey"
"gene-LOC140681791|LOC140681791","turquoise"
"gene-LOC140681859|LOC140681859","darkorange"
"gene-PTPRD|PTPRD","blue"
"gene-LURAP1L|LURAP1L","grey"
"gene-MPDZ|MPDZ","turquoise"
"gene-NFIB|NFIB","purple"
"gene-LOC115491266|LOC115491266","purple"
"gene-ZDHHC21|ZDHHC21","blue"
"gene-CER1|CER1","grey"
"gene-FREM1|FREM1","turquoise"
"gene-TTC39B|TTC39B","skyblue"
"gene-SNAPC3|SNAPC3","turquoise"
"gene-PSIP1|PSIP1","blue"
"gene-CCDC171|CCDC171","blue"
"gene-BNC2|BNC2","midnightblue"
"gene-LOC140682042|LOC140682042","orangered4"
"gene-CNTLN|CNTLN","grey"
"gene-SH3GL2|SH3GL2","white"
"gene-ADAMTSL1|ADAMTSL1","green"
"gene-HAUS6|HAUS6","turquoise"
"gene-LOC115491290|LOC115491290","lightpink4"
"gene-LOC140682038|LOC140682038","greenyellow"
"gene-PLIN2|PLIN2","greenyellow"
"gene-DENND4C|DENND4C","lightgreen"
"gene-LOC140681919|LOC140681919","red"
"gene-RPS6|RPS6","pink"
"gene-ACER2|ACER2","turquoise"
"gene-SLC24A2|SLC24A2","blue"
"gene-MLLT3|MLLT3","turquoise"
"gene-FOCAD|FOCAD","green"
"gene-HACD4|HACD4","blue"
"gene-LOC100228379|LOC100228379","grey"
"gene-TJP2|TJP2","purple"
"gene-FXN|FXN","lightcyan1"
"gene-PIP5K1B|PIP5K1B","lightgreen"
"gene-LOC140681925|LOC140681925","lightyellow"
"gene-LOC121468205|LOC121468205","steelblue"
"gene-LOC140682034|LOC140682034","paleturquoise"
"gene-LOC140681876|LOC140681876","lightyellow"
"gene-LOC116807247|LOC116807247","lightyellow"
"gene-LOC140681813|LOC140681813","lightyellow"
"gene-LOC140682032|LOC140682032","yellowgreen"
"gene-LOC140682018|LOC140682018","lightyellow"
"gene-LOC140682019|LOC140682019","lightyellow"
"gene-LOC140682020|LOC140682020","lightyellow"
"gene-LOC140682033|LOC140682033","turquoise"
"gene-LOC116807250|LOC116807250","greenyellow"
"gene-LOC140682035|LOC140682035","turquoise"
"gene-LOC140682021|LOC140682021","lightyellow"
"gene-LOC140681844|LOC140681844","lightyellow"
"gene-LOC140682022|LOC140682022","lightyellow"
"gene-LOC140681913|LOC140681913","lightyellow"
"gene-LOC140681912|LOC140681912","lightyellow"
"gene-LOC140681916|LOC140681916","lightyellow"
"gene-LOC116806765|LOC116806765","yellowgreen"
"gene-LOC140681906|LOC140681906","yellowgreen"
"gene-LOC116807241|LOC116807241","lightyellow"
"gene-LOC140681908|LOC140681908","lightyellow"
"gene-LOC140682023|LOC140682023","blue"
"gene-LOC140681914|LOC140681914","lightyellow"
"gene-LOC116806640|LOC116806640","lightyellow"
"gene-LOC140680270|LOC140680270","skyblue3"
"gene-LOC140682024|LOC140682024","lightyellow"
"gene-LOC140681907|LOC140681907","yellowgreen"
"gene-LOC140680251|LOC140680251","yellowgreen"
"gene-PCSK1|PCSK1","royalblue"
"gene-CAST|CAST","blue"
"gene-FSD1L|FSD1L","grey"
"gene-FKTN|FKTN","green"
"gene-LOC115491012|LOC115491012","turquoise"
"gene-TMEM38B|TMEM38B","green"
"gene-LOC115491080|LOC115491080","ivory"
"gene-LOC140681708|LOC140681708","plum1"
"gene-LOC140681709|LOC140681709","yellowgreen"
"gene-ZNF462|ZNF462","skyblue"
"gene-RAD23B|RAD23B","brown"
"gene-KLF4|KLF4","lightcyan"
"gene-LOC140680267|LOC140680267","yellowgreen"
"gene-LOC140682025|LOC140682025","yellowgreen"
"gene-PHAX|PHAX","red"
"gene-MARCHF3|MARCHF3","green"
"gene-LMNB1|LMNB1","blue"
"gene-CZH5orf63|CZH5orf63","grey"
"gene-LOC121468123|LOC121468123","turquoise"
"gene-MEGF10|MEGF10","lightcyan"
"gene-PRRC1|PRRC1","magenta"
"gene-SLC12A2|SLC12A2","lightgreen"
"gene-FBN2|FBN2","paleturquoise"
"gene-FN3KRP|FN3KRP","purple"
"gene-COX7C|COX7C","yellow"
"gene-LOC115491291|LOC115491291","turquoise"
"gene-EDIL3|EDIL3","tan"
"gene-XRCC4|XRCC4","lightcyan"
"gene-TMEM167A|TMEM167A","lightcyan1"
"gene-ATG10|ATG10","lightpink4"
"gene-RPS23|RPS23","pink"
"gene-LOC115491136|LOC115491136","lightcyan"
"gene-SSBP2|SSBP2","darkolivegreen"
"gene-ACOT12|ACOT12","cyan"
"gene-ZCCHC9|ZCCHC9","lightgreen"
"gene-ZFYVE16|ZFYVE16","lightgreen"
"gene-LOC140681776|LOC140681776","plum1"
"gene-MSH3|MSH3","white"
"gene-DHFR|DHFR","yellowgreen"
"gene-ANKRD34B|ANKRD34B","darkred"
"gene-FAM151B|FAM151B","blue"
"gene-CCDC125|CCDC125","black"
"gene-AK6|AK6","lightcyan1"
"gene-RAD17|RAD17","turquoise"
"gene-EXOSC5|EXOSC5","turquoise"
"gene-EMC4|EMC4","pink"
"gene-TOMM5|TOMM5","pink"
"gene-FRMPD1|FRMPD1","blue"
"gene-LOC121468128|LOC121468128","paleturquoise"
"gene-TRMT10B|TRMT10B","turquoise"
"gene-DCAF10|DCAF10","skyblue"
"gene-SLC25A51|SLC25A51","green"
"gene-POLR1E|POLR1E","pink"
"gene-ZBTB5|ZBTB5","grey"
"gene-GRHPR|GRHPR","yellow"
"gene-ZCCHC7|ZCCHC7","turquoise"
"gene-PAX5|PAX5","blue"
"gene-MELK|MELK","blue"
"gene-LOC140682088|LOC140682088","orangered4"
"gene-LOC140682089|LOC140682089","sienna3"
"gene-LOC121468907|LOC121468907","turquoise"
"gene-LOC121469058|LOC121469058","turquoise"
"gene-LOC140682086|LOC140682086","lightcyan"
"gene-LOC140682085|LOC140682085","sienna3"
"gene-LOC140682066|LOC140682066","sienna3"
"gene-LOC140682067|LOC140682067","grey"
"gene-LOC140682072|LOC140682072","sienna3"
"gene-LOC140682063|LOC140682063","sienna3"
"gene-LOC140682062|LOC140682062","turquoise"
"gene-LOC140682064|LOC140682064","grey"
"gene-LOC140682076|LOC140682076","turquoise"
"gene-LOC140682077|LOC140682077","sienna3"
"gene-LOC140682087|LOC140682087","sienna3"
"gene-LOC140682078|LOC140682078","turquoise"
"gene-LOC140682143|LOC140682143","turquoise"
"gene-LOC140682080|LOC140682080","turquoise"
"gene-LOC140682079|LOC140682079","sienna3"
"gene-LOC140682081|LOC140682081","turquoise"
"gene-LOC140682074|LOC140682074","sienna3"
"gene-LOC140682073|LOC140682073","turquoise"
"gene-LOC140682071|LOC140682071","turquoise"
"gene-LOC140682068|LOC140682068","sienna3"
"gene-LOC140682084|LOC140682084","sienna3"
"gene-LOC140682056|LOC140682056","brown"
"gene-LOC140682059|LOC140682059","turquoise"
"gene-CPLX4|CPLX4","turquoise"
"gene-GRP|GRP","yellowgreen"
"gene-LOC121468188|LOC121468188","red"
"gene-LOC140682065|LOC140682065","grey60"
"gene-LOC116806602|LOC116806602","turquoise"
"gene-LOC100224698|LOC100224698","black"
"gene-LOC100227584|LOC100227584","red"
"gene-LOC140682055|LOC140682055","turquoise"
"gene-LOC140680233|LOC140680233","green"
"gene-LOC116807015|LOC116807015","turquoise"
"gene-LOC140682164|LOC140682164","yellow"
"gene-LOC100220790|LOC100220790","tan"
"gene-LOC140682163|LOC140682163","green"
"gene-LOC116806605|LOC116806605","plum1"
"gene-LOC100232465|LOC100232465","bisque4"
"gene-LOC140680274|LOC140680274","yellow"
"gene-LOC140682075|LOC140682075","grey"
"gene-LOC140682130|LOC140682130","white"
"gene-LOC121468129|LOC121468129","brown"
"gene-LOC140682113|LOC140682113","pink"
"gene-LOC140682112|LOC140682112","pink"
"gene-LOC140682123|LOC140682123","saddlebrown"
"gene-LOC140682129|LOC140682129","pink"
"gene-LOC140682060|LOC140682060","palevioletred3"
"gene-LOC140682133|LOC140682133","plum2"
"gene-LOC121469599|LOC121469599","black"
"gene-LOC140682168|LOC140682168","black"
"gene-LOC116806897|LOC116806897","grey60"
"gene-LOC140682124|LOC140682124","saddlebrown"
"gene-LOC140682150|LOC140682150","thistle2"
"gene-LOC140682154|LOC140682154","grey"
"gene-LOC140682100|LOC140682100","cyan"
"gene-LOC140682094|LOC140682094","pink"
"gene-LOC116806916|LOC116806916","yellow"
"gene-LOC140682157|LOC140682157","pink"
"gene-LOC140682121|LOC140682121","saddlebrown"
"gene-LOC140682091|LOC140682091","grey"
"gene-LOC140682111|LOC140682111","pink"
"gene-LOC116806872|LOC116806872","palevioletred3"
"gene-LOC140682165|LOC140682165","pink"
"gene-LOC140682098|LOC140682098","pink"
"gene-LOC140682156|LOC140682156","paleturquoise"
"gene-LOC140682125|LOC140682125","white"
"gene-LOC140682152|LOC140682152","yellow"
"gene-LOC140682115|LOC140682115","cyan"
"gene-LOC140682095|LOC140682095","yellow"
"gene-LOC140682132|LOC140682132","black"
"gene-LOC140682161|LOC140682161","pink"
"gene-LOC116806972|LOC116806972","pink"
"gene-LOC140682092|LOC140682092","yellow"
"gene-MAEL|MAEL","grey"
"gene-LOC100222730|LOC100222730","tan"
"gene-TEX55|TEX55","cyan"
"gene-MTNR1B|MTNR1B","darkorange"
"gene-LOC100218627|LOC100218627","grey"
"gene-LOC140680323|LOC140680323","green"
"gene-LOC121469920|LOC121469920","grey"
"gene-LOC140684219|LOC140684219","red"
"gene-LOC140680271|LOC140680271","black"
"gene-LOC115496166|LOC115496166","blue"
"gene-EGFL6|EGFL6","grey"
"gene-RS1|RS1","plum1"
"gene-LOC140680492|LOC140680492","blue"
"gene-LOC115492597|LOC115492597","yellow"
"gene-LOC100224866|LOC100224866","tan"
"gene-LOC140680831|LOC140680831","turquoise"
"gene-LOC115490655|LOC115490655","pink"
"gene-LOC115490732|LOC115490732","blue"
"gene-LOC140681701|LOC140681701","tan"
"gene-LOC115493396|LOC115493396","darkturquoise"
"gene-LOC115493640|LOC115493640","grey"
"gene-CALCR|CALCR","royalblue"
"gene-CCK|CCK","black"
"gene-LOC140682645|LOC140682645","white"
"gene-NPSR1|NPSR1","grey"
"gene-FOXQ1|FOXQ1","blue"
"gene-LOC140682348|LOC140682348","magenta"
"gene-GALR1|GALR1","grey"
"gene-AKAIN1|AKAIN1","turquoise"
"gene-LOC121469216|LOC121469216","thistle1"
"gene-MOS|MOS","sienna3"
"gene-LOC115493926|LOC115493926","skyblue3"
"gene-CSMD3|CSMD3","yellow"
"gene-LOC140683535|LOC140683535","pink"
"gene-HS3ST5|HS3ST5","pink"
"gene-LOC140683744|LOC140683744","skyblue3"
"gene-LOC140683808|LOC140683808","red"
"gene-LOC140683889|LOC140683889","turquoise"
"gene-LOC115494888|LOC115494888","greenyellow"
"gene-CWH43|CWH43","grey"
"gene-MTNR1A|MTNR1A","bisque4"
"gene-LOC140683863|LOC140683863","grey"
"gene-LOC115495084|LOC115495084","royalblue"
"gene-LOC140684128|LOC140684128","turquoise"
"gene-LOC140684231|LOC140684231","darkgreen"
"gene-LOC115495475|LOC115495475","grey"
"gene-LOC100225865|LOC100225865","tan"
"gene-LOC140684274|LOC140684274","grey"
"gene-LOC115495523|LOC115495523","lightyellow"
"gene-LOC140684193|LOC140684193","red"
"gene-LOC140684333|LOC140684333","grey"
"gene-LOC116808542|LOC116808542","grey"
"gene-LOC140684530|LOC140684530","grey"
"gene-LOC140684536|LOC140684536","lightcyan"
"gene-LOC100220162|LOC100220162","pink"
"gene-CHRNA1|CHRNA1","mediumpurple3"
"gene-HOXD8|HOXD8","grey"
"gene-EN1|EN1","tan"
"gene-ATP6V1G3|ATP6V1G3","blue"
"gene-LOC121468966|LOC121468966","grey60"
"gene-KY|KY","blue"
"gene-LOC100226896|LOC100226896","royalblue"
"gene-LOC100224002|LOC100224002","red"
"gene-LOC140684724|LOC140684724","blue"
"gene-LOC140684804|LOC140684804","orangered4"
"gene-GLDN|GLDN","tan"
"gene-LOC140684781|LOC140684781","white"
"gene-LOC140684793|LOC140684793","magenta"
"gene-LOC140684797|LOC140684797","grey"
"gene-IRX6|IRX6","yellow"
"gene-LOC121470592|LOC121470592","black"
"gene-LOC115496814|LOC115496814","turquoise"
"gene-CDHR2|CDHR2","grey"
"gene-LOC115497122|LOC115497122","turquoise"
"gene-LOC115497094|LOC115497094","grey"
"gene-LOC140685097|LOC140685097","tan"
"gene-RGS11|RGS11","greenyellow"
"gene-LOC100221782|LOC100221782","pink"
"gene-LOC140685129|LOC140685129","grey"
"gene-ORM2|ORM2","grey"
"gene-CEL|CEL","tan"
"gene-FAM163B|FAM163B","orangered4"
"gene-MYADML2|MYADML2","grey"
"gene-TMIGD1|TMIGD1","red"
"gene-LOC115497915|LOC115497915","grey"
"gene-BHLHE23|BHLHE23","grey"
"gene-LOC140680383|LOC140680383","turquoise"
"gene-LOC100224543|LOC100224543","tan"
"gene-VWA5B1|VWA5B1","grey"
"gene-LOC115498265|LOC115498265","grey"
"gene-RSPO1|RSPO1","grey"
"gene-TTC12|TTC12","pink"
"gene-LOC140680649|LOC140680649","purple"
"gene-LOC115498459|LOC115498459","green"
"gene-GUCA1A|GUCA1A","green"
"gene-CLPS|CLPS","tan"
"gene-LOC140680743|LOC140680743","black"
"gene-SP6|SP6","lightgreen"
"gene-LOC100220698|LOC100220698","grey"
"gene-LOC115490898|LOC115490898","pink"
"gene-LOC100217876|LOC100217876","steelblue"
"gene-LOC115492010|LOC115492010","grey60"
"gene-EPO|EPO","pink"
"gene-LOC121469004|LOC121469004","ivory"
"gene-NKPD1|NKPD1","pink"
"gene-LOC140681324|LOC140681324","black"
"gene-LOC121468797|LOC121468797","lightsteelblue1"
"gene-LOC100221794|LOC100221794","grey"
"gene-PDE6B|PDE6B","tan"
"gene-LOC140681930|LOC140681930","skyblue"
"gene-LOC140681768|LOC140681768","bisque4"
"gene-LOC140681949|LOC140681949","yellow"
"gene-SHOC1|SHOC1","thistle2"
"gene-MUSK|MUSK","magenta"
"gene-LOC115491161|LOC115491161","blue"
"gene-LOC140681996|LOC140681996","red"
"gene-LOC140681997|LOC140681997","grey"
"gene-LOC100229057|LOC100229057","navajowhite2"
"gene-LOC140681862|LOC140681862","red"
