"baseMean","log2FoldChange","lfcSE","stat","pvalue","padj","Gene_ID"
13984.450967102,0.442652145511695,0.167902144288813,2.63636981759016,0.00837983477297454,0.0999465533784956,"gene-LOC140684351|LOC140684351"
1760.89651487176,0.696793693138968,0.260069063620249,2.67926405178441,0.00737841834166937,0.093351367821663,"gene-LOC140684387|LOC140684387"
2036.59016674546,-0.564534147639444,0.209495428295385,-2.69473254014622,0.00704451519842768,0.0912050370979945,"gene-CHMP2B|CHMP2B"
110.447091139918,-1.40220955361177,0.448868508471186,-3.1238759840551,0.00178485667557245,0.0436612661959268,"gene-CD2|CD2"
365.173158167751,-0.871990578734747,0.253713946223296,-3.43690440243794,0.000588403240444319,0.0228745735420299,"gene-CD247|CD247"
218.947771277067,1.39897056408468,0.384397600794822,3.63938422402225,0.000273290773791115,0.0146679645157142,"gene-LOC115493573|LOC115493573"
245.783722163852,1.05348897791741,0.242906052183139,4.33702235267129,1.44425942055353e-05,0.00268768289789029,"gene-SERPINH1|SERPINH1"
49.1756508699152,1.25971536507877,0.459627941834956,2.7407284249292,0.00613031536931286,0.0840595388676798,"gene-GRIK1|GRIK1"
26.9489278112786,1.52238498973988,0.547708337250906,2.77955416450504,0.00544335748099159,0.0780409988495352,"gene-TPBGL|TPBGL"
71.5208630683104,1.11328701286673,0.336797054366256,3.30551291477764,0.000948027349165435,0.0305065444975293,"gene-LOC116807788|LOC116807788"
179.664489044642,-0.98013965943048,0.339885449352496,-2.88373527403927,0.00392988962972404,0.0665002056329834,"gene-ATP1B1|ATP1B1"
498.964008537674,-0.509052368744186,0.186472438356466,-2.72990675314208,0.0063352242034799,0.0855852948850648,"gene-TAF13|TAF13"
32.607498028502,-1.26513027154855,0.447993557824231,-2.82399210759393,0.00474295527900896,0.0730005177735009,"gene-CHD1L|CHD1L"
83.398629572844,-0.896488221825273,0.304855508717857,-2.94069877758046,0.00327472813429615,0.061332929015255,"gene-DUSP12|DUSP12"
572.273971429802,1.43480617747938,0.407140357392107,3.52410698529097,0.000424912646986372,0.0192555817132971,"gene-VAMP1|VAMP1"
2133.19716504266,-0.359656258725342,0.12321268315271,-2.91898731139216,0.00351170517467653,0.0630732678357609,"gene-GAPDH|GAPDH"
458.294491395096,0.839555159834314,0.201003793181727,4.17681251952928,2.95622485113031e-05,0.00390113195033564,"gene-NOP2|NOP2"
79.8493820503523,-1.73965144663499,0.461533749334159,-3.76928328458046,0.000163716989055873,0.0109530473050217,"gene-GPR162|GPR162"
909.331327310322,-0.80488447492664,0.205860110591253,-3.90986127722812,9.23491407641944e-05,0.00805060630758892,"gene-USP5|USP5"
2756.15512174707,0.75602237108953,0.262951542749903,2.87513951499647,0.00403849007042514,0.0672333809872631,"gene-TPI1|TPI1"
285.845119626758,-1.35323304504376,0.366007555880978,-3.69728171809605,0.000217920461450694,0.0129724065385905,"gene-LOC101233739|LOC101233739"
14.8247343857529,-2.02169944684027,0.562377806522415,-3.59491328319282,0.000324499644257611,0.0166106864163754,"gene-LOC140683595|LOC140683595"
206.773730386659,-1.31751870654964,0.432152540464619,-3.0487353033564,0.00229806865540231,0.0503176042286021,"gene-LOC115497448|LOC115497448"
18.2657405741482,-2.14386989957788,0.66147849820987,-3.24102734311054,0.00119099759413377,0.0348197345406913,"gene-LOC100221157|LOC100221157"
51.2234507876221,-1.60318571795926,0.554318666275382,-2.89217342928662,0.0038258669191129,0.0654355169613793,"gene-LOC121469592|LOC121469592"
10.9577205503512,-3.02972827833486,0.972851430895327,-3.11427642712779,0.00184396644397062,0.0439860917579991,"gene-LOC101233700|LOC101233700"
1506.17664989485,-0.6315171246895,0.204196143517136,-3.09269858779926,0.0019834547608778,0.0456821511991076,"gene-TSPAN9|TSPAN9"
1660.56513814469,-0.514568318061164,0.159888227334683,-3.21830022534463,0.0012895276488315,0.0367298330708759,"gene-CLNS1A|CLNS1A"
222.111157141905,0.729145345134929,0.221669298603009,3.28933844122801,0.00100423190317008,0.0316773502087684,"gene-DLG2|DLG2"
22.4599005787327,1.85693817035429,0.667690138697744,2.7811376306621,0.00541687670093665,0.0779163544662727,"gene-LOC100225953|LOC100225953"
9612.84950702304,0.99372559621384,0.300062341425303,3.31173046072233,0.00092720833944459,0.0302425504638798,"gene-CHORDC1|CHORDC1"
1204.6884742727,-0.676234046072966,0.158780692810521,-4.25891860089022,2.05418250102616e-05,0.00328304012164003,"gene-NDFIP2|NDFIP2"
641.380524775917,-0.592489687864319,0.16729310994227,-3.54162635908183,0.000397668338699926,0.0185716278696745,"gene-TBC1D4|TBC1D4"
467.512138054386,0.631974953401773,0.147411060813459,4.28716101705221,1.809711186301e-05,0.00311789393076144,"gene-COMMD6|COMMD6"
115.854457486077,-1.16216596707387,0.326276969205558,-3.56190009335809,0.000368180498084194,0.0177120678409466,"gene-KLF12|KLF12"
855.116441859302,0.688376083172266,0.232226956975247,2.96423848522305,0.00303433028391158,0.0590929220976637,"gene-MZT1|MZT1"
878.538185989254,-0.735502942915057,0.196915964129074,-3.73511079291139,0.000187632562625503,0.0119374395158755,"gene-TDRD3|TDRD3"
617.771770217656,0.467791812506691,0.164264203319674,2.84780130456252,0.00440224001553262,0.0702015747044582,"gene-MTRF1|MTRF1"
8931.63501691445,-0.470182073599305,0.15349201862298,-3.06323467381196,0.00218958276978787,0.0489052151562558,"gene-ELF1|ELF1"
25568.4596247625,0.537051354145552,0.187228785335535,2.86842300014442,0.0041252359699039,0.0678917553673886,"gene-TSC22D1|TSC22D1"
339.025421533499,0.698511629666923,0.216541858714922,3.22575798421734,0.00125639547461861,0.0360718413311659,"gene-NUFIP1|NUFIP1"
13903.6469373637,-0.746985133156363,0.267956182162453,-2.78771374904681,0.00530814237356557,0.0774559046933244,"gene-ITM2B|ITM2B"
5699.54643051326,-0.415801202279167,0.14591110587357,-2.84968851267191,0.0043762063702392,0.0700193019238273,"gene-RB1|RB1"
500.702490892833,-0.594415671451789,0.196223323953409,-3.0292814303407,0.00245136210202383,0.0526274514559863,"gene-TRIM13|TRIM13"
318.151664234902,-0.67288154770652,0.20653187044599,-3.25800345609364,0.00112199039872848,0.0336883160803136,"gene-KCNRG|KCNRG"
319.839934016109,-0.702566019935967,0.247358320532469,-2.84027647998098,0.00450744487993102,0.0707795670768905,"gene-FOXO1|FOXO1"
1010.63072457255,1.2999091282227,0.439202887195639,2.95970078093695,0.00307937968826397,0.059526973099425,"gene-HSPH1|HSPH1"
1385.2858087948,-0.773308606094446,0.218921141410346,-3.53236147551851,0.000411865945287995,0.0189733497719936,"gene-HMGB1|HMGB1"
877.799242406546,-0.493063748704787,0.18241807283791,-2.70293256054132,0.00687306898292308,0.0896078584959034,"gene-UBL3|UBL3"
1699.43996947709,-1.4077344993899,0.40752446446426,-3.45435580472583,0.000551609104350785,0.0219180810966345,"gene-MICU2|MICU2"
409.198470123769,-0.527109902120189,0.180462028005101,-2.92089093726293,0.00349031988604656,0.063071308091575,"gene-IPO5|IPO5"
10.7988623620064,-1.87840384108665,0.702755205303578,-2.67291345110024,0.00751956481677401,0.094127482767303,"gene-CLYBL|CLYBL"
31.9259913903774,-0.870606298739201,0.282889012082003,-3.07755431125347,0.00208706802916888,0.0473507673999451,"gene-LOC100221786|LOC100221786"
510.968216930909,-0.911494592138311,0.317193160283229,-2.87362625134923,0.00405788855239362,0.0674782299856992,"gene-P2RY8|P2RY8"
280.001580419522,-0.489902633441393,0.178115206821757,-2.75048179312196,0.00595076984095938,0.0828614456847626,"gene-JADE3|JADE3"
368.667688349471,-0.675065962652025,0.179570697270513,-3.75933252425409,0.000170367277473395,0.0111897850190745,"gene-CHST10|CHST10"
278.649495740779,-0.78356165074707,0.287342831398086,-2.72692256470989,0.00639280394924639,0.0860187951412161,"gene-PDCL3|PDCL3"
667.033602413423,-0.591802351425028,0.218276705443558,-2.71124832227256,0.00670304057151982,0.0882935307515944,"gene-GCC2|GCC2"
12052.5216867205,0.769191450154212,0.272537155001329,2.82233609634056,0.00476751846458997,0.0731087266467614,"gene-LOC100226687|LOC100226687"
1745.31631525286,-0.475942314585244,0.17717082597412,-2.68634698725605,0.00722380265616775,0.0924503735106267,"gene-PDHA1|PDHA1"
278.7391627578,-0.674575533005601,0.217010940252867,-3.10848629207158,0.0018804836916093,0.0446284390366786,"gene-SMS|SMS"
836.138374957849,0.835340515370652,0.205571755762151,4.06349847173146,4.83426390071726e-05,0.00531407393627676,"gene-LOC115496797|LOC115496797"
479.583521729366,0.739544481450261,0.267730528728555,2.7622717699111,0.00574006771664659,0.0806300137072701,"gene-LOC140680276|LOC140680276"
14581.820113933,0.538279417299989,0.125852901523903,4.27705210433908,1.89384487880222e-05,0.00311789393076144,"gene-LOC140685228|LOC140685228"
6491.52668096061,0.972165617793212,0.286810821833539,3.38957090802327,0.000700021020923467,0.0259512947550597,"gene-LOC115496967|LOC115496967"
157.600957999815,-0.740211746439547,0.272146490095037,-2.71990186675219,0.00653012926713018,0.0871330049892398,"gene-SLC37A1|SLC37A1"
187.663362497978,-1.25295585645977,0.390836513520627,-3.20583111637456,0.00134673003718246,0.0374687908217262,"gene-UBASH3A|UBASH3A"
3248.79081702676,0.669063979469457,0.206354174332155,3.24230891686497,0.00118565427370471,0.0347341162382252,"gene-LOC100230310|LOC100230310"
64.0658720293383,-1.42330894804221,0.387041300228266,-3.67740845021651,0.000235615597889948,0.013665704677617,"gene-MRPS6|MRPS6"
8906.94947125013,-0.417237801305213,0.153695264375888,-2.71470824426175,0.0066334180877121,0.0878591950033617,"gene-ITSN1|ITSN1"
5546.09332943549,0.564780326620923,0.212978172016349,2.65182258479319,0.00800585965397262,0.0975074388338207,"gene-TAF10|TAF10"
142.999849047383,0.697841478783282,0.263272594124204,2.65064231658713,0.00803388723966301,0.0977029126354079,"gene-ANKRD16|ANKRD16"
121.744494191154,1.04348166969805,0.298453668057331,3.49629366759066,0.000471769187287103,0.0202565014625006,"gene-LOC115492572|LOC115492572"
42.6464838715961,1.39964315718962,0.491695549110084,2.84656462667361,0.00441937577748315,0.070308746535554,"gene-LOC115492573|LOC115492573"
880.514409652016,-0.732012762461847,0.20152435789228,-3.63237858747142,0.000280820714464035,0.0149604635438914,"gene-PRKCQ|PRKCQ"
610.226372458004,1.00512923366351,0.281796024651597,3.56686803834871,0.000361273291145553,0.0174381040934149,"gene-LOC121471102|LOC121471102"
958.34662359657,0.829583821760467,0.245447168061185,3.37988752656405,0.000725154983098533,0.0264402622663213,"gene-LOC121471105|LOC121471105"
2137.79080470944,-0.238741899681656,0.0829857035176509,-2.87690396733066,0.00401597793104402,0.0672114140839415,"gene-ATP5F1C|ATP5F1C"
1635.94058116707,-0.595501819221276,0.156966840779431,-3.79380648972908,0.000148355308757477,0.0105777994036553,"gene-OPTN|OPTN"
149.249903707304,-0.802474789861683,0.272221153952791,-2.9478781432278,0.00319963161904218,0.060717020063724,"gene-PHYH|PHYH"
1127.52228853749,-1.38602313712524,0.369714450043236,-3.74890171851047,0.000177610665967533,0.0114562861850987,"gene-FAM107B|FAM107B"
6054.16121768234,-0.835207763608362,0.251111190654181,-3.3260475625659,0.000880868962186372,0.0291945141753198,"gene-SEMA3D|SEMA3D"
331.484185841876,-0.686761851477428,0.243680062584854,-2.81829315124328,0.00482797077429246,0.073332134759686,"gene-GNAI1|GNAI1"
206.89825096908,1.13514220663837,0.331533033361732,3.42391886301065,0.000617250470611808,0.023676082051414,"gene-LOC140680777|LOC140680777"
958.64241802813,-0.587462045010895,0.206382059674939,-2.84647825463209,0.00442057482861848,0.070308746535554,"gene-ARMC10|ARMC10"
3041.78721766588,-0.481617418083994,0.163272555227041,-2.94977571346436,0.00318004690827036,0.0605851585808753,"gene-DLD|DLD"
119.417021455782,-0.756498716608551,0.27884340086774,-2.71298769938389,0.00666795816583243,0.0880733794833183,"gene-CERK|CERK"
2243.46573665638,-0.30452468100362,0.109959484440239,-2.76942623507046,0.00561551184091372,0.07965830603521,"gene-BRD1|BRD1"
496.090086725897,-0.664458938652946,0.24129126796923,-2.75376288684296,0.00589144340502856,0.0821148468390802,"gene-PLXNB2|PLXNB2"
515.677895557269,0.81223292147609,0.257005539828048,3.16037125899902,0.00157568221810688,0.0405229097083655,"gene-LOC115490906|LOC115490906"
44.044720464473,-2.43397975939537,0.850099893454894,-2.86316911475359,0.00419426634164379,0.0682796557716733,"gene-FOXP2|FOXP2"
740.004368707491,0.512089637501868,0.167135795537101,3.06391360304497,0.00218461990844852,0.0488702531308297,"gene-LOC140681692|LOC140681692"
51.2513760581932,-1.17155800540378,0.364663637544588,-3.21270860262433,0.00131489622654002,0.0370348563450252,"gene-RASSF3|RASSF3"
2172.11640913964,-0.472968648992529,0.1525357533834,-3.10070680808661,0.00193059345416722,0.0451539125930752,"gene-FRS2|FRS2"
64.9879552654204,1.71013794196121,0.393811744528358,4.34252651354857,1.40853480765184e-05,0.00268768289789029,"gene-LRRC10|LRRC10"
386.53328584347,-0.662622627759897,0.238568061287944,-2.77749931898945,0.00547789548736056,0.0780409988495352,"gene-NAP1L1|NAP1L1"
6661.33994841199,-0.386728606006682,0.134197464235608,-2.88178773130698,0.00395426020764138,0.0665617001212504,"gene-OSBPL8|OSBPL8"
49.6514188350232,-0.85791603015647,0.283429659381036,-3.02690985844607,0.00247067623694121,0.0529533625453389,"gene-CEP83|CEP83"
97.3778028970854,-0.613031050047325,0.207486633172656,-2.95455683420918,0.00313118474180467,0.0598398338463767,"gene-SNRPF|SNRPF"
1054.11920348473,-0.749178733511709,0.235668881704926,-3.17894635936591,0.0014781144210304,0.0394306432365838,"gene-NEDD1|NEDD1"
12712.5264803013,0.385910089846054,0.118702751921162,3.2510627057944,0.00114974496211994,0.0341091845039119,"gene-SLC25A3|SLC25A3"
42.2828289314029,1.12410931388384,0.321405103066118,3.49748433724339,0.000469668290858915,0.0202565014625006,"gene-LOC115493545|LOC115493545"
173.749378932134,2.44704500072508,0.799119463876347,3.06217669740519,0.00219733700592359,0.0490023185941161,"gene-PDE6H|PDE6H"
3789.60550271077,0.987262407371262,0.251942021232327,3.9186095377907,8.90612538967855e-05,0.00792179726000865,"gene-ART4|ART4"
7406.93600838915,1.09174940057817,0.229671282295447,4.7535303049937,1.99895125558674e-06,0.000991479822771021,"gene-SMCO3|SMCO3"
26.2382614030543,1.02866390260758,0.348122958995324,2.95488670318178,0.00312783891499748,0.0598398338463767,"gene-LOC115493338|LOC115493338"
6081.83610965075,0.679533992387067,0.256565279329142,2.64858126619428,0.00808304129839651,0.0977029126354079,"gene-LOC115493340|LOC115493340"
759.273810283208,0.820128804560704,0.299906887305287,2.73461143866917,0.0062453951069077,0.0852925188688676,"gene-LOC100223493|LOC100223493"
615.185865108911,0.926074833750344,0.317635112671692,2.91553042093157,0.003550844882381,0.0632992959340412,"gene-LOC100232209|LOC100232209"
630.539469316921,0.758417011722554,0.283744811719415,2.67288415646001,0.00752022148209969,0.094127482767303,"gene-LOC100220543|LOC100220543"
475.161045002593,0.885750203350021,0.29623448030713,2.99003074332094,0.0027894936996082,0.0568666991140469,"gene-LOC100227296|LOC100227296"
88.1231775124767,0.910805081769335,0.34202663805403,2.66296533787948,0.00774553922485519,0.095550459871627,"gene-CYP2D6|CYP2D6"
57.3834243528129,-1.44844987294992,0.487751965372782,-2.96964435979851,0.00298144691132791,0.0584936179160734,"gene-TNFRSF13C|TNFRSF13C"
682.957594834895,-0.456567931939302,0.157023897416913,-2.90763342045365,0.00364174958339182,0.0635715121450339,"gene-XRCC6|XRCC6"
2784.70446330111,-0.371768189541794,0.130666018207966,-2.8451788356334,0.00443864950045265,0.070308746535554,"gene-ACO2|ACO2"
135.729030080791,1.0453100580855,0.261954510999153,3.9904258724099,6.59547607424882e-05,0.00645369577224456,"gene-LOC140682209|LOC140682209"
16828.8652921854,-0.445879791104319,0.12010783789538,-3.71232884478947,0.000205360928887006,0.0126436623739457,"gene-TEF|TEF"
564.511346172375,-1.48733613875458,0.413849540173182,-3.59390550037142,0.000325758027409773,0.0166159697385184,"gene-GRAP2|GRAP2"
1531.6473481045,0.92625507549398,0.291410875070482,3.17851924802035,0.00148029389236341,0.0394306432365838,"gene-XPNPEP3|XPNPEP3"
2101.34410170506,0.855010730411194,0.274238759388632,3.11776034984002,0.00182230915853606,0.0437296266073157,"gene-LOC140682214|LOC140682214"
686.54750457112,-0.570884722362642,0.211893150260069,-2.69421036811224,0.00705556174233551,0.0912050370979945,"gene-CBX6|CBX6"
868.110203679979,0.894369696890484,0.218409064289825,4.09492939223288,4.2229706685984e-05,0.00489864597557414,"gene-LOC100229115|LOC100229115"
171.568786058879,1.23329616746166,0.356710554635535,3.45741428571344,0.000545385707643539,0.0218721748459408,"gene-KCNJ4|KCNJ4"
577.891267018392,1.0147534965582,0.35839961052976,2.83134653817918,0.00463524707836327,0.0720793448380295,"gene-LOC115493361|LOC115493361"
9293.16211715526,-0.375446088254717,0.133046752378264,-2.821910956438,0.00477384299885517,0.0731277504744758,"gene-EIF3L|EIF3L"
4297.00850080377,-0.474031504015619,0.157657706857443,-3.0067131728882,0.00264088815824012,0.0552129873083225,"gene-RAC2|RAC2"
12465.431953795,-0.434634866838153,0.148169560815984,-2.93336137628118,0.00335313354433158,0.0616770753218228,"gene-MYH9|MYH9"
364.3128352514,-0.700649371546852,0.237089880052952,-2.9552057278462,0.00312460618160809,0.0598398338463767,"gene-RTCB|RTCB"
20.4248671232404,-1.55791950123775,0.534671091089797,-2.91379041657613,0.00357069539457231,0.0633615383579994,"gene-KIAA1549|KIAA1549"
2022.05274613184,-0.546547324115278,0.158398011125406,-3.45046835015226,0.000559614780572859,0.0220326944702801,"gene-DNM1L|DNM1L"
1105.75299749605,-0.94692617386956,0.273466097114632,-3.46268215278118,0.000534819770786537,0.0217312078615637,"gene-MTPN|MTPN"
738.27118312063,0.824926788259136,0.264279977927905,3.12141235490861,0.00179985814803428,0.0437282010372975,"gene-LOC100231733|LOC100231733"
208.615661741155,-0.984058020172942,0.343713596826042,-2.86301743445717,0.00419627472901552,0.0682796557716733,"gene-ST8SIA1|ST8SIA1"
25.6321063750217,3.22094052878772,0.743250280029676,4.3335880460874,1.46698570838918e-05,0.00268768289789029,"gene-PKDREJ|PKDREJ"
102.14071860107,-0.952310106358592,0.352061735251781,-2.70495203256763,0.00683142532312077,0.0893302016797901,"gene-LOC100227890|LOC100227890"
77.826528831007,1.20298323082464,0.347983417711517,3.45701309199145,0.000546198312664544,0.0218721748459408,"gene-LOC140682237|LOC140682237"
4806.50476249978,-0.679833197276207,0.235757927372003,-2.8836069474071,0.00393149123743224,0.0665002056329834,"gene-PARVB|PARVB"
2186.61939740866,-0.321189815479599,0.113710996914186,-2.82461524563004,0.0047337421347113,0.0729797929964495,"gene-MCAT|MCAT"
580.505121112094,-0.451524346714918,0.167569722709125,-2.69454612333932,0.00704845706025343,0.0912050370979945,"gene-PACSIN2|PACSIN2"
518.715162638174,-1.07415408663166,0.240521024987953,-4.46594673661256,7.97154422907085e-06,0.00194343546086364,"gene-LDHB|LDHB"
20.7634667438995,-1.86881904818356,0.521667693939013,-3.58239367684908,0.000340460201781592,0.0169571565233832,"gene-AKR1D1|AKR1D1"
100.992251403704,-0.818832466314891,0.280856196163688,-2.91548656394129,0.00355134398072659,0.0632992959340412,"gene-DERA|DERA"
50.5653118144631,-0.961724914900279,0.359862958534324,-2.67247543013947,0.00752938880993143,0.094127482767303,"gene-DCP1B|DCP1B"
675.316530567332,0.736643506819021,0.240837232172939,3.05867784716134,0.00222316076756904,0.0493717361724547,"gene-LOC140682520|LOC140682520"
72.1951468307916,1.92727501853426,0.427833177043124,4.50473484046796,6.64558699306469e-06,0.00175248756383221,"gene-NACAD|NACAD"
228.171955740644,-0.877053974055781,0.217858474937296,-4.02579690465664,5.67826832133831e-05,0.00593660266090799,"gene-MAP4|MAP4"
142.681397868219,-1.01525448585376,0.318216139520514,-3.19045566759606,0.00142048632473307,0.0387709208633025,"gene-NKTR|NKTR"
28.697641609792,-0.933209296789945,0.32368764854432,-2.88305500993551,0.00393838656996137,0.0665002056329834,"gene-SEC22C|SEC22C"
217.43878669905,-0.867818103932299,0.222824962969051,-3.89461796546033,9.83536184312553e-05,0.00838137583853814,"gene-CTDSPL|CTDSPL"
35.8076729603829,-1.6091628465784,0.527606635483214,-3.04992912969078,0.00228895371844651,0.0502661225742513,"gene-ACTR3B|ACTR3B"
410.605952606577,-0.717842981109445,0.235288285476385,-3.05090829174108,0.00228150248949316,0.0501791006251829,"gene-PFKP|PFKP"
296.843471320983,-1.51995343142965,0.40947836644537,-3.71192608934183,0.000205688055860908,0.0126436623739457,"gene-CCNY|CCNY"
956.429460631139,-0.471133872564714,0.172334030036662,-2.73384120631592,0.00626002262042707,0.0852925188688676,"gene-CUL2|CUL2"
2527.58918759291,-0.519785716506365,0.189156081111549,-2.74791967274811,0.00599747004677326,0.0833050282288473,"gene-ITGB1|ITGB1"
150.844416804214,-1.31416097126642,0.401753056179618,-3.27106651972518,0.00107142705291138,0.0327902270831432,"gene-ZEB1|ZEB1"
251.93600954784,-0.616739467926019,0.225539559550422,-2.73450683842512,0.00624737976706484,0.0852925188688676,"gene-ZNF438|ZNF438"
2627.98998192936,-0.686758623074566,0.219332788151562,-3.13112612510997,0.00174137356238433,0.0428902693858496,"gene-THNSL1|THNSL1"
52410.5365602701,0.800524297999311,0.263714154171217,3.0355757752751,0.00240076888882839,0.0517731029938643,"gene-OTUD1|OTUD1"
1200.15145933336,-0.473126816951842,0.160913100307323,-2.94026288753515,0.00327933885862763,0.0613394150097526,"gene-PIP4K2A|PIP4K2A"
72.9233714301994,1.36049893976593,0.328278601732207,4.14434243531888,3.40790178868548e-05,0.00441614948904973,"gene-LOC100219050|LOC100219050"
121.365859393027,1.97612430957114,0.356066774283112,5.54987000275377,2.85882094975426e-08,3.92712580771394e-05,"gene-LOC100225774|LOC100225774"
53.6887236944143,-1.13965147991101,0.304987919260471,-3.73671023650515,0.000186443568787289,0.0119191301930505,"gene-DBF4|DBF4"
220.530131939861,-0.712448655249225,0.233175449084945,-3.05541881894128,0.00224746436600831,0.0496098402658787,"gene-VPS50|VPS50"
66.7457527228483,-0.965106223357205,0.346590347796388,-2.78457328512847,0.00535982074725596,0.0775610277953016,"gene-OSBPL3|OSBPL3"
1877.54055475415,0.360618537927532,0.134380558116851,2.68356184094692,0.00728425021765642,0.0926793704391297,"gene-CYCS|CYCS"
178.148555233241,-0.903708848224637,0.305027713383927,-2.96271062782801,0.00304943097210056,0.0591535961216014,"gene-JAZF1|JAZF1"
426.362838150118,-0.614345372499021,0.208602907306901,-2.94504702945094,0.00322905577006116,0.0609537246674012,"gene-CHN2|CHN2"
266.752615928741,-1.02553025355335,0.322990230255531,-3.17511230213375,0.00149778522262923,0.0395305369583466,"gene-RFTN1|RFTN1"
371.495216225322,-0.745027536735595,0.257530874251531,-2.89296395587865,0.00381625089087724,0.0653487533504502,"gene-TBC1D5|TBC1D5"
3958.6714565966,-0.58136027887046,0.219860764838639,-2.6442202149944,0.00818793666796312,0.0985567205288548,"gene-KAT2B|KAT2B"
57.4417267092707,0.871712519005161,0.27808273981134,3.13472357038972,0.0017201612119862,0.0425134001257895,"gene-LOC121469455|LOC121469455"
844.287911334348,-0.412659893722367,0.134648979972249,-3.06470865065161,0.00217882134895979,0.0488164583854169,"gene-ABHD5|ABHD5"
27.5929532583533,-1.55723211457411,0.46659104234724,-3.33746680334941,0.000845458208072196,0.0282815601509546,"gene-MTURN|MTURN"
2835.92831855434,0.531583295505615,0.196127173293007,2.71040104530262,0.00672018976673785,0.0883665365379247,"gene-NPHP3|NPHP3"
111.432100212934,-1.49358036991955,0.459340569165127,-3.25157512787125,0.00114767440014299,0.0341091845039119,"gene-LOC100223580|LOC100223580"
189.556950571413,1.20447539131492,0.356242223986638,3.38105735427952,0.000722074692178939,0.0264283012017859,"gene-LOC100224551|LOC100224551"
1213.43578848854,-0.45777538035475,0.127481732203396,-3.59090963420841,0.000329525881778803,0.0167487642526725,"gene-SEPTIN7|SEPTIN7"
3184.21942867917,-0.406323880089001,0.12984683481587,-3.12925517718773,0.00175250044086514,0.0430905407545371,"gene-CLASP2|CLASP2"
186.321403040789,0.687043530566602,0.241823767833339,2.841091827831,0.00449593644263717,0.0706963489704903,"gene-LOC116807760|LOC116807760"
8238.29742606933,-0.528577730983019,0.192700275448614,-2.74300454294872,0.00608798432206726,0.084034555967436,"gene-BLVRA|BLVRA"
763.84257071004,-0.739019288576472,0.226870710675375,-3.25744687966319,0.00112419297264673,0.0336883160803136,"gene-STK17A|STK17A"
1689.53417239245,-0.692569749516785,0.159682760175043,-4.33716043458665,1.44335273078823e-05,0.00268768289789029,"gene-VPS41|VPS41"
358.414688690877,-0.545146897490541,0.182732457906442,-2.98330632519403,0.0028515244216791,0.0572054773799613,"gene-DROSHA|DROSHA"
57.3333398145477,-1.70372515356232,0.450441018124307,-3.78234904240482,0.000155355309827369,0.0109006379344238,"gene-ECI2|ECI2"
629.261103604058,0.975103452120007,0.359237047075066,2.71437330882038,0.00664012930711929,0.0878671756702887,"gene-LOC115493763|LOC115493763"
46.1646429660867,1.03581677161693,0.390994151344555,2.64918738056554,0.00806855818525436,0.0977029126354079,"gene-CAP2|CAP2"
31836.2335105042,0.475519288173679,0.162312165807098,2.92965894336483,0.00339334220868493,0.0621100802801635,"gene-LOC100229913|LOC100229913"
688.390207498134,-0.588172156196831,0.216505101228385,-2.71666650282011,0.00659430169706814,0.0875830430384378,"gene-MBOAT1|MBOAT1"
345.529903826164,-0.866656837015849,0.23658867244971,-3.66313749530874,0.000249144715843768,0.0138593025901738,"gene-CDKAL1|CDKAL1"
122.45598981914,-0.776052871586517,0.260266473984718,-2.98176272842611,0.0028659402078098,0.0573212094509803,"gene-ATP9B|ATP9B"
1314.49400420655,-0.625260084349569,0.188284097856941,-3.32083320613006,0.000897491558390328,0.0296770541974402,"gene-SLC66A2|SLC66A2"
451.101812308653,0.86751078993135,0.216519242632361,4.00662213383196,6.15932823687258e-05,0.00619550890623603,"gene-ATPSCKMT|ATPSCKMT"
5757.57678371402,0.590792924984662,0.183204941500426,3.22476522819821,0.0012607601235253,0.0360980331368498,"gene-CCT5|CCT5"
497.846064873423,-0.665156284683072,0.208480117111065,-3.19050225940117,0.00142025730444623,0.0387709208633025,"gene-DDC|DDC"
1283.50498643254,-0.458553129107097,0.161186868480466,-2.84485413377622,0.00444317648782109,0.070308746535554,"gene-GALNT1|GALNT1"
331.569328110643,-0.787314860419906,0.292298192080237,-2.69353311704297,0.00706991214990711,0.0912050370979945,"gene-INO80C|INO80C"
623.944163031741,-0.421783687074878,0.121286722653347,-3.47757510342158,0.000505971282010701,0.0210953360012809,"gene-FH|FH"
1758.36375798779,-0.537585694485355,0.1633473320914,-3.29105892090452,0.000998110051621708,0.0316105774313104,"gene-ERP44|ERP44"
2064.11614167451,0.551451892315336,0.171024142889054,3.22440962427785,0.00126232693741904,0.0360980331368498,"gene-GLIPR2|GLIPR2"
66.7947083717852,-1.02491828925396,0.386868376547793,-2.64926872131495,0.0080666163158302,0.0977029126354079,"gene-MBP|MBP"
19.0300089679931,0.854715679130063,0.322629478304683,2.64921755947822,0.00806783766718954,0.0977029126354079,"gene-LOC140682391|LOC140682391"
1245.22940525424,-0.892879507081109,0.183067673655037,-4.87731935002136,1.07537257305968e-06,0.0006271842230095,"gene-ZNF407|ZNF407"
434.371404227159,0.684738613973647,0.229987969468984,2.97728014015095,0.00290818145446443,0.0578579281341857,"gene-CNDP2|CNDP2"
226.880967287864,1.3314648814818,0.398111914889037,3.34444871325418,0.000824462717084236,0.0280760022882537,"gene-LOC115493837|LOC115493837"
1998.95141284626,0.614295209979219,0.226049901445512,2.71752036188032,0.0065773108188191,0.0875547892992719,"gene-SMCHD1|SMCHD1"
108.321698609407,-2.67887415194326,0.582001420517759,-4.60286531527721,4.16717731085276e-06,0.00139396926603037,"gene-RBBP8|RBBP8"
505.26290428384,0.786215000371387,0.261276674184462,3.00912816969003,0.00261998562284477,0.054855710624453,"gene-CEBPD|CEBPD"
92.1669273463472,-1.06599449473535,0.311914491751134,-3.41758566186104,0.000631792086641232,0.024105298074927,"gene-MCM4|MCM4"
74324.7491510468,-0.470740889703765,0.176054649776268,-2.67383389363465,0.00749895845116215,0.094127482767303,"gene-PCMTD1|PCMTD1"
6752.61556611958,-0.52605338733694,0.18060882061554,-2.91266719722812,0.00358356299116405,0.0633615383579994,"gene-RB1CC1|RB1CC1"
31.0286780223164,-1.45467518869441,0.500659310788587,-2.90551909721435,0.00366644474453578,0.0638229454841268,"gene-TOX|TOX"
27.8317586294534,1.49500605299418,0.509423286567997,2.93470301105804,0.00333867072903362,0.0616730743423291,"gene-VXN|VXN"
412.129190519579,-1.00660264876001,0.374713742480572,-2.68632434480888,0.00722429225708735,0.0924503735106267,"gene-SGK3|SGK3"
1281.57638508025,-0.446947965178115,0.14517757835603,-3.07862942913974,0.00207955176017044,0.0472547749104132,"gene-NCOA2|NCOA2"
3732.73803922483,-0.505050100484661,0.149187177565829,-3.38534523358621,0.000710887845239155,0.0261519456928901,"gene-JPH1|JPH1"
884.76808442462,-0.384819364473929,0.131657159355045,-2.92288977188222,0.00346799263663029,0.0629049257065449,"gene-TPD52|TPD52"
6407.3530166993,-0.710818056859362,0.203957142529274,-3.48513441620383,0.000491889875999779,0.0207869207326557,"gene-CPNE3|CPNE3"
51.6896192912122,1.15914730040637,0.349212324274588,3.31931956529382,0.000902370992139681,0.0297699641076541,"gene-ESRP1|ESRP1"
24.3152763309509,-1.88419394209452,0.704808974848745,-2.67333988262405,0.00751001179609818,0.094127482767303,"gene-CFAP418|CFAP418"
5984.97489167084,-0.275875603179152,0.0966516885875598,-2.85432781579628,0.00431280032511585,0.0693907381168529,"gene-YWHAZ|YWHAZ"
300.882044053676,-1.05864211663021,0.345387243831919,-3.06508747944784,0.00217606338420228,0.0488164583854169,"gene-SNTB1|SNTB1"
7.81734438764477,2.21713061523086,0.767077218044671,2.89036170423947,0.00384798798401768,0.0656577214259908,"gene-FAM83A|FAM83A"
176.353593908666,-0.607227751490665,0.205184735706687,-2.95941971218902,0.00308219003969603,0.059526973099425,"gene-NSMCE2|NSMCE2"
657.276809517135,-0.470911597558885,0.157345070969927,-2.99285890975822,0.00276377485182303,0.0566298254538782,"gene-EFR3A|EFR3A"
1646.73171206301,0.556651330052658,0.211008444910833,2.63805237884145,0.00833837014908574,0.0997000134866577,"gene-LOC121469275|LOC121469275"
14252.460165592,1.01655586822039,0.248723370007349,4.08709430155417,4.36809601789797e-05,0.00502645544971556,"gene-LOC115492384|LOC115492384"
6402.8409460421,0.77845214007939,0.233001904064366,3.3409690071217,0.00083486541973501,0.0282557745822785,"gene-LOC140682498|LOC140682498"
515.049039846937,0.749609610200977,0.270666715737341,2.76949313165055,0.00561435879965352,0.07965830603521,"gene-LOC115492366|LOC115492366"
587.033657930637,0.548217072775238,0.203241026556823,2.69737405908037,0.0069888715377417,0.0907599601076729,"gene-KRTCAP3|KRTCAP3"
8966.28225979199,-0.430589667088098,0.159855573740656,-2.69361685058709,0.00706813648452516,0.0912050370979945,"gene-NRBP1|NRBP1"
231.209792555871,0.881289506814258,0.303551605272313,2.90326090031269,0.00369298842080777,0.0640771356392027,"gene-CLU|CLU"
32.8801039811276,1.54627240133158,0.556301719495433,2.77955711288121,0.00544330806600645,0.0780409988495352,"gene-LOC105760019|LOC105760019"
210.998392690883,0.956575988303506,0.355361939525975,2.69183579304949,0.00710599229724269,0.091506350226982,"gene-EMILIN1|EMILIN1"
156.426255537811,1.36352006196679,0.291699952873786,4.67439246572921,2.94825062638555e-06,0.00114615235161972,"gene-LOC140683599|LOC140683599"
145.322100248265,1.687591057177,0.478149897849513,3.5294184203886,0.000416474085515193,0.0190176610985731,"gene-LOC100224630|LOC100224630"
294.5614394072,1.02253677142026,0.268582499419231,3.80716083002928,0.000140571332895777,0.010459072224718,"gene-MEP1A|MEP1A"
106.38002177676,-0.97574563354841,0.221838460987406,-4.39845114866627,1.09026160195121e-05,0.0023761095276464,"gene-CD2AP|CD2AP"
239.10005390871,-0.675458287649597,0.24480899234969,-2.75912367910391,0.00579565958142729,0.0810153230507776,"gene-HPCAL1|HPCAL1"
1772.76213441025,-0.535765092820051,0.177313023185352,-3.02157779048184,0.0025146101869584,0.0533583794311865,"gene-YWHAQ|YWHAQ"
518.783326136932,0.927362895468036,0.291636455157157,3.17985930451767,0.0014734657397496,0.0393946676590302,"gene-COLEC11|COLEC11"
15913.8772058813,-0.515417857414613,0.172521446262326,-2.98755817656953,0.00281215767251029,0.0569190570902577,"gene-FBXO9|FBXO9"
87.976362786452,-1.6030961203682,0.460736384683254,-3.47942158175828,0.000502497408118618,0.0210726609865254,"gene-KCNQ5|KCNQ5"
750.325561410095,-0.700768019137925,0.245551887901131,-2.85384903829402,0.00431930508582583,0.0694177478821438,"gene-HTR1B|HTR1B"
2021.66191572252,-0.389453300405313,0.141644757657442,-2.74950733684884,0.00596849266849859,0.0830278515896361,"gene-PHIP|PHIP"
270.016163238584,-0.718695130203869,0.265544524910539,-2.70649575789972,0.00679974511306707,0.089077899550416,"gene-HMGN3|HMGN3"
731.029397623493,-0.78114078094477,0.262758948740143,-2.97284178023289,0.00295056505180899,0.0583432718339648,"gene-RNGTT|RNGTT"
2028.41891768798,-0.612027109289487,0.165931228625775,-3.68843836303891,0.000225634669278575,0.0132418077436877,"gene-CASP8AP2|CASP8AP2"
89.0809563563899,-0.74816013287589,0.282841669510606,-2.645155270687,0.00816534393444218,0.0983670914179366,"gene-GJA10|GJA10"
4205.46176393374,-0.603458983418494,0.164560305602734,-3.66709931175812,0.000245317535914713,0.0138593025901738,"gene-USP45|USP45"
711.876762014111,-0.798928459129419,0.221504278663373,-3.60683082038146,0.000309959607486956,0.0159801397637719,"gene-ASCC3|ASCC3"
18295.4370285575,0.75975660240685,0.269980954096602,2.81411185077522,0.00489122064142374,0.0737350510726554,"gene-LOC115494307|LOC115494307"
942.657354014178,-0.666138445127881,0.172010718254708,-3.87265661051125,0.000107655455635237,0.00884866327918427,"gene-FYN|FYN"
83.8212113352695,-1.17911548650459,0.246766263160946,-4.77826859879764,1.76811088850752e-06,0.000908303822153291,"gene-LOC140683524|LOC140683524"
2129.1643069572,-0.535452536808324,0.15314149028484,-3.49645635426685,0.000471481615952697,0.0202565014625006,"gene-HDAC2|HDAC2"
137.054852961569,3.45244795958247,1.28686722642916,2.68283152191422,0.00730017566097984,0.0926793704391297,"gene-CALHM6|CALHM6"
55.036800003745,-1.75656640894245,0.464942931419141,-3.77802583981844,0.000158076480542995,0.010922106982322,"gene-THEMIS|THEMIS"
14.7446438245862,-1.53571658080665,0.510159965979006,-3.01026478598645,0.00261020029990947,0.0548103957867122,"gene-SLC2A12|SLC2A12"
120.711497693589,2.10329500651759,0.504328136472978,4.17048912088665,3.03946565899548e-05,0.00397451582172645,"gene-PNLDC1|PNLDC1"
2609.87592040929,1.31052658036132,0.283015079409226,4.63058923608223,3.646265942862e-06,0.00131119723305317,"gene-MRPL18|MRPL18"
4450.59150769012,1.14585861640516,0.303608609064414,3.77413084542032,0.000160566475596188,0.0109459155686046,"gene-TCP1|TCP1"
23.8232988793034,2.9648327754585,0.535047780620548,5.54124861899228,3.00322468609937e-08,3.92712580771394e-05,"gene-MIR7644|MIR7644"
79.2122979878777,-1.0836378746694,0.407220086800154,-2.66106194118368,0.00778946259646306,0.0958220058296,"gene-MTHFD1L|MTHFD1L"
223.191169150655,0.581635656677183,0.217984676558507,2.66824102436885,0.00762495365089162,0.094467987350926,"gene-LOC140683712|LOC140683712"
2593.48386797261,0.633241394442972,0.197260957201245,3.21017095033632,0.00132656052850849,0.0371355300389192,"gene-LOC140683525|LOC140683525"
791.804628793009,-0.641143378943285,0.149472339159173,-4.28937810533983,1.79174117172442e-05,0.00311789393076144,"gene-HECA|HECA"
142.71285106318,-0.651571573744253,0.242655606712144,-2.6851700752878,0.00724929068470833,0.092523333814414,"gene-ABRACL|ABRACL"
156.641891873995,-1.31721051731402,0.312042782206856,-4.22124975299326,2.42951570028511e-05,0.00352991452857586,"gene-PDE7B|PDE7B"
5687.8098104502,-0.63173518439364,0.223405408997209,-2.8277524131098,0.00468760447226516,0.0725605476016902,"gene-ABCB10|ABCB10"
427.673620786209,-0.564464534398847,0.205566884067566,-2.7458923501186,0.00603465613616472,0.0834639364063398,"gene-GNPAT|GNPAT"
1981.1684254348,-0.553253129760881,0.129105109724264,-4.28529227807087,1.82499097667673e-05,0.00311789393076144,"gene-PSMB1|PSMB1"
96.1332865595574,0.926656041081144,0.296929135553221,3.12079863552175,0.00180361318011042,0.0437282010372975,"gene-LOC140683515|LOC140683515"
237.294299388996,1.17348776476779,0.285562996368242,4.10938314729875,3.96717394073135e-05,0.00479527982886384,"gene-LOC140683516|LOC140683516"
1807.73749781651,-0.426666706688276,0.112182928468872,-3.80331225536393,0.000142774206155444,0.010477878476224,"gene-MEMO1|MEMO1"
12.2529765544712,1.33476243919321,0.357452523647277,3.73409712029426,0.000188389792137356,0.0119374395158755,"gene-SULT6B1|SULT6B1"
118.803433831429,0.804949972480612,0.253848707742768,3.1709831404629,0.00151923960324041,0.0397322590054728,"gene-POLR1C|POLR1C"
152.756386837,1.29991460718164,0.316233546746182,4.11061577924553,3.94605354910077e-05,0.00479527982886384,"gene-LOC105759083|LOC105759083"
841.073287336368,0.942485707441823,0.33128460400511,2.84494267481047,0.00444194163561385,0.070308746535554,"gene-HSP90AB1|HSP90AB1"
1594.54121494432,-0.439992000158543,0.116628811539536,-3.77258410122264,0.00016156548023126,0.0109530473050217,"gene-RIN2|RIN2"
50.264764511344,-1.111712147697,0.310788829008643,-3.57706598156424,0.000347472488208162,0.0171754098638701,"gene-BCL2L11|BCL2L11"
161.173422423943,1.52228002161338,0.383993014094399,3.96434301077976,7.35983624326141e-05,0.00705759230153814,"gene-LOC121469771|LOC121469771"
2043.30470713085,0.897694995765831,0.279649287208261,3.21007432104519,0.00132700656562879,0.0371355300389192,"gene-AHSA2P|AHSA2P"
1114.75666411907,1.22291336659235,0.458786098114154,2.66554146173817,0.00768644528301148,0.0949843891330216,"gene-HAO1|HAO1"
228.159256557322,1.46587805246334,0.386713486337263,3.79060494203946,0.000150280820728011,0.0106484695830133,"gene-LOC121469778|LOC121469778"
2557.81815217515,-0.413898721782877,0.115915317643864,-3.57069911204084,0.000356029692109256,0.0174188132357127,"gene-FBXO11|FBXO11"
288.14611708384,0.742639414508773,0.275330931940227,2.69726110784384,0.00699124275579126,0.0907599601076729,"gene-TRMT61B|TRMT61B"
23352.2392453577,0.740570996542076,0.250665707594102,2.95441687516854,0.0031326053174584,0.0598398338463767,"gene-LBH|LBH"
573.005157456953,1.09253260815637,0.346325201047686,3.15464368417687,0.00160694229139175,0.0407785621784914,"gene-PTK7|PTK7"
498.481654483914,-0.708573013755425,0.24767087238565,-2.8609460891796,0.00422378869412959,0.068616474746159,"gene-COQ8A|COQ8A"
1642.85054313842,-0.579847584860906,0.217804977442083,-2.66223293733081,0.00776241398902639,0.0956765748227555,"gene-ENAH|ENAH"
9946.22056845698,0.683097638295945,0.253884879599213,2.69058023216781,0.00713278813165974,0.0917692526706562,"gene-DEGS1|DEGS1"
55055.82039453,-0.836941259181325,0.184894344929996,-4.52659198148113,5.99425152109896e-06,0.00173733931708661,"gene-EPAS1|EPAS1"
6127.22290737227,-0.469261275948849,0.125862695588233,-3.72835869878446,0.000192730923400545,0.0121589543955852,"gene-PPM1B|PPM1B"
344.689326434154,-0.681592670265374,0.235362726425248,-2.89592443382002,0.00378043420953969,0.0651230726587052,"gene-TRERF1|TRERF1"
5192.59186747368,-0.578704747942584,0.136605762939771,-4.2363128428025,2.2722014421222e-05,0.0034720120498325,"gene-SLC30A1|SLC30A1"
253.241441319879,-0.635251953507057,0.205033076193296,-3.09829011641112,0.00194640784267536,0.0453692844301344,"gene-INTS7|INTS7"
891.963530127367,-0.799516903228008,0.292697005179002,-2.73155136226644,0.00630369144988361,0.0855852948850648,"gene-PTPN14|PTPN14"
655.07968985369,-0.691627993811403,0.233460335894813,-2.9625074904502,0.00305144384887571,0.0591535961216014,"gene-DISP1|DISP1"
189.306593928262,-0.6897802784485,0.249627686824247,-2.76323627087947,0.00572313216852076,0.0806122927396281,"gene-SOCS5|SOCS5"
40.6302726604912,1.52254935253681,0.498138835510743,3.05647591394022,0.0022395547301887,0.049559623444668,"gene-LOC140683819|LOC140683819"
4318.28666473897,-0.333912572673255,0.0821789789130284,-4.0632358431545,4.83970860436774e-05,0.00531407393627676,"gene-ATL2|ATL2"
3253.72784286758,0.633609003076068,0.172389520925212,3.67544964262037,0.000237430872178443,0.013715685403272,"gene-LOC140680265|LOC140680265"
978.250479444408,0.730563040031167,0.207350900959222,3.52331741338728,0.000426180628170062,0.0192555817132971,"gene-LOC140683531|LOC140683531"
623.181354674199,-0.575677702566614,0.206691214584701,-2.78520644297005,0.00534936530399926,0.0775585306183758,"gene-LOC115494850|LOC115494850"
87005.4925166977,-1.18868675859658,0.195723692488586,-6.07329007276875,1.2531578970162e-09,6.00847439689366e-06,"gene-LOC115494853|LOC115494853"
362.971065654641,-1.36958255643057,0.383209675039319,-3.57397697824317,0.000351599857274344,0.0172607929932907,"gene-DOK1|DOK1"
1151.78154530236,-0.80615943161833,0.177882370484526,-4.53198048475781,5.84332492731414e-06,0.00173733931708661,"gene-SUCLG1|SUCLG1"
28.3828587949885,-1.83693333390582,0.648598758385826,-2.83215672271316,0.00462351810387437,0.0719747666732997,"gene-CD8B|CD8B"
33.3773129317603,-1.45403097300674,0.368915001066929,-3.94137123402838,8.10171238395116e-05,0.00749951001161646,"gene-CD8A|CD8A"
258.864511724511,-0.889487909171702,0.274506589176397,-3.240315330282,0.00119397582489728,0.0348360005381795,"gene-LOC100227664|LOC100227664"
20060.8566853705,-0.743226209403185,0.244572653424266,-3.03887699216271,0.00237461790630494,0.0514405180185093,"gene-TACC3|TACC3"
4323.58075270207,0.488824871010142,0.151192327604136,3.23313278362922,0.00122440637352205,0.0354271132339657,"gene-NELFA|NELFA"
1673.32260631834,-0.476354322804415,0.141301872362591,-3.37118195845313,0.000748464044434988,0.0269147670378822,"gene-MXD4|MXD4"
66286.4379141714,-0.485374134684627,0.152325996558839,-3.18641693243177,0.00144046846126799,0.039093770465809,"gene-KIAA0232|KIAA0232"
8258.06557599653,0.890901360404053,0.280058905805473,3.1811213353196,0.00146706171048555,0.0393946676590302,"gene-LOC115494818|LOC115494818"
161.662051950319,1.55482769369418,0.318352645336804,4.88397918619222,1.03966054240722e-06,0.0006271842230095,"gene-MSX1|MSX1"
1792.8168528891,0.563322570773467,0.16569061790091,3.39984591710773,0.000674238358622648,0.0253880747393407,"gene-ANAPC4|ANAPC4"
1059.10006813607,-0.344425674269807,0.100340634284828,-3.43256425200698,0.00059790219229112,0.02311888476859,"gene-RBPJ|RBPJ"
144.009048970138,-1.01712260257697,0.342168034625592,-2.972582180828,0.00295306142786396,0.0583432718339648,"gene-ARAP2|ARAP2"
86.8033853240599,-1.31319367010409,0.432089309179792,-3.03917186147661,0.00237229479771503,0.0514405180185093,"gene-TMEM156|TMEM156"
52.0217949653609,-1.13568891113861,0.339614859543442,-3.3440495291206,0.000825649956057518,0.0280760022882537,"gene-RHOH|RHOH"
79.7897302010113,-1.41345380660779,0.47289118361769,-2.98896206056253,0.0027992688819404,0.0569190570902577,"gene-OCIAD2|OCIAD2"
269.773463000813,0.508093888321364,0.188605364247243,2.69395247769996,0.00706102314712513,0.0912050370979945,"gene-SCFD2|SCFD2"
1597.70116497758,-0.314458043751285,0.111746881175955,-2.81402076229889,0.00489260682641408,0.0737350510726554,"gene-FIP1L1|FIP1L1"
264.015625466628,-0.835011162815324,0.221006220752683,-3.77822470323016,0.000157950331147856,0.010922106982322,"gene-PAICS|PAICS"
8301.77861125886,-0.464850794595608,0.158285662434921,-2.9367839603712,0.00331635047354292,0.0616730743423291,"gene-FBXO8|FBXO8"
42.1993840734744,1.11015897723846,0.413568991434092,2.68433804330656,0.00726735841564611,0.0926717051867497,"gene-FGB|FGB"
508.668398547188,0.661653010623173,0.213374862582881,3.10089484119136,0.0019293679604228,0.0451539125930752,"gene-LOC100219691|LOC100219691"
179.462096746048,0.849908714532009,0.252717889335263,3.36307301698177,0.000770799733991846,0.0274221043913471,"gene-SH3D19|SH3D19"
318.516962137117,-0.740263299056806,0.18796911959829,-3.93821762127113,8.20891265388381e-05,0.00749951001161646,"gene-MFHAS1|MFHAS1"
118.621390905948,1.1713786208496,0.414528204296805,2.8258116304455,0.00471609888578121,0.0727858008294817,"gene-ARHGEF38|ARHGEF38"
12524.5736105937,0.553690339984169,0.185092587449485,2.99142363081007,0.00277679983293596,0.0567350693138507,"gene-H2AZ1|H2AZ1"
4396.6307160876,-0.469319119939644,0.147740228803005,-3.17665082653573,0.00148986296084642,0.0395305369583466,"gene-DNAJB14|DNAJB14"
1856.92175317971,0.604467499125034,0.180526802601655,3.34835321079073,0.000812933322692249,0.0280413259319072,"gene-TRMT10A|TRMT10A"
30572.2710037883,0.570529510572615,0.172176480836466,3.3136320814601,0.000920925994122775,0.0301059079533227,"gene-HNRNPDL|HNRNPDL"
12.4243562300897,-3.04805053902398,1.15323405261533,-2.64304590391825,0.00821638950999915,0.0987339571527383,"gene-SMAD1|SMAD1"
4665.72239504379,-0.483278212421198,0.137614701358585,-3.5118211037781,0.000445047468331711,0.0197579098286522,"gene-ELF2|ELF2"
414.853859205912,0.530740756274245,0.177930642350378,2.98285190939242,0.00285576135971396,0.0572106843985036,"gene-ABRAXAS1|ABRAXAS1"
307.004098914028,1.39965555611443,0.412880155983137,3.38998020571276,0.000698976704745522,0.0259512947550597,"gene-LOC140684007|LOC140684007"
1046.54511950087,1.17819762959203,0.344976978016955,3.41529349687247,0.000637133195824923,0.0242447721924489,"gene-SCLT1|SCLT1"
18.0796857522971,-1.92929012759367,0.684928255629788,-2.81677695690872,0.00485081997572541,0.0736014710240869,"gene-TNIP3|TNIP3"
1563.13455842101,-0.5542710232607,0.178598459375432,-3.10344795357707,0.00191279875732161,0.0449570217733891,"gene-CCNG2|CCNG2"
2955.48078126542,0.899336202560656,0.286187993129749,3.14246657494441,0.00167530839844646,0.0416914117703355,"gene-FRAS1|FRAS1"
9051.62550205812,-0.718107078340247,0.169263014240659,-4.24255163812243,2.20992670228845e-05,0.00341801996620613,"gene-CNOT6L|CNOT6L"
72.7669500984264,-1.35221419840434,0.472734605245501,-2.86040874393384,0.00423095300514323,0.068616474746159,"gene-JCHAIN|JCHAIN"
205.421021089175,0.926929832592678,0.288456810843616,3.2134094177974,0.00131169165330001,0.0370348563450252,"gene-LOC121469956|LOC121469956"
988.42712897595,0.931325809724169,0.272381520888675,3.41919601111564,0.000628064659544641,0.0240268139970482,"gene-LOC121469938|LOC121469938"
1168.07988681046,1.22059566818756,0.394134948652919,3.09689783247928,0.00195557260474717,0.0453692844301344,"gene-ADAMTS3|ADAMTS3"
291.277373177473,-0.800269994662094,0.284833637890766,-2.80960493496557,0.00496023461671182,0.0743208486737321,"gene-LOC115495119|LOC115495119"
1566.37384800906,0.445909170058099,0.163774239457183,2.72270640081144,0.0064749572799582,0.0865574214822665,"gene-PAQR3|PAQR3"
51.1329566498386,-0.889519000518745,0.324669466594214,-2.73976795492908,0.00614825749923694,0.0842252722562135,"gene-CD40LG|CD40LG"
2485.80932355887,-0.595056342752904,0.222241914306077,-2.67751627595044,0.00741702488601599,0.0936668006676506,"gene-CHMP1B|CHMP1B"
396.328552811559,1.54558751129124,0.379908469412206,4.06831549105121,4.7354236738673e-05,0.00531407393627676,"gene-LOC115495219|LOC115495219"
487.74387085187,-1.3896194021252,0.353507946724665,-3.93094247244045,8.46135180784838e-05,0.00765459650340196,"gene-LOC100222691|LOC100222691"
1215.71022682435,-0.624738700938055,0.179622659754238,-3.47806174228147,0.000505053577154215,0.0210953360012809,"gene-OPHN1|OPHN1"
4140.46477250306,-0.700535193574225,0.218733700682722,-3.20268523500348,0.00136152706911544,0.0377344997344055,"gene-MSN|MSN"
523.797797458011,-0.791110794622905,0.258656528575368,-3.05853789571907,0.00222419946049434,0.0493717361724547,"gene-SLC9A6|SLC9A6"
799.132332719484,-0.571110854784916,0.149016758919463,-3.83252768967801,0.000126833318160889,0.00978554818071312,"gene-LOC100227536|LOC100227536"
954.009299079131,-0.698140944993441,0.198504877954736,-3.51699641936574,0.00043645966960874,0.0194970058622736,"gene-KIAA1210|KIAA1210"
64.4091847933137,-1.33786785596451,0.461673717515098,-2.89786445536778,0.00375712926723641,0.0647992174819287,"gene-SH2D1A|SH2D1A"
2949.19987760555,0.292472764262247,0.105060545276457,2.7838496696608,0.00537179252647674,0.0776305918974883,"gene-NXT2|NXT2"
620.084068432881,0.923576164692376,0.292153042899522,3.16127518483528,0.00157080022016288,0.0405229097083655,"gene-LOC105759170|LOC105759170"
368.67516582238,1.03153510358873,0.348155096510929,2.96286084542885,0.0030479432533465,0.0591535961216014,"gene-RBM11|RBM11"
235.374940308436,-0.997598236490319,0.279506037920537,-3.56914735693093,0.000358144947958108,0.0174381040934149,"gene-PIN4|PIN4"
295.871504718087,1.2152608640892,0.295541150533275,4.11198529171446,3.9227129540133e-05,0.00479527982886384,"gene-XPNPEP2|XPNPEP2"
27.9975147982645,0.951878245764079,0.341063265609454,2.79091400847038,0.00525594340481349,0.0773021369476864,"gene-LOC115495255|LOC115495255"
283.618933316471,0.612869220722903,0.196893887260526,3.11268790133625,0.00185391955987073,0.0441502962734777,"gene-MARS2|MARS2"
64.0232287111849,-1.31018174919424,0.373357333034336,-3.50918981166428,0.000449474006967359,0.0198478325559632,"gene-LOC100220779|LOC100220779"
783.248595272717,-0.934569189871961,0.294847099908925,-3.16967401124392,0.00152610047924519,0.0398370511909211,"gene-F8|F8"
242.593558766867,-1.1560605776376,0.34255649380098,-3.37480269257209,0.000738686310225662,0.0267638888823323,"gene-LOC115495280|LOC115495280"
394.435615099189,-0.773569812203868,0.231633500906923,-3.33962837489,0.000838905676848251,0.0282815601509546,"gene-DLG3|DLG3"
7605.90921227447,0.804951039232277,0.161755495577669,4.97634430507352,6.47963492109973e-07,0.000466015343525493,"gene-SLC7A3|SLC7A3"
477.763066818861,-0.586503944717391,0.20666856415275,-2.8378962573326,0.00454119398571645,0.0710778392715402,"gene-LOC105759175|LOC105759175"
1235.00359209344,0.480977007719528,0.176858775817344,2.7195540933534,0.00653700019839029,0.0871438469449916,"gene-LOC100224235|LOC100224235"
713.345115773862,0.940652610071485,0.249846839974664,3.76491697940575,0.000166604427784774,0.0110946207835935,"gene-LOC140684211|LOC140684211"
54.9864005560441,0.916136183372627,0.311283436174717,2.94309326134019,0.00324950510800971,0.0610991914687734,"gene-LOC121470038|LOC121470038"
2390.4397917032,0.832460123316948,0.202025258944421,4.12057446512649,3.77928890681926e-05,0.00468631824445589,"gene-LOC115495379|LOC115495379"
108.403675211264,-1.0073190422338,0.308291303373468,-3.26742607141768,0.00108530207762739,0.0331443420055041,"gene-BMAL1|BMAL1"
266.135893959252,1.01925612384444,0.386272707558148,2.63869567769296,0.00832256541711942,0.0996767535052837,"gene-LOC140684227|LOC140684227"
12208.9772010829,0.390594193369772,0.140079565102057,2.78837382943901,0.00529733772657044,0.0774559046933244,"gene-CAPRIN1|CAPRIN1"
1365.01428638219,1.02860073727256,0.222636819868541,4.62008367654511,3.83585311228426e-06,0.0013457295406609,"gene-NAT10|NAT10"
298.779959334822,-0.945771141920866,0.330028547637844,-2.86572524919483,0.00416055166699403,0.0680284432839298,"gene-PTPRCAP|PTPRCAP"
240.083159751506,-0.796607045113581,0.257126579428335,-3.09811240395553,0.00194757544220888,0.0453692844301344,"gene-CD5|CD5"
125.179995877336,-0.495539861101426,0.172581666317382,-2.87133547656282,0.00408741488364252,0.067734303786076,"gene-TMEM138|TMEM138"
24.3944794412989,1.32640034553166,0.47362309665254,2.80053982777942,0.00510172115540147,0.075730812279974,"gene-LOC121468017|LOC121468017"
280.172064920879,1.48062220153483,0.554742622556036,2.66902549278205,0.00760716761982452,0.0944102666467264,"gene-LOC115495436|LOC115495436"
3842.62103558097,-0.435813953383686,0.162530309959293,-2.68143187257096,0.0073307839528189,0.092985887457978,"gene-PSMD13|PSMD13"
202.090927561543,1.10097796337588,0.411829103286152,2.67338552470122,0.00750898995641737,0.094127482767303,"gene-LOC140684251|LOC140684251"
28.6207878305086,-1.09441917565008,0.329807600301235,-3.31835644372801,0.000905488537113552,0.0298044556472342,"gene-LOC140684386|LOC140684386"
14574.8148766888,-0.561071385689584,0.162503467480895,-3.45267331452819,0.000555060776397335,0.0219944744013754,"gene-PDE3B|PDE3B"
77.9854445818715,0.71736849806788,0.242477051812465,2.95850057853188,0.00309139661466007,0.059526973099425,"gene-LOC140684267|LOC140684267"
84.859963509381,1.8787002281798,0.444999051890121,4.22180726048757,2.42351303532571e-05,0.00352991452857586,"gene-IFITM10|IFITM10"
70.3201524263572,0.896455344037275,0.251992831747987,3.55746366997377,0.000374452869228691,0.0178924364484409,"gene-LOC115495691|LOC115495691"
387.738649353249,1.07732333720062,0.35904059548725,3.00056135919283,0.00269482453322299,0.0558154245952369,"gene-LOC100220042|LOC100220042"
20.3128737782306,-1.50230433495533,0.428231056148058,-3.50816297273852,0.000451212544897105,0.0198478325559632,"gene-PRR5L|PRR5L"
277.45223036038,-1.03597472710324,0.328279996326404,-3.15576562293239,0.00160077435444464,0.0407785621784914,"gene-CD82|CD82"
39.4949962780281,-1.95185530625253,0.670314738797669,-2.911849006563,0.00359296271797682,0.0633615383579994,"gene-TSPAN18|TSPAN18"
173.198294608382,-1.71730459335658,0.565269136547633,-3.03802999725931,0.00238130248877631,0.0515077518775314,"gene-TP53I11|TP53I11"
1185.74363764347,0.601260087761747,0.149936833021505,4.01008928656982,6.06957917005061e-05,0.00614822723816958,"gene-HARBI1|HARBI1"
141.273359176854,1.40589153972253,0.418180499693447,3.36192515134766,0.000774011011046088,0.0274221043913471,"gene-LOC100220978|LOC100220978"
41.7777804791862,-1.10318050568339,0.385301334977301,-2.86316294686178,0.00419434799322309,0.0682796557716733,"gene-CDAN1|CDAN1"
50.0102275039507,-1.38890901832208,0.518282976553583,-2.679827586771,0.00736600892926078,0.0933503721924996,"gene-LOC100224870|LOC100224870"
89.8384268666233,-0.822082474462053,0.226774960449717,-3.62510249293742,0.000288846873333826,0.0152749023015947,"gene-DPF3|DPF3"
87.2548919875772,1.52990576801069,0.428798791875063,3.56788730985148,0.000359871205523284,0.0174381040934149,"gene-RGS6|RGS6"
4081.95614186301,-0.538219379080178,0.184048451469988,-2.92433527574636,0.00345192724380638,0.0627718349872452,"gene-ACTN1|ACTN1"
872.650534163067,-0.634099683968034,0.201774814815701,-3.14261066004305,0.00167448404981194,0.0416914117703355,"gene-ZFP36L1|ZFP36L1"
429.273273243387,-0.547437287879204,0.202951326128284,-2.69738216705799,0.00698870135240608,0.0907599601076729,"gene-AVEN|AVEN"
154.842984797424,-0.718865670326283,0.249466717992731,-2.88160952334824,0.00395649705253539,0.0665617001212504,"gene-SCFD1|SCFD1"
2589.31110974783,-0.497268983049618,0.15243827675368,-3.26210052776403,0.00110589918073353,0.0333675360714478,"gene-BRMS1L|BRMS1L"
3571.82630236761,0.689870693995806,0.149535550315514,4.61342264458322,3.96091720025188e-06,0.00135651983353388,"gene-PNN|PNN"
1622.14566938229,-0.667262559075773,0.188825771545467,-3.5337472931501,0.000409712608750763,0.0189733497719936,"gene-DLST|DLST"
46111.7337299232,0.724440403110639,0.225600233438901,3.21116867685706,0.00132196314233464,0.0371355300389192,"gene-FOS|FOS"
1622.76929530382,0.484646746325804,0.172204355746974,2.81436984693878,0.00488729638218769,0.0737350510726554,"gene-CIPC|CIPC"
7428.93419136273,-0.559086402728998,0.191228096896134,-2.92366243142955,0.00345939681891312,0.0628282371758161,"gene-ANGEL1|ANGEL1"
873.643705477443,0.884091480788139,0.325383054147753,2.71707905349823,0.0065860874598034,0.0875547892992719,"gene-NOXRED1|NOXRED1"
377.145064870445,1.41876904486103,0.425748826034121,3.33240858953614,0.000860977492649433,0.0287338752999291,"gene-ISM2|ISM2"
20.3914098034182,1.14125863255056,0.430701303341831,2.64976823542321,0.00805470045365066,0.0977029126354079,"gene-LOC121470125|LOC121470125"
1137.27991578062,-0.479818093807088,0.168284264383604,-2.85123564918311,0.00435496812855345,0.0698348512386988,"gene-FOXN3|FOXN3"
163.948891570149,-0.747847842703227,0.231468701465747,-3.23088105634832,0.00123409283472781,0.0355735297289074,"gene-TTC7B|TTC7B"
147.001337499325,-0.79317758784347,0.297059387799346,-2.67009769904742,0.00758291794717075,0.0943694720666223,"gene-CCDC88C|CCDC88C"
47.0696510826651,-1.81848932104071,0.482357097284114,-3.77000635272005,0.000163243392103716,0.0109530473050217,"gene-TC2N|TC2N"
938.327128120793,-0.479686927771319,0.172691675231242,-2.77770730481939,0.00547439066957407,0.0780409988495352,"gene-RIN3|RIN3"
533.624585481802,-1.29851371580567,0.453964852516936,-2.86038381298964,0.00423128567156862,0.068616474746159,"gene-BCL11B|BCL11B"
1904.25746487447,0.372687505309037,0.133482329871836,2.79203626177993,0.00523774859978251,0.0771133836840038,"gene-CCNK|CCNK"
93.6772244189159,-0.842795768821656,0.255361740442679,-3.30039953268112,0.000965472746624701,0.030929532266035,"gene-WDR25|WDR25"
4385.8006306192,-0.355336198032143,0.116303436332837,-3.05525106769195,0.00224872190304178,0.0496098402658787,"gene-PPP2R5C|PPP2R5C"
40227.3123511552,2.64263674676254,0.586428660152142,4.50632263790952,6.59607700531966e-06,0.00175248756383221,"gene-HSP90AA1|HSP90AA1"
182.615556118052,-0.791366887120019,0.262771963154625,-3.01161081882373,0.00259865529419963,0.0548103957867122,"gene-TRAF3|TRAF3"
78.0306158137082,1.53067483242771,0.473507156365333,3.23263294303143,0.00122655049989675,0.0354271132339657,"gene-LOC115495610|LOC115495610"
60071.5919423734,0.554445654267524,0.188380296574257,2.94322529664863,0.00324811943665178,0.0610991914687734,"gene-EIF5|EIF5"
150.322479118152,1.2179376402533,0.294792618191397,4.13150657477639,3.60393381447617e-05,0.00458752070685178,"gene-LOC115495699|LOC115495699"
105.845960112435,0.960785427776971,0.2531367082408,3.79551995620884,0.000147334342410958,0.0105777994036553,"gene-XRCC3|XRCC3"
402.39655977706,0.682109654532561,0.129474668311426,5.26828655696478,1.37703031700884e-07,0.000152363108306578,"gene-LOC115495625|LOC115495625"
225210.023036058,1.24310041146118,0.26454899599639,4.69894208737856,2.61512590400347e-06,0.001106352088329,"gene-HSPA2|HSPA2"
386.740091055985,-0.687919044258231,0.217218823096033,-3.16694029759152,0.00154051941932023,0.039997890482856,"gene-PRKCH|PRKCH"
7815.97910534853,-0.276318787457588,0.0940224683255745,-2.93885910866295,0.00329422786208861,0.0615378877510162,"gene-ARID4A|ARID4A"
1216.76948389758,0.46038171757383,0.141022981655939,3.26458646787831,0.00109623997017425,0.0333526341469314,"gene-ATG14|ATG14"
1351.40526753163,-1.18036160179532,0.421809768587084,-2.79832685181551,0.00513681023674062,0.0760946224977107,"gene-ERO1A|ERO1A"
3271.11173675924,-0.7286926296574,0.176724174548038,-4.12333305005378,3.73429146528354e-05,0.00467078682057725,"gene-KLHDC2|KLHDC2"
1855.27126172829,0.600681106978237,0.199516860475581,3.01067842359996,0.00260664752371664,0.0548103957867122,"gene-LOC140684360|LOC140684360"
961.51781156127,0.73730791524903,0.251029825914678,2.93713271943881,0.00331262301042151,0.0616730743423291,"gene-LOC140684376|LOC140684376"
70.1288673992595,-2.91970081421257,1.00972648731946,-2.891575937523,0.00383314945882988,0.065482211182671,"gene-LOC140684473|LOC140684473"
52.3177184345263,1.53552856200125,0.540009951185537,2.84351901039999,0.00446183475874016,0.0704489914047403,"gene-LOC140684405|LOC140684405"
1949.07487911569,0.588015238804854,0.207229690559303,2.83750478620042,0.00454676651110904,0.0710877059736875,"gene-LOC100228351|LOC100228351"
224.464611510331,1.0669629410951,0.373523667122823,2.85648015108037,0.00428366787188428,0.0691424171217982,"gene-LOC100220618|LOC100220618"
8450.56107727117,0.800911066371995,0.250597710011733,3.19600313320699,0.00139345598594716,0.0384711533625029,"gene-DDIT4|DDIT4"
498.749790928358,0.551617928672058,0.167544115893312,3.29237422472846,0.000993453229249331,0.031544881345524,"gene-LOC140684418|LOC140684418"
88.0276589161996,-0.899764910208647,0.31587392329635,-2.84849379403977,0.00439267100697782,0.0701498104205457,"gene-CCSER2|CCSER2"
20890.3442041966,-0.360609517115141,0.1312545605342,-2.7474056188789,0.00600687947110735,0.0833050282288473,"gene-WAPL|WAPL"
19.0307237114691,1.52547692138854,0.475304667806397,3.20947178665181,0.00132979096450759,0.037141190744616,"gene-LOC115495887|LOC115495887"
64.1961911702128,-1.00690110743412,0.380142619473052,-2.6487456440161,0.00807911118934211,0.0977029126354079,"gene-COMTD1|COMTD1"
1414.05476023651,-0.781033685929641,0.26041626699136,-2.99917395696158,0.00270712693715741,0.0558670213257851,"gene-PDLIM1|PDLIM1"
322.97716290969,-0.731265802479553,0.225093197377907,-3.24872457718853,0.00115923661370941,0.0341689742860577,"gene-PIK3AP1|PIK3AP1"
42.5576012456134,-1.555625357185,0.479682646560707,-3.24303030000926,0.00118265633137921,0.0347169972868541,"gene-SCD|SCD"
242.491083816619,-0.674057674561003,0.184192516106568,-3.6595280243146,0.000252680210052622,0.0139790466976804,"gene-MAPK8|MAPK8"
225.351840527736,-0.598945667986858,0.213267281958718,-2.80842735222178,0.00497841134830366,0.0744381172910601,"gene-ARHGAP22|ARHGAP22"
461.782943010727,-1.10964855270492,0.378967644157558,-2.92808256802941,0.00341059460204343,0.0621774306157068,"gene-WDFY4|WDFY4"
333.419987043921,-0.704194291292237,0.251126199297613,-2.80414506037933,0.00504502012740785,0.0751217075700151,"gene-TMEM273|TMEM273"
3074.79142341426,-0.674593061573512,0.19321599896003,-3.49139338980445,0.000480508186986475,0.0205703266714686,"gene-MYOF|MYOF"
6203.99430578871,0.718367692507666,0.242358520866556,2.96407029527633,0.00303598925404432,0.0590929220976637,"gene-LOC101234170|LOC101234170"
19.052195350764,1.61980901531686,0.458645875753317,3.53172044261023,0.0004128655783255,0.0189733497719936,"gene-GOLGA7B|GOLGA7B"
269.802640614387,-0.640430329413352,0.22230668643032,-2.88084150637588,0.00396615026179082,0.0665683843239197,"gene-LOC140684451|LOC140684451"
274.150759369216,0.747131732997302,0.267204408575921,2.79610556195228,0.00517225034292705,0.0764621263439494,"gene-LOC121470213|LOC121470213"
440.684242419513,-0.735918410456984,0.257483420417143,-2.85811959956388,0.00426159733967375,0.0689958720462942,"gene-FBXW4|FBXW4"
4036.60957285739,-0.371420807861688,0.0961816735751846,-3.86165881768891,0.000112619766354731,0.00899957066248025,"gene-ACTR1A|ACTR1A"
98.9937789929498,1.26243511813314,0.357831163806274,3.52801892575408,0.000418682220630707,0.0190579907011142,"gene-LOC140684465|LOC140684465"
659.721074632052,-0.674172369735522,0.18668408744629,-3.61130066819157,0.000304665202897773,0.0159356519217511,"gene-FAM53B|FAM53B"
89.8770870329998,1.39838558381009,0.328697096723215,4.25432897871812,2.09676842598398e-05,0.00331427659773116,"gene-LOC121469000|LOC121469000"
379.589766046153,0.756821148567441,0.207531710369435,3.6467735326818,0.000265553772605937,0.0143489114640876,"gene-TRAF3IP1|TRAF3IP1"
481.071060503835,0.493641997245254,0.183619816582439,2.68839173479746,0.00717971136431945,0.0922563586252613,"gene-LMLN|LMLN"
105.210917904929,-0.695285805245921,0.24735390054715,-2.81089485028512,0.0049403928579046,0.0741957999477988,"gene-SNX4|SNX4"
2225.30194266395,-0.487881310908866,0.172549122426588,-2.82749227609916,0.00469141471562652,0.0725605476016902,"gene-MYLK|MYLK"
12707.0100091425,-0.681861946527057,0.220338253094769,-3.09461447093249,0.00197068872038412,0.0456463551594287,"gene-PTPN4|PTPN4"
72.5396389213079,-1.11712416193946,0.401319115153741,-2.78363058164199,0.0053754219639807,0.0776305918974883,"gene-PECR|PECR"
170.898612551953,0.925756356006525,0.29483383918311,3.13992572416891,0.00168990675069271,0.0419096874171792,"gene-NHEJ1|NHEJ1"
147.07095377287,-2.51383916650265,0.941703061038275,-2.66946054495248,0.00759731984518553,0.0943694720666223,"gene-OBSL1|OBSL1"
5250.09815676569,-0.350259553790432,0.112353723394809,-3.11747170638597,0.00182409454702373,0.0437296266073157,"gene-UBR3|UBR3"
250.040235109756,0.921918809327572,0.314090138014565,2.9352045726594,0.00333327850306389,0.0616730743423291,"gene-LOC140684521|LOC140684521"
1671.17717263197,-0.505120082079697,0.181377516564788,-2.78491012362753,0.00535425618075968,0.0775585306183758,"gene-OLA1|OLA1"
1342.9681950914,-1.01692600941447,0.380535137158077,-2.67235771447837,0.00753203091387415,0.094127482767303,"gene-ITGA4|ITGA4"
631.889410376115,-1.00046831899241,0.320581065164603,-3.12079666488948,0.00180362524898008,0.0437282010372975,"gene-ABI2|ABI2"
55.0608188021874,-1.00683215096702,0.350489055873322,-2.87264932840278,0.00407045658301589,0.0676090617668598,"gene-RAPH1|RAPH1"
46.4966285679736,-1.77025968819072,0.397795130603761,-4.45017938129075,8.57985949326111e-06,0.00205687831585113,"gene-ICOS|ICOS"
18.9856815682083,1.003048050278,0.32196541031883,3.11539071630311,0.00183701404359671,0.0439216799656772,"gene-LOC115496089|LOC115496089"
221.158021924619,-0.681727924523435,0.228659608183076,-2.98140948434412,0.00286924852646731,0.0573212094509803,"gene-TMEM237|TMEM237"
79.6101572681679,1.55373845585441,0.399494961099486,3.88925670446061,0.000100551715392185,0.00838137583853814,"gene-TYW5|TYW5"
33.7627055928473,1.23926072230876,0.468477439413114,2.64529434728221,0.00816198834873296,0.0983670914179366,"gene-COQ10B|COQ10B"
663.587924647152,-0.783417540446667,0.287869420859063,-2.72143369069484,0.00649994239549047,0.0868107441195311,"gene-ANKRD44|ANKRD44"
1040.82525755367,1.33136075735175,0.335052982879669,3.9735827626698,7.0799541482262e-05,0.00688095003162741,"gene-LOC115496003|LOC115496003"
4871.20105414829,0.921391808452677,0.251434065395375,3.66454643687125,0.000247777283560682,0.0138593025901738,"gene-HSPE1|HSPE1"
11163.2481973792,0.707124686731038,0.202136494843908,3.49825343155913,0.000468315893055989,0.0202565014625006,"gene-HSPD1|HSPD1"
10655.3624363225,-0.49101242582397,0.162020712588785,-3.03055342726569,0.00244105995098049,0.0524846133556105,"gene-MFSD6|MFSD6"
671.519258357617,0.738707532722192,0.225665794640294,3.27345814149493,0.001062401249144,0.0326641626995483,"gene-DDX18|DDX18"
4641.57702574634,-0.549549067547888,0.147831126555758,-3.71741107811021,0.000201274795740533,0.012479037335913,"gene-ACTR3|ACTR3"
316.476587477447,-0.707919948388827,0.202108367316064,-3.50267511330571,0.000460610903281044,0.0201994732707151,"gene-DARS1|DARS1"
68.382884768281,1.68850115908296,0.284673661528244,5.93135715477996,3.00440878881002e-09,1.08038540045608e-05,"gene-LOC121470289|LOC121470289"
2853.49593683265,-0.321972671499045,0.121472965075721,-2.65057061296183,0.00803559279819432,0.0977029126354079,"gene-MMADHC|MMADHC"
275.696187805091,0.694006326941518,0.222197048120972,3.12338229877688,0.00178785357267804,0.0436612661959268,"gene-LOC115496148|LOC115496148"
647.220867492703,1.38672499430643,0.324345823112516,4.27545198824829,1.90749906776284e-05,0.00311789393076144,"gene-LOC121470339|LOC121470339"
8.85601738961329,1.4737772159544,0.473092580528503,3.11519832821731,0.00183821269044339,0.0439216799656772,"gene-LOC115496316|LOC115496316"
568.991743477902,1.20685011240231,0.417607870923092,2.88991227520365,0.00385349344644181,0.0656737556085533,"gene-CRYZ|CRYZ"
235.807951857691,0.649559030347075,0.224516912211712,2.89314076141651,0.00381410322169138,0.0653487533504502,"gene-TYW3|TYW3"
463.715177903026,1.92954476674521,0.698355967514354,2.76298171205295,0.00572759755143909,0.0806122927396281,"gene-ERICH3|ERICH3"
159.573066289938,1.20550006263341,0.420498319631997,2.86683681325628,0.00414596731882089,0.0680284432839298,"gene-AK4|AK4"
994.567234294344,-1.3012419618708,0.310656423847537,-4.18868519039354,2.80575297548032e-05,0.00377177110273915,"gene-NFIA|NFIA"
1997.56544330673,1.13510235780592,0.410819560740887,2.76301925779491,0.00572693873953851,0.0806122927396281,"gene-JUN|JUN"
51.7570286614831,2.69056066738642,0.639667667455602,4.20618518689343,2.59717441526072e-05,0.00362696667855439,"gene-TMEM205|TMEM205"
492.729429336521,1.33759623744749,0.435307809180529,3.07275957204978,0.00212089289598459,0.0479970619897419,"gene-ACOT11|ACOT11"
807.728744883811,0.726606374132073,0.263020201582422,2.7625496815855,0.00573518327243258,0.0806300137072701,"gene-NDC1|NDC1"
2070.67319133369,-0.617788605102179,0.184101528246796,-3.35569514813592,0.000791657813291099,0.0277754140761781,"gene-EPS15|EPS15"
2538.4486524973,0.568254038921954,0.193945775488315,2.92996347814852,0.00339001844718301,0.0621100802801635,"gene-LOC115496227|LOC115496227"
718.974066576847,-0.519961045208538,0.195623834687676,-2.65796366807084,0.007861436749738,0.0962373669857288,"gene-CMPK1|CMPK1"
790.969986961856,-0.916329313412216,0.335210739442266,-2.73359175465808,0.00626476657414905,0.0852925188688676,"gene-ATPAF1|ATPAF1"
2287.18888387584,1.69824143390734,0.436276375192231,3.8925816992934,9.91830823779812e-05,0.00838137583853814,"gene-LOC100225066|LOC100225066"
3087.22131877682,-0.662855202040767,0.211885185781354,-3.12836973286454,0.00175778910043456,0.0431468232434313,"gene-UROD|UROD"
1285.456609425,-0.386411042130021,0.144370772689494,-2.67651848730557,0.00743914615067307,0.0937814883709741,"gene-EIF2B3|EIF2B3"
8.55517164274362,1.66883689986364,0.548527347798429,3.04239507211754,0.00234703628070233,0.0510009442699123,"gene-LOC115496321|LOC115496321"
71.7440252614152,1.11924401902055,0.341036213019068,3.28189199942229,0.0010311309049516,0.0321598719675808,"gene-LOC115496314|LOC115496314"
47.580379433244,1.19297168759004,0.356515867497971,3.34619520853956,0.000819286953937038,0.0280760022882537,"gene-LOC115496315|LOC115496315"
8150.69698348017,0.541821806899478,0.185835546860236,2.91559831288346,0.00355007238884759,0.0632992959340412,"gene-DMAP1|DMAP1"
602.52471474776,0.946352934088198,0.306664085013029,3.0859594596739,0.0020289648365165,0.0464723410962633,"gene-DPH2|DPH2"
1285.98700061735,-0.512400735930882,0.180518251199204,-2.83849822678285,0.00453263712265341,0.071021189947981,"gene-ZZZ3|ZZZ3"
46.0045413843644,1.25660099175316,0.320511822766006,3.92060729900301,8.83260971945618e-05,0.00792179726000865,"gene-NEXN|NEXN"
5176.35738673668,0.980767873929085,0.267396823673338,3.66783666483349,0.000244611355793378,0.0138593025901738,"gene-FUBP1|FUBP1"
3744.18970456569,-0.405956506771554,0.093524175926974,-4.34065847410979,1.4205637242645e-05,0.00268768289789029,"gene-PRKACB|PRKACB"
40.5596577584975,-1.46867462787798,0.409991173000935,-3.58221036108656,0.000340699265521257,0.0169571565233832,"gene-KYAT3|KYAT3"
112.874703303259,-0.72204741111918,0.255759361215738,-2.82315144863894,0.00475541020384827,0.0730008755305801,"gene-CCDC18|CCDC18"
3264.35185518444,-0.624588831395679,0.2001122296307,-3.12119270545501,0.00180120124323991,0.0437282010372975,"gene-PTPRC|PTPRC"
483.675003006134,-0.792165564518869,0.269238685064881,-2.94224273279292,0.00325844406919827,0.0611872839312636,"gene-DENND1B|DENND1B"
25.7906165965102,1.31463135614488,0.416647681755099,3.15525902030004,0.00160355673442883,0.0407785621784914,"gene-MIR2989-2|MIR2989-2"
13.342772802241,1.33123598804861,0.461645574376787,2.88367540368116,0.00393063678065412,0.0665002056329834,"gene-LOC115496323|LOC115496323"
36.991415926441,1.67141470065865,0.384106256253526,4.35143836750069,1.35247341093604e-05,0.00268768289789029,"gene-LOC115496322|LOC115496322"
64.969895661895,3.64493239448835,0.730379818509732,4.99046154085347,6.02351931059786e-07,0.000456012114545472,"gene-LOC115496319|LOC115496319"
51.9345757733959,1.17199330986934,0.289967775701657,4.04180535934855,5.30412520499088e-05,0.00577988916277188,"gene-LOC115496311|LOC115496311"
683.771507485567,1.26421274534587,0.224274861692509,5.63689009015714,1.73148543645778e-08,3.69871306412445e-05,"gene-HEBP2|HEBP2"
130.15078139721,-0.774876579276381,0.220197241329459,-3.51901129459206,0.000433158266531924,0.0194098084292685,"gene-NIBAN1|NIBAN1"
17.9897882582769,2.23112930023106,0.579568141617469,3.84964103445091,0.000118291056781875,0.00940054453453308,"gene-LOC140684620|LOC140684620"
47.0923179908164,-2.40696294065543,0.750497874385712,-3.20715490716819,0.00134054789204437,0.0373690714712523,"gene-LOC121470309|LOC121470309"
42.4961933502909,2.54630574888369,0.856833928286824,2.97176111358573,0.00296096971904855,0.0583432718339648,"gene-LOC140684618|LOC140684618"
855.716000937552,0.971701768458775,0.286361879556478,3.3932650880898,0.000690647671401726,0.0257729828494509,"gene-HSD17B7|HSD17B7"
821.673400860252,1.37809419887462,0.336193255860761,4.09911315843103,4.14736238828587e-05,0.00485005370675642,"gene-DDR2|DDR2"
1142.26677973124,0.821231285573383,0.21648469771297,3.79348422428558,0.000148548072826638,0.0105777994036553,"gene-UAP1|UAP1"
786.006855867132,0.997947051694863,0.248271545592414,4.01957884184275,5.83022692224859e-05,0.00594765844323573,"gene-LOC140684632|LOC140684632"
2681.82370183312,-0.813349562051108,0.28090032421579,-2.89550951684302,0.00378543551387027,0.0651312253965431,"gene-RALGPS2|RALGPS2"
613.43019260569,-1.49982380323605,0.42378076955626,-3.53915021865318,0.000401417354394868,0.0186860428013456,"gene-KIAA0040|KIAA0040"
9358.89791714532,-0.337262334966855,0.124639032415898,-2.7059126537622,0.00681169598127395,0.0891532620515419,"gene-COPB2|COPB2"
62.8080014463724,-1.60191764297691,0.462508494311266,-3.46354210285882,0.00053311315810245,0.0217247972650182,"gene-LOC105759491|LOC105759491"
327.832034223841,-0.785494844030914,0.277667497409371,-2.82890453999678,0.00467076285520798,0.0723968242557237,"gene-KLHL6|KLHL6"
2532.23868040092,-0.637258827524531,0.213963476809294,-2.97835330135583,0.00289801720323661,0.0578156441766372,"gene-BOK|BOK"
371.840466997909,0.75485499715522,0.272618444520331,2.76890655173159,0.00562447647354036,0.0797068665964577,"gene-SENP2|SENP2"
4010.56624227325,-0.579862203311888,0.208182805199919,-2.78535108965912,0.00534697931457281,0.0775585306183758,"gene-ATP1B3|ATP1B3"
1308.1556581844,-0.704524032019741,0.175078546756992,-4.02404546456292,5.7206865904268e-05,0.00593660266090799,"gene-TFDP2|TFDP2"
9711.94570607628,-0.501005615097981,0.179782203697815,-2.78673642214382,0.00532417648267846,0.0775131118692783,"gene-XRN1|XRN1"
17.2778492758631,-1.64679416788055,0.616850246423878,-2.66968227284931,0.00759230524423826,0.0943694720666223,"gene-PLOD2|PLOD2"
354.982804377432,-1.49205208762793,0.398392950139747,-3.74517693424182,0.000180266685388514,0.0115756964403053,"gene-CCDC50|CCDC50"
305504.925028604,-0.698805849798094,0.201137071747932,-3.47427673936632,0.000512232439365898,0.0212328001897874,"gene-TFRC|TFRC"
326.5395409046,0.831243191414335,0.300583790871161,2.76542919698098,0.00568479444742156,0.0803242468877325,"gene-LOC115496371|LOC115496371"
170.27582106966,0.771195545372894,0.284395823843072,2.71169785460153,0.00669395785504082,0.0882547110787417,"gene-ARMC9|ARMC9"
349.739851191171,0.935432697312588,0.331860821884765,2.81875001694959,0.00482110488043221,0.0733052564483476,"gene-LOC121470407|LOC121470407"
43.8390627442167,1.14183535661684,0.41092317678938,2.77870760549019,0.005457562630291,0.0780409988495352,"gene-CHRD|CHRD"
75.5524946721511,1.47809331676606,0.40944093103949,3.61002822315168,0.000306163690218791,0.0159471494933349,"gene-LOC115496482|LOC115496482"
86.7677247639595,1.45173249594076,0.378865983329218,3.83178369085531,0.000127217568812107,0.00978554818071312,"gene-LOC115496474|LOC115496474"
407.326146177229,-0.669190249144577,0.241251360316927,-2.77382995173778,0.00554006283098332,0.0787433436372175,"gene-ATP11B|ATP11B"
5917.28216263854,-0.498539217105521,0.131026834779447,-3.80486346895805,0.00014188242932344,0.0104658300686582,"gene-GNB4|GNB4"
148.563756924028,-0.90661769276476,0.211691588160059,-4.2827289484893,1.84615012648487e-05,0.00311789393076144,"gene-SKIL|SKIL"
1405.84514709411,0.822865012176455,0.302016177384255,2.72457263482785,0.00643847665664465,0.0863731582204018,"gene-LEKR1|LEKR1"
28558.6559257519,0.65581609873234,0.237596661357827,2.76020755083197,0.00577646502612291,0.0809042579705471,"gene-MFSD1|MFSD1"
7544.71643747078,0.543930592547517,0.157644847719785,3.45035439099386,0.000559851088266792,0.0220326944702801,"gene-CCNL1|CCNL1"
505.572478648484,-0.55558478089732,0.192041205013944,-2.89304985800823,0.00381520729451558,0.0653487533504502,"gene-PFN2|PFN2"
2844.07416643622,0.576531109333494,0.204165789490545,2.82383797389422,0.00474523666005446,0.0730005177735009,"gene-COMMD2|COMMD2"
392.651541482845,-0.907293292680416,0.283780963051056,-3.19716052453166,0.00138787667456191,0.0383908040132665,"gene-TBC1D2B|TBC1D2B"
5613.13626107424,1.10027238103311,0.348243785150952,3.15948892111938,0.001580461091935,0.0405229097083655,"gene-ACSBG1|ACSBG1"
71085.3700624767,1.1521509799919,0.330120247996481,3.49009485781127,0.000482849125290498,0.0206092042082449,"gene-DNAJA4|DNAJA4"
431.926427086407,0.956413442247451,0.226931918183812,4.21453910010477,2.50288790399118e-05,0.00356450887237715,"gene-SKIC8|SKIC8"
6460.3893107841,-0.543471053574154,0.162437795289948,-3.34571798763994,0.000820698203393857,0.0280760022882537,"gene-PSMA4|PSMA4"
4190.90554899427,0.394984781858815,0.138780927898298,2.84610275951079,0.00442579102953066,0.070308746535554,"gene-TSPAN3|TSPAN3"
252.558527315887,-1.63851347814432,0.447334408422061,-3.66283801848387,0.000249436280374,0.0138593025901738,"gene-PEAK1|PEAK1"
192.294901984154,-0.968146970697525,0.312964569014041,-3.09347148703625,0.00197829562023688,0.0456754481564805,"gene-LOC100229886|LOC100229886"
47.5397836543451,-1.16160077236452,0.331937308947298,-3.49945830448649,0.000466204511454485,0.0202565014625006,"gene-LOC140684806|LOC140684806"
189.048433939938,-0.878004015943377,0.257139983785159,-3.41449821618154,0.000638996119637097,0.0242515044455409,"gene-LOC140684789|LOC140684789"
21.3113050156754,1.6059647618636,0.526112764026806,3.05251054844541,0.00226935754856058,0.0499884211002992,"gene-RPP25|RPP25"
64.1047541345328,-1.11894702114394,0.404685595787605,-2.76497862239507,0.00569265263505101,0.0803563449485512,"gene-PML|PML"
30.8776328261324,1.41275856263183,0.477472719119658,2.95882572147076,0.00308813693227898,0.059526973099425,"gene-PATL2|PATL2"
233.106148791845,0.906125000941526,0.286000486923825,3.16826383999433,0.00153352281500764,0.0398882317740867,"gene-MYO1E|MYO1E"
3213.14272646853,1.02256539954233,0.259707394210103,3.9373749933168,8.23778213178115e-05,0.00749951001161646,"gene-CCNB2|CCNB2"
233.79628324884,1.38869972675717,0.473203746572994,2.93467610266048,0.00333896024224864,0.0616730743423291,"gene-MNS1|MNS1"
726.326788733585,-0.379565331284972,0.137488804446408,-2.76069991890083,0.00576776450565913,0.0809042579705471,"gene-PIGB|PIGB"
16.5209103186937,1.77002598130423,0.647545431637337,2.73343906824988,0.00626767188851454,0.0852925188688676,"gene-ONECUT1|ONECUT1"
2045.37805894909,-0.675982542171413,0.226226074532994,-2.98808412587658,0.0028073226975186,0.0569190570902577,"gene-DMXL2|DMXL2"
822.366758600603,-0.437170179793277,0.157323549541181,-2.77879682392269,0.00545606398078262,0.0780409988495352,"gene-COPS2|COPS2"
1832.49222355524,2.00457393899417,0.594330365763586,3.37282773095183,0.000744004856650161,0.0268214683159296,"gene-HDC|HDC"
62.8165125247509,-0.880982490678748,0.33081045158297,-2.66310355813468,0.00774235827171498,0.095550459871627,"gene-KIF7|KIF7"
222.728892664592,-0.634384953311989,0.198040281208797,-3.20331272728878,0.00135856366413265,0.0377250574225562,"gene-POLG|POLG"
2951.06424614903,0.457595190544818,0.17222115997456,2.65702072040632,0.00788345974778022,0.0963863358179339,"gene-ABHD2|ABHD2"
102.661218569959,1.53863774567257,0.378442521087476,4.0657105371014,4.78863419143155e-05,0.00531407393627676,"gene-LOC140684803|LOC140684803"
200.112512168974,0.608780258129502,0.226824975912525,2.68392074409071,0.00727643535354385,0.0926793704391297,"gene-LOC140684828|LOC140684828"
348.734471059053,1.10441888581986,0.279284716845876,3.95445514632057,7.67092602644045e-05,0.0072752290518377,"gene-LOC121470512|LOC121470512"
2627.25208977291,0.579797772112139,0.216914702846454,2.67292979454028,0.00751919848642418,0.094127482767303,"gene-FES|FES"
314.402623450883,1.2544607799552,0.341696241577695,3.67127473853107,0.000241343735813954,0.0138318534211981,"gene-LOC140684778|LOC140684778"
1345.114617132,0.506140617742095,0.171159956972945,2.95712050115846,0.00310526736750829,0.059714125420106,"gene-ZNRF1|ZNRF1"
29.2240278032156,1.62751907404244,0.438794437295474,3.70906952256212,0.000208022308475427,0.0126787834114854,"gene-IL34|IL34"
255.710984481719,0.956742405361435,0.235220329313316,4.06743077077766,4.75343237353059e-05,0.00531407393627676,"gene-MTSS2|MTSS2"
264.432738322148,0.802627138771426,0.240352007983988,3.33938187370956,0.000839650527325605,0.0282815601509546,"gene-MATCAP1|MATCAP1"
216.632065503978,-0.731201902197535,0.245031893977567,-2.98410909015982,0.00284405352527072,0.057135287580299,"gene-CDYL2|CDYL2"
1277.13604758834,-0.526908226814531,0.182466688723524,-2.88769545006053,0.00388075418744124,0.0660600807481122,"gene-PLCG2|PLCG2"
3585.01470198625,-0.553735613542225,0.188006844826511,-2.94529496547427,0.00322646912082401,0.0609537246674012,"gene-GSE1|GSE1"
1105.11221527655,0.54093338563922,0.199806683212733,2.70728374517529,0.00678362504935318,0.0890288893338469,"gene-FBXO31|FBXO31"
673.216690219066,0.540051267626143,0.197765342796581,2.73076798992852,0.00631869370205613,0.0855852948850648,"gene-KLHDC4|KLHDC4"
75.216303654769,1.11727941065449,0.287318347206313,3.88864624037466,0.000100804923530805,0.00838137583853814,"gene-DPEP1|DPEP1"
35.0255289463681,1.13903435709213,0.400476911050627,2.84419482287742,0.00445238146392549,0.0703769834913234,"gene-LOC115496872|LOC115496872"
201.715157873489,2.10270772229018,0.338416274467609,6.21337648609874,5.18579978266975e-10,4.7046586890066e-06,"gene-LOC140684873|LOC140684873"
7007.62482243411,0.937589036107296,0.277065488848723,3.38399791328475,0.000714385461069688,0.0262135726327204,"gene-RGS9BP|RGS9BP"
36.720833550346,-1.41024232883425,0.474444123618188,-2.97240972884123,0.00295472083670064,0.0583432718339648,"gene-NUDT7|NUDT7"
354.260637126811,0.982747646032434,0.325609375422508,3.01817981978322,0.00254297961914025,0.0538707199436131,"gene-LOC100225286|LOC100225286"
268.413744189908,0.953287069382787,0.334451226128133,2.85030221123355,0.00436777064372508,0.0699621524936988,"gene-LOC121470571|LOC121470571"
26.0162646059182,1.23305827873493,0.441268507203804,2.79434915160494,0.00520042967953596,0.0767210056517387,"gene-LOC140684844|LOC140684844"
1129.48998449068,1.03592244608652,0.272078770757543,3.80743577752216,0.000140415188073222,0.010459072224718,"gene-LOC115496914|LOC115496914"
277.850049997718,-0.77430086728735,0.286413317816925,-2.70343876880153,0.00686260906604552,0.0895751078094363,"gene-FGD5|FGD5"
404.944025624113,1.01253870658127,0.223644515506252,4.5274470705854,5.97005479582565e-06,0.00173733931708661,"gene-LOC105759267|LOC105759267"
3609.69974170668,1.15971565813652,0.300199682779088,3.8631475136832,0.000111935366760893,0.00899485092451777,"gene-PRKAR2A|PRKAR2A"
715.822509538172,0.56324794775734,0.178550797030805,3.15455297385295,0.00160744193236962,0.0407785621784914,"gene-SLC6A8|SLC6A8"
683.442709045941,0.702780074888285,0.252611205104679,2.78206215989928,0.00540146935239282,0.0778504360368921,"gene-LOC115496947|LOC115496947"
452.361855771799,1.33621407326049,0.240129207160586,5.56456288287706,2.6281034760913e-08,3.92712580771394e-05,"gene-CPNE9|CPNE9"
785.664207490409,0.962357021587521,0.295370329587514,3.2581370746732,0.00112146221598633,0.0336883160803136,"gene-CAMK1|CAMK1"
1195.11611861255,0.517638001284152,0.182271178390275,2.83993336662255,0.00451229581545527,0.0707795670768905,"gene-BRPF1|BRPF1"
143.942044754209,-1.34504862068579,0.413079123194712,-3.25615250241485,0.00112933075826654,0.03370185399773,"gene-PLXNA1|PLXNA1"
402.17146341505,1.28005283444678,0.423645238824802,3.0215206430684,0.00251508490366688,0.0533583794311865,"gene-MCM2|MCM2"
3486.91453030437,-0.319948971769697,0.100474351516521,-3.18438454133331,0.00145062166763902,0.0392951828009786,"gene-RPN1|RPN1"
2712.59081203395,-0.369400825118248,0.126468424355989,-2.92089370923482,0.00349028883238008,0.063071308091575,"gene-RAB7A|RAB7A"
3222.57659696835,-0.408836159103014,0.117598258573545,-3.47654943246742,0.000507910588428861,0.0211149881617362,"gene-COPG1|COPG1"
778.377398911411,0.415403611122825,0.156199575736548,2.65944135356334,0.00782703553192741,0.0959847346094894,"gene-HMCES|HMCES"
2789.04713336216,0.451656699867087,0.150535637409982,3.00033073654849,0.00269686596869366,0.0558154245952369,"gene-IP6K2|IP6K2"
129.109570038916,1.85329026321846,0.629114391597533,2.94587166971707,0.00322045982381848,0.0609537246674012,"gene-SEMA3B|SEMA3B"
98.8486525222955,0.727025592211089,0.261239669285125,2.7829831288662,0.00538616068608949,0.0777076582835619,"gene-RRP9|RRP9"
21.6989385614902,2.66810322877287,0.806633926215476,3.30770023682359,0.00094065438094637,0.030405331720298,"gene-LSMEM2|LSMEM2"
19.1497502451643,2.12133488160752,0.698601103378341,3.0365467093439,0.00239305028418291,0.0516841370685991,"gene-LOC115496949|LOC115496949"
61.2681379613904,1.5087002475389,0.390245786144866,3.86602572302688,0.000110623275540273,0.00895356488384548,"gene-SEMA3G|SEMA3G"
426.924337854819,0.350077880955499,0.124359093059349,2.81505656195505,0.00487686495646157,0.0737350510726554,"gene-IPPK|IPPK"
43.4156215485072,1.17102722783643,0.421324222493384,2.77939687613099,0.00544599423196714,0.0780409988495352,"gene-LOC100231670|LOC100231670"
77.8976420718196,1.56255324490286,0.503010551451051,3.10640252057399,0.00189378735705983,0.0446284390366786,"gene-DOCK3|DOCK3"
1425.89400072484,-0.606110453950027,0.222499405500476,-2.72409920640768,0.0064477135566544,0.0863731582204018,"gene-RAD54L2|RAD54L2"
87.1425000434675,-1.23844521811868,0.353799956872382,-3.50041087926246,0.000464541539047336,0.0202565014625006,"gene-LOC105759033|LOC105759033"
38.2800464709102,1.33797811819859,0.394942016106446,3.3877836837648,0.000704598105025299,0.0259907006807349,"gene-LOC100219184|LOC100219184"
423.170723799476,0.551588115749456,0.192484651960513,2.86562128528882,0.00416191810969537,0.0680284432839298,"gene-LOC100226935|LOC100226935"
386.188352950454,0.821289721587746,0.300842218076167,2.72996830976632,0.00633404140094021,0.0855852948850648,"gene-LOC100231678|LOC100231678"
135.273288047858,-1.3104428804483,0.446717557112341,-2.93349312017023,0.00335171082402766,0.0616770753218228,"gene-IQSEC1|IQSEC1"
42.7493242430025,-1.11409653612635,0.330683566545949,-3.36907136862981,0.000754218971853557,0.0270540790302782,"gene-LOC100232716|LOC100232716"
9958.36622182285,0.701984840252291,0.264264374904785,2.65637334016444,0.00789861160358201,0.0964462048437383,"gene-EGR1|EGR1"
197.381864294982,-0.730899813934115,0.25503641243081,-2.86586455231135,0.00415872138381072,0.0680284432839298,"gene-SEPTIN8|SEPTIN8"
584.510978394549,0.884498112786552,0.316165710184332,2.79757761292605,0.00514873954602385,0.0761928699897192,"gene-MEIKIN|MEIKIN"
3063.95735467925,-0.549639115422846,0.185291928779989,-2.96634137839579,0.00301365772281072,0.0588174391925501,"gene-CNOT6|CNOT6"
70.1033329148359,-0.981794178540734,0.353006086647632,-2.78123866889795,0.00541519096216818,0.0779163544662727,"gene-NDST1|NDST1"
1918.50779238679,-0.56040805955718,0.199461464682105,-2.8096056571646,0.00496022348755454,0.0743208486737321,"gene-TNIP1|TNIP1"
1136.98440611937,-0.818948352645869,0.274222787508195,-2.98643435174546,0.00282251432318944,0.0569190570902577,"gene-ANXA6|ANXA6"
250.923301054197,-1.16634236604169,0.343452821837867,-3.39593181910814,0.000683953942531885,0.025686667126315,"gene-CCDC69|CCDC69"
142.091684534541,1.15723869534617,0.408907150100165,2.83007693815747,0.00465368117139614,0.0722878509388359,"gene-FAT2|FAT2"
133.237144307807,-4.03573138282043,1.14621877401202,-3.52090846383059,0.000430071050390838,0.0193316937150682,"gene-SPARC|SPARC"
253.665397599571,-1.18012847845004,0.383270587202016,-3.07910003495263,0.00207626952207853,0.0472547749104132,"gene-ITK|ITK"
460.129219088252,-1.06135971851796,0.32080460561914,-3.30843042751701,0.00093820492369198,0.0303944586089762,"gene-CYFIP2|CYFIP2"
966.388782480514,0.861302227889819,0.270816512037166,3.18039037358112,0.00147076775842922,0.0393946676590302,"gene-ADAM19|ADAM19"
33.6282811681714,-1.5959165195014,0.559100648269666,-2.85443510831283,0.00431134384770328,0.0693907381168529,"gene-EBF1|EBF1"
389.661764847614,0.955706083803714,0.319236097755458,2.99372812323939,0.00275591400280551,0.0565993238010144,"gene-CPLX2|CPLX2"
99.9264422283023,1.07072992360385,0.364045269774313,2.94119993446871,0.00326943433404292,0.0613136159854932,"gene-DBN1|DBN1"
3404.61988821559,0.528707903242083,0.191803373299035,2.756509930708,0.0058421838648286,0.0815072480229821,"gene-PDLIM7|PDLIM7"
1350.06248591498,0.517061260686933,0.173990290421528,2.97178227264432,0.00296076567854027,0.0583432718339648,"gene-DOK3|DOK3"
148.182938680676,1.40621905354087,0.380378226437585,3.69689681428601,0.000218250999884518,0.0129724065385905,"gene-LOC140685002|LOC140685002"
19.6542446766717,1.10000120855996,0.381730150796113,2.88161992513785,0.00395636645895172,0.0665617001212504,"gene-HTR4|HTR4"
9195.51909194396,-0.26900726006273,0.0847061571019657,-3.17576985270281,0.00149439458679634,0.0395305369583466,"gene-CSNK1A1|CSNK1A1"
5109.90251478723,-0.562641086408266,0.210071923772299,-2.67832595762832,0.00739911739277249,0.0935227632492439,"gene-NR3C1|NR3C1"
122.862656702598,0.548930396109406,0.178179181586884,3.08077740182983,0.00206460935050523,0.0471386363455035,"gene-CDC23|CDC23"
1042.37389303989,0.670271633677354,0.166237914974729,4.03200216857416,5.530367671576e-05,0.00589250433984809,"gene-LOC100229617|LOC100229617"
487.588528891705,-0.946685995487632,0.29384026917512,-3.22177078773173,0.00127401010958488,0.0363598440798986,"gene-DOCK2|DOCK2"
793.865610632191,-0.619415289259295,0.213632017353474,-2.89944970296477,0.00373818315260523,0.0645860969957367,"gene-LCP2|LCP2"
871.651316228095,0.793867860070242,0.222023893528981,3.57559651554627,0.000349430229622449,0.0172130288455113,"gene-LOC140685016|LOC140685016"
86.6710506679523,0.769814709159648,0.288596952030609,2.66743880606889,0.00764318066290007,0.0946123155379988,"gene-PROB1|PROB1"
175.075861215367,-1.47016506436068,0.423832442840121,-3.46874121883884,0.00052290286915625,0.0214622009365237,"gene-MZB1|MZB1"
29.339566599081,1.14556400811356,0.309867683494642,3.69694572597586,0.000218208970587927,0.0129724065385905,"gene-LOC115497171|LOC115497171"
32.7630354695534,0.89601580773058,0.31596113366555,2.83584185603988,0.00457050714704042,0.0713812972888484,"gene-LOC115497170|LOC115497170"
11565.295371855,-0.501728293304448,0.119224397135671,-4.20826865438882,2.57334807927614e-05,0.00362696667855439,"gene-PDPK1|PDPK1"
590.839979190705,-0.533112581297547,0.20197931336512,-2.63944149732717,0.00830427547908257,0.0995405820759365,"gene-TMC7|TMC7"
150.989052077189,-0.826524827397555,0.238808436862451,-3.46103696442524,0.00053809892078872,0.0217416148219802,"gene-EEF2K|EEF2K"
254.418791444748,0.810539103821804,0.297141827462123,2.72778528268668,0.00637610965535051,0.085954977771848,"gene-BHLHA15|BHLHA15"
2777.12213766142,0.704329229598274,0.199935395829996,3.52278408069955,0.000427039110577153,0.0192555817132971,"gene-LOC100226089|LOC100226089"
71.9954322581511,2.18109674702329,0.683787586860407,3.18972849015546,0.00142406515366817,0.0387949870650813,"gene-LOC100226034|LOC100226034"
7.47126468170961,3.34224386175742,1.18522829925192,2.81991567689276,0.00480362705655508,0.073182960289487,"gene-LOC140685085|LOC140685085"
626.628633323671,-0.454930627773031,0.170277903323531,-2.67169502850087,0.00754692028385074,0.0942316852108585,"gene-PRPSAP2|PRPSAP2"
646.703357477604,0.597311674070821,0.217781533126864,2.74271039189934,0.00609344006354531,0.084034555967436,"gene-SHMT1|SHMT1"
324.25550838707,0.825697369087383,0.287805478415673,2.86894250113906,0.00411846660622042,0.0678917553673886,"gene-LOC100230856|LOC100230856"
76.6922327041165,1.10423847253477,0.291636098666577,3.78635730481785,0.000152871816406144,0.0107789617999313,"gene-RPUSD1|RPUSD1"
34.9009979321153,2.41216726202771,0.811975333458375,2.97073958115671,0.00297083581111627,0.0584575954953439,"gene-LOC115497277|LOC115497277"
4182.3967768643,0.856055813669965,0.320086727287558,2.6744495809753,0.00748520305769021,0.094127482767303,"gene-LOC121470738|LOC121470738"
220.606454452569,1.1006338805844,0.368446700899372,2.98722685777284,0.00281520734041696,0.0569190570902577,"gene-LOC140685124|LOC140685124"
112.692826768552,1.69435430431251,0.379370148300648,4.466229912665,7.96100546447143e-06,0.00194343546086364,"gene-MEIOB|MEIOB"
79.4605348155102,0.874743894327366,0.32219185062749,2.71497833549714,0.00662801061715947,0.0878591950033617,"gene-LOC140685123|LOC140685123"
342.682335559876,1.23482085591233,0.369980273922222,3.33753160086561,0.000845261094368467,0.0282815601509546,"gene-LOC140685068|LOC140685068"
209.85851544377,1.10628197447396,0.358382710521465,3.08687317215796,0.00202273878678641,0.0464527873034827,"gene-LOC115497309|LOC115497309"
533.997199537337,0.791456640121217,0.288610686526758,2.74229845625567,0.00610108780651677,0.0840594320008977,"gene-MLST8|MLST8"
1294.17147714118,0.752861776117895,0.280090977711137,2.68791869795369,0.00718989001800041,0.0922563586252613,"gene-SCNN1G|SCNN1G"
36569.3741782475,0.588217452570155,0.191805287966898,3.06674262636424,0.00216405101236106,0.0486370465028147,"gene-ARL6IP1|ARL6IP1"
794.057255601226,1.08198126050334,0.360574488097129,3.00071495965595,0.00269346566955918,0.0558154245952369,"gene-LOC140685094|LOC140685094"
2139.36095549862,1.11910465817056,0.294014109764054,3.80629575590313,0.000141063682674868,0.010459072224718,"gene-LOC121470715|LOC121470715"
127.758409792763,-0.98777167361121,0.332662334498428,-2.96929219564494,0.00298486620900986,0.0584936179160734,"gene-CARHSP1|CARHSP1"
1520.91242621121,-0.549109105736593,0.167057597458049,-3.28694482676541,0.00101280674988462,0.0318083237780358,"gene-MGRN1|MGRN1"
243.41116446413,-1.26893808320202,0.387656004984137,-3.27336109046976,0.00106276613900088,0.0326641626995483,"gene-TRAP1|TRAP1"
146.643242255405,0.690212627245833,0.261623236049114,2.63819314243274,0.00833490953993786,0.0997000134866577,"gene-GLIS2|GLIS2"
74.2496498322812,1.33015877356704,0.411357854530219,3.23358058906185,0.00122248839873354,0.0354271132339657,"gene-CCDC78|CCDC78"
356.122429807618,0.76886774224285,0.264646660795244,2.90526145288385,0.0036694643990109,0.0638229454841268,"gene-IGFALS|IGFALS"
3544.59568492766,-0.460337519028476,0.173003459757769,-2.66085730119512,0.00779419819387041,0.0958220058296,"gene-NDUFB6|NDUFB6"
480.528559838235,0.86075945944159,0.218592375858576,3.93773779190946,8.22534045858572e-05,0.00749951001161646,"gene-PPL|PPL"
225.13726322873,-0.76588587575942,0.257234086424853,-2.97738875280498,0.00290715127155499,0.0578579281341857,"gene-TBC1D24|TBC1D24"
10087.1663560886,-0.347239252926607,0.130059793047861,-2.66984319126839,0.00758866776962231,0.0943694720666223,"gene-GLYR1|GLYR1"
1139.36024629109,0.774614173757751,0.254608831608122,3.04236961799499,0.00234723478216643,0.0510009442699123,"gene-LOC115497326|LOC115497326"
2203.15537547912,1.0695707895966,0.326873105824943,3.27212845148969,0.00106741068095295,0.0327369621211667,"gene-SCARF2|SCARF2"
585.62733017651,0.689802745388349,0.147415336735314,4.67931465385382,2.87835424783131e-06,0.00114615235161972,"gene-C15H22orf15|C15H22orf15"
461.635991878498,-0.738374740945594,0.238034741015912,-3.1019620824854,0.00192242580592525,0.0451095804117925,"gene-DDT|DDT"
164.622173441892,0.739695128287002,0.20019624483769,3.69485016508033,0.000220016492285108,0.0130235276750165,"gene-LOC140685149|LOC140685149"
2972.46893479156,-0.561965829446849,0.199929636515776,-2.81081804198902,0.00494157232689038,0.0741957999477988,"gene-KLHL22|KLHL22"
284.93650992053,-0.698625782409407,0.262950779012101,-2.65686903470727,0.00788700759578061,0.0963863358179339,"gene-SPECC1L|SPECC1L"
117.618349046736,-1.12493686328618,0.344867524252506,-3.26193910465898,0.00110652910915466,0.0333675360714478,"gene-BCR|BCR"
1779.18876275936,-0.543411585874031,0.14590321722175,-3.72446609623508,0.00019572901320363,0.0122181441951973,"gene-YWHAH|YWHAH"
1752.85119597764,0.470181838430673,0.173655062862126,2.70756193733307,0.00677794220691376,0.0890288893338469,"gene-C15H12orf43|C15H12orf43"
46.21500553629,-1.17153402358685,0.355450941005087,-3.29590919150242,0.000981037201987093,0.0312195555605804,"gene-MSI1|MSI1"
399.931506117917,0.724755853884908,0.266939497604849,2.71505663413575,0.00662644374889126,0.0878591950033617,"gene-TRIAP1|TRIAP1"
46.7477507421536,1.48616004289593,0.471973400439411,3.1488216105236,0.00163930231103977,0.0411050511897936,"gene-VSIG10|VSIG10"
2668.41011785267,-0.52882550782774,0.169291874951443,-3.12375007943777,0.00178562053564283,0.0436612661959268,"gene-TPCN1|TPCN1"
417.4518222727,-1.29608502370412,0.422621048200064,-3.06677821472482,0.00216379339566069,0.0486370465028147,"gene-LOC101234199|LOC101234199"
1136.36902297225,-0.529420665075294,0.140167866071079,-3.7770473355628,0.000158698578928344,0.010922106982322,"gene-LOC100218025|LOC100218025"
29.4061426366352,1.4699770088825,0.45048227405098,3.26311842564563,0.00110193462562437,0.0333675360714478,"gene-LOC115497456|LOC115497456"
378.765457558537,-1.24424849749199,0.431579940243424,-2.88300817871701,0.00393897213565781,0.0665002056329834,"gene-NOC4L|NOC4L"
5741.91737955254,0.711060628191156,0.263091276189971,2.70271458061467,0.00687757757087579,0.0896078584959034,"gene-CRYBB3|CRYBB3"
37.2927174730715,1.38173437357353,0.481305742216624,2.8708038412549,0.00409429507167819,0.0677660715609321,"gene-CMKLR1|CMKLR1"
25641.8813319713,0.580944384222488,0.199882921035193,2.90642332628411,0.00365586483069009,0.0637405572419955,"gene-SART3|SART3"
73634.3331284004,0.519406238408154,0.172490794517352,3.01121135108404,0.00260207667204925,0.0548103957867122,"gene-SH2B3|SH2B3"
2521.13342085287,1.01949521768889,0.326828791193105,3.11935559277741,0.00181247079905465,0.0437296266073157,"gene-PHETA1|PHETA1"
242.675827022141,-0.622753455999523,0.197477723481197,-3.15353775110142,0.00161304363887478,0.0408067972543959,"gene-VPS37B|VPS37B"
419.294599244443,0.718250110865947,0.260191407865812,2.76046821360207,0.00577185744251056,0.0809042579705471,"gene-RILPL1|RILPL1"
686.5564930802,-0.355288658332381,0.132165723186329,-2.68820575991168,0.00718371156776309,0.0922563586252613,"gene-CDK2AP1|CDK2AP1"
225.222898332774,0.766576310355772,0.190610581805499,4.02168810930966,5.77825358372987e-05,0.0059367428248836,"gene-LOC140685191|LOC140685191"
6677.42263239685,-0.491888494395195,0.144234973142239,-3.4103274932503,0.000648849162045606,0.0245606482812211,"gene-EIF3CL|EIF3CL"
786.161548214374,0.679405390834025,0.225778866706467,3.00916290680701,0.002619686068977,0.054855710624453,"gene-BOLA2B|BOLA2B"
1189.78870210307,0.744583125156946,0.244454722982853,3.0458938001749,0.00231989760226378,0.0505597077438822,"gene-SPNS1|SPNS1"
466.001431349933,1.64007679067456,0.455326178536707,3.60198220085943,0.000315799991531114,0.0162230967077984,"gene-ATP2A1|ATP2A1"
519.599498737328,0.99257122454911,0.256299812548655,3.87269586613796,0.000107638111609771,0.00884866327918427,"gene-LOC121470792|LOC121470792"
86.703184515786,0.920482476306049,0.340480329168469,2.70348210292817,0.00686171430630902,0.0895751078094363,"gene-NOXA1|NOXA1"
935.388242387175,-0.443713172693004,0.147394043658432,-3.01038740562174,0.00260914664580844,0.0548103957867122,"gene-ZNF618|ZNF618"
57.3285853489322,-0.982348908214214,0.322218335713409,-3.04870579769844,0.00229829435332255,0.0503176042286021,"gene-POLE3|POLE3"
503.787865588711,1.00994622906841,0.239514225877588,4.21664402341001,2.47964940987952e-05,0.00356450887237715,"gene-ZMYND19|ZMYND19"
374.627384150635,1.03715909420516,0.282914439103031,3.66598148010199,0.000246391757319114,0.0138593025901738,"gene-CIMIP2A|CIMIP2A"
3910.01049342695,0.70563512957307,0.240792605382943,2.93046843548566,0.00338451376026662,0.0621100802801635,"gene-TUBB4B|TUBB4B"
359.237789099713,1.63968765689835,0.364137004129636,4.50294158051184,6.70193109936905e-06,0.00175248756383221,"gene-ORM2|ORM2"
733.283902616982,-0.624311528865127,0.210977584225703,-2.95913677823348,0.00308502140293264,0.059526973099425,"gene-SWI5|SWI5"
778.689656893559,1.05998428496994,0.315877847781037,3.35567781158464,0.000791707436820983,0.0277754140761781,"gene-IER5L|IER5L"
6311.85426389778,-0.631248687588688,0.144619794285475,-4.36488442476016,1.27189987950253e-05,0.0026514504154731,"gene-ZER1|ZER1"
23330.3284656023,0.360323152745575,0.103393704580762,3.48496220545153,0.00049220655926356,0.0207869207326557,"gene-PRRC2B|PRRC2B"
556.622214905021,0.462916612826845,0.138480794866085,3.34282174849226,0.000829311525271754,0.0281340023101625,"gene-DDX31|DDX31"
29914.3010951864,0.856932421420878,0.23449598499671,3.65435860845507,0.000257825697924462,0.0141260690624949,"gene-GFI1B|GFI1B"
20.0249026340692,1.01909484129341,0.380856109409065,2.67580016735096,0.00745510812830682,0.0939004162150309,"gene-LOC115497601|LOC115497601"
21.6310498985654,1.59332011779316,0.434629397939662,3.66592808803594,0.000246443176632444,0.0138593025901738,"gene-LOC115497596|LOC115497596"
11211.3180317094,-0.438047205049633,0.163250516849353,-2.68328219416213,0.0072903445494763,0.0926793704391297,"gene-BRD3|BRD3"
153.933713466011,1.00275472370135,0.378980344920785,2.64592804650844,0.00814671432056768,0.0983073311971858,"gene-DIPK1B|DIPK1B"
16520.24016232,0.780828734932144,0.20067699548187,3.89097281956608,9.98431179481482e-05,0.00838137583853814,"gene-HSPA5|HSPA5"
371.111602957647,0.466773030223919,0.170756316905639,2.73356229908532,0.00626532695988773,0.0852925188688676,"gene-LOC115497592|LOC115497592"
127.815588495802,-0.963700978725163,0.350854591173551,-2.74672472006634,0.00601936336044088,0.083332553009222,"gene-CBX4|CBX4"
408.926305731047,-2.08615673037822,0.706775063789499,-2.95165581987702,0.00316075025507537,0.0602973894814378,"gene-AFMID|AFMID"
2252.2243152552,-0.479596244113359,0.163957061060817,-2.92513320872142,0.00344308802717223,0.062690352130184,"gene-SYNGR2|SYNGR2"
305.841623574821,-1.18944212641801,0.420918461808198,-2.82582550859936,0.00471589457248704,0.0727858008294817,"gene-SLC16A3|SLC16A3"
7940.16301548073,-0.339273496324714,0.0796018999944592,-4.26212811940833,2.02489289369617e-05,0.00327259094190177,"gene-PRKAR1A|PRKAR1A"
584.102837401923,0.442408447562865,0.164272000144715,2.69314580192075,0.00707813082155039,0.0912292416999828,"gene-LOC115497653|LOC115497653"
103.184266324932,-1.50162865136484,0.517324402719567,-2.90268281076787,0.00369981152639051,0.0641181795127724,"gene-CD7|CD7"
345.772497302397,-1.19814527328079,0.37967306968583,-3.15572888609726,0.00160097597217758,0.0407785621784914,"gene-SEPTIN9|SEPTIN9"
365.10592119701,1.36877604622766,0.301593479311646,4.53848023953218,5.66611042415292e-06,0.00173733931708661,"gene-MXRA7|MXRA7"
14343.8363638008,0.88741794280439,0.287510497797922,3.08655840256698,0.0020248816490047,0.0464527873034827,"gene-JMJD6|JMJD6"
256.53052838647,1.14526763361784,0.383051931849554,2.98984951750003,0.0027911491639681,0.0568666991140469,"gene-ST6GALNAC1|ST6GALNAC1"
1902.81135090773,1.06936756640687,0.318955593414539,3.35271614132514,0.000800227317878364,0.0280060091006384,"gene-LOC115497642|LOC115497642"
8709.30090941897,-0.395253858829907,0.13169806780839,-3.00121228357707,0.00268907026767902,0.0558154245952369,"gene-UNK|UNK"
646.340767866524,-0.660102484349321,0.219697913808112,-3.00459149978941,0.00265937755509333,0.0554383865977716,"gene-NME2|NME2"
276.870167480893,-1.32743460413792,0.366869412219876,-3.61827549510274,0.000296572607787543,0.0156260087561026,"gene-MMD|MMD"
548.178831035653,0.824485715455085,0.26185023018164,3.1486919636586,0.00164002968709351,0.0411050511897936,"gene-LOC115497794|LOC115497794"
2782.29828692118,1.16839898897376,0.304569718276187,3.83622835384521,0.000124938246513368,0.00976691161874068,"gene-LOC140680309|LOC140680309"
4987.52189601468,-0.519108833656069,0.196582477657441,-2.64066685821639,0.00827430368706966,0.0992640402291993,"gene-CLUH|CLUH"
33088.4736772082,0.541750931074665,0.198478751024789,2.7295160226346,0.0063427366759927,0.0855852948850648,"gene-SRSF1|SRSF1"
433.126973251606,-0.613947989644803,0.214280782681769,-2.86515655749019,0.00416803120799734,0.068051033933977,"gene-SYNRG|SYNRG"
17569.4456038173,0.771215267819384,0.182603065843144,4.22345191335319,2.40588721249504e-05,0.00352991452857586,"gene-MED13|MED13"
82.1377696098563,0.945932806994434,0.310436075529097,3.04710979670201,0.00231053295415414,0.0505086717516005,"gene-TLCD3A|TLCD3A"
100420.792338991,0.898661756952165,0.291423527458017,3.08369665548581,0.00204445938894821,0.0467527883157886,"gene-UBB|UBB"
3314.10111497069,-0.451179585999337,0.13040714740585,-3.45977651512601,0.000540623881479414,0.0217824479305319,"gene-FAM222B|FAM222B"
594.797225052963,0.824060940557549,0.277445517521024,2.97017211854975,0.0029763293883311,0.0584856856854571,"gene-LOC115497775|LOC115497775"
10128.1532500623,0.66438403600435,0.247222648402285,2.68739146796637,0.0072012500435103,0.0923197688287453,"gene-ERAL1|ERAL1"
1578.50000963145,0.831262187001543,0.246378470967021,3.37392379999311,0.000741048780988307,0.0267820242857683,"gene-NEK8|NEK8"
9014.05683252811,-0.552311662619562,0.164489615100045,-3.35772967967393,0.000785854249519118,0.0277732863024152,"gene-SUPT6H|SUPT6H"
2376.43483118628,-0.732339349288931,0.235684260860421,-3.1072900100132,0.00188811072167707,0.0446284390366786,"gene-ALDOC|ALDOC"
824.154985210704,-0.920670807495909,0.330096362211101,-2.78909710282457,0.00528552150469768,0.0774559046933244,"gene-UNC119|UNC119"
2159.71170104135,-0.45299294637216,0.152204946467101,-2.97620384150967,0.00291840809197326,0.0579811906007504,"gene-POLDIP2|POLDIP2"
773.389073222694,0.950638979823297,0.323828513748309,2.93562468857256,0.00332876799484862,0.0616730743423291,"gene-SCARF1|SCARF1"
6483.37667524564,0.345923266106863,0.114446339571345,3.02258042854415,0.00250629471572567,0.0533583794311865,"gene-CRK|CRK"
2771.15150446994,-0.469221780527887,0.142935608905976,-3.2827493730869,0.00102800016857399,0.0321451183147137,"gene-RABGEF1|RABGEF1"
261.14030527221,0.624731772674057,0.229914252264724,2.71723812908622,0.00658292258741736,0.0875547892992719,"gene-LOC115497824|LOC115497824"
576.51702642384,1.09586301846024,0.379848907352448,2.88499715873456,0.00391417194380245,0.0664716047693677,"gene-LOC100230978|LOC100230978"
4554.55606235619,-0.399982217670722,0.102847096550508,-3.88909586255838,0.000100618371039125,0.00838137583853814,"gene-AP2B1|AP2B1"
17.7044061363956,-2.93438855065353,0.974640053381579,-3.01074077601517,0.00260611235599926,0.0548103957867122,"gene-COL26A1|COL26A1"
1137.19170871696,-0.468086941133528,0.156369951819047,-2.99345837028334,0.00275835136154832,0.0565993238010144,"gene-RABEP1|RABEP1"
108.435309139805,0.999273960505717,0.263171583869119,3.79704353264325,0.000146432081759012,0.0105777994036553,"gene-LAT2|LAT2"
63.7524175485397,0.782978696385006,0.238272189043277,3.28606833860412,0.00101596358316775,0.0318379524624943,"gene-LOC140680307|LOC140680307"
223.658045413316,-0.874701791935971,0.26376525202364,-3.31621312976274,0.000912462125157146,0.0298971644835089,"gene-TSPOAP1|TSPOAP1"
1972.05904260896,-0.88566589919499,0.220095743976071,-4.02400284165095,5.72172260953772e-05,0.00593660266090799,"gene-FZD9|FZD9"
8035.17846251086,0.434749935437122,0.151205203232167,2.8752313157477,0.00403731599197234,0.0672333809872631,"gene-RBM12|RBM12"
705.090546016712,1.03209525435061,0.380795319751598,2.71036748829758,0.00672086978396063,0.0883665365379247,"gene-GGT7|GGT7"
1300.28626268863,0.588774506814456,0.209263993796291,2.81354903026271,0.00489979133479796,0.0737350510726554,"gene-EIF6|EIF6"
441.101176487421,1.16911134709383,0.317046927606452,3.68750252815898,0.000226465844337261,0.0132418077436877,"gene-LOC121470955|LOC121470955"
5809.34826721198,-0.365611788286979,0.117166643448593,-3.1204426236499,0.00180579473137894,0.0437282010372975,"gene-CHMP4B|CHMP4B"
51.6486619478461,-0.912282575400972,0.314659002521481,-2.89927371564299,0.00374028217446112,0.0645860969957367,"gene-PPP1R16B|PPP1R16B"
308.868442626462,-0.942888638975564,0.317226634757924,-2.97228711484168,0.00295590120001862,0.0583432718339648,"gene-PLCG1|PLCG1"
3425.4117785549,-0.336586256633717,0.102388688654214,-3.28733828958815,0.00101139257607022,0.0318083237780358,"gene-STK4|STK4"
1253.58194938318,-0.409298697851807,0.147841116319093,-2.76850383737903,0.00563143224661701,0.0797268911765148,"gene-YWHAB|YWHAB"
106.798550069592,1.56805798474437,0.457776438918721,3.42537940233045,0.000613941425031247,0.0236121215445173,"gene-VSTM2L|VSTM2L"
112.962824507581,1.59187546040105,0.456928695033595,3.48385968686867,0.000494238521313143,0.0207869207326557,"gene-LOC116809179|LOC116809179"
1229.78299180479,1.0514504953536,0.373678285660718,2.81378537555235,0.004896190589229,0.0737350510726554,"gene-KIAA1755|KIAA1755"
5560.95770482333,0.987347866748625,0.270499739887006,3.65008804504235,0.000262150435462338,0.0142293277875104,"gene-ID1|ID1"
24.2121271314882,1.48037844164867,0.485916563239489,3.04656921299275,0.00231469182149306,0.0505228029747438,"gene-SDCBP2|SDCBP2"
110.943014786568,1.11297050881059,0.391149843695879,2.84538144843521,0.00443582679475103,0.070308746535554,"gene-LOC100219985|LOC100219985"
393.853666401365,0.915858829645627,0.328543630773599,2.78763227729942,0.00530947733784885,0.0774559046933244,"gene-C20H20orf204|C20H20orf204"
140.740436944892,0.996889299345104,0.313793575565534,3.17689518514986,0.00148860825371872,0.0395305369583466,"gene-LOC121470959|LOC121470959"
1096.97002420388,-0.375362060799822,0.13692819089772,-2.74130592348367,0.00611955007895843,0.0840595388676798,"gene-STAU1|STAU1"
8775.47423098699,-0.33698484802137,0.114266967023119,-2.94910118646267,0.0031869961108431,0.0606372381724434,"gene-UBE2J2|UBE2J2"
177.330145282334,0.616898329635004,0.21505635690337,2.86854263932403,0.00412367611597003,0.0678917553673886,"gene-LOC121471003|LOC121471003"
1167.27530914868,-0.925659229640159,0.348977410559209,-2.65249039517161,0.00799004011208068,0.0973972347221767,"gene-ENO1|ENO1"
397.618674602236,0.836617182774172,0.25637231186926,3.26328992656905,0.00110126795117716,0.0333675360714478,"gene-H6PD|H6PD"
49.1570890346833,2.45870928963444,0.780636829775553,3.14961989474845,0.00163483012240958,0.0411050511897936,"gene-TMEM240|TMEM240"
432.977123671399,0.655327608642381,0.234646236517581,2.79283238618353,0.00522487576114599,0.0770026772011515,"gene-CPTP|CPTP"
396.723316182403,0.767686434139085,0.264012304179162,2.90776763804964,0.00364018704792263,0.0635715121450339,"gene-TAS1R3|TAS1R3"
180.171809944619,-0.795741478405867,0.291420064364167,-2.73056517279293,0.00632258305743795,0.0855852948850648,"gene-KCNAB2|KCNAB2"
3202.48530248051,-0.568883920718799,0.190512364632441,-2.98607348565725,0.00282584727852832,0.0569190570902577,"gene-ACOT7|ACOT7"
1217.53394640464,0.819072420985389,0.294907613106451,2.77738649184934,0.00547979761109779,0.0780409988495352,"gene-FBLIM1|FBLIM1"
7.38295296919234,3.23261884391689,0.875502627571879,3.6923005621151,0.000222234602357235,0.0131009119684691,"gene-TMEM82|TMEM82"
4085.32766340729,-0.566375029930481,0.159245448090902,-3.55661676186296,0.000375661555021492,0.0178924364484409,"gene-SDHB|SDHB"
134.736244674048,0.946064564681797,0.302078101404619,3.13185418036837,0.00173706126627082,0.0428574429743388,"gene-LOC140680416|LOC140680416"
46.5864911524269,-1.193046655122,0.310989163958985,-3.83629654465822,0.000124903578446901,0.00976691161874068,"gene-NBL1|NBL1"
341.503516805891,1.15386762921089,0.395456404715212,2.91781247048419,0.00352496273709114,0.0631244552735533,"gene-HTR6|HTR6"
15.2432816328073,5.3290209380839,1.23009008215584,4.33222006695992,1.47613284853541e-05,0.00268768289789029,"gene-RNF186|RNF186"
11407.476906053,-0.317886072329759,0.111878586312213,-2.84134866919621,0.00449231670678267,0.0706963489704903,"gene-CDC42|CDC42"
2059.51571292521,-0.494887944371158,0.154933240806307,-3.19420120431,0.00140218352939584,0.0385640686172655,"gene-LOC100225139|LOC100225139"
1338.04663864534,-0.689035289517292,0.220959340263037,-3.11838046174939,0.00181847891947185,0.0437296266073157,"gene-PLEKHA2|PLEKHA2"
957.837658510506,0.898350418320195,0.230731262504191,3.89349240571107,9.8811297184371e-05,0.00838137583853814,"gene-NKX6-3|NKX6-3"
456.601879239178,0.439979297202424,0.146669913081594,2.99979244521443,0.00270163633881813,0.055833817668908,"gene-LOC115490548|LOC115490548"
471.732646188356,0.613522886640137,0.215392937335735,2.84838906154028,0.00439411701813902,0.0701498104205457,"gene-BRF2|BRF2"
627.738741516052,1.00717445355459,0.357034640886919,2.82094323131403,0.00478826754833547,0.073182960289487,"gene-ADGRA2|ADGRA2"
163.823554212215,1.30894114930692,0.413905170356881,3.16241797167769,0.0015646480960798,0.0405229097083655,"gene-NPM2|NPM2"
77.777452950488,0.9896595473312,0.345276027614662,2.86628514052441,0.00415319976860805,0.0680284432839298,"gene-PCYOX1|PCYOX1"
216.705063821962,1.10641161831137,0.330529635087864,3.34739006993202,0.00081576335026203,0.0280716268664331,"gene-LOC100222168|LOC100222168"
244.766404426998,0.985661463984129,0.296271634215787,3.32688435257433,0.000878228129680436,0.0291945141753198,"gene-DOCK5|DOCK5"
61.0196397231633,1.51208140232744,0.536151216097275,2.82025174415178,0.00479859874663091,0.073182960289487,"gene-LOC121471032|LOC121471032"
320.135549201944,0.691735578654314,0.248384826237041,2.7849349299388,0.00535384658722298,0.0775585306183758,"gene-SEMA4C|SEMA4C"
729.246570868847,1.26055329105,0.371301265209912,3.39496093647124,0.000686383931217896,0.0257107980902037,"gene-NPC1L1|NPC1L1"
222.883302402248,0.811174142967449,0.27854808937006,2.91215116499966,0.00358948878306957,0.0633615383579994,"gene-LOC115498164|LOC115498164"
4481.54235433768,1.11336627315534,0.312831914242739,3.55899197769007,0.000372280901609768,0.0178496282958497,"gene-TMEM127|TMEM127"
264.728859008257,3.72651036644874,0.78678144257971,4.73639840084459,2.17549724501903e-06,0.00100943072168883,"gene-NCAPH|NCAPH"
3411.47996660384,-0.585922801217566,0.193596531632352,-3.02651497047612,0.00247390570289681,0.0529533625453389,"gene-KANSL3|KANSL3"
630.690797676965,1.09670938721631,0.354637875039533,3.09247676124288,0.00198493774328714,0.0456821511991076,"gene-SLC4A5|SLC4A5"
6687.35918405531,0.640621574481019,0.200778442302511,3.19068903580694,0.00141933955368042,0.0387709208633025,"gene-MTHFD2|MTHFD2"
504.160808812903,1.07197502059747,0.348018898030836,3.08022071980266,0.00206847243414597,0.047151992856982,"gene-ACTG2|ACTG2"
39.3319458329293,1.25077927780812,0.474398441165909,2.63655857454787,0.00837517392604059,0.0999465533784956,"gene-PROM2|PROM2"
247.382613257465,0.850186806109212,0.261907000241651,3.24614006240681,0.00116981270624145,0.0344101962506688,"gene-SFTPB|SFTPB"
937.377601801016,0.897707834702491,0.257643126134855,3.48430733693479,0.000493412552608321,0.0207869207326557,"gene-LOC115498215|LOC115498215"
1410.51497509247,0.827301630630689,0.24420423074421,3.38774487284473,0.000704697807667311,0.0259907006807349,"gene-VAMP8|VAMP8"
8035.5586490318,0.880398233305553,0.260849861417987,3.37511482091531,0.00073784899122362,0.0267638888823323,"gene-GGCX|GGCX"
27842.7186415373,0.781155237691827,0.218982513134382,3.56720373015566,0.000360810958344926,0.0174381040934149,"gene-MAT2A|MAT2A"
147.713991242647,-1.78164124064379,0.463974559624577,-3.83995459165994,0.000123057069053112,0.00972556528164817,"gene-GNLY|GNLY"
294.765853062583,0.773672075791244,0.247985446422066,3.11982855023867,0.00180956331874548,0.0437296266073157,"gene-CAMK2B|CAMK2B"
266.895007468097,0.910767748370573,0.259063797485982,3.5156118192078,0.000438741958656856,0.019538279669722,"gene-LOC140680449|LOC140680449"
60319.614855147,0.454058643244901,0.16626616814162,2.73091422217747,0.00631589079199803,0.0855852948850648,"gene-LOC100218400|LOC100218400"
38745.3413001772,0.599606148295383,0.167356804748749,3.58280112479183,0.000339929407188173,0.0169571565233832,"gene-CKAP2L|CKAP2L"
2210.69097641398,1.21788208879315,0.252037249051673,4.83215117358885,1.35065629707098e-06,0.000719549636187743,"gene-LOC100227014|LOC100227014"
4037.35182600297,0.695694012990194,0.219281873525966,3.17260155526633,0.00151079710115797,0.039626431686857,"gene-ZMIZ2|ZMIZ2"
16691.8621262673,0.546341674283613,0.201855060157481,2.70660380699584,0.00679753268960127,0.089077899550416,"gene-SNIP1|SNIP1"
25.196004747342,-2.02188916717489,0.58958527111463,-3.42934137983542,0.000605047979033805,0.0233324668375932,"gene-C23H1orf216|C23H1orf216"
533.709527467099,-0.751767325648232,0.208328691699871,-3.60856356133253,0.00030789708356328,0.0159471494933349,"gene-PSMB2|PSMB2"
157.262859920654,-0.697753909355361,0.212942560711786,-3.27672357758372,0.001050191295433,0.0324859174053941,"gene-LOC100227613|LOC100227613"
16.1774460015962,1.81616144716681,0.687699638216063,2.64092249906957,0.00826806303959809,0.0992640402291993,"gene-LOC105758803|LOC105758803"
39.5024211950143,1.49679264348194,0.386659695171436,3.87108525189908,0.00010835188682501,0.00885530420506218,"gene-LOC140680491|LOC140680491"
262.103148636915,-1.03699806123658,0.356193739238726,-2.91133152270698,0.00359891936727552,0.0633615383579994,"gene-LCK|LCK"
2871.14197222232,1.0499914313831,0.37794374556131,2.77816856004241,0.00546662517111493,0.0780409988495352,"gene-AZIN2|AZIN2"
16147.8552482717,0.616667450533111,0.22617568684981,2.72649752553909,0.00640104325586341,0.0860491646657376,"gene-HMGCL|HMGCL"
3292.46574941841,-0.421540840077346,0.144432663285472,-2.91859770836026,0.00351609663663105,0.0630732678357609,"gene-MAN1C1|MAN1C1"
1140.13467998842,-0.469501042411021,0.171046626137059,-2.74487169384336,0.00605345598472082,0.083643526305691,"gene-MTFR1L|MTFR1L"
119731.201573725,0.553277367673641,0.185245468264415,2.98672552077714,0.00281982770619059,0.0569190570902577,"gene-RSRP1|RSRP1"
112.278699871673,1.54999332606297,0.51236340832012,3.02518349455305,0.00248482324413235,0.0531080201242195,"gene-LIN28A|LIN28A"
2380.14072726228,1.77449507675728,0.643421442939551,2.75790478578128,0.0058173139514925,0.0812390717264739,"gene-TENT5B|TENT5B"
151.017448386431,-0.971175403359968,0.349637373147052,-2.77766474052391,0.00547510776568246,0.0780409988495352,"gene-AHDC1|AHDC1"
15946.7447055169,0.571472804405256,0.204934690138427,2.78856060932994,0.00529428399346809,0.0774559046933244,"gene-LOC140680463|LOC140680463"
2331.68833599329,0.890257760969409,0.290199117365997,3.06774799678878,0.00215678415854727,0.0486370465028147,"gene-LOC115498299|LOC115498299"
329.294868409335,-0.464120333543025,0.163362473003705,-2.84104620240719,0.00449657973059154,0.0706963489704903,"gene-TRNAU1AP|TRNAU1AP"
220.024702648154,0.861710980684489,0.308977210114148,2.78891436804073,0.00528850461950983,0.0774559046933244,"gene-LOC140680477|LOC140680477"
268.793800757923,0.826524436328934,0.293084335333363,2.82009079532968,0.0048010063025677,0.073182960289487,"gene-LOC115498308|LOC115498308"
171.486222214662,0.761016157478373,0.259788220739938,2.92937129832454,0.00339648435615193,0.0621100802801635,"gene-LOC115498305|LOC115498305"
625.346308567901,-1.46071407253376,0.508558782657578,-2.87226201246689,0.00407544914217167,0.0676139105663175,"gene-LOC140680514|LOC140680514"
2156.6718544818,-1.28503967891038,0.370111708766648,-3.47203195271129,0.000516534853014719,0.0212889321655121,"gene-ETS1|ETS1"
469.48291757514,1.0740939929529,0.291978732678354,3.67867201525302,0.000234451540208297,0.0136532427301868,"gene-CHEK1|CHEK1"
162.28651062569,0.59002271811033,0.218712403596946,2.69771036487557,0.00698181564911015,0.0907599601076729,"gene-PANX3|PANX3"
9372.98551864387,-0.521166648053901,0.173407680166721,-3.00544155571904,0.0026519555528123,0.0553639022810625,"gene-ZBTB44|ZBTB44"
66508.2879990377,1.74949054166088,0.348232591721562,5.02391385312873,5.06289539303317e-07,0.000428380513725818,"gene-HSPA8|HSPA8"
330.943296045268,1.88803432040298,0.387293182351175,4.87494850526704,1.08836841983517e-06,0.0006271842230095,"gene-LOC115498370|LOC115498370"
292.113338269962,1.93093723253318,0.381488689432362,5.06158448735748,4.15786411966116e-07,0.000398711449981374,"gene-LOC115498371|LOC115498371"
503.268243493618,1.74606559588661,0.375833357702819,4.64585050821186,3.38678199110355e-06,0.00124911467077009,"gene-LOC115498372|LOC115498372"
437.397221767086,-0.799636677739467,0.291729581759357,-2.74102020411174,0.00612487411308487,0.0840595388676798,"gene-UBASH3B|UBASH3B"
86.5813737469468,2.19689551280916,0.613934237414525,3.5783889852128,0.00034571865735015,0.0171476454045674,"gene-ABCG4|ABCG4"
4318.04511978145,0.381702195115857,0.131519385966655,2.90225043487227,0.00370492228472631,0.0641294851305695,"gene-HINFP|HINFP"
40.5684846919585,-1.6015858303151,0.584225888438586,-2.74138113700427,0.00611814925937299,0.0840595388676798,"gene-POU2AF1|POU2AF1"
1083.45639420868,-0.538486497382216,0.187212351256224,-2.87634065684709,0.00402315263669867,0.0672114140839415,"gene-DLAT|DLAT"
578.967649483448,-1.30668621293194,0.377525033046384,-3.46119091067371,0.000537791286224601,0.0217416148219802,"gene-CD3E|CD3E"
27.40578909022,1.23576504866348,0.432663945053077,2.85617755487318,0.00428775278591796,0.0691424171217982,"gene-LOC100222418|LOC100222418"
1135.78290853056,0.483257143020482,0.151960360415123,3.18015265099615,0.00147197489321669,0.0393946676590302,"gene-DPAGT1|DPAGT1"
71.8793748345239,1.49758912963579,0.472085109545817,3.17228630887467,0.00151243819494469,0.039626431686857,"gene-LOC140680580|LOC140680580"
8.98523979220062,2.31872028544812,0.730861479187164,3.17258516350719,0.00151088239210619,0.039626431686857,"gene-LOC140680571|LOC140680571"
44.5348798941292,2.22890635297228,0.576594673501234,3.86563812571797,0.00011079912050365,0.00895356488384548,"gene-LOC140680623|LOC140680623"
48.2371371061448,1.58195311778168,0.470488459168885,3.36236327789249,0.000772783842336873,0.0274221043913471,"gene-LOC140680616|LOC140680616"
82.6793637886371,1.23640833870071,0.46506612399563,2.65856461029255,0.00784743022302452,0.0961477311141267,"gene-LOC140680607|LOC140680607"
15.1575168008162,1.89087362746216,0.666966920334783,2.83503359733799,0.00458208666067621,0.0714070796610689,"gene-LOC140680630|LOC140680630"
2443.5718124265,-0.356467492102997,0.121095993571822,-2.94367700853437,0.00324338292500944,0.0610991914687734,"gene-SHC1|SHC1"
188.176427551826,0.820777099112243,0.293580708652186,2.79574602459538,0.00517800739901717,0.076468643149346,"gene-GPATCH4|GPATCH4"
39.7141026168972,1.42356282343439,0.432621550511834,3.29054995468942,0.000999917459068844,0.0316105774313104,"gene-CRABP2|CRABP2"
812.125932311978,-0.49479095688759,0.149159906463564,-3.31718468198728,0.000909294892434336,0.0298614103488025,"gene-GOLPH3L|GOLPH3L"
132.042061509935,1.14956473878982,0.364817179461149,3.15107073764394,0.00162673087132897,0.0410506962336771,"gene-INSRR|INSRR"
2760.56945856908,-0.465744926751954,0.176587152905147,-2.63747910926525,0.00835247700253243,0.0997857385418825,"gene-GLMP|GLMP"
597.442213070328,-0.722155824649136,0.208503276102864,-3.46352267526417,0.000533151657018313,0.0217247972650182,"gene-PEX19|PEX19"
4991.67687628035,-0.357632887247136,0.133955149861823,-2.66979573100431,0.00758974042097762,0.0943694720666223,"gene-USF1|USF1"
366.184577918884,1.07818422574839,0.300796678869373,3.5844286240162,0.000337816928339342,0.0169571565233832,"gene-LOC115498413|LOC115498413"
3040.0577675531,-0.459795055865545,0.171217966942128,-2.6854369554625,0.00724350387606905,0.092523333814414,"gene-NDUFS2|NDUFS2"
679.809471061867,0.701552342204856,0.263775094483621,2.65966104032016,0.00782193265198922,0.0959847346094894,"gene-ITGA10|ITGA10"
100681.195387656,0.709940473921774,0.211155695460802,3.36216587657028,0.00077333652899801,0.0274221043913471,"gene-TXNIP|TXNIP"
879.896365810087,1.89592578832691,0.404226888863745,4.69025154080232,2.72869388664131e-06,0.0011214152247271,"gene-HJV|HJV"
178.597550356297,0.883460957402202,0.32152929647515,2.74768416777997,0.0060017791636209,0.0833050282288473,"gene-CA14|CA14"
1108.41998854148,-0.707940113603934,0.219385205090462,-3.2269273277203,0.0012512723553879,0.035996603119799,"gene-SNAPIN|SNAPIN"
225.937261426706,0.975289642675734,0.313891826232568,3.10708836984218,0.00188939909587055,0.0446284390366786,"gene-S100A11|S100A11"
159.056394735118,0.667975913758251,0.225103290699808,2.96741958627805,0.00300310826252755,0.058691181043745,"gene-LOC105758865|LOC105758865"
8629.40633587606,-0.327954934585968,0.112750643595528,-2.90867461264742,0.00362964419387598,0.0635143577672897,"gene-LOC100229769|LOC100229769"
785.213903975548,0.603269805614678,0.205633535830743,2.93371313768212,0.00334933605033328,0.0616770753218228,"gene-WDR77|WDR77"
970.692295016469,-0.597224711685927,0.183706260490057,-3.25097636897493,0.00115009416604542,0.0341091845039119,"gene-TRAF3IP3|TRAF3IP3"
58.0854901691655,1.6314418117063,0.448810450447092,3.63503525838381,0.000277942620328401,0.0148621808580064,"gene-LOC140680687|LOC140680687"
3454.50261449297,0.81363930007314,0.245851557320952,3.30947385055998,0.000934714968335423,0.0303497519289768,"gene-MAPK13|MAPK13"
367.880204547723,0.975308703678599,0.345900097578847,2.819625407756,0.00480797396228902,0.073182960289487,"gene-SCUBE3|SCUBE3"
428.470090357169,-0.720564476415276,0.247356274282656,-2.91306326675944,0.00357902081355613,0.0633615383579994,"gene-TMEM167B|TMEM167B"
592.378393078808,1.25822791808508,0.279671654825646,4.49894687707802,6.82909182939891e-06,0.00175248756383221,"gene-PLEKHA6|PLEKHA6"
18359.1959886085,0.642148483419415,0.242951036025613,2.64311893426837,0.00821461745228533,0.0987339571527383,"gene-BTG2|BTG2"
2557.54595646238,-0.581625381476646,0.163773926506543,-3.55139181115872,0.000383199497662328,0.0180128809620095,"gene-TIMM17A|TIMM17A"
2273.52762997899,-0.621476247007783,0.140096177722423,-4.43606854313422,9.16166870564873e-06,0.00209176893114367,"gene-PPP1R12B|PPP1R12B"
231.64510783049,-0.760119649211289,0.229645231006042,-3.30997358787429,0.000933047751298952,0.0303497519289768,"gene-LOC115490595|LOC115490595"
4064.72009013488,-0.345208788094634,0.118520655832122,-2.91264662409229,0.0035837990697936,0.0633615383579994,"gene-KCTD20|KCTD20"
2775.71885779713,0.504708454101325,0.184093227162024,2.74159164832893,0.00611423011134919,0.0840595388676798,"gene-SRSF3|SRSF3"
3692.16062613957,0.764899430927307,0.19975121247444,3.82926051587888,0.000128528890801928,0.00982203719223679,"gene-RAB44|RAB44"
546.1697274015,1.16123850348311,0.361470928438023,3.21253636772676,0.00131568489935399,0.0370348563450252,"gene-EIF2D|EIF2D"
1079.43845272759,-0.592611043772738,0.178142903264422,-3.3266048375394,0.000879109435983548,0.0291945141753198,"gene-LIMD2|LIMD2"
15.6405360268311,1.10028449305439,0.40410340501096,2.72277956436558,0.00647352360452926,0.0865574214822665,"gene-LOC100220758|LOC100220758"
305784.90815601,-0.670433628715114,0.171833292143382,-3.90165153883967,9.55386225591723e-05,0.00827847919813936,"gene-SLC4A1|SLC4A1"
2884.87426246741,-0.612939188927672,0.192658487939837,-3.18148032553375,0.0014652447476436,0.0393946676590302,"gene-ATXN7L3|ATXN7L3"
119.255428355666,-0.94881277027416,0.289193890688914,-3.28088801604318,0.00103480820798301,0.0321598719675808,"gene-SKAP1|SKAP1"
726.108762552087,-0.747199196573723,0.215113540644523,-3.47351075313513,0.00051369677878518,0.0212328001897874,"gene-PSMB3|PSMB3"
608.398147317939,-1.22928216104257,0.42595399975764,-2.88595050578704,0.00390233520311002,0.0663489238316012,"gene-LOC101232986|LOC101232986"
250.030677112843,-1.06281883783661,0.364161030303007,-2.91854083604793,0.00351673809818411,0.0630732678357609,"gene-LOC115490733|LOC115490733"
5771.43903336867,-0.487186975820022,0.154754290956707,-3.14813226055434,0.00164317327823493,0.0411050511897936,"gene-STAT3|STAT3"
58.9457006630097,1.27776899252806,0.417651836271303,3.05941188702936,0.00221772013993139,0.0493717361724547,"gene-KCNH4|KCNH4"
118.454674388855,1.50247500355422,0.366180243416386,4.10310231250172,4.07646869563691e-05,0.00485005370675642,"gene-LOC100190429|LOC100190429"
261.211552049612,-1.42158115515594,0.457031967655808,-3.11046328432443,0.00186794116204607,0.044410687065902,"gene-CCR7|CCR7"
238.16774772069,0.963704309247138,0.345678942788704,2.78785945557639,0.00530575563907252,0.0774559046933244,"gene-RAPGEFL1|RAPGEFL1"
89.7152984386402,2.16348539149136,0.69396373620518,3.11757701248484,0.00182344299568064,0.0437296266073157,"gene-PNMT|PNMT"
147.24542446532,0.98205059628096,0.328918427530032,2.98569649519345,0.00282933299635249,0.0569190570902577,"gene-FBXO47|FBXO47"
8509.33091787555,0.48777700739715,0.152947437951897,3.18918063570674,0.00142676692661559,0.0387951143146288,"gene-LASP1|LASP1"
340.561670753775,0.768705296176442,0.256643324844293,2.99522809191636,0.00274239685170911,0.0564329561015505,"gene-GJC1|GJC1"
360.994821303328,-0.79602167808601,0.276743228434397,-2.87639080670301,0.00402251342246824,0.0672114140839415,"gene-JAK3|JAK3"
101.990905112933,-1.00025748090059,0.283151475542683,-3.53258791600332,0.000411513372404378,0.0189733497719936,"gene-NR2F6|NR2F6"
786.072260497157,0.450334090984649,0.132205766087875,3.40631202640073,0.000658468763965105,0.0248593561702732,"gene-SUGP1|SUGP1"
674.826919742216,1.41581742291801,0.503132346571666,2.81400596198071,0.00489283209130534,0.0737350510726554,"gene-PDE4C|PDE4C"
21927.9995721034,1.13850270961999,0.419839863690728,2.71175466667611,0.00669281076552836,0.0882547110787417,"gene-JUND|JUND"
53.6874889228031,1.66623015565236,0.549483144119418,3.03235899678525,0.00242650432300294,0.0522497577575962,"gene-LOC140680771|LOC140680771"
315.221159682164,1.09650467955718,0.402490223990459,2.72430139715188,0.00644376722462935,0.0863731582204018,"gene-RAB3A|RAB3A"
3361.70489538041,-0.789145640872463,0.199585382652488,-3.95392503391142,7.68795061095196e-05,0.0072752290518377,"gene-ZBTB7A|ZBTB7A"
2572.5303232899,-0.582702689494124,0.189961928688491,-3.0674709059712,0.00215878474450179,0.0486370465028147,"gene-MAP2K2|MAP2K2"
4236.39564437822,-0.548381266582835,0.17270970878054,-3.17516178131975,0.00149752983860063,0.0395305369583466,"gene-ARHGAP45|ARHGAP45"
23.2683551232778,-3.54455212399467,1.21449342912105,-2.91854368167305,0.00351670599991078,0.0630732678357609,"gene-LOC100220416|LOC100220416"
3332.62639859417,-0.667715715570138,0.23667917966769,-2.82118484823062,0.00478466240695225,0.073182960289487,"gene-PWWP3A|PWWP3A"
1549.52195542995,-0.598013326066288,0.219071098140061,-2.72976824028131,0.00633788643703329,0.0855852948850648,"gene-NDUFS7|NDUFS7"
445.823953860313,-0.614859340595328,0.168639187637691,-3.64600511428167,0.000266348676370369,0.0143489114640876,"gene-SGTA|SGTA"
3204.10273082977,-0.862662931185616,0.231659673835168,-3.72383728641276,0.00019621741581553,0.0122181441951973,"gene-KDM4B|KDM4B"
363.622324493067,0.922934177945765,0.279129354048765,3.30647481018613,0.000944778447329718,0.0304701640950463,"gene-GRIN3B|GRIN3B"
7495.81057483638,-0.280411673343837,0.0872309124946761,-3.21459062303115,0.00130630673733626,0.0369880238382771,"gene-PTBP1|PTBP1"
2198.43587475691,-1.45868845131888,0.290103893159742,-5.02815882762273,4.95211634293377e-07,0.000428380513725818,"gene-LOC101233818|LOC101233818"
1432.99593918002,1.30307928070054,0.289870902171182,4.49537801462741,6.94464621373997e-06,0.00175248756383221,"gene-LINGO3|LINGO3"
1827.23535447248,0.72501859656881,0.248972297873386,2.91204524664634,0.00359070618523566,0.0633615383579994,"gene-PEAK3|PEAK3"
21980.888861842,-0.481507969828442,0.167128592998909,-2.88106278637544,0.00396336680141455,0.0665683843239197,"gene-DOT1L|DOT1L"
17.3259970894621,-1.80053648943697,0.630016342008678,-2.85792029409321,0.00426427490608701,0.0689958720462942,"gene-PRAM1|PRAM1"
79.7663346003947,1.81044991599787,0.646164266864369,2.8018415886465,0.00508118170228288,0.075503840501691,"gene-ATP8B3|ATP8B3"
4283.43159504543,1.21601898606737,0.302238049842742,4.02338152558912,5.73684489617777e-05,0.00593660266090799,"gene-LOC115490794|LOC115490794"
337.739016249832,5.48880972754533,0.964668850257679,5.68983825494022,1.27159761794603e-08,3.65813202730714e-05,"gene-LOC140680860|LOC140680860"
154.65783198396,2.27968380777497,0.543884278095236,4.19148686510808,2.77132235088887e-05,0.00377177110273915,"gene-LOC140680853|LOC140680853"
1840.49679641708,-0.750339570775795,0.196274534855565,-3.82290841411473,0.000131886776213769,0.00998452310030975,"gene-TAMALIN|TAMALIN"
95.6423017471063,-1.05928680711038,0.364680874229635,-2.90469526088544,0.00367610825396377,0.0638612815519503,"gene-ARF3|ARF3"
8834.43177188123,-0.584883609386236,0.185111499394104,-3.15962871729008,0.00157970304643833,0.0405229097083655,"gene-KMT2D|KMT2D"
2138.59875080993,-0.735657282360189,0.228734980112226,-3.21619929754185,0.00129900587030422,0.036926680708411,"gene-LMBR1L|LMBR1L"
846.912045104423,-0.782983991006065,0.180245709294882,-4.34398130235158,1.39923429827201e-05,0.00268768289789029,"gene-TUBA1B|TUBA1B"
513.354643017093,-0.731686330785298,0.177351153250671,-4.1256361595299,3.69711368868565e-05,0.00466484941211004,"gene-LOC115491411|LOC115491411"
628.556545022631,-0.951280519603202,0.2359313874187,-4.03202189420857,5.52990338934178e-05,0.00589250433984809,"gene-LOC115490530|LOC115490530"
59.6070015228865,1.61787940306963,0.428634220567144,3.77449892108228,0.000160329602129595,0.0109459155686046,"gene-SLC39A5|SLC39A5"
313.177354344609,0.897378716211227,0.325224335324001,2.75926066638656,0.00579323046878335,0.0810153230507776,"gene-LOC115491449|LOC115491449"
250.870782805032,1.06847418638335,0.324157227463527,3.29616030697194,0.00098016068657365,0.0312195555605804,"gene-LOC100220064|LOC100220064"
99.9885266685273,1.1474672942274,0.327021642902991,3.50884205718393,0.000450062087726463,0.0198478325559632,"gene-IL23A|IL23A"
13603.9925343712,-0.542762452738409,0.186417386325002,-2.91154416140215,0.00359647064108785,0.0633615383579994,"gene-CS|CS"
4680.25524030399,-0.608409095082079,0.217300692814164,-2.79984885093022,0.00511265399354828,0.0758148608692767,"gene-MYL6|MYL6"
8064.36940509185,0.968373067110142,0.245091126439998,3.95107355038092,7.78014074647468e-05,0.00731434931354848,"gene-IKZF4|IKZF4"
591.467742664618,1.05345928692576,0.35500006363586,2.96749041714635,0.00300241641594259,0.058691181043745,"gene-PMEL|PMEL"
5110.45926200537,0.5474698135516,0.163503138103954,3.34837496026238,0.000812869520830725,0.0280413259319072,"gene-SMARCD1|SMARCD1"
29.9200007012039,1.2334425184065,0.337850319772725,3.65085496807061,0.000261368806964973,0.0142293277875104,"gene-SP7|SP7"
2554.48422849735,0.705335755128244,0.210599157117667,3.3491860308546,0.000810493567837358,0.0280413259319072,"gene-KRI1|KRI1"
2097.69239822663,-0.648204327055097,0.240577263184202,-2.69437069187535,0.00705216844126672,0.0912050370979945,"gene-PGLS|PGLS"
29.3535820997583,4.76566566656715,1.50748253759081,3.16134054473588,0.00157044775945475,0.0405229097083655,"gene-LOC140680927|LOC140680927"
11.4482363340281,3.34837751863083,1.21885549322857,2.74714889273828,0.00601158365555781,0.0833050282288473,"gene-LOC121468912|LOC121468912"
17.1371468932444,2.86680027427294,1.01114668480676,2.83519722444703,0.00457974031503317,0.0714070796610689,"gene-LOC140680926|LOC140680926"
122.299661838655,6.39493456048309,1.94924506945756,3.28072373283606,0.0010354110843559,0.0321598719675808,"gene-LOC140680924|LOC140680924"
16.2470330080546,4.61627436755158,1.33952852938234,3.44619339289487,0.00056854332535946,0.0221960289081024,"gene-LOC140680930|LOC140680930"
63.1158104733737,6.3902030168996,1.47109298318908,4.34384711906296,1.40008967798714e-05,0.00268768289789029,"gene-LOC140680925|LOC140680925"
520.276059558212,1.42961439505407,0.537233914179639,2.66106505438531,0.00778939057341959,0.0958220058296,"gene-LOC140681092|LOC140681092"
223.441749763617,0.983848582774428,0.231897611931809,4.24259902712467,2.20945994865408e-05,0.00341801996620613,"gene-SUV39H1|SUV39H1"
1011.55123435077,-0.67146410097682,0.229305845838544,-2.92824676371139,0.00340879386977143,0.0621774306157068,"gene-NDUFB11|NDUFB11"
167.126151034871,0.907380964390366,0.288386658477439,3.14640409920819,0.00165291457818746,0.0412769501608479,"gene-ZWINT|ZWINT"
1000.25941065158,0.929767747245489,0.28481586339536,3.26445211359192,0.00109676000775157,0.0333526341469314,"gene-NRXN2|NRXN2"
56.2745827250371,1.09353692622263,0.353047976799534,3.09741734292264,0.0019521482841183,0.0453692844301344,"gene-EHBP1L1|EHBP1L1"
3358.84063206687,1.58923960923512,0.326021969684331,4.87463961638503,1.09007269015834e-06,0.0006271842230095,"gene-PYGM|PYGM"
8504.0954795197,1.14899643036598,0.314457293791589,3.65390294024312,0.000258283937947452,0.0141260690624949,"gene-LOC115491955|LOC115491955"
1579.40307427726,1.44244691719581,0.489787107640696,2.94504876648158,0.00322903764152121,0.0609537246674012,"gene-HDAC6|HDAC6"
233.251649089412,0.786351934172701,0.289793553854989,2.71349008186078,0.00665785612151323,0.0880207743123587,"gene-SPATA16|SPATA16"
236.211533324474,1.00756920006918,0.362933506040644,2.77618126543639,0.00550015344241381,0.0782534195011673,"gene-LOC115492010|LOC115492010"
1246.85610010599,-0.707453687377301,0.242846473590761,-2.91317257737695,0.0035777681474453,0.0633615383579994,"gene-CAPN1|CAPN1"
218.220364175865,0.655320536495842,0.219053810283923,2.99159615459992,0.0027752312414449,0.0567350693138507,"gene-LOC121468425|LOC121468425"
195.338572792693,0.85686800543558,0.210854893943175,4.06378049573041,4.82842356589451e-05,0.00531407393627676,"gene-LOC121468463|LOC121468463"
121.612611606847,3.46207215723201,0.703176615469515,4.92347453124613,8.50209466755841e-07,0.000582352998562668,"gene-LOC140681124|LOC140681124"
77.5136434754756,1.93165811326989,0.576399125868582,3.35125094153995,0.00080447366713877,0.0280413259319072,"gene-LOC116808623|LOC116808623"
2022.26375901182,0.764199100982877,0.219128519911673,3.48744700731293,0.000487655552662669,0.0207527735784019,"gene-LOC121468501|LOC121468501"
2346.96204969748,-0.401551964278573,0.116455104983065,-3.44812676384576,0.000564489040124647,0.0221242788914249,"gene-KIF1C|KIF1C"
7.77596474139019,6.37930516039859,1.69238775329903,3.76941108676969,0.000163633186919225,0.0109530473050217,"gene-CHRNB1|CHRNB1"
232.722778823756,0.926075243037999,0.317419595852995,2.91751125367474,0.00352836916295445,0.0631244552735533,"gene-ACHE|ACHE"
942.245306485112,0.865667607308386,0.262208731855132,3.30144462079417,0.000961883212948267,0.0308833217300176,"gene-EIF4A1|EIF4A1"
1140.57850268192,2.88122250329452,0.765811922298082,3.76231084865905,0.000168350623341461,0.011159241318634,"gene-LOC140681175|LOC140681175"
42256.900953224,0.568281887829612,0.197546724804453,2.87669607477492,0.0040186244385995,0.0672114140839415,"gene-POLR2A|POLR2A"
396.037879720516,0.971793210382186,0.296711546048193,3.27521198054202,0.00105582715199599,0.0325901668547431,"gene-WRAP53|WRAP53"
168.583102850456,1.69725400323471,0.332895008299686,5.09846636602844,3.42416357501433e-07,0.000351808349021472,"gene-EFNB3|EFNB3"
241.703590121429,-0.814628394303433,0.262233091589313,-3.10650493942707,0.00189313145770833,0.0446284390366786,"gene-VAMP2|VAMP2"
9.27961342032168,4.16492015711269,1.48324588504224,2.80797688307363,0.0049853805363819,0.0744557315364402,"gene-LOC140681190|LOC140681190"
116.413320364004,-2.84370143776587,0.62894301272376,-4.52139761510453,6.14326716181374e-06,0.00173733931708661,"gene-RABAC1|RABAC1"
249.604475070887,-1.46578034848204,0.514030076950726,-2.85154588069474,0.00435072070379871,0.0698348512386988,"gene-CD79A|CD79A"
323.563720007368,1.27801993345869,0.311739801509105,4.09963670751027,4.13799183286168e-05,0.00485005370675642,"gene-LOC115492926|LOC115492926"
86.6876341181325,0.878686043341965,0.297262367831941,2.95592761959945,0.00311730236645518,0.0598398338463767,"gene-TYROBP|TYROBP"
380.257111841502,5.55091503096921,1.0012617577838,5.54391994682353,2.95774100404802e-08,3.92712580771394e-05,"gene-LOC140681269|LOC140681269"
188.416190826087,3.89216507790929,0.77914918106711,4.9954041825195,5.87126696483017e-07,0.000456012114545472,"gene-LOC140681274|LOC140681274"
81.1477366195544,5.01503401148226,1.056587900912,4.74644277788294,2.07025256970281e-06,0.000992617098753506,"gene-LOC140681345|LOC140681345"
77.068863367557,4.00197246120795,0.75525718650758,5.29882076291609,1.16552977364273e-07,0.000139708168867309,"gene-LOC140681336|LOC140681336"
6747.21236076752,0.677795551662388,0.205455632511604,3.29898744257647,0.000970342518739081,0.0310164595323176,"gene-CLASRP|CLASRP"
80.5747518065806,1.58481560804617,0.540049532295084,2.9345745404335,0.00334005317802241,0.0616730743423291,"gene-NKPD1|NKPD1"
172.450235745727,3.02043512424019,0.76150504408289,3.96640199261952,7.29657589123075e-05,0.00704388910197739,"gene-LOC140681287|LOC140681287"
282.981777177128,0.986323704705343,0.233284364693906,4.22798890101145,2.35789420272621e-05,0.00352991452857586,"gene-PPP1R13L|PPP1R13L"
128.141994512675,1.11525256151163,0.299217059235483,3.72723588809129,0.000193591255641561,0.0121598979089441,"gene-DMPK|DMPK"
4686.74116850413,0.565131933134946,0.201606167061708,2.80314804537685,0.00506064333933235,0.0752764155046085,"gene-ZC3H4|ZC3H4"
2870.84298849618,-0.415652975604757,0.112033668330524,-3.71007199709368,0.000207200314058052,0.0126787834114854,"gene-LOC115493148|LOC115493148"
141.656829143398,1.13135203132479,0.318970080025157,3.54689076554003,0.000389806179274931,0.0182637527123473,"gene-EHD2|EHD2"
306.775010380744,1.30474288809982,0.372951015423185,3.49842964395562,0.000468006548028081,0.0202565014625006,"gene-SLC8A2|SLC8A2"
3091.25488549032,0.954786929175975,0.285136211079938,3.34852920139386,0.000812417189278162,0.0280413259319072,"gene-HNRNPL|HNRNPL"
45.9568035255018,1.74145834834412,0.464493010085856,3.74915942873335,0.000177428269150305,0.0114562861850987,"gene-EXOC3L2|EXOC3L2"
2904.11555420686,-0.924718408298736,0.328672631644433,-2.81349379068204,0.00490063326094678,0.0737350510726554,"gene-PPT2|PPT2"
13.9478967911876,1.94247348243762,0.683727582448043,2.84100500301994,0.00449716068603995,0.0706963489704903,"gene-TRIM7|TRIM7"
346.058585032932,0.452202988094272,0.156241412484083,2.89425819252843,0.00380055509373964,0.0653132430924146,"gene-GNL1|GNL1"
74787.05872553,0.876499309583077,0.201560753860379,4.34856137812537,1.37033469087938e-05,0.00268768289789029,"gene-PPP1R10|PPP1R10"
116.437467572995,-0.751692093651253,0.221550076207641,-3.39287670994414,0.000691627598713017,0.0257729828494509,"gene-LOC100224616|LOC100224616"
49.9992675905637,1.30523802487803,0.360002874696172,3.62563222857483,0.000288255351909628,0.0152749023015947,"gene-LOC121468673|LOC121468673"
727.671118569773,-1.43426916570448,0.478386312112251,-2.99814005833832,0.00271632809276366,0.0559765949660637,"gene-LOC115493017|LOC115493017"
192.981072849234,-1.28037311974206,0.446351347695188,-2.86853199022135,0.00412381493711772,0.0678917553673886,"gene-LOC121468772|LOC121468772"
390.037436779448,-0.537025812168551,0.169257926477445,-3.17282518665448,0.00150963392688874,0.039626431686857,"gene-PABPN1|PABPN1"
2026.59654302915,0.515646210171007,0.120498272984316,4.27928299219793,1.87496345513349e-05,0.00311789393076144,"gene-NGDN|NGDN"
22.0514414632121,4.02505299867326,1.11377598822448,3.61388020681768,0.000301648474329483,0.0158354439954572,"gene-LOC140681495|LOC140681495"
143.186883329204,3.97314709711222,0.843194298766828,4.71201845520415,2.45275160595981e-06,0.00106910239697351,"gene-LOC140681497|LOC140681497"
136.285628129947,1.32410974492197,0.495816936392631,2.67056174917233,0.00757244421045252,0.0943694720666223,"gene-LOC140681492|LOC140681492"
4539.51158658202,0.971976332924533,0.254815903797286,3.81442570279197,0.000136499994514184,0.0102796645083352,"gene-RCVRN|RCVRN"
501.259652960321,0.961631466856462,0.287485087606239,3.3449786034592,0.000822889183370755,0.0280760022882537,"gene-DBP|DBP"
1527.05687983673,0.77730130538907,0.265362235051072,2.9292084657015,0.00339826426449449,0.0621100802801635,"gene-ZNF865|ZNF865"
78.4273252201721,0.867266923135021,0.301612180976041,2.87543732593451,0.00403468236874784,0.0672333809872631,"gene-TNNT1|TNNT1"
157.796581610586,1.62013040711781,0.501024263760385,3.23363662062609,0.00122224860795138,0.0354271132339657,"gene-MYBPC2|MYBPC2"
50.5608263299913,-1.48277163251686,0.490669862167266,-3.02193337485112,0.0025116582314461,0.0533583794311865,"gene-LRRC4B|LRRC4B"
114.943741309793,-0.812418321248467,0.3032277654693,-2.67923460106334,0.00737906738134252,0.093351367821663,"gene-JOSD2|JOSD2"
166.772450080855,0.901660006959501,0.300377186268073,3.00175928192766,0.00268424340801937,0.0558154245952369,"gene-LOC115491526|LOC115491526"
27.2094722962451,-1.22061487409052,0.460956874445055,-2.64800232247326,0.0080968968957203,0.097788215741428,"gene-LOC101233471|LOC101233471"
275.355954803583,6.49949951232998,1.05224434197619,6.17679682660347,6.54151653087681e-10,4.7046586890066e-06,"gene-LOC140681561|LOC140681561"
230.701423235166,0.916988335407958,0.2475467894888,3.70430308266812,0.000211972697200975,0.0128109885568858,"gene-LOC140681755|LOC140681755"
377.232986481477,1.13429922964448,0.246892956925051,4.59429561609088,4.34213467928484e-06,0.00141948330060984,"gene-LOC140681757|LOC140681757"
85.4776240584704,1.06882744295646,0.347860860332359,3.0725717228873,0.00212222826929059,0.0479970619897419,"gene-LOC140681756|LOC140681756"
1000.09358426914,0.731396549442566,0.225042229829677,3.25004133666878,0.00115388234787409,0.0341469243481694,"gene-LOC140681748|LOC140681748"
152.831147501547,1.36243195080184,0.306725833410043,4.4418558934372,8.91862845405653e-06,0.00209176893114367,"gene-LOC140681744|LOC140681744"
1287.96073403151,1.28503657969265,0.27571133062742,4.66080438830122,3.14975968232132e-06,0.00119226692817131,"gene-LOC140681743|LOC140681743"
107.442282231281,1.36420398332989,0.468829518527756,2.90980821261817,0.00361650604782519,0.0633615383579994,"gene-LOC140682029|LOC140682029"
1178.212686961,0.921752603395977,0.214373115604597,4.29975839459325,1.70984412414322e-05,0.0030742997352095,"gene-LOC140682027|LOC140682027"
110.02751258245,0.634140162116116,0.217906895981895,2.91014269768132,0.00361263771998247,0.0633615383579994,"gene-LOC140681870|LOC140681870"
63.1573594810159,1.0611829953209,0.247589480450254,4.28605849243305,1.81871119960908e-05,0.00311789393076144,"gene-LOC140681742|LOC140681742"
606.976657480823,0.762144819851789,0.2426716576562,3.14064208079685,0.00168577915339567,0.0418795290888487,"gene-LOC140682028|LOC140682028"
992.281983879992,0.80774965869418,0.233695823252701,3.45641461388355,0.00054741260737894,0.0218721748459408,"gene-LOC140681735|LOC140681735"
57.9434754850103,1.10332663178589,0.250353695259382,4.4070714859742,1.04777615298029e-05,0.00235487690382321,"gene-LOC140681734|LOC140681734"
820.878767046122,1.3613748564242,0.306745019135718,4.43813190597195,9.07430058914446e-06,0.00209176893114367,"gene-LOC140682026|LOC140682026"
48.0721913602269,1.23017264712773,0.280633802536147,4.3835512187427,1.16760181347239e-05,0.00246982124779218,"gene-LOC140681730|LOC140681730"
107.181355919465,1.03278371098629,0.317165273776178,3.25629504986452,0.00112876388134036,0.03370185399773,"gene-LOC121469191|LOC121469191"
103.9205046104,1.07131961269031,0.279581709884686,3.83186587252857,0.000127175070869077,0.00978554818071312,"gene-LOC140681737|LOC140681737"
1076.54498212591,0.948471836358798,0.23752382214647,3.993165097242,6.51971397501772e-05,0.0064232579326476,"gene-LOC140681736|LOC140681736"
51.8434900220186,1.02536681569457,0.284169018524824,3.60829910669871,0.000308211037204332,0.0159471494933349,"gene-LOC140681738|LOC140681738"
1127.89840523937,0.861522666754989,0.220060885184067,3.91492866183092,9.0430941501596e-05,0.00794540765309843,"gene-LOC140681739|LOC140681739"
637.58447049695,1.5332564789806,0.362107776003223,4.23425449711127,2.29311140666079e-05,0.0034720120498325,"gene-LOC140681727|LOC140681727"
1058.44214371423,0.886434264570988,0.231550778170702,3.82824999153101,0.000129057635520909,0.00982203719223679,"gene-LOC140681726|LOC140681726"
654.955403149684,1.09974482602796,0.250675655836201,4.38712256425318,1.14860072256778e-05,0.00246589146170371,"gene-LOC140681741|LOC140681741"
62.6248303979865,1.21442610988333,0.296189878713628,4.10016073188476,4.12863288891619e-05,0.00485005370675642,"gene-LOC140681740|LOC140681740"
1314.30862697556,1.55937379978869,0.34500480712654,4.51986107896969,6.1880223283148e-06,0.00173733931708661,"gene-LOC140681750|LOC140681750"
921.128905548792,0.823838967644921,0.258981401686694,3.18107386198168,0.00146730214342378,0.0393946676590302,"gene-LOC140681749|LOC140681749"
72.811341182149,0.992122798321428,0.31444603849276,3.15514484799042,0.00160418440979736,0.0407785621784914,"gene-LOC140681725|LOC140681725"
923.79616294155,1.1371147073936,0.258434707988433,4.40000770888904,1.08247032644422e-05,0.0023761095276464,"gene-LOC140681732|LOC140681732"
138.751946662851,1.14204981216547,0.291748237999374,3.9145045742073,9.05900205164171e-05,0.00794540765309843,"gene-LOC140681733|LOC140681733"
98.6798364598126,0.992275468212988,0.35341443346696,2.8076823532046,0.00498994196337099,0.0744557315364402,"gene-LOC140681745|LOC140681745"
82.4571185220389,1.2745458048371,0.325290101778573,3.91818194856937,8.92193517881953e-05,0.00792179726000865,"gene-LOC140681747|LOC140681747"
1029.43684097678,0.771917615172645,0.264386281474886,2.91965835317356,0.0035041531379549,0.0630732678357609,"gene-LOC115495652|LOC115495652"
1326.1230510986,-0.77586198512354,0.265534798716911,-2.9218843965935,0.00347920651332804,0.0630288494807437,"gene-LOC121468119|LOC121468119"
94.0494460853945,1.16436927104628,0.374865161663008,3.1061015803144,0.00189571581280664,0.0446284390366786,"gene-LOC115491142|LOC115491142"
2664.32358898574,0.958215550516771,0.261613175551227,3.66271900678466,0.000249552236572235,0.0138593025901738,"gene-LIPG|LIPG"
75.5077178838708,1.16554870767916,0.328165354292061,3.5517116369385,0.000382734058888237,0.0180128809620095,"gene-MYO5B|MYO5B"
1159.37947785626,-0.406484234397235,0.14922192145876,-2.72402493161552,0.00644916378814736,0.0863731582204018,"gene-PIAS2|PIAS2"
1341.07828108129,-0.570908543652776,0.204893763809993,-2.78636368934198,0.00533030308235448,0.0775238417963467,"gene-CLTA|CLTA"
861.307379954864,-0.553429092036478,0.160414991067678,-3.44998362280861,0.000560620562856125,0.0220326944702801,"gene-LNPEP|LNPEP"
412.591024659866,0.689515156358917,0.219021345452484,3.14816418890325,0.00164299380257493,0.0411050511897936,"gene-GADD45G|GADD45G"
19598.1700253959,-0.419359503999671,0.146094893171422,-2.87045970530682,0.00409875432828218,0.0677660715609321,"gene-SECISBP2|SECISBP2"
3772.09133337657,0.457443924096371,0.165311015397222,2.76717146160641,0.00565450068630208,0.0799747668355645,"gene-SLC30A5|SLC30A5"
273.102713805587,-0.925848930971217,0.243718035680428,-3.7988527537011,0.000145367420048482,0.0105777994036553,"gene-KIAA0825|KIAA0825"
549.336426312877,-0.914062086525691,0.201282862160574,-4.5411818806337,5.59397454536943e-06,0.00173733931708661,"gene-ARB2A|ARB2A"
3959.51602905473,0.542510994273786,0.157036360782159,3.45468394435322,0.000550938251774962,0.0219180810966345,"gene-ARRDC3|ARRDC3"
492.649585202604,0.901819306145101,0.337940674046205,2.66857284548648,0.0076174258201992,0.0944560801704701,"gene-LOC115491272|LOC115491272"
484.825973975631,-0.766391772275252,0.226774128477475,-3.37953794562318,0.000726077836151065,0.0264402622663213,"gene-MEF2C|MEF2C"
50.6428221374087,1.19681625785999,0.438170301013491,2.73139520202932,0.00630667949136381,0.0855852948850648,"gene-PGAP4|PGAP4"
974.197653038418,-0.813267571973782,0.205993477318887,-3.94802584314262,7.87983000583817e-05,0.0073599658963621,"gene-FER|FER"
208.147749501991,-0.775885763546415,0.278195755422351,-2.78899209791494,0.00528723550649098,0.0774559046933244,"gene-PJA2|PJA2"
231.032268895097,-0.580500600360435,0.216126181506764,-2.6859337277574,0.00723274331608894,0.0924762487632208,"gene-SRFBP1|SRFBP1"
345.431340240546,-0.779576595166354,0.248512886299001,-3.13696648401724,0.00170705639976547,0.0422621329676876,"gene-COMMD10|COMMD10"
663.210256405452,-0.718581078666737,0.207184186899495,-3.46832009440624,0.000523723062341478,0.0214622009365237,"gene-HSDL2|HSDL2"
3276.45550636799,0.384096329274601,0.14041247487357,2.73548578657593,0.00622882762660316,0.0852478178697049,"gene-SUSD1|SUSD1"
191.346596965549,0.971044799081675,0.23467075056659,4.13790298423293,3.50494503004645e-05,0.00450135083144537,"gene-LOC140681688|LOC140681688"
123.455161043154,-0.853374887022215,0.289418270885029,-2.94858677861847,0.00319230501126813,0.0606580122616656,"gene-LOC140681934|LOC140681934"
5813.00227278294,0.792389662082162,0.280033306482856,2.82962648991424,0.0046602374393261,0.0723116022947861,"gene-LOC101233072|LOC101233072"
9638.86626397538,0.758707562688272,0.245238857750067,3.09374937417749,0.00197644372236259,0.0456754481564805,"gene-DNAJA1|DNAJA1"
1983.82750256821,0.343149760479998,0.122166937438118,2.8088594809362,0.00497173418478701,0.0744156342497153,"gene-TSTD2|TSTD2"
20.8495234613368,-1.73274204958805,0.516210347705327,-3.35665888390358,0.000788903786522265,0.0277754140761781,"gene-ARK2C|ARK2C"
4765.50780448369,-0.358303038448609,0.122049652831428,-2.93571534319305,0.0033277954252746,0.0616730743423291,"gene-ATP5F1A|ATP5F1A"
210.556165876459,-0.915555761610926,0.284795831990618,-3.2147793568871,0.0013054482241834,0.0369880238382771,"gene-SETBP1|SETBP1"
513.402091585109,-0.513145644539474,0.16786903842259,-3.05682125400452,0.00223697628125143,0.049559623444668,"gene-KIAA1328|KIAA1328"
972.556962265956,0.448292650983033,0.118657662114378,3.77803374004546,0.000158071467210439,0.010922106982322,"gene-TPGS2|TPGS2"
1762.46730202742,1.1226349183583,0.268672082629526,4.17845764759382,2.93492634886773e-05,0.00390113195033564,"gene-NOL6|NOL6"
108.343761793433,0.660314900579386,0.18591892117514,3.55162829262199,0.000382855297982178,0.0180128809620095,"gene-LOC105760863|LOC105760863"
26.2440458020438,1.19188663479594,0.373331067968768,3.19257285840365,0.001410113658331,0.0387081581325058,"gene-LOC140681718|LOC140681718"
29.531587354624,1.37261949667387,0.470229014296739,2.91904466747277,0.00351105909966224,0.0630732678357609,"gene-NPR2|NPR2"
32.6218824151268,1.34520928193186,0.507802980527401,2.64907716873725,0.00807118996932977,0.0977029126354079,"gene-LOC140681948|LOC140681948"
4396.54462497793,0.390383181842804,0.134150538785712,2.9100381211766,0.00361384674523836,0.0633615383579994,"gene-RGP1|RGP1"
853.001104801443,0.856297575055485,0.181499508814014,4.7179057433866,2.38284839753294e-06,0.00106910239697351,"gene-LOC100218507|LOC100218507"
89.9791162187455,0.707704492684641,0.247751920043372,2.85650457344891,0.00428333833474079,0.0691424171217982,"gene-LOC115491279|LOC115491279"
4326.20408969101,-0.398553380582594,0.118478938025448,-3.36391756395544,0.000768444926388337,0.0274221043913471,"gene-DNAJC21|DNAJC21"
720.919838781078,-0.757274143663589,0.260211078722608,-2.91023021533554,0.00361162619752502,0.0633615383579994,"gene-IL7R|IL7R"
1428.25691064433,-0.475669376776885,0.16202488631009,-2.93577972871727,0.00332710483551333,0.0616730743423291,"gene-SELENOP|SELENOP"
2404.11539318632,0.299470504104707,0.104463719464181,2.86674173235226,0.00414721301734135,0.0680284432839298,"gene-MTREX|MTREX"
103.228860646791,-1.58546152693744,0.487910627530593,-3.24949168449508,0.00115611458270012,0.0341469243481694,"gene-IL6ST|IL6ST"
185.079845594597,0.827276752627122,0.30332411436315,2.72736888843819,0.00638416231831052,0.085982950174699,"gene-LOC116806751|LOC116806751"
6398.6052580529,0.662059281622329,0.246765516783426,2.68294893975557,0.00729761312464962,0.0926793704391297,"gene-GPBP1|GPBP1"
608.823482403366,-0.605720120315839,0.165706399873519,-3.65538157112926,0.000256799736879417,0.0141260690624949,"gene-CENPK|CENPK"
4647.64865439586,-0.308876858232698,0.0822279914093483,-3.75634687092189,0.000172411684527092,0.0112215822182701,"gene-SREK1|SREK1"
11002.1973981842,0.441388226965982,0.119232384840684,3.70191561257251,0.000213977792907129,0.0128780609756324,"gene-HNRNPK|HNRNPK"
527.204321560735,-0.523555623023957,0.165647460402653,-3.16066193681029,0.00157411077940208,0.0405229097083655,"gene-QNG1|QNG1"
6203.96391847324,0.437474731135493,0.155856116175993,2.80691410686441,0.00500185767194168,0.0745561873090249,"gene-UBQLN1|UBQLN1"
1825.77989941709,-0.342300068374059,0.10759653447152,-3.18132986397125,0.00146600602853604,0.0393946676590302,"gene-AP3B1|AP3B1"
5070.77298070138,-0.395324090789921,0.122191362830325,-3.23528669811849,0.00121520643951921,0.0353836628057578,"gene-SMARCA2|SMARCA2"
49139.3963058542,-0.593654717566526,0.196393475568235,-3.02278227852975,0.00250462369917426,0.0533583794311865,"gene-JAK2|JAK2"
111.518045659196,0.993370715308446,0.289395798338435,3.43256785693462,0.000597894243572261,0.02311888476859,"gene-LOC100221605|LOC100221605"
5789.21973035172,-0.365160138016861,0.136957663822073,-2.66622639307906,0.00767080173114954,0.0948725813420937,"gene-PHAX|PHAX"
1062.43747398435,1.4083004234157,0.398906503669342,3.53040226334102,0.000414928285041888,0.0190074154523647,"gene-LOC115491136|LOC115491136"
10921.0757154021,-0.570696685323165,0.204750610370016,-2.78727708939099,0.00531530085176991,0.0774622973169792,"gene-SSBP2|SSBP2"
316.688481383012,0.942687471138853,0.273577087678269,3.44578370630025,0.00056940591400791,0.0221960289081024,"gene-LOC140682086|LOC140682086"
377.23184328293,1.10823579509485,0.264530162225957,4.18944964827193,2.79631819189296e-05,0.00377177110273915,"gene-LOC140682085|LOC140682085"
456.061132770687,1.00895782347024,0.25223491546387,4.00007200277853,6.33232141450952e-05,0.00632528550182673,"gene-LOC140682066|LOC140682066"
209.109155922088,0.781669918164186,0.207829053997725,3.76111955055496,0.000169154553917978,0.0111610968053036,"gene-LOC140682067|LOC140682067"
241.129704223829,0.820137591930073,0.230869900430331,3.55237989188446,0.000381763259986445,0.0180128809620095,"gene-LOC140682072|LOC140682072"
358.75525467162,0.717305514765334,0.226339094700677,3.1691631342519,0.00152878561299975,0.0398370511909211,"gene-LOC140682063|LOC140682063"
792.51490353453,0.900928268423497,0.225364055366377,3.99765733252735,6.39724696101395e-05,0.00634606898532584,"gene-LOC140682062|LOC140682062"
134.611282303659,1.02882282248469,0.244899511875698,4.20099989013814,2.65738720274545e-05,0.00367537091579717,"gene-LOC140682064|LOC140682064"
367.791897809907,0.99082594137378,0.24566190885481,4.03329089964604,5.50011228603632e-05,0.00589250433984809,"gene-LOC140682076|LOC140682076"
267.425637523547,1.6196852583519,0.332844383151356,4.8661937540204,1.13767989213878e-06,0.000629399521866314,"gene-LOC140682077|LOC140682077"
654.31214853865,0.996830217636589,0.277806127686837,3.5882225706709,0.000332940016468004,0.0168627084397034,"gene-LOC140682087|LOC140682087"
217.856324664802,1.83150925898748,0.494161125474674,3.70629975643713,0.000210309370861248,0.0127640927867856,"gene-LOC140682078|LOC140682078"
681.137143844078,0.723178095997479,0.220469146071039,3.28017824210404,0.00103741522476067,0.0321598719675808,"gene-LOC140682080|LOC140682080"
47.6337065511855,0.9608185772005,0.26171413422536,3.67125214709706,0.000241365072908837,0.0138318534211981,"gene-LOC140682079|LOC140682079"
178.219901783353,1.19617691021315,0.400523683710429,2.98653227976891,0.0028216104804485,0.0569190570902577,"gene-LOC140682081|LOC140682081"
716.84558147458,0.729015899354936,0.258227054707702,2.8231584803542,0.00475530590163131,0.0730008755305801,"gene-LOC140682074|LOC140682074"
364.601473500677,0.949037843108005,0.252647117528295,3.75637708592388,0.000172390879912322,0.0112215822182701,"gene-LOC140682073|LOC140682073"
1065.15822176994,0.760389979981442,0.241139233539408,3.15332336766831,0.00161422884022186,0.0408067972543959,"gene-LOC140682071|LOC140682071"
115.513570492405,1.86686322602241,0.413323442586429,4.51671266052623,6.28070387155892e-06,0.00173733931708661,"gene-LOC140682068|LOC140682068"
484.255365306771,0.872681826020019,0.260490055733105,3.35015409154106,0.000807666163586443,0.0280413259319072,"gene-LOC140682084|LOC140682084"
1360.9771385067,1.39253319021681,0.367005375802122,3.79431278676316,0.000148052941210287,0.0105777994036553,"gene-LOC140682088|LOC140682088"
450.046773915933,0.78129586299174,0.234047599833635,3.33819216068483,0.000843254105445509,0.0282815601509546,"gene-LOC140682089|LOC140682089"
56.5764664304989,0.973012394183039,0.304527704994225,3.19515229066429,0.00139757073378696,0.038510837997685,"gene-LOC100220790|LOC100220790"
403.761771824594,-0.965744072882011,0.363886139274572,-2.65397323131702,0.00795501373107027,0.0970525169700719,"gene-LOC140682130|LOC140682130"
28.7385881902395,4.09103253280373,1.52847927685495,2.67653778154033,0.00743871783142099,0.0937814883709741,"gene-LOC140682121|LOC140682121"
10.401091120123,6.79658115338775,1.207164680118,5.6302021301049,1.79998550117291e-08,3.69871306412445e-05,"gene-LOC140683773|LOC140683773"
7.7440987476412,-6.44518146223268,1.79666895741888,-3.58729494135187,0.00033412631127196,0.0168634135485469,"gene-PLEKHH1|PLEKHH1"
18.5874694228836,-2.12644314045252,0.799588051483721,-2.65942335744847,0.00782745367748408,0.0959847346094894,"gene-GNG2|GNG2"
9.06396947460708,3.68402895126864,1.18947345244966,3.09719308462207,0.00195362579285991,0.0453692844301344,"gene-HSPB8|HSPB8"
