"baseMean","log2FoldChange","lfcSE","stat","pvalue","padj","Gene_ID"
908.275017411027,1.34926640703723,0.276827243470149,4.87403764934256,1.09340137876011e-06,0.000226674653045907,"gene-FOXP4|FOXP4"
1286.05828439795,0.606514789599268,0.160514731273443,3.77856153629942,0.000157736876546601,0.00768449105310254,"gene-ITPKB|ITPKB"
1499.53655522011,-0.428370381256753,0.146946036351962,-2.91515437837826,0.00355512636925017,0.0547363667063256,"gene-PCSK7|PCSK7"
426.857789766672,0.87641382427803,0.296197569373563,2.95888256656388,0.00308756736044609,0.0503811314067112,"gene-LPCAT2|LPCAT2"
689.472744752527,2.19301740639936,0.737360491802564,2.97414552417675,0.0029380570033478,0.0490814648141827,"gene-ACOD1|ACOD1"
867.837713248094,0.761286194783909,0.238622105832412,3.19034228672247,0.00142104378644811,0.031694038312915,"gene-CECR2|CECR2"
118.252907900058,1.82067618855297,0.452878395268434,4.02023193770107,5.81408720172823e-05,0.00373223079964747,"gene-LOC100218402|LOC100218402"
1368.0612670397,-0.315591682156979,0.114134870357733,-2.76507680052397,0.0056909395377863,0.0720396610559014,"gene-LOC100227613|LOC100227613"
12519.3673960371,-0.352183290678573,0.107601982688479,-3.2730185994638,0.00106405475427587,0.0268583561328795,"gene-COPB2|COPB2"
2122.70140570354,-0.453875095181713,0.167271330169937,-2.71340638422977,0.00665953818056044,0.0785398047667573,"gene-LOC121469393|LOC121469393"
1986.9219495395,-0.312351355702846,0.117987005111335,-2.64733692840246,0.0081128477276794,0.0896810073113931,"gene-LOC105759121|LOC105759121"
3698.87049596557,-0.401472561458702,0.111079481815605,-3.61428190784287,0.000301181216521613,0.0119771624658249,"gene-TSC2|TSC2"
8448.81518188985,-0.427746257275932,0.152454021604643,-2.80573941424255,0.0050201272247471,0.0670458685481981,"gene-SLC30A9|SLC30A9"
5717.75988078365,-1.41764059898226,0.457335472899198,-3.09978272622366,0.00193662649283973,0.0378525172000792,"gene-ELOVL2|ELOVL2"
8845.5965628441,0.68231263246771,0.210755001808007,3.23746827650278,0.00120595346722311,0.0288834991411051,"gene-SLC6A6|SLC6A6"
1496.35133113245,0.55920063821625,0.188721372878216,2.9631017922761,0.00304555835649011,0.0498880107723403,"gene-DHRS12|DHRS12"
4677.89685501514,-0.740251604689588,0.187034705779626,-3.95783018773954,7.56336952959069e-05,0.00457638139096669,"gene-DIO1|DIO1"
724.071668667335,1.05376489762771,0.399409006897019,2.63831030204936,0.00833203020361116,0.0911477975388121,"gene-IL22RA1|IL22RA1"
2424.70666804368,-0.945508252103852,0.302896301585123,-3.12155759960025,0.00179897052286154,0.0358726789273876,"gene-SUOX|SUOX"
4527.70700039807,0.399611975947754,0.143437901610052,2.7859580449952,0.00533697788266213,0.0697225437026295,"gene-MYDGF|MYDGF"
8054.3323213907,0.416254146020576,0.159865655594725,2.60377467863278,0.00922033514500231,0.0957310002000815,"gene-MYO1B|MYO1B"
34529.2838838811,-0.450024334232039,0.136067297218826,-3.30736586549744,0.000941778020908505,0.024811926775852,"gene-MTTP|MTTP"
16862.2392397699,-0.454178954885294,0.12117259223918,-3.74819871798072,0.000178109118054866,0.00832272265811135,"gene-ETFA|ETFA"
453.927168893239,1.4686553394702,0.484834034711118,3.02919191790089,0.0024520885770618,0.0436748058387655,"gene-LOC100227296|LOC100227296"
2746.75406870542,0.510849312741903,0.197390877435363,2.58800872349932,0.00965325359559567,0.0981310650883463,"gene-ATF7IP|ATF7IP"
3973.62220990721,-1.09506420713234,0.350142190391775,-3.1274843111796,0.00176309229410506,0.0357308736398279,"gene-SLC25A30|SLC25A30"
823.715792771418,1.80183075913258,0.439421830663339,4.10045799593658,4.12333275939157e-05,0.00291305397068524,"gene-LOC140683791|LOC140683791"
1021.3301427838,0.42024812889591,0.143176755887318,2.93517007206569,0.00333364916045098,0.0529828537463508,"gene-FYN|FYN"
3201.54864409392,0.50237765312245,0.147648918881311,3.40251494510632,0.000667687034002172,0.0198672240752741,"gene-RELA|RELA"
231.218712731068,1.05763515458339,0.395049392934933,2.67722257899429,0.00742353009747311,0.0838945143991465,"gene-NPTX2|NPTX2"
97.253195036579,0.968059853803628,0.354826427468231,2.72826311363266,0.00636688012932021,0.0771221897656929,"gene-POC5|POC5"
233.661857746134,1.25056513429974,0.371539863691027,3.36589759676424,0.000762950261973016,0.0216815033997995,"gene-KLF4|KLF4"
5988.54762573928,-0.842331974991901,0.250012119921772,-3.3691645639238,0.000753963992335267,0.0215228637631417,"gene-LSS|LSS"
2096.70283421917,-0.385932674571975,0.113080079300712,-3.41291478533252,0.000642720360064627,0.0194445973047303,"gene-TMEM38A|TMEM38A"
353.287416953105,0.777298198079845,0.279477855397987,2.7812514768762,0.00541497730555262,0.0704504146152453,"gene-LIMD2|LIMD2"
1098.46064782882,0.580769133183115,0.214523864708892,2.70724720520589,0.00678437179711778,0.0792199129698536,"gene-DCAF15|DCAF15"
237.039629025642,1.16428601409097,0.428291705537312,2.71844165795907,0.00655902218163666,0.0778829283841168,"gene-FGFBP1|FGFBP1"
106.685870252114,1.93823500024217,0.709689253803693,2.73110377514369,0.00631225919653862,0.0765338732496907,"gene-NEU2|NEU2"
9028.75445542281,-0.467144460099395,0.107142015823894,-4.360049197387,1.30033205638305e-05,0.00138801370685445,"gene-ALDH8A1|ALDH8A1"
40656.9586086279,1.26532739012594,0.351965225183174,3.59503524664242,0.000324347661761449,0.01238594435001,"gene-PPDPFL|PPDPFL"
2055.58031123403,0.521292027484727,0.142391031064206,3.66098920408595,0.000251243346514161,0.0105555593356082,"gene-ATF6|ATF6"
2072.27531153878,0.62329376358677,0.205131367330835,3.03851025660802,0.00237751011438214,0.0427073762876087,"gene-SUZ12|SUZ12"
13479.6037640654,-0.428575872115064,0.151720722121668,-2.82476820649048,0.00473148307412955,0.0645595148567362,"gene-UQCRB|UQCRB"
172.859869975773,1.16140226008555,0.364449434717475,3.18673085879768,0.00143890603401453,0.0319796233851453,"gene-DAB1|DAB1"
584.361914591976,1.82048714930941,0.4336680206072,4.19788193457395,2.69423023002479e-05,0.00231684263665525,"gene-LOC100229421|LOC100229421"
4030.12723021171,-0.710775941493808,0.252725059343226,-2.81244742148227,0.00491660608358955,0.0663558170043474,"gene-ABHD6|ABHD6"
3693.77934832678,-0.877152676436252,0.210694370455151,-4.16315193681439,3.13884351201173e-05,0.00245528336992245,"gene-NCOR2|NCOR2"
135.820173627686,0.813971172758798,0.288643671942535,2.819986204031,0.00480257141934957,0.0652344985704561,"gene-KIAA1755|KIAA1755"
29579.9303858376,-0.4252066201321,0.10752951815763,-3.95432461167341,7.67511484142139e-05,0.00459997641159312,"gene-ATP5F1A|ATP5F1A"
16942.1914470481,-1.62435810910488,0.425875569445737,-3.8141612847596,0.000136646209470756,0.00696785469744831,"gene-LOC140683682|LOC140683682"
6465.63705474269,-0.45151379128961,0.108195090514724,-4.17314491019502,3.00423727118625e-05,0.00237447403321383,"gene-NDUFB5|NDUFB5"
36824.4290487597,-0.984320260110055,0.190303762757426,-5.17236362459494,2.31151196786139e-07,6.95985246323216e-05,"gene-MPC1|MPC1"
818.285871980058,-1.45194968380948,0.4187320586539,-3.4674910931756,0.000525341151625762,0.0169320035775912,"gene-LOC116807936|LOC116807936"
824.18774825088,0.536018925658364,0.186457605058638,2.87474960053142,0.00404348030532602,0.0591179996987236,"gene-CHN2|CHN2"
2575.40392619629,-0.609076910919877,0.189134415555587,-3.22033887450202,0.00128039145584516,0.0298192087488358,"gene-SEC31B|SEC31B"
2264.92961193223,-0.931092095521656,0.147653780641855,-6.30591435907818,2.86497428625042e-10,3.62304648239229e-07,"gene-MKLN1|MKLN1"
1659.89403213342,-0.389660032955791,0.110772560515825,-3.51765844484676,0.000435372348721687,0.0149611921791697,"gene-SGSM2|SGSM2"
1986.81251009041,-0.521032764868034,0.169886694816667,-3.06694273751282,0.00216260281497848,0.0404560283997305,"gene-LOC121468063|LOC121468063"
334.738988235928,1.48895636011208,0.442998540985996,3.36108637468211,0.00077636542755934,0.0219149937431148,"gene-PAQR5|PAQR5"
9550.01399977682,-0.884464491210107,0.196212666979897,-4.50768293823113,6.55394156798149e-06,0.000872433105986251,"gene-LRRC8B|LRRC8B"
3987.12308922267,-0.295643817016333,0.0918513451178533,-3.21872060378643,0.00128763881535672,0.0298779457963322,"gene-LOC100224886|LOC100224886"
113.035015319238,-1.1159819202418,0.429121521190376,-2.60061978981171,0.00930555243550229,0.0959460420711599,"gene-ARHGEF37|ARHGEF37"
284.114490310708,0.45433310394947,0.116719699965242,3.89251432350122,9.92106401528577e-05,0.00565143133050918,"gene-DAGLA|DAGLA"
543.743314172656,0.69431068352469,0.257997747576327,2.69115017494205,0.00712061334775513,0.0811968227193069,"gene-LOC115493362|LOC115493362"
3636.39437591062,0.886900910124547,0.24691980482288,3.59185813693939,0.00032832857503383,0.0124685980777111,"gene-TMEM214|TMEM214"
1633.71134643242,1.46503161225107,0.36207549985683,4.04620476345505,5.20547038137215e-05,0.00342856137723085,"gene-LOC100231625|LOC100231625"
5489.22763977903,-0.419361616220848,0.159088412343209,-2.63602867137889,0.00838826435007997,0.0913770989872555,"gene-RALBP1|RALBP1"
1836.23314010526,-0.503480532266497,0.152412575727467,-3.30340544317539,0.000955181762854722,0.0250087548096497,"gene-VKORC1L1|VKORC1L1"
42439.5364544552,0.70467135650429,0.181460199420763,3.88333837807774,0.000103032026311122,0.00574667209941711,"gene-SLC2A2|SLC2A2"
237.087426599578,1.42070034734892,0.388989363048633,3.65228585227739,0.000259916324223218,0.0108121770925224,"gene-LOC100224417|LOC100224417"
273.744705155302,0.921414549726288,0.326138127702461,2.82522793706261,0.00472469924126692,0.0645595148567362,"gene-NEK5|NEK5"
2135.53261038546,1.37950769120955,0.497535310481468,2.77268298781565,0.00555962518396681,0.0710212517754046,"gene-LOC140681727|LOC140681727"
124.354627279183,-0.915402350602185,0.254429965810677,-3.59785588810456,0.000320851303776512,0.0123703828888956,"gene-LOC140681967|LOC140681967"
2419.46356692283,-0.308404467224947,0.117086364662271,-2.63399131158032,0.00843876473103349,0.0918387425031407,"gene-TRAM2|TRAM2"
41672.2215202126,0.569670321002214,0.114346938956342,4.98194640102887,6.29478726755546e-07,0.000156086038795111,"gene-HAL|HAL"
304.706424396101,1.57522715191575,0.55331375792193,2.84689677305657,0.00441476753462533,0.0621013907039732,"gene-LOC115494933|LOC115494933"
24184.5070273074,-0.514549673549818,0.185337020111283,-2.77629193153567,0.00549828149108414,0.0706670946205821,"gene-ABCD2|ABCD2"
308.58004582475,-1.18731485632138,0.257163436714292,-4.61696604887297,3.89390944751946e-06,0.000593281673172663,"gene-LOC140683689|LOC140683689"
20487.432633758,-1.32116152449688,0.216697716154492,-6.09679487140958,1.08216238173419e-09,1.14041878995089e-06,"gene-GCH1|GCH1"
21738.6817597893,-1.0423741009774,0.303990125763379,-3.42897355090001,0.000605868567321059,0.0188005079783713,"gene-LOC140683976|LOC140683976"
4298.00280375761,-0.347189602618325,0.129148288913104,-2.68830199408935,0.00718164138112199,0.0817453077458764,"gene-TTC33|TTC33"
10910.234724822,0.449755564844701,0.163481728142088,2.75110601017015,0.00593944188837966,0.0736929150938033,"gene-DDOST|DDOST"
3237.87967986867,-0.527939474515892,0.149087068175343,-3.54114867893824,0.000398389016824891,0.0139945208521321,"gene-HIP1R|HIP1R"
860.982948985691,1.22324332603244,0.440326895114999,2.7780345457049,0.00546888035456892,0.0706620626591108,"gene-INA|INA"
1495.30111436854,-0.348544274787912,0.125885013192218,-2.76875114796793,0.00562715972344553,0.0715906054956662,"gene-COX20|COX20"
5115.81702553907,-0.352114562833856,0.118547901914738,-2.97023023728503,0.00297576631803127,0.0492434560242155,"gene-LARP4B|LARP4B"
171.883995504012,0.817180388567849,0.267979846114058,3.04940987323368,0.00229291419596972,0.0420844599742135,"gene-BBS7|BBS7"
7355.58797248009,0.560860496635244,0.215599221403732,2.60140316362726,0.00928432725067156,0.0959460420711599,"gene-RNF213|RNF213"
534.917258840049,2.18437627577964,0.471861580839813,4.62927342355764,3.66950984872849e-06,0.000572896562308894,"gene-CDCP1|CDCP1"
3215.06063050925,-0.459494865346474,0.11106166252395,-4.13729503866725,3.5142411921657e-05,0.00258961303249117,"gene-BPNT1|BPNT1"
1876.32034274066,-0.467471007687501,0.173074811907219,-2.7009765461314,0.00691362137076642,0.0798978357808244,"gene-MEIKIN|MEIKIN"
4075.20897675025,-0.499927085251845,0.16851081659079,-2.96673587705567,0.00300979393219535,0.0495597058158104,"gene-SAMHD1|SAMHD1"
2457.20564262701,0.798217593230038,0.190213184577665,4.19643672441708,2.71147169243221e-05,0.00231684263665525,"gene-PDZD11|PDZD11"
7198.39874915872,0.532014229223661,0.18507269236578,2.87462305985251,0.00404510101112463,0.0591179996987236,"gene-C8G|C8G"
223.869710783192,-1.35783018946741,0.262093613897044,-5.18070688284987,2.21046612342767e-07,6.85641892091305e-05,"gene-CLIC5|CLIC5"
11215.2881934412,0.612035685016517,0.182392855351841,3.35559023864111,0.000791958146637507,0.0222557838275065,"gene-NFIL3|NFIL3"
12923.2876046673,-0.521904979262524,0.200834002278851,-2.59868833633997,0.00935806943993948,0.0963698258448491,"gene-METTL27|METTL27"
395.726421954381,0.586548696913732,0.190368825631734,3.08111737815939,0.0020622533481286,0.0391580418024539,"gene-LOC140683834|LOC140683834"
5083.75338379749,0.492853411108389,0.10224666965466,4.82023925838378,1.43386151346989e-06,0.000270636010437913,"gene-LOC100222731|LOC100222731"
276.284637300106,1.01352387218713,0.318282998765278,3.18434813081099,0.00145080416345623,0.0320303658106934,"gene-SOX9|SOX9"
41015.0718809912,1.06211133561983,0.396482202805952,2.67883735537975,0.00738782695067956,0.0836405189062612,"gene-A2M|A2M"
1007.60252348998,0.512011418621355,0.189068683178504,2.70807100368892,0.00676755419885133,0.0790965715329704,"gene-BCOR|BCOR"
10802.9533748372,0.848709346336859,0.270009431342127,3.14325815256973,0.00167078417970436,0.0349499000990575,"gene-SERPING1|SERPING1"
4963.90535688617,0.410671675941392,0.0964715517631943,4.25691997729502,2.07262499336564e-05,0.0019415122715631,"gene-SMARCD2|SMARCD2"
1329.30367458443,0.44840528308854,0.145275157443332,3.08659299346104,0.00202464606215664,0.0386963968087872,"gene-GNA12|GNA12"
17439.7899320592,-0.712725419039793,0.18697848805513,-3.81180437628551,0.000137956041384373,0.00700639397328027,"gene-GHR|GHR"
3298.78778162256,-0.312132257674609,0.105099138724916,-2.96988406814232,0.00297912153503349,0.0492434560242155,"gene-RNF130|RNF130"
5488.13542303731,-1.66641939119968,0.572368058778127,-2.91144721590002,0.00359758686788286,0.055012192903563,"gene-BHLHE41|BHLHE41"
2169.93218573982,-0.280333099752314,0.0908273835528171,-3.08643812897348,0.00202570098745984,0.0386963968087872,"gene-DPP8|DPP8"
5088.23001132273,0.228435838534711,0.0883960804741592,2.58423040149942,0.00975965726993934,0.0990534717782126,"gene-BNIP3L|BNIP3L"
3985.25735593667,-0.437315074271801,0.153288231326851,-2.85289399249007,0.00433230709266691,0.0613509020088082,"gene-SLC25A12|SLC25A12"
2220.21655186423,-0.688393103105065,0.221498522356387,-3.10789027295384,0.00188428013363487,0.0371741132136452,"gene-LOC101233080|LOC101233080"
663.320296168153,-0.730922312042322,0.233343094348756,-3.13239315730458,0.00173387521534507,0.0354961965111511,"gene-KLF11|KLF11"
684.858509855749,0.691657492303654,0.243569544967692,2.83967148846707,0.00451600142992564,0.06297808000423,"gene-DHODH|DHODH"
6940.55567238689,0.395194533604639,0.139750758073946,2.82785252152643,0.00468613892458137,0.0642274904166066,"gene-ERLEC1|ERLEC1"
6751.86567962788,-0.392101703751081,0.141727146665612,-2.76659562388704,0.00566449695960217,0.0718818226577913,"gene-MPST|MPST"
3753.11460111578,-0.32671900508972,0.101574337700073,-3.21655068088605,0.00129741615899052,0.030049679023066,"gene-MRPS14|MRPS14"
160484.052528332,-1.49149692586069,0.460941430676487,-3.23576234766256,0.00121318344146044,0.0288925005663064,"gene-LOC116808046|LOC116808046"
885.425806228765,-0.255568223744653,0.0844586993205602,-3.02595500286658,0.00247849184237834,0.0438363745996036,"gene-RGP1|RGP1"
8114.78759358725,-0.643550861127678,0.209243967879415,-3.07560054251384,0.0021007908628195,0.0396516436585304,"gene-FNIP2|FNIP2"
7418.26092641259,-0.392065001750773,0.125614443822079,-3.12117770712814,0.00180129298741825,0.0358726789273876,"gene-COPS7A|COPS7A"
591.135651739243,0.450703895951755,0.138756541851876,3.24816322125472,0.0011615261975156,0.0284215731258305,"gene-ST7|ST7"
2747.90055523475,-0.349898273045702,0.0999168470176967,-3.50189466030418,0.000461962225779494,0.0154549584846759,"gene-TCF25|TCF25"
31596.2330698505,-0.542561418226762,0.1719735025589,-3.15491287991264,0.00160546037749296,0.0341221040903797,"gene-RIDA|RIDA"
21979.1644534306,-0.415694991716323,0.158091793777898,-2.62945331811676,0.00855222727642225,0.0922007383952565,"gene-CHCHD10|CHCHD10"
145.008867223826,4.70828318716805,1.13815230162848,4.13677781122209,3.52216860341991e-05,0.00258961303249117,"gene-EGFLAM|EGFLAM"
710.647761740772,-0.423104330232477,0.135010286453803,-3.13386736185656,0.00172518818915198,0.0354953592092941,"gene-SREK1IP1|SREK1IP1"
128.745793474443,0.896801512196733,0.265999664307524,3.37143851114013,0.000747767290958419,0.0213942650711768,"gene-KIFC1|KIFC1"
348.114647608873,0.653904536463843,0.239071085078147,2.73518872535378,0.00623445201364605,0.0760840896685619,"gene-NEURL1|NEURL1"
469.678668436985,0.879720915587281,0.296251706854041,2.96950496903198,0.0029827998825359,0.0492434560242155,"gene-DMAC2L|DMAC2L"
3404.86196244128,-0.690340165202404,0.18765745746034,-3.67872492010238,0.000234402919588105,0.010151573017504,"gene-LOC100225021|LOC100225021"
811.322541501435,2.48058009429949,0.523809561505245,4.73565256649987,2.18351372363048e-06,0.000363325191434619,"gene-LOC100230622|LOC100230622"
760.578716969221,2.02717808878067,0.672027994307299,3.01650839838927,0.00255704134364206,0.0447252348986134,"gene-LOC140682068|LOC140682068"
2160.90930123568,0.548173304190068,0.15076348467038,3.63598191822482,0.000276923757034641,0.0113700578943509,"gene-MACO1|MACO1"
210.59646074459,1.53681149392491,0.537212689771776,2.86071331371154,0.00422689088844817,0.060467491148547,"gene-PRG4|PRG4"
15272.1235106767,2.5442018482656,0.443276314718877,5.73953934326294,9.49344273219968e-09,6.6696709328554e-06,"gene-LOC100223070|LOC100223070"
2668.0302120333,-0.405491812181654,0.120886779485486,-3.35431065255849,0.000795629847600957,0.0222600333025701,"gene-RNF8|RNF8"
3757.33855588501,-1.77639365357414,0.28137329137717,-6.31329876719875,2.73149436917914e-10,3.62304648239229e-07,"gene-SCAP|SCAP"
268.795509567196,0.809626286372939,0.264778554601267,3.05774871983935,0.00223006490242266,0.0414117485404361,"gene-CCDC92B|CCDC92B"
973.87123072789,0.402801822032748,0.153681910102073,2.62100999242665,0.00876696922660335,0.0933872756224739,"gene-RFTN1|RFTN1"
5266.6888903736,-0.595693532276213,0.148227186980743,-4.01878727114752,5.84984560279698e-05,0.00373621957035205,"gene-PTPRB|PTPRB"
532.142892489185,0.620938943072438,0.176602019278627,3.5160353523069,0.000438042652992097,0.0149841570856194,"gene-ZSWIM6|ZSWIM6"
208.978005278687,2.29974037066029,0.838818711035157,2.7416417163874,0.00611329831324966,0.0748390808028608,"gene-LOC100228369|LOC100228369"
8210.61065120484,-0.801937240369554,0.208082763383942,-3.85393401802275,0.000116234932199899,0.00620213904050598,"gene-LOC100219367|LOC100219367"
6269.97329174175,0.621436797301974,0.199322459693707,3.1177459793388,0.00182239800849636,0.0361790348751098,"gene-CARS1|CARS1"
11748.6879465967,0.812052832918185,0.237670638218648,3.41671499266614,0.000633815959455279,0.0192673957290179,"gene-APMAP|APMAP"
2034.56903227553,-0.26281888575328,0.0875414361841655,-3.00222268686995,0.00268016039557146,0.0462703545760371,"gene-SOCS6|SOCS6"
4923.07795298513,0.504358965205659,0.194791943958467,2.58921880934253,0.00961939493021187,0.0979842190330681,"gene-LOC100220752|LOC100220752"
144.575560506941,0.832799811612794,0.295576738597157,2.81754178480134,0.00483928174205854,0.0655922367739253,"gene-SH3GL3|SH3GL3"
548.238312140924,0.5141633122609,0.151016849643982,3.40467513044422,0.000662428089107172,0.0198039376237572,"gene-IFT80|IFT80"
1535.98003291936,0.785666073579599,0.263198002892608,2.98507612118991,0.00283507762688076,0.0480279772961935,"gene-TGFBR2|TGFBR2"
2372.55636121392,0.419076707953911,0.145936177939056,2.87164371352058,0.00408343062499428,0.0594235485427822,"gene-KHSRP|KHSRP"
720.096912183158,-1.32494020933347,0.272042938814532,-4.87033486370606,1.11409277859526e-06,0.000227238988356704,"gene-EVA1B|EVA1B"
399.200352151619,0.640085531141136,0.212834153751977,3.00743804439887,0.00263459821920777,0.0455971933105773,"gene-LOC140681752|LOC140681752"
2185.70274639595,-0.635394695987495,0.170874409701286,-3.71848948650801,0.000200417632033056,0.00898752260528378,"gene-L3HYPDH|L3HYPDH"
1518.9975261173,-0.559522298328338,0.187478707383164,-2.98445784130995,0.00284081346018921,0.0480279772961935,"gene-CLOCK|CLOCK"
11344.9242701753,-0.478407327346954,0.161887377827429,-2.95518609151192,0.0031248050720508,0.0508575095767753,"gene-RAB6A|RAB6A"
6082.53284426376,-0.724691159577798,0.275582984001848,-2.62966584167961,0.00854688330155855,0.0922007383952565,"gene-RIMKLB|RIMKLB"
2085.56009558948,-0.527405970415937,0.176667411836866,-2.98530422182751,0.00283296419014108,0.0480279772961935,"gene-MON1A|MON1A"
2975.99529476794,-0.579666914751097,0.169162639471138,-3.42668402765138,0.00061099958889977,0.0188005079783713,"gene-LOC100229817|LOC100229817"
3588.77927232502,-0.280232525566345,0.0966349641283991,-2.89990820707503,0.00373271954695457,0.0563966205385753,"gene-LTN1|LTN1"
2211.29531247298,0.621070000879904,0.215658187235505,2.87988139398426,0.00397824799670583,0.0585668500190244,"gene-CAPNS1|CAPNS1"
4990.21241725518,-0.354731449856725,0.121055952363105,-2.93030985203202,0.00338624164742181,0.0536621702672885,"gene-RRN3|RRN3"
1232.63222488789,0.62103322353024,0.229867931291758,2.70169579566972,0.00689868486019607,0.0798978357808244,"gene-LIMD1|LIMD1"
2168.68541296465,-0.385487048830814,0.100986174769584,-3.81722596890481,0.000134960553450095,0.00693226926635357,"gene-MRPL47|MRPL47"
5633.19236739392,-0.420186764305054,0.137310399119049,-3.06012339197084,0.00221245818728963,0.0411452150536245,"gene-HADH|HADH"
68978.9601992526,-0.505454052513359,0.130169368585141,-3.88304912290292,0.000103154718216644,0.00574667209941711,"gene-ATP5F1B|ATP5F1B"
4503.78765145754,-0.517793420133934,0.15718700068597,-3.29412367354974,0.000987290488284382,0.0255322607665528,"gene-NDUFA5|NDUFA5"
24446.3244162461,-0.413291832467356,0.129890670465566,-3.18184386134892,0.00146340689163421,0.0321847713940979,"gene-FH|FH"
690.952457325883,-0.266282786941841,0.0684581915695915,-3.88971401137802,0.000100362427209121,0.0056726268498108,"gene-MAFG|MAFG"
503.08949246801,0.515960251426561,0.146813979274659,3.51438094639003,0.00044078020210742,0.0149841570856194,"gene-DIPK2A|DIPK2A"
129813.771958596,1.50685215518959,0.317874890653828,4.74039378225247,2.13303251881579e-06,0.000359657723105926,"gene-CP|CP"
11883.1410206759,0.499247740262725,0.121331144022377,4.11475342366054,3.8759351805691e-05,0.00276921334991395,"gene-XPO1|XPO1"
591.051497481227,0.803243083603531,0.141781144178138,5.66537312320118,1.4670494486955e-08,8.83443206104917e-06,"gene-RAD9A|RAD9A"
1106.92844385268,-0.532710760048351,0.170617383468823,-3.12225371892246,0.00179472195294161,0.0358726789273876,"gene-NUFIP2|NUFIP2"
5517.77719337724,-0.71356591237399,0.171477617264392,-4.16127727780228,3.16472552030174e-05,0.00245528336992245,"gene-TMEM135|TMEM135"
1482.49550405225,-1.09713052070961,0.379848925732706,-2.88833387798401,0.0038728854060577,0.0575568202911385,"gene-LOC100225196|LOC100225196"
257.98868383064,1.01437678196816,0.322730083055877,3.14311195399946,0.00167161892242855,0.0349499000990575,"gene-NCF1|NCF1"
2107.52089625283,1.0453391074093,0.247223227901965,4.22832076209208,2.35441970920009e-05,0.00214145606164047,"gene-ENPEP|ENPEP"
4506.67519223137,0.4697566138635,0.133114491384028,3.52896674869363,0.000417185545696604,0.0144540504407651,"gene-SYDE2|SYDE2"
25537.5518271465,-0.290276521239957,0.087434428486824,-3.3199338780341,0.000900387711887804,0.0242261766053897,"gene-LOC116806651|LOC116806651"
3803.41983054978,-0.401961179591813,0.148278257617271,-2.71085718197024,0.00671095249957015,0.0788724027040558,"gene-TMEM259|TMEM259"
2824.01439501547,-0.257647816551916,0.0973788616787409,-2.6458290034434,0.00814909986368677,0.0899245347959712,"gene-UTP15|UTP15"
7459.08901212915,-0.6459065336478,0.151032417649415,-4.27660858311302,1.89762020104547e-05,0.00181797765624402,"gene-G3BP1|G3BP1"
1178.99627503773,-0.451220059825566,0.135333050593972,-3.33414533881545,0.000855619375299376,0.0234202654113332,"gene-URB2|URB2"
298.295137030803,0.939759573628587,0.328053573930504,2.8646527528082,0.00417466753095902,0.0600601201325458,"gene-LOC100219425|LOC100219425"
6925.64238199065,-0.999211007346436,0.245446439458974,-4.07099410180466,4.68129348942477e-05,0.00318277620791751,"gene-ADRA1B|ADRA1B"
2749.36221586987,-0.700303248757103,0.195826814971138,-3.57613562197965,0.000348710793304149,0.0128941423746324,"gene-CDH4|CDH4"
1380.75542542763,0.970088268587182,0.202545616981205,4.78948042937507,1.67213704692526e-06,0.00028966911089612,"gene-ZNF385B|ZNF385B"
632.761546898467,-0.532206592511761,0.187533406801142,-2.83792952727674,0.0045407206790388,0.0631010480298074,"gene-GFUS|GFUS"
739.167027456268,1.01510039904219,0.327543381348975,3.09913268545234,0.00194088076992455,0.0378771268772622,"gene-SRGN|SRGN"
3248.75615001468,-0.547514284223933,0.153815994193903,-3.55954065175905,0.000371504025953459,0.0134342313764249,"gene-PHF14|PHF14"
1083.86077067775,-1.06102427440287,0.286601075100606,-3.70209453691135,0.000213826909683375,0.00942179477301727,"gene-TOR3A|TOR3A"
814.551916371396,0.580399087407933,0.198864569170637,2.91856457803662,0.00351647029987214,0.054363427154258,"gene-DOCK10|DOCK10"
515.933321725657,0.624055450892825,0.237394445983891,2.6287702237784,0.00856942414630634,0.0922272456478107,"gene-RASGEF1A|RASGEF1A"
178.754937303073,1.58013687771875,0.530809609994662,2.97684301106501,0.00291233096108311,0.0489751826248098,"gene-NAB2|NAB2"
5040.83900231938,0.414697429362697,0.129213830704545,3.20938886419154,0.00133017458293492,0.0304735285793388,"gene-PTPN2|PTPN2"
4381.95611075301,0.499566416408924,0.125461404095647,3.98183345714889,6.83856927937259e-05,0.00419808481101679,"gene-OSBP|OSBP"
4451.87399876605,1.3123913932889,0.30710526465598,4.2734252529309,1.92492833098765e-05,0.0018302739604263,"gene-LOC115497648|LOC115497648"
2519.41260442418,0.641552676399166,0.234422153084875,2.73674082400773,0.00620511585206779,0.0758163237345403,"gene-MPEG1|MPEG1"
3402.50845738557,-0.244874700402053,0.0919067526653759,-2.66438203179281,0.00771299136511756,0.0862411115613215,"gene-DNAJC1|DNAJC1"
103.167746625849,0.878719109769718,0.288246277619474,3.04850115334275,0.00229986030025338,0.0420870132173646,"gene-HES1|HES1"
2267.36941934602,0.485838822769494,0.149747438065822,3.24438821154283,0.00117703208100581,0.0284507114837833,"gene-TGIF1|TGIF1"
5982.66689113615,-0.440713582340467,0.0992980017715638,-4.43829255853842,9.06753165187495e-06,0.00111328160455933,"gene-NDUFS3|NDUFS3"
5278.68550544219,-0.428141667689185,0.118021714102981,-3.62765166514701,0.000286010771432635,0.011560100266489,"gene-GUSB|GUSB"
3346.41086033582,-0.281059733254955,0.106025558392083,-2.65086774846868,0.00802852717748796,0.0889043386046521,"gene-RHOT1|RHOT1"
9709.32277278414,-0.330349560032267,0.103523173649018,-3.19106870846402,0.00141747566654098,0.031694038312915,"gene-OGDH|OGDH"
2514.20407425251,-0.762791681997507,0.278173725768981,-2.742141371867,0.00610400641452733,0.0748219995639348,"gene-DMC1|DMC1"
871.128180405224,-0.720985389899837,0.169093101056821,-4.26383681766863,2.00946220548923e-05,0.00189639246646394,"gene-TIMM8A|TIMM8A"
2941.00057495683,-0.517827382739316,0.190399885453197,-2.71968326822657,0.00653444734206541,0.0778829283841168,"gene-ZNF609|ZNF609"
107480.413067777,-0.588803578185585,0.194121397563273,-3.0331719510399,0.00241997665013773,0.0432795959425988,"gene-ACLY|ACLY"
3218.88920631373,-0.520592904438081,0.107417336585264,-4.84645142941944,1.25689341120147e-06,0.000248354282469591,"gene-ATP23|ATP23"
726.105677363418,0.360481857200376,0.120773660662498,2.98477213676369,0.00283789639265521,0.0480279772961935,"gene-RIT1|RIT1"
21533.2642648707,-0.397286120586856,0.149018819673141,-2.66601306773377,0.00767567093232293,0.0860518923848899,"gene-COMT|COMT"
9802.07466708119,0.744400203725595,0.154748192633662,4.81039675524887,1.50630994866845e-06,0.000280129347218547,"gene-CREB3L2|CREB3L2"
1077.04206867801,0.478767301200967,0.174433881654692,2.74469212437026,0.00605676899412437,0.0745076855055417,"gene-APBB1IP|APBB1IP"
793.728055769537,-0.402607256654228,0.141894873986091,-2.8373629388028,0.00454878721317073,0.0631428955129315,"gene-LOC115492298|LOC115492298"
2560.48896073815,-0.449557361522277,0.163167667822345,-2.75518653616935,0.00586586822023021,0.0732975070860976,"gene-ZNF639|ZNF639"
6889.88953333849,0.688254103083805,0.184282889596827,3.73476943296019,0.000187887243849595,0.00860877567290572,"gene-SELENOS|SELENOS"
4203.95328340261,0.760527695661881,0.212232784718899,3.58346000439657,0.00033907270303831,0.012797609646042,"gene-LRIG1|LRIG1"
358.75401082927,2.07914836876141,0.47697008276903,4.3590750109336,1.30613341068859e-05,0.00138801370685445,"gene-LOC140684264|LOC140684264"
203.698771029913,1.04937778227066,0.282990063449164,3.70817890027848,0.000208755156238863,0.00928293429629735,"gene-HPDL|HPDL"
438.594859209137,-0.538372745449081,0.172272016647205,-3.12513173019626,0.00177725451679832,0.0358726789273876,"gene-LOC100229080|LOC100229080"
6040.807196444,0.658611706261049,0.196933408514744,3.34433710982939,0.000824794484343171,0.0228498231159462,"gene-STAT2|STAT2"
343.275819486979,0.858897608377716,0.24370238421964,3.52437097046873,0.000424489496984887,0.014666923985986,"gene-LOC105760834|LOC105760834"
1904.91550511254,-0.640639411741502,0.197468205880092,-3.24426612824201,0.0011775367173932,0.0284507114837833,"gene-ULK1|ULK1"
834.226187039347,0.410889982408153,0.15537710730869,2.64446924984793,0.00818191405030604,0.0902079207324936,"gene-PAK5|PAK5"
1737.85042608853,0.632787360486445,0.166781072487988,3.79411974660386,0.000148168158941649,0.00746507784054222,"gene-RMP24|RMP24"
4103.0176173317,-0.383739039506711,0.118945538520679,-3.22617430026599,0.0012545692977404,0.0294489675588676,"gene-HINT3|HINT3"
1819.65100342662,-0.591717495015424,0.218617548626393,-2.70663310760401,0.00679693283909846,0.0792202881873172,"gene-PDHB|PDHB"
865.144582515524,-0.513749739050585,0.192245479964941,-2.67236316372315,0.00753190858834121,0.0848161317971175,"gene-NSD2|NSD2"
1082.16117989152,-2.30580557319852,0.714995879132951,-3.22492148625343,0.0012600722084197,0.029454479016036,"gene-FILIP1|FILIP1"
736.240500541635,0.413341512740681,0.135735686836967,3.0451941001864,0.00232530188368523,0.0423104570087532,"gene-FEN1|FEN1"
138.777352366037,2.337503482722,0.800091821982384,2.9215440259474,0.00348301045144634,0.0542399284078108,"gene-LOC140683547|LOC140683547"
3064.25577479616,0.275101274119015,0.0865865119717027,3.17718392685596,0.00148712690784793,0.0324541716366822,"gene-PSMD3|PSMD3"
9626.20962708858,-0.523471143774735,0.1180238011194,-4.43530151384599,9.19435116537658e-06,0.00111648030567174,"gene-ESD|ESD"
1942.88461639732,0.307633847106888,0.118045540305475,2.6060607313991,0.00915902203362996,0.0953292120471477,"gene-CDS2|CDS2"
1823.46121341762,0.556077718263505,0.180675717606553,3.07776676152156,0.00208558079311019,0.0394234001639334,"gene-CELF2|CELF2"
2334.40430779298,-0.56134690271314,0.209765133673687,-2.67607343928939,0.00744903206387075,0.0841075531068835,"gene-LOC115490839|LOC115490839"
14846.6836494455,-0.408801289614123,0.101832955785247,-4.01443016616578,5.95895828448927e-05,0.00376784932328257,"gene-NDUFA10|NDUFA10"
6497.08137777048,-0.720637286601526,0.18664998739163,-3.86090187667402,0.000112969267426926,0.00613137062609831,"gene-BCAT1|BCAT1"
940.602239125844,-0.451726193084285,0.12628163692603,-3.577132860171,0.000347383631688364,0.0128827372619679,"gene-OSGEPL1|OSGEPL1"
4011.24822988552,-0.972521284282104,0.332158940077616,-2.92787929794951,0.00341282506245352,0.0538808810733923,"gene-LOC100224630|LOC100224630"
6118.18341368834,0.596605028036645,0.226330186902355,2.6359940589544,0.00838912003196297,0.0913770989872555,"gene-DNAJB9|DNAJB9"
3422.0550469222,-0.287152332895319,0.106783575822926,-2.68910579817526,0.00716437087739023,0.081622192896826,"gene-FBXO33|FBXO33"
9326.25240532799,1.4921878161878,0.337447277573321,4.42198801222683,9.77968838491052e-06,0.00114635319558957,"gene-MKNK2|MKNK2"
3317.52622941478,-0.239218289721706,0.0713927031496312,-3.35073864930329,0.000805963286964201,0.0224498055659676,"gene-COPS5|COPS5"
137.060783051259,0.977434818057457,0.289678948359453,3.37420038146711,0.000740304571993198,0.0212770264032409,"gene-BRICD5|BRICD5"
6574.93849846353,0.645830500371346,0.175827085355546,3.67310018854825,0.000239625476386773,0.0102375127513079,"gene-H6PD|H6PD"
9008.54464792697,-0.615943525551872,0.207836149102151,-2.96360151115549,0.00304061755322851,0.0498837255861828,"gene-SCARB1|SCARB1"
12398.0351547377,-0.423677053738926,0.109845049908655,-3.85704275332614,0.00011476709481336,0.00617046722895009,"gene-UBXN4|UBXN4"
5536.1450002381,0.551070867505487,0.189489036991651,2.9081939317142,0.003635228261473,0.0553202125085289,"gene-ZFHX3|ZFHX3"
9254.41229399135,-0.610051868228361,0.154055611181134,-3.95994578549352,7.49667805003822e-05,0.00455783608753766,"gene-RNH1|RNH1"
284.525502928076,0.59267550559623,0.226089466353438,2.62142025082106,0.00875642465146199,0.0933674082144927,"gene-PDLIM7|PDLIM7"
533.53993620882,0.74393021474102,0.270642732793426,2.74875370590069,0.00598223185777267,0.0740228024201498,"gene-LOC121469596|LOC121469596"
6623.60308019485,-0.329318519096059,0.116036239459068,-2.83806611306312,0.0045387780432052,0.0631010480298074,"gene-LOC116806607|LOC116806607"
49966.0381313862,1.77444606769758,0.242124883022033,7.32863985539273,2.3250025211219e-13,9.80066062736919e-10,"gene-TMEM86A|TMEM86A"
1772.54439303755,0.919365042001061,0.255220864290392,3.60223308763268,0.000315495276824069,0.0122404319230225,"gene-LOC115493774|LOC115493774"
3202.63805556588,-0.432795847457794,0.153298702819511,-2.82321924124403,0.00475440471481611,0.0647890108012549,"gene-LOC100221217|LOC100221217"
1010.33433894345,0.371796207189291,0.128179878721717,2.90058167394958,0.00372470757241074,0.0563428851204621,"gene-CRTC2|CRTC2"
274.288456709379,-0.618609177660565,0.172734590433305,-3.5812698319936,0.000341928289824898,0.0128309351724797,"gene-SLC36A4|SLC36A4"
1658.52018069307,-0.576447255400574,0.215796398908628,-2.67125521239421,0.007556816730193,0.0850209113612283,"gene-PLCH2|PLCH2"
453.560174931059,1.30828738481655,0.385224106002101,3.39617216169078,0.000683353633410924,0.0202381499955844,"gene-LOC100228204|LOC100228204"
145.763431783122,1.23015664063837,0.474009989945205,2.59521247807577,0.00945324589022187,0.0971127112329373,"gene-LOC121469438|LOC121469438"
1981.60098899525,0.394741899294717,0.135821199571583,2.90633495021279,0.00365689764771924,0.055462053015124,"gene-FOXK1|FOXK1"
1372.9471633037,-0.428964834566013,0.139358134124539,-3.07814708671876,0.00208292079355944,0.0394234001639334,"gene-TTC19|TTC19"
491.78977839311,-0.564636124612705,0.215802207951381,-2.61645202786764,0.00888488482496712,0.0938665442744646,"gene-PAQR8|PAQR8"
690.531078123477,0.664681443494473,0.218096213991546,3.04765237016098,0.0023063656618404,0.0420870132173646,"gene-LOC115498489|LOC115498489"
5702.90174588221,-0.675251797787801,0.175865371877526,-3.8395949730118,0.000123237450357876,0.00654815461019203,"gene-UBQLN4|UBQLN4"
5214.09062905283,-0.614153129232606,0.132567706029724,-4.63275067228591,3.60839012663474e-06,0.000570396269267786,"gene-PALMD|PALMD"
593.211551223348,-0.496679012470642,0.15560454824775,-3.19193120036466,0.0014132499082965,0.031694038312915,"gene-ZC3HC1|ZC3HC1"
21713.9021094215,0.887006184865317,0.20268335947002,4.37631479557413,1.20702658195825e-05,0.00133895246977579,"gene-C8A|C8A"
7022.54811319373,-2.2926958998989,0.300517984153077,-7.62914707537454,2.36311919862214e-14,2.98840053857756e-10,"gene-DNAJC28|DNAJC28"
13449.8494124636,-1.26876726052222,0.308326793647784,-4.11500812339906,3.87165779343033e-05,0.00276921334991395,"gene-ANKRD9|ANKRD9"
881.013995436734,1.30180274656899,0.347168460505824,3.74977250143134,0.000176995068878798,0.00832074216000476,"gene-LOC140682200|LOC140682200"
924.585434374722,1.07047113612862,0.316894689559031,3.3780027605329,0.000730143476888366,0.0211290489902295,"gene-LOC140681749|LOC140681749"
16210.1924805916,0.690973897265937,0.209707995197076,3.29493349367336,0.000984449756254665,0.025510966429501,"gene-C8B|C8B"
2251.14366761542,-0.329241961035076,0.115375182369231,-2.85366362396217,0.00432182654812663,0.0613509020088082,"gene-SETD3|SETD3"
7876.55628659648,-0.388792818935153,0.143045853336502,-2.7179593806229,0.00656859015116596,0.0778829283841168,"gene-KIF5B|KIF5B"
1173.18058318697,0.855402899843691,0.188514962573827,4.53758623806159,5.69017640260755e-06,0.000790746931729397,"gene-UAP1|UAP1"
243.790192861607,-1.34123126273905,0.403146763123394,-3.32690569644615,0.000878160866476598,0.0237528894075608,"gene-CFAP100|CFAP100"
3916.80612457705,0.335641796708094,0.0900937536363212,3.72547244576988,0.000194949748197893,0.00886810976874301,"gene-EP300|EP300"
1816.66619984115,1.29138280330584,0.493210068770079,2.6183220600629,0.00883633634152025,0.0936893634526414,"gene-MMP17|MMP17"
17587.8968611599,0.536715622349831,0.169608014623159,3.16444729066798,0.00155377803054676,0.0334737256802289,"gene-MAN1A1|MAN1A1"
232.080544545333,3.22846801964001,0.76467827811781,4.22199519984615,2.42149268038434e-05,0.00217151915814016,"gene-LOC140682152|LOC140682152"
2100.68254437648,0.628748959399134,0.235503674328927,2.66980530639603,0.00758952399621573,0.0852372295347638,"gene-CACNB2|CACNB2"
2297.35495500735,-0.460938364043953,0.176455498462418,-2.61220742941101,0.00899596536950021,0.0944091104254769,"gene-KYAT1|KYAT1"
238.439987631256,-0.961493448095065,0.25435556757479,-3.78011559669261,0.000156755563364757,0.00768449105310254,"gene-LOC105758784|LOC105758784"
1075.65912407753,0.880730227563047,0.308276954653454,2.856944751362,0.00427740284346964,0.060922394473209,"gene-TTF2|TTF2"
33346.3487209432,-0.583002107740079,0.151887625356057,-3.83837792166017,0.000123849762745847,0.00655315522880326,"gene-CISD1|CISD1"
1151.35565841013,-0.40012194955967,0.124183701667142,-3.22201661077992,0.00127291755224992,0.0296998438482519,"gene-VPS45|VPS45"
1068.17037446373,-0.486441549807678,0.142784859521707,-3.40681464013156,0.000657257464366667,0.0196959191809973,"gene-TBC1D24|TBC1D24"
562.382376973056,0.598595136067528,0.165733541404781,3.61179234446903,0.000304088025024687,0.012054850045336,"gene-H1-10|H1-10"
105649.24549766,0.622390266096732,0.219147247829889,2.84005513306677,0.00451057374072841,0.06297808000423,"gene-HSP90B1|HSP90B1"
99118.4303543275,-0.710530218303518,0.275011869854138,-2.5836347306768,0.0097765273759696,0.0991451204462804,"gene-ELOVL6|ELOVL6"
698.513518392417,-0.88212468327937,0.276268349981459,-3.19299942732699,0.00140803225780674,0.031694038312915,"gene-HUNK|HUNK"
2241.65419367497,0.265430485097895,0.0952102298148292,2.78783577787934,0.00530614342378148,0.0693914061397525,"gene-LIN54|LIN54"
1261.34115567607,-1.50800637727128,0.311754273967284,-4.83716344312101,1.3170512658594e-06,0.000256237389354739,"gene-SLC25A47|SLC25A47"
4539.63525098162,-0.394261570930561,0.122691365450225,-3.21344187085856,0.00131154343198711,0.0302108893277031,"gene-MFN1|MFN1"
4569.76104164705,0.494181110934336,0.155994088087663,3.16794768950874,0.00153519140664069,0.0331297449289729,"gene-GALNT11|GALNT11"
481.119453419321,0.744054256488786,0.248533510594406,2.9937784031991,0.00275545991471599,0.0472161871023014,"gene-SLC16A9|SLC16A9"
9618.5323523692,-0.499969570029849,0.146634176103577,-3.40963875758874,0.000650489781590505,0.0195859375666513,"gene-ATP5PD|ATP5PD"
3590.84476304517,-0.879405078277355,0.242132278603629,-3.63192005357098,0.000281320282559746,0.0115131918875422,"gene-SLC7A5|SLC7A5"
202.832298377317,0.556257082834908,0.211428062333492,2.6309519970793,0.00851460616004299,0.0922007383952565,"gene-SYK|SYK"
796.379587279891,-0.866441994424988,0.226535127100628,-3.82475780032168,0.000130900708394338,0.00678414101241622,"gene-CRAT|CRAT"
4128.91143554561,1.01131409959057,0.326861844932287,3.09401086504936,0.00197470254600811,0.0384669704190433,"gene-LOC100223824|LOC100223824"
788.500538446178,1.93759967998053,0.404397087023773,4.79132946837133,1.65679804719029e-06,0.00028966911089612,"gene-LOC115497382|LOC115497382"
2082.37570163055,0.425824554447076,0.144742496304169,2.94194562979091,0.00326157186480209,0.0523575307337914,"gene-GTF2H3|GTF2H3"
77655.4419451711,-0.525468959024729,0.176728697210668,-2.97330862117061,0.00294608063148606,0.049150574756956,"gene-LOC100228673|LOC100228673"
755.564797077176,0.547523877604967,0.174358346835725,3.14022177625272,0.00168819979327296,0.0351134450423187,"gene-RASA3|RASA3"
4804.43611613565,-0.374531081253035,0.128394538596213,-2.91703280644121,0.00353378602451766,0.0545644176630651,"gene-RAB11B|RAB11B"
8101.54448249182,0.425568176543251,0.123734193461932,3.43937406982153,0.00058306097687876,0.0182962509022551,"gene-FBXL5|FBXL5"
3632.80578961309,-0.612526851983596,0.158780034872682,-3.85770699996855,0.000114455735609527,0.00617046722895009,"gene-AADAT|AADAT"
450.338300771705,0.665521664691037,0.254461074178887,2.61541639261954,0.00891187366088637,0.0939901496873825,"gene-ITGA2|ITGA2"
17522.5858691896,-0.527926823773075,0.115784580755059,-4.55956069737729,5.12607396732869e-06,0.000720270348787096,"gene-PDHA1|PDHA1"
14583.1055724876,-0.326809139072521,0.11495498584326,-2.8429314020196,0.00447006902837166,0.0626701695485455,"gene-SDHD|SDHD"
3075.4928099982,0.352622352123393,0.103953270334487,3.39212370124356,0.000693531217797045,0.0204534891550186,"gene-ANKIB1|ANKIB1"
505.442517997833,0.415174932931342,0.157184302836239,2.64132566318589,0.00825822964507406,0.0906761090011026,"gene-TNFAIP8L1|TNFAIP8L1"
17628.4313744107,-1.36790626506132,0.299726359869672,-4.5638503922582,5.02238753594502e-06,0.000713630480669221,"gene-PLIN2|PLIN2"
446.575014055302,1.33850960566654,0.382189953185611,3.50221033941333,0.000461415195400973,0.0154549584846759,"gene-LOC115493336|LOC115493336"
2148.60492468334,-0.508095790344107,0.153993937675698,-3.29945319934689,0.000968733788945443,0.0252589845257816,"gene-TBC1D8B|TBC1D8B"
5354.37010868761,-0.397656026599455,0.134292853169825,-2.961110864899,0.00306531577038885,0.0500826656748545,"gene-UBAC1|UBAC1"
814.840610346028,0.610874174379035,0.236496555646562,2.5830151001944,0.00979410362024093,0.0992437775493324,"gene-PIM1|PIM1"
19218.0541862994,-0.501208284170653,0.191046710873641,-2.62348554381632,0.00870351385159913,0.0930385766418619,"gene-IDH1|IDH1"
129.019370790218,0.978261133352329,0.356487010458629,2.74417048770942,0.00606640231890013,0.0745536673710506,"gene-LOC115490949|LOC115490949"
924.83145981195,-0.529842084374017,0.202323026722873,-2.61879279366335,0.00882415287861803,0.0936893634526414,"gene-CEP15|CEP15"
43446.6684435547,1.61969355174115,0.516682705462547,3.13479343244352,0.00171975163244067,0.0354953592092941,"gene-LOC100190731|LOC100190731"
2474.43622318178,-0.674872140538636,0.187332959395692,-3.60252751419543,0.000315138031880515,0.0122404319230225,"gene-FAM20B|FAM20B"
162.358978790553,1.23632402305853,0.463890521120714,2.66512025309698,0.00769607970874932,0.086204272804999,"gene-LOC121468894|LOC121468894"
12174.7929738811,0.454817028050075,0.150173922303531,3.02860191086174,0.00245688195310831,0.0436986345696311,"gene-VEGFA|VEGFA"
8685.28094382984,-0.346250100430146,0.110632616341377,-3.12972893420264,0.00174967675513024,0.0356302934708165,"gene-SEC13|SEC13"
306.603245525137,2.64625653201464,0.633417650859472,4.17774359212123,2.94415282729461e-05,0.00236016397269744,"gene-TMC3|TMC3"
989.962581789133,0.893107485936825,0.257611262762527,3.46688058728284,0.000526535747489724,0.0169320035775912,"gene-ARFGEF3|ARFGEF3"
443.281555698765,-1.40928423593525,0.303938416744348,-4.63674270278458,3.53942545457186e-06,0.00056657688985463,"gene-GPD2|GPD2"
3868.64324525072,0.556641175011032,0.19517325726576,2.85203609761492,0.00434401672779848,0.0614479144739817,"gene-LAPTM5|LAPTM5"
1032.8772382015,-0.557880275767692,0.178649501456746,-3.12276424629578,0.00179161195574145,0.0358726789273876,"gene-SEC22C|SEC22C"
8043.52876131714,0.573705025181559,0.207807174392799,2.76075658531951,0.00576676392531146,0.0724922411760161,"gene-PNRC1|PNRC1"
202.065347935834,1.17174944636797,0.423142847179677,2.76915810861009,0.00562013546040065,0.071573245752494,"gene-ADAMTS12|ADAMTS12"
20035.376337872,1.6677298410119,0.278666103716639,5.98468855296348,2.16804305685629e-09,1.82780483313364e-06,"gene-RRBP1|RRBP1"
1802.76414970462,0.513371155584313,0.149434973840381,3.43541503298063,0.000591646960932292,0.0185197214553212,"gene-CYRIB|CYRIB"
2598.94840108515,1.38897869814487,0.234639717030364,5.91962313850353,3.22680164268214e-09,2.5503833483349e-06,"gene-FYB2|FYB2"
461.038161075353,1.77912138954736,0.485221387452023,3.66661782756489,0.000245779696105426,0.0103950837356161,"gene-DSG2|DSG2"
8528.24403022608,-0.354269795383028,0.122713601701525,-2.88696436638471,0.00388978280924932,0.0576853834871278,"gene-PITPNB|PITPNB"
1868.11591872342,-0.729799997076602,0.238027554483941,-3.06603157209616,0.00216920408237616,0.0405195787676941,"gene-FRMD6|FRMD6"
101.006472057656,1.49955640503308,0.471799337378683,3.17837751397578,0.00148101778946289,0.0324518245573591,"gene-DNAJB5|DNAJB5"
316.308476434528,0.689238567301269,0.262506922188339,2.6256014948313,0.00864960174600414,0.092605131601406,"gene-CKS2|CKS2"
83.668677256902,2.32501584002412,0.878672525204745,2.64605501290979,0.00814365713250762,0.0899245347959712,"gene-PTPRQ|PTPRQ"
5853.34653019167,-0.437593572937414,0.165744398603129,-2.64017111061003,0.00828641777952882,0.0908283328953026,"gene-COPG1|COPG1"
465.192318356051,0.54178545814063,0.169554129726883,3.19535394987627,0.00139659448067002,0.0315945148525099,"gene-CPNE2|CPNE2"
1183.92655575046,0.381664233930581,0.141324487988559,2.7006235038437,0.00692096355323515,0.0798978357808244,"gene-MXD1|MXD1"
2152.63696305509,0.298186688471373,0.112285034484279,2.65562271803126,0.00791621247472875,0.0879687372191738,"gene-GNAI1|GNAI1"
15979.3954541811,1.13727521114672,0.215011168866212,5.28937737115591,1.22733435349013e-07,4.52447707365018e-05,"gene-LOC100220817|LOC100220817"
3429.60611575081,-0.459603031263394,0.154756656478726,-2.96984337682802,0.00297951615899833,0.0492434560242155,"gene-SNX4|SNX4"
371.301192422296,0.619970007595569,0.230086863250344,2.69450414872672,0.00704934490424809,0.0807482025897839,"gene-LOC140681757|LOC140681757"
1684.89047758445,0.319551471654547,0.114289442363091,2.79598417008065,0.00517419347108354,0.0680175162529339,"gene-HSF2|HSF2"
943.909740921909,1.33547047355621,0.343578320623328,3.88694627511238,0.000101513210156955,0.00570549358064381,"gene-LOC100229197|LOC100229197"
1417.8748515174,0.600771906317498,0.214251199020938,2.80405388190517,0.00504644707921816,0.0671055412868484,"gene-INPP5D|INPP5D"
112.704580860201,1.35064404512943,0.432687173981558,3.12152549543102,0.00179916668450178,0.0358726789273876,"gene-ST6GALNAC1|ST6GALNAC1"
628.690232652478,0.61063706283394,0.227190976059522,2.68776988164336,0.00719309487643384,0.0818020483879338,"gene-TRAF3IP2|TRAF3IP2"
148.221808940093,1.15125316538249,0.441477330840834,2.60772883443376,0.00911451258625844,0.0951007641632213,"gene-NFE2L3|NFE2L3"
920.306935941291,0.598033410926057,0.17856732071033,3.34906414313165,0.000810850214241301,0.0225362896907593,"gene-SMOX|SMOX"
333.929622296262,0.93171912086703,0.273718178496203,3.40393585104891,0.000664223505328024,0.0198107793593825,"gene-LOC100221944|LOC100221944"
4285.28298547505,-1.07592257008425,0.274108159853463,-3.92517526898665,8.66666121752485e-05,0.00502745861269813,"gene-LOC100223131|LOC100223131"
430.057161717744,0.819077200653605,0.256070572535075,3.19863853368552,0.00138078174712696,0.0312927705630242,"gene-RASSF2|RASSF2"
2313.69135861975,0.526518926008198,0.155556029929169,3.38475420237931,0.000712420186532046,0.0208323740144239,"gene-ETV6|ETV6"
2927.71021991388,0.806507856281548,0.281262562473967,2.86745540959151,0.00413787109072302,0.0599959264412192,"gene-IRF8|IRF8"
3650.57092474785,-0.720687967719597,0.147559237337227,-4.88405863790528,1.0392414680788e-06,0.000219037460088742,"gene-ESRRG|ESRRG"
50625.1386269086,0.699845839256717,0.207237561845873,3.37702216250357,0.000732751458178595,0.0211561071692386,"gene-C5|C5"
2482.26723182397,-0.756700521295454,0.174585034282605,-4.33428056651502,1.46237572783407e-05,0.00152836392183385,"gene-SORBS2|SORBS2"
1332.08726042161,0.25726174827955,0.0982163849982107,2.6193363590427,0.00881010306564081,0.0936893634526414,"gene-LOC100218031|LOC100218031"
10568.7420089163,-0.340461976068716,0.119790454286114,-2.84214613007091,0.0044810946918645,0.0627551754964767,"gene-NUCKS1|NUCKS1"
670.45043602622,1.33039838397138,0.317469979079945,4.19062737152969,2.7818419785387e-05,0.00232443954961572,"gene-COA1|COA1"
233.166744782271,0.747894325155967,0.288040563587151,2.59648959105609,0.00941817592523204,0.0968310997971417,"gene-GPRIN3|GPRIN3"
6060.96323835662,-0.597507436470325,0.148822536163246,-4.01489889820793,5.94712821460662e-05,0.00376784932328257,"gene-BLTP3B|BLTP3B"
415.69834812972,0.609622566622417,0.210357978845707,2.8980244532087,0.00375521309811033,0.0564666169306817,"gene-CAMK2D|CAMK2D"
4427.90314031045,-0.526409253801722,0.14783865157071,-3.56070113065083,0.000369865876931831,0.0134342313764249,"gene-CAMSAP2|CAMSAP2"
1295.72001982968,0.571857121376423,0.158412227298859,3.60993043988683,0.00030627912918861,0.0121031682957593,"gene-CKS1B|CKS1B"
352.02481334821,-0.491882258243714,0.175621763668279,-2.80080468371107,0.00509753613261257,0.0674752110380271,"gene-CRADD|CRADD"
3918.0440136383,-0.598530815989319,0.178401219195821,-3.35497043510866,0.000793734669999049,0.0222562497490199,"gene-CA8|CA8"
2474.77625217234,0.440370636139184,0.13217145802714,3.3318134089794,0.000862820855900544,0.0234963478721118,"gene-BLNK|BLNK"
6328.44364339743,0.718721513835639,0.27345547386883,2.62829448490174,0.00858141910748041,0.0922272456478107,"gene-CHST4|CHST4"
3397.59484388911,0.7672619728212,0.256375216371999,2.99273066905152,0.00276493634610018,0.0473144587723719,"gene-FGFRL1|FGFRL1"
8658.77707628896,-0.232964595879357,0.0845941958018775,-2.75390756624684,0.00588883972793573,0.0732975070860976,"gene-LONP1|LONP1"
563.886466027908,4.25330953349611,1.12373367807265,3.78498003262756,0.000153720920251358,0.00762777440193518,"gene-LOC140681198|LOC140681198"
26918.9596976642,-0.571355884142238,0.144979932169091,-3.94093082810842,8.11660313183861e-05,0.00479638145818837,"gene-CYCS|CYCS"
3484.69876697854,1.02765148787456,0.247573541167944,4.15089384360926,3.31179355352864e-05,0.00253823886532868,"gene-BORCS6|BORCS6"
4132.64670889444,0.420588552793424,0.131098642741285,3.20818388351609,0.00133576063630693,0.0305461645691455,"gene-LOC100226582|LOC100226582"
9904.71190007287,-0.519735039370792,0.187323247066548,-2.77453571572007,0.00552805637543217,0.0707991687808599,"gene-AKR1A1|AKR1A1"
146.163671946022,0.835862353649415,0.294356131728605,2.83962949485991,0.0045165959020738,0.06297808000423,"gene-MIR2954|MIR2954"
9687.63691273066,-0.717480348300327,0.262160790883498,-2.73679502523003,0.0062040936463392,0.0758163237345403,"gene-SLC25A1|SLC25A1"
4869.77879737111,1.4615057978847,0.348490631630369,4.1938166057642,2.74299775530107e-05,0.00232443954961572,"gene-FNDC3B|FNDC3B"
5366.50519297806,-0.388055668330575,0.118830046125582,-3.26563593117242,0.00109218571219363,0.0273500604285162,"gene-GLG1|GLG1"
793.415391079973,-0.733580404786527,0.21018459352401,-3.49017210294592,0.000482709574028172,0.0159799614480635,"gene-TIE1|TIE1"
2265.97501023656,0.590771043954052,0.202830581147987,2.91263299947368,0.00358395542133424,0.0548700971648823,"gene-LOC140684249|LOC140684249"
2373.04329381735,-0.813450500058119,0.234679039940811,-3.4662256171803,0.000527820162318674,0.0169320035775912,"gene-MIEF2|MIEF2"
179.933613336716,-1.42308168208252,0.467704958794652,-3.04269102844243,0.00234472942261472,0.0424805849260542,"gene-HTR2A|HTR2A"
4148.74086531139,0.65911923319252,0.229985856244103,2.86591203457722,0.00415809768825179,0.0599959264412192,"gene-LOC100229802|LOC100229802"
6955.69322609449,-0.45837462527515,0.0890155069467862,-5.14937948451126,2.61349634505338e-07,7.34450550656556e-05,"gene-PDS5A|PDS5A"
3741.28496635537,-0.304788688748233,0.112738588616433,-2.70349924093167,0.00686136047104669,0.079847566976655,"gene-CCND1|CCND1"
151.344520553129,0.879350289492477,0.30560520354643,2.8774061412828,0.00400959169728571,0.0588228498884862,"gene-LOC115496148|LOC115496148"
613.328185859055,0.60210941516171,0.165433770526698,3.63957983454497,0.000273083264777372,0.0112856567528583,"gene-ANAPC5|ANAPC5"
9214.07674873391,2.06526277150572,0.554882572619943,3.72198168299708,0.000197665364986379,0.00892741502006339,"gene-LOC100190094|LOC100190094"
1479.74311892935,0.819557845763571,0.239166596803486,3.42672370103994,0.000610910334127517,0.0188005079783713,"gene-PIM3|PIM3"
2947.87433999143,0.336692758326699,0.100125464351948,3.36270858273575,0.000771817935230189,0.0218353682526196,"gene-ZMYND8|ZMYND8"
1594.8730359835,0.630904762174329,0.211753696451898,2.9794273854277,0.00288787668872082,0.0486934514740847,"gene-LOC100224303|LOC100224303"
9280.92404497141,-0.422746362708173,0.13618167347533,-3.10428233050577,0.00190741220928673,0.0374551782587577,"gene-SEC24A|SEC24A"
10869.4279630313,0.396011220233599,0.111579426753649,3.5491419140191,0.000386488727598946,0.0137290349697086,"gene-SLC51A|SLC51A"
203.85228329233,-1.65071862056353,0.45892203450036,-3.59694783964928,0.000321973016477423,0.0123758989859377,"gene-PRSS35|PRSS35"
7840.73283324096,-0.309202417849027,0.10629106114954,-2.90901619106064,0.00362568082193003,0.0553080333825419,"gene-WDR26|WDR26"
7021.98067136062,-0.496810990357011,0.149914017030397,-3.31397290392316,0.000919804202667701,0.0244880925198647,"gene-EPRS1|EPRS1"
237.187234081223,-1.71025282943606,0.525096341347161,-3.25702674874543,0.0011258582293002,0.0279168689563341,"gene-LOC100228937|LOC100228937"
1138.11538948583,-0.759858653132306,0.275912387587409,-2.75398527690818,0.00588744166080453,0.0732975070860976,"gene-RCN1|RCN1"
127.840514045609,0.782841225668115,0.296185351428038,2.64307880823173,0.00821559105518645,0.0903429256381633,"gene-TMEM130|TMEM130"
608.604599141232,-0.596101416861468,0.183063081601751,-3.2562623312453,0.00112889397215521,0.0279373643285221,"gene-NOS1AP|NOS1AP"
2689.07639743288,-0.784340419182475,0.177190433429602,-4.42653931141318,9.5756937917205e-06,0.00114239833669903,"gene-MVD|MVD"
21178.1811646892,-0.465340033764397,0.143177810190131,-3.25008486403344,0.0011537057458655,0.0284215731258305,"gene-NDUFS1|NDUFS1"
2851.33586478774,-0.722654467684016,0.243258344810114,-2.97072837623768,0.00297094419578225,0.0492434560242155,"gene-SH3BGRL2|SH3BGRL2"
80.9023729906692,1.01867078114616,0.391486120902898,2.60206103551454,0.00926653587184116,0.0959460420711599,"gene-NCAPH|NCAPH"
712.157966475244,0.396174644881709,0.151814791067152,2.60959187241821,0.00906503009839767,0.0948976578016034,"gene-PFKP|PFKP"
415.86379334391,1.00070318964394,0.246474134476067,4.06007385631416,4.9057195839835e-05,0.00329987924782209,"gene-LOC115493860|LOC115493860"
1590.25978783493,0.477955608794009,0.157149263436403,3.0414117021136,0.00235471617914707,0.0425396297164198,"gene-FAS|FAS"
6339.9025708672,-0.213334687717271,0.0798849934038965,-2.67052269302516,0.00757332521812187,0.0851309072963281,"gene-EIF2S2|EIF2S2"
6408.82420060641,0.745007541223647,0.20642280486774,3.60913389245432,0.000307221020317786,0.0121031682957593,"gene-DERL3|DERL3"
1981.29125037648,-0.495568499092978,0.139197633893428,-3.56017904350581,0.000370602025362526,0.0134342313764249,"gene-ABHD14B|ABHD14B"
2781.18975970673,2.25585764815366,0.535959905532055,4.20900448871121,2.56498293733597e-05,0.00224720017754815,"gene-ZBTB16|ZBTB16"
3790.14899453054,0.450261361603713,0.0938637450015135,4.79696779194621,1.61085490631509e-06,0.000286913678102262,"gene-OGA|OGA"
735.495618099804,0.483432743748372,0.171512060982146,2.81865159208072,0.00482258328726257,0.0654360388956249,"gene-PDE6D|PDE6D"
157.260366090732,0.697583329003163,0.217035453270359,3.2141445947736,0.0013083377031899,0.0301920412309115,"gene-SMAD9|SMAD9"
11713.7866526774,-0.585915414568113,0.180630853925206,-3.24371723786858,0.00117980804948625,0.0284507114837833,"gene-MGLL|MGLL"
15094.158111553,-0.693837656553833,0.222291544962307,-3.12129575900642,0.00180057098482273,0.0358726789273876,"gene-DLAT|DLAT"
282.91419013511,0.730739192231219,0.230535993635677,3.16974013778528,0.00152575324046921,0.0330411919164506,"gene-STIL|STIL"
2377.48894458005,-0.514794182672806,0.152597617025096,-3.37354011621389,0.000742082325088756,0.0212797575579873,"gene-NUP37|NUP37"
4644.54865994438,-0.35011089006518,0.12951355090017,-2.70327612540751,0.00686596824957849,0.079847566976655,"gene-NCKAP1|NCKAP1"
1537.50279522356,-0.749423321231183,0.231147638266533,-3.24218463511634,0.00118617147544349,0.0284636138111165,"gene-PEX11A|PEX11A"
15733.6149577888,-0.617192112981889,0.0911787275755618,-6.76903625870857,1.29643052984288e-11,3.23155047177268e-08,"gene-SLC25A3|SLC25A3"
2486.15897029729,-0.824461669496457,0.216029935826022,-3.8164232486762,0.000135400166755443,0.00693226926635357,"gene-CIDEC|CIDEC"
3302.84399417075,-0.304539151521213,0.0987126989181375,-3.08510611966721,0.00203479538267645,0.0388114968466462,"gene-MRPS5|MRPS5"
4582.60506963574,-0.748405496245886,0.203991846525141,-3.6688010280531,0.000243690640521951,0.0103413148994651,"gene-REEP3|REEP3"
4443.02780968635,-1.01801818886461,0.255048708868427,-3.99146576111382,6.56661700735318e-05,0.00409071126477775,"gene-SLC25A4|SLC25A4"
216.371715024303,1.25992463595251,0.3416408439204,3.68786302449852,0.00022614532466065,0.00986149577813302,"gene-LOC116808418|LOC116808418"
445.862821626207,0.927027776143371,0.329509940054,2.81335299321001,0.00490277979731404,0.0662399073897793,"gene-MACROH2A2|MACROH2A2"
373.144547013385,3.73438863652517,1.07352743219967,3.47861500741844,0.000504012113376049,0.016469605131146,"gene-LOC140681143|LOC140681143"
21053.525267346,-0.659277787658866,0.225374612095224,-2.92525312203449,0.00344176145246083,0.0539674832899619,"gene-BCO1|BCO1"
6375.49434431855,-0.398665160980989,0.144928709385509,-2.75076734396734,0.00594558540518589,0.0736929150938033,"gene-NEK6|NEK6"
7677.78904901115,-0.985032069206193,0.27207633103339,-3.62042543526253,0.000294119005243094,0.0118077109216005,"gene-LEAP2|LEAP2"
12584.5262511263,0.460703173396314,0.158316868216133,2.91000686526571,0.00361420817111551,0.0551996093380758,"gene-ARL6IP1|ARL6IP1"
100.076818555244,-1.49056775844701,0.42399113918132,-3.51556346513544,0.000438821863473757,0.0149841570856194,"gene-TMEM158|TMEM158"
2864.00629100379,0.482639351243001,0.159970350869755,3.0170550268778,0.00255243473382429,0.0447064953517202,"gene-IGF1R|IGF1R"
154.492576245453,1.45515092348124,0.534195236595139,2.72400580124245,0.00644953736037024,0.0773147483584716,"gene-CELSR1|CELSR1"
4089.23904567778,-0.277474449012905,0.0871458094074428,-3.1840251516352,0.00145242391740448,0.0320303658106934,"gene-AIFM1|AIFM1"
15825.2722404335,-0.407557932112219,0.0981138305966017,-4.15392946778224,3.26813950048192e-05,0.00252005439774966,"gene-IMMT|IMMT"
1360.04813121024,-0.39920192213777,0.127073535057107,-3.14150324029601,0.00168082948824521,0.0350177425178731,"gene-AGTPBP1|AGTPBP1"
1853.38212164796,0.445992634260403,0.153869385577188,2.89851442889315,0.00374935056599878,0.0564455800685959,"gene-FARSA|FARSA"
8392.92648180049,0.361446870708828,0.129007783512352,2.80174467670179,0.00508270821986435,0.0674152453034678,"gene-MBNL2|MBNL2"
381.973245647159,0.55640085913353,0.1870023142087,2.97536884229449,0.00292636457828416,0.0490806451684105,"gene-WARS2|WARS2"
623.933714189501,1.0673576158871,0.357738986261893,2.98362117878231,0.00284859211776767,0.0480951881459145,"gene-IL16|IL16"
394.569261659187,-0.630171853487846,0.231125389231585,-2.72653668895035,0.00640028368085044,0.0771572806749615,"gene-LOC140682215|LOC140682215"
2452.05991498259,-0.406865355689666,0.107688788918968,-3.7781588944771,0.00015799206656703,0.00768449105310254,"gene-RNF128|RNF128"
3217.06773081659,-0.325982221691287,0.103428551390433,-3.15176242255136,0.0016228825920396,0.0343113719484934,"gene-GRSF1|GRSF1"
346922.309031946,0.905674144913743,0.170671991814313,5.30651886865594,1.11738599312849e-07,4.28195856639481e-05,"gene-FGG|FGG"
4950.0262103203,-0.851410630430371,0.291094864288928,-2.92485624062848,0.0034461538436254,0.0539674832899619,"gene-TFRC|TFRC"
4090.79302408583,-0.87730321318915,0.266565700628941,-3.29113314698486,0.000997846717684058,0.0256479056744565,"gene-LOC100231862|LOC100231862"
13704.8738639234,-0.479619587518352,0.177476106018237,-2.70244597021454,0.00688313702873901,0.0798978357808244,"gene-MOCS1|MOCS1"
7197.83771713577,-0.771675217849665,0.174054265829706,-4.43353234792114,9.27015910924663e-06,0.00111648030567174,"gene-TMEM41B|TMEM41B"
627.453524250208,0.48192528241735,0.153973827058384,3.12991689317829,0.00174855764185953,0.0356302934708165,"gene-POLD2|POLD2"
1575.51092287751,-0.488564960425359,0.174814628261233,-2.79476017130144,0.00519382299493992,0.0682046579377054,"gene-DENND2C|DENND2C"
3477.94805046342,-0.3263550182653,0.0973554448452734,-3.35220098664204,0.000801717929857779,0.022380849759341,"gene-SH3GLB1|SH3GLB1"
23834.7353020264,1.08747483959023,0.205738913124136,5.28570323949404,1.25222756268983e-07,4.52447707365018e-05,"gene-XBP1|XBP1"
625.756476011977,2.77493968781036,0.426225687853798,6.51049377568771,7.49041726654947e-11,1.18404770940981e-07,"gene-SOCS3|SOCS3"
10141.4930045551,-0.298297763677938,0.0953602911390864,-3.12811297149733,0.00175932544942162,0.0357117650616145,"gene-SUCLG1|SUCLG1"
2483.5933211416,1.23489754893517,0.204118313704922,6.04991059606912,1.4492623895292e-09,1.40979785984509e-06,"gene-LDLRAP1|LDLRAP1"
1291.51292253659,-1.43596280126779,0.528350722407914,-2.71782121300698,0.00657133359053081,0.0778829283841168,"gene-LOC115493463|LOC115493463"
3199.35915208904,0.491501442731024,0.169828745727308,2.89410041054076,0.00380246544283081,0.0567721109681681,"gene-ACVR1|ACVR1"
1330.77992140979,0.382907555996222,0.12703956714976,3.01408108187927,0.00257758908567597,0.0450223640572628,"gene-MAX|MAX"
1127.62312081648,0.541449787108703,0.178001088836204,3.04183412949201,0.0023514143015538,0.0425396297164198,"gene-FOXA2|FOXA2"
249.426851145927,0.812773980593632,0.240225280826544,3.3833823725676,0.000715988707218692,0.0208626571232433,"gene-P2RY6|P2RY6"
1423.61765641937,0.960781892990489,0.296881311621749,3.23624915203353,0.00121111622194635,0.0288925005663064,"gene-LOC115491103|LOC115491103"
989.35418882484,1.00200160577006,0.324317586945324,3.08956913255211,0.00200447050955238,0.0385937839770168,"gene-CNP|CNP"
815.664029952661,-0.690466463256953,0.262236401268956,-2.63299244466368,0.00846362300643443,0.0919510107726545,"gene-TP53I11|TP53I11"
4393.5179456346,-0.437595458290928,0.145268525105804,-3.01232120290485,0.00259258112650485,0.0452144178894183,"gene-SH3BP2|SH3BP2"
4205.42874831922,-0.485681209552046,0.136448277385202,-3.559452848063,0.000371628246547567,0.0134342313764249,"gene-TMEM19|TMEM19"
6087.06320654041,-0.290385578143839,0.0986357913421863,-2.9440183344445,0.00323980806185428,0.0521836732460847,"gene-NDFIP1|NDFIP1"
9528.98283503288,0.608821746754617,0.144682722623683,4.20797822790598,2.57665685390228e-05,0.00224720017754815,"gene-MIA3|MIA3"
1974.28876857602,-0.4026425941343,0.15058002873347,-2.67394419778592,0.00749649242282011,0.0844925518529261,"gene-ATAD2B|ATAD2B"
1504.6739846448,0.694465602137649,0.198003088578887,3.5073473202968,0.000452597993809675,0.0152222186960562,"gene-UBALD2|UBALD2"
6554.05946815313,-0.472267013703803,0.153917684618817,-3.06830897874659,0.00215273909159988,0.0403311682257364,"gene-RAB18|RAB18"
9923.76698627122,0.52731042431544,0.161634458431763,3.26236391318781,0.00110487207221173,0.0275586039944566,"gene-CITED4|CITED4"
4125.47127159856,-0.514796145007761,0.175954097388583,-2.92574116004169,0.00343636719341878,0.0539674832899619,"gene-CTBS|CTBS"
4771.21537283686,-0.592506873519054,0.129080837728484,-4.59020009434216,4.42821296520006e-06,0.000666656918546667,"gene-HCCS|HCCS"
65157.0458907797,-0.327268921287446,0.12300850723206,-2.66053892248315,0.00780157096063074,0.0870773754352483,"gene-RTN4|RTN4"
471.615866998957,1.08828597570859,0.342560231847984,3.17691861030598,0.00148848802382379,0.0324541716366822,"gene-E2F8|E2F8"
8803.98601851765,-0.636565073338447,0.226925313757804,-2.80517436683088,0.00502893666760771,0.0670843176145223,"gene-STARD5|STARD5"
3924.6695428686,0.922741873248187,0.204386198679317,4.51469756378205,6.34071880143301e-06,0.000853029042158743,"gene-CACFD1|CACFD1"
2394.12063650433,-1.27694156939324,0.227426181148781,-5.61475184142442,1.96844541278691e-08,1.03720669542097e-05,"gene-LOC100220756|LOC100220756"
87.2480359085107,3.0044852558209,0.622731734651084,4.824686279244,1.40223808135682e-06,0.00026867731480058,"gene-LOC115490639|LOC115490639"
3535.04287705368,-0.445605068201034,0.142540293324436,-3.12616915405662,0.00177099652359456,0.0358336352598029,"gene-GRAMD1C|GRAMD1C"
1461.40656027016,-0.619207039772146,0.152942894521307,-4.04861593413796,5.15214113129066e-05,0.00341120297101056,"gene-HEG1|HEG1"
128.403469389704,0.547014304199371,0.207474915659809,2.63653224034223,0.00837582403941686,0.0913770989872555,"gene-LOC115491015|LOC115491015"
782.420042158239,1.0609641753757,0.351527113215852,3.01815744927824,0.00254316735506558,0.0446059561333694,"gene-LOC140682066|LOC140682066"
1108.94773464035,0.827598804004944,0.304910685974168,2.7142335184509,0.00664293214121254,0.0785398047667573,"gene-GPBP1|GPBP1"
2840.71270849787,-0.459696498140583,0.146605902509342,-3.13559338520691,0.00171506814642607,0.0354953592092941,"gene-LOC100227970|LOC100227970"
2416.5476816105,-0.305184783625524,0.117878797223342,-2.58897096691017,0.00962632102189159,0.0979842190330681,"gene-PPP6R2|PPP6R2"
528.689718724687,-0.444595644545954,0.152581156099078,-2.91383061914447,0.00357023561419154,0.0548386231552531,"gene-UCHL3|UCHL3"
284.217122904403,-0.549800089783167,0.207277644475723,-2.65248136707556,0.00799025378891397,0.0886357451005316,"gene-GJA4|GJA4"
4974.17163809963,-0.249065532778955,0.0956954571707886,-2.60268919907499,0.00924957632016462,0.0959431221004335,"gene-CAB39|CAB39"
9649.71212810261,-1.22211319334108,0.221781058860698,-5.51044890676935,3.57919696490801e-08,1.52329715918113e-05,"gene-ULK2|ULK2"
213.018803735088,3.16029934783024,1.05701049701969,2.98984670137233,0.00279117489585225,0.0476989158553346,"gene-USH1C|USH1C"
105.643751685896,0.929214699336709,0.346121387597438,2.68464975766666,0.00726058475147113,0.0824213238483877,"gene-LOC140680391|LOC140680391"
232.749225266762,1.19830363649454,0.262434430212148,4.5661068005667,4.9686569222665e-06,0.000713630480669221,"gene-TM4SF18|TM4SF18"
2032.37705598681,2.1133736101994,0.314484642047401,6.72011706657797,1.81578619641951e-11,3.28034746284587e-08,"gene-UCK2|UCK2"
9250.43316061094,0.874067791646338,0.211254708239281,4.13750679893161,3.51100048849557e-05,0.00258961303249117,"gene-ZNFX1|ZNFX1"
1322.85427081483,0.535154759753053,0.135275296863597,3.95604202807754,7.62017606353103e-05,0.00458879745235302,"gene-LOC105759171|LOC105759171"
17345.5842448407,-1.67624526998621,0.248527077599009,-6.74471886999284,1.53323602962487e-11,3.23155047177268e-08,"gene-ELOVL5|ELOVL5"
5994.66945826511,0.433147712133171,0.128306756452474,3.37587609654532,0.000735810480325993,0.0211960349298463,"gene-GTPBP4|GTPBP4"
2933.54792818369,-0.992367902713331,0.357451995193769,-2.77622706281269,0.00549937869585898,0.0706670946205821,"gene-CREB3L3|CREB3L3"
13480.4706065216,-0.44175124218129,0.1233003408607,-3.58272523090885,0.00034002821770284,0.012797609646042,"gene-ATP5PO|ATP5PO"
108.798679122109,2.97970387299284,1.01860775938208,2.9252711316478,0.00344156225624281,0.0539674832899619,"gene-LOC100218864|LOC100218864"
1932.35796344441,-0.888291295248346,0.283594508266404,-3.13225845125992,0.00173467099825173,0.0354961965111511,"gene-HAUS6|HAUS6"
630.368936667431,0.790405595000283,0.212698480309031,3.71608482510969,0.000202333679049739,0.00904138411753711,"gene-GLP1R|GLP1R"
754.901367567448,1.24056206422424,0.472219573778657,2.62708734052971,0.00861192262683768,0.0923718180992275,"gene-DNAJC6|DNAJC6"
802.015604334241,0.778468556758037,0.242721779131298,3.20724641828261,0.00134012150123525,0.0305905713079801,"gene-PLEKHO1|PLEKHO1"
225.23601487727,-1.13633963443035,0.39533590312754,-2.87436487665465,0.0040484095950573,0.0591179996987236,"gene-RPH3A|RPH3A"
2530.51539736866,-0.377993971263192,0.141987611300681,-2.66216163368459,0.00776405860831244,0.0867352342409179,"gene-SEMA4B|SEMA4B"
465343.6251385,0.746098850726906,0.155284074431406,4.80473515045795,1.54956486618412e-06,0.00028399706228644,"gene-FGB|FGB"
2009.58543433253,-0.414541192821133,0.144620660391243,-2.86640367772954,0.00415164477661828,0.0599959264412192,"gene-ACTL6A|ACTL6A"
7184.09355356967,-0.746845369135304,0.225218808073028,-3.31608792145431,0.000912871043545359,0.0244062731853586,"gene-LOC100225213|LOC100225213"
9760.43794048979,-0.644373685668219,0.222263799412127,-2.89913916423883,0.00374188770776085,0.0564439166883657,"gene-LOC100219398|LOC100219398"
597.687109614867,0.902438910824173,0.258997961471457,3.48434754349844,0.000493338429648835,0.0162467650555707,"gene-ACAP1|ACAP1"
5753.09351641375,-0.288285447137569,0.0950512851542574,-3.03294633701916,0.00242178662045445,0.0432795959425988,"gene-ELP1|ELP1"
778.429289437952,1.59050996566105,0.285401236477876,5.57289094220285,2.50546425812182e-08,1.21861926954648e-05,"gene-CSF1|CSF1"
2082.21650568187,0.604528747459424,0.182865286798273,3.3058693535767,0.0009468222349873,0.0248929604649676,"gene-SYVN1|SYVN1"
113.074872125842,1.11849659876655,0.366988369560118,3.04777124165327,0.00230545357672119,0.0420870132173646,"gene-LOC140684224|LOC140684224"
58.5751519081355,7.7552458403112,2.9484985370966,2.63023560728907,0.00853257108631359,0.0922007383952565,"gene-MYL2|MYL2"
831.225668048037,0.625969040641259,0.202507793472156,3.09108617455419,0.0019942574767476,0.0385937839770168,"gene-PSMG2|PSMG2"
720.499105339371,0.648698097005055,0.233727689922352,2.77544392459687,0.00551264048198375,0.0707026891837388,"gene-CBFB|CBFB"
1442.40449818108,-0.283282242739167,0.0992840962479502,-2.85324894363447,0.00432747064526897,0.0613509020088082,"gene-HMG20A|HMG20A"
1689.38332241038,-0.408650944623996,0.122273910338148,-3.34209434779565,0.000831487928154182,0.0229585072913489,"gene-MTIF2|MTIF2"
7715.46658102665,-0.461212885348277,0.123996790305733,-3.71955503211888,0.000199574061508138,0.00898154299584309,"gene-BAIAP2L1|BAIAP2L1"
1469.85379078242,-0.624101409847195,0.224486475145811,-2.78012922356156,0.00543372711182023,0.0704768339036704,"gene-SRR|SRR"
966.383935492926,-0.670328680233927,0.220280719009705,-3.04306560849928,0.0023418127016873,0.0424805849260542,"gene-RAB25|RAB25"
7011.90345637089,-0.910180443254454,0.255401164567682,-3.56372863371675,0.00036562394348762,0.0134342313764249,"gene-TLCD1|TLCD1"
1277.8417030268,0.758835796039982,0.258344753938642,2.93729903344664,0.00331084682557633,0.0528985887273862,"gene-PLEKHM3|PLEKHM3"
613.197608400647,0.600342503437676,0.231899783690952,2.58880148089202,0.00963105996031185,0.0979842190330681,"gene-LOC116807810|LOC116807810"
2009.9158606727,-0.254848819628325,0.083053852597144,-3.06847679739168,0.00215153035570049,0.0403311682257364,"gene-MTM1|MTM1"
1699.21599008179,0.42528111439824,0.157928841455681,2.69286541000546,0.00708408597751459,0.0809994134463377,"gene-ZBTB8A|ZBTB8A"
16874.0300086938,-0.613172958753677,0.189009654384913,-3.24413565407071,0.00117807625878707,0.0284507114837833,"gene-ACOX1|ACOX1"
535.470463934488,0.684321620303242,0.212577487241456,3.21916318225154,0.00128565299314775,0.0298779457963322,"gene-LOC100221480|LOC100221480"
1762.37881307183,0.729832605800458,0.241334692523052,3.02415122405473,0.00249331774259619,0.0439755874098625,"gene-DOCK11|DOCK11"
124.566349412228,0.747901820603587,0.169153229970971,4.42144569590504,9.8042706102756e-06,0.00114635319558957,"gene-CREB3L1|CREB3L1"
117.727870050627,0.72539788343525,0.251953310685116,2.87909645427058,0.0039881633809935,0.0586445512977254,"gene-CIMIP4|CIMIP4"
657.659605452404,0.951096940492473,0.294648688750869,3.22790148676562,0.00124701911250671,0.0293664873310239,"gene-LOC101233514|LOC101233514"
5763.58271921252,-0.350950784431346,0.123250630147364,-2.84745630924347,0.00440701430242377,0.0620843216086163,"gene-YAF2|YAF2"
2591.03019982065,0.218609340484983,0.0734318386176465,2.977037543936,0.00291048366479701,0.0489751826248098,"gene-TBC1D12|TBC1D12"
1070817.97650514,-0.792777801379253,0.239975215724272,-3.30358199277604,0.000954580501066588,0.0250087548096497,"gene-FASN|FASN"
5279.42375862913,-0.510229606459335,0.18897030818488,-2.70005172431718,0.00693286964987955,0.0799207562373535,"gene-CETP|CETP"
1070.23985131336,-1.41891746227167,0.260310507373074,-5.45086510948286,5.01253804090183e-08,2.04479213113692e-05,"gene-NLE1|NLE1"
46088.1798725099,0.741941211697252,0.234599355985643,3.16258844181421,0.00156373228435775,0.0335599854412905,"gene-CFH|CFH"
6175.26485881666,-0.346557712131197,0.128319239425291,-2.70074630806215,0.00691840881302874,0.0798978357808244,"gene-SACM1L|SACM1L"
1135.42902949843,-1.0760940752009,0.384743163151396,-2.79691539256139,0.00515930419210338,0.0678923629691356,"gene-SDSL|SDSL"
186.775786299949,0.713841368864094,0.242861930162349,2.93928887243424,0.0032896630998287,0.0526595943802958,"gene-RAD9B|RAD9B"
7916.52877042763,0.78503611681267,0.194870904579502,4.02849321455475,5.61354806778816e-05,0.00364045789052559,"gene-PTMA|PTMA"
271.069357255103,1.15167422461211,0.444237970758906,2.59247137889782,0.0095289109690845,0.0974696807186887,"gene-SCIN|SCIN"
1160.57041405476,0.821538405330206,0.311936650491766,2.63367066369103,0.00844673740101007,0.091846467044861,"gene-IL1RAP|IL1RAP"
4302.00571022381,-0.419468110022118,0.14205249511147,-2.95290913188788,0.00314794611990909,0.0511682861598591,"gene-NHERF2|NHERF2"
338.568476055788,-1.34320329682978,0.486535040792585,-2.76075345907593,0.00576681912249503,0.0724922411760161,"gene-FAM83G|FAM83G"
3365.04468396157,0.659650594495308,0.206757852784541,3.19045001489118,0.00142051411270966,0.031694038312915,"gene-BCAR3|BCAR3"
324.691276547852,0.671629418651192,0.16250035815889,4.13309500520907,3.57910692615574e-05,0.00261626509758182,"gene-LOC121470792|LOC121470792"
6205.3219179604,-0.537210502938153,0.147743721662729,-3.63609699885932,0.00027680013787909,0.0113700578943509,"gene-ETFDH|ETFDH"
3318.04490407475,-0.25816753091412,0.0906697690863009,-2.84733857288632,0.00440864469433319,0.0620843216086163,"gene-TAF2|TAF2"
1510.47456084086,1.21888618826691,0.308862664007267,3.94636947196128,7.93451450441028e-05,0.00473301275579115,"gene-FICD|FICD"
3336.53542114971,-0.898508859496632,0.273287815313826,-3.2877750457511,0.00100982493911164,0.0257707475100288,"gene-LOC100231669|LOC100231669"
609.395166419795,0.336146010151047,0.124578396714226,2.69826887339177,0.00697011195411805,0.0802370281484771,"gene-LOC100190336|LOC100190336"
78119.7100931662,0.607464957561169,0.187292804275366,3.2433972031731,0.0011811342344604,0.0284507114837833,"gene-CALR|CALR"
865.093176848899,0.902398326021433,0.277826803760611,3.24806071194981,0.00116194474980661,0.0284215731258305,"gene-LOC100229435|LOC100229435"
1365.37208454786,-0.733991996441731,0.243696339089092,-3.01191228060834,0.00259607604559245,0.0452144178894183,"gene-GLIS2|GLIS2"
242.58526131928,0.783987012411319,0.201568603849534,3.88943018624343,0.000100479868287017,0.0056726268498108,"gene-LOC115497556|LOC115497556"
203.481100843076,1.01953521822736,0.367487297854768,2.7743413831688,0.00553136001545861,0.0707991687808599,"gene-CD83|CD83"
1352.06969129302,0.612509634850457,0.228999174490922,2.67472420462695,0.00747907484730273,0.0843714366806337,"gene-NAIF1|NAIF1"
15419.6089625686,-1.2035015986527,0.228335823039312,-5.27075244976123,1.35865612424027e-07,4.77265704087289e-05,"gene-SLC25A10|SLC25A10"
391.038182431233,0.68589590182922,0.19646718462038,3.49114740537729,0.000480950822954535,0.015963527840113,"gene-LOC100222777|LOC100222777"
3376.81850340233,-0.768215313584543,0.177948595900582,-4.31706308047374,1.58118981775833e-05,0.00161774650881059,"gene-AMD1|AMD1"
3543.95376342294,0.486815027767222,0.142066371336433,3.42667320343094,0.000611023942678365,0.0188005079783713,"gene-MAN2B1|MAN2B1"
194114.384886434,-1.43888877330141,0.474444181773177,-3.03278832069083,0.00242305503142179,0.0432795959425988,"gene-LOC115494435|LOC115494435"
896.383713865264,0.515393743961424,0.119428348310817,4.31550591841135,1.59237785302168e-05,0.00161774650881059,"gene-TNFAIP2|TNFAIP2"
72.0236782536596,1.52258096653318,0.542076079624018,2.80879570924663,0.00497271906207509,0.0668278483092472,"gene-LOC100228737|LOC100228737"
4047.64345214927,-0.268610928649738,0.0971360762217433,-2.76530552908633,0.00568695028653816,0.0720396610559014,"gene-STX12|STX12"
1067.92932272804,-0.799377895257674,0.291174401507241,-2.74535773447033,0.00604449685108631,0.0744291209141553,"gene-SPR|SPR"
12434.8232736439,-0.329546010842571,0.0916838441998323,-3.59437383672852,0.000325172665206653,0.01238594435001,"gene-PSMA4|PSMA4"
319.45000995146,-1.17450455904905,0.382531586852089,-3.07034660513719,0.00213810484510487,0.040176038441599,"gene-LOC115497553|LOC115497553"
264.540430411497,1.56396267045651,0.526111382740359,2.97268358329426,0.00295208608582669,0.049167554191054,"gene-SLC6A11|SLC6A11"
119.19944342457,-0.614835452517893,0.228130812712521,-2.69510043473469,0.00703674172031083,0.0806769136854495,"gene-C7H2orf66|C7H2orf66"
9536.2308428083,0.634793008927379,0.171212572719426,3.70763080563974,0.000209207359990886,0.00928293429629735,"gene-DNAJB11|DNAJB11"
1746.64662488203,-0.43925629746423,0.155134282602723,-2.83145859248341,0.00463362327359081,0.0639703055871499,"gene-SLC25A51|SLC25A51"
19853.831434788,1.86860679424408,0.446005770738928,4.18964712305904,2.79388590496275e-05,0.00232443954961572,"gene-CLU|CLU"
3078.88980145776,1.24551529043964,0.398675123222835,3.12413596406784,0.00178328033390341,0.0358726789273876,"gene-LOC140681732|LOC140681732"
8991.71274134433,1.572274464501,0.416869150450163,3.77162585142881,0.000162187321549838,0.0077699164395497,"gene-UPP2|UPP2"
271.340719074078,0.686715111606576,0.261897331403929,2.62207754437727,0.00873955433181804,0.0932661637807349,"gene-DGLUCY|DGLUCY"
124.653132416799,1.11220517579409,0.414056207914599,2.68612124280355,0.00722868529304954,0.0821329328085395,"gene-LOC121470115|LOC121470115"
2866.47990627717,-1.07273690797644,0.249019432789354,-4.30784415481287,1.64853469461202e-05,0.00165455315460822,"gene-MICAL2|MICAL2"
9615.53329156057,-0.374652926579881,0.132492057431823,-2.82773876292674,0.00468780433769792,0.0642274904166066,"gene-ATP5MF|ATP5MF"
1830.00578867932,-0.436720349181468,0.116525419059085,-3.74785478316989,0.000178353458828734,0.00832272265811135,"gene-SYNRG|SYNRG"
10022.3721216813,-0.71506599242058,0.24255768455454,-2.94802448223319,0.00319811736025794,0.051651841810756,"gene-NCEH1|NCEH1"
23911.6504078704,-0.347285627057927,0.100428503144691,-3.45803846700352,0.000544123687363854,0.0173762327030386,"gene-HSD17B4|HSD17B4"
3375.24732567231,0.403064827884601,0.138046838529198,2.91976862475811,0.00350291353454741,0.0542901198164433,"gene-RIGI|RIGI"
350.493591311559,1.35692812730471,0.389994604720256,3.47935102404312,0.000502629742304694,0.0164669837336403,"gene-HAPLN3|HAPLN3"
5299.46103637196,-0.400386153459701,0.154789493785914,-2.58664941441999,0.00969141425208149,0.0984398591420261,"gene-NNT|NNT"
10870.0361047771,-0.575707049736036,0.137923662661116,-4.17409919826861,2.99167391270417e-05,0.00237447403321383,"gene-EHD3|EHD3"
390.714184997573,0.946863677993617,0.349223280760146,2.7113417980972,0.00670115099821142,0.0788724027040558,"gene-TARP|TARP"
7415.84584699743,-0.47733932822212,0.138588253569365,-3.44429860343978,0.000572543001069293,0.0180558074601553,"gene-TAPT1|TAPT1"
2665.3914417604,0.343852535343175,0.116543230829076,2.95042906307851,0.00317332905186342,0.0513170322121033,"gene-SEC23B|SEC23B"
688.604378137262,-1.83849465893461,0.67612031157732,-2.71918270676647,0.00654434483232624,0.0778829283841168,"gene-LOC115493458|LOC115493458"
371.003749249472,-0.481034125354793,0.141814554581788,-3.3919940500703,0.000693859469199984,0.0204534891550186,"gene-TADA2A|TADA2A"
1583.76719953562,-0.772174991468582,0.241843833316478,-3.19286616028002,0.00140868221662696,0.031694038312915,"gene-FMN2|FMN2"
2966.94759946648,-0.417564155954725,0.154533476791964,-2.70209513577992,0.00689040436646746,0.0798978357808244,"gene-NDUFB6|NDUFB6"
2084.62749179413,0.662850279994108,0.25363197927989,2.61343337648536,0.00896375582797202,0.0942635205423628,"gene-GM2A|GM2A"
1624.09152336875,-0.776077990140087,0.239224126972232,-3.24414598127124,0.00117803354505997,0.0284507114837833,"gene-SEC16B|SEC16B"
9618.98890890714,-0.84379303650442,0.215972472669415,-3.9069471496768,9.34695877592951e-05,0.0053728018491093,"gene-ITGB5|ITGB5"
4727.09705113849,0.929638571358267,0.316004069984728,2.94185632293659,0.00326251259040231,0.0523575307337914,"gene-PPM1K|PPM1K"
5236.3363922807,-0.380947596060391,0.135977298781795,-2.80155290238338,0.0050857301929075,0.0674152453034678,"gene-EPB41L4B|EPB41L4B"
2903.55942070068,-0.316700425906826,0.108115185857713,-2.92928716159843,0.00339740394091826,0.0537716773928064,"gene-MRPL12|MRPL12"
20013.9264286216,-0.35901079368433,0.120781706750481,-2.97239377835583,0.00295487436226483,0.049167554191054,"gene-NDUFA4|NDUFA4"
17492.9806215896,1.0469154670324,0.255548692144393,4.09673576588238,4.19016716501207e-05,0.0029438252204857,"gene-ST6GAL1|ST6GAL1"
1201.39841719711,0.403419593253562,0.154262628472044,2.61514792824026,0.00891888183021185,0.0939901496873825,"gene-PIGL|PIGL"
926.495116532219,-0.315728773903532,0.108637267728329,-2.90626578250366,0.00365770616911382,0.055462053015124,"gene-CEP43|CEP43"
28288.6749632441,-0.667838580806857,0.246516285274251,-2.70910532366607,0.00674649192496998,0.0789233458678726,"gene-ACSL1|ACSL1"
5858.37185614409,-0.383725402613545,0.141090735872584,-2.71970657917668,0.00653398674809359,0.0778829283841168,"gene-NDUFS7|NDUFS7"
2055.98895482401,0.864186348806213,0.298504957177808,2.89504856795879,0.00379099872511018,0.056738466731443,"gene-ARHGAP25|ARHGAP25"
1185.57235843893,-0.442290458373156,0.1513803976279,-2.92171552792671,0.00348109329477595,0.0542399284078108,"gene-TIGAR|TIGAR"
282.750265180175,1.43767432377616,0.413484150992052,3.47697564786176,0.000507103873813747,0.0165279267738367,"gene-LOC101233594|LOC101233594"
209.834729982918,0.778486881351561,0.269414008447093,2.88955606220616,0.00385786210398183,0.057489039524058,"gene-LOC116808643|LOC116808643"
11770.8824687203,-0.850778967745442,0.303067983664581,-2.80722152653062,0.00499708642532625,0.0669419014138514,"gene-FABP7|FABP7"
5642.68459374035,-0.583415742705951,0.17078861416663,-3.41601075430438,0.000635457373523626,0.0192709686944359,"gene-ABHD17C|ABHD17C"
8359.04643021135,0.755020711236523,0.287108232123575,2.6297424690754,0.00854495721291562,0.0922007383952565,"gene-CEBPD|CEBPD"
407.416920312837,0.805582501341839,0.234131219432777,3.4407308145129,0.000580145385784368,0.0182500461408685,"gene-ARHGAP15|ARHGAP15"
18129.7472126107,-0.518541359838708,0.155650722940483,-3.33144202636941,0.000863972936939112,0.0234963478721118,"gene-PLA2G7|PLA2G7"
4408.33546737697,-0.3374949008323,0.100924975881569,-3.34401765157057,0.000825744833464132,0.0228498231159462,"gene-FAM20C|FAM20C"
31427.9326279602,-0.423279616465414,0.146250212390353,-2.89421539666314,0.00380107315946015,0.0567721109681681,"gene-ATP5MC3|ATP5MC3"
328.71254809589,0.563057393839021,0.189313885234437,2.97420019213993,0.00293753358047589,0.0490814648141827,"gene-HOMER3|HOMER3"
3478.6379313482,-0.653972371332926,0.191792046506594,-3.40979922392371,0.000650107194502141,0.0195859375666513,"gene-MRPL15|MRPL15"
734.388898311737,0.456481461518886,0.139293415822471,3.27712159848725,0.00104871194600865,0.0265240225384507,"gene-CDC34|CDC34"
146.484161250045,3.00627808958501,0.700530289488305,4.29143198330641,1.77524581143143e-05,0.0017402913590203,"gene-LOC115494937|LOC115494937"
783.262594198377,2.3479160620972,0.662469751778014,3.54418606403625,0.000393827207648604,0.0139270911767059,"gene-LOC115491163|LOC115491163"
371.092002670939,0.588841422065207,0.210172528136709,2.80170499582223,0.00508333337656927,0.0674152453034678,"gene-ARHGAP28|ARHGAP28"
350.291870832592,0.870555543410793,0.333423030156487,2.61096404469185,0.00902873858376543,0.0946744843534806,"gene-TGM4|TGM4"
1387.18595587028,1.49342663132946,0.337897231996117,4.41976580425678,9.88079221249904e-06,0.00114635319558957,"gene-DLG3|DLG3"
21250.1864181994,-0.528848262100055,0.16378944807929,-3.22882986847872,0.00124297816381742,0.0293664873310239,"gene-AP3M1|AP3M1"
2853.77504094646,-0.375075891212997,0.117402295300793,-3.19479180753686,0.00139931743790725,0.0315995862853127,"gene-HMOX2|HMOX2"
1642.93429141748,0.94426116816511,0.218681908046021,4.31796656889601,1.57473274812139e-05,0.00161774650881059,"gene-LOC121468273|LOC121468273"
3466.5634720343,0.849764188580446,0.327523140791872,2.59451648676158,0.0094724070461818,0.0971517108726805,"gene-BAG3|BAG3"
903.646891334255,-0.43487403375622,0.115577645195993,-3.76261372187305,0.00016814680746195,0.00802409255533519,"gene-MAPKBP1|MAPKBP1"
488.396971509568,-0.722064732225199,0.211102887745585,-3.42043986198526,0.000625199570689694,0.0191435200264936,"gene-PASD1|PASD1"
452.732335768498,1.127169178718,0.405430270407709,2.78018012218104,0.005432875466861,0.0704768339036704,"gene-CD7|CD7"
539.293150728819,0.473281107725468,0.179537558806151,2.63611196939842,0.00838620539202612,0.0913770989872555,"gene-RNF24|RNF24"
431.584196526096,1.0066825662503,0.356154332871811,2.82653466022165,0.00470546514666999,0.0643996885766111,"gene-LOC115496557|LOC115496557"
1142.91134273814,0.54910566236562,0.199265028312005,2.75565495369234,0.00585747522876539,0.0732676871839437,"gene-METTL23|METTL23"
9773.212352454,0.516898716480706,0.174878837379568,2.95575339032474,0.00311906372289093,0.0508294843294829,"gene-STIP1|STIP1"
8519.67198314274,0.414530146753576,0.121857063032808,3.40177365543407,0.000669500622429532,0.0198744245803846,"gene-GPC4|GPC4"
2005.15931907614,-0.800132030086817,0.191072768934157,-4.18757751065271,2.81947744529226e-05,0.00233039946229843,"gene-HDHD2|HDHD2"
805.265235885112,0.829614914812158,0.198437805522255,4.18073014176282,2.90574548711366e-05,0.0023555165019256,"gene-HMGN2|HMGN2"
10903.4924086925,0.429117318628633,0.129718919173552,3.30805499585233,0.000939463586955459,0.0248026232163648,"gene-EIF4B|EIF4B"
100.489804433477,2.72043227091118,0.63601276070981,4.27732341073644,1.8915390039969e-05,0.00181797765624402,"gene-LOC115498509|LOC115498509"
3282.05641925853,-0.489759365963366,0.181639570349106,-2.69632528320819,0.00701091660318638,0.080453767117872,"gene-COBLL1|COBLL1"
1134.76899034923,1.48846682230117,0.325673838690884,4.57042183149983,4.86743456211298e-06,0.000713630480669221,"gene-MAP3K8|MAP3K8"
8398.43479108824,-0.43507577022177,0.12397832379842,-3.50928901837043,0.000449306371982017,0.0151518090135589,"gene-DNAJA2|DNAJA2"
407.147367963516,-1.45151094765428,0.522530115959683,-2.77785127272219,0.00547196581842157,0.0706620626591108,"gene-UNC93A|UNC93A"
177.545846462663,0.861533817894933,0.315212543503569,2.73318380137743,0.00627253181116192,0.0762018416246737,"gene-TXNRD1|TXNRD1"
1946.80760149795,0.182353079738617,0.0637949379415001,2.85842553692638,0.00425749019516057,0.0608364079186448,"gene-EIF4ENIF1|EIF4ENIF1"
8338.22811919713,0.554680313561551,0.123168897151963,4.50341219567145,6.68710033420287e-06,0.000880886154440932,"gene-BNIP3|BNIP3"
271.771887585207,0.681427841913556,0.24266410122395,2.80811145314271,0.00498329768533542,0.066898919881902,"gene-LOC121468803|LOC121468803"
257.086404428753,1.70943822221671,0.536813117496875,3.1844196173665,0.00145044588052079,0.0320303658106934,"gene-CAV2|CAV2"
2623.78807447312,0.723215265285759,0.253056955966207,2.85791498014516,0.00426434631712042,0.060865602174159,"gene-QPCTL|QPCTL"
4697.91368792736,-0.44475571887032,0.14134208185626,-3.14666172331197,0.00165145904024588,0.0347493361446745,"gene-NDUFA12|NDUFA12"
1259.28071664137,-0.811078301814624,0.266416386783512,-3.0444009529853,0.00233144186503835,0.0423612267604525,"gene-ZFPM1|ZFPM1"
794.47597439583,-0.583375045278473,0.213396579264791,-2.73376005973647,0.00626156547271869,0.0762018416246737,"gene-LBHD2|LBHD2"
1808.55680077072,-0.297165508889094,0.1101498909216,-2.69782844452024,0.0069793397883382,0.0802370281484771,"gene-RALGPS1|RALGPS1"
1947.71341180059,-0.396785385800808,0.137497663962055,-2.88576092398419,0.0039046864544309,0.0578204507057765,"gene-GALK2|GALK2"
2016.4415078933,-0.446211476362173,0.163758649132096,-2.72481165866382,0.00643381766847121,0.0773147483584716,"gene-PDSS2|PDSS2"
2223.17459546679,-0.371489824565936,0.111671634960144,-3.32662653948355,0.000879040980763754,0.0237528894075608,"gene-TAOK3|TAOK3"
512.030123955786,1.50746522077801,0.551383851303526,2.7339669401166,0.00625763270043363,0.0762018416246737,"gene-ANK2|ANK2"
1255.5902951424,-0.753237417525124,0.232105606076837,-3.2452357797673,0.00117353412840598,0.0284507114837833,"gene-MPV17L|MPV17L"
2883.30636095631,-0.359599414143002,0.101795594886085,-3.53256360990291,0.000411551204034575,0.0142980124346737,"gene-ACOT13|ACOT13"
6611.08852854352,-0.828847244598727,0.183446979171909,-4.51818420962938,6.23722102918135e-06,0.00084812792618309,"gene-GGACT|GGACT"
9594.18762694765,-0.660339319691859,0.184481814439397,-3.57942771594315,0.000344347477625052,0.0128827372619679,"gene-PBLD|PBLD"
1484.08369361873,-0.852131488418238,0.236559138878251,-3.60219221484739,0.000315544900119036,0.0122404319230225,"gene-NUDT15|NUDT15"
625.989442031493,1.11000297085297,0.42652174722695,2.60245339908154,0.00925593934544748,0.0959431221004335,"gene-CST7|CST7"
210.060865480602,1.86977389705018,0.525317666248521,3.55932042111375,0.000371815671496815,0.0134342313764249,"gene-FST|FST"
177294.531673759,0.675310409187826,0.230038676325333,2.93563856293785,0.00332861912977961,0.0529828537463508,"gene-HPD|HPD"
260.665178217182,1.04533739662236,0.388342631678711,2.69179150407365,0.00710693596047897,0.0811140001409902,"gene-POSTN|POSTN"
2106.07246134979,1.57327218023035,0.357965385642023,4.39503997686433,1.10752369764489e-05,0.0012617788000376,"gene-IL1R2|IL1R2"
1219.24155977426,1.96100480761128,0.439509197223952,4.46180607822878,8.12717576129027e-06,0.00103558495631095,"gene-LOC140680363|LOC140680363"
3490.13907228139,-0.340178877613668,0.122690246834763,-2.7726643835986,0.00555994300629848,0.0710212517754046,"gene-FGFR4|FGFR4"
753.118624378584,3.18491151900612,0.768444016290032,4.14462400837285,3.40371723425782e-05,0.00257502952923815,"gene-LOC115495431|LOC115495431"
3183.27123269241,-0.454237352418612,0.175177513039706,-2.59301176581754,0.00951395157173749,0.0974197826527873,"gene-SLC37A1|SLC37A1"
1924.28600072825,-1.57508091599047,0.214377356037288,-7.34723547815613,2.02348209838088e-13,9.80066062736919e-10,"gene-LOC100219136|LOC100219136"
1622.96931386412,2.61801262367228,0.749734559734397,3.49191935956607,0.000479563006727471,0.0159593520607253,"gene-LOC140683798|LOC140683798"
556.452655959932,0.869044439677395,0.30691073014081,2.83158701971312,0.00463176283848241,0.0639703055871499,"gene-LOC121470738|LOC121470738"
112.461045765753,1.1147434071945,0.42510583552937,2.62227265312966,0.0087345521977245,0.0932661637807349,"gene-PRR18|PRR18"
9674.3883181666,-0.934320604778526,0.228187498696475,-4.09453020045291,4.23025273623922e-05,0.00295264338306869,"gene-PHKA2|PHKA2"
2452.68353041512,-0.258194685792985,0.0946909595753921,-2.72670893769339,0.00639694387630885,0.0771572806749615,"gene-SPPL2B|SPPL2B"
400.824585387738,0.551233243211675,0.200265548733827,2.75251158622554,0.00591400537035383,0.0735383597969465,"gene-LOC105760548|LOC105760548"
15961.3638049919,-0.484518011581257,0.09861328449629,-4.91331380002342,8.95497769768624e-07,0.000202222585651679,"gene-UQCRC1|UQCRC1"
318.064853219159,0.702376903544547,0.232498583501812,3.02099433452709,0.00251946074127846,0.044347591337135,"gene-LOC115490872|LOC115490872"
153.436467295654,1.0187475188398,0.34653354618563,2.93982366224967,0.00328399084330049,0.0526354223122662,"gene-CDKN1A|CDKN1A"
5922.84245402812,0.55045784395474,0.207316004683063,2.65516328464973,0.00792700276472956,0.0880113054984812,"gene-IRS4|IRS4"
2164.74352073831,-0.290097750837587,0.0937723790159819,-3.09363752825494,0.00197718889549092,0.0384669704190433,"gene-MIER1|MIER1"
4747.87797209709,-0.611331570909589,0.20718295346065,-2.95068470015656,0.00317070406868633,0.0513170322121033,"gene-GMPR|GMPR"
1012.32875081326,1.02923439816265,0.398941899632076,2.57991050604578,0.00988259225269527,0.0999802093020675,"gene-UBE2L6|UBE2L6"
10676.5734561778,0.580594057282542,0.166091814356763,3.49562113901312,0.000472959712280851,0.015781130663598,"gene-STAT3|STAT3"
2113.98189184183,0.341215112530793,0.123821508565172,2.75570146483233,0.00585664244453283,0.0732676871839437,"gene-GABARAPL2|GABARAPL2"
159.412255216482,1.12130997589031,0.388224095883608,2.88830597528519,0.00387322901057717,0.0575568202911385,"gene-LOC116809045|LOC116809045"
106.562027431294,1.1030973229224,0.361545663921682,3.05105947325468,0.00228035401042068,0.0419147628136337,"gene-C2H9orf152|C2H9orf152"
149.631152137748,1.40625024048878,0.34697719171698,4.05286074721539,5.05951207146974e-05,0.00336750471872665,"gene-AGAP2|AGAP2"
6647.7135427192,-0.249585173756308,0.083876243039869,-2.97563606464433,0.0029238161359372,0.0490806451684105,"gene-FMR1|FMR1"
831.913911857853,1.05836462732496,0.268773285245123,3.93775976046028,8.22458764824589e-05,0.00482803741910146,"gene-LOC121470626|LOC121470626"
337.121424764531,1.04112856548185,0.316303457637456,3.29154974548265,0.000996369932749121,0.0256479056744565,"gene-DHX58|DHX58"
909.695699132242,0.862879148189298,0.312115101741622,2.76461838396918,0.0056989423729984,0.0720688252489377,"gene-CDH11|CDH11"
18114.5689372413,-0.189349906985408,0.0716896798194334,-2.64124358572013,0.00826023071083901,0.0906761090011026,"gene-OTULIN|OTULIN"
246.807350325588,0.80517780554046,0.30625180945644,2.62913648402454,0.00856019972047344,0.0922080797828852,"gene-LOC140681043|LOC140681043"
2859.74858361817,-0.595823645864623,0.146844535896302,-4.05751322122996,4.95980102904006e-05,0.00331860549276405,"gene-NUBPL|NUBPL"
1180.1586989688,0.549755658563999,0.172549828336997,3.18606899735828,0.00144220197857473,0.0319966424930807,"gene-CCDC77|CCDC77"
4275.65093696596,0.230873797898413,0.0887709539943677,2.60078085803901,0.00930118482696697,0.0959460420711599,"gene-SEH1L|SEH1L"
4872.48535974253,-0.505467298436211,0.1943745762267,-2.60048051678673,0.00930933050935578,0.0959460420711599,"gene-NBAS|NBAS"
1513.3381542285,-0.440981252610132,0.117976583114751,-3.73787103311178,0.000185585095307845,0.00853421496459274,"gene-THAP12|THAP12"
3738.42433586883,-0.800610137916852,0.210541203051998,-3.80262925409011,0.00014316852807562,0.00724203682417715,"gene-SLC6A4|SLC6A4"
1525.69604077173,-0.702673142427688,0.159354647427575,-4.40949262397286,1.03613087291376e-05,0.00119117372898795,"gene-SNX21|SNX21"
1299.79764158661,-0.395599902573905,0.14593057253621,-2.71087747891721,0.00671054172952211,0.0788724027040558,"gene-MRPL42|MRPL42"
6805.50538633522,0.614987959094522,0.235861905685556,2.60740689475479,0.00912308773023996,0.0951117621076789,"gene-TMPRSS2|TMPRSS2"
288392.506231677,-1.41017916979634,0.48406693155723,-2.91319046574785,0.00357756319018534,0.0548386231552531,"gene-SCD|SCD"
536.983114859988,1.25175057752041,0.452313554483023,2.76743989896813,0.00564984617975443,0.0718069897378639,"gene-LOC121468701|LOC121468701"
9439.8780226932,-0.491290865675515,0.143112374632643,-3.43290275866511,0.000597156227740221,0.0186460189037107,"gene-PPIF|PPIF"
7545.20647930931,-0.239761913029474,0.087305977533813,-2.7462256285558,0.0060285287578367,0.0743048486078001,"gene-PPP4R3B|PPP4R3B"
341.591755163751,0.806573872569841,0.210937591889006,3.82375595239684,0.000131434014553374,0.00678414101241622,"gene-RIPK2|RIPK2"
13563.5608523864,-0.37135597630531,0.142776643525704,-2.60095746149443,0.00929639805958213,0.0959460420711599,"gene-YWHAE|YWHAE"
7963.71571144626,-0.426170187608626,0.157448987081171,-2.70671914446118,0.00679517174264523,0.0792202881873172,"gene-LONRF3|LONRF3"
2056.09785463029,0.686222055948973,0.185218817798747,3.70492622782314,0.000211452265456177,0.00934973898237347,"gene-TMEM63A|TMEM63A"
4580.64130596658,-0.806021576681472,0.237913845174523,-3.38787167300083,0.000704372115142997,0.0207150924839496,"gene-WWP1|WWP1"
3433.68002091112,-0.706579640545214,0.254384672353328,-2.77760304506008,0.00547614732203259,0.0706620626591108,"gene-SFRP1|SFRP1"
10532.2268740319,-0.576547058350064,0.164173232599129,-3.51182131960484,0.000445047106927963,0.0150483040486926,"gene-ELMOD2|ELMOD2"
2453.75551330408,0.38477000265403,0.13141399964156,2.92792247175731,0.00341235120992994,0.0538808810733923,"gene-GTPBP1|GTPBP1"
11428.6304718166,-0.489013150328441,0.181245109217846,-2.69807639190239,0.00697414346360889,0.0802370281484771,"gene-LOC100225050|LOC100225050"
5987.98597171993,-0.954013325241352,0.224316093014143,-4.25298654422089,2.10938256052995e-05,0.00196141557797513,"gene-HMCES|HMCES"
346.679266082303,1.04310331972012,0.356656389731142,2.92467301793314,0.00344818333846981,0.0539674832899619,"gene-LOC105759153|LOC105759153"
71.0405944649944,2.28239407335719,0.762076887922751,2.99496561243116,0.00274475783698252,0.0470966181906118,"gene-TNNI3|TNNI3"
1937.33762256133,-0.404082029318168,0.140536562061648,-2.87528044937454,0.00403668772864052,0.0591179996987236,"gene-ELP3|ELP3"
3694.34304342203,-0.847640699495671,0.231407452195288,-3.66297926645999,0.000249298724372656,0.0105087722280554,"gene-PTP4A3|PTP4A3"
17062.273224766,0.866557797290733,0.25590275408247,3.38627773037357,0.000708476427044262,0.0207874545160133,"gene-FKBP5|FKBP5"
145570.723669582,-1.6503027280799,0.449602351533062,-3.67058295503276,0.000241997912789067,0.0103040592765338,"gene-LOC116808047|LOC116808047"
185.759450649959,-0.753310434107065,0.284086952767602,-2.65168965617127,0.00800901190149455,0.0887659636339177,"gene-PLEKHG5|PLEKHG5"
150.851922227638,1.669405014231,0.478585375058861,3.48820733192208,0.000486270850331598,0.0160558255177373,"gene-LOC140680291|LOC140680291"
190.33660241909,1.72265497338772,0.554401786384055,3.10723200338747,0.0018884812706758,0.0371989628488571,"gene-ADGRG2|ADGRG2"
1111.08894698025,0.474778352040741,0.174930147061434,2.71410251472551,0.00664555976622661,0.0785398047667573,"gene-TAF9B|TAF9B"
1300.14635487079,-0.4625253845912,0.152191213930012,-3.03910700655757,0.00237280557437935,0.0426834982839277,"gene-MMACHC|MMACHC"
5299.64853664592,0.28404351601256,0.0919389311132662,3.08948029494303,0.00200507006744425,0.0385937839770168,"gene-DDX27|DDX27"
887.227808982354,0.880805738690662,0.247582745987121,3.55762165565641,0.000374227798781389,0.0134445589300836,"gene-CD48|CD48"
9704.73305294424,-1.30380695470112,0.331157515011814,-3.93712023915447,8.24652919916112e-05,0.00482803741910146,"gene-MAPK6|MAPK6"
3982.10174436517,1.39393489224112,0.333686052930867,4.17738434075311,2.94880521656014e-05,0.00236016397269744,"gene-CREM|CREM"
1294.35669680479,1.08819183286792,0.331349191848804,3.28412399860166,0.00102299901899117,0.0259776015947034,"gene-SLC7A3|SLC7A3"
2100.71004933378,2.32672239681933,0.633080650407685,3.67523852659372,0.000237627299942567,0.0102289314736429,"gene-ZPLD1|ZPLD1"
920.77849901735,-0.396844273997392,0.152372250694337,-2.6044392741397,0.00920247269441737,0.0956240506931817,"gene-ZNRF2|ZNRF2"
101.387440283463,-5.92038250923994,1.80611606473834,-3.2779634846433,0.00104558920489651,0.0264980382467359,"gene-GPM6A|GPM6A"
3171.55550173918,-0.356135164203925,0.136432691765653,-2.61033598029166,0.00904533363791796,0.0947699164748222,"gene-PEX26|PEX26"
239.942697616995,0.622808240165123,0.23562486114436,2.64321955306553,0.00821217653009383,0.0903429256381633,"gene-UHRF1|UHRF1"
2597.8949756772,-0.725121411424857,0.128991202501534,-5.6214795843634,1.89328875816731e-08,1.03720669542097e-05,"gene-CCND2|CCND2"
4952.40330589652,0.679938811815212,0.237351460049196,2.8646919284772,0.00417415114938196,0.0600601201325458,"gene-BMP1|BMP1"
1942.19877235522,-0.978431839940686,0.275346299475657,-3.55345919594313,0.000380200173644548,0.013581953095788,"gene-LOC115497141|LOC115497141"
793.166312927583,0.391991770431094,0.110175583720185,3.55788240184543,0.000373856609661941,0.0134445589300836,"gene-ZDHHC16|ZDHHC16"
1875.42751335831,-1.18036898727459,0.345375361043861,-3.41764097967803,0.000631663703566335,0.019248239024819,"gene-LOC115496274|LOC115496274"
26731.5833058215,-0.466245783087107,0.159371818471017,-2.92552213785462,0.00343878708182337,0.0539674832899619,"gene-SLC25A13|SLC25A13"
4166.12487824688,-0.491553799224216,0.154009624745891,-3.19170831066731,0.00141434083662238,0.031694038312915,"gene-MRPL13|MRPL13"
2185.6687743795,-0.318213169473118,0.0893605649735989,-3.5610022112901,0.000369441971754206,0.0134342313764249,"gene-CHCHD7|CHCHD7"
5795.93185928953,-0.348953052562195,0.108674184345759,-3.21100226942548,0.00132272890184668,0.0304131448959147,"gene-CYB5B|CYB5B"
2981.13415201384,-0.312137879050682,0.119316672681717,-2.61604578836458,0.00889546278302532,0.0938998517146396,"gene-DDX47|DDX47"
22585.1000392956,-1.40319970422269,0.27162597085737,-5.16592614393086,2.39251256721976e-07,7.03621254071187e-05,"gene-FADS1|FADS1"
2751.9150786535,0.552357098216139,0.147287541172968,3.75019566364732,0.000176696640696376,0.00832074216000476,"gene-PDCD2|PDCD2"
1390.03017829064,0.776029754366577,0.259976538685692,2.98499917834811,0.00283579085540144,0.0480279772961935,"gene-FBXO32|FBXO32"
755.30651481468,1.34005009565295,0.273638526904634,4.89715432549441,9.72344739281059e-07,0.000215724062683303,"gene-FOSL2|FOSL2"
877.580386032276,0.539725534634452,0.200331154172873,2.69416675036327,0.00705648517887916,0.0807568430516795,"gene-CCN2|CCN2"
3605.98657227002,1.95495392358427,0.552652759140776,3.5374000966243,0.000404087025724121,0.0141162556002962,"gene-HSPA2|HSPA2"
23465.4333148472,-0.44539892214189,0.151788657843703,-2.93433599367166,0.00334262151902386,0.053037379836356,"gene-MGST1|MGST1"
249.948153611479,1.07454943204459,0.259318543970804,4.14374311836938,3.41682471893941e-05,0.00257502952923815,"gene-DACH1|DACH1"
767.780507323866,0.653595338650551,0.189569721783332,3.4477833933711,0.000565207117144374,0.0178690230085194,"gene-PIK3IP1|PIK3IP1"
28862.0235168408,-0.346199396350128,0.118587163003621,-2.91936654509188,0.00350743538589548,0.0542901198164433,"gene-SUCLA2|SUCLA2"
5444.03367205649,-0.489353173046664,0.0870550640501582,-5.62119135039307,1.8964507449133e-08,1.03720669542097e-05,"gene-VDAC3|VDAC3"
19170.2075617177,-0.488512035601622,0.109527392199138,-4.46018138287664,8.18903175953625e-06,0.00103558495631095,"gene-MDH2|MDH2"
1827.16171467865,-0.409116821777548,0.144224473390471,-2.83666712146635,0.00455871133981548,0.0631428955129315,"gene-FOCAD|FOCAD"
1336.34353563099,-0.424785281266659,0.158600986031237,-2.67832686224911,0.00739909740724655,0.0836931894562074,"gene-RAB19|RAB19"
4189.00215570224,0.722014853876766,0.266079130879519,2.71353432150113,0.00665696719824422,0.0785398047667573,"gene-P2RX4|P2RX4"
1464.18823152982,0.927233048785149,0.353119912820398,2.62583053269146,0.00864378405361814,0.092605131601406,"gene-RNF152|RNF152"
12733.6638125131,-0.579400136840183,0.208486843870057,-2.77907289536842,0.00545142901468213,0.0706339870078589,"gene-PGM1|PGM1"
1626.02666705736,-0.395265446632094,0.125511009886369,-3.14924919327752,0.001636905486914,0.0345005113125241,"gene-DPP9|DPP9"
3018.48212661778,-0.478608483940626,0.181933667571177,-2.63067573105116,0.00852153008046419,0.0922007383952565,"gene-AS3MT|AS3MT"
915.119213271747,0.340718911338367,0.131926040775008,2.58265092575197,0.00980444681179663,0.099269042739776,"gene-FUT11|FUT11"
6729.87753214235,-0.370353185989752,0.127886842029108,-2.89594441549708,0.00378019350708635,0.056738466731443,"gene-CTNNA1|CTNNA1"
683.886693557529,0.820500665822431,0.263514150679864,3.11368730561735,0.00184765192001997,0.036622893699957,"gene-MATCAP1|MATCAP1"
118.630951652663,1.31700873134675,0.371627793939146,3.54389190697186,0.000394266854440987,0.0139270911767059,"gene-LOC140684753|LOC140684753"
758.328397277395,0.480876161305369,0.177474301974745,2.70955375485178,0.00673737866345547,0.0788897134982017,"gene-IFRD2|IFRD2"
9099.91862501252,0.540924130571486,0.159939034985501,3.38206448863796,0.000719432533501515,0.0208668436207802,"gene-LPGAT1|LPGAT1"
353.540183784044,1.82376615168997,0.6601352729159,2.76271580464738,0.00573226536225137,0.0722734075483857,"gene-CCDC148|CCDC148"
1857.40482294457,-0.589956240498583,0.197478402038876,-2.98744690258555,0.00281318157205772,0.0480101135765749,"gene-PHYKPL|PHYKPL"
14440.3471465637,-0.489219661230066,0.150383996085149,-3.25313646375685,0.00114138668608632,0.0281913594379836,"gene-SMIM14|SMIM14"
637.335866715484,0.998366928610351,0.228076631002791,4.37733109359255,1.20141399368482e-05,0.00133895246977579,"gene-LOC140681163|LOC140681163"
16556.5231882582,0.724865358654797,0.262020455425533,2.76644568637813,0.00566710241893231,0.0718818226577913,"gene-HERPUD1|HERPUD1"
22009.7483712859,-0.292724868449309,0.0870197334767902,-3.36389065736893,0.000768519845543581,0.0217908115846281,"gene-UQCRC2|UQCRC2"
614.828673550363,0.948766563741149,0.344938507921174,2.75053826103394,0.00594974429153671,0.0736929150938033,"gene-TIFA|TIFA"
4268.89846530248,-0.322714992108251,0.11716895243408,-2.75427052477757,0.00588231242366685,0.0732975070860976,"gene-STBD1|STBD1"
128.908505858693,2.82106126444448,0.634983607841755,4.44273085101045,8.88242499316755e-06,0.00110124653395683,"gene-LOC100222345|LOC100222345"
2004.15622549016,-0.533336259255625,0.164780461648403,-3.2366474393889,0.00120942731141045,0.0288925005663064,"gene-LIMS2|LIMS2"
9626.08462937148,1.14750600960413,0.233233448713603,4.91998903216149,8.65490621279395e-07,0.000198999898121804,"gene-KCNT2|KCNT2"
3425.9413722492,-0.37309991098699,0.138026891217584,-2.7030958076049,0.00686969420137598,0.079847566976655,"gene-AKAP1|AKAP1"
5582.94566123131,-0.657020174178225,0.147555280619412,-4.45270526015854,8.47951151698806e-06,0.00106170200637456,"gene-IDH3A|IDH3A"
3915.05550557759,-0.488638892665115,0.13059420151003,-3.74165841220437,0.000182809886904141,0.00846361334195692,"gene-NDUFB4|NDUFB4"
370.349442551892,1.25751361032502,0.472795890333282,2.65973887683029,0.0078201253821743,0.0870901157783503,"gene-PRNP|PRNP"
11117.3850742424,-0.442938489406096,0.168415278920175,-2.63003744224441,0.0085375464567625,0.0922007383952565,"gene-PANK3|PANK3"
191.66802451612,1.6829146158943,0.617739439966399,2.7243114281093,0.00644357149832739,0.0773147483584716,"gene-LOC115497946|LOC115497946"
148.587520280114,1.69581818254601,0.341474515366417,4.96616323102859,6.82904813288143e-07,0.000166077197477728,"gene-LOC121469792|LOC121469792"
1767.46596382656,-1.11935519242431,0.368116506303609,-3.04076338131141,0.00235979199724037,0.0425705129773206,"gene-TLDC2|TLDC2"
1097.93780425713,0.59498611416392,0.218341218423631,2.72502882625448,0.00642958732639538,0.0773147483584716,"gene-FES|FES"
236.545206522354,1.43865049576078,0.437079944023805,3.29150425552912,0.000996531089972257,0.0256479056744565,"gene-RGCC|RGCC"
6311.04995721312,-0.610196860593138,0.159242595315029,-3.8318696036446,0.000127173141744834,0.00670096479377154,"gene-DLST|DLST"
2275.91563157547,-0.378169391828425,0.145135402891788,-2.60563159844869,0.00917050377828517,0.0953702226810808,"gene-LOC100229480|LOC100229480"
1536.20100767971,-0.597622581066129,0.172003731120122,-3.47447451967637,0.000511854974382041,0.0166398920463632,"gene-DLG5|DLG5"
3037.5228727367,-0.404396770858576,0.144209732905884,-2.80422661293255,0.00504374413123801,0.0671055412868484,"gene-B4GALT4|B4GALT4"
10678.4521112179,-0.624226202800751,0.240636176359056,-2.59406632969989,0.00948481864331472,0.0972001754970486,"gene-TLCD4|TLCD4"
4351.98623103647,0.962271842633536,0.172940873215062,5.56416667005547,2.63408101016501e-08,1.23372549831654e-05,"gene-EIF2AK3|EIF2AK3"
138.502236355778,1.55885403582958,0.549001484333253,2.83943501122363,0.00451934998628525,0.06297808000423,"gene-OCIAD2|OCIAD2"
4403.53214403092,-0.245761948763161,0.0813576932503307,-3.02075856559714,0.00252142323038115,0.044347591337135,"gene-UBE2K|UBE2K"
1502.55773186987,0.232030654989389,0.073213755228949,3.16922215318418,0.00152847519145371,0.0330411919164506,"gene-SP3|SP3"
286.473199451547,1.78525896211883,0.361807507963916,4.93427837405983,8.04476343421361e-07,0.000188396441461232,"gene-LOC115495650|LOC115495650"
176867.814996731,-0.538518864005384,0.152136659648573,-3.53970479731402,0.000400574832889391,0.0140323250324633,"gene-ADK|ADK"
995.185536076147,-0.373234498982424,0.13713716196372,-2.72161457651548,0.00649638606995752,0.0777395463472161,"gene-HPF1|HPF1"
695.099801726885,1.09319610822566,0.389768233963794,2.8047337185698,0.00503581634716829,0.067105304031918,"gene-SIK1|SIK1"
1908.3621778577,-0.66957615585795,0.159728823046431,-4.19195573527336,2.7655996484228e-05,0.00232443954961572,"gene-IFNAR1|IFNAR1"
554.636325768084,0.835178717667316,0.294154259695141,2.83925420129182,0.00452191180166383,0.06297808000423,"gene-PHC1|PHC1"
7860.26274844496,-0.368646285716824,0.118049302872976,-3.12281628730579,0.00179129521408941,0.0358726789273876,"gene-PHB1|PHB1"
719.721303475082,-0.323462646252583,0.108731296973969,-2.9748807864402,0.00293102429543745,0.0490814648141827,"gene-EXD3|EXD3"
26.2034718546236,2.83628152374708,0.849481835349114,3.33883716604893,0.000841298641695353,0.0230782269476777,"gene-PDIA2|PDIA2"
11997.3052804898,-0.619581666708215,0.166352230137026,-3.72451674496854,0.000195689723598578,0.00886986467608466,"gene-TUBB|TUBB"
4957.75072213566,-0.586964590274702,0.201947025832779,-2.9065275304462,0.00365464737763759,0.055462053015124,"gene-NDUFC2|NDUFC2"
356.564566853444,1.61489593336962,0.40057184585711,4.03147637576527,5.54275687578865e-05,0.00361307749748574,"gene-LOC100222926|LOC100222926"
9844.78859975982,-0.355730882747593,0.128897347200917,-2.75979987542414,0.00578367791634297,0.0726319671599536,"gene-HIBCH|HIBCH"
532.979293715758,-0.57067482445696,0.210599456222539,-2.70976399793707,0.00673310980070868,0.0788897134982017,"gene-NXN|NXN"
754.030283026506,0.548105462206652,0.192075681157044,2.85359114128827,0.00432281260778787,0.0613509020088082,"gene-TBCCD1|TBCCD1"
4308.07872553804,-0.368544550028006,0.1181136754433,-3.12025299902654,0.00180695769300808,0.0359289103550003,"gene-GCLC|GCLC"
139.148655605008,1.59551775114932,0.574739695214341,2.77607021828255,0.00550203241758019,0.0706670946205821,"gene-RNF208|RNF208"
835.033337142786,-0.69368014277513,0.154800028231014,-4.48113705599539,7.4246410493541e-06,0.00096795887330033,"gene-SHANK3|SHANK3"
2266.90967122218,0.334055459636879,0.116562105462215,2.86590104315821,0.00415824205669416,0.0599959264412192,"gene-PPP2R2A|PPP2R2A"
217.665524004903,0.846379094352277,0.304713816205684,2.777619685551,0.00547586691551033,0.0706620626591108,"gene-LOC140682114|LOC140682114"
316.385553658334,0.62776783494201,0.197539156871722,3.17794124913507,0.00148324803053563,0.0324518245573591,"gene-LOC100220543|LOC100220543"
713.34227181087,0.996619359065452,0.306830675774516,3.24810860762125,0.0011617491712579,0.0284215731258305,"gene-TUBB1|TUBB1"
2119.99391475993,-0.297925261491574,0.106008618766702,-2.81038716434211,0.0049481936113098,0.0666398896790455,"gene-NUDT19|NUDT19"
1404.72800713088,0.442889669799419,0.14338653691235,3.08878141097829,0.00200979252264735,0.0386258909443744,"gene-REV1|REV1"
3259.58514291852,0.370508858424081,0.121626730829972,3.04627819802239,0.00231693352190462,0.0422189356167231,"gene-PTPN6|PTPN6"
536.114809914355,0.625984209207151,0.215938741255304,2.89889718523019,0.0037447766963102,0.0564439166883657,"gene-CBX8|CBX8"
2288.39039164815,-0.41928165695283,0.107399120804236,-3.9039580008954,9.4632209971713e-05,0.00541501777059856,"gene-GUCD1|GUCD1"
1507.77014060956,0.365478823976126,0.118935518312592,3.07291572073161,0.00211978346007409,0.0399504942415751,"gene-TSC22D2|TSC22D2"
2818.24335102501,-0.407321298406897,0.131316577695301,-3.10182694032752,0.00192330360383738,0.0376503055327052,"gene-B3GNT2|B3GNT2"
329076.19113358,0.796347169898637,0.174393820333478,4.56637264081866,4.96236298417056e-06,0.000713630480669221,"gene-FGA|FGA"
325.543564160693,2.04358952719843,0.512373624542417,3.98847526358035,6.64993354827022e-05,0.0041223068456581,"gene-LOC140682199|LOC140682199"
1418.3871482175,-0.574778309559541,0.189886210373368,-3.02696182323808,0.00247025154670484,0.0437518222123662,"gene-THBD|THBD"
383.479374180873,1.08790917285309,0.31741365560539,3.42741767293587,0.000609351039464276,0.0188005079783713,"gene-LOC140680289|LOC140680289"
10489.025945508,-0.26328971108713,0.0936980545815138,-2.8099805514967,0.0049544493768825,0.0666531561915491,"gene-RAP1A|RAP1A"
1343.5122694201,0.470668978489117,0.12478262692076,3.77191112339705,0.00016200196371307,0.0077699164395497,"gene-UBALD1|UBALD1"
500.431948465299,0.434484430997214,0.121663556852421,3.57119619249869,0.000355354577559575,0.0131014985067591,"gene-TFAP4|TFAP4"
1406.05833349857,-0.482338493711218,0.147435731830121,-3.27151693638949,0.00106972181093999,0.0269371404053982,"gene-IGSF5|IGSF5"
92435.4836400819,0.918011150265716,0.292995782426655,3.13318895808857,0.00172918082685324,0.0354961965111511,"gene-HSPA5|HSPA5"
727.184745321034,0.707921982377375,0.24452725006789,2.89506376970595,0.00379081513618026,0.056738466731443,"gene-NEK8|NEK8"
17865.2953185566,-0.375775707850925,0.104234815771394,-3.6050882334274,0.000312046892436978,0.0122404319230225,"gene-ATP5F1C|ATP5F1C"
642.09961581245,-0.558808691593706,0.185556145583965,-3.01153427085411,0.00259931059667935,0.0452144178894183,"gene-CC2D2A|CC2D2A"
666.265913685053,0.492371676753558,0.149202417733786,3.30002478667653,0.000966762894741698,0.0252589845257816,"gene-F2RL1|F2RL1"
4338.84022437496,-0.203571866970029,0.0721738336207131,-2.82057716429249,0.00479373428076044,0.0651844771123618,"gene-DDX46|DDX46"
10601.2234101151,0.998180666558928,0.356597258985569,2.79918210644273,0.00512322349055218,0.0676255174598355,"gene-LOC101234199|LOC101234199"
646.194941374517,0.269290076938321,0.0937450733152764,2.87257844508442,0.00407136986416998,0.0593162941270663,"gene-MTAP|MTAP"
1536.32259640926,1.9164529868243,0.439419739828425,4.36132657029152,1.29276244690882e-05,0.00138801370685445,"gene-LOC116807474|LOC116807474"
1192.38034926911,0.505810170188787,0.166528905100549,3.03737161955988,0.00238651037716103,0.0428082414603949,"gene-LSM3|LSM3"
71100.2211673636,-0.689784590889358,0.177895089924748,-3.87747964927614,0.00010554415286382,0.00585399718033274,"gene-MDH1|MDH1"
2981.32949267503,-0.601995764746637,0.174227379221955,-3.45523055810725,0.000549822435284188,0.0175139912257024,"gene-ENPP4|ENPP4"
1045.67676689933,0.695235376249533,0.137073080175946,5.07200520596118,3.93645617181509e-07,0.000101592703568926,"gene-MUTYH|MUTYH"
52.5066465622201,1.22483696223198,0.450420362741712,2.71931969233449,0.0065416349080651,0.0778829283841168,"gene-TREM1|TREM1"
6088.61532951398,-0.427354953963958,0.15677359298133,-2.72593710354556,0.00641192153833938,0.0772239616893713,"gene-PCMTD2|PCMTD2"
2577.4426856489,2.11854081111392,0.52662740022112,4.02284577335776,5.74991502123589e-05,0.0037098686407423,"gene-RSAD2|RSAD2"
116.177546678285,-2.49630215706882,0.551346832780583,-4.52764395957319,5.96449662081753e-06,0.000819858959422374,"gene-USP2|USP2"
1723.08638043607,0.280921634840509,0.0861645366475378,3.26029299025466,0.00111297178321663,0.0277059865562156,"gene-ZRSR2|ZRSR2"
2740.78264020892,-0.666551619895967,0.12099848941047,-5.50875984604062,3.61370510639206e-08,1.52329715918113e-05,"gene-TECPR2|TECPR2"
4001.4430687336,-0.303932554684649,0.107440677541895,-2.82884063688201,0.00467169554435666,0.0642155020151461,"gene-TFAM|TFAM"
1911.65751866978,-0.317828500668036,0.0966468488142091,-3.28855523555682,0.00100703022132464,0.0257707475100288,"gene-MAP4K5|MAP4K5"
196.266239896885,0.447425062485797,0.170949945142873,2.61728696146617,0.00886317949089486,0.0937155249513849,"gene-SMIM29|SMIM29"
4229.40500459834,2.00706161123929,0.484926942671265,4.13889482028614,3.48982886684657e-05,0.00258961303249117,"gene-TENT5A|TENT5A"
56236.9940589719,-0.656410527343666,0.233027803275107,-2.81687643327575,0.00484931786325074,0.0656223046127735,"gene-GPD1|GPD1"
1744.84598186355,-0.430600429620737,0.139513260060837,-3.08644805112408,0.00202563338339282,0.0386963968087872,"gene-ZFYVE19|ZFYVE19"
5925.75768199341,0.562436782874587,0.178832110118243,3.14505478072538,0.00166055732740641,0.0348827374790391,"gene-EIF2AK2|EIF2AK2"
12084.4760708525,-0.389785421787609,0.134190752296257,-2.90471150297352,0.00367591751249194,0.0556714405544588,"gene-RFK|RFK"
1437.00349190475,-1.21073359917245,0.436153030948797,-2.77593760276903,0.00550427709957879,0.0706670946205821,"gene-LOC121468025|LOC121468025"
18432.3431536858,-0.399361794865438,0.124234833755988,-3.21457181364957,0.00130639232605528,0.0301920412309115,"gene-LOC100218152|LOC100218152"
1401.60163540363,1.0743686514185,0.260710013669012,4.12093358555257,3.77340200512296e-05,0.00274243918142442,"gene-PLAU|PLAU"
413.22935577032,0.729769706566346,0.217167266776609,3.36040379104201,0.00077828632051763,0.0219202868803251,"gene-DDN|DDN"
1812.38919397292,-0.324790009092021,0.1171655904311,-2.77205967978301,0.00557028230361508,0.0710541092424445,"gene-TBC1D20|TBC1D20"
179.045370176641,1.0112972668238,0.362636969519089,2.78873184983025,0.00529148571677291,0.0692713544247518,"gene-GNB1L|GNB1L"
1402.87836141521,-0.557733155534475,0.144632055013525,-3.85622091508221,0.000115153429229181,0.00617046722895009,"gene-TPST2|TPST2"
8322.78696397899,-0.524708098763449,0.202411887270355,-2.59227906937409,0.00953423968440755,0.0974696807186887,"gene-RMDN1|RMDN1"
173.350405940729,0.853243086568134,0.299930109676269,2.84480637002095,0.00444384276211584,0.0624409284107966,"gene-ARHGAP36|ARHGAP36"
6593.5636566716,-0.343581026005891,0.119015247055005,-2.88686562862907,0.00389100364656967,0.0576853834871278,"gene-HACD3|HACD3"
3976.61159820596,-0.329484251461092,0.112837896639983,-2.91997867092767,0.00350055343225317,0.0542901198164433,"gene-GNPTAB|GNPTAB"
6441.8035073835,-0.493247260591302,0.188778181373459,-2.61284040879445,0.00897932209863216,0.0943127136705169,"gene-MIB2|MIB2"
171.092503389721,2.32610625162241,0.643324030282475,3.61576148585814,0.00029946601425205,0.0119465211868499,"gene-LOC101232941|LOC101232941"
390.804308551557,0.731041799203993,0.278153262084692,2.62819782779109,0.00858385798888765,0.0922272456478107,"gene-P2RY8|P2RY8"
75672.1162834836,-0.604672439307029,0.124513499907102,-4.85628016044981,1.19611438841322e-06,0.000240096231045613,"gene-TKFC|TKFC"
9643.91211935592,-0.443205453442291,0.134507440105783,-3.29502556210819,0.000984127273054419,0.025510966429501,"gene-ATP5PF|ATP5PF"
911.939576853458,0.444197549661771,0.1595204326064,2.78458089916157,0.00535969490588652,0.0699470606603106,"gene-LOC105758733|LOC105758733"
2692.74718560091,2.20757843168548,0.765627893896385,2.88335684904428,0.0039346143465867,0.0581274918538965,"gene-DIO3|DIO3"
71.4367232263461,-1.25118357716988,0.405213452470958,-3.08771480694993,0.00201701939200938,0.0386963968087872,"gene-LOC121469120|LOC121469120"
4813.77225952933,-0.263747620252796,0.0932467512232755,-2.82849125350505,0.00467679790339247,0.0642158374444095,"gene-INPP5K|INPP5K"
5433.28989264246,2.06261706906041,0.303240864966405,6.80190999088767,1.03241099441967e-11,3.23155047177268e-08,"gene-CNTRL|CNTRL"
324.714436887775,1.29543470049327,0.397728436430076,3.2570834314006,0.00112563342544748,0.0279168689563341,"gene-CDKN1C|CDKN1C"
1025.75168898187,-1.26584453229451,0.308647750652326,-4.10125954140002,4.10907359764275e-05,0.00291305397068524,"gene-MPP7|MPP7"
14966.3323925054,0.548363413875184,0.208303317466778,2.63252367050104,0.00847531170370587,0.0919989629228021,"gene-SQSTM1|SQSTM1"
969.9170152453,0.826364887035256,0.300046272063479,2.75412482665483,0.00588493181785043,0.0732975070860976,"gene-LOC140682071|LOC140682071"
3175.68032757541,0.373608472726803,0.116384565449775,3.21012044237112,0.00132679365408931,0.0304512387470298,"gene-TMEM258|TMEM258"
5485.91841842934,-0.254813361558498,0.0937218925157275,-2.71882432928612,0.00655143923034616,0.0778829283841168,"gene-HSDL2|HSDL2"
11537.1493690953,-2.06390786344636,0.480581040923519,-4.29460941588583,1.75001157687405e-05,0.00172895675008978,"gene-LOC100221315|LOC100221315"
15496.6546787023,-0.446508425630042,0.129334917286763,-3.45234245319875,0.000555741909661112,0.0176138150114647,"gene-COX7A2|COX7A2"
10239.3336187182,0.63043236779721,0.226722790213437,2.78063077471709,0.0054253403217666,0.0704768339036704,"gene-H3-3B|H3-3B"
651.884572621227,-0.452203128324564,0.147188985920241,-3.07226200042988,0.00212443169346443,0.0399785166600464,"gene-CMSS1|CMSS1"
3409.45514542622,0.64724690214135,0.195258424599418,3.31482190061304,0.000917015297335993,0.024465349050867,"gene-ELL|ELL"
879.57192237653,-0.993331603440197,0.21504998350269,-4.61907314411755,3.85457971417787e-06,0.000593281673172663,"gene-PPARGC1B|PPARGC1B"
161.584014890673,2.1305496893471,0.723772570550631,2.94367288294198,0.00324342615620928,0.0521836732460847,"gene-LOC115495434|LOC115495434"
2278.92797572135,-0.36058993975061,0.131201653807212,-2.74836428724033,0.00598934237809251,0.0740383418507897,"gene-SPECC1L|SPECC1L"
811.887253051711,2.82242795566222,0.592761838055391,4.76148728622856,1.92171407213538e-06,0.000328405353462487,"gene-LOC140684331|LOC140684331"
214.035721283003,2.66012307016545,0.621014876685747,4.28350941343319,1.83968311474116e-05,0.0017895871283859,"gene-TNIP3|TNIP3"
3242.37487322561,-0.481329148091978,0.181091428787003,-2.65793445507633,0.00786211820523474,0.0874444563090576,"gene-UGCG|UGCG"
4348.28525128285,-0.2209672403512,0.0723463178034026,-3.05429836735668,0.00225587599922667,0.0415857257816626,"gene-DYNC1LI1|DYNC1LI1"
1248.51578773765,0.595967856142022,0.213037373562226,2.79748030205576,0.00515029075594128,0.0678443509371182,"gene-MYLK3|MYLK3"
827.760670745958,0.864893791919313,0.293801049729011,2.94380769815851,0.00324201372811161,0.0521836732460847,"gene-LOC115493072|LOC115493072"
1038.19677060448,2.07227419985468,0.37373469196914,5.54477345663642,2.9433500203279e-08,1.32934301275238e-05,"gene-GCHFR|GCHFR"
5729.40612324921,-0.316074138639446,0.110744043427062,-2.85409606565086,0.00431594781601037,0.0613509020088082,"gene-NFYC|NFYC"
2897.93600071338,-0.345001845444922,0.107695814852636,-3.20348423861225,0.00135775471801764,0.0308815938202359,"gene-NEMF|NEMF"
1532.32629269272,-0.458988175220005,0.148907024218022,-3.08238095301655,0.00205351850116279,0.0390508194973003,"gene-TEK|TEK"
1445.3325638678,-0.39692753621454,0.142919343835449,-2.77728350524437,0.00548153435620652,0.0706620626591108,"gene-STX16|STX16"
4248.76428802946,-0.349378927400049,0.127218287916598,-2.7462948379646,0.0060272570346344,0.0743048486078001,"gene-ITSN1|ITSN1"
3833.31138302349,-0.67350808301511,0.188230725301852,-3.5780985380312,0.000346102975797874,0.0128827372619679,"gene-FAHD1|FAHD1"
9333.89046285877,-0.49947498199346,0.12778103681372,-3.90883494490341,9.27422981887225e-05,0.00535533836938167,"gene-NDUFV2|NDUFV2"
16859.3388782187,0.699471134227233,0.264971868563894,2.63979394498841,0.00829564482793567,0.0908283328953026,"gene-YPEL1|YPEL1"
178.25774208652,1.93501916665557,0.529319488661437,3.65567338461109,0.000256507770622591,0.010705601542222,"gene-LOC140682598|LOC140682598"
7565.94162343039,0.498356115252747,0.137786870833228,3.61686213090605,0.000298196028853275,0.0119335031040459,"gene-STAT1|STAT1"
2695.42651390688,-0.54999272725957,0.202347301288514,-2.71806307154732,0.00656653195339487,0.0778829283841168,"gene-BMAL1|BMAL1"
10469.6025865377,-0.376848787212029,0.100338490472283,-3.75577493181568,0.00017280594030676,0.00818465888059659,"gene-AKT1|AKT1"
19842.3726071285,-0.435333543158534,0.131542688980857,-3.30944689158579,0.000934804986924026,0.024731263315149,"gene-FDX1|FDX1"
196.963027460135,0.872142530325737,0.275820473184374,3.16199345268597,0.00156693087374492,0.0335599854412905,"gene-GATA5|GATA5"
6684.65588489866,-0.420901797561607,0.148008814594698,-2.84376169564082,0.00445843797598705,0.0625764779626329,"gene-OPA1|OPA1"
55898.0903033314,-0.769487879439757,0.245112950417139,-3.13931955912662,0.0016934066909989,0.0351639097116126,"gene-GATM|GATM"
5236.58835277282,1.78613766371759,0.315188392719992,5.66688908910542,1.4541339981664e-08,8.83443206104917e-06,"gene-NFKBIZ|NFKBIZ"
1892.9654797675,-0.443487806547905,0.110537492835417,-4.01210299937081,6.01802306101189e-05,0.00378626465818689,"gene-CCP110|CCP110"
174.000151200749,0.59824141013839,0.201294212779505,2.97197520921129,0.00295890574919524,0.0491699370621853,"gene-NAV3|NAV3"
128.696835263403,2.68127964186898,0.444765804757993,6.02852020813049,1.65467710940942e-09,1.49464619468511e-06,"gene-LOC140684342|LOC140684342"
191.101462799361,1.66110697285105,0.507818530411164,3.27106411714852,0.00107143615561563,0.0269371404053982,"gene-TMEM182|TMEM182"
316.158155085724,0.499260538650597,0.177846565575283,2.80725431517686,0.00499657777852992,0.0669419014138514,"gene-ACCS|ACCS"
13433.647050332,0.571582016581399,0.196185126163046,2.91348293196482,0.00357421375250199,0.0548386231552531,"gene-C6|C6"
953.828092234349,1.64502997092879,0.410479806004381,4.00757831899587,6.13445220224939e-05,0.00384041002721019,"gene-LOC115493337|LOC115493337"
1757.35482728529,-1.04056430947711,0.318789947433253,-3.26410640566066,0.0010980991689442,0.0274437985977634,"gene-BMP7|BMP7"
1400.23441547652,-0.382933013470629,0.121120546753796,-3.16158590539575,0.00156912527382678,0.0335599854412905,"gene-UNC45A|UNC45A"
554.002167299839,1.32845700972224,0.374199699593181,3.55012847729835,0.000385043189592213,0.0137162145791074,"gene-LOC115493503|LOC115493503"
93.5521327863503,1.73715969039799,0.541758644009564,3.20651956292058,0.00134351169507608,0.0306127007133911,"gene-LOC115491133|LOC115491133"
103568.145967697,-0.449027777885411,0.139048958203047,-3.22927826060886,0.00124103078983263,0.0293664873310239,"gene-CAT|CAT"
706.661655288245,0.505281618914712,0.169297942002299,2.98457035530799,0.00283976887057886,0.0480279772961935,"gene-GNG10|GNG10"
8345.98538330136,-0.536087611641825,0.187069561403027,-2.8657126665672,0.00416071702427244,0.0599959264412192,"gene-LETM1|LETM1"
23142.0270267521,0.548245752207858,0.194640683641717,2.81670687725818,0.00485187844480019,0.0656223046127735,"gene-SERPINA10|SERPINA10"
2104.98244473625,0.588624541263616,0.144138159223309,4.08375231399811,4.43142640855403e-05,0.00306228515642482,"gene-CDC23|CDC23"
4110.72843160749,-0.490312837228227,0.173284429615713,-2.82952622065109,0.00466169799457948,0.0641865592020303,"gene-EHHADH|EHHADH"
9472.33214302784,-0.47220835570404,0.131082648329594,-3.6023711888756,0.000315327663338321,0.0122404319230225,"gene-UTRN|UTRN"
3709.56288131207,-0.698296463386617,0.264122537373508,-2.64383520744056,0.00819725543539345,0.0902983381846564,"gene-AQP11|AQP11"
2555.58458292222,-0.513408333998955,0.175753497728685,-2.92118416210138,0.00348703635897123,0.0542399284078108,"gene-BRPF3|BRPF3"
20454.0467885726,-0.347583204072247,0.128108996416273,-2.71318341252805,0.00666402107502219,0.0785398047667573,"gene-COX4I1|COX4I1"
4322.72842122667,0.4846496621524,0.154657637701059,3.13369368210053,0.00172620954560461,0.0354953592092941,"gene-YPEL5|YPEL5"
576.198426260663,-0.496843110279479,0.189783577266091,-2.61794575398306,0.00884608665034393,0.0936893634526414,"gene-SDHAF3|SDHAF3"
7594.3508002601,-0.810603107352456,0.258982766452434,-3.12994999032623,0.00174836064862898,0.0356302934708165,"gene-SLC38A6|SLC38A6"
574.868223127641,1.30946732992906,0.252092913913124,5.19438372782002,2.05399095283146e-07,6.82765393074268e-05,"gene-IL7R|IL7R"
8302.16072919735,-0.374949161308885,0.106075019899248,-3.53475456959631,0.000408154068432563,0.0142190533041272,"gene-SYAP1|SYAP1"
153.497685153532,1.33084711178418,0.453433321904156,2.93504479599205,0.00333499538052311,0.0529828537463508,"gene-LOC140682195|LOC140682195"
210.902698286178,1.10897056596316,0.369857747683932,2.99837051652315,0.0027142746645084,0.0467002957923445,"gene-MYORG|MYORG"
129.903620952573,0.960533767129961,0.320488231007264,2.99709528837016,0.00272565501578829,0.0468323822413842,"gene-ARHGAP30|ARHGAP30"
1351.39788979889,1.06196288445059,0.378372284071932,2.80666139977816,0.00500578284709659,0.0669874390310937,"gene-LOC100226365|LOC100226365"
3421.7763227049,0.89042926504528,0.182242683417056,4.88595343500054,1.02929524989892e-06,0.000219037460088742,"gene-HDAC4|HDAC4"
19089.2189764433,-0.606168654422314,0.182134228443007,-3.32814243431456,0.000874271549618842,0.0237254034688409,"gene-ABCD3|ABCD3"
1042.96501765758,-0.395027657089738,0.147417914775134,-2.67964485654474,0.00737003071669366,0.0835138068488423,"gene-PRSS23|PRSS23"
2076.1817333978,-0.498372117777997,0.16553357802122,-3.01070105374096,0.00260645327871346,0.0452763848387506,"gene-CNPY2|CNPY2"
208.993351257952,-1.90177134364919,0.693452570828807,-2.742467796141,0.00609794290083195,0.0748219995639348,"gene-VIT2|VIT2"
1617.94101105721,0.919175599219216,0.294146951871151,3.12488568510428,0.00177874169987482,0.0358726789273876,"gene-NRG2|NRG2"
623.00731583013,5.26220357666082,0.941434830689545,5.58955692430306,2.27649731549895e-08,1.15154340207199e-05,"gene-LOC121470441|LOC121470441"
6296.38733261171,-0.546972539802604,0.163766937835292,-3.33994484498893,0.000837950300416971,0.0230363467371153,"gene-DLG1|DLG1"
4260.16561745549,-0.290339922972324,0.110891768694841,-2.61822790266156,0.008838775113376,0.0936893634526414,"gene-POLR2E|POLR2E"
4624.74630751179,-0.400172792360284,0.151032682237854,-2.64957747178237,0.00805924924117893,0.0891664618582229,"gene-FKBP15|FKBP15"
8824.29718528784,-0.32168153114013,0.122888603361362,-2.61766772785435,0.00885329664130211,0.0936893634526414,"gene-SLC35F5|SLC35F5"
12447.9887684365,-0.388026256243769,0.145896524961618,-2.65959902983193,0.00782337272846797,0.0870901157783503,"gene-MPC2|MPC2"
4987.32325658225,-0.42788867769869,0.149484286263707,-2.86243248968554,0.00420402811059477,0.0602768021389812,"gene-CYTH3|CYTH3"
445.28174901901,2.29620911097362,0.525142440917917,4.37254529830038,1.228063257632e-05,0.00135044243095777,"gene-LOC100220412|LOC100220412"
15975.9820439153,0.945419156720961,0.258594502834435,3.65599092926683,0.000256190413390376,0.010705601542222,"gene-IFRD1|IFRD1"
5006.3094992986,-1.23428168456853,0.263095610462217,-4.69138075850106,2.71367411658095e-06,0.000445676920497179,"gene-CS|CS"
64.308738221675,1.4344129051138,0.524816853814707,2.73316852286194,0.00627282280019653,0.0762018416246737,"gene-MMP9|MMP9"
227.550103140044,0.82015555399905,0.258318548468811,3.17497740236054,0.00149848170404347,0.0326158341296622,"gene-TASL|TASL"
12358.925058199,-0.329072756059638,0.11469221593901,-2.86918125493913,0.00411535890427023,0.0597506644126306,"gene-SERBP1|SERBP1"
2681.56536715524,-0.299715362328226,0.104027333517755,-2.88112126104887,0.00396263155034622,0.0584049400765481,"gene-TRMT10C|TRMT10C"
1956.01383786062,-1.41383834151449,0.327688554882593,-4.31457956174591,1.59906937847006e-05,0.00161774650881059,"gene-LOC100190505|LOC100190505"
17606.90861817,-0.580711705794056,0.146283548401226,-3.96976770211563,7.19427369093451e-05,0.00439511039108975,"gene-LOC100231722|LOC100231722"
717.141576132121,-0.455258067313852,0.141031969332036,-3.22804871455793,0.00124637746871731,0.0293664873310239,"gene-LOC105759524|LOC105759524"
1025.97094635885,0.861878003593755,0.225287903038202,3.82567369117731,0.000130414943934251,0.00678414101241622,"gene-NTN4|NTN4"
468.231306239853,1.59115644077852,0.575773518400134,2.76351098119233,0.00571831681769132,0.0722357971021158,"gene-EHF|EHF"
26862.1617171163,-0.367546983809617,0.116257432177782,-3.16149236160283,0.00156962935070033,0.0335599854412905,"gene-ACADL|ACADL"
176.349329878627,0.902081345759738,0.271837700209654,3.31845562651542,0.000905167030180335,0.024303062130914,"gene-LOC115490562|LOC115490562"
389.848379568354,-0.931396932196904,0.345914728881368,-2.6925622254042,0.00709053028180138,0.0809998608343815,"gene-SLC16A4|SLC16A4"
5217.3499984308,0.518092135908443,0.149280337290176,3.47059864221341,0.000519299565724654,0.0167955557753299,"gene-CREB3|CREB3"
3272.23335026511,-0.574438904085887,0.188220723163957,-3.05194292333846,0.00227365329749239,0.041852430276694,"gene-ABCB1|ABCB1"
5509.88496783135,0.391156927535426,0.139669463480698,2.80059017760516,0.00510092533230697,0.0674752110380271,"gene-TBC1D15|TBC1D15"
1362.20311540805,0.198564883141661,0.0745257002648764,2.6643813132373,0.00771300784246834,0.0862411115613215,"gene-FAM98B|FAM98B"
1509.40807240596,0.946622918332089,0.233062868745317,4.06166337618768,4.872430125389e-05,0.0032950134420144,"gene-PROSER2|PROSER2"
15333.6437197066,0.319196493718728,0.114273720904322,2.79326245083052,0.00521793377933033,0.0684501976902607,"gene-NCL|NCL"
3022.31814714072,0.213490799521731,0.0787780149015401,2.71003020053959,0.00672770820071761,0.0788897134982017,"gene-JOSD1|JOSD1"
9064.70545234549,-0.261866349549012,0.071255264281488,-3.67504565718163,0.000237806883856636,0.0102289314736429,"gene-IREB2|IREB2"
559.609923498193,0.874979541848658,0.231586093041096,3.77820416743845,0.000157963353679593,0.00768449105310254,"gene-CYP2AC7|CYP2AC7"
180.457747335386,1.53999147141314,0.543594940117405,2.83297609628326,0.00461168344142551,0.0638067273525897,"gene-LOC121469057|LOC121469057"
13927.522949384,0.611984738269722,0.221475911011004,2.76321129226247,0.00572357019581844,0.0722357971021158,"gene-LOC140683764|LOC140683764"
7705.94760328833,-0.549587996452123,0.177035715944276,-3.10439050968175,0.00190671485016639,0.0374551782587577,"gene-LYPLA1|LYPLA1"
2863.23018936349,0.482649420106077,0.133051060340558,3.62755034699225,0.000286122994101777,0.011560100266489,"gene-NFYB|NFYB"
822.632235880364,0.446057155422038,0.133886420287902,3.33160864606629,0.000863455882919156,0.0234963478721118,"gene-ZNRF3|ZNRF3"
5316.74712790171,-0.248837789141101,0.0952066886808354,-2.61365868920501,0.00895784736024994,0.0942635205423628,"gene-SF3B3|SF3B3"
7239.02041223599,-0.350836448541401,0.123999703770179,-2.82933295704998,0.00466451430544566,0.0641865592020303,"gene-USP24|USP24"
2788.46237049175,1.63250508380681,0.49674275696539,3.2864195016749,0.00101469771289148,0.0258186464330496,"gene-P4HA2|P4HA2"
454.971521101779,1.46536700965822,0.454231556107622,3.22603524558084,0.00125517899052899,0.0294489675588676,"gene-GPRIN2|GPRIN2"
2583.86715256024,1.46575692087529,0.386920597987514,3.78826283350929,0.000151704314126028,0.00758281721912156,"gene-LOC121469107|LOC121469107"
11401.6140001732,1.60272651150796,0.308824685218912,5.18976166161024,2.1056342187171e-07,6.82765393074268e-05,"gene-MAN1C1|MAN1C1"
2032.27373083874,-0.318702027634505,0.110085964837088,-2.89502869967248,0.00379123868322547,0.056738466731443,"gene-TTC27|TTC27"
2232.27649554356,-0.414819878692372,0.127743772799451,-3.24728062747616,0.0011651344556912,0.028444575920214,"gene-SEC61A2|SEC61A2"
14385.3329837138,-0.406684853665491,0.0963609954137811,-4.22043018463183,2.43836565282225e-05,0.00217151915814016,"gene-VDAC2|VDAC2"
220.415641077594,0.945545689068435,0.307164000288689,3.07830894303942,0.00208178971253636,0.0394234001639334,"gene-RHOBTB2|RHOBTB2"
1203.59264412299,0.822823719805355,0.262557085367264,3.13388503172326,0.00172508430933128,0.0354953592092941,"gene-KXD1|KXD1"
3659.77430300323,-0.441118642209271,0.105476942203658,-4.18213339326378,2.88786443347941e-05,0.0023555165019256,"gene-NAA50|NAA50"
95.1269944333823,-1.38918707591631,0.482035913833336,-2.88191613124624,0.00395264925888726,0.0583257905809665,"gene-LOC140681889|LOC140681889"
156920.119865586,-0.413334872129014,0.143623535789706,-2.87790486326852,0.00400325848912898,0.058798149655662,"gene-LOC100222802|LOC100222802"
14940.7114322571,-0.175747975713603,0.0644551738312072,-2.72666979649834,0.00639770266396372,0.0771572806749615,"gene-FAM120A|FAM120A"
35609.3332644612,-0.66029306595736,0.198589409818793,-3.3249157976745,0.000884452421153468,0.0238481563281594,"gene-PCYT2|PCYT2"
1475.7973042325,0.469744474295233,0.141835051256374,3.31190682510591,0.000926624021772757,0.0245662209210446,"gene-RCAN1|RCAN1"
5118.79808104541,-0.321634320924346,0.106555494499695,-3.01846772364484,0.00254056462686004,0.0446059561333694,"gene-PPTC7|PPTC7"
26546.6097362046,0.617523683407211,0.149925692206929,4.11886498115946,3.80743144679805e-05,0.00275135874721189,"gene-HMOX1|HMOX1"
6431.2652644717,-0.333094818107543,0.112867615958008,-2.95119920165117,0.003165426961882,0.0513170322121033,"gene-NDUFS8|NDUFS8"
3403.68267005432,-0.31297453822596,0.099185158989116,-3.15545734276944,0.00160246697128391,0.034115820402115,"gene-EFR3A|EFR3A"
18203.6494746288,-0.424051385434556,0.138788802825748,-3.05537173605395,0.00224781725494662,0.0415583289562207,"gene-MLF2|MLF2"
2608.14794712484,0.327080664679556,0.0966432024776464,3.38441459196481,0.000713302067708806,0.0208323740144239,"gene-MEAF6|MEAF6"
2745.42790281963,1.00669817670587,0.388448226055506,2.59158906948391,0.00955338080801703,0.0975447114775181,"gene-H1-0|H1-0"
3377.20543419589,-0.59711799194264,0.188390607874455,-3.16957410286909,0.0015266252487422,0.0330411919164506,"gene-HNF4A|HNF4A"
442.089408340644,-1.39494455507863,0.429367614853865,-3.24883504675451,0.00115878653662809,0.0284215731258305,"gene-LOC140682038|LOC140682038"
68409.5920515839,-0.685127444044457,0.200290113762845,-3.4206752953153,0.000624658643518777,0.0191435200264936,"gene-PSAT1|PSAT1"
130.854955869317,0.800213357140336,0.287550159308674,2.78286528883935,0.00538811727591935,0.0701731524935902,"gene-LOC140680874|LOC140680874"
2513.62416002422,-0.400565151675678,0.141807925272231,-2.82470215191928,0.00473245850642056,0.0645595148567362,"gene-SLC17A5|SLC17A5"
1705.82749465059,-0.562563731055306,0.20295554334917,-2.77185693857821,0.00557375267819903,0.0710541092424445,"gene-LOC100226902|LOC100226902"
629.277432514647,0.949464151870714,0.323265720801203,2.93710124759749,0.00331295921809978,0.0528985887273862,"gene-NCOA1|NCOA1"
29167.0203868646,-2.36357140358689,0.460620840953263,-5.1312732587076,2.8778875343281e-07,7.91168820850285e-05,"gene-LOC100222881|LOC100222881"
595.44496928298,-0.553346482453723,0.186770508958665,-2.96270800748413,0.00304945692922814,0.0498880107723403,"gene-LOC140681968|LOC140681968"
7099.08850314527,-0.570568941325774,0.16941668691794,-3.36784381577559,0.00075758500161972,0.0215775223659526,"gene-XYLB|XYLB"
2067.47494095193,-0.30948024045308,0.110109787416308,-2.81065151168609,0.00494413044264692,0.0666398896790455,"gene-ATP6V1H|ATP6V1H"
198.536773173296,0.510137311008529,0.195542188526241,2.60883502866222,0.00908510294936533,0.094950588345185,"gene-SPRY2|SPRY2"
85.7723712861361,1.43639780502587,0.350898700452134,4.09348282901894,4.24941559163769e-05,0.00295264338306869,"gene-LOC140682594|LOC140682594"
1102.09808899052,0.611500267948914,0.209313711639568,2.92145346408027,0.00348402319640292,0.0542399284078108,"gene-ETS2|ETS2"
625.436458664905,-1.05491181703912,0.320884785514689,-3.28750961298174,0.00101077738138339,0.0257707475100288,"gene-ZNF512B|ZNF512B"
4754.70836636513,-0.620117416071409,0.188008939706605,-3.29834005254816,0.000972582721766199,0.025307162756081,"gene-DYNLT3|DYNLT3"
516.076727387689,0.887410981534008,0.241560227868654,3.67366345595819,0.000239097605577637,0.0102375127513079,"gene-PRRG3|PRRG3"
1242.28874137703,0.371439151247364,0.129292685000654,2.87285511353937,0.00406780624125833,0.0593162941270663,"gene-LOC100190436|LOC100190436"
3643.63375830377,-0.440732551155104,0.151534591457199,-2.90846167146984,0.00363211696716265,0.0553202125085289,"gene-CEP95|CEP95"
2164.46988343172,-0.971249764204671,0.333200559280636,-2.91491036600164,0.00355790711945276,0.0547363667063256,"gene-CYFIP2|CYFIP2"
10790.3481225468,0.251825128568596,0.0765676910970591,3.28892154067146,0.00100572055126558,0.0257707475100288,"gene-C2H6orf62|C2H6orf62"
2527.40042440846,-0.266004960572421,0.0802834855525989,-3.31332102413695,0.000921950922227729,0.0244936793329661,"gene-CCDC47|CCDC47"
482.946124108982,0.946962342948025,0.351189767723974,2.69644058562752,0.00700848991705105,0.080453767117872,"gene-LOC115498493|LOC115498493"
320.330357587688,1.46102626714022,0.345660557375868,4.2267659296502,2.37074053953555e-05,0.00214145606164047,"gene-STYXL1|STYXL1"
522.179814718944,-1.41009495564127,0.334245055718522,-4.2187458917231,2.45664954255651e-05,0.00217250280525662,"gene-LOC140684646|LOC140684646"
4696.80517572617,-0.384932474289812,0.141455220376518,-2.72123201438038,0.00650390953940809,0.0777395463472161,"gene-PEX13|PEX13"
1468.751720003,0.580818455833978,0.216481945942914,2.68298796605948,0.00729676159021004,0.0827577103764988,"gene-ITGB2|ITGB2"
27289.9897533082,-0.515592827776432,0.14669687048369,-3.514681847516,0.000440281115209498,0.0149841570856194,"gene-GOT1|GOT1"
2458.99451789454,0.328061386768587,0.103134663887159,3.18090324245903,0.00146816656096422,0.032233392933947,"gene-UBR7|UBR7"
2342.10088450165,-0.427636049940467,0.157592362570173,-2.71355821415552,0.00665648715878053,0.0785398047667573,"gene-LOC100228682|LOC100228682"
16665.386447959,-0.358282197102933,0.112911297085142,-3.17312976072506,0.0015080510722206,0.0327677214077348,"gene-ATP5PB|ATP5PB"
2799.5579496317,-0.26343076181389,0.0955312408524525,-2.75753522578816,0.00582389380156657,0.0729920327201297,"gene-BTBD9|BTBD9"
374.452447087031,0.957919140389152,0.26384251334697,3.63064742007451,0.000282711170477294,0.0115327918124383,"gene-WAS|WAS"
974.810066796424,0.923606995175978,0.301506718562509,3.06330485628795,0.0021890692689036,0.0407702061480928,"gene-LOC140684288|LOC140684288"
1401.50707552348,0.369450329751883,0.117801825416278,3.13620207875685,0.0017115122882637,0.0354816137662012,"gene-TCF3|TCF3"
10866.3148725714,-0.878894142515613,0.22042951352999,-3.98718904941936,6.68607482565471e-05,0.00412449279245022,"gene-GADD45A|GADD45A"
361.844445589565,-0.619373606245382,0.20266220808551,-3.05618700248272,0.00224171395214389,0.0415583289562207,"gene-RNFT2|RNFT2"
3417.13533739889,0.519370306965587,0.166025893203885,3.12824883482352,0.0017585123483041,0.0357117650616145,"gene-NECTIN1|NECTIN1"
11518.8882487879,-0.478105070666294,0.0966238630298649,-4.94810552667015,7.4939279891628e-07,0.000178807949718779,"gene-SAMM50|SAMM50"
1090.79449742105,0.506598022581108,0.115346746551047,4.39195762107526,1.12334598725678e-05,0.00126837797811154,"gene-RNASEH2A|RNASEH2A"
7594.75676210843,-0.385513431606737,0.147519624601608,-2.61330268869552,0.00896718450201348,0.0942635205423628,"gene-TOMM40L|TOMM40L"
1728.96713619825,0.344123593817836,0.101737588436892,3.38246265814819,0.000718390438516014,0.0208668436207802,"gene-TBPL1|TBPL1"
20626.6120166391,-0.706256531434992,0.124591378960641,-5.66858266861389,1.43983595829524e-08,8.83443206104917e-06,"gene-PGM2|PGM2"
1136.50986612418,0.515674957566644,0.197746176102697,2.60776196905488,0.00911363042525963,0.0951007641632213,"gene-LOC116807689|LOC116807689"
1477.05038710236,1.18171634346307,0.413635389214324,2.85690338466367,0.00427796032676021,0.060922394473209,"gene-DTNA|DTNA"
5284.25310891369,-0.584847587343077,0.158407635510842,-3.69204164595366,0.000222461025268454,0.00973440181849437,"gene-ATP5MC1|ATP5MC1"
4398.93513031103,-0.603353751663492,0.118828957976016,-5.07749762297224,3.82438290026423e-07,0.000100756554493211,"gene-CDC27|CDC27"
2869.43241136651,-0.31775685108413,0.110941211240932,-2.86419129131422,0.00418075450183477,0.0600793425343211,"gene-MRPL53|MRPL53"
881.58594636379,1.73566620526177,0.40980075640843,4.23539043820581,2.28154926833942e-05,0.00209075884401597,"gene-LOC100224927|LOC100224927"
130.645920660049,0.739561925733474,0.234681551476718,3.15134240880815,0.00162521839294224,0.0343113719484934,"gene-RGS7BP|RGS7BP"
512.354205756902,0.322416559659549,0.123140023371165,2.61829217530461,0.00883711032183471,0.0936893634526414,"gene-NRF1|NRF1"
8362.61160867467,-0.296000334489822,0.101245294735637,-2.92359595833773,0.00346013556725532,0.0540876073961814,"gene-API5|API5"
2338.13599423673,-0.389594417379731,0.136128624729345,-2.86195807938509,0.00421032591050259,0.0602987332550575,"gene-MXD4|MXD4"
14125.0365332904,-0.338252205044137,0.106243651677917,-3.18374039015118,0.00145385339042686,0.0320303658106934,"gene-NDUFS2|NDUFS2"
7604.27402535088,-0.457298733206642,0.118267602211945,-3.86664415828035,0.000110343249187675,0.00604069579752097,"gene-PPID|PPID"
117.519930776944,0.993788085603869,0.338515046102971,2.93572795964164,0.00332766009280001,0.0529828537463508,"gene-LIME1|LIME1"
352.242867622663,1.20783983286255,0.443409842299425,2.72398065545627,0.00645002842939961,0.0773147483584716,"gene-LOC140681048|LOC140681048"
1523.28404737073,1.52331891216466,0.433708534282082,3.51231020779016,0.000444229162106916,0.0150483040486926,"gene-IGFBP2|IGFBP2"
7039.03834353061,-0.272857816146253,0.103468666597682,-2.63710575499351,0.00836167587349189,0.0913770989872555,"gene-NDUFA9|NDUFA9"
13091.8724945196,-0.378966631734218,0.143992350942458,-2.63185252031658,0.00849207169553607,0.0921018341867489,"gene-SLC25A11|SLC25A11"
1834.96056628643,-0.48667567871446,0.0944531195844828,-5.15256331241825,2.56949825937634e-07,7.34450550656556e-05,"gene-SEPHS1|SEPHS1"
1148.75577392861,-0.332249924558584,0.120476550375745,-2.75779745952516,0.00581922415648284,0.0729920327201297,"gene-ERCC4|ERCC4"
326.73805272536,2.07572474415069,0.561652165817202,3.69574777857487,0.000219240543379845,0.00962679135965806,"gene-PLEKHH1|PLEKHH1"
2475.62003593123,0.469577088293343,0.171251320508612,2.74203484620563,0.0061059863632754,0.0748219995639348,"gene-PTPN1|PTPN1"
437.863234849579,0.558479623281067,0.215709553458968,2.58903518330865,0.00962452603307258,0.0979842190330681,"gene-CYBRD1|CYBRD1"
342.159242201174,1.25388437510049,0.291233088966708,4.30543239282755,1.66659884529257e-05,0.00165951251949369,"gene-LOC100228717|LOC100228717"
245.42762658056,1.24242674751459,0.357711246974295,3.47326721768933,0.000514163163532538,0.016672070169314,"gene-LOC121469416|LOC121469416"
2060.32973922883,0.41422081248233,0.13137880545479,3.15287394377223,0.00161671604546521,0.0343036763606595,"gene-PPIL2|PPIL2"
224.91134828282,0.857287431441682,0.247364191245631,3.4656893025814,0.000528874063984543,0.0169320035775912,"gene-ROBO2|ROBO2"
729.899306259999,1.19231640107886,0.415324807940409,2.87080467692634,0.00409428424854702,0.0595130098932478,"gene-IER2|IER2"
2233.52697205665,-1.16305116049195,0.304103056719374,-3.8245296612234,0.000131021972352893,0.00678414101241622,"gene-STARD4|STARD4"
4582.69270362263,-0.55434386331823,0.186912994823674,-2.96578557227215,0.00301910906587882,0.0496484437543609,"gene-ESR2|ESR2"
373.142434395495,0.757568026219441,0.27730088742815,2.73193509492728,0.00629635434549058,0.0764142965960402,"gene-STAT4|STAT4"
6060.27715109603,1.49864703543911,0.488861854906039,3.06558390759933,0.00217245411238403,0.0405204346684491,"gene-SCN4A|SCN4A"
203.564774825989,-1.75205629822071,0.563081838502319,-3.11154823050378,0.00186109069849195,0.0367739890205145,"gene-KIRREL3|KIRREL3"
673.756152690647,-0.763678017975552,0.264746629338835,-2.88456181626457,0.00391958798622348,0.057973227688634,"gene-LOC100221073|LOC100221073"
808.077815113176,1.00578739266638,0.345004364360737,2.9152888965043,0.00355359425443766,0.0547363667063256,"gene-DUSP10|DUSP10"
2863.45044735947,-0.686895456393448,0.157409079261985,-4.36376008051104,1.27845784670033e-05,0.00138801370685445,"gene-HIGD1A|HIGD1A"
9718.43166574759,0.428628125013668,0.140268353099876,3.05577213634547,0.00224481785110362,0.0415583289562207,"gene-PTBP1|PTBP1"
375.182936068731,-0.668195894928811,0.235537206179739,-2.83690167581809,0.00455536380854668,0.0631428955129315,"gene-MAP6D1|MAP6D1"
1107.55480419226,-0.302554626562005,0.108099221195188,-2.79886037306136,0.00512833079582337,0.0676255174598355,"gene-INTS10|INTS10"
1934.561999357,-0.390914996894675,0.126505744706542,-3.09009679996342,0.00200091271427382,0.0385937839770168,"gene-ERCC6|ERCC6"
581.306738658039,0.505969993076857,0.125182079345147,4.04187241275818,5.30260835242703e-05,0.00347444483030012,"gene-RYBP|RYBP"
8379.77730001285,-0.59088443455211,0.162878124829785,-3.62777036615328,0.000285879347515673,0.011560100266489,"gene-NUP50|NUP50"
409.030113245988,0.517399451975241,0.197077240988305,2.62536378823137,0.00865564333013299,0.092605131601406,"gene-LOC101233989|LOC101233989"
1093.93074573172,0.651249244699729,0.207203795352357,3.1430372382526,0.00167204567135298,0.0349499000990575,"gene-MCF2L|MCF2L"
431.774044564827,1.13715165718679,0.388684024402783,2.92564547496913,0.0034374241887193,0.0539674832899619,"gene-LOC100219353|LOC100219353"
1586.67270246891,0.275830722683301,0.105715926279733,2.60916904756081,0.00907623928352384,0.0949364118936663,"gene-CHIC2|CHIC2"
2632.75334845919,-0.403864299180164,0.142741671843418,-2.82933703917373,0.00466445480326028,0.0641865592020303,"gene-LOC100221408|LOC100221408"
1276.13992683772,0.590455701304192,0.19475324491228,3.0318144458653,0.00243088584109488,0.0433582261586542,"gene-PBX3|PBX3"
3662.65975776297,-0.742107372629618,0.240680574293012,-3.08337045816649,0.00204670195677219,0.0389798086526221,"gene-LOC101233449|LOC101233449"
5396.71195334189,1.4509661219163,0.506731930683575,2.86338009124265,0.0041914742677924,0.0601650211015922,"gene-RASD1|RASD1"
263.630767003564,0.660775647368198,0.191315345834137,3.45385595957925,0.000552632456216112,0.0175592714605752,"gene-SLC2A4RG|SLC2A4RG"
2737.89765299383,0.479037909697387,0.133261060564056,3.59473283245501,0.00032472463187206,0.01238594435001,"gene-WIPI1|WIPI1"
8615.14926891451,-0.41146392591285,0.128568430586863,-3.20034960397886,0.00137260983452452,0.0311634182538547,"gene-MTX2|MTX2"
3543.87517227162,-0.387481638844521,0.121514784427594,-3.18876127435674,0.00142883822116355,0.0318117749028772,"gene-YIPF1|YIPF1"
8253.5122738696,-0.608994404859874,0.113255299339352,-5.37718242247646,7.56605051460847e-08,2.99000858774183e-05,"gene-LOC100228858|LOC100228858"
664.452467046996,0.988395626615102,0.346816768610308,2.84990725960453,0.00437319784450805,0.0617915753537976,"gene-LOC140682063|LOC140682063"
3799.9433256236,0.560217240818628,0.201279283548658,2.78328316228928,0.00538118189305878,0.0701550785769292,"gene-NFIC|NFIC"
341.896348934224,-1.48670195702625,0.43488588947741,-3.41860242651878,0.000629436224804222,0.0192266920262662,"gene-RPS6KA2|RPS6KA2"
4549.90257090295,-0.266091356606117,0.0695588846591526,-3.82541148999152,0.000130553834732881,0.00678414101241622,"gene-MMADHC|MMADHC"
1387.26954029713,0.625585361567284,0.166334898945939,3.76099883747551,0.000169236216613086,0.00804571877928227,"gene-JMY|JMY"
3157.31828922377,-0.570004592594848,0.174342803749316,-3.26944720594516,0.00107757843925415,0.0270378113944602,"gene-MKNK1|MKNK1"
1974.51918927568,-0.748074830150825,0.252037037386348,-2.96811467833634,0.00299632517610119,0.0494022531642446,"gene-ATL1|ATL1"
858.611861337846,0.398370212783041,0.153326438107287,2.5981834424686,0.00937184123169163,0.0964331197851687,"gene-GSE1|GSE1"
23926.4396856732,-0.685517713368489,0.157634956180002,-4.34876711346753,1.36904998590563e-05,0.00144275051014689,"gene-PGK1|PGK1"
1859.41319461783,1.14147764521198,0.220377068351536,5.17965709295642,2.22294144992436e-07,6.85641892091305e-05,"gene-PFKFB2|PFKFB2"
3652.3901933571,-0.366897729871845,0.131029084844368,-2.80012434115398,0.00510829257071308,0.0675020562687958,"gene-ARFGAP1|ARFGAP1"
1456.502557074,-0.724918105807794,0.17495430985703,-4.1434709805102,3.42088376492179e-05,0.00257502952923815,"gene-RFC5|RFC5"
2340.35224230442,-0.244531539837085,0.0885350712276036,-2.76197371783267,0.00574531030783051,0.072365731227913,"gene-NAA35|NAA35"
5561.9353236661,-0.529065281885774,0.129724756496554,-4.07836789348554,4.53529607767802e-05,0.00311703011947371,"gene-CPPED1|CPPED1"
8571.62334618043,-0.521960835000872,0.156221524013423,-3.34115825778287,0.000834296531933449,0.0229858691564932,"gene-PRKACB|PRKACB"
2165.2050959349,-0.827647831130779,0.227362346339146,-3.64021503321494,0.00027241044649374,0.0112856567528583,"gene-HOMER2|HOMER2"
3589.62178812352,-0.583474477823734,0.188766902220433,-3.09097872010624,0.00199497930710772,0.0385937839770168,"gene-SLC8B1|SLC8B1"
474.314396705323,0.449317703229502,0.123923443961796,3.62576836847773,0.000288103516718589,0.011603048001348,"gene-NOP9|NOP9"
14793.2906754224,2.06536247607228,0.496270344208884,4.16176888297592,3.15791875016617e-05,0.00245528336992245,"gene-HSPH1|HSPH1"
3468.98775786006,-0.370596117573828,0.117959978864996,-3.14171061354607,0.00167963957317911,0.0350177425178731,"gene-AP3S1|AP3S1"
2384.55947393698,0.892819988642793,0.238429606455181,3.74458525481239,0.00018069201392364,0.00840085002969984,"gene-MAP1LC3A|MAP1LC3A"
2537.72242697617,-0.984834842043029,0.254841947538651,-3.86449268479892,0.000111320325962533,0.00606791742294048,"gene-DHX37|DHX37"
2993.80696721243,0.383928526796193,0.126794683660541,3.02795445134007,0.00246215195486462,0.0437308618275533,"gene-CBX4|CBX4"
1922.00324549587,3.40382129744224,0.696312842023456,4.88835059762918,1.01684322727881e-06,0.000219037460088742,"gene-LOC100190429|LOC100190429"
2262.37635567137,-0.291465764637665,0.112471707130556,-2.59145852831534,0.0095570059718998,0.0975447114775181,"gene-FBXL17|FBXL17"
492.338610415652,0.851244085767265,0.256646972545736,3.31678989751406,0.000910580647763819,0.0243966162534349,"gene-PID1|PID1"
637.286144177527,0.794803115237001,0.251422214303216,3.16122868235686,0.00157105103441752,0.0335599854412905,"gene-SPATA7|SPATA7"
3369.54007898475,-0.495828208762016,0.181760128558626,-2.72792615571951,0.0063733873767548,0.0771271356616662,"gene-FZD4|FZD4"
10512.2254886387,-0.386871937386922,0.102575099005781,-3.77159701659287,0.000162206068325251,0.0077699164395497,"gene-ACO2|ACO2"
10206.0031187412,1.19271464583197,0.348064103706409,3.42670971562762,0.000610941796271247,0.0188005079783713,"gene-SARM1|SARM1"
2042.7502290641,-0.300761409417327,0.0927493407127793,-3.24273366372174,0.00118388825106795,0.0284628342642686,"gene-PEX19|PEX19"
1695.46689070379,0.715412722406816,0.226967795372236,3.15204507861352,0.00162131241106824,0.0343113719484934,"gene-NR1D2|NR1D2"
867.719887634683,-1.05643208517111,0.35647738381628,-2.96353186241843,0.00304130574307662,0.0498837255861828,"gene-TRIL|TRIL"
1788.384435113,-0.997318667597247,0.158574741691199,-6.28926559779222,3.18971337886953e-10,3.66701048992583e-07,"gene-RNF144B|RNF144B"
124.534792222331,1.3413963143644,0.443139163084776,3.02703174557331,0.00246968020109891,0.0437518222123662,"gene-TRAT1|TRAT1"
2079.03011387269,-0.484400522508589,0.171610383839876,-2.82267606230965,0.00476246646603389,0.0648290106883365,"gene-MAPK8|MAPK8"
11398.1372051405,-0.764580264373805,0.291738418607924,-2.62077332160132,0.00877305736513514,0.0933872756224739,"gene-CA5A|CA5A"
5700.32743419769,-1.15772768062647,0.275534722810051,-4.2017487626218,2.64860985021991e-05,0.00229413151821103,"gene-AGPAT2|AGPAT2"
16431.7446930762,-0.257046566785364,0.0939859983247034,-2.7349453255507,0.00623906381356149,0.0760840896685619,"gene-SOD2|SOD2"
3715.27938182718,-1.04015441793191,0.278871435381123,-3.72987077902179,0.000191577997317008,0.00874619261397431,"gene-ENPP1|ENPP1"
1128.440645693,0.299274522143408,0.11483445030514,2.60613884899672,0.0091569333251064,0.0953292120471477,"gene-KAT7|KAT7"
205.322589714343,0.76828229872847,0.288843083388488,2.6598604671975,0.0078173029492478,0.0870901157783503,"gene-FAM110A|FAM110A"
364.451241476766,0.474447438383921,0.14670818884095,3.23395334733688,0.00122089397168713,0.029021475875856,"gene-CEP41|CEP41"
882.707665537243,1.6891091464473,0.291224894747794,5.80001633414648,6.63084603067688e-09,4.93256934729058e-06,"gene-LOC140685075|LOC140685075"
400.396169312974,1.30994879570195,0.35017173869075,3.74087526480491,0.000183380519982302,0.00846361334195692,"gene-EFNA1|EFNA1"
37813.0698609202,-0.912591636034139,0.259144399720651,-3.52155646434144,0.000429021290672379,0.0147831151003894,"gene-DBI|DBI"
213.147439932709,0.650982703811728,0.210478877886843,3.0928647584377,0.00198234452263966,0.0385080320019987,"gene-EPHB3|EPHB3"
1112.31216679238,-0.70910930167434,0.199518148788187,-3.55410926765939,0.000379261605336644,0.013581953095788,"gene-PIK3R3|PIK3R3"
20408.7218393219,-0.388386073369612,0.108556308394067,-3.57773840244956,0.000346580060609141,0.0128827372619679,"gene-ACAT2|ACAT2"
493.877513282899,1.06216514805186,0.367605421804937,2.88941643688671,0.00385957572006368,0.057489039524058,"gene-RASGEF1C|RASGEF1C"
240.56830042814,0.586330316418755,0.198596865239929,2.9523644077181,0.00315350533179807,0.0511928477868016,"gene-LOC101233796|LOC101233796"
245.065872728993,0.813932098958676,0.226755152243105,3.5894756564828,0.000331343770053271,0.0125454290901008,"gene-MUS81|MUS81"
2485.76160622866,0.295182459031578,0.107479092479808,2.74641748661056,0.00602500395885202,0.0743048486078001,"gene-ACBD3|ACBD3"
791.854285512664,-2.23953986319409,0.829320824388481,-2.70045053414095,0.00692456334143473,0.0798978357808244,"gene-LOC100230413|LOC100230413"
267.13453189741,1.5999367226599,0.535900273586745,2.98551204676875,0.0028310398677636,0.0480279772961935,"gene-MLPH|MLPH"
419.364135172368,0.950752385329626,0.316748277525838,3.00160238520025,0.00268562709622104,0.0462703545760371,"gene-GRAP2|GRAP2"
2907.07194488132,0.516934827046869,0.0988780956962196,5.22800144366688,1.71352173196365e-07,5.8565394114628e-05,"gene-ATXN1|ATXN1"
6243.18321249622,0.696593894711438,0.231633818836015,3.00730652463399,0.0026357384398254,0.0455971933105773,"gene-FOXA1|FOXA1"
1463.52843095474,-0.363072349528724,0.0957474594817769,-3.79197893598237,0.000149451593049863,0.0074998604988435,"gene-MTCH1|MTCH1"
8670.13890023996,-0.301035794245947,0.107902417786916,-2.78988923900138,0.00527260758124374,0.0690957466035319,"gene-TLK2|TLK2"
167.072029331043,0.826991919795045,0.31870338122974,2.59486396599884,0.00946283635999189,0.0971323284159557,"gene-LOC115497175|LOC115497175"
432.14250660778,0.666221466113847,0.206356866287059,3.22849187478491,0.00124444794041991,0.0293664873310239,"gene-SLC11A1|SLC11A1"
4415.03448788772,-0.5461502874428,0.154193793589728,-3.54197321907764,0.000397145793054598,0.0139897094678787,"gene-PRELID3B|PRELID3B"
2217.96786294086,-0.950128547746475,0.224003358688721,-4.24158170354397,2.21950062773603e-05,0.00204874488601094,"gene-TDRD7|TDRD7"
10135.5332630427,-0.576071808356225,0.189519484575225,-3.03964423313724,0.0023685775847771,0.0426681369474234,"gene-KCNK1|KCNK1"
4147.46321989167,-0.491452832598879,0.126803194929704,-3.87571332781739,0.000106312790753159,0.00587088013914607,"gene-OTUD6B|OTUD6B"
3789.43768071837,-0.48916178436366,0.171732252007936,-2.84839789057826,0.00439399510152868,0.0620161406851916,"gene-LOC100229594|LOC100229594"
1571.18595173611,0.771992930230769,0.28937348693111,2.66780809264172,0.00763478534455088,0.0856694724642329,"gene-LOC105759762|LOC105759762"
4934.23193357153,-0.337159137978177,0.1176032351769,-2.8669206035958,0.00414486982459399,0.0599959264412192,"gene-GLRX3|GLRX3"
113.477693756522,1.85980382050824,0.491989860748504,3.78016696864193,0.000156723222805089,0.00768449105310254,"gene-IRAK1BP1|IRAK1BP1"
963.936055291681,0.933810130195869,0.306353455018797,3.04814623402427,0.00230257847474414,0.0420870132173646,"gene-LOC115498543|LOC115498543"
453.327019445509,1.12195293392195,0.413996428843643,2.71005461823849,0.00672721292865646,0.0788897134982017,"gene-CPE|CPE"
841.263690847944,0.58720536805524,0.144111831772888,4.07465064340201,4.60834748231927e-05,0.00315011687899511,"gene-GJA10|GJA10"
718.869787237997,-0.529770238297668,0.176027888636037,-3.00958127943604,0.00261608071123376,0.0453812848755311,"gene-ZDHHC3|ZDHHC3"
36558.916487474,-1.17702398219378,0.298384480426778,-3.94465550121872,7.99147820623084e-05,0.0047446118965256,"gene-INSIG1|INSIG1"
2473.61053077261,-0.308449965254464,0.118595484788338,-2.60085757737715,0.00929910510929307,0.0959460420711599,"gene-PSME3|PSME3"
1842.40289696144,1.1511202786984,0.275286659237204,4.18153310403076,2.8955008313971e-05,0.0023555165019256,"gene-SSBP2|SSBP2"
6523.14619523132,-0.36281560981141,0.124276550909124,-2.91942129997409,0.00350681929160099,0.0542901198164433,"gene-COX7B|COX7B"
4390.45592439692,-0.790451196062502,0.170013565005487,-4.64934192772789,3.32995776461652e-06,0.000539880075530007,"gene-SAMD4A|SAMD4A"
981.239438493341,-0.381619607842031,0.136015863027579,-2.80569927174341,0.0050207526107183,0.0670458685481981,"gene-COQ10A|COQ10A"
527.353348234744,-0.908920020066953,0.302805064650088,-3.00166716536684,0.00268505571435629,0.0462703545760371,"gene-ESR1|ESR1"
178.787039597486,1.7016135030822,0.548508793982591,3.10225382300108,0.00192053209839278,0.0376503055327052,"gene-IL22RA2|IL22RA2"
3214.06623662349,2.53571282140254,0.503233789516856,5.03883656905674,4.68370203789075e-07,0.000118460191942333,"gene-LPL|LPL"
284.622909329842,1.88007836370867,0.604212417860998,3.11161821262202,0.00186064961745692,0.0367739890205145,"gene-LOC116806916|LOC116806916"
163.424766030332,0.932225216440656,0.246305326044118,3.78483580283472,0.000153810095879604,0.00762777440193518,"gene-PTGS1|PTGS1"
3599.06537253839,-0.384120663932426,0.0993056894392839,-3.86806300929294,0.000109703321038594,0.00603177477327852,"gene-ZNF335|ZNF335"
131.503707007924,0.847455658559054,0.243457041620571,3.4809248190891,0.000499685725156074,0.0164130537151265,"gene-SLC23A3|SLC23A3"
3933.6850059826,-0.255953236831579,0.0793582324141169,-3.22528903486575,0.00125845546754397,0.029454479016036,"gene-CEBPZ|CEBPZ"
3081.89052085598,-0.365397697041996,0.119612873072651,-3.05483588559953,0.00225183706326215,0.0415718708058586,"gene-EXOC3|EXOC3"
4450.82455294647,-0.420180986139267,0.138933328415392,-3.02433541995756,0.00249180005978696,0.0439755874098625,"gene-TRAFD1|TRAFD1"
619.617978951713,0.865770313806904,0.254110496309535,3.40706238577528,0.000656661159815975,0.0196959191809973,"gene-LOC121470066|LOC121470066"
13006.7665553436,-1.02222693523208,0.222941730776643,-4.58517538045045,4.53605520555281e-06,0.00067485828387554,"gene-CPT1A|CPT1A"
2172.38666653179,0.71218952789884,0.261711208904331,2.72128018849656,0.006502961715807,0.0777395463472161,"gene-SPI1|SPI1"
1226.32480847412,0.668686032880185,0.245218087465986,2.72690338543211,0.00639317553034975,0.0771572806749615,"gene-RAC2|RAC2"
2396.28802152561,-0.507647463960256,0.184537899045869,-2.75091169122975,0.00594296619826958,0.0736929150938033,"gene-IPO8|IPO8"
13264.1675978701,-0.674588286860501,0.132683094329925,-5.08420677304294,3.69165600645599e-07,9.93291103354095e-05,"gene-GCGR|GCGR"
6118.26815910405,0.661335992408579,0.168435430338119,3.92634727195464,8.62456119042662e-05,0.00502609220341636,"gene-VCAM1|VCAM1"
5672.68861174786,-0.510762430655362,0.189106589196705,-2.70092349941375,0.00691472413076365,0.0798978357808244,"gene-LDAH|LDAH"
9139.49756884372,0.566959805074041,0.179642693131219,3.15604155778219,0.00159926072597803,0.0341049766285298,"gene-TNS1|TNS1"
5729.00520611462,0.499993789737596,0.16181038194456,3.08999820486738,0.00200157705068907,0.0385937839770168,"gene-TM4SF4|TM4SF4"
103656.461350774,-1.51386615955581,0.338820602269739,-4.46804636263117,7.89371999752027e-06,0.00101861207233307,"gene-ME1|ME1"
2110.19821444699,-0.807025550437209,0.168181697242557,-4.79853375051444,1.59831377981393e-06,0.000286913678102262,"gene-CABLES1|CABLES1"
1610.15250193939,-0.584673227401017,0.162453074626277,-3.59902838863504,0.000319408323843925,0.0123524087563617,"gene-TMEM82|TMEM82"
620.864177266648,0.709591630631534,0.268790138979609,2.6399466636883,0.00829190758294063,0.0908283328953026,"gene-THSD7A|THSD7A"
580.678770912024,1.14700593572786,0.436544574509779,2.62746579090095,0.00860234909154887,0.0923474589233676,"gene-LRRC56|LRRC56"
138588.590495093,-1.76527030267452,0.467682979344873,-3.77450191825945,0.000160327674659867,0.00776821369252367,"gene-LOC115494437|LOC115494437"
810.299507379938,1.14842454546163,0.311647327156397,3.68501329993856,0.000228690698086442,0.00993822188316543,"gene-ELF3|ELF3"
