"baseMean","log2FoldChange","lfcSE","stat","pvalue","padj","Gene_ID"
752.944681192214,-0.652266941484326,0.229257899994302,-2.84512307536855,0.00443942661165963,0.0638063901500774,"gene-ADCK5|ADCK5"
8702.70522197554,0.245432696901014,0.093032005879909,2.63815333851699,0.00833588797086768,0.0932577238405735,"gene-SBNO1|SBNO1"
1000.07958158486,1.29452466872911,0.240770956415601,5.37658149471568,7.59133470874699e-08,2.44218746529471e-05,"gene-FOXP4|FOXP4"
1486.62774525665,0.818442281728506,0.192057011849132,4.26145483493944,2.03100403646473e-05,0.00162901374222144,"gene-ITPKB|ITPKB"
1137.99522529163,1.26093934450163,0.425120858432282,2.96607263438354,0.00301629244031604,0.0498070074420459,"gene-HFM1|HFM1"
4138.2559726004,-0.535674791444128,0.192048807737755,-2.7892638218072,0.00528280117119021,0.070777914499805,"gene-ARL5A|ARL5A"
783.559747574518,1.12632930901355,0.215109143068785,5.23608291560803,1.64020290600005e-07,4.43978627351902e-05,"gene-CECR2|CECR2"
1894.19644294386,0.388164696353511,0.123405875257972,3.14543124905583,0.00165842168858317,0.0332526060658713,"gene-MCC|MCC"
923.282160355242,0.891724630428985,0.309757766158543,2.87878054354438,0.00399216030432907,0.0599726692377985,"gene-TMEM140|TMEM140"
1923.07175074458,0.373149044030694,0.128552473077466,2.90269829197166,0.00369962865477774,0.0564646120880193,"gene-MKKS|MKKS"
377.084207020352,-0.666316874448326,0.245718272413521,-2.71171072425162,0.00669369798915263,0.0819439719328464,"gene-C1QTNF1|C1QTNF1"
1940.49320052271,-0.73563600745291,0.22122888179855,-3.32522589940484,0.000883469217475795,0.0217401844307133,"gene-LOC121469393|LOC121469393"
3785.08048993911,-0.307403072397508,0.0755689459977405,-4.06784914542409,4.74490817634645e-05,0.00302866038487581,"gene-TSC2|TSC2"
575.064630232593,0.700854732067123,0.247005722333186,2.83740281580093,0.00454821905900516,0.0647966062236631,"gene-ALKBH3|ALKBH3"
661.942493882168,0.682030795020504,0.199162064941085,3.4245015245361,0.000615928388941448,0.0169548498326877,"gene-SCNN1G|SCNN1G"
5395.27720982116,0.791106242720979,0.276521888593199,2.86091725593848,0.00422417284210703,0.0621799943938353,"gene-PROZ|PROZ"
4783.68069101822,-0.853888850615463,0.320258850219156,-2.66624591336395,0.00767035631434201,0.0886305124480136,"gene-ELOVL2|ELOVL2"
9261.04625519964,0.672220274776491,0.241569196311992,2.78272348063907,0.00539047267883307,0.0715645223855613,"gene-SLC6A6|SLC6A6"
5078.70997073621,-0.545441603166246,0.163180985289864,-3.34255613297934,0.000830105640918915,0.0209562247898304,"gene-DIO1|DIO1"
3469.16930707329,-0.266910241543278,0.102265812710796,-2.60996548571016,0.00905513581072313,0.0980928576542097,"gene-NKRF|NKRF"
4313.80611698871,0.632885490013238,0.203135068884202,3.11558951140049,0.00183577623324929,0.0356309985587415,"gene-VLDLR|VLDLR"
3902.91762079898,-0.478513535818483,0.160427025351937,-2.982748915083,0.00285672246937953,0.0480884758904781,"gene-HPGD|HPGD"
16544.3442042324,-0.549986691244289,0.194036481281807,-2.83444993235845,0.00459046504809279,0.0652078013682919,"gene-PPA1|PPA1"
9291.15080861145,0.484597537219708,0.163607419224971,2.96195331186879,0.00305694133685015,0.0499254877326688,"gene-MYO1B|MYO1B"
2326.90224502805,0.427414679522791,0.13338742921915,3.20431004649296,0.0013538659491654,0.029145005270914,"gene-TRIM23|TRIM23"
17266.350639544,-0.234931833010574,0.0614557591695544,-3.82277977174449,0.000131955626314413,0.00609042012566289,"gene-HNRNPUL2|HNRNPUL2"
281.318448324934,0.70345653080163,0.176286613648523,3.99041377131544,6.59581261015046e-05,0.00381071118271025,"gene-LOC100229224|LOC100229224"
3488.82167215239,0.347808442247097,0.116552041175785,2.98414715639796,0.00284369970773306,0.0480884758904781,"gene-FXR1|FXR1"
14912.5641534134,0.869493019590985,0.234466948229231,3.70838203916446,0.000208587790438258,0.00798148621161262,"gene-CIRBP|CIRBP"
2995.81216236684,-0.989628098731592,0.321539096088807,-3.07778466372955,0.00208545551497913,0.0383918177108941,"gene-SLC25A30|SLC25A30"
1142.72466174683,1.63969889502858,0.374052026193248,4.38361185131359,1.16727673298665e-05,0.00110792753286142,"gene-LOC140683791|LOC140683791"
1061.78058876283,-0.229347199738852,0.0803459422608292,-2.85449636018103,0.00431051256414378,0.0630067621500896,"gene-TSR3|TSR3"
7376.71774692778,-0.391975988363251,0.145854984288719,-2.68743636204668,0.00720028210061229,0.085733415158681,"gene-RAB5IF|RAB5IF"
1647.32684651431,0.671359478689746,0.135172625833928,4.96668222983679,6.81080527776191e-07,0.000130991500980323,"gene-TANK|TANK"
132.340737516937,2.71859362025395,1.0201871440151,2.66479894027533,0.00770343646433579,0.0888722421461691,"gene-LOC140680792|LOC140680792"
353.536869473776,0.862948141393776,0.253023186582516,3.41054965376602,0.00064832078058784,0.0174843262912407,"gene-KLF4|KLF4"
6037.62719193425,-0.946099427995221,0.291405689593803,-3.2466745220864,0.00116761835838295,0.0262570423761286,"gene-LSS|LSS"
8516.24307839935,0.838890117067418,0.209273585396502,4.0085809944815,6.10846886678399e-05,0.00362957274088543,"gene-MET|MET"
21977.7395570713,0.626183409362981,0.111608617901309,5.6105291969182,2.01708836084909e-08,9.1261654135025e-06,"gene-IL6ST|IL6ST"
7932.79779583506,0.48691057994368,0.174062071227533,2.79733876834771,0.0051525476656846,0.0697411098849638,"gene-ACMSD|ACMSD"
32086.120299891,1.20453560715732,0.454941685152204,2.64767034208864,0.00810485161950044,0.0916939753268095,"gene-PPDPFL|PPDPFL"
9625.88245828458,-0.399115284742895,0.101571771222143,-3.92939179794361,8.51609859582962e-05,0.00446164204929181,"gene-ABCE1|ABCE1"
1437.53979270294,0.526463367629654,0.156653650390091,3.36068368862571,0.000777498113624556,0.0201540216916367,"gene-FOXP2|FOXP2"
3227.25370266973,0.545576600992787,0.134272461379522,4.0632054807628,4.84033843929611e-05,0.00307488463311096,"gene-TCP11L2|TCP11L2"
2253.29408615734,0.651478366418463,0.101106294532435,6.44349958062669,1.16749592730667e-10,1.60859720024676e-07,"gene-ATF6|ATF6"
3569.11654729246,-1.06313889343169,0.185575673947741,-5.72886990420456,1.01101890938311e-08,5.10227556429224e-06,"gene-NCOR2|NCOR2"
4762.44579306853,-0.49654993791964,0.153584633695836,-3.23307043140151,0.00122467365179223,0.0272466587035724,"gene-LPCAT3|LPCAT3"
1023.55387496414,-0.327834041253071,0.0926552315676132,-3.53821404044348,0.000402843362940161,0.012267419658534,"gene-HIKESHI|HIKESHI"
15371.6156954067,-2.12429709712025,0.505255261247786,-4.20440371441963,2.61771342239237e-05,0.00196221113308253,"gene-LOC140683682|LOC140683682"
3182.39722936995,-0.458069650858021,0.160854064921193,-2.84773438011928,0.00440316579620883,0.0635538886640002,"gene-DYNLL2|DYNLL2"
32158.1476643897,-1.05331305583783,0.200546555145114,-5.25221216128924,1.50283208867643e-07,4.25475109449173e-05,"gene-MPC1|MPC1"
250.560909083186,1.74492906482387,0.500214228336938,3.48836351701797,0.00048598686057977,0.0142358115051994,"gene-LOC115491080|LOC115491080"
518.102879338418,-1.09978616976619,0.385379330291002,-2.85377570440984,0.00432030219889383,0.0630171165713865,"gene-LOC116807936|LOC116807936"
4063.01955321874,-0.320868488110158,0.0933995516107862,-3.43543927755968,0.000591594025278046,0.0164711045095032,"gene-SQOR|SQOR"
316.174593818686,-0.547898178084248,0.198618220017307,-2.75854943235573,0.00580585234837942,0.074442231382686,"gene-KIF26A|KIF26A"
99.7941497332095,-2.17245024773601,0.57159244343464,-3.80069798453244,0.000144289079008091,0.0064301020361624,"gene-LOC105760879|LOC105760879"
2564.54968564778,-0.555093883137451,0.172035749401035,-3.2266193803909,0.00125261965769911,0.0276162014126514,"gene-SEC31B|SEC31B"
2281.89106507118,-0.784480059100757,0.207839643554659,-3.77444863589967,0.00016036194353236,0.00685383195500735,"gene-MKLN1|MKLN1"
913.973901572309,-0.612738378063107,0.213051228227822,-2.87601429552843,0.00402731471836389,0.0603095470239879,"gene-CDK18|CDK18"
10154.4507812519,0.608004400592793,0.215916854790278,2.81591912397646,0.00486379089769163,0.067387707631809,"gene-ANO1|ANO1"
1649.72942351173,-0.501106655131087,0.183346051301919,-2.73311942947659,0.0062737578971688,0.0782453235349115,"gene-PFDN1|PFDN1"
8710.53585221793,-0.749448891103871,0.245507421890674,-3.05265268696278,0.00226828301846618,0.0406815863569573,"gene-LRRC8B|LRRC8B"
3662.87405615048,-0.443802688932862,0.121284311610294,-3.65919287532317,0.000253010866435174,0.00904597568235401,"gene-LOC100224886|LOC100224886"
396.523846959561,-0.491741596248537,0.124776405693281,-3.94098221948554,8.11486418429223e-05,0.00431327162842907,"gene-LOC100228578|LOC100228578"
3403.78363736527,0.674572989475243,0.190095399648682,3.54860238975762,0.000387281396054786,0.0120959234319077,"gene-TMEM214|TMEM214"
1825.79085091921,-1.24359574146415,0.379574358530891,-3.27629017480889,0.00105180434666441,0.024612311092713,"gene-LOC100228865|LOC100228865"
5842.28038354046,-0.379837966742629,0.134975872647678,-2.81411751072064,0.00489113452006433,0.0674538895403022,"gene-RALBP1|RALBP1"
48974.0680713551,0.746398387440479,0.197071906532447,3.78744185598867,0.000152206287629802,0.00662013140120182,"gene-SLC2A2|SLC2A2"
2049.9798670376,0.388942595672423,0.118336864045684,3.286740770165,0.00101354088534373,0.0238950437436603,"gene-APBA1|APBA1"
991.774019605991,-0.664569189099254,0.251332186766874,-2.6441865550459,0.0081887509988797,0.0923704414585406,"gene-SRC|SRC"
6541.1676600064,0.73990144592067,0.279942906943705,2.64304409066332,0.00821643351239264,0.0925980020436726,"gene-LOC100227584|LOC100227584"
1374.41807204801,-0.361717270189219,0.122024613024104,-2.96429762180657,0.00303374717666589,0.0498070074420459,"gene-SZRD1|SZRD1"
2427.13493540764,-0.8229494592058,0.195968604269515,-4.19939439928858,2.67629808255057e-05,0.00198575883617471,"gene-TRAM2|TRAM2"
44787.597232897,0.633342429080473,0.113385520939877,5.58574343382261,2.32702570509713e-08,1.00041572739426e-05,"gene-HAL|HAL"
23441.5897379121,-0.524718271561523,0.186723402226175,-2.81013662618433,0.00495204731213844,0.0679025099076243,"gene-ABCD2|ABCD2"
205.564218104684,-0.793569762937938,0.301862059308407,-2.62891522292029,0.00856577121681939,0.0947094386355892,"gene-NEDD9|NEDD9"
278.376517050821,-0.998762834606561,0.262651336827832,-3.80261850812986,0.000143174740303751,0.00641958643871145,"gene-LOC140683689|LOC140683689"
488.103923904295,0.646821556225073,0.179649340085791,3.60046719857799,0.000317645901468495,0.0105763784550455,"gene-CFAP57|CFAP57"
21022.1032813161,-1.18806898591993,0.305665199816537,-3.88683103811954,0.00010156139300147,0.00504428913328684,"gene-GCH1|GCH1"
3062.00151439087,0.43872877070051,0.159731595467204,2.74666242090213,0.00602050674625568,0.0764567742050558,"gene-LOC100230322|LOC100230322"
16351.7375650728,-1.0335580309263,0.292883145379442,-3.52890921595124,0.000417276251061467,0.0126280061320196,"gene-LOC140683976|LOC140683976"
57.5665697405994,1.20235682207671,0.390975294243475,3.07527570099598,0.00210308048379326,0.0386190043110629,"gene-S100PBP|S100PBP"
23048.4149391632,0.611401286830609,0.188646875735443,3.24098283868763,0.00119118354742184,0.0267048004795476,"gene-AASS|AASS"
927.061407144922,1.24955465480019,0.346550048888085,3.60569752856599,0.000311315582048769,0.0104999971446009,"gene-INA|INA"
1152.91397121489,-0.848289032603206,0.184119657655082,-4.6072703121811,4.07989478206995e-06,0.000477026575688417,"gene-RAMP2|RAMP2"
52.6957465944895,-1.03984953349104,0.356487693367748,-2.91692968042615,0.00353495458256556,0.0548585193896417,"gene-CLEC14A|CLEC14A"
233.22243728308,-0.882002886424245,0.329329723639078,-2.67817577070832,0.00740243610046896,0.0872592003875441,"gene-EXOC3L2|EXOC3L2"
586.894745582642,-0.596431387077911,0.226034478359037,-2.63867438015597,0.00832308823125381,0.0932577238405735,"gene-GSS|GSS"
14584.757053935,0.814118389849474,0.229598724878412,3.54583149484216,0.000391376384747684,0.0121586738480928,"gene-TRIM25|TRIM25"
3088.9902745587,-0.352176262363417,0.124223333093772,-2.83502506004706,0.00458220911180661,0.0651538429837326,"gene-BPNT1|BPNT1"
2839.54411139882,-4.86436860465695,1.09438583684,-4.44483877706481,8.79578032416545e-06,0.000898158166517133,"gene-ASS1|ASS1"
2302.97524720908,0.44242195546324,0.168698897732328,2.62255391949995,0.00872734568543469,0.0956996338214546,"gene-TMEM248|TMEM248"
4093.21517527239,0.283764094765909,0.105091089839962,2.70017272823071,0.00693034846615751,0.0837890020924932,"gene-TOR1B|TOR1B"
58.9293432619486,0.951694403417938,0.349681135817084,2.7216063605895,0.00649654756212092,0.0803157011113512,"gene-LOC115497064|LOC115497064"
4532.30997599696,-0.815576297562908,0.190133622504314,-4.28949013236417,1.79083769375835e-05,0.0015307996824366,"gene-SAMHD1|SAMHD1"
1727.08460144897,-0.381235981713223,0.106276613268019,-3.58720484206419,0.000334241744851565,0.0109297798310857,"gene-TRAPPC12|TRAPPC12"
67.4509042742475,1.01314032760486,0.355374705009022,2.85090726302296,0.00435946820636873,0.0632354625489766,"gene-DNAH12|DNAH12"
2092.3604570385,0.820370336523343,0.201575423980347,4.0697934317793,4.70548404023491e-05,0.00301666930772429,"gene-PDZD11|PDZD11"
1393.77763706573,0.79849375337438,0.225407366114391,3.5424474680617,0.000396432373671834,0.0122146201736747,"gene-SH2D4A|SH2D4A"
7334.87360436852,1.3375845580384,0.316908481506612,4.22072817893482,2.43514427568805e-05,0.00185388041029856,"gene-TNFSF10|TNFSF10"
13450.4668553317,0.984725258568048,0.176457311502034,5.58052964870599,2.3978727210415e-08,1.0014201589561e-05,"gene-NFIL3|NFIL3"
14122.1732528997,-0.695462615584871,0.232640049818426,-2.98943632503378,0.00279492695633791,0.0475040085125479,"gene-METTL27|METTL27"
5186.84372543197,0.275226196297198,0.105699310047851,2.60385991330122,0.00921804254934301,0.0990008287610189,"gene-LOC100222731|LOC100222731"
7491.4760757937,0.551112935932819,0.132028257710381,4.17420441267769,2.99029180804502e-05,0.00213215099308264,"gene-TRIP11|TRIP11"
328.974502632891,0.90795476250563,0.244657318284339,3.71112856493593,0.000206337267752042,0.00791609407541102,"gene-SOX9|SOX9"
3060.79757708587,1.10267122632216,0.307054225967658,3.59112864461376,0.000329249059983204,0.0108149067635382,"gene-SLC16A6|SLC16A6"
15888.7474725156,0.594443977924948,0.185669421496679,3.20162562652021,0.00136654473138741,0.0293746828510143,"gene-PPARA|PPARA"
1257.10716299958,-0.483972137747211,0.166645376116229,-2.90420381907062,0.00368188383409374,0.0563540272282181,"gene-LOC140683598|LOC140683598"
44.6046752283342,1.51002648040307,0.515489621972819,2.92930529740654,0.00339720570376475,0.0534479327147173,"gene-LOC115494330|LOC115494330"
4749.97915665275,0.4204318991413,0.142415780189019,2.9521440572336,0.00315575667164484,0.0508574369012488,"gene-SMARCD2|SMARCD2"
10044.365241195,0.548426823533641,0.197817886883275,2.77238237741994,0.00556476262444694,0.0729290357229818,"gene-LRRFIP1|LRRFIP1"
692.796596992328,0.505169902768136,0.177919621697667,2.83931529275931,0.00452104607675737,0.064632978218827,"gene-ZDHHC4|ZDHHC4"
3340.74704151436,-0.482920025750891,0.0961423649761061,-5.0229680315323,5.08790160908703e-07,0.000107782402637718,"gene-RNF130|RNF130"
1851.98835329144,0.41593606719527,0.1531333881523,2.71616838244053,0.00660423197657981,0.0813340946344592,"gene-HNF4G|HNF4G"
1098.76470696825,0.353843423291732,0.0984125243133965,3.59551211352847,0.000323754062166771,0.01068558704315,"gene-UVRAG|UVRAG"
341.398551615136,0.745549321163424,0.282766693595425,2.63662354177447,0.0083735702710696,0.0934324249253621,"gene-CACNA2D1|CACNA2D1"
4616.16954062723,0.419322235824512,0.115892770807932,3.61819147908242,0.000296668878548201,0.0102033152887978,"gene-HMGB3|HMGB3"
1363.74904135896,-0.406708682506997,0.119771721661339,-3.39569872475397,0.000684536615798567,0.0182588899874592,"gene-RP9|RP9"
265.453888153044,-2.64971280446599,0.658935559981532,-4.0212017159011,5.79019947233514e-05,0.00347858218546215,"gene-LOC140682230|LOC140682230"
5153.76006762371,0.33195385215707,0.0972059391940714,3.41495442469133,0.000637926844709133,0.0173319269314375,"gene-BNIP3L|BNIP3L"
680.435589946691,-0.776405296221558,0.184633520427071,-4.20511559561706,2.60948751717624e-05,0.00196221113308253,"gene-KLF11|KLF11"
39.4478086333737,-1.28856241732686,0.412092791438115,-3.12687444211303,0.00176675362841199,0.0347572513950176,"gene-LOC121470646|LOC121470646"
260.379496742581,0.955383274181558,0.289333986854126,3.30200846630312,0.000959951726304777,0.0230026465301589,"gene-KLHL38|KLHL38"
758.083445097783,0.638658710346974,0.241149440098398,2.64839391742472,0.00808752270670562,0.0915868926978423,"gene-LOC100219050|LOC100219050"
457.876386428169,0.533632329868239,0.168219627447416,3.17223583220125,0.00151270111633587,0.0311424679119456,"gene-GTF3C6|GTF3C6"
146050.421225084,-1.78070095357614,0.507477334585235,-3.50892706377028,0.00044991826848544,0.0133940027096776,"gene-LOC116808046|LOC116808046"
2289.27887256403,0.675217023668022,0.214409405336014,3.14919498335368,0.00163720918316724,0.0329419274366503,"gene-FRMD4A|FRMD4A"
7001.73989820745,-0.338748403844245,0.0991842062131615,-3.41534622071002,0.000637009870382161,0.0173319269314375,"gene-COPS7A|COPS7A"
631.820941495184,0.41819252757044,0.146822381151854,2.84828868929674,0.00439550323338102,0.0635500205364296,"gene-ST7|ST7"
2792.25130691007,-0.384910122397697,0.140591752253869,-2.73778593855676,0.00618543226178066,0.0776072646956634,"gene-TCF25|TCF25"
35.6498947792738,-0.999809866842033,0.376829420631524,-2.65321604976189,0.00797288205608809,0.090904537452293,"gene-NKD1|NKD1"
1499.50993834219,-0.662979184581778,0.12105580092597,-5.47664118126165,4.3347494853766e-08,1.56496854588347e-05,"gene-SLC25A19|SLC25A19"
3799.61176769785,-0.606209228251268,0.171143258514418,-3.5421157310745,0.000396931284291954,0.0122146201736747,"gene-LOC100225021|LOC100225021"
536.088416124769,-0.496535874024303,0.149804997206259,-3.31454813447009,0.000917913746228635,0.0223992407823438,"gene-EPHB1|EPHB1"
1018.51552938842,-0.573893777439366,0.190262008548603,-3.01633406383788,0.00255851211397296,0.0444349689030515,"gene-CSNK1E|CSNK1E"
55.1933419208452,0.917938970840288,0.296407979095383,3.09687672255577,0.00195571186601037,0.0370773545336881,"gene-LOC100224932|LOC100224932"
4019.47327980537,-0.612690891693118,0.104312838774937,-5.87359043132786,4.26456223206062e-09,2.59729608941792e-06,"gene-SHC1|SHC1"
41490.8175393888,-3.61656079884557,0.95535420823308,-3.78557059536522,0.000153356289429917,0.00662060792663467,"gene-LOC100226788|LOC100226788"
1197.68012351861,0.861219288126244,0.312953110817303,2.75191157511456,0.00592485165537447,0.07570469301544,"gene-LAMA3|LAMA3"
2235.45902623052,0.431115201463732,0.118708587822359,3.63171030312374,0.00028154908105469,0.00975213961558391,"gene-MACO1|MACO1"
234.866663524389,1.5330451647759,0.449445565202283,3.41096961116063,0.000647323056638694,0.0174843262912407,"gene-LOC100221534|LOC100221534"
94.9638279721095,-1.37653856177395,0.461536458325093,-2.98251316216575,0.00285892355126397,0.0480884758904781,"gene-CLMP|CLMP"
41.5753502952332,1.6252931857846,0.582067361426878,2.79227679387547,0.00523385632735052,0.0703603198840448,"gene-LOC140681954|LOC140681954"
2653.84364479877,0.335116451343255,0.115940645890277,2.89041387315023,0.00384734938299552,0.05821605168866,"gene-INO80|INO80"
2712.74899116407,-0.278685765246368,0.102850667224088,-2.70961553063312,0.00673612409007329,0.0821885858302181,"gene-RNF8|RNF8"
3274.77206874203,-1.51180342556153,0.315259530301004,-4.79542497610806,1.62330316469127e-06,0.00024976655113992,"gene-SCAP|SCAP"
35.1667072180698,1.80920168927953,0.675394080348356,2.67873489259245,0.00739008784574816,0.087183949992979,"gene-LOC121469922|LOC121469922"
25552.5085151416,-0.857005025398674,0.170279402567915,-5.03293418037959,4.83029005315334e-07,0.000105379626428272,"gene-ACTG1|ACTG1"
1481.67410799902,0.373588530489924,0.141025644236563,2.64908224679513,0.00807106869184787,0.0915868926978423,"gene-LOC100224698|LOC100224698"
1806.73465357326,0.435642138542003,0.120673972570545,3.61007538959845,0.000306108021985219,0.0103573633272175,"gene-DIS3|DIS3"
872.934365373175,0.254238618651045,0.0973251466278585,2.61226031976274,0.00899457364075566,0.0978543241124297,"gene-ZNF438|ZNF438"
6306.815474925,-0.359815043790621,0.125700178347223,-2.86248634267408,0.00420331375214131,0.0619978174723002,"gene-TMEM131|TMEM131"
232.184703668885,0.633957560710423,0.237223396680422,2.67240739986733,0.00753091563410542,0.0876428294774833,"gene-LRRC20|LRRC20"
34.0113143095431,1.42822096566762,0.427265336324602,3.34270263521347,0.00082966755326469,0.0209562247898304,"gene-LOC140684754|LOC140684754"
5302.90533257004,-0.530028643998772,0.193797802342733,-2.73495693754778,0.00623884372635195,0.0779643520575352,"gene-PTPRB|PTPRB"
1087.14976206943,0.495418465542597,0.145720842146553,3.39977767246466,0.000674406650990137,0.0180215759004074,"gene-ZSWIM6|ZSWIM6"
4260.86699128946,-0.283704395266465,0.0907176512787964,-3.12733400024407,0.00176399403387326,0.0347497315271233,"gene-HDGFL2|HDGFL2"
5450.76995207796,0.515698426624785,0.191375412807623,2.69469530625223,0.00704530236654061,0.084410807124364,"gene-VAV3|VAV3"
104.327656260908,-0.977038879211865,0.373589848134317,-2.61527149115837,0.00891565565199228,0.0972538348247546,"gene-LOC105759531|LOC105759531"
8533.46849403109,-0.706545486910444,0.261281355475528,-2.70415577730199,0.00684781780359053,0.0831350106603677,"gene-LOC100219367|LOC100219367"
6002.38728754801,0.373468743558987,0.120814933174771,3.09124653505148,0.00199318069327757,0.0375442296309771,"gene-CARS1|CARS1"
599.120149541593,2.7230704637032,0.700693192604443,3.88625220345252,0.000101803741829351,0.00504428913328684,"gene-LOC140681175|LOC140681175"
5509.80222424953,-1.64075779369132,0.343940412651249,-4.77047108551047,1.83795568568907e-06,0.000270922501829333,"gene-ALDOC|ALDOC"
99086.3125293891,0.528179985351326,0.169504579139458,3.1160219271526,0.00183308641509782,0.0356306171934638,"gene-CD81|CD81"
587.249419731831,-1.64669401215215,0.522343081738587,-3.15251425685822,0.00161870916819593,0.0327256872911755,"gene-LAMB3|LAMB3"
212.606777226005,-0.783879182904303,0.264939425234966,-2.95871096651285,0.00308928703659651,0.0503319592787198,"gene-IRF6|IRF6"
5176.36425374186,0.616563404077771,0.229494017650204,2.6866208121274,0.00721788405849348,0.085733415158681,"gene-SLC16A12|SLC16A12"
268.502676409046,1.27936070562962,0.431669116697087,2.96375315292102,0.00303911969247771,0.0498070074420459,"gene-LOC115494509|LOC115494509"
694.716789849846,0.643791364373764,0.165611501002899,3.88735903288803,0.000101340805034565,0.00504428913328684,"gene-TMTC4|TMTC4"
3424.26344677495,-0.436709086837401,0.122268209413708,-3.57173045169695,0.000354630303361864,0.0113427377335675,"gene-EIF4G3|EIF4G3"
746.46689857552,-1.09653216834715,0.315816051584546,-3.47205964625773,0.000516481570281953,0.014978990303197,"gene-EVA1B|EVA1B"
836.094610670607,0.93193134531368,0.219881804435579,4.23832862253374,2.2518998447528e-05,0.00173242210688167,"gene-LOC140681752|LOC140681752"
187.111064921914,-0.921254985492702,0.31978464674712,-2.88086058809826,0.00396591016467718,0.0596396181863028,"gene-LOC100230025|LOC100230025"
108.626050211213,1.05300854830724,0.400233847197012,2.63098325062173,0.00851382318459811,0.0943491686802657,"gene-FOXO6|FOXO6"
10048.0896773151,-0.439884826917461,0.13491370563757,-3.26049028776335,0.0011121977615177,0.0255633922591604,"gene-RAB6A|RAB6A"
5264.47663749486,-1.16264770926495,0.289177793410246,-4.02052901626351,5.80675961724544e-05,0.00347858218546215,"gene-RIMKLB|RIMKLB"
2130.3683245075,-0.509073286659579,0.151417483874563,-3.36205089156879,0.000773658634531913,0.0201540216916367,"gene-MON1A|MON1A"
151.221734074057,1.87046181906038,0.701533123883473,2.66624875630401,0.00767029144564054,0.0886305124480136,"gene-LOC140680284|LOC140680284"
547.679784989489,-0.911026836307255,0.349189674573455,-2.60897415543601,0.00908141008419393,0.098240814216765,"gene-TBC1D8|TBC1D8"
231.810653268829,-0.694804671244749,0.197933595531481,-3.51029176921228,0.000447615241615006,0.0133799427130604,"gene-LOC115496872|LOC115496872"
1018.24809912027,-0.795617137654902,0.265119769730319,-3.00097249806836,0.00269118869865168,0.0463880957643768,"gene-LOC100222342|LOC100222342"
50.9461083339888,-1.40305600401763,0.524467217777834,-2.67520248446104,0.00746841280221873,0.0875231084156396,"gene-DNMT3B|DNMT3B"
1940.53356047109,-0.415014782892385,0.111704345364949,-3.71529667477565,0.000202965416723038,0.00785558011950672,"gene-MRPL47|MRPL47"
2480.43509649788,-0.587994473587796,0.223623513166123,-2.62939466992003,0.00855370253046362,0.0946475926478325,"gene-TCIRG1|TCIRG1"
46.744883181977,-2.72794817223349,0.962903008756093,-2.83304564159327,0.00461068022442233,0.0653045667057957,"gene-ST6GAL2|ST6GAL2"
813.020322769197,0.424914824568589,0.151255277364491,2.80925619239479,0.00496561141276012,0.0679609944010437,"gene-NOM1|NOM1"
70712.7607705785,-0.570456431411222,0.198633075647446,-2.8719105796042,0.00407998397186675,0.060780472746345,"gene-ATP5F1B|ATP5F1B"
176579.517027799,0.942096134897409,0.330426246977713,2.85115405787045,0.00435608583122964,0.0632354625489766,"gene-CP|CP"
253.971193070415,-0.587106144038686,0.20664600945659,-2.84112016284553,0.00449553697985879,0.0644228078770549,"gene-ZMAT4|ZMAT4"
769.555151094867,0.431971055478335,0.164425436197879,2.62715468766326,0.00861021827211279,0.0951071775256361,"gene-MEIS1|MEIS1"
12475.5624361767,0.626989350022669,0.159462163866743,3.93190042590055,8.42769749293438e-05,0.00443121058468424,"gene-XPO1|XPO1"
5068.14803636643,-0.834215171577278,0.160417065028816,-5.20028945441327,1.98978404725286e-07,5.19369168190982e-05,"gene-TMEM135|TMEM135"
4802.58267898664,-0.481672224494766,0.122303491488264,-3.93833584498268,8.20486982074307e-05,0.00434531094818121,"gene-PA2G4|PA2G4"
349.086341871432,0.769267581639016,0.293880783066134,2.61761784357945,0.00885459083463472,0.0968044534254718,"gene-DTL|DTL"
7468.6991598427,0.593045121396476,0.175204153591169,3.38488049079202,0.000712092506382303,0.0189182726602993,"gene-HIPK3|HIPK3"
3047.36234365551,1.08674755076785,0.227595939540483,4.77489867772685,1.79797756094156e-06,0.000269913002100863,"gene-ENPEP|ENPEP"
8478.42387092694,0.567663545614199,0.137146989788795,4.13908862665084,3.48688238414162e-05,0.00240413961363198,"gene-NGEF|NGEF"
4758.70771533078,0.612093806217002,0.15115301204762,4.04949790894121,5.13276364593873e-05,0.00320622248772164,"gene-SYDE2|SYDE2"
3056.25109441628,-0.424850711001319,0.140360104158971,-3.02686232349995,0.00247106478208823,0.0434585524628025,"gene-MYO1C|MYO1C"
3918.15699468412,-0.314569126587135,0.114994600379564,-2.7355121505604,0.00622832868678816,0.0779447606290947,"gene-TMEM259|TMEM259"
99.4551126530871,0.617367261992186,0.223261708099642,2.76521785686891,0.00568847907809659,0.0735734817914748,"gene-KIF26B|KIF26B"
40.1442298953498,2.6698400387868,0.545349924234779,4.89564574989728,9.79834378378623e-07,0.000174154035827288,"gene-LOC116806816|LOC116806816"
2690.05770209182,0.452453961272062,0.139202240996207,3.25033532530839,0.00115269004370184,0.026200205757106,"gene-DAAM1|DAAM1"
5942.72740712979,-0.728096318525811,0.115517703868037,-6.30289811990687,2.9213092853766e-10,3.01516103345512e-07,"gene-TUBA1B|TUBA1B"
7908.0160645725,-0.545976901509987,0.162462627518085,-3.3606307484422,0.000777647139227141,0.0201540216916367,"gene-G3BP1|G3BP1"
341.148384042087,1.13447603172607,0.382877135586807,2.96302893612947,0.00304627930855778,0.0498070074420459,"gene-GADD45G|GADD45G"
1535.48062511077,-0.494053401512263,0.18775573418844,-2.63136251815569,0.00850432676199599,0.0943154357208614,"gene-GMCL1|GMCL1"
376.322941840946,1.28794875734734,0.462086345744619,2.78724694899153,0.00531579528671779,0.0709597988182228,"gene-LOC140681287|LOC140681287"
7262.57922593891,-0.668003993275544,0.230935393932885,-2.89260118121903,0.00382066098072291,0.0579237418663667,"gene-ADRA1B|ADRA1B"
1482.15552718676,-0.682440077987701,0.233731647045625,-2.91975899119252,0.00350302181308892,0.0545881341598302,"gene-ARRDC4|ARRDC4"
3017.95505825785,-0.782167988349132,0.282370761767125,-2.77000346443162,0.00560556964155776,0.0731437109632609,"gene-CDH4|CDH4"
541.619831507298,-0.861214822852891,0.23650670934841,-3.64139700402407,0.000271162607026515,0.00952784573775617,"gene-ACVRL1|ACVRL1"
1482.31371473107,1.16207658337854,0.219230842828509,5.30069842539247,1.15360509558496e-07,3.37244913643306e-05,"gene-ZNF385B|ZNF385B"
3241.77022044454,-0.470566255503215,0.154612594572728,-3.04351826449601,0.00233829246488621,0.0413787178683314,"gene-PHF14|PHF14"
266.145318596115,0.752144717358211,0.26146571099748,2.87664762805345,0.0040192414010256,0.0603095470239879,"gene-CFAP65|CFAP65"
74.3963078603965,0.777812511980088,0.284987698734404,2.72928451099559,0.00634719167083083,0.0788919223235836,"gene-LOC140684871|LOC140684871"
30.0422063682177,2.17775496019073,0.803000377488161,2.71202233678008,0.00668740863017964,0.0819439719328464,"gene-TLL2|TLL2"
4207.76313486645,0.397780440439679,0.12625347836067,3.1506493571871,0.0016290793912708,0.0328444875340762,"gene-OSBP|OSBP"
7282.60672000369,1.5981131224932,0.329014184950761,4.85727727128957,1.1901088803918e-06,0.000206710320191295,"gene-LOC115497648|LOC115497648"
35.0305662696252,2.38511043299343,0.772605253012654,3.08710097904856,0.00202118924020138,0.0377796970895442,"gene-PLPPR4|PLPPR4"
106.991725230302,1.83974403478248,0.6965898598239,2.64107208687702,0.00826441328890005,0.0929237915721939,"gene-LOC140684949|LOC140684949"
2154.07890794482,0.61174330571327,0.170144448260747,3.59543500811598,0.000323849973326636,0.01068558704315,"gene-TGIF1|TGIF1"
3323.98321419676,-0.325476609195487,0.0765655153269223,-4.25095563983021,2.12860328642069e-05,0.00167278463643071,"gene-RHOT1|RHOT1"
3163.28666763872,-0.626498924168884,0.186369303327755,-3.36159932447192,0.000774924807166972,0.0201540216916367,"gene-ZNF609|ZNF609"
2014.53932857629,-0.493062264865944,0.13860822828417,-3.55723661552823,0.000374776558419972,0.0118506914229484,"gene-LOC105760451|LOC105760451"
32667.2071617798,-1.20702000014391,0.405456299510853,-2.97694227861318,0.0029113881765819,0.0487127884602226,"gene-LOC101234062|LOC101234062"
109.137617478789,1.23665444523463,0.462503946497227,2.67382463349866,0.00749916550962762,0.0875316392479459,"gene-MAP7D2|MAP7D2"
3159.78251114595,-0.438048265647761,0.148130512086298,-2.95717782567688,0.0031046900878832,0.0504797052442588,"gene-ATP23|ATP23"
953.231074643188,-1.65013333218798,0.514418129708903,-3.20776667245719,0.00133769978343728,0.0290106197841287,"gene-SLC15A2|SLC15A2"
11145.7170696183,1.10617634310104,0.173194102267776,6.38691692509698,1.69263528884903e-10,1.90317307823894e-07,"gene-CREB3L2|CREB3L2"
1876.46945785116,0.319658569918701,0.106583666184717,2.99913280675399,0.00270749260756239,0.046559316993811,"gene-ING1|ING1"
2328.94599524337,-0.43484919796665,0.1562325395425,-2.78334589734014,0.00538014138503432,0.0714922969318606,"gene-ZNF639|ZNF639"
6554.19069049737,0.659742134568304,0.182559545014,3.61384629063196,0.000301687956630341,0.0102552857257342,"gene-SELENOS|SELENOS"
3967.03907788415,0.778692786803986,0.148954832058474,5.22771081705023,1.71621659825938e-07,4.56107963941043e-05,"gene-LRIG1|LRIG1"
3065.38834783643,0.774812591699386,0.203841377130295,3.8010565009288,0.000144080440216638,0.0064301020361624,"gene-EPCAM|EPCAM"
1506.31564419551,-0.294224031267282,0.0944509248388561,-3.115099526757,0.00183882853826778,0.0356309985587415,"gene-MBD3|MBD3"
127.008151484655,-1.91671402547558,0.573804263834048,-3.34036211698475,0.000836692160517308,0.0210497922724294,"gene-LOC105760369|LOC105760369"
242.82601747054,-0.749126850434372,0.256852821359709,-2.91656072325272,0.00353913824891784,0.0548585193896417,"gene-THSD1|THSD1"
390.853425249298,2.0834787642423,0.35135590777267,5.92982419863088,3.03259190093564e-09,1.92727807895549e-06,"gene-LOC140684264|LOC140684264"
246.655684468927,0.84006075974835,0.318861563542305,2.63456263092963,0.0084245759798349,0.0938555410642323,"gene-HPDL|HPDL"
411.117633023967,0.884321136307131,0.299085873368804,2.95674659035691,0.00310903519271171,0.0504941860131856,"gene-GAS2L3|GAS2L3"
4810.94747729331,-0.254762591572454,0.0929159061635908,-2.74186199211049,0.00610920036224512,0.0770843244477855,"gene-NR3C1|NR3C1"
620.652173832602,0.962080947509736,0.258663381951911,3.71943233808255,0.000199671025631181,0.00776221112141216,"gene-LOC105760834|LOC105760834"
2266.5692721088,-0.462459562167316,0.117932044103985,-3.92140716020786,8.80333663168304e-05,0.00458184855186814,"gene-ARF3|ARF3"
1474.23613548559,-0.876695300063174,0.221429055288779,-3.95926044538203,7.51822137307947e-05,0.00414693742680387,"gene-IL10RB|IL10RB"
4884.66025966979,0.586202434289727,0.188668212985141,3.10705457487899,0.00188961510682746,0.0361998742024863,"gene-MAST2|MAST2"
894.96605099363,0.532143651744287,0.198473072229113,2.68118816203939,0.00733612530123374,0.0868178972180318,"gene-PAK5|PAK5"
1642.51321973271,0.457833253812602,0.170252338154939,2.68914517576815,0.00716352577065734,0.0854072236457572,"gene-RMP24|RMP24"
1139.50007155506,-0.296723015276453,0.112397768333206,-2.63993689266864,0.00829214664865226,0.0931639566205612,"gene-UMPS|UMPS"
2110.71324810489,0.475226999150624,0.148169260411133,3.20732517549179,0.00133975463670376,0.0290121385551093,"gene-PHTF1|PHTF1"
500.699233551424,0.651738484539142,0.167036445962544,3.90177413547991,9.54902379378317e-05,0.00482969137694563,"gene-TMEM171|TMEM171"
934.431978876045,-0.58857112824598,0.164662952364577,-3.57439921848866,0.000351032988302549,0.0113196901495375,"gene-NSD2|NSD2"
724.543225394662,0.547643645610094,0.152712469219752,3.58610955875541,0.000335647989303998,0.0109350974116319,"gene-IL7|IL7"
340.140534435649,-1.01818559396266,0.323379579419649,-3.14857727191661,0.00164067340588913,0.0329419274366503,"gene-LOC100224101|LOC100224101"
2551.19935924875,-0.461809013962888,0.171486060581362,-2.69298281386423,0.00708159192652992,0.0847067341981079,"gene-VPS37B|VPS37B"
2700.46744204662,-0.657364784183157,0.183939515271093,-3.5738094841357,0.000351824959739103,0.0113196901495375,"gene-TKT|TKT"
687.884085147863,0.726488380018585,0.233263477002807,3.11445404721393,0.0018428565991933,0.0356309985587415,"gene-FBXO15|FBXO15"
668.387941613845,-0.376365249197984,0.132537907021067,-2.83968004065555,0.00451588037166593,0.064632978218827,"gene-LOC105758824|LOC105758824"
3667.53299500413,0.60179524526227,0.137420816229732,4.37921460353011,1.19107794916719e-05,0.00112322492793399,"gene-LOC100224365|LOC100224365"
2901.5279790814,0.404007773848317,0.141187950450445,2.86148904746738,0.00421656072394383,0.0621305121994829,"gene-BRWD1|BRWD1"
139.799018551813,0.690562916827534,0.218338143142848,3.1628139128019,0.00156252175131849,0.0319431894252062,"gene-LOC115494488|LOC115494488"
4965.8923835227,-0.456641804627968,0.170672056148015,-2.67555108278502,0.00746065027047535,0.0875231084156396,"gene-AVEN|AVEN"
5731.56040537696,0.402635974745369,0.135266360872717,2.97661570953507,0.00291449078626434,0.0487127884602226,"gene-TNRC18|TNRC18"
1183.36945925222,0.722507140273433,0.253349355010483,2.85182151043384,0.00434695016782212,0.063223254331399,"gene-GLB1L|GLB1L"
263.049697374849,-0.95134353479953,0.337352856645946,-2.82002513409267,0.00480198881128565,0.0667653644771004,"gene-PRR15L|PRR15L"
1039.16182165148,0.36912994383783,0.130466518966868,2.82930783131856,0.00466488056031574,0.0658033595083716,"gene-ZBTB10|ZBTB10"
373.134198778458,0.953896275655563,0.193655348630275,4.92574195550225,8.40408456093218e-07,0.000153553130033932,"gene-PDGFA|PDGFA"
1252.04738644521,-0.459369041209787,0.134049952072532,-3.42684972361071,0.000610626896703693,0.0168756010830436,"gene-SLC25A39|SLC25A39"
2363.59343077996,-0.664656588281088,0.206618102497983,-3.2168361834974,0.00129612582442687,0.0282368013724354,"gene-LOC115490839|LOC115490839"
545.590490512466,-0.560982972464324,0.18790204035959,-2.98550761551479,0.0028310808858071,0.047951227471428,"gene-VASH2|VASH2"
7767.61573891636,-0.791725524899245,0.205977646202915,-3.8437448892842,0.00012117096756593,0.00575050660036104,"gene-BCAT1|BCAT1"
10612.6198899223,-0.469097307565004,0.176514395914046,-2.65755835457995,0.00787089627985625,0.0900931017405316,"gene-NRDC|NRDC"
3832.47999183335,0.471007764046116,0.139147661527598,3.3849491890505,0.000711914314040118,0.0189182726602993,"gene-PCMTD1|PCMTD1"
30.9026369044337,-2.04615846240566,0.713017991694641,-2.86971505100807,0.00410841852616822,0.0608437219827769,"gene-LOC100228631|LOC100228631"
113.063502540756,5.68280253442378,1.67029199046897,3.40228089869975,0.000668259141870922,0.0178900071002331,"gene-LOC105760177|LOC105760177"
1096.88652283694,-0.320713632248202,0.121528244527367,-2.63900489549143,0.00831497801594428,0.0932577238405735,"gene-KBTBD4|KBTBD4"
6483.13426257505,0.673768052603117,0.170727411778358,3.94645502784178,7.93168114309648e-05,0.00425548225089062,"gene-DNAJB9|DNAJB9"
3365.84325941624,-0.286367128521206,0.0922986516079593,-3.10261443187228,0.00191819372899423,0.0365557206475993,"gene-FBXO33|FBXO33"
2805.12803697243,0.322552001538114,0.112514067983001,2.8667704165389,0.00414683717689286,0.0612884924313882,"gene-UBE2W|UBE2W"
332.499684643671,-0.861588530088314,0.253181279793096,-3.40304990476555,0.000666381077141692,0.0178724627606975,"gene-ADAMTS1|ADAMTS1"
5513.80213176722,-0.56792333545679,0.201814620919575,-2.81408419701718,0.00489164143892183,0.0674538895403022,"gene-PDXDC1|PDXDC1"
5141.40241966793,0.249291275043718,0.087592172736881,2.84604511173123,0.00442659233900615,0.0636845474598946,"gene-TRAK1|TRAK1"
1161.7870313736,-0.50256949128652,0.155900511905476,-3.22365517049252,0.00126565706443018,0.0278197132492872,"gene-OLFML2A|OLFML2A"
48.9661999015147,1.02662635159566,0.322310089400493,3.18521320106739,0.00144647399817582,0.0303780322289309,"gene-LOC140682201|LOC140682201"
12572.5073249445,-0.353603756097219,0.105386852460971,-3.35529288369412,0.000792809984717538,0.0204022949764371,"gene-UBXN4|UBXN4"
5637.77951815576,0.560358039727014,0.140160933239823,3.99796167715444,6.38902918862251e-05,0.00372065496613925,"gene-ZFHX3|ZFHX3"
3128.06834389726,-0.386678254503083,0.118760657367707,-3.2559457237244,0.00113015353519999,0.0258520410391521,"gene-DRG1|DRG1"
270.481049819275,-0.350862437090514,0.112347040728396,-3.12302339977731,0.00179003515769831,0.0350736513405847,"gene-UXS1|UXS1"
1543.7142541992,0.298659504038517,0.0691582368647778,4.31849505681403,1.57096740004958e-05,0.00140876260653526,"gene-INTS2|INTS2"
8145.44713021207,-0.426438646633871,0.139253642691149,-3.06231591786558,0.00219631517999556,0.0397813370334511,"gene-RNH1|RNH1"
523.648782802947,0.701014868839053,0.266939007276291,2.62612375760234,0.00863634107877425,0.0951071775256361,"gene-LOC121469596|LOC121469596"
2926.00130803436,0.57052104835108,0.163662865006989,3.48595295778745,0.000490387232692938,0.0143359803605454,"gene-PAWR|PAWR"
462.929253812039,-0.562835208619043,0.205722943380219,-2.73588934404272,0.00622119421891833,0.0779221901438982,"gene-DPF3|DPF3"
3624.67288293382,0.33508415393371,0.0901959255411677,3.71506974315341,0.000203147655823599,0.00785558011950672,"gene-ARID1B|ARID1B"
69273.4202159748,1.63919536743035,0.307517856436498,5.33040710684339,9.79928474860001e-08,2.9840863577143e-05,"gene-TMEM86A|TMEM86A"
1793.93050609316,0.995717518577567,0.255891402311983,3.89117223002118,9.97610861838232e-05,0.00499386231763337,"gene-LOC115493774|LOC115493774"
806.586174816477,-1.05997295049918,0.3747647083179,-2.82836917930927,0.00467858185146997,0.065819856518707,"gene-DIXDC1|DIXDC1"
1172.01906637447,-0.498331932601365,0.184528043555734,-2.70057560357134,0.00692196026950218,0.0837890020924932,"gene-ELMO3|ELMO3"
1510.34852248034,-0.7574572785297,0.224483930628666,-3.37421603590264,0.000740262470731655,0.0193914274815136,"gene-FAM53A|FAM53A"
114.595897664638,-0.905191466801735,0.273971658168271,-3.30396024484319,0.000953293496185263,0.0228806092508046,"gene-CCM2L|CCM2L"
7722.92888622824,0.913312262050818,0.239121466884131,3.81944906056207,0.000133750075962084,0.00609042012566289,"gene-WSB1|WSB1"
108.052080805791,1.27838002771879,0.482127353407236,2.65154013495473,0.00801255895115067,0.0911436375011435,"gene-LOC115496408|LOC115496408"
3333.65721848848,-0.382385309702309,0.134161711353898,-2.85018211115119,0.00436942034442542,0.0632354625489766,"gene-LOC100221217|LOC100221217"
3298.86988166063,0.420134566839516,0.136765915450324,3.07192450294471,0.00212683510276874,0.0390062091557976,"gene-RIOK2|RIOK2"
1260.40813810557,-0.423026368576156,0.159290915575203,-2.6556842055217,0.00791476937305047,0.0903706717050118,"gene-RIPOR1|RIPOR1"
4073.4751620587,-0.230179828960853,0.084323046429223,-2.72973805748415,0.00633846668754734,0.0788505255930889,"gene-CPSF4|CPSF4"
528.893196364567,0.334762605483985,0.126672062527813,2.64275009661646,0.0082235706775696,0.0926070358967911,"gene-LMLN|LMLN"
478.564255516113,1.23125313711674,0.333184872195377,3.69540528357105,0.000219536312192232,0.00822810839824064,"gene-LOC100228204|LOC100228204"
2163.59794954663,0.681487718909075,0.17241591528214,3.95258011880107,7.73130305775663e-05,0.00419844498581348,"gene-FOXK1|FOXK1"
235.165445003233,-0.953304096487501,0.234760811257912,-4.06074630335208,4.89161023718507e-05,0.00308192529469544,"gene-AMIGO2|AMIGO2"
3095.17209701365,-0.299044672323395,0.10074770690608,-2.96825289137521,0.00299497808514797,0.0496344610777868,"gene-PRPF19|PRPF19"
4926.59075379109,-0.73172059379498,0.160972529231754,-4.54562400980551,5.47727367487975e-06,0.000606525070497858,"gene-UBQLN4|UBQLN4"
486.681044143676,0.813287899133891,0.294444566689251,2.76210869936755,0.00574293551352912,0.0737649282963578,"gene-LOC140681726|LOC140681726"
4553.83208710389,-0.419717807816524,0.127283492589201,-3.2975038575594,0.000975483346532104,0.0232604242679605,"gene-PALMD|PALMD"
2282.3229034855,-0.51695863438483,0.186190266018687,-2.77650730856652,0.00549463997041955,0.0723237751931535,"gene-MRPL57|MRPL57"
51842.9067504548,0.330192988050472,0.123204222478152,2.68004603583312,0.00736120357452827,0.0869835995544703,"gene-CANX|CANX"
300.545390719033,0.448705710534282,0.152011239135049,2.95179299298814,0.00315934655188468,0.0508592164635444,"gene-LOC100231213|LOC100231213"
5670.65966636953,-1.89022485872518,0.284427297716999,-6.64572238282813,3.01733510614223e-11,4.90048747183123e-08,"gene-DNAJC28|DNAJC28"
1437.76412170606,0.359817834487094,0.135113769709424,2.66307301810112,0.00774306100871447,0.0892589296249049,"gene-IFT140|IFT140"
11297.3654222781,-1.45838402551667,0.295705933848902,-4.93187271061618,8.14449861664469e-07,0.000150693843391766,"gene-ANKRD9|ANKRD9"
94.7553433876174,-0.82204534352358,0.284044189727945,-2.89407554617093,0.00380276656834294,0.0577807057478885,"gene-INSYN1|INSYN1"
2407.68138358648,-0.396225864332381,0.101325045258037,-3.91044349719601,9.21268099091217e-05,0.00469204731861196,"gene-USP28|USP28"
2602.20558508613,0.608677649089532,0.216464330282397,2.81190738582868,0.0049248681358886,0.067720411610803,"gene-LOC100218092|LOC100218092"
51.7051671965721,-1.84791259981854,0.492711604612693,-3.75049538618262,0.000176485552642901,0.007165803674948,"gene-WNT7A|WNT7A"
1264.96233374087,-1.59842524322629,0.346502497179,-4.61302661954716,3.96847455129417e-06,0.000467799939647314,"gene-LOC115495610|LOC115495610"
18020.8613451689,0.76193361257701,0.207016893720936,3.68053833135046,0.000232742067240569,0.00852629272394836,"gene-C8B|C8B"
2330.55237260037,-0.258068712529495,0.0913210807389006,-2.82594895331286,0.00471407757987653,0.0659457989824125,"gene-SETD3|SETD3"
2672.31737748832,-0.319314423171217,0.109181157623297,-2.92462939688673,0.00344866667411711,0.0539712642136722,"gene-FBXO3|FBXO3"
262.417586241621,-1.14936957050556,0.415289206460061,-2.76763651119859,0.00564643926125992,0.0732657758180632,"gene-SLC27A6|SLC27A6"
177.957921017778,0.542946806503564,0.192100308257857,2.82637134436434,0.0047078651652254,0.0659457989824125,"gene-CCDC157|CCDC157"
598.297403058616,0.500372078484907,0.169134645260333,2.95842450087463,0.0030921597750763,0.0503319592787198,"gene-HDAC11|HDAC11"
265.220023251282,-1.2962599978356,0.337847410374446,-3.83682087839277,0.000124637311040891,0.00589249859004357,"gene-CFAP100|CFAP100"
17509.5051993306,0.436268889957518,0.134997016026326,3.2316928388435,0.00123059258723249,0.0273329110059774,"gene-MAN1A1|MAN1A1"
3966.55348328725,1.04330093560973,0.305294073529611,3.41736386673924,0.000632307078528101,0.0172458185186477,"gene-TDRD12|TDRD12"
58.91237070017,-1.58227416576525,0.462957776980352,-3.41775048274521,0.000631409637474874,0.0172458185186477,"gene-SLC16A5|SLC16A5"
686.269674432961,-0.460292470233704,0.151770282702532,-3.03282343577017,0.00242277310705603,0.0427185458454016,"gene-HARBI1|HARBI1"
519.240919632047,1.08249679800894,0.365308545379572,2.96323973720401,0.00304419374100181,0.0498070074420459,"gene-LOC116808448|LOC116808448"
613.781915022348,-0.797129658226791,0.297991759225557,-2.6750057125688,0.00747279768475905,0.0875231084156396,"gene-TAGLN2|TAGLN2"
6651.6287913908,0.770602022095849,0.184469621545292,4.17739254648304,2.94869887249978e-05,0.00211996062105114,"gene-LRATD2|LRATD2"
257.793961574481,-0.816477677454395,0.302353181967469,-2.70041040131088,0.00692539881296765,0.0837890020924932,"gene-LOC105758784|LOC105758784"
108.128050329342,-1.14732720222875,0.439382774999685,-2.61122480786729,0.00902185654986033,0.0979298297183239,"gene-STRIP2|STRIP2"
1092.61938941004,-0.432365965140199,0.115151309812922,-3.75476376119934,0.000173505047803499,0.0071440092499824,"gene-TBC1D24|TBC1D24"
2408.30939743589,-0.278464607449895,0.106138575216239,-2.62359473812957,0.00870072436880519,0.0955510804649327,"gene-TBL1X|TBL1X"
4553.74456783421,0.431844446082266,0.133779709464859,3.22802649078634,0.00124647430415825,0.0275222279514821,"gene-MTMR4|MTMR4"
3869.8644853954,-0.309285588533593,0.102541453584668,-3.01620054837839,0.00255963903785793,0.0444349689030515,"gene-SRSF4|SRSF4"
102479.623720674,0.799554891911361,0.204454348897856,3.91067686366903,9.20378368551197e-05,0.00469204731861196,"gene-HSP90B1|HSP90B1"
4260.67672011088,0.517912231033437,0.180098368890761,2.87571860990911,0.00403108896780708,0.0603095470239879,"gene-FGFR3|FGFR3"
31.7217437448502,1.65485846149548,0.618021201388028,2.67767263935087,0.00741356361661074,0.0873051074561869,"gene-ASB4|ASB4"
297.77577651448,1.70443399018133,0.547229338056366,3.11466120627796,0.00184156295785963,0.0356309985587415,"gene-LOC140680578|LOC140680578"
177.037602753128,-1.70432220898678,0.615328755069264,-2.769775010425,0.00560950263322265,0.0731437109632609,"gene-VWA1|VWA1"
556.832245210007,-0.827408170164393,0.255900886266672,-3.23331498470138,0.0012236256614109,0.0272466587035724,"gene-HUNK|HUNK"
349.986707521758,0.460198514209624,0.165310306201075,2.7838464811133,0.0053718453324522,0.0714922969318606,"gene-LOC101233698|LOC101233698"
2222.61343658291,0.296466537634506,0.107164693800214,2.76645718959647,0.00566690248959326,0.073433611427646,"gene-LIN54|LIN54"
546.98696237274,0.870541407551224,0.261142079051749,3.33359300313571,0.000857320046383038,0.0212397408779337,"gene-PKDREJ|PKDREJ"
4689.74775611076,-0.37146012224479,0.106002124251599,-3.50427054992897,0.000457859938650533,0.013575129256095,"gene-MFN1|MFN1"
945.519720941872,0.683266048995017,0.216213036313401,3.16015195311637,0.00157686876751238,0.0321465701181707,"gene-CHTF18|CHTF18"
1505.01990117507,-0.579180154060859,0.153922654183132,-3.7627999408831,0.000168021608264271,0.00701706242285385,"gene-DAP3|DAP3"
1248.04471254288,0.443743243159341,0.169943402648079,2.61112368144264,0.00902452491144436,0.0979298297183239,"gene-SEL1L3|SEL1L3"
450.841381267461,-0.986119375579122,0.354889801060066,-2.77866360947414,0.00545830179158709,0.0720072177686177,"gene-SIPA1|SIPA1"
9795.06195992911,-0.52822409748342,0.19620920012141,-2.69214744852213,0.00709935504835986,0.0847804515865001,"gene-ATP5PD|ATP5PD"
232.154680504108,1.25129389372175,0.411224842718315,3.04284606311802,0.00234352181980027,0.041421110568344,"gene-LOC115497666|LOC115497666"
4268.83295842192,-0.611818815670605,0.209735655387618,-2.91709492379771,0.00353308231998261,0.0548585193896417,"gene-TMEM41A|TMEM41A"
11810.5300025878,-0.229419336190488,0.08626098163768,-2.65959570404743,0.00782344997024268,0.089760885569103,"gene-PRKAR1A|PRKAR1A"
4622.05259649858,0.361348985931651,0.119797788255123,3.01632435118183,0.00255859407736963,0.0444349689030515,"gene-IPO5|IPO5"
4776.70339276245,0.588147529289587,0.168259668314023,3.49547538743465,0.000473218094190693,0.0139175631444373,"gene-GAPVD1|GAPVD1"
1722.53825302363,0.298848134157733,0.0941425384092733,3.17442188417023,0.00150135296475605,0.0309849971716094,"gene-MSL3|MSL3"
2065.57473058056,0.514781863101001,0.155065498256461,3.31977047692202,0.000900914850052158,0.0220950878577389,"gene-DCUN1D4|DCUN1D4"
1135.89821295928,2.59449281952115,0.357549175058289,7.25632444571627,3.97750376431896e-13,1.45347931307625e-09,"gene-LOC115497382|LOC115497382"
87.3072366610053,1.21120828069927,0.413308352597781,2.93051972718776,0.00338395507005669,0.0533429640439587,"gene-ULK4|ULK4"
1883.61213579626,-0.296067147869282,0.0831805312429953,-3.55933225533726,0.000371798918828179,0.011814314775025,"gene-RBM17|RBM17"
5474.53407175054,-0.352428029800128,0.115136061382883,-3.06096999990415,0.00220621198555185,0.0399111393475388,"gene-MARK3|MARK3"
3523.57596670905,0.35258353324048,0.131835232040288,2.67442570384169,0.00748573608721878,0.0875231084156396,"gene-SPCS3|SPCS3"
3949.05023430666,-0.562303031215376,0.146783027269067,-3.83084503485966,0.000127703918853914,0.00596373221050371,"gene-ACOT8|ACOT8"
8537.15115501141,0.451185119024565,0.136378856507174,3.30832161656107,0.000938569559841921,0.0227136941327969,"gene-FBXL5|FBXL5"
2062.61394157182,0.475917877527522,0.170411511603857,2.79275662218085,0.00522609958634041,0.07034060557416,"gene-GSAP|GSAP"
22855.6703994649,0.488071938385899,0.102244046788311,4.77359761978533,1.8096376962362e-06,0.000269913002100863,"gene-SLC40A1|SLC40A1"
61.0598408129603,2.03239716270205,0.58374728742189,3.48163872705618,0.000498355562080267,0.0145108829699746,"gene-CRX|CRX"
1062.58311457243,-0.756173450255622,0.170229910058564,-4.44207160771851,8.90968968632307e-06,0.000898158166517133,"gene-SPHK1|SPHK1"
18955.2397544525,-1.4847489374116,0.300249610156457,-4.94504867679233,7.61248404076839e-07,0.000142655999005015,"gene-PLIN2|PLIN2"
644.444564249902,-0.935472816820927,0.151805024299705,-6.1623310633912,7.16817881730411e-10,5.23886348862671e-07,"gene-LOC105758838|LOC105758838"
8719.24129718378,0.475416041528036,0.148593958957951,3.19943048063327,0.00137699392050452,0.0295209779126616,"gene-MAP1LC3B|MAP1LC3B"
2204.57176650467,-1.31155339016652,0.412890244772033,-3.17651823159604,0.00149054420326189,0.0308601765142762,"gene-TENT5B|TENT5B"
2298.95056303346,-0.446825038733273,0.146765553490861,-3.04448167915025,0.00233081626252124,0.0413465307151371,"gene-TBC1D8B|TBC1D8B"
41.5328410044929,3.37996970905304,0.9376487078813,3.6047292345663,0.000312478535807717,0.0104999971446009,"gene-LOC140681269|LOC140681269"
772.580741016133,0.221253479627902,0.0840179234821877,2.63340809267691,0.00845327104882686,0.0939630896735378,"gene-CEP57|CEP57"
4249.1909471651,-0.687240275194345,0.206447244630139,-3.32889051837708,0.000871926718761017,0.0214923319530013,"gene-CCNG1|CCNG1"
4475.4100484658,-0.454300002562105,0.168365060675619,-2.69830332219215,0.00696939064760543,0.0840524613003701,"gene-SLC37A3|SLC37A3"
20779.8074580301,-0.687229558695308,0.225291438191042,-3.05040246630479,0.0022853489417715,0.0408873261712044,"gene-IDH1|IDH1"
51.141847765854,2.44708166867279,0.624369200282047,3.9192863254103,8.88115576239395e-05,0.0046033990701742,"gene-LOC140683983|LOC140683983"
993.061862353981,-0.64359702329168,0.230308578918064,-2.79449869525116,0.0051980250534449,0.070091819378417,"gene-CEP15|CEP15"
54032.0305437061,1.08499978446775,0.335782702537345,3.23125573851465,0.00123247613750264,0.0273329110059774,"gene-LOC100190731|LOC100190731"
2413.12821020363,-0.488850541329432,0.176982986299517,-2.76213296854493,0.00574250862825409,0.0737649282963578,"gene-FAM20B|FAM20B"
404.287945206555,0.615169349197998,0.233429986984966,2.63534842778198,0.00840509552238726,0.0937126477885085,"gene-TULP3|TULP3"
8673.55458389572,0.472428111877278,0.163133180308481,2.89596580526369,0.00377993585799773,0.0575018362840582,"gene-PCDH1|PCDH1"
55.3004242843402,-1.30155628690318,0.343393238527109,-3.79027930918455,0.000150477979384279,0.0066052150890691,"gene-CD34|CD34"
4971.43563780483,0.475607387555876,0.144193123027633,3.29840548265766,0.000972356092608866,0.023223740205333,"gene-VPS13A|VPS13A"
5849.32454370592,0.324968038387637,0.113882879206201,2.85352847287288,0.00432366531796434,0.0630171165713865,"gene-KLF12|KLF12"
3301.43205369903,0.462384239198684,0.171298356740434,2.69929173867867,0.00694872321820883,0.0838724089847716,"gene-GARNL3|GARNL3"
3113.48774165024,-0.44177028976313,0.117764162718397,-3.7513134689329,0.000175910601095616,0.007165803674948,"gene-ROGDI|ROGDI"
8691.57901187409,-0.364310937455983,0.108978441110042,-3.34296337647294,0.000828888385582968,0.0209562247898304,"gene-SEC13|SEC13"
1020.69410172013,0.828000145650998,0.290861258071143,2.84671857345977,0.00441723935764963,0.063633501087263,"gene-ARFGEF3|ARFGEF3"
1055.08491005378,0.416898847738316,0.141924706329411,2.93746493137484,0.00330907594856648,0.0525747425436915,"gene-CNTD1|CNTD1"
472.326938403756,-1.43600603811419,0.387880335220749,-3.70218829809183,0.000213747882703655,0.00809417824217443,"gene-GPD2|GPD2"
62.4581942857753,-3.79409511464079,1.12864948119292,-3.36162393893154,0.000774855739852222,0.0201540216916367,"gene-LOC115494951|LOC115494951"
2843.97541837361,0.538354585834763,0.184946590035035,2.91086516238435,0.00360429523767119,0.0555152618430346,"gene-FBXL3|FBXL3"
1536.73837971116,0.373397130341485,0.121100268310255,3.08337161883781,0.00204669397329534,0.03801337459677,"gene-BRD3|BRD3"
4265.84474949641,0.862462453947435,0.209169751894746,4.12326565449781,3.73538471990961e-05,0.00254489976629429,"gene-LOC115493518|LOC115493518"
25.6585806313673,-2.90306378811314,0.951507658073195,-3.0510146329162,0.002280694593308,0.0408540598901752,"gene-LOC140682517|LOC140682517"
3136.69429811561,1.46151084999288,0.249191068547747,5.86502099979093,4.49075858390948e-09,2.6256567288402e-06,"gene-FYB2|FYB2"
8658.80319706478,-0.366124002120894,0.13572862621039,-2.69747077196062,0.00698684179024875,0.084054869504581,"gene-PITPNB|PITPNB"
44.5936413108336,1.20324416409488,0.431540167021434,2.78825531444705,0.00529927619664814,0.0708789366257503,"gene-PCDH20|PCDH20"
504.222241386707,-1.63129751191262,0.445171764264839,-3.66442268549211,0.000247897106474021,0.00896908912210586,"gene-SLC16A3|SLC16A3"
5337.52219662285,0.656997456444438,0.225330930652539,2.91570027488827,0.00354891252399712,0.054880958094664,"gene-BCLAF3|BCLAF3"
6183.90201799964,-0.455632328383743,0.145923547862215,-3.12240440325617,0.00179380350824234,0.0351004362516443,"gene-COPG1|COPG1"
647.492362894753,-2.00289720229233,0.417397730151316,-4.7985340063211,1.59831173885011e-06,0.000248537475391192,"gene-MAMDC4|MAMDC4"
15667.5458097399,1.4575423720917,0.252154006762684,5.78036570112279,7.45384199161072e-09,4.03528919968051e-06,"gene-LOC100220817|LOC100220817"
9310.93278665845,0.499785637803492,0.16330954599979,3.06035776870101,0.00221072735525024,0.0399142751539387,"gene-CLIC4|CLIC4"
3491.14412436188,-0.42616641499271,0.135676642057337,-3.1410448293127,0.00168346261907916,0.0335247589960219,"gene-SNX4|SNX4"
1639.32467520527,0.296749973437254,0.096084860734994,3.08841550237246,0.00201226908654196,0.0377351571666583,"gene-HSF2|HSF2"
742.014220197752,0.596278141783112,0.183432666910798,3.25066495420404,0.0011513545506186,0.026200205757106,"gene-LOC100229197|LOC100229197"
112.637024695935,1.25415684335072,0.403157282482331,3.11083762552569,0.0018655749195413,0.0358332570288241,"gene-LOC115497013|LOC115497013"
28.6340618376539,3.81328520462668,0.96024717248147,3.97114963095636,7.15266352504362e-05,0.00402117241329087,"gene-LOC140681561|LOC140681561"
2592.700640912,-0.279301576934739,0.0750216605862223,-3.72294580994695,0.00019691179700932,0.00771651403990679,"gene-FIP1L1|FIP1L1"
1215.53706710151,-0.374414427000461,0.131009082403767,-2.85792725306269,0.00426418139021475,0.0626427531465015,"gene-SEPTIN11|SEPTIN11"
3367.06507228867,0.7522171683653,0.200250517238081,3.75638065129677,0.000172388425121703,0.00713824818697996,"gene-DDO|DDO"
3957.43031983848,-0.956718421269863,0.254434140893942,-3.7601809957912,0.000169790466037478,0.00705064557406196,"gene-LOC100223131|LOC100223131"
129.964338673851,0.665804429351472,0.179659087365987,3.70593238067133,0.000210614489612867,0.00800114733787802,"gene-LOC121469275|LOC121469275"
39.4767855694842,2.20405032371286,0.669425512554854,3.29245044052941,0.000993184005383788,0.0236054806612924,"gene-LOC116808022|LOC116808022"
1289.02563377295,3.42645558275397,0.723935720658323,4.73309367803825,2.21123370734588e-06,0.000307824791431189,"gene-MYH15|MYH15"
61539.1419022714,0.601373125730502,0.225519498828486,2.66661254948897,0.00766199466138475,0.0886305124480136,"gene-C5|C5"
2456.30872659154,-0.293127143139889,0.101569539076538,-2.88597492717776,0.00390203241509405,0.0589214956729645,"gene-MTA2|MTA2"
5153.68380813486,0.49317652105452,0.14337965700111,3.4396547695096,0.00058245664735854,0.0163412069375044,"gene-NR3C2|NR3C2"
991.25000135098,-0.47400983415614,0.180594829656057,-2.62471431246892,0.00867216973275827,0.0953091014915245,"gene-LOC115492054|LOC115492054"
2487.26079828734,-0.645466843366188,0.216339274454335,-2.98358605941629,0.00284891905603412,0.0480884758904781,"gene-SORBS2|SORBS2"
1645.43270650656,0.261741461682355,0.0941552527348392,2.77989229575405,0.00543769301745498,0.0718149050413055,"gene-ACTR8|ACTR8"
1381.58236873459,-0.490138487695799,0.121647726329756,-4.02916275119813,5.59758564225674e-05,0.00339829615821528,"gene-FLAD1|FLAD1"
77.1541217238752,3.68907205204592,0.962114437405945,3.83433810846078,0.000125902861619871,0.00591743449613393,"gene-LOC140684638|LOC140684638"
386.215648383979,1.08958336379561,0.350429439691749,3.1092803297407,0.00187543685286055,0.0359754074517883,"gene-IGFBP1|IGFBP1"
33305.8640257784,-0.335518221804358,0.11896449102529,-2.82032242489091,0.00479754181276829,0.0667653644771004,"gene-RHOA|RHOA"
1240.0811818956,-0.607186324598363,0.194411554251795,-3.1232008145563,0.00178895642770489,0.0350736513405847,"gene-QNG1|QNG1"
5281.10243125836,-0.515504969018825,0.177310900465661,-2.90735069115878,0.00364504305935075,0.055848631445,"gene-JPT1|JPT1"
657.464793599251,0.303193322128194,0.112875899311929,2.6860766910953,0.00722964925381523,0.085733415158681,"gene-CLN3|CLN3"
2690.561460981,0.820601086185997,0.264195115473293,3.10604185363506,0.00189609876186861,0.0362291184342922,"gene-NR1H4|NR1H4"
1568.08356302141,0.51066494555996,0.13225165694442,3.86131226903699,0.000112779650892133,0.00551337845180707,"gene-LOC100226935|LOC100226935"
315.662993241246,-0.88702317869245,0.287750572617687,-3.08261134156272,0.00205192953334863,0.0380622512550214,"gene-LRRC75A|LRRC75A"
816.54108366896,-1.0598773750532,0.348229782333562,-3.04361496007244,0.00233754110651948,0.0413787178683314,"gene-CAVIN1|CAVIN1"
4981.33238696441,0.958248001657839,0.235402338471299,4.07068174377831,4.68757536283728e-05,0.00301666930772429,"gene-CHST4|CHST4"
3888.34226105326,1.00207467051123,0.227634419819535,4.40212280421237,1.07196849440573e-05,0.00103085286070582,"gene-FGFRL1|FGFRL1"
284.085371506909,-1.3983564096076,0.224145154659847,-6.23861984315334,4.41448354363957e-10,3.39613189249366e-07,"gene-AFAP1L1|AFAP1L1"
723.687389373586,-0.751934236475549,0.238035263379677,-3.15891950545235,0.0015835522129944,0.0321704200388727,"gene-PLVAP|PLVAP"
394.720131265658,-0.435099283074521,0.108453407411306,-4.01185443094859,6.024364529823e-05,0.00359420964622134,"gene-ADCK1|ADCK1"
28801.0909453099,-0.727496163226132,0.192825494135275,-3.77282146475798,0.00016141179390491,0.00687322343563964,"gene-CYCS|CYCS"
3405.55166747747,0.649842711291162,0.195143230808785,3.33008072377321,0.000868208096777305,0.0214368205246518,"gene-BORCS6|BORCS6"
6473.18301146371,0.419110855009981,0.152101933768294,2.75546039834337,0.0058609599090442,0.0750829544176154,"gene-SARAF|SARAF"
9548.2615704726,-0.818171634760915,0.202230500265816,-4.04573807455103,5.21585265079897e-05,0.00324426034879696,"gene-AKR1A1|AKR1A1"
37.5306980271412,1.80574745313995,0.565115533849414,3.19535978924467,0.00139656622105357,0.0296709425190989,"gene-LOC140684948|LOC140684948"
25.5208435641105,2.28641410421151,0.780272917379336,2.93027484779399,0.00338662315336893,0.0533429640439587,"gene-PIGY|PIGY"
1471.10518362487,-0.591509166006834,0.16905471168084,-3.49892150372922,0.000467144084969794,0.0137953760771479,"gene-PLEKHH3|PLEKHH3"
2486.11751410726,-0.299820058321897,0.0784864242613597,-3.82002443280504,0.000133438455207823,0.00609042012566289,"gene-KANSL1|KANSL1"
5649.73374836967,1.56761782836686,0.279404996152343,5.6105576133368,2.01675714911878e-08,9.1261654135025e-06,"gene-FNDC3B|FNDC3B"
698.688100507598,-0.793125021252481,0.141456316881564,-5.60685474312565,2.06036436098777e-08,9.1261654135025e-06,"gene-TIE1|TIE1"
150.483516953571,-1.59848681306013,0.422073866038105,-3.78722053574341,0.000152341877665016,0.00662013140120182,"gene-HTR2A|HTR2A"
2235.29216994328,-0.16207060090167,0.0610328133187793,-2.65546665946992,0.00791987620264898,0.0903706717050118,"gene-ZFX|ZFX"
6543.7714220831,-0.351068036557979,0.096362981020602,-3.64318364624816,0.000269286565178685,0.00948472704389599,"gene-PDS5A|PDS5A"
125.992369359773,0.778224019101748,0.244066728683223,3.18857069663032,0.0014297804316357,0.0302447186240506,"gene-LOC115496148|LOC115496148"
1802.62648618208,-0.546622769200289,0.19433441785751,-2.81279443562635,0.00491130370251877,0.0675974823161175,"gene-TRMT9B|TRMT9B"
1574.89629105503,0.397662971716839,0.136423156876812,2.91492280944593,0.00355776526685273,0.054880958094664,"gene-CRIM1|CRIM1"
4127.16615287514,0.483516235616855,0.178504685885708,2.70870332180768,0.00675467104105434,0.0823461439592087,"gene-SNIP1|SNIP1"
626.920725219271,0.634809729199478,0.170485497917571,3.72354092842785,0.000196447996725698,0.00771651403990679,"gene-ANAPC5|ANAPC5"
10508.8039313959,1.30434551032315,0.381219990357853,3.42150344502856,0.000622759360103775,0.0170785620387183,"gene-LOC100190094|LOC100190094"
1475.9827785776,1.09646614795325,0.248238956814306,4.41697855173255,1.0009015759494e-05,0.0009818911634666,"gene-PIM3|PIM3"
5834.62073493808,-0.418970092534944,0.148678328790525,-2.81796342441565,0.00483293148824316,0.0670236808004273,"gene-BCL9L|BCL9L"
1039.52064193381,1.22014287994764,0.384400841184893,3.17414206531553,0.00150280115996209,0.0309849971716094,"gene-NLRC5|NLRC5"
3139.85395950504,0.423503369073863,0.139996830992617,3.02509254010326,0.00248557063832475,0.0436153493642171,"gene-ZMYND8|ZMYND8"
160.726874681544,-1.87094063715018,0.439360732894643,-4.25832464549996,2.05964690053655e-05,0.0016361879752795,"gene-PRSS35|PRSS35"
1190.34429933954,-0.550111926457745,0.145910213229256,-3.77020850208341,0.00016311121855943,0.00689137288892923,"gene-SNRPA|SNRPA"
355.35688647001,-0.868123700424788,0.273500875207508,-3.17411671814993,0.00150293240710618,0.0309849971716094,"gene-DIPK2B|DIPK2B"
8055.65305864137,-0.506672784631462,0.140536364156904,-3.60527887334398,0.0003118179029457,0.0104999971446009,"gene-EPRS1|EPRS1"
1243.55873858514,-0.380402494569294,0.141580158103445,-2.68683479143564,0.00721326202462883,0.085733415158681,"gene-MTIF3|MTIF3"
459.544551406823,2.53806011636491,0.788997937329146,3.21681464080445,0.00129622314571418,0.0282368013724354,"gene-LOC100228937|LOC100228937"
1121.39464068476,-0.639241147961849,0.227681786115759,-2.8076077532036,0.00499109790329176,0.0681606124214735,"gene-RCN1|RCN1"
1420.790094612,-0.405588492133877,0.146654710967804,-2.76560152386048,0.00568179159036805,0.0735613354086889,"gene-ABHD17A|ABHD17A"
3720.42361601345,-0.858602101785511,0.185397397810478,-4.63114429827765,3.63650312716466e-06,0.00043569480499808,"gene-LOC115490530|LOC115490530"
6487.28720984981,-0.397137074609814,0.136159479747873,-2.91670528813119,0.00353749846741708,0.0548585193896417,"gene-EIF3J|EIF3J"
1988.38931178312,0.27879625497019,0.0987652371623197,2.82281765305733,0.00476036381366662,0.066458679908658,"gene-INTS14|INTS14"
2496.45230527807,-0.87082947893278,0.227401441397345,-3.82948091085824,0.000128413843286449,0.00597778709336953,"gene-MVD|MVD"
2968.65665491408,-0.525342285250226,0.112533887165288,-4.66830301950391,3.03697757449321e-06,0.000382685355227304,"gene-GATA4|GATA4"
2461.45898457966,-0.690970055179853,0.231103260780081,-2.98987583666067,0.00279090868762286,0.0474909339778618,"gene-SH3BGRL2|SH3BGRL2"
314.972006928591,0.655075301971563,0.23432968515081,2.79552845193288,0.00518149407119987,0.0699980580764588,"gene-LOC105758980|LOC105758980"
3274.65791459291,-0.468186941597392,0.151277386387781,-3.09489047092108,0.00196885588699267,0.0371818688632712,"gene-MAPKAPK2|MAPKAPK2"
1038.90195030254,-1.35139980272874,0.485860059970478,-2.78145893039829,0.00541151772415046,0.0717079745885821,"gene-SPIRE2|SPIRE2"
1755.87109500616,0.45683033577544,0.163066479639045,2.80149750449421,0.00508660345321372,0.0690993333416589,"gene-FAS|FAS"
2364.49735461837,0.896669639268843,0.216101458701506,4.14929933678691,3.33494481946461e-05,0.00233238700603417,"gene-IRF1|IRF1"
983.508246910116,0.483946443637278,0.13790767161865,3.5092061083847,0.000449446465503357,0.0133940027096776,"gene-SP4|SP4"
6310.16884610459,-0.337170456603655,0.0779144391574953,-4.32744508270287,1.50848940219856e-05,0.00136108577728002,"gene-EIF2S2|EIF2S2"
5667.39927985143,0.611769440081386,0.219413076797356,2.78820865652597,0.0053000395246593,0.0708789366257503,"gene-DERL3|DERL3"
768.842952535384,0.462226491137846,0.13863622590104,3.33409603538823,0.000855771055922344,0.0212373608224396,"gene-RRM2B|RRM2B"
3116.53320841551,1.84191954305819,0.391096962338317,4.70962375173052,2.48174494012229e-06,0.000321023591059889,"gene-ZBTB16|ZBTB16"
3656.50908345875,0.522948339175478,0.147751391507245,3.53938012928856,0.000401067871136986,0.012267419658534,"gene-OGA|OGA"
13147.6576924566,-0.577969009311245,0.195555320658576,-2.95552689318197,0.00312135483347282,0.0506380062162844,"gene-MGLL|MGLL"
14522.2257348245,-0.757695933753876,0.219005758133378,-3.45970781869774,0.00054076181243048,0.0154381160396413,"gene-DLAT|DLAT"
51491.6631203197,-0.580278044609436,0.210001052839353,-2.76321493041913,0.00572350639489148,0.073709685439761,"gene-ACTB|ACTB"
2128.73818117682,-0.403040400880497,0.113823412085341,-3.54092706848669,0.000398723775686401,0.0122440030025381,"gene-RPS19BP1|RPS19BP1"
2617.84261555776,-0.355263601560284,0.12442819756506,-2.85516955571526,0.00430138582016529,0.0629993552438438,"gene-LRP3|LRP3"
1562.52619060452,-0.56836307100514,0.215485355974363,-2.6375948770865,0.00834962650201238,0.0933077145106384,"gene-PEX11A|PEX11A"
16083.8334897698,-0.384586309152624,0.102994687279345,-3.73404026277139,0.000188432350568041,0.00754607032398097,"gene-SLC25A3|SLC25A3"
2130.28189024341,-0.664480909689919,0.199529816864586,-3.33023364693849,0.000867731378308664,0.0214368205246518,"gene-CIDEC|CIDEC"
3803.56639442584,-0.739880546771855,0.157844025065284,-4.68741560832501,2.76676732533295e-06,0.000354752964863085,"gene-SLC25A4|SLC25A4"
3269.13355035635,-0.621448934638632,0.192422770181548,-3.2296018504063,0.00123962718499853,0.0274124516839993,"gene-IFNGR2|IFNGR2"
15598.5247185834,-0.723866807299616,0.20398599802014,-3.54861026896634,0.000387269809006251,0.0120959234319077,"gene-BCO1|BCO1"
1120.08641389139,-0.694839739298871,0.208296453680111,-3.33582126350534,0.000850478242891412,0.0211811548346158,"gene-SLC41A1|SLC41A1"
1356.80527629147,0.395733315560537,0.146844578652898,2.69491267019088,0.00704070815349667,0.084410807124364,"gene-ZMYM2|ZMYM2"
4644.47542730237,-0.380429222929096,0.124488459278406,-3.05593968416225,0.00224356383689998,0.0403372356752362,"gene-ABI2|ABI2"
6365.2778225034,-0.408587005208862,0.117919813476298,-3.46495633908876,0.000530317568232206,0.0152519302947275,"gene-NEK6|NEK6"
205.19660241614,-0.886307545924256,0.283008409425199,-3.13173572377012,0.00173776221921252,0.03437194906391,"gene-NMRAL1|NMRAL1"
114.847224607652,-1.6100974490334,0.300625980647374,-5.35581603947266,8.51711314357037e-08,2.64882218765039e-05,"gene-EMID1|EMID1"
101.197715046997,-1.33941313595979,0.359321848249508,-3.72761395524638,0.000193301166700693,0.00765302145100484,"gene-TMEM158|TMEM158"
3990.27830362647,-0.315467106155175,0.117764644754149,-2.67879300119113,0.00738880557291083,0.087183949992979,"gene-AIFM1|AIFM1"
16620.5779224847,-0.434233768346566,0.136274356830583,-3.18646720076916,0.00144021816812353,0.0303556407275601,"gene-IMMT|IMMT"
1665.23150755882,-0.609310890055789,0.223097307702383,-2.73114407489231,0.00631148734655376,0.0785817807023648,"gene-PFDN6|PFDN6"
7867.2049883469,0.409889662121849,0.142795437218343,2.87046750306946,0.00409865323738079,0.0608223496150203,"gene-MBNL2|MBNL2"
357.94238287395,0.515627980291536,0.167360389411572,3.08094395635939,0.00206345483572058,0.038145634083749,"gene-WARS2|WARS2"
472.722284077241,0.644867462213992,0.191073785163365,3.37496565351778,0.000738249039320964,0.0193734043227191,"gene-LOC100220107|LOC100220107"
1027.27373023631,-0.564803582877608,0.177634851902387,-3.17957639972575,0.00147490483739915,0.0306653576648667,"gene-ATP2A3|ATP2A3"
7911.41987386382,-0.390171469342107,0.110045218955142,-3.54555584555792,0.000391785960351078,0.0121586738480928,"gene-CHD3|CHD3"
411188.042039779,0.826798059256443,0.22384373854451,3.69363943183088,0.00022106720483264,0.00824321258428239,"gene-FGG|FGG"
8025.7417290622,-1.41760918261028,0.352180524507917,-4.02523445778563,5.69185768580058e-05,0.00343792908236972,"gene-TFRC|TFRC"
1176.48403847575,-0.27379455310125,0.0977104524481357,-2.80210096505877,0.00507709814911346,0.0690343661819455,"gene-ZC3H18|ZC3H18"
7431.88237510265,-0.696346239631116,0.161825620902962,-4.30306545864377,1.68451054869623e-05,0.00147815758038847,"gene-TMEM41B|TMEM41B"
1768.34418392898,-0.424025786203239,0.152208261924729,-2.7858263463578,0.00533914658123529,0.0712064831915294,"gene-GINS4|GINS4"
5413.32776747743,-0.353413892227608,0.0932297236361625,-3.79078558257705,0.000150171554459352,0.0066052150890691,"gene-SAR1A|SAR1A"
1471.73635546587,-0.447318105228135,0.170341276682486,-2.62601122839961,0.00863919674788255,0.0951071775256361,"gene-DENND2C|DENND2C"
414.214901999857,0.491465532266856,0.186069038482893,2.64130742155709,0.00825867434230339,0.0929237915721939,"gene-XRCC4|XRCC4"
145.288732341005,-0.902189967508498,0.321106450304132,-2.80962891481625,0.00495986509695172,0.0679459682494314,"gene-CDH23|CDH23"
3546.69290053928,-0.35944178042986,0.123042387726296,-2.92128417752609,0.00348591703093877,0.0544376594457608,"gene-SH3GLB1|SH3GLB1"
6130.58145554991,-0.563449535885346,0.165158878806029,-3.41156067393198,0.000645921244072077,0.0174841311566695,"gene-TMEM97|TMEM97"
26774.9211957632,0.97452291641135,0.216231546031397,4.50684895103071,6.57974375853057e-06,0.000712415663099565,"gene-XBP1|XBP1"
369.437020027798,0.855060780383054,0.286749162175663,2.98191204429481,0.00286454283271906,0.0481276121676489,"gene-TCAF2|TCAF2"
219.859823570904,0.39966137875785,0.153327183688072,2.60659179373515,0.00914483086519383,0.0987089539885995,"gene-ASB1|ASB1"
2860.38329035692,0.519329457772095,0.12358681952246,4.20214275097285,2.64400308366641e-05,0.00197180576907918,"gene-PATJ|PATJ"
17068.1761166953,0.780485473113147,0.205011148039671,3.80703918092356,0.000140640470544526,0.00632690728261074,"gene-SLC7A2|SLC7A2"
3229.34578508819,-0.564366459901936,0.1808405920928,-3.12079524497645,0.00180363394509055,0.0351985545732825,"gene-LURAP1|LURAP1"
726.960791778588,1.40475584957945,0.4964517538563,2.82959187608402,0.00466074158899296,0.0658033595083716,"gene-ATP2A1|ATP2A1"
1918.97651045037,-0.570345656010834,0.16983763038546,-3.35818189830126,0.000784569657791459,0.0202974419255535,"gene-YWHAH|YWHAH"
2456.12792071272,1.53931584614876,0.231608274605441,6.64620402173055,3.00748314009737e-11,4.90048747183123e-08,"gene-LDLRAP1|LDLRAP1"
894.409339237255,0.389917952185148,0.109506026527501,3.56069857111676,0.000369869482565205,0.0117786105155896,"gene-LCMT2|LCMT2"
1138.48000920546,0.647751856768228,0.171052602904648,3.78685764360635,0.000152564446653288,0.00662013140120182,"gene-FOXA2|FOXA2"
135.395609824679,1.10183417350129,0.246363308815901,4.47239558032018,7.73481724637225e-06,0.00080757016921588,"gene-DNAAF8|DNAAF8"
1245.85196706284,0.712187680780798,0.215157697205641,3.31007298381759,0.000932716476527913,0.0226470377697816,"gene-DLL4|DLL4"
742.294493197874,-0.622198188149344,0.223964927378495,-2.77810546245862,0.00546768686803812,0.0720659864293175,"gene-TP53I11|TP53I11"
557.354498586667,-0.657382673461177,0.239112028258647,-2.74926643485324,0.00597288137585844,0.0760501803753684,"gene-PYGB|PYGB"
1581.14297481607,0.319426395120547,0.118271424024596,2.70079097935033,0.00691747971034337,0.0837890020924932,"gene-EXOSC9|EXOSC9"
877.486911838213,0.664232419735284,0.19227016986503,3.45468264890784,0.000550940898704077,0.0156675157905788,"gene-NEO1|NEO1"
826.064759704183,-0.276132679584455,0.099296279583571,-2.78089653250355,0.00542090113705844,0.0717079745885821,"gene-MLLT1|MLLT1"
10535.8473160073,0.743216661007715,0.144241220486562,5.15259548207274,2.56905737146316e-07,6.40280930480799e-05,"gene-MIA3|MIA3"
8858.90726191684,0.466099669107341,0.169480806972176,2.75016196485223,0.00595658145101766,0.075911515111995,"gene-CITED4|CITED4"
15578.4754933533,0.530433085960183,0.138656144019035,3.82552889893839,0.000130491624721422,0.0060552256462001,"gene-ATP2A2|ATP2A2"
84.384309790065,-1.50669338032873,0.487909491840522,-3.08805916983719,0.00201468352841802,0.0377351571666583,"gene-TMEM26|TMEM26"
4719.41947456108,-0.481030055911644,0.147525586382014,-3.26065510199721,0.00111155155717598,0.0255633922591604,"gene-HCCS|HCCS"
1362.85478238232,0.315161698910383,0.118930310746961,2.64996952358873,0.00804990319970819,0.0914972278927951,"gene-EZH1|EZH1"
14901.1511067616,0.718631309570611,0.150076030734606,4.78844826887403,1.68075876682939e-06,0.000255913030153595,"gene-NBR1|NBR1"
47481.5527385097,-1.0465694168837,0.268081308774098,-3.90392534887842,9.46449849732454e-05,0.00480356161581225,"gene-LOC100223914|LOC100223914"
4199.86607868384,1.21447573274182,0.256387505997474,4.73687564461033,2.1703825059415e-06,0.000307824791431189,"gene-CACFD1|CACFD1"
128.185325922536,3.94342392169553,0.773031070343146,5.10124893161805,3.37419412978181e-07,7.8286659674636e-05,"gene-LOC115490639|LOC115490639"
1495.69469695393,-0.562771190982917,0.162416137267932,-3.46499553830993,0.000530240276137879,0.0152519302947275,"gene-HEG1|HEG1"
226.787244967691,0.596978154724838,0.166478692613916,3.58591328026164,0.00033590057726091,0.0109350974116319,"gene-LOC115491015|LOC115491015"
1279.13424244168,-0.5610364034714,0.126003656468594,-4.45254065790729,8.48601651173972e-06,0.00087971704505035,"gene-B4GALT7|B4GALT7"
1142.19872726891,0.413053057493143,0.150533054523897,2.74393593353658,0.00607073844448231,0.0768112461687004,"gene-MAPDA|MAPDA"
2521.8312863011,-0.370961682941746,0.0829130534123704,-4.4741047117968,7.67321345495902e-06,0.000806901878209612,"gene-PPP6R2|PPP6R2"
3040.40991809837,0.38405574155026,0.120811930425961,3.17895542432068,0.0014780681962792,0.0306653576648667,"gene-EPG5|EPG5"
280.02292388528,-0.933403033731701,0.207736122150845,-4.4932148731164,7.01559329423739e-06,0.000754021523396088,"gene-GJA4|GJA4"
6384.94303186979,-0.520925625473313,0.181309345262067,-2.87313168949102,0.00406424663975734,0.0606814025876741,"gene-PDCL|PDCL"
6406.97945282584,-0.591889297092808,0.172430177630159,-3.43263171927095,0.000597753446021653,0.0166109546017082,"gene-ULK2|ULK2"
125.921790693458,-1.46441041898403,0.390646520602765,-3.74868414730651,0.000177764791265788,0.00719775056490867,"gene-CPLX2|CPLX2"
2339.68152751897,0.858115412086278,0.231520024864688,3.70644143022965,0.000210191816646588,0.00800114733787802,"gene-SMCHD1|SMCHD1"
2127.11820244897,1.32174918309173,0.363149719963885,3.63968112992947,0.000272975865897183,0.00956855691083724,"gene-UCK2|UCK2"
1316.09892672824,0.531405778558527,0.196475238510597,2.70469593312069,0.00683669378317073,0.0830689551359988,"gene-LOC105759171|LOC105759171"
16362.9246062396,-1.5940262721878,0.233140261706263,-6.83719860534488,8.07567505826535e-12,1.68631631895235e-08,"gene-ELOVL5|ELOVL5"
6164.92092603957,0.553636135851065,0.114238490478249,4.84631872789388,1.25773399571061e-06,0.000208912475173886,"gene-GTPBP4|GTPBP4"
6944.95478658029,-0.57887358082807,0.195160787192176,-2.9661367386167,0.00301566378329982,0.0498070074420459,"gene-SMPDL3A|SMPDL3A"
777.762630707329,-0.420180678908395,0.134299483913153,-3.12868424111079,0.00175590889992457,0.0346839464732399,"gene-DPH5|DPH5"
1160.50869395011,0.489338723634488,0.164403295963231,2.97645324424597,0.00291603543153142,0.0487127884602226,"gene-RFX3|RFX3"
3015.34641794591,0.495864773614949,0.181016625221761,2.73933277127155,0.00615640253592106,0.0775091609539691,"gene-COIL|COIL"
3529.30669838716,-0.487303898501807,0.175231014915158,-2.78092265080898,0.00542046503718969,0.0717079745885821,"gene-FAM114A1|FAM114A1"
799.098322605261,0.750297584329839,0.264297929718595,2.8388326201749,0.00452789010714092,0.064632978218827,"gene-IRS2|IRS2"
853.637660224068,0.719701960543586,0.244496259696543,2.94361133146513,0.00324407120331512,0.0518802940687715,"gene-GLP1R|GLP1R"
186.995297009901,-1.65589695104942,0.411001079375018,-4.02893577206034,5.60299222911598e-05,0.00339829615821528,"gene-RPH3A|RPH3A"
334.8058118159,-0.556015669543474,0.158123287114783,-3.51634272022096,0.000437535802157297,0.013105452500273,"gene-SOCS4|SOCS4"
524635.615683452,0.976900918035097,0.227387275683922,4.29619869931961,1.73751854318728e-05,0.00150279932223482,"gene-FGB|FGB"
576.305348785856,-0.757910154886524,0.267930397464044,-2.828757625339,0.00467290737974206,0.0658033595083716,"gene-SLC37A2|SLC37A2"
2249.69730830086,-0.635833649979635,0.146388849639457,-4.34345683804222,1.40258044260055e-05,0.00127338623164548,"gene-ENG|ENG"
2022.3970844422,-0.330725504238993,0.0901731276850847,-3.66767253980586,0.000244768376946551,0.00887786443133433,"gene-ACTL6A|ACTL6A"
6796.07977951321,-0.802685506995199,0.243742868209635,-3.29316510013674,0.000990662833803502,0.0235839065825827,"gene-LOC100225213|LOC100225213"
4259.65966295212,-0.274508641845915,0.097536366957963,-2.81442348538802,0.00488648087048094,0.0674538895403022,"gene-YTHDF1|YTHDF1"
32.3024717975003,1.03908585571446,0.392341289182754,2.64842341186896,0.00808681704806141,0.0915868926978423,"gene-LOC140685151|LOC140685151"
2539.50897690905,0.795272903960474,0.177167191895353,4.4888271663199,7.1616370688956e-06,0.000764099628000343,"gene-SYVN1|SYVN1"
1544.20977664293,-0.297596101689237,0.108287053735698,-2.74821496589608,0.00599207090364923,0.076172559295227,"gene-NDUFAF1|NDUFAF1"
95.031952189213,1.98508326921576,0.529102371040623,3.75179431782088,0.000175573481145067,0.007165803674948,"gene-LOC140684224|LOC140684224"
250.228110520221,1.74629586658959,0.555762541547908,3.14216186957438,0.00167705292753476,0.0334426775467607,"gene-LOC115496129|LOC115496129"
509.607496933592,0.709598712228607,0.262008520685128,2.70830395276105,0.00676280541379281,0.0823766056111746,"gene-ATOH8|ATOH8"
8153.97122216267,-0.413021525041287,0.137086696710156,-3.0128490579545,0.00258807609053291,0.0448753359612331,"gene-BAIAP2L1|BAIAP2L1"
958.109448633239,-0.631881995173634,0.213130170040827,-2.96477028593648,0.00302909021613129,0.0498070074420459,"gene-RAB25|RAB25"
6173.97543684199,-1.22542699747317,0.277941024175343,-4.40894611045288,1.03874866276949e-05,0.0010055224638213,"gene-TLCD1|TLCD1"
1775.00672765093,0.969521099466802,0.33987844914871,2.85255244013014,0.00433696559867785,0.0631408627050539,"gene-PLEKHM3|PLEKHM3"
908.76176609107,-0.483050900675633,0.164843846102022,-2.93035446635158,0.00338575545935432,0.0533429640439587,"gene-COA8|COA8"
1515.44296157852,0.429754292168768,0.13925820543176,3.08602491922359,0.00202851821012988,0.0377875184344296,"gene-BCAS3|BCAS3"
2925.94473067083,-0.498909417367555,0.125940232406654,-3.96147766153554,7.44873518330693e-05,0.00412417280963627,"gene-NRAS|NRAS"
6318.43679168472,-0.31471830557823,0.113837636170225,-2.7646243910724,0.00569883743802487,0.0735864901339306,"gene-YAF2|YAF2"
2602.98919600906,0.269088109121018,0.0916620130027472,2.93565568010113,0.00332843547944834,0.0528249092324608,"gene-TBC1D12|TBC1D12"
1563.49426249741,0.450543052980307,0.170084476906882,2.64893693518527,0.00807453976293192,0.0915868926978423,"gene-BBS2|BBS2"
2383.21658258102,0.404483195919994,0.144869984758355,2.79204278646592,0.00523764298330432,0.0703603198840448,"gene-MED13L|MED13L"
1326.57582010333,0.447316626393648,0.161554620543314,2.76882595427668,0.00562586795024118,0.0732657758180632,"gene-CEP170B|CEP170B"
62.8052041428525,0.922724862069882,0.354690224272523,2.60149504814352,0.00928184051107223,0.0995397378946021,"gene-STRA8|STRA8"
5069.58364254676,-0.804365899619416,0.2397082412439,-3.35560386011503,0.000791919145310932,0.0204022949764371,"gene-CETP|CETP"
63161.4601334994,0.655308076738911,0.206684190175031,3.1705766957016,0.00152136664909942,0.0312328880756829,"gene-CFH|CFH"
6033.05533053794,-0.320254953373159,0.121362957636029,-2.63881961688519,0.00831952352797745,0.0932577238405735,"gene-SACM1L|SACM1L"
2190.99020460886,0.299675559242961,0.0819959478369052,3.65476059669477,0.000257422073864995,0.0091458863382721,"gene-MAPKAPK5|MAPKAPK5"
1020.57132340924,0.322685575691821,0.110536871293011,2.91925736559385,0.00350866415237434,0.0546178316456398,"gene-POLR2D|POLR2D"
1142.24222082536,-0.411880462731115,0.121696932366669,-3.38447695205768,0.000713140058549971,0.0189182726602993,"gene-VAC14|VAC14"
437.848223497623,0.608178172465123,0.155097118393915,3.92127319168158,8.8082331742146e-05,0.00458184855186814,"gene-TMEM67|TMEM67"
2484.11599813947,0.428433772976415,0.121118591862502,3.53730807457527,0.000404227855962052,0.0122839887122605,"gene-PTPN4|PTPN4"
526.154803110559,0.500691438053838,0.168955877150592,2.96344493306715,0.00304216487966804,0.0498070074420459,"gene-MZT1|MZT1"
913.62004832279,-1.57899966438889,0.348899249916379,-4.52566081689008,6.02070772256521e-06,0.000661689359253652,"gene-ADAMTS17|ADAMTS17"
4547.87942746432,-0.581811376863259,0.156369945949334,-3.7207365733296,0.00019864256051851,0.00776221112141216,"gene-NHERF2|NHERF2"
839.222126925103,-0.557524382674726,0.182261896416566,-3.05891902606173,0.00222137182676874,0.0400367348851771,"gene-PALD1|PALD1"
170.751949951747,1.26798065748657,0.403399752386636,3.14323608278094,0.00167091016590161,0.0333657020423276,"gene-LOC140682384|LOC140682384"
3813.31815860459,0.571263379330054,0.207588584965454,2.75190169741329,0.00592503036256847,0.07570469301544,"gene-BCAR3|BCAR3"
30983.4928620038,-0.452639491726583,0.121683035886977,-3.71982411868002,0.000199361559420427,0.00776221112141216,"gene-YBX1|YBX1"
3530.50542630294,-0.327681864473018,0.119236441523114,-2.74816876692431,0.00599291531706308,0.076172559295227,"gene-TAF2|TAF2"
1260.79246910068,1.14829470488587,0.224523311203583,5.11436740679758,3.14794118288285e-07,7.66890937836644e-05,"gene-FICD|FICD"
3138.87096175751,-0.995963990131346,0.213579214067213,-4.66320655069888,3.11320000127575e-06,0.000388937131783313,"gene-LOC100231669|LOC100231669"
3071.91313970035,-0.288471123150486,0.104142245436129,-2.7699721850861,0.00560610798980168,0.0731437109632609,"gene-WDR4|WDR4"
3987.59550576049,0.313813220459957,0.118682611314664,2.64413815119001,0.00818992215435921,0.0923704414585406,"gene-GOLGA2|GOLGA2"
793.661284637754,0.905270104707428,0.260871435779742,3.47017718517777,0.0005201151344664,0.0150373869112958,"gene-LOC100229435|LOC100229435"
413.718087210818,0.691031186399312,0.207048706282609,3.33752960260518,0.000845267172429201,0.0211562846907494,"gene-SALL4|SALL4"
1352.07313044528,-0.947641851898054,0.264344819454667,-3.58487014745741,0.0003372459567078,0.0109544981093287,"gene-GLIS2|GLIS2"
26.5098101758677,-1.87372696523548,0.676915251025118,-2.76803774534244,0.00563949238107532,0.0732657758180632,"gene-PUDP|PUDP"
4914.82134457086,-0.304760425272309,0.0917992086282529,-3.31985895985723,0.000900629365260545,0.0220950878577389,"gene-SUMO2|SUMO2"
11570.0019423445,0.602505825946762,0.127348456836016,4.73115922183961,2.23241330671643e-06,0.000307841370795039,"gene-TMEM106B|TMEM106B"
359.885346194093,-0.848600714429356,0.253645845169751,-3.34561251678076,0.000821010408586236,0.0209071587845035,"gene-LMNB1|LMNB1"
106.098663429466,-1.7687533795718,0.282373065886883,-6.2638884272353,3.75494188539683e-10,3.22858738463797e-07,"gene-NOS3|NOS3"
13581.193600686,-1.03603351844423,0.267057308396277,-3.87944267343132,0.000104696070981579,0.00515266824760184,"gene-SLC25A10|SLC25A10"
3089.49164178525,-0.792868310623549,0.150996825073896,-5.25089391936241,1.51362835680078e-07,4.25475109449173e-05,"gene-AMD1|AMD1"
2615.31496808971,-0.23675071191763,0.0889455765517655,-2.66174801598867,0.00777360486448097,0.0893578438293152,"gene-EMC2|EMC2"
44.9321707924957,-3.19312043512455,0.947305064085402,-3.37074143925053,0.000749661826276362,0.0196025168420064,"gene-OBSL1|OBSL1"
99.8826294621237,-0.889942281229166,0.213077010829109,-4.17662270446864,2.95869170619438e-05,0.00211996062105114,"gene-FAM124B|FAM124B"
1576.94338644797,-0.405077695140963,0.155525336425044,-2.60457687764714,0.00919877816234431,0.0988665738227844,"gene-ETHE1|ETHE1"
678.986325180861,-0.848362098642584,0.263047139430028,-3.22513333724449,0.00125914010274248,0.0277181489183537,"gene-GIMD1|GIMD1"
169717.7465662,-1.77938510269898,0.490915355449914,-3.62462710311477,0.000289378678283085,0.00999964099400439,"gene-LOC115494435|LOC115494435"
708.284520730897,-0.300206331475273,0.113170553881554,-2.65268942475508,0.00798533078269741,0.090975510561721,"gene-TMCC2|TMCC2"
60.1702371949916,-1.67050305050585,0.525519422049767,-3.17876558013808,0.00147903654332155,0.0306653576648667,"gene-LOC121468582|LOC121468582"
4092.78722696423,-0.31758007518872,0.100856329708522,-3.14883633091287,0.00163921974193795,0.0329419274366503,"gene-STX12|STX12"
11299.5751274294,-0.431593896463399,0.135057201408393,-3.1956377887494,0.00139522145272214,0.0296709425190989,"gene-PSMA4|PSMA4"
635.36827953886,0.434412779218471,0.147253206982847,2.95010742461503,0.00317663457734224,0.0509691192283332,"gene-DOLK|DOLK"
363.244171272398,1.18818112148186,0.433587090667704,2.74035170108989,0.00613734715838626,0.0773358650121827,"gene-CYP2W1|CYP2W1"
1636.66943053925,0.429372703417783,0.154357676612514,2.78167379064433,0.00540793672895379,0.0717079745885821,"gene-DSCC1|DSCC1"
1134.01962183069,-0.609384576123861,0.136987091178671,-4.44848175751864,8.64793923540008e-06,0.00089018963242143,"gene-LOC105758753|LOC105758753"
9503.36492462391,0.540359197560419,0.151890032475832,3.55756851685708,0.000374303487556976,0.0118506914229484,"gene-DNAJB11|DNAJB11"
1891.36974758166,0.533133982364861,0.173881316639633,3.06607974144672,0.00216885464015824,0.0394305326805882,"gene-PTBP2|PTBP2"
7508.10394291969,-0.296136184212409,0.109835886126815,-2.69616966417054,0.00701419300033428,0.0843145222745774,"gene-UBL3|UBL3"
10685.9907198631,1.2913880253142,0.28041251326563,4.60531525599535,4.11841467284531e-06,0.000477026575688417,"gene-UPP2|UPP2"
18111.4392359068,0.334702750106254,0.11988893843252,2.79177340697401,0.00524200508679789,0.0703603198840448,"gene-HECTD1|HECTD1"
6787.60019330921,-0.403007163667491,0.126108055240913,-3.19572895559763,0.0013947807109529,0.0296709425190989,"gene-YWHAQ|YWHAQ"
26.3563644423921,1.21567459848292,0.444509699978985,2.73486629997138,0.00624056180524843,0.0779643520575352,"gene-FGF13|FGF13"
199.830253389627,1.10151844378172,0.417552469198792,2.63803599556084,0.00833877300811587,0.0932577238405735,"gene-LOC140684578|LOC140684578"
97.4181295261383,0.906412003753918,0.304862932462695,2.97317878704337,0.00294732717842802,0.0490114691320619,"gene-LOC121470115|LOC121470115"
316.992892959873,1.46837471481505,0.458020515454673,3.20591472492757,0.00134633880579807,0.0290685883668396,"gene-LOC140684609|LOC140684609"
270.797060666343,-1.12269670722326,0.378166221071956,-2.96879161771996,0.00298973267054104,0.049603771220543,"gene-COL6A3|COL6A3"
10981.1943404997,-0.882310368614568,0.107890166023314,-8.17785717767741,2.88935946391309e-16,2.11168836420088e-12,"gene-EHD3|EHD3"
2522.80315623454,-0.313773859705377,0.110921432628411,-2.82879378917261,0.00467237941079287,0.0658033595083716,"gene-PLEKHM2|PLEKHM2"
321.226223806488,-0.419532980057926,0.157267859223653,-2.66763331127501,0.00763875777314047,0.0886156526745986,"gene-TADA2A|TADA2A"
1864.9654438754,0.32508725397588,0.116214043803562,2.79731470772481,0.00515293142749955,0.0697411098849638,"gene-ARID4B|ARID4B"
1138.57579560617,0.589128220884559,0.156401653586043,3.76676465610674,0.000165376759972948,0.00694629913943847,"gene-PRKCE|PRKCE"
2891.56050284244,0.751665673364567,0.214967907841494,3.49664134015207,0.00047115482634968,0.0138848187434542,"gene-ZBTB21|ZBTB21"
1822.80341359299,-0.78123680345967,0.151456854021852,-5.15814756951807,2.49405022920186e-07,6.3957074035515e-05,"gene-HSPG2|HSPG2"
113.568827924492,1.06792294548828,0.296531336373328,3.60138310692326,0.000316528736288153,0.0105763784550455,"gene-LOC140681988|LOC140681988"
504.581952719834,-0.476760313117666,0.130841514100856,-3.64380003085388,0.000268642165688284,0.00948472704389599,"gene-DTX2|DTX2"
4551.65905891998,0.767153591984001,0.156434314829669,4.90399815935082,9.3905369408287e-07,0.000169458615387769,"gene-LOC100223333|LOC100223333"
1076.62423607722,-0.270559580658125,0.0987839575709997,-2.73890201719913,0.00616447423479654,0.0775439930206721,"gene-RNF214|RNF214"
497.91747170171,0.453929249296251,0.168421487916911,2.69519795193943,0.00703468250934341,0.084410807124364,"gene-ANKRD6|ANKRD6"
784.577573764505,-0.716594264580165,0.225269238084395,-3.18105690183806,0.00146738804838158,0.0305974480787355,"gene-SHROOM4|SHROOM4"
47.4301315943154,-1.08314126237163,0.384976834652646,-2.81352321717986,0.00490018474491304,0.067508011702539,"gene-CHST1|CHST1"
964.647621126449,0.513999613709068,0.171673877513158,2.99404674231625,0.00275303764750002,0.0471207860579716,"gene-NSUN6|NSUN6"
1590.02682867558,-0.913106812441042,0.212226944176294,-4.30250181467314,1.68880287285267e-05,0.00147815758038847,"gene-SEC16B|SEC16B"
8460.10643984494,-0.879397220498559,0.225849794431311,-3.8937260169436,9.87161403948126e-05,0.00495853547818205,"gene-ITGB5|ITGB5"
5063.58228850941,1.00248868799831,0.212246850819646,4.72322055251673,2.32138860764092e-06,0.000310202974540341,"gene-PPM1K|PPM1K"
57.8281321984178,1.17222883528141,0.438203799483119,2.67507684019196,0.00747121240403252,0.0875231084156396,"gene-LOC140684613|LOC140684613"
21709.0871210645,0.972643329187538,0.308060690462039,3.15731074850458,0.00159231558808505,0.0322366716773396,"gene-ST6GAL1|ST6GAL1"
7714.06184105588,-0.875513208920746,0.213340057475664,-4.10383881620833,4.0635062273934e-05,0.00272459956540409,"gene-TLCD2|TLCD2"
3119.89479358246,-0.502896783096335,0.162935430210744,-3.08647899628632,0.00202542255340514,0.0377875184344296,"gene-MPP1|MPP1"
197.64131213908,0.903297103473353,0.316558427142764,2.85349251835263,0.0043241546090922,0.0630171165713865,"gene-LOC116808643|LOC116808643"
9448.05948809174,-2.18167861925732,0.313260104549365,-6.96443175359255,3.29731933479271e-12,8.03281945277751e-09,"gene-FABP7|FABP7"
2258.56665781038,-0.298040213504178,0.0814679564678553,-3.65837350568349,0.000253820962118144,0.00904902683727053,"gene-RNF126|RNF126"
8780.18218293487,0.635475536190644,0.203556674743195,3.12186046953436,0.00179712090605594,0.0351183372778339,"gene-CEBPD|CEBPD"
20228.9468630142,-0.418724427810169,0.140102633486821,-2.98869776669513,0.00280169118353976,0.047563670185599,"gene-CALU|CALU"
690.384120006097,-1.98174014907155,0.639107451185777,-3.1007933726867,0.00193002918616231,0.0367166252663349,"gene-RIMS1|RIMS1"
876.43814906577,1.0818840744385,0.248856285123031,4.34742515706858,1.37745050922264e-05,0.00125838713083171,"gene-ABCA12|ABCA12"
17671.6549496001,0.384397973070639,0.11482199525971,3.34777297852375,0.000814637144808945,0.020781066571854,"gene-DNAJC3|DNAJC3"
4564.04765436182,0.376907866953016,0.0880042248962343,4.28283832278994,1.84524253693704e-05,0.00155906995158432,"gene-LOC100217839|LOC100217839"
247.459687198547,1.81931656677368,0.602800060664733,3.01810946197888,0.00254357011292177,0.0443667832226462,"gene-LOC140681544|LOC140681544"
1684.21526763833,-0.3385792538803,0.121950803419599,-2.77635935464356,0.00549714129025063,0.0723237751931535,"gene-PIP4P2|PIP4P2"
64.0236275842522,1.20135367350593,0.332269218362333,3.61560327323452,0.00029964898462651,0.0102122040231298,"gene-LOC140681760|LOC140681760"
1761.31405285462,-0.48888205134342,0.123751015816832,-3.95052960265821,7.79784518919465e-05,0.00420594476496156,"gene-SMIM13|SMIM13"
982.413598311757,-1.08747274812272,0.293453380089531,-3.70577686919447,0.00021074377266765,0.00800114733787802,"gene-LPIN1|LPIN1"
10873.2155911533,-0.240288278661583,0.0885647939869002,-2.71313541018483,0.00666498652738199,0.0818673177065064,"gene-KDELR2|KDELR2"
2911.32631178094,-0.293754548299773,0.0892709583810543,-3.29059476482686,0.000999758210693009,0.0236682923328544,"gene-TIMM17A|TIMM17A"
4578.0914917828,0.385726429286543,0.128319411412113,3.00598658489584,0.0026472067642822,0.0457378502050981,"gene-PHAX|PHAX"
1111.47895411421,2.7325729808958,0.592016723118094,4.61570235128427,3.91768105370384e-06,0.000465567024081211,"gene-LOC115491163|LOC115491163"
51.7429166089399,-1.57077941181078,0.564294796799489,-2.78361491319744,0.00537568161407017,0.0714922969318606,"gene-CAMK2A|CAMK2A"
735.897850339545,0.661611034503979,0.247457456862214,2.6736354721061,0.00750339631782692,0.0875316392479459,"gene-LOC115496828|LOC115496828"
105.17201560618,1.47108945290724,0.379623464674935,3.87512783006422,0.000106568741272075,0.00522723252071786,"gene-LOC140681840|LOC140681840"
2593.64599067859,-0.81668012937244,0.255298287321376,-3.19892521779585,0.00137940944888471,0.0295209779126616,"gene-YDJC|YDJC"
419.155489207143,0.582201307436819,0.197063707441424,2.95438117447311,0.00313296777135926,0.0506553085823909,"gene-CYP2R1|CYP2R1"
21832.4015801786,-0.792576934392951,0.212086434163846,-3.73704682016885,0.00018619426300931,0.00747692731430517,"gene-AP3M1|AP3M1"
1513.93507074027,-0.555669349849273,0.195824154518376,-2.83759350942138,0.00454550300849879,0.0647966062236631,"gene-BAG5|BAG5"
4801.27902212122,-0.429041378957877,0.133429370160557,-3.21549429815644,0.00130220081717312,0.0283248055723504,"gene-CLTB|CLTB"
1916.69144111021,-0.474496265708646,0.182051469523509,-2.60638525440396,0.00915034772214219,0.0987089539885995,"gene-KIAA1217|KIAA1217"
242.628980545949,0.952294657210856,0.350606427534305,2.71613576484612,0.00660488269351461,0.0813340946344592,"gene-LOC115495119|LOC115495119"
138.760249522752,1.0832917782054,0.312741429906397,3.46385759804714,0.000532488315941208,0.0152591555408587,"gene-SEMA3C|SEMA3C"
236.144505787904,-0.702602531709048,0.198544137179985,-3.53877249506552,0.00040199214334532,0.012267419658534,"gene-KLHDC3|KLHDC3"
438.923319732951,-0.831816130064229,0.316912641603379,-2.62474897137508,0.0086712870988143,0.0953091014915245,"gene-PASD1|PASD1"
1250.31753527304,0.377184660526858,0.122577193075221,3.07711941401199,0.00209011551644668,0.0384292056652845,"gene-KLHL20|KLHL20"
573.594383407672,1.54184256417001,0.363099584261018,4.24633525072185,2.17295423705809e-05,0.00169850652850685,"gene-LOC115496557|LOC115496557"
1044.58542312702,0.808585530419371,0.210222296830707,3.84633572465689,0.000119897452734062,0.00575050660036104,"gene-METTL23|METTL23"
111451.430508247,0.482063413352345,0.184567214243993,2.6118583158278,0.00900515658449236,0.0978649619297583,"gene-LOC100227823|LOC100227823"
9885.76444760996,0.706890295112069,0.131225448937889,5.38683845880117,7.1707828807821e-08,2.38216666746345e-05,"gene-GPC4|GPC4"
924.69776906174,-0.30556284250334,0.0712627401294669,-4.2878345955854,1.80423359732648e-05,0.001533283865821,"gene-PAAF1|PAAF1"
18841.4834823479,0.594197996654375,0.137982848794641,4.30631779126924,1.65994538534379e-05,0.00147051040591334,"gene-ST3GAL2|ST3GAL2"
111.969861795317,1.9345734618852,0.587956520185296,3.29033422620353,0.00100068445383485,0.0236682923328544,"gene-AKAP5|AKAP5"
1612.61761619835,-0.536626191239075,0.202069774594222,-2.65564799246538,0.00791561925923301,0.0903706717050118,"gene-MAP4|MAP4"
6175.15405406371,0.281159852098885,0.10075860519617,2.79043017270323,0.0052638053093146,0.070588112115827,"gene-MAN2A1|MAN2A1"
8088.9189729927,-0.291593474971949,0.101375847398766,-2.87636041970583,0.00402290072665049,0.0603095470239879,"gene-DNAJA2|DNAJA2"
33.7859791721697,-3.4980312837373,1.06975866725259,-3.26992562978817,0.00107575762982293,0.0249947688314076,"gene-OLFM4|OLFM4"
8642.80720108927,0.761667460088211,0.163880842002077,4.64769066831228,3.35671775669286e-06,0.000408876195413163,"gene-BNIP3|BNIP3"
1692.45131914152,-0.963854910178453,0.173460570439719,-5.55662250928322,2.75044698713836e-08,1.11675787808337e-05,"gene-LOC115491411|LOC115491411"
3677.76779048311,-0.567971525988998,0.209531249839216,-2.71067693446601,0.00671460134414945,0.0819944259377046,"gene-CLCN2|CLCN2"
4643.8013649726,-0.439389896741098,0.161908817915732,-2.71381078805593,0.00665141447126405,0.081838152631706,"gene-NDUFA12|NDUFA12"
3326.7396258058,0.359682126663577,0.129627368933055,2.77473908190895,0.00552460107105283,0.0725214914658475,"gene-DCUN1D1|DCUN1D1"
1047.44376314588,-1.0659705243018,0.225495873098761,-4.72722852819097,2.27605057301824e-06,0.000310202974540341,"gene-ZFPM1|ZFPM1"
30.7715699194652,1.44061460443254,0.408812007140382,3.52390482488408,0.000425236962422999,0.0128423319829276,"gene-LOC140684820|LOC140684820"
798.146472988447,-0.739437494804974,0.196509587502293,-3.76285709111442,0.000167983202477499,0.00701706242285385,"gene-LBHD2|LBHD2"
2301.99677396109,0.382489196765664,0.140547632692723,2.72142041411607,0.00650020349009567,0.0803157011113512,"gene-DOCK1|DOCK1"
193.455120528331,-0.805364830985626,0.285555951919283,-2.8203398513412,0.00479728125639402,0.0667653644771004,"gene-PCDH12|PCDH12"
2335.54586267528,-0.48025806625398,0.121409024200002,-3.95570320590694,7.63098518352547e-05,0.00419331242208992,"gene-TAOK3|TAOK3"
49.8583788249887,1.56540519954542,0.35799490531656,4.37270244994463,1.22717928545791e-05,0.0011498512574063,"gene-LOC140684548|LOC140684548"
3058.99957840356,1.11569713476974,0.280034248797132,3.98414529494925,6.77234295517516e-05,0.00388201321473707,"gene-BMF|BMF"
7166.18837108542,-0.818247190027026,0.175578238821171,-4.66029956514384,3.15749502640513e-06,0.000391128006787829,"gene-GGACT|GGACT"
3556.59551321633,0.408083327507325,0.153335485615951,2.66137564874854,0.00778220805874791,0.0893578438293152,"gene-WWC3|WWC3"
222.207864975647,2.03644021034568,0.476647400636823,4.27242487344922,1.93358707729445e-05,0.00159679335078039,"gene-FST|FST"
2264.08673895605,1.41554200748641,0.40050431334541,3.53439890737355,0.000408703744477098,0.0123942378278459,"gene-IL1R2|IL1R2"
790.176349052456,-0.617924757475856,0.22270811350168,-2.77459472742197,0.00552705353307478,0.0725214914658475,"gene-LOC100221738|LOC100221738"
84.0512379655646,-1.96509919706436,0.735627093057462,-2.67132520758157,0.00755524096743899,0.0878559723317866,"gene-LOC100222137|LOC100222137"
3095.84452849477,-0.391734834995131,0.141308915389504,-2.77218768479931,0.00556809221227664,0.0729290357229818,"gene-LOC100218528|LOC100218528"
13127.7736559477,-0.494650423872881,0.183704015349366,-2.69264894908346,0.00708868639969624,0.0847222641899918,"gene-TOB2|TOB2"
1560.87065980446,-1.31220272841376,0.295648796135672,-4.43838346566986,9.06370350734195e-06,0.000907425713471351,"gene-LOC100219136|LOC100219136"
3176.46516650779,-0.443344861755428,0.140996210700161,-3.14437430306716,0.00166442397947467,0.0332816488481276,"gene-DARS1|DARS1"
228.042412014867,0.708930006104323,0.239985396764485,2.95405477025774,0.00313628338695107,0.0506553085823909,"gene-LOC121469478|LOC121469478"
4127.72513089688,-0.778456049205158,0.230637399806854,-3.37523771017654,0.000737519569041729,0.0193734043227191,"gene-LOC100220385|LOC100220385"
42.2737395867566,1.08470386386518,0.407968067989433,2.65879599158549,0.00784204324180109,0.0899036439728678,"gene-LOC105758620|LOC105758620"
3111.43467842937,-0.797414655169913,0.218449679779442,-3.65033565613382,0.0002618978372794,0.00926915420705326,"gene-ERG28|ERG28"
6672.69261933525,-0.511875065989671,0.119804477844531,-4.27258709523301,1.93218045739244e-05,0.00159679335078039,"gene-SENP5|SENP5"
336.168418490238,-0.917020877215592,0.267518524695265,-3.42787804418473,0.000608318669549018,0.0168724743696357,"gene-RAB34|RAB34"
468.257229833654,0.836919751665065,0.151452266295067,5.52596387058702,3.27681565264332e-08,1.29451930796452e-05,"gene-LOC105760548|LOC105760548"
2791.38667131816,-1.80572175605713,0.544576278068978,-3.31582889078472,0.000913717552135068,0.0223715401332635,"gene-TRNP1|TRNP1"
7778.86278572951,-0.639602523378687,0.153785877579751,-4.15904589839206,3.19579684131036e-05,0.00225666485166346,"gene-IL4R|IL4R"
681.143406327634,-0.603399083927705,0.196668962652548,-3.06809511673543,0.00215428036315348,0.0393122547668096,"gene-TNKS1BP1|TNKS1BP1"
5718.37384061557,0.633848323229018,0.126654488483392,5.00454686461534,5.59935888848598e-07,0.00011211757379863,"gene-IRS4|IRS4"
4200.9300363197,-0.348442036771776,0.107538586630465,-3.24015823240385,0.00119463386493384,0.026741138137424,"gene-RINT1|RINT1"
5324.46598424991,-0.64816432072175,0.211314960493845,-3.06729026287104,0.0021600898972682,0.03932009218975,"gene-GMPR|GMPR"
3008.80798171362,-0.451435652142422,0.160801552675674,-2.80740853947436,0.00499418594126005,0.0681606124214735,"gene-DUSP16|DUSP16"
902.299053796055,0.790929638444862,0.295634011641747,2.67536753992744,0.00746473647107322,0.0875231084156396,"gene-UBE2L6|UBE2L6"
764.138822041034,-0.477947263278102,0.133129897696539,-3.59008210437862,0.00033057381917499,0.0108340751454727,"gene-ANGEL2|ANGEL2"
12110.5589295444,0.595676555238808,0.15491173406761,3.84526426499642,0.000120422586463221,0.00575050660036104,"gene-STAT3|STAT3"
1990.64308720883,0.343679235436342,0.0858243023006163,4.00445125941763,6.21616054645945e-05,0.00366377494788701,"gene-GABARAPL2|GABARAPL2"
506.055551875022,-0.626335455107411,0.19341367211792,-3.23832047780753,0.00120235664151899,0.0268728547845308,"gene-HIC1|HIC1"
1663.12483244363,0.348518368339869,0.0863317555272378,4.03696607594075,5.41468950181714e-05,0.00335366595118903,"gene-CNEP1R1|CNEP1R1"
35.2970056568428,1.28946189426916,0.377330797025025,3.41732481004895,0.000632397805705353,0.0172458185186477,"gene-LOC140683741|LOC140683741"
1116.58138422343,0.38211388570155,0.14627110730732,2.61236749167911,0.0089917541651301,0.0978543241124297,"gene-USP46|USP46"
1552.32121848645,-0.7239846702752,0.247895787772671,-2.92052025885619,0.00349447476358142,0.0545130604261149,"gene-CKB|CKB"
707.158096886296,1.10657047802594,0.321882328510873,3.43781059104821,0.000586437747255137,0.0163899819342798,"gene-LOC121470626|LOC121470626"
571.971008849607,-0.510104689336761,0.156451408931523,-3.26046721356166,0.00111228825865951,0.0255633922591604,"gene-LOC100228780|LOC100228780"
151.050236673541,-0.538717227177651,0.153680358651288,-3.50543967951064,0.000455853784751293,0.0135431194546944,"gene-KDELR3|KDELR3"
4392.94004335191,-0.473365055414383,0.144143079974546,-3.28399431660523,0.00102346986303885,0.024051541781413,"gene-PDIA5|PDIA5"
117730.170113264,0.77646675189258,0.153646120927619,5.05360465467504,4.33548573544482e-07,9.608784507224e-05,"gene-SLC38A4|SLC38A4"
1187.54657191649,0.727996231356806,0.159609268671183,4.56111501178907,5.08826996117978e-06,0.000572117246327422,"gene-CCDC77|CCDC77"
203.070015093859,-0.80031606918078,0.211810417960324,-3.77845469966776,0.000157804550609925,0.00676430825884245,"gene-DYSF|DYSF"
2528.38308562431,-0.341035832010935,0.123188933038077,-2.76839667006063,0.00563328457157352,0.0732657758180632,"gene-NUMB|NUMB"
3561.69408530526,-0.970677839526835,0.238417386119692,-4.07133831691087,4.67438017949522e-05,0.00301666930772429,"gene-MFSD2A|MFSD2A"
1832.82943824729,-1.08529750518452,0.168622356644354,-6.43626104380423,1.22452366668673e-10,1.60859720024676e-07,"gene-TP53INP2|TP53INP2"
359.17161513862,0.724723595972582,0.200350144854462,3.61728511101918,0.000297709314021403,0.0102036502005192,"gene-UBE3D|UBE3D"
469.196151687689,0.745859161036453,0.193995194247598,3.84473009204808,0.000120685199629459,0.00575050660036104,"gene-LOC140684991|LOC140684991"
370.204294882071,0.614858927040857,0.221547914762744,2.77528645529935,0.00551531057467713,0.0724975671493306,"gene-CPTP|CPTP"
1531.56309950638,-0.445605211207121,0.117674787085044,-3.78675179488604,0.000152629423425122,0.00662013140120182,"gene-THAP12|THAP12"
39075.1521021735,-1.03805539759945,0.372827745440176,-2.78427614439981,0.00536473384199596,0.0714825110013262,"gene-AACS|AACS"
141.431910592812,1.95678447483257,0.529715907426056,3.69402626464588,0.000220730988080741,0.00824321258428239,"gene-LOC140681585|LOC140681585"
3695.86717105523,-0.862840862875236,0.218237201880461,-3.95368367739546,7.69571361661702e-05,0.00419732260948101,"gene-SLC6A4|SLC6A4"
801.220310128958,-0.503335987469362,0.164311990033744,-3.06329433029199,0.00218914627693579,0.0397006837840824,"gene-IER5|IER5"
1426.72661788404,-0.548174143852426,0.180401431990944,-3.03863521371573,0.00237652429580548,0.0419536903765564,"gene-SNX21|SNX21"
690.970632079719,-0.605337233287979,0.210921812172293,-2.86996032820685,0.00410523301274092,0.0608437219827769,"gene-COL5A1|COL5A1"
1437.86095088902,-0.450088223269312,0.145420418136607,-3.09508271972166,0.00196758014493228,0.0371818688632712,"gene-MRPL42|MRPL42"
1080.72868444877,-0.290430547786794,0.108916456771723,-2.66654421558631,0.0076635524924881,0.0886305124480136,"gene-ZNF513|ZNF513"
274706.586856658,-2.14669241041926,0.430810765582476,-4.98291264266999,6.26342323033632e-07,0.000123719536970035,"gene-SCD|SCD"
4456.80896266148,0.409095850830712,0.113535002347723,3.60325751857368,0.00031425390774127,0.0105354343336104,"gene-STARD13|STARD13"
802.31084061513,-0.789821019386213,0.292221047962799,-2.70282043299892,0.00687538784125691,0.0834004515150641,"gene-FSTL1|FSTL1"
1423.38724213675,-0.566368450686978,0.128992952117587,-4.39069299050298,1.12989979622092e-05,0.00107946047852034,"gene-FGD5|FGD5"
975.591056961141,0.477198634684107,0.128500910966124,3.71358172557942,0.00020434643300677,0.00788108657324525,"gene-PITPNM3|PITPNM3"
14089.0704082119,-0.409931047130693,0.14000706039382,-2.92793124845,0.00341225488899123,0.0535160190047047,"gene-YWHAE|YWHAE"
2528.42969541012,0.804656959996796,0.219663648899975,3.66313208410373,0.000249149981245723,0.00899216117498452,"gene-TMEM63A|TMEM63A"
1017.26192257619,-0.475857293558134,0.170725567950134,-2.78726437563895,0.0053155094080855,0.0709597988182228,"gene-RHBDF1|RHBDF1"
4990.65378006074,0.375000291614971,0.106535520636879,3.51995549815859,0.000431619210646436,0.012981436218146,"gene-MBTD1|MBTD1"
4211.38736144327,0.423570694752921,0.119536763509494,3.54343452438612,0.00039495136888262,0.0122050827884931,"gene-XPNPEP3|XPNPEP3"
429.18520348404,-0.60975266775071,0.214342879180043,-2.84475355600002,0.00444457958983972,0.0638177012423253,"gene-SOX18|SOX18"
2531.9748279637,0.424257163968769,0.108389346473008,3.91419616202245,9.07058746269477e-05,0.0046684780613454,"gene-GTPBP1|GTPBP1"
6718.23367848086,-2.69115339954272,0.796486211971749,-3.37878215478534,0.000728076766558579,0.0191753118861022,"gene-LOC140680475|LOC140680475"
10802.085629946,0.378655717289317,0.13891316074332,2.7258448030636,0.00641371476619666,0.0795834199808969,"gene-KLHL24|KLHL24"
1339.31329762269,0.87312727982797,0.275989694255692,3.16362276563508,0.00155818619145902,0.0318991702528802,"gene-PTPN14|PTPN14"
2118.02356570289,0.34916934144125,0.126329779558635,2.76395116544303,0.00571060852001479,0.0736734022392376,"gene-UTP18|UTP18"
90.7089382597232,1.2363120118379,0.389783093916892,3.1717948549649,0.00151499985670352,0.0311459253241003,"gene-BCL2L11|BCL2L11"
40.8637520380074,1.5699073164633,0.531248242107004,2.95512943296872,0.00312537901385812,0.0506470787644836,"gene-LOC121469436|LOC121469436"
4201.87002509414,-0.926578581295409,0.280290741033978,-3.3057766299283,0.000947135595601808,0.0228077116983717,"gene-PTP4A3|PTP4A3"
2726.88714581898,-0.355130449209785,0.136028078892983,-2.61071428854904,0.0090353345157865,0.0979743951166553,"gene-FERMT2|FERMT2"
6723.48685820244,-0.28266158607931,0.0952404972775079,-2.96787179990989,0.00299869372561497,0.0496397578565278,"gene-PSMC1|PSMC1"
370.803430184704,-0.606883031126603,0.190109894812743,-3.19227482464487,0.00141156956733997,0.029946171793626,"gene-CDR2|CDR2"
103.174408835644,1.36297505346979,0.454748852246912,2.99720394396893,0.00272468365860165,0.0467449542696953,"gene-GPR179|GPR179"
23644.9973656486,0.990861924142272,0.33586818722067,2.95015116597292,0.00317618485671711,0.0509691192283332,"gene-FKBP5|FKBP5"
1780.26021048801,-0.39969658287709,0.141999391299408,-2.8147767340377,0.0048811132000988,0.0674538895403022,"gene-C35H6orf136|C35H6orf136"
5383.13215270035,0.505448928868069,0.1607249250847,3.14480736949608,0.00166196222552208,0.0332779477403509,"gene-SLC4A4|SLC4A4"
123049.487908672,-1.82900326545623,0.514405933417668,-3.55556409177572,0.000377168982857932,0.0118816358242121,"gene-LOC116808047|LOC116808047"
1181.84212759832,0.569211016204331,0.206967007096263,2.75025002385807,0.0059549808178922,0.075911515111995,"gene-CCDC152|CCDC152"
181.70154809691,-1.26771355006932,0.317647180076853,-3.99094854159448,6.58095595037175e-05,0.00381071118271025,"gene-PLEKHG5|PLEKHG5"
203.28181559869,-0.791114427346339,0.22094412488128,-3.5806085713817,0.000342794865457002,0.0110968247674921,"gene-LOC115496050|LOC115496050"
1415.69462998056,0.240651689118963,0.0889000299393709,2.70699221679774,0.0067895849153488,0.0825722588295379,"gene-NANP|NANP"
1099.66024225439,0.666588720529187,0.160178026481467,4.16154909116897,3.1609602685835e-05,0.0022429007886352,"gene-SLC7A6OS|SLC7A6OS"
8189.22236728504,-0.828988938169926,0.230288027468667,-3.59979173594996,0.000318472150231585,0.0105797895907615,"gene-MAPK6|MAPK6"
10311.6282081142,-0.499194943432938,0.159591515319518,-3.12795415491544,0.00176027635703651,0.0347232921873181,"gene-SH3BGRL|SH3BGRL"
3272.50949021434,1.35221974550082,0.431695328036029,3.1323474165279,0.00173414539369296,0.0343506689323721,"gene-LOC140682088|LOC140682088"
7476.58897682348,-0.473970039983295,0.158291786046791,-2.99428070034657,0.0027509273219765,0.0471207860579716,"gene-FURIN|FURIN"
3069.16213532517,2.44880386003827,0.596133635122626,4.10781025555544,3.99428029354983e-05,0.00269052511754921,"gene-ZPLD1|ZPLD1"
362.132270877854,0.527358409409481,0.195911638841329,2.6918176609027,0.00710637862448603,0.0847950500849897,"gene-BRCA1|BRCA1"
3168.8882841965,-0.388139420499419,0.103984860692068,-3.73265317581974,0.000189473402765581,0.00756702931208878,"gene-DENND2A|DENND2A"
87.0699698743489,4.11020961973887,1.2754314699604,3.22260326528284,0.00127031366824333,0.0278801424755448,"gene-GPM6A|GPM6A"
31.4112834836033,2.51329887346468,0.728422709296851,3.45033020166378,0.00055990125963832,0.0158606137832041,"gene-LOC116808080|LOC116808080"
2150.3611974755,-0.332541473536511,0.116820010107494,-2.84661397675378,0.00441869081231251,0.063633501087263,"gene-CACTIN|CACTIN"
8487.89159690178,-1.1637381585982,0.410889261087245,-2.83224281773357,0.00462227329443794,0.0654053908468532,"gene-ACSBG2|ACSBG2"
2411.98833696586,0.344994313987537,0.118915245729767,2.90117816155829,0.00371762444824545,0.0566637294682,"gene-STK11|STK11"
1493.60190304638,-1.15429115502987,0.387951806233892,-2.97534677370198,0.00292657513232118,0.0488090072957103,"gene-LOC115496274|LOC115496274"
109.644839738723,4.11137216940072,1.22604152626709,3.35337105743764,0.000798336016228538,0.020436563133472,"gene-LOC105760019|LOC105760019"
3674.16375026621,0.37662359981633,0.112643118905809,3.34351182277952,0.000827251689977248,0.0209562247898304,"gene-MYO1E|MYO1E"
516.413035864573,1.1171743619138,0.30722102421391,3.63638642496011,0.000276489466071243,0.00962249172753182,"gene-LOC140684542|LOC140684542"
6166.20793730828,-0.432955502533623,0.131026041788557,-3.30434695747205,0.000951979365915169,0.0228806092508046,"gene-CYB5B|CYB5B"
957.052155121818,1.25671594120757,0.479171119261479,2.62268715849252,0.00872393373583459,0.0956996338214546,"gene-LOC116808070|LOC116808070"
21293.376335636,-1.18348328745005,0.254864183315672,-4.64358417119836,3.42416397607453e-06,0.000413644668084971,"gene-FADS1|FADS1"
1192.47138579846,-0.316551975227996,0.108765607742992,-2.91040506090853,0.00360960611690053,0.0555385395902474,"gene-PPM1D|PPM1D"
2599.50064284831,0.745022309315794,0.199155182788164,3.74091348708838,0.000183352630845705,0.00738310028945364,"gene-PDCD2|PDCD2"
160.763282145232,0.69855511062117,0.226849722869285,3.07937387705644,0.00207436179936321,0.038235745802386,"gene-ARL2BP|ARL2BP"
679.368571480939,1.0567982937717,0.210596392113618,5.01812155073173,5.21791608814027e-07,0.000108696481359352,"gene-FOSL2|FOSL2"
511.557184816959,0.553853558777324,0.190015363143612,2.91478304498318,0.00355935884748864,0.054880958094664,"gene-LOC115496885|LOC115496885"
1674.88626003435,-0.553761814912178,0.15983635430196,-3.46455484004611,0.000531109839229409,0.0152519302947275,"gene-CTPS1|CTPS1"
329.524620104367,1.62804526338215,0.555951379559522,2.92839504179672,0.00340716844941174,0.0534936425618168,"gene-LOC121470562|LOC121470562"
741.676395289463,2.3875041619596,0.87080985134352,2.74170550353337,0.00611211137955691,0.0770843244477855,"gene-LOC140682247|LOC140682247"
1251.65530087829,0.857473603533467,0.15559587168263,5.51090201983291,3.56999419960403e-08,1.33801551834903e-05,"gene-TRMT10A|TRMT10A"
5488.55022901232,-0.508889297268925,0.0815401344001067,-6.24096711408239,4.34873678940062e-10,3.39613189249366e-07,"gene-VDAC3|VDAC3"
2019.69990540355,-0.455340903609258,0.149114368255378,-3.05363533331293,0.00226086720927644,0.0405983980319333,"gene-ZBED4|ZBED4"
8938.53174121698,1.02663527161385,0.275543172939075,3.72585994660389,0.000194650465769144,0.00766901848557297,"gene-PPP1R3C|PPP1R3C"
1321.3882742232,-0.50894152711129,0.159198253927524,-3.19690395186739,0.00138911172649789,0.0296518987195262,"gene-RAB19|RAB19"
67.5702531682065,1.67442953916001,0.445218249597009,3.7609184724023,0.00016929060434417,0.00704991670569438,"gene-LRRC31|LRRC31"
6774.41826615074,-0.409405974320818,0.152439214316838,-2.68569984538156,0.0072378076421846,0.085733415158681,"gene-CTNNA1|CTNNA1"
774.846153579849,1.13575046285232,0.350398335077087,3.24131238409697,0.00118980724027984,0.0267048004795476,"gene-MATCAP1|MATCAP1"
2295.96038895915,0.5158673014703,0.137705420788444,3.74616553594375,0.000179558129117536,0.0072502794842846,"gene-HSBP1L1|HSBP1L1"
4815.19169781653,-0.366992361846537,0.118438004722879,-3.09860304304539,0.00194435342621548,0.0369098883519373,"gene-NAA15|NAA15"
11275.26949931,0.682466779330371,0.167688125555366,4.0698575231258,4.70418976809581e-05,0.00301666930772429,"gene-LPGAT1|LPGAT1"
977.429522465758,-0.455901237042099,0.139364644945917,-3.27128331018975,0.00107060598767233,0.0249586088067088,"gene-RSPRY1|RSPRY1"
32313.3782418036,-0.440461580478732,0.168772559260265,-2.60979381013885,0.00905968104489177,0.0980928576542097,"gene-CD164|CD164"
4505.68155050175,0.52864481696773,0.165255288796401,3.19895853753302,0.00137925003573029,0.0295209779126616,"gene-MAP3K13|MAP3K13"
1546.43730463833,0.340475718539659,0.124896437769178,2.72606428670844,0.00640945134349571,0.0795834199808969,"gene-HPS3|HPS3"
110.11294162209,1.05150414628843,0.347427256756915,3.02654476825962,0.00247366187651718,0.0434585524628025,"gene-STXBP5L|STXBP5L"
722.968764849803,1.14885196253941,0.31572034833794,3.63882774292933,0.000273881912741239,0.00957734908741315,"gene-LOC140681163|LOC140681163"
80.4511112120987,-2.16831835703517,0.587408527446347,-3.69132938274074,0.000223085019266012,0.00827622773251599,"gene-IL18|IL18"
17771.3022280532,1.02859005017533,0.21991464427787,4.6772239909393,2.90784575361459e-06,0.000369599838092038,"gene-HERPUD1|HERPUD1"
2182.88131777392,-0.798176968701659,0.293383339164176,-2.72059405614374,0.00651647306352974,0.0804487219337958,"gene-LOC100224950|LOC100224950"
11630.8028783936,1.22698412271146,0.211876897626476,5.79102363899317,6.99587288648096e-09,3.93302592237278e-06,"gene-KCNT2|KCNT2"
775.018336307743,-0.613675672968883,0.212115870848709,-2.89311530774888,0.0038144123414772,0.0578974716462848,"gene-MAFF|MAFF"
3755.68488333231,-0.371681373676221,0.141881614734324,-2.6196584692964,0.00880178675094907,0.0964435659210064,"gene-AKAP1|AKAP1"
5712.58867340511,-0.545928345892916,0.133889478136516,-4.07745517789142,4.55313035779444e-05,0.00298369054301065,"gene-IDH3A|IDH3A"
7209.0476259691,-0.826579459660726,0.164984231935967,-5.01005126345366,5.44155385721889e-07,0.000110471101015234,"gene-BAMBI|BAMBI"
259.92150140698,1.54444642162444,0.353402600146931,4.37021804871361,1.24122529154607e-05,0.00115560446411012,"gene-LOC115497946|LOC115497946"
760.963593657021,-0.450879044189731,0.105947157200744,-4.25569742598592,2.08398379830258e-05,0.0016465724962048,"gene-DOLPP1|DOLPP1"
389.533850205948,-1.4221117448436,0.321594753032752,-4.42206140315594,9.77636623206833e-06,0.000965548278473937,"gene-LOC115495280|LOC115495280"
5607.97565696918,0.829684593331902,0.198381458118704,4.18226885314782,2.88614387098984e-05,0.00210933824811292,"gene-SMURF1|SMURF1"
1248.93759768127,-0.766540424636427,0.210958854951234,-3.63360156089975,0.000279492359407965,0.00970389505336394,"gene-MRAS|MRAS"
233.829713129825,-1.0650541888175,0.253721517927873,-4.19772905946537,2.6960490986229e-05,0.00199031058962479,"gene-SEMA3F|SEMA3F"
1694.52950463152,-0.429566068045909,0.128738850178787,-3.33672444215048,0.000847719511077462,0.0211811548346158,"gene-DOHH|DOHH"
6909.13691206013,-0.485324995872337,0.184232037848263,-2.63431377919219,0.00843075360315639,0.0938555410642323,"gene-DLST|DLST"
29839.8447697394,-0.539328488744127,0.198908840015905,-2.71143549326918,0.00669925747142036,0.0819439719328464,"gene-ACSS2|ACSS2"
753.83908974011,0.335466986016879,0.121475700111113,2.76159746937066,0.00575193450102386,0.0738156510987408,"gene-ALKBH8|ALKBH8"
2248.2576015678,0.615577503305511,0.155247878556203,3.96512666730359,7.33569820722786e-05,0.00409259162958204,"gene-SETD1B|SETD1B"
388.78654720367,-0.473697247377566,0.154298987932271,-3.06999581608075,0.00214061769650241,0.0391117610872196,"gene-LPAR4|LPAR4"
2658.12576157522,-0.417325212573852,0.145938008613839,-2.85960605148533,0.00424167566579634,0.0623748221397837,"gene-TRIOBP|TRIOBP"
780.290044607631,0.803689906171826,0.199168992719506,4.03521600023192,5.45520885348256e-05,0.00336278754801333,"gene-LOC140685002|LOC140685002"
9514.43173850512,-0.565794126280804,0.196033926695259,-2.88620513713603,0.00389917921107156,0.0589214956729645,"gene-TLCD4|TLCD4"
4011.85183075598,0.993702943422674,0.13850726482236,7.17437417233766,7.26386944269376e-13,2.12351959287709e-09,"gene-EIF2AK3|EIF2AK3"
115.447477843886,-1.3157065667072,0.474878293506419,-2.77061846097923,0.00559499441665981,0.0731437109632609,"gene-LOC115491348|LOC115491348"
4543.983090296,-0.323450981470485,0.0933919120003192,-3.46337251848296,0.000533449304329122,0.0152591555408587,"gene-UBE2K|UBE2K"
3339.34889266116,-0.422436040939525,0.141698507973505,-2.98123139742947,0.0028709177266644,0.0481793391626332,"gene-GLRX2|GLRX2"
2802.76331719093,-0.391441276661775,0.138818186024016,-2.81981264755941,0.00480516955804266,0.0667653644771004,"gene-MRPL23|MRPL23"
333.620106875707,1.21494612693263,0.454320679405519,2.67420388726832,0.007490689514125,0.0875231084156396,"gene-LOC115495650|LOC115495650"
14938.1081737319,-1.47539936078786,0.338420434302977,-4.3596639305385,1.30262340491476e-05,0.00119751234651818,"gene-ETNPPL|ETNPPL"
101.272969808827,1.69773052922689,0.627171491255582,2.70696380957635,0.00679016591045389,0.0825722588295379,"gene-LOC121470428|LOC121470428"
2023.95709435024,-0.735804087795147,0.185649945120912,-3.9633951268659,7.38913316433706e-05,0.00410672849669638,"gene-IFNAR1|IFNAR1"
28.6298750966237,1.95131773222986,0.527347865778456,3.70024770907034,0.000215389119514016,0.00811428546375352,"gene-LOC116808104|LOC116808104"
3154.07155985827,0.32802874748497,0.0896042343741289,3.66086212081603,0.00025136801001599,0.00902763194693789,"gene-ZDHHC7|ZDHHC7"
3437.07714461131,-0.264222561020569,0.0835852040508221,-3.16111642031662,0.00157165667927164,0.0320850638001587,"gene-TNPO3|TNPO3"
770.515376506621,-0.424360209130093,0.0995278167730092,-4.26373473154667,2.01038095759628e-05,0.00162901374222144,"gene-EXD3|EXD3"
11952.938855575,-0.902572541528636,0.176912760193187,-5.10179446944944,3.36448021225466e-07,7.8286659674636e-05,"gene-TUBB|TUBB"
557.790549909684,0.647366650141675,0.188024835408116,3.44298479898433,0.00057533165137355,0.0162035120387807,"gene-PTCH1|PTCH1"
3472.79119280182,0.386216783602119,0.128254977044754,3.01132004777756,0.00260114529447825,0.0450485080206027,"gene-DELE1|DELE1"
427.845390050217,1.9375514377073,0.39170620903635,4.94644045207743,7.55828345807185e-07,0.000142655999005015,"gene-LOC100222926|LOC100222926"
535.680053272331,-0.732481488148572,0.191974003138899,-3.81552437398828,0.000135894040522741,0.00616882978360529,"gene-NXN|NXN"
863.364288342811,0.579878608859037,0.14805245596459,3.91671050021439,8.97654371098469e-05,0.00463640068634145,"gene-TMEM192|TMEM192"
694.391891267875,0.786129585465943,0.190249142359987,4.13210580460036,3.59454881059891e-05,0.00246673802650349,"gene-TBCCD1|TBCCD1"
4447.67572031953,-0.53312516704735,0.115796243830627,-4.60399361336057,4.14465178302175e-06,0.000477026575688417,"gene-GCLC|GCLC"
2263.40883539246,0.242713754315233,0.0931703815109351,2.60505270429473,0.00918601284058873,0.0988520876092577,"gene-PPP2R2A|PPP2R2A"
56.1718368402346,1.83928428211822,0.638080687500022,2.88252617286455,0.00394500361118927,0.0594475441079934,"gene-PCSK2|PCSK2"
9505.18149285331,0.70253699930836,0.174181465539156,4.03336254597325,5.49843486334532e-05,0.00336278754801333,"gene-LOC100227703|LOC100227703"
5453.62615838013,-0.169536447225543,0.0560745026659703,-3.02341419299701,0.00249939897838166,0.0438054135095979,"gene-DHX38|DHX38"
1567.99742910653,0.549602462024773,0.187520727471664,2.93088913121789,0.00337993384964129,0.0533429640439587,"gene-RFT1|RFT1"
1421.74303831323,0.513979123252957,0.143555909986753,3.58034109010479,0.000343145980358928,0.0110968247674921,"gene-REV1|REV1"
42.427973405104,-1.30534778209863,0.443964960357167,-2.94020451760087,0.00327995672842287,0.0523396588420929,"gene-TCHH|TCHH"
2888.51423271529,-0.296537697372203,0.108487312557561,-2.73338596358784,0.00626868264735789,0.0782453235349115,"gene-PTP4A2|PTP4A2"
3244.37357342427,0.455592127912745,0.139310396576674,3.2703383172267,0.00107418928995167,0.0249947688314076,"gene-TXNDC11|TXNDC11"
19528.7132247172,0.884352515513256,0.213493211048579,4.14229806732369,3.43843070371096e-05,0.00238196879602574,"gene-ARRDC3|ARRDC3"
2094.00329909804,-0.288903932776628,0.0928571182767677,-3.11127394580056,0.00186282037746159,0.0358332570288241,"gene-GUCD1|GUCD1"
1163.88815351448,-0.823463908116325,0.197154381157061,-4.17674668594009,2.95708020936792e-05,0.00211996062105114,"gene-WEE1|WEE1"
7068.60379022467,-0.738564301069793,0.225437714027359,-3.27613462661425,0.00105238382930462,0.024612311092713,"gene-CHCHD3|CHCHD3"
8006.66968287378,-1.04539959489009,0.29032695187676,-3.60076661202936,0.000317280291055759,0.0105763784550455,"gene-NOCT|NOCT"
865.007162004315,-0.769955231302356,0.258897679949762,-2.97397501380377,0.00293969011559519,0.0489401485417481,"gene-KLF10|KLF10"
101.087360820491,-1.05841646234677,0.24821844965931,-4.26405234501901,2.00752382080816e-05,0.00162901374222144,"gene-REM1|REM1"
414581.876068664,0.835394384664731,0.222481414180336,3.75489515716396,0.00017341405256355,0.0071440092499824,"gene-FGA|FGA"
214.431757803928,-0.529468593055395,0.173644752601135,-3.04914824735068,0.00229491204842852,0.0409701307274812,"gene-CCDC102A|CCDC102A"
210.039033055252,1.11770851611583,0.400067707236676,2.79379838936764,0.00520929447458986,0.0701790390185069,"gene-LOC140682199|LOC140682199"
156.192173426054,-1.50846259449354,0.329932741091952,-4.57203061903193,4.83020334573649e-06,0.000551586580504923,"gene-SPSB4|SPSB4"
4145.86875514073,-0.400294281895418,0.105560421913455,-3.79208679388951,0.000149386681732201,0.0065969339180652,"gene-H2AZ1|H2AZ1"
1362.66997343547,-0.907790404896604,0.164419802077958,-5.52117441709475,3.36741308427683e-08,1.29530202770722e-05,"gene-THBD|THBD"
1456.05871170073,0.437060059507194,0.158922257323263,2.7501500851336,0.00595679741625903,0.075911515111995,"gene-UBALD1|UBALD1"
2142.79216969658,-0.518123358479493,0.177326190230596,-2.9218659567756,0.00347941249743089,0.0543941951603715,"gene-ENTPD8|ENTPD8"
786.489272934373,-0.922884031790097,0.282946437081459,-3.2616916519942,0.00110749539865596,0.0255633922591604,"gene-LOC115490557|LOC115490557"
1429.29753746752,-0.367928976947178,0.140613268020161,-2.61660213241345,0.00888097913796897,0.0970203827053008,"gene-IGSF5|IGSF5"
89875.1183074471,1.20075004568876,0.220991681159275,5.43346265067481,5.52708567035886e-08,1.87882351729385e-05,"gene-HSPA5|HSPA5"
1141.9770703266,-0.7503610992779,0.215044996006703,-3.48932136628052,0.000484248593470563,0.0142133768890747,"gene-IL34|IL34"
4215.83221397997,-0.464089386589107,0.142853265968516,-3.24871387043675,0.00115928024393592,0.026200205757106,"gene-EIF3K|EIF3K"
2850.16653458213,-0.444527833684641,0.160771282773455,-2.7649703729181,0.00569279660027078,0.0735734817914748,"gene-ABHD12|ABHD12"
4289.50914556716,-0.620041999790875,0.207865535193245,-2.98289949420641,0.00285531741329493,0.0480884758904781,"gene-ENPP2|ENPP2"
1310.59308406366,0.39285104872253,0.0985281408051963,3.98719640411414,6.68586763901092e-05,0.00384753257005601,"gene-PPP3CB|PPP3CB"
1064.60413859801,0.835379642444326,0.132938295578008,6.2839653450659,3.30044308238913e-10,3.01516103345512e-07,"gene-F2RL1|F2RL1"
2730.09949221817,-0.479825614393922,0.176915629484817,-2.71217198724154,0.00668439008356212,0.0819439719328464,"gene-FKBP3|FKBP3"
1276.69073167064,-0.923985593567442,0.20461742321178,-4.51567407635231,6.31156746306851e-06,0.000688478967221436,"gene-F8|F8"
1024.64111594781,-0.405138216603295,0.106057535325905,-3.81998521235049,0.000133459675203203,0.00609042012566289,"gene-SF3B4|SF3B4"
2862.02095961883,-0.83389383682865,0.267986624194091,-3.11169947133144,0.00186013758318374,0.0358332570288241,"gene-MAPK8IP1|MAPK8IP1"
2703.40576289877,-0.703635489758471,0.227856637148931,-3.08806229461976,0.00201466234393274,0.0377351571666583,"gene-NT5DC3|NT5DC3"
3106.70591709464,-0.690743645270254,0.214401127317233,-3.22173513690631,0.00127416863107235,0.0278810222760248,"gene-PHKG1|PHKG1"
4960.28779931026,-1.45170093755138,0.265350604061974,-5.47087858602472,4.47810014122172e-08,1.56496854588347e-05,"gene-SREBF1|SREBF1"
4728.02372023921,-0.665168055870145,0.140863306566042,-4.72208179749274,2.33442752955035e-06,0.000310202974540341,"gene-CHD2|CHD2"
244.189257851534,-0.518368374198184,0.195814410966589,-2.64724323219822,0.00811509607167584,0.0917212137395704,"gene-RASIP1|RASIP1"
119.269698691372,-1.93500106919573,0.583747925558768,-3.31478877178626,0.000917123976546618,0.0223992407823438,"gene-USP2|USP2"
1756.67518522295,0.297227180737394,0.0849486695877901,3.49890330454469,0.000467175970321421,0.0137953760771479,"gene-ZRSR2|ZRSR2"
270.855158372383,-0.744027375695701,0.241181436351853,-3.08492803986067,0.00203601407116191,0.0378631268170147,"gene-HCN2|HCN2"
2471.8532925785,-0.585730485815563,0.153291558293326,-3.82102245118259,0.000132899551720708,0.00609042012566289,"gene-TECPR2|TECPR2"
1579.31707110832,-0.454827528245362,0.106374946958107,-4.27570157496281,1.90536312766101e-05,0.00159388241570656,"gene-EMC8|EMC8"
212.130209976862,0.853869414139361,0.272600101429382,3.13231510062574,0.00173433629828902,0.0343506689323721,"gene-LOC140684544|LOC140684544"
1956.78490701343,-0.393710077636195,0.105624253631347,-3.72745902669602,0.000193419993128529,0.00765302145100484,"gene-MAP4K5|MAP4K5"
306.741276832593,1.15699804922495,0.203293147517009,5.69127913732627,1.26091178689583e-08,6.14358252968547e-06,"gene-KCNN2|KCNN2"
424.892307927376,-0.675879297595796,0.181343472643062,-3.72706713809395,0.000193720868637326,0.00765302145100484,"gene-CD93|CD93"
7018.1516504934,1.86946586200213,0.526060458166084,3.55370914689034,0.000379839039885874,0.0119400155828211,"gene-TENT5A|TENT5A"
3710.61707594168,-0.424248791163589,0.132923764517751,-3.19166999748141,0.00141452843778147,0.0299654524276113,"gene-SEPTIN8|SEPTIN8"
2091.58594275695,-0.340599079806459,0.110937647807925,-3.07018479782594,0.00213926360352942,0.0391117610872196,"gene-CSNK1G2|CSNK1G2"
365.864115232233,-1.08810543138662,0.22492399385114,-4.83765832517962,1.31377726876126e-06,0.000215769464466105,"gene-CISD3|CISD3"
3184.8855742104,-0.276245643203587,0.0973055246573373,-2.83895127410689,0.00452620679051479,0.064632978218827,"gene-CCNC|CCNC"
1150.75759833514,-1.48455794344377,0.352204561011525,-4.21504462968949,2.49728799502222e-05,0.00189133982503833,"gene-LOC121468025|LOC121468025"
168.311682440873,1.11153950186914,0.282521375441209,3.93435540986329,8.34202683674356e-05,0.00440200022645056,"gene-LOC121468225|LOC121468225"
1353.63429070921,1.07465509727672,0.37506800069825,2.86522735950834,0.00416709934206628,0.0615257485686695,"gene-PLAU|PLAU"
518.321055600068,-0.454568715985989,0.12438959878645,-3.65439490456421,0.000257789229757687,0.0091458863382721,"gene-FMNL3|FMNL3"
1361.26270253887,-0.332939556843261,0.124577286125446,-2.67255426087866,0.00752761993473698,0.0876428294774833,"gene-ARIH2|ARIH2"
29.2281743393931,-1.77035720169656,0.49913470408994,-3.54685255741615,0.000389862714437761,0.0121505827226797,"gene-LHX6|LHX6"
564.105562084102,1.34796793048035,0.39084108377536,3.4488900641139,0.000562895823095,0.0159146000893223,"gene-LOC140681874|LOC140681874"
3117.27531277228,-0.418301589173178,0.15143217856973,-2.76230318499026,0.00573951539206801,0.0737649282963578,"gene-STX5|STX5"
1133.24956213822,-0.665304708836541,0.220556498324145,-3.01648200752064,0.00255726394005778,0.0444349689030515,"gene-ABCB9|ABCB9"
512.09954674794,-1.43168759044264,0.451773689296183,-3.16903711828165,0.00152944861285649,0.0313547691081674,"gene-TNFSF15|TNFSF15"
7289.62134277064,-0.345918777132247,0.12641815684523,-2.73630612694144,0.00621331949012731,0.077890301018174,"gene-HACD3|HACD3"
1021.74148458563,0.423403791317395,0.154646348352084,2.73788418432894,0.00618358480411952,0.0776072646956634,"gene-DBF4|DBF4"
101.055363702221,0.758630166527803,0.258183672168919,2.93833517880814,0.00329980061938978,0.0525501321645811,"gene-SYCE3|SYCE3"
124.17394695902,0.966753549236652,0.317185133353898,3.04791570466829,0.00230434557597756,0.0409701307274812,"gene-LOC121468223|LOC121468223"
918.842248174141,0.697408228389639,0.178860822663993,3.89916706186568,9.65241615298323e-05,0.00486515058303986,"gene-LOC105758733|LOC105758733"
1214.55261862099,2.05893371829279,0.434756037685917,4.73583697480525,2.18152900522977e-06,0.000307824791431189,"gene-DIO3|DIO3"
1472.87886169155,-0.389060111854127,0.140550063748745,-2.76812476264423,0.00563798680032385,0.0732657758180632,"gene-LOC100223574|LOC100223574"
2712.14871936312,-0.534319381358115,0.172140217261721,-3.10397761695478,0.00190937775395554,0.0364352149211073,"gene-N4BP2L1|N4BP2L1"
7623.13673536873,2.26282453230227,0.450417051653379,5.02384295620238,5.06476569330801e-07,0.000107782402637718,"gene-CNTRL|CNTRL"
800.277110742147,-0.903062039028662,0.187186319528923,-4.82440191837376,1.40423997833897e-06,0.000228064175148674,"gene-MPP7|MPP7"
4312.82192637269,-0.570307416487507,0.179398793143145,-3.1789924920646,0.00147787919129829,0.0306653576648667,"gene-ACTN1|ACTN1"
6671.84140010387,-0.438272893746183,0.127343078920675,-3.4416703087507,0.000578134409980212,0.0162511359051553,"gene-ARRB1|ARRB1"
12354.537525702,0.352027000837321,0.119554107448104,2.94449942667282,0.00323477545788434,0.0517882944883849,"gene-SQSTM1|SQSTM1"
632.154242234361,0.990168506448049,0.343703774407893,2.88087760500692,0.00396569605936054,0.0596396181863028,"gene-ELAVL3|ELAVL3"
9442.85721578844,-1.57944248048281,0.442165086307776,-3.57206511638373,0.000354177315111866,0.0113427377335675,"gene-LOC100221315|LOC100221315"
9210.99480926689,0.442263266927951,0.133779803726569,3.30590458804894,0.000946703184874156,0.0228077116983717,"gene-H3-3B|H3-3B"
59.2180657606947,1.51717440796422,0.476009467634166,3.18727779828579,0.00143618761997189,0.0303363503484525,"gene-KBTBD13|KBTBD13"
3578.36197654658,0.637166669369824,0.147807858896561,4.31077666726589,1.62682146255858e-05,0.00144995422672066,"gene-ELL|ELL"
633.683684678982,-0.784786357420862,0.179707120978067,-4.36702982691845,1.25947533657175e-05,0.00116517411358666,"gene-GPATCH4|GPATCH4"
188.902839138032,-2.10434999822482,0.647559575633413,-3.24966239000704,0.0011554208904649,0.026200205757106,"gene-TNIP3|TNIP3"
2297.43067186225,-0.438002954433019,0.0814986603415236,-5.3743577206981,7.68561424393219e-08,2.44218746529471e-05,"gene-ZBTB17|ZBTB17"
5987.58839533755,-0.505780644296802,0.194166645906534,-2.60487913325891,0.009190667514605,0.0988520876092577,"gene-TSPAN9|TSPAN9"
810.530665858062,0.683349726657981,0.226322951366083,3.01935673131376,0.00253312069445802,0.0442902215202067,"gene-LOC115493072|LOC115493072"
880.483188528823,1.39411879576772,0.350944783045234,3.97247334372835,7.11301980939267e-05,0.00402117241329087,"gene-GCHFR|GCHFR"
1804.0931964725,-0.397586188943118,0.148033065131452,-2.68579312729939,0.00723578739911125,0.085733415158681,"gene-DNAJC5|DNAJC5"
2979.2180534868,-0.487098723519449,0.106849003760148,-4.55875774577062,5.14570855131591e-06,0.000574158945760189,"gene-NEMF|NEMF"
4827.70986502095,-0.603805979786683,0.160911742512938,-3.75240470556793,0.000175146417453508,0.007165803674948,"gene-ITSN1|ITSN1"
20676.7335093182,0.999319501991356,0.243578538207105,4.10265826105614,4.08430295281978e-05,0.00272603909869255,"gene-YPEL1|YPEL1"
2802.91940691061,-0.490832480247406,0.142740948417616,-3.43862420481739,0.000584678254999222,0.0163721112132637,"gene-PTPA|PTPA"
2440.98312871284,-0.530370354736383,0.180505706237338,-2.93824702715506,0.0033007390841324,0.0525501321645811,"gene-BMAL1|BMAL1"
2899.8791245366,-0.531901005867636,0.1452375954895,-3.6622818222441,0.000249978630988458,0.00899984642649825,"gene-LRRC28|LRRC28"
13153.9547247862,0.42974717607077,0.159196873472437,2.69946994998728,0.006945002747639,0.0838724089847716,"gene-PROX1|PROX1"
463.018970039829,-0.533507719200737,0.180307357993532,-2.95887935543858,0.00308759953246481,0.0503319592787198,"gene-LOC100232364|LOC100232364"
1684.4751984273,-0.520104418596855,0.12983395204006,-4.00591994947807,6.17765699474578e-05,0.00365582236000806,"gene-LOC105758954|LOC105758954"
20593.2381471148,-0.466506181928961,0.148637063272308,-3.13855892775752,0.00169780793800378,0.0337185579209257,"gene-FDX1|FDX1"
533.713289108193,-0.959429473446536,0.349584417435004,-2.7444858111415,0.00606057743505142,0.0767655635772501,"gene-NET1|NET1"
6060.83094616955,-0.497007925055446,0.112299219329149,-4.42574692882516,9.61091460850255e-06,0.000955664890016883,"gene-OIT3|OIT3"
636.224470081046,0.944444541096235,0.291752792192589,3.23713968253232,0.00120734299369078,0.0269431031126384,"gene-LOC105759305|LOC105759305"
310.372823860689,-0.808774198435556,0.261461196896837,-3.09328576490326,0.00197953419910211,0.0373352921139039,"gene-ELAPOR2|ELAPOR2"
44.2610551420252,1.37974940088707,0.411569468962412,3.352409507842,0.000801114258811586,0.0204718306312045,"gene-LOC140683720|LOC140683720"
33.3014858272521,1.32212630476619,0.499472187807693,2.64704689678383,0.00811980916597141,0.0917212137395704,"gene-EEF1A2|EEF1A2"
266.807773388267,-0.897795541622262,0.289560732039501,-3.10054314098014,0.00193166072585425,0.0367166252663349,"gene-RBBP8|RBBP8"
2667.66139018065,0.827659625238527,0.283870536462456,2.91562356401152,0.0035497851134915,0.054880958094664,"gene-NAV2|NAV2"
6192.83060625953,-0.389762294727234,0.148097772334446,-2.6317903948416,0.00849362459326158,0.0942682693088114,"gene-NHERF1|NHERF1"
3824.50488125605,1.24679458773659,0.39488040177718,3.15739799221568,0.00159183920320522,0.0322366716773396,"gene-NFKBIZ|NFKBIZ"
96.260625457209,1.43141905385596,0.506533267159006,2.82591321569926,0.00471460353948286,0.0659457989824125,"gene-LOC140684342|LOC140684342"
90.7971546434143,0.947723276160287,0.363825373463706,2.60488505003851,0.0091905088090095,0.0988520876092577,"gene-SERINC4|SERINC4"
353.680573167971,0.927600193084801,0.21864366229079,4.24252037935184,2.21023463405337e-05,0.0017184574279765,"gene-ACCS|ACCS"
131.117944921874,1.80671799140749,0.54175979440363,3.33490600459993,0.000853282365507048,0.021211612817375,"gene-POPDC3|POPDC3"
80.7381169238943,-1.2682261998791,0.387893254706213,-3.26952372719047,0.00107728701948326,0.0249947688314076,"gene-UNG|UNG"
544.108169794702,-0.75639316929762,0.197174176089078,-3.8361675159525,0.000124969184026374,0.00589249859004357,"gene-MTSS2|MTSS2"
77.5315115507043,1.09782582719963,0.29753653827916,3.68971768492382,0.00022450305337677,0.00828677053335415,"gene-DZIP1|DZIP1"
1252.0800111484,-1.0287088088247,0.272058121131604,-3.78120970822655,0.000156068135106886,0.00670955273781575,"gene-RWDD2A|RWDD2A"
3992.92421014504,-0.266342886237738,0.100570236625508,-2.64832713111251,0.00808912078216559,0.0915868926978423,"gene-WBP11|WBP11"
343.892339379594,0.866521484660827,0.249721507720646,3.46995135729427,0.000520552628933136,0.0150373869112958,"gene-BACH2|BACH2"
2122.39219318969,0.599958347600957,0.147175836429959,4.0764731640338,4.57239297827451e-05,0.00298369054301065,"gene-INVS|INVS"
1676.29463845417,0.323036260877126,0.123367094937367,2.61849613173699,0.00883182929217414,0.0966964241814503,"gene-ALG2|ALG2"
650.961578869364,-0.558479579026847,0.154466426927924,-3.61554021889457,0.00029972193513872,0.0102122040231298,"gene-CLTCL1|CLTCL1"
23616.0552269455,0.480756340885818,0.163898548744625,2.93325563019413,0.00335427590865047,0.0531772786949501,"gene-SERPINA10|SERPINA10"
2224.62729712574,0.639414723851982,0.125897640676351,5.07884596102754,3.79734432485053e-07,8.67277843692816e-05,"gene-CDC23|CDC23"
340.914087900929,-0.99668926188424,0.355962439290832,-2.79998435753474,0.00511050830063181,0.0693596098703205,"gene-SGCG|SGCG"
452.823316132099,-0.569308486399864,0.14025751685844,-4.0590229967814,4.92784609632069e-05,0.00309143031716393,"gene-CYTH2|CYTH2"
2064.79315836597,-0.329073250886081,0.102135741799128,-3.22192060379095,0.00127334415108163,0.0278810222760248,"gene-MFF|MFF"
3842.87311157105,-0.949266340985798,0.267368961469021,-3.5503984298334,0.000384648529521407,0.0120652522661253,"gene-AQP11|AQP11"
343.687058246803,0.693413666211985,0.23485075790624,2.95257154966823,0.00315139027982399,0.0508431255189705,"gene-INTU|INTU"
2359.48880985282,-1.42686535656144,0.284470937958916,-5.01585633597312,5.27977709277828e-07,0.000108696481359352,"gene-EEPD1|EEPD1"
14969.8205904914,-0.320785791440402,0.119653557892867,-2.6809548925208,0.00734124108650799,0.0868178972180318,"gene-GDI2|GDI2"
5073.29211403891,-0.291082689179001,0.0989908213235044,-2.94050180902869,0.00327681088130047,0.0523396588420929,"gene-LUC7L2|LUC7L2"
791.635139881807,0.320314802363277,0.111584111548133,2.87061301039357,0.00409676728224885,0.0608223496150203,"gene-PFDN4|PFDN4"
1729.66843125292,-0.312302262669132,0.109670542249838,-2.84764036232886,0.00440446666324363,0.0635538886640002,"gene-LAMTOR1|LAMTOR1"
57.5737618868302,-1.01341064031011,0.330803439395055,-3.06348278047939,0.0021877679537835,0.0397006837840824,"gene-LOC121469779|LOC121469779"
2762.80447088583,-0.573153225915114,0.134059518867468,-4.27536388879432,1.90825355920263e-05,0.00159388241570656,"gene-BRPF3|BRPF3"
1706.71904515167,0.342443612008741,0.107594164004566,3.18273407463074,0.00145891538370372,0.0305512878470792,"gene-FRG1|FRG1"
1133.55395634423,-0.639196344513793,0.213783564846207,-2.98992275188985,0.00279048007335547,0.0474909339778618,"gene-TC2N|TC2N"
1622.3132451845,0.877029377095742,0.273691659492048,3.2044431997798,0.00135323988669507,0.029145005270914,"gene-LOC115493851|LOC115493851"
8316.87663879106,-0.453554559688067,0.120233216483925,-3.7722899956578,0.000161756096453447,0.00687322343563964,"gene-SYAP1|SYAP1"
47245.2337392455,-0.683601335139611,0.197710655758758,-3.45758468361829,0.000545040913030513,0.0155299474186491,"gene-LOC100190249|LOC100190249"
3895.16913102678,-0.661496966239902,0.154160068936884,-4.29097476928821,1.7789052779216e-05,0.00152954461455177,"gene-UAP1L1|UAP1L1"
40007.2518107905,-0.424241447957628,0.145855946598846,-2.90863319494568,0.0036301250357772,0.0557369092940708,"gene-PRDX1|PRDX1"
2256.61974602294,0.436005258302586,0.16225989102103,2.68707969393419,0.0072079752982774,0.085733415158681,"gene-IGDCC4|IGDCC4"
181.588326913311,1.22186819894877,0.358943261692076,3.40407058538675,0.000663895952302712,0.0178385425272219,"gene-LOC140685087|LOC140685087"
443.46829789694,-0.592654691709049,0.219683027040104,-2.69777187475142,0.00698052582892341,0.084054869504581,"gene-ETV5|ETV5"
2809.19761328574,0.479669606885339,0.17793981755654,2.69568449306139,0.0070244166019707,0.0843680340764221,"gene-JMJD6|JMJD6"
3264.20832929438,0.290058528940396,0.101764668635615,2.85028716576477,0.00436797727809217,0.0632354625489766,"gene-SLU7|SLU7"
3401.3189394869,1.04513155665955,0.191061106386171,5.47014291096556,4.49672839345322e-08,1.56496854588347e-05,"gene-HDAC4|HDAC4"
1778.35673604647,1.34391499703314,0.348871811208101,3.8521742194628,0.000117073677696352,0.00567422923235662,"gene-CLSTN2|CLSTN2"
164.635897506961,-1.2923486540439,0.433697997405436,-2.97983541952066,0.0028840329028422,0.0483439322716107,"gene-ADM2|ADM2"
14046.1210554287,-0.712849746828703,0.264661594543581,-2.69343857032993,0.0070719176023345,0.0846602945072263,"gene-FETUB|FETUB"
8194.46830789085,-0.341824724848208,0.119748597795977,-2.85451964481952,0.00431019659334208,0.0630067621500896,"gene-YBX3|YBX3"
1187.61601216124,-0.3108438271481,0.0967948535745349,-3.21136729556331,0.0013210496912385,0.0286921000547299,"gene-PWWP2B|PWWP2B"
5496.10203427228,0.594304827204821,0.163413018316816,3.63682669426383,0.000276017504774419,0.00962249172753182,"gene-JMJD1C|JMJD1C"
44.6895394530657,1.09277151099308,0.390495333296447,2.79842399592389,0.00513526534834324,0.0696309588095854,"gene-KCND2|KCND2"
610.302796374022,1.24235187383236,0.418136109072909,2.97116619893675,0.00296671183962636,0.0492777579088846,"gene-LOC121468800|LOC121468800"
1450.89789786643,0.403870666153178,0.14365065021935,2.81147816272659,0.00493144381202448,0.0677470998123701,"gene-JPT2|JPT2"
249.286092501188,0.722875071971061,0.265500871485819,2.72268436606496,0.00647538911749447,0.0801445916430285,"gene-ANKRD31|ANKRD31"
2001.60146947717,-0.438966381337618,0.166679369618152,-2.63359756125339,0.00844855598112927,0.0939630896735378,"gene-CNPY2|CNPY2"
6335.23941859961,-0.441813040934352,0.137253430984658,-3.21895808188386,0.00128657291408084,0.0281103681391922,"gene-ENTPD7|ENTPD7"
1408.4028110621,0.646233389591432,0.217965641711106,2.96484062588156,0.00302839774394119,0.0498070074420459,"gene-NRG2|NRG2"
153.282639290912,3.36728322544911,0.810172848771222,4.15625286697304,3.23509755769868e-05,0.00227343370196546,"gene-LOC121470441|LOC121470441"
6676.96792614982,-0.622837242876286,0.133749075458808,-4.65675923919271,3.2122572563007e-06,0.00039456776735586,"gene-DLG1|DLG1"
53.7289762319604,1.87316660203935,0.397311661425481,4.71460262535152,2.42182918821803e-06,0.000318917813010658,"gene-LOC140680290|LOC140680290"
206.430168610488,-1.90295502549018,0.450170499401979,-4.22718731684579,2.36630670236811e-05,0.00181090602452956,"gene-MARCKSL1|MARCKSL1"
935.405187124135,-0.405623182225667,0.0991987330998721,-4.0889955904708,4.33245087933233e-05,0.00286549477390048,"gene-RIC8B|RIC8B"
2144.34920005095,-0.269359705505419,0.097817113636815,-2.75370735744181,0.00589244299782925,0.0754201745177496,"gene-PPP5C|PPP5C"
4111.87759406587,-0.545250309122126,0.206682428519086,-2.63810674680443,0.00833703338501247,0.0932577238405735,"gene-GAS2L1|GAS2L1"
72.471408724304,1.66266237402601,0.477345980971176,3.48313893969164,0.00049557109686576,0.014458608229315,"gene-LOC115497360|LOC115497360"
251.536651396894,-2.45838775554828,0.895255448173236,-2.74601820135762,0.00603234168164712,0.0764905529025677,"gene-LOC140681385|LOC140681385"
23634.509363334,-1.2861729089649,0.334575735274058,-3.84419063717031,0.000120950957461962,0.00575050660036104,"gene-G0S2|G0S2"
649.829626224234,1.7898813792954,0.55054735730776,3.25109430739641,0.00114961716857716,0.026200205757106,"gene-LOC100220412|LOC100220412"
16129.9591765297,0.572918016055061,0.219328166292901,2.61214975595045,0.00899748317760864,0.0978543241124297,"gene-IFRD1|IFRD1"
4951.68248389875,-1.36379569756517,0.21702459019162,-6.28406069727405,3.29841828026768e-10,3.01516103345512e-07,"gene-CS|CS"
15083.6994071395,0.291523688999497,0.102943868547419,2.83187034947315,0.00462766083114528,0.0654182962948265,"gene-PPM1B|PPM1B"
536.265565546384,-1.11650394222604,0.396629177499988,-2.81498186609349,0.00487799863393634,0.0674538895403022,"gene-FRS3|FRS3"
12669.0998553122,-0.450296302175153,0.109895114043187,-4.0975097582427,4.17618568263358e-05,0.00277469573286614,"gene-SERBP1|SERBP1"
2652.01164259386,-0.343815338502994,0.104540265707659,-3.28883168772934,0.00100604166121801,0.0237565605202321,"gene-TRMT10C|TRMT10C"
4351.68849353615,-0.79290975055411,0.229735735559429,-3.45139927240007,0.000557687880146051,0.0158285897943589,"gene-KALRN|KALRN"
836.048137739952,-0.486280569796115,0.167174968237542,-2.90881209622933,0.00362804848319031,0.0557369092940708,"gene-B3GALNT1|B3GALNT1"
1677.31722505462,-1.41543678207069,0.384298914201735,-3.68316622754667,0.00023035483882063,0.00846004190713858,"gene-LOC100190505|LOC100190505"
210.221588096249,0.72982601838001,0.229367435658247,3.18190773806024,0.00146308418231891,0.0305512878470792,"gene-KIF9|KIF9"
10254.8453756677,0.391512160103325,0.128454969117022,3.04785531299032,0.0023048087080206,0.0409701307274812,"gene-SPTBN1|SPTBN1"
21187.1569476234,0.712070792660197,0.202372231896311,3.51861906145819,0.000433799113226979,0.0130202087023383,"gene-RPS6KA6|RPS6KA6"
372.734144333938,1.1988945636969,0.42404366155669,2.82729037688167,0.00469437387860924,0.0659151421552653,"gene-EHF|EHF"
10086.9727929748,0.487201625586731,0.162263251430017,3.00253829066687,0.00267738289346576,0.046204611279562,"gene-CREB3|CREB3"
8424.23908584423,0.245775231601529,0.0920990733479912,2.66859613964715,0.00761689760961204,0.0884322417471797,"gene-FNBP1L|FNBP1L"
5541.66192408145,0.594358138696934,0.160997270833668,3.69172803749565,0.000222735566757781,0.00827622773251599,"gene-SALL1|SALL1"
3136.42288305606,0.525409846642829,0.1566654389057,3.35370615441919,0.000797369910410553,0.020436563133472,"gene-CREBRF|CREBRF"
900.428067775794,-0.832635722714174,0.21616581657464,-3.85183807462301,0.000117234537057652,0.00567422923235662,"gene-PTPRU|PTPRU"
5692.00831959008,0.553086029765675,0.145282146824323,3.80697864022119,0.000140674889980741,0.00632690728261074,"gene-TBC1D15|TBC1D15"
55.3937478801035,-1.54193893472856,0.589466579700143,-2.61582079091393,0.00890132626865124,0.0971700418736932,"gene-CRYBA2|CRYBA2"
1143.93556997116,0.309822901930464,0.11833186522476,2.6182541899596,0.0088380941852923,0.0966964241814503,"gene-RAB40C|RAB40C"
122.526267609801,1.52831344065555,0.585998187399114,2.60805148124911,0.0091059258268869,0.0983749577321551,"gene-LOC140681734|LOC140681734"
11180.4400891104,-0.392112024365748,0.0993703696188457,-3.94596523963601,7.94791444546171e-05,0.00425548225089062,"gene-PCBP2|PCBP2"
1856.43243318459,0.954733355018344,0.255882238733793,3.73114351251084,0.000190612594698218,0.00759178282480612,"gene-PROSER2|PROSER2"
594.233259309247,-1.12439594814084,0.363892966149369,-3.0899084421415,0.00200218205039286,0.0376652445696169,"gene-MCM7|MCM7"
17057.0434567441,0.283106895150854,0.0986733057620479,2.86913358141229,0.00411597926928168,0.0608939969423991,"gene-NCL|NCL"
856.883458470942,1.07674934190676,0.373523141048495,2.8826844272199,0.00394302240552718,0.0594475441079934,"gene-CYP2AC7|CYP2AC7"
4346.33743805668,0.587215587223104,0.219486642531873,2.67540466449037,0.00746390980787659,0.0875231084156396,"gene-SYNE2|SYNE2"
721.786399074993,0.827838872954138,0.217203775756865,3.81134660329666,0.000138211812660113,0.00625461939830611,"gene-OTUD1|OTUD1"
3158.94195503758,0.421792236408205,0.146871387365935,2.8718475665876,0.00408079756511006,0.060780472746345,"gene-FRYL|FRYL"
13126.5977984894,0.837505013123689,0.261981817203585,3.19680587784024,0.00138958408858695,0.0296518987195262,"gene-LOC140683764|LOC140683764"
7023.13219503264,-0.560825489675819,0.163220042206714,-3.43600872842287,0.00059035195249969,0.0164678902474961,"gene-LYPLA1|LYPLA1"
3059.78433406306,0.447441996863938,0.170356366848647,2.62650586614979,0.00862665055321648,0.0951071775256361,"gene-NFYB|NFYB"
2080.62236001914,-0.9068346853382,0.311048761110877,-2.91541005371485,0.00355221483000559,0.054880958094664,"gene-IFI30|IFI30"
824.005609257188,0.471543205264888,0.145152406743576,3.24860755562881,0.00115971356125385,0.026200205757106,"gene-ZNRF3|ZNRF3"
1549.90874043,-0.489589772380301,0.188168889633172,-2.60186353511857,0.00927187384156338,0.0995058589883494,"gene-JPH1|JPH1"
111.650566010792,-0.61934575650789,0.232988672345662,-2.65826552970365,0.00785439827983749,0.0899747175990475,"gene-SEPTIN4|SEPTIN4"
11939.0079072178,0.437286172610493,0.134654359762974,3.24747132866868,0.00116435394664099,0.0262570423761286,"gene-EIF3E|EIF3E"
1689.38218438316,1.05657845440767,0.358669445940592,2.94582788237466,0.00322091573283529,0.0516229443715498,"gene-P4HA2|P4HA2"
1661.38662790877,0.389057847648741,0.138053478221548,2.81816765981355,0.00482985823957736,0.0670236808004273,"gene-BBLN|BBLN"
3784.56956110522,0.758095556214644,0.258556369852077,2.93203202322325,0.00336752021199364,0.0533294073008787,"gene-CUX2|CUX2"
13677.0405988997,1.52730826485227,0.314945953159786,4.8494297181123,1.23816929199182e-06,0.000208912475173886,"gene-MAN1C1|MAN1C1"
6229.94512328651,-0.355753128647659,0.107515412640922,-3.30885702718546,0.000936776612024912,0.0227079000629654,"gene-HMGN5|HMGN5"
2238.69936239198,-0.363997480351261,0.111750847544998,-3.25722344257561,0.00112507831787509,0.0257762849096868,"gene-TTC27|TTC27"
643.782690620003,-0.5173612147557,0.15845760270809,-3.26498196308561,0.0010947104724564,0.0253587685830352,"gene-ARRDC1|ARRDC1"
78.8571551915247,1.12160813996459,0.362252812182745,3.09620271325534,0.00196016306549653,0.0371136056066875,"gene-LOC140682382|LOC140682382"
14496.3614064654,-0.394472719314135,0.121057206618378,-3.25856452774163,0.00111977407443581,0.0256950355510647,"gene-VDAC2|VDAC2"
767.235113351987,-0.398839405112324,0.141109155392247,-2.82646015422353,0.00470655991687889,0.0659457989824125,"gene-DCTN6|DCTN6"
49.6362505906501,2.46613138755311,0.620918367557103,3.97174816595567,7.13471225478408e-05,0.00402117241329087,"gene-LOC121470057|LOC121470057"
837.742876816455,-0.402403985525782,0.113135993304388,-3.55681665730487,0.000375375940947192,0.0118506914229484,"gene-LOC116807250|LOC116807250"
1088.77867177976,0.784320019500234,0.294308259003013,2.66496095677765,0.00769972615860578,0.0888722421461691,"gene-KPNA7|KPNA7"
378.369156241857,0.703943144576323,0.191406212149441,3.67774450301915,0.000235305481427299,0.00857720753621655,"gene-HEMK1|HEMK1"
15079.0615964129,0.406977979573279,0.15086877873515,2.69756263015642,0.00698491441999439,0.084054869504581,"gene-SEL1L|SEL1L"
710.002665762637,-0.922495797619077,0.328949368135816,-2.80437017662304,0.00504149859874731,0.0686780848256192,"gene-P2RY4|P2RY4"
63.7126972177649,-2.10004949220732,0.687060828790613,-3.0565699632504,0.00223885225020101,0.0403020977108229,"gene-LOC115497347|LOC115497347"
85.6161162943307,-2.60345763214838,0.850745825539461,-3.06020617908706,0.00221184667679348,0.0399142751539387,"gene-SLC12A5|SLC12A5"
1319.78742115771,-0.640724065111575,0.191049668689576,-3.35370414147457,0.000797375710616637,0.020436563133472,"gene-ABR|ABR"
90.8995265849582,1.30798384911254,0.391844970240985,3.33801362387815,0.000843796120219817,0.0211562846907494,"gene-LOC115496760|LOC115496760"
574.538762077585,-0.808045697622733,0.2019613538598,-4.00099168568493,6.30775744322516e-05,0.00368801962190489,"gene-RHOC|RHOC"
23205.019496644,0.521626874644309,0.186027319857108,2.80403370346346,0.00504676292306093,0.0686857855180462,"gene-HMOX1|HMOX1"
2888.90849782177,0.326747820263145,0.105193575039571,3.10615757797215,0.00189535683760488,0.0362291184342922,"gene-FBXO9|FBXO9"
4569.34129553196,-0.374071092238151,0.114667990886097,-3.26221022403475,0.00110547129745085,0.0255633922591604,"gene-CAPZB|CAPZB"
2830.91495848573,0.486082491619322,0.132842602611309,3.65908588106766,0.000253116511875405,0.00904597568235401,"gene-CEP89|CEP89"
3345.10109928783,-0.574250462173795,0.181765225590619,-3.15929771664439,0.00158149844153051,0.0321704200388727,"gene-HNF4A|HNF4A"
44.0844197822199,0.99463463708417,0.337023307067179,2.95123398360669,0.00316507050154713,0.0508953086040863,"gene-KCNJ2|KCNJ2"
351.728501883106,-1.52912285662259,0.346575307499912,-4.41209406305721,1.0237561595885e-05,0.000997616252313677,"gene-LOC140682038|LOC140682038"
3182.52360807351,-0.597887971740358,0.196113435838292,-3.04868439627642,0.0022984580721351,0.0409701307274812,"gene-AP2S1|AP2S1"
21948.3812020122,-1.1949609297208,0.38723241514887,-3.08590108413678,0.00202936320524234,0.0377875184344296,"gene-FMO1|FMO1"
79.051866736945,25.9158898148007,2.95686831835322,8.76464117591619,1.8737248609368e-18,2.73882362923132e-14,"gene-LOC140685158|LOC140685158"
27289.6082744352,-2.46814068205756,0.330150981193353,-7.47579387205302,7.67391626060985e-14,3.73898779937781e-10,"gene-LOC100222881|LOC100222881"
786.885223003606,0.543360612091054,0.180024185329784,3.01826452426756,0.00254226888393624,0.0443667832226462,"gene-POLD4|POLD4"
2461.12944596071,-0.672249098267552,0.141559381847261,-4.74888410428982,2.04542109522634e-06,0.000296019011375479,"gene-CAVIN2|CAVIN2"
85.3828337982332,-0.857788248862889,0.259379212118387,-3.3070817119738,0.000942733883369727,0.0227767622697774,"gene-SNAI2|SNAI2"
162.390520467554,0.558595696080782,0.198751875182258,2.81051786589959,0.00494618427691684,0.067885798662623,"gene-SPRY2|SPRY2"
1893.1325006621,0.325663303231916,0.0975687979094407,3.33778123959448,0.000844502093022227,0.0211562846907494,"gene-SAAL1|SAAL1"
51.7340509707198,1.59531360499753,0.278479500536925,5.72865723301597,1.01228700393018e-08,5.10227556429224e-06,"gene-LOC140681869|LOC140681869"
2668.59341853575,0.47057140200084,0.151230004672535,3.11162723971203,0.00186059272879892,0.0358332570288241,"gene-FBXO7|FBXO7"
336.465882473637,-1.33463843371256,0.44583401466325,-2.99357695872677,0.0027572796106245,0.0471381942321618,"gene-FCHO1|FCHO1"
3871.09742742802,-0.505292015305672,0.131380706582025,-3.84601383605896,0.000120054986414882,0.00575050660036104,"gene-CEP95|CEP95"
763.957393311465,-1.74616410983555,0.455739145417407,-3.83149906562504,0.000127364858229978,0.00596373221050371,"gene-SNTA1|SNTA1"
2048.7108821115,-0.465015735880125,0.150983594961949,-3.07990901923695,0.00207063836859214,0.0382153043354941,"gene-PIK3R2|PIK3R2"
29925.7911416779,0.499008511774661,0.180056059765787,2.77140637434675,0.00558147209123364,0.0730388339817028,"gene-PDIA4|PDIA4"
222.043936092061,1.66341514819559,0.533590181351212,3.11740209308821,0.00182452537682738,0.0355114346645617,"gene-GALNT14|GALNT14"
10459.4348490901,0.408866540172716,0.0974593143446926,4.19525360835849,2.72566440220006e-05,0.00200206213904313,"gene-C2H6orf62|C2H6orf62"
2838.90364420053,-0.202974883087325,0.0748746265178578,-2.71086337958448,0.00671082706972328,0.0819944259377046,"gene-CCDC47|CCDC47"
53.151431003201,-1.77314552160724,0.672383144368112,-2.63710584725261,0.00836167359925155,0.0933709572194499,"gene-LOC140681179|LOC140681179"
654.424103050254,-1.59462465224918,0.33687902544115,-4.7335231101461,2.20655826596911e-06,0.000307824791431189,"gene-LOC140684646|LOC140684646"
4484.27098091964,-0.324857928632418,0.123710690326658,-2.62594871772706,0.00864078345447388,0.0951071775256361,"gene-PEX13|PEX13"
89.0279213832899,1.05690121788242,0.370122224362269,2.85554648792973,0.00429628327563863,0.0629877358475525,"gene-LOC140684474|LOC140684474"
706.86017852086,-0.835999413422131,0.173670474769274,-4.81371064674511,1.48153279240834e-06,0.000235386574202529,"gene-AK1|AK1"
2443.91000147453,-0.490994347728908,0.171899280848591,-2.85629087745501,0.00428622256799186,0.0629033285906998,"gene-LOC100228682|LOC100228682"
4995.69103689244,0.506548469712418,0.168854428168781,2.99991226292325,0.00270057384046308,0.0464950386643684,"gene-NSD3|NSD3"
1672.06488038379,-0.240649453260344,0.0761857715107853,-3.15871912153933,0.00158464133734613,0.0321704200388727,"gene-UPF3B|UPF3B"
34087.7122734152,0.535749517747258,0.199437369672801,2.68630457083451,0.00722471985696391,0.085733415158681,"gene-LOC116807842|LOC116807842"
2158.79167169236,0.396377770723438,0.10774126439006,3.67897827232114,0.00023417021492343,0.00855716507883943,"gene-USP32|USP32"
725.312615208615,-1.1202720528636,0.245429483655891,-4.56453738229061,5.00596998110759e-06,0.000567226846618989,"gene-KLF2|KLF2"
2696.71053273296,-0.212623182503426,0.079541852624573,-2.67309819280901,0.0075154248520184,0.0876020455039497,"gene-UBE2N|UBE2N"
10334.0584777531,-0.798590990357124,0.217180360570631,-3.67708658489591,0.000235912981382541,0.00857796032056868,"gene-GADD45A|GADD45A"
4026.6835252978,-0.31195607818335,0.0959501383394486,-3.25123114549063,0.00114906396125826,0.026200205757106,"gene-METAP2|METAP2"
10511.4986793422,-0.399009432688069,0.0968471962924057,-4.1199895088688,3.78889650541897e-05,0.00256399538054209,"gene-INTS13|INTS13"
4065.40019437861,0.519561358272395,0.136819626220658,3.79741834285138,0.000146210918226544,0.00649594222406501,"gene-NECTIN1|NECTIN1"
670.834216882628,0.437692940259486,0.167427435978399,2.61422470995707,0.00894301970755502,0.0974795817041996,"gene-CFAP418|CFAP418"
3377.73282040004,-0.648280590368837,0.24850032873881,-2.60877156042004,0.00908678804276297,0.098240814216765,"gene-LPAR3|LPAR3"
84.7008276947257,0.952486162896283,0.236136982770496,4.03361706294865,5.4924798918985e-05,0.00336278754801333,"gene-LOC115491283|LOC115491283"
2341.29197076223,-0.73591402121815,0.248154190675579,-2.96555145498323,0.00302140797800689,0.0498070074420459,"gene-SEC14L1|SEC14L1"
22145.2453534237,-0.576820235373942,0.21006233003835,-2.74594800156999,0.00603363258511737,0.0764905529025677,"gene-PGM2|PGM2"
530.16838313933,1.54835986223359,0.348500557270425,4.44291932948652,8.8746446505311e-06,0.000898158166517133,"gene-CHKA|CHKA"
52.7678722146499,1.44426392493992,0.467727508250102,3.08783190953065,0.00201622478943423,0.0377351571666583,"gene-LOC115497766|LOC115497766"
1117.57453166203,-0.432117837083638,0.101423608941562,-4.26052515378954,2.0394712651469e-05,0.00162901374222144,"gene-MTMR9|MTMR9"
1424.78024195381,1.24433317158145,0.364448272010872,3.41429296595576,0.00063947773469854,0.0173418294027617,"gene-DTNA|DTNA"
7827.93263533681,0.216871920455798,0.0824541430791148,2.63021253216723,0.00853315030474254,0.0944917106094104,"gene-LOC100225763|LOC100225763"
5022.55552829714,-0.543116639262144,0.179760392939628,-3.02133651568367,0.00251661498540121,0.044054324840251,"gene-ATP5MC1|ATP5MC1"
1491.50499639864,0.276282421667085,0.105183366774754,2.62667406585997,0.0086223879789997,0.0951071775256361,"gene-RABGAP1|RABGAP1"
4855.35420271293,-0.538201955814543,0.139716212491244,-3.8521081141408,0.000117105295406216,0.00567422923235662,"gene-CDC27|CDC27"
1901.21500991775,-0.467821503425943,0.156321769475,-2.99268300888034,0.00276536812466632,0.0472212451848687,"gene-PARN|PARN"
24.4827501421522,-1.48295024397738,0.545284065511326,-2.71959211312507,0.00653624872836156,0.0806247659598826,"gene-IL20RA|IL20RA"
3204.48776486324,0.388329362707418,0.114768620854031,3.38358481454017,0.000715461055406005,0.018945460592155,"gene-EIF3M|EIF3M"
677.547059883387,0.715071408946091,0.208670353889484,3.42679923437906,0.000610740437362663,0.0168756010830436,"gene-DYNC2H1|DYNC2H1"
62.4445399559925,-1.58087865695706,0.593754271387921,-2.66251332097653,0.0077559499642348,0.0893370532917416,"gene-LOC100231318|LOC100231318"
2259.62299412625,0.35907305730224,0.106976353487338,3.35656475096377,0.000789172393837972,0.0203804467857414,"gene-CCDC43|CCDC43"
655.617869512852,0.981349351649911,0.328218062707144,2.98993097319428,0.00279040497028138,0.0474909339778618,"gene-LOC140682087|LOC140682087"
7497.05840106266,-0.527545688559756,0.142107850699004,-3.71229095341917,0.000205391684266546,0.0079005532866424,"gene-PPID|PPID"
78.833063497479,1.07049298696679,0.370115536642482,2.89232112944462,0.00382406861196168,0.0579237418663667,"gene-LOC105759204|LOC105759204"
1388.68077961337,1.70776480033081,0.281977967487453,6.05637672881942,1.39221737504191e-09,9.6904958909465e-07,"gene-IGFBP2|IGFBP2"
25.8672578223553,-1.4238278845998,0.490378521142729,-2.90352824035167,0.0036898369159975,0.0564166801267107,"gene-SEMA3G|SEMA3G"
184.164710734723,0.779972315786905,0.293050907639421,2.66155911977794,0.0077779680678851,0.0893578438293152,"gene-PIK3C2G|PIK3C2G"
1161.26077821791,-0.517183658770057,0.136330193985186,-3.79361052494546,0.000148472497614506,0.00657643181100375,"gene-ALAD|ALAD"
16209.7574801644,-0.296873013593502,0.111540126101264,-2.66158040133448,0.00777747638796355,0.0893578438293152,"gene-ARF4|ARF4"
1928.69796398148,-0.32067987780108,0.111540439249692,-2.87500999599987,0.00404014707051039,0.0603832614822601,"gene-SEPHS1|SEPHS1"
7022.13737109887,0.75952665098024,0.18332616821039,4.14303456181219,3.42740268870149e-05,0.00238196879602574,"gene-PLA1A|PLA1A"
187.007993087553,0.578093180054682,0.175234571057038,3.29896764415576,0.000970410957523195,0.0232152159838241,"gene-PSRC1|PSRC1"
1723.02866781962,-0.371499309382519,0.130951147847792,-2.83693053087493,0.00455495214651712,0.0648293432576833,"gene-MFHAS1|MFHAS1"
256.973222022638,1.06135166793838,0.250351012069877,4.23945427327508,2.24063827570806e-05,0.00173242210688167,"gene-LOC100228717|LOC100228717"
2405.07057298184,0.536585047864893,0.149238239574827,3.59549301434806,0.000323777817094833,0.01068558704315,"gene-PPIL2|PPIL2"
3838.71809447842,-0.282316178084725,0.0974875376538076,-2.89592069795907,0.0037804792138592,0.0575018362840582,"gene-GLRX5|GLRX5"
3895.67852792114,-1.42380751678653,0.286490694709381,-4.96982116026789,6.70146840594067e-07,0.00013060715158618,"gene-STARD4|STARD4"
1091.70905080461,-0.36892865992259,0.13540665034072,-2.72459778743706,0.0064379862459084,0.0798168320241247,"gene-LMF1|LMF1"
2739.93119420222,-0.912282456048376,0.173968694992338,-5.24394607942859,1.57178151304149e-07,4.33485478794859e-05,"gene-HIGD1A|HIGD1A"
358.978933312112,-0.688211634789161,0.175905647220805,-3.91239079394243,9.13868680989918e-05,0.00468702403860689,"gene-MAP6D1|MAP6D1"
1510.50479738816,0.471136109936364,0.149525689981319,3.15087066306282,0.00162784557732296,0.0328444875340762,"gene-CDK5RAP3|CDK5RAP3"
616.788868520002,0.462684111647507,0.150170346850291,3.08106174988574,0.00206263867772693,0.038145634083749,"gene-RYBP|RYBP"
627.580684389565,0.40610698532599,0.131817450804675,3.0808286979222,0.0020642537155535,0.038145634083749,"gene-TMEM39B|TMEM39B"
166.441928237148,1.1675794801618,0.356796055145318,3.27240019424055,0.00106638515292642,0.0248999229717659,"gene-NBL1|NBL1"
72.4918415871419,2.24871949296134,0.550585439664792,4.08423349213595,4.42225475567167e-05,0.00291171611547986,"gene-ADGRV1|ADGRV1"
2242.3273354628,-0.29082051671784,0.0726663534142699,-4.00213445499151,6.27736068518881e-05,0.00368498719419297,"gene-BAP1|BAP1"
224.079335723172,0.869172296368663,0.30740869683349,2.8274160923933,0.00469253111389643,0.0659151421552653,"gene-LOC100221985|LOC100221985"
520.033220165443,-0.839690484611131,0.286847953007481,-2.92730164467735,0.0034191708396437,0.0535670098210847,"gene-LOC115498090|LOC115498090"
1223.22359246415,0.820226884604561,0.19243599934618,4.26233598386665,2.02300972834614e-05,0.00162901374222144,"gene-PBX3|PBX3"
222.857149476198,0.629118799708478,0.189976341093041,3.31156393521847,0.000927760372998191,0.0226017889535243,"gene-LOC100231535|LOC100231535"
2814.53045386919,0.365366517849808,0.138774729004501,2.6328029639889,0.00846834589470775,0.0940591276162182,"gene-WIPI1|WIPI1"
7704.78771603178,-0.388754564754104,0.146579098718964,-2.65218280199323,0.00799732310589213,0.091041177444568,"gene-MTX2|MTX2"
8551.12370248557,-0.635819753602543,0.169511725572404,-3.75088951195274,0.000176208339366997,0.007165803674948,"gene-LOC100228858|LOC100228858"
22967.3443443341,-0.599306316293845,0.208697589695546,-2.87164943863574,0.00408335665573721,0.060780472746345,"gene-HSD17B12|HSD17B12"
962.483699201367,-0.332244152336644,0.0956094970642473,-3.47501202849529,0.000510830444826103,0.0148445499244993,"gene-SETDB1|SETDB1"
1378.19780578672,0.296577157534116,0.108093001544545,2.74372210315482,0.00607469388869246,0.0768112461687004,"gene-NAGPA|NAGPA"
356.731273433123,-0.941591442699676,0.248751940310123,-3.7852627059945,0.000153546287687566,0.00662060792663467,"gene-ITGB3|ITGB3"
268.533898418967,-1.77552754812662,0.372323446431911,-4.76877716174484,1.85347541786504e-06,0.000270922501829333,"gene-RPS6KA2|RPS6KA2"
361.855812188923,-2.46873292460155,0.809772540687232,-3.04867453582261,0.00229853350724958,0.0409701307274812,"gene-NEGR1|NEGR1"
303.753717427985,-0.696784932311348,0.18828615748573,-3.70066998878639,0.000215030975885451,0.00811428546375352,"gene-CDCA7L|CDCA7L"
1459.34028956912,-0.363055743922987,0.12384178686687,-2.93160937925802,0.00337210595675407,0.0533429640439587,"gene-TAF5L|TAF5L"
2056.7152739992,0.802126598330954,0.167155598870503,4.79868220837981,1.59712972378216e-06,0.000248537475391192,"gene-JMY|JMY"
2976.47171856637,-0.566934427860141,0.16450641325706,-3.44627553804995,0.000568370516556142,0.01603836262645,"gene-MKNK1|MKNK1"
1900.76848631837,-0.909478958171582,0.277146714600839,-3.28157943160704,0.00103227445269808,0.024219511516995,"gene-ATL1|ATL1"
25556.533301375,-0.837163902684311,0.19485574375203,-4.29632653656682,1.73651734191358e-05,0.00150279932223482,"gene-PGK1|PGK1"
257.303897305093,-0.852757248784925,0.318494888540341,-2.67745976299056,0.0074182762167739,0.0873051074561869,"gene-RBM24|RBM24"
1872.23982475012,0.7188866233826,0.225884300664482,3.1825435467089,0.00145987560886095,0.0305512878470792,"gene-PFKFB2|PFKFB2"
85.9987289299812,-1.38938335865927,0.468884239145251,-2.96316924875111,0.00304489097592436,0.0498070074420459,"gene-CYP26B1|CYP26B1"
1410.3509901935,-0.66954318867112,0.184989101776024,-3.61936558555634,0.00029532616446779,0.010181090910438,"gene-RFC5|RFC5"
5371.80598816711,-0.286193999723158,0.0939081017460152,-3.04759647359502,0.00230679466297578,0.0409701307274812,"gene-CPPED1|CPPED1"
9209.9032483639,-0.434258529594414,0.155387991270594,-2.79467239420188,0.00519523327701901,0.070091819378417,"gene-PRKACB|PRKACB"
4086.79251689429,-0.428829873836156,0.120348047054411,-3.56324746709248,0.000366295067621934,0.0116902510991917,"gene-HEATR5B|HEATR5B"
307.077779958032,0.996359309755732,0.30276234972896,3.29089568319078,0.000998689400958624,0.0236682923328544,"gene-LOC105758793|LOC105758793"
9428.52287930269,-0.461668727761131,0.144912598685874,-3.18584258337598,0.0014433310737945,0.0303556407275601,"gene-UBA1|UBA1"
5069.92032466714,-0.608179855146342,0.227788166764147,-2.66993612436442,0.00758656777854933,0.0881501281550521,"gene-COPS6|COPS6"
10466.1343428012,-0.378461209831239,0.106782288825946,-3.54423204439948,0.000393758526865631,0.0121940008203282,"gene-ARF1|ARF1"
8498.49961028555,1.32866463988077,0.335993221510251,3.95443882441607,7.67144967285345e-05,0.00419732260948101,"gene-HSPH1|HSPH1"
3041.29157843959,1.07995376961308,0.240842879068151,4.48405937427564,7.32362697540731e-06,0.00077572069202557,"gene-MAP1LC3A|MAP1LC3A"
2237.72496034468,-0.386620722954734,0.137647388847835,-2.80877629565593,0.00497301891673635,0.0679987067408187,"gene-ZBTB46|ZBTB46"
9030.85585461884,0.657936307866294,0.196718060495969,3.34456483663723,0.000824117644625243,0.0209497871504125,"gene-AKAP9|AKAP9"
2183.34834324285,-0.82309137590604,0.262217634973024,-3.13896270169135,0.00169547026934501,0.0337179441183891,"gene-DHX37|DHX37"
1488.31471834667,-0.267108446022759,0.0722371609099395,-3.69765980082983,0.000217596238292886,0.00817636045019825,"gene-DDX20|DDX20"
778.685041153574,-0.817138298214736,0.254809141081181,-3.20686414446332,0.00134190351503191,0.029015685916008,"gene-PIEZO1|PIEZO1"
3372.81525301982,-0.524298292999224,0.187528631038799,-2.79583064247267,0.00517665194291264,0.069997337141123,"gene-FZD4|FZD4"
10773.9427050964,-0.531857802097526,0.150315803102952,-3.53826937100721,0.000402758950719218,0.012267419658534,"gene-ACO2|ACO2"
5195.50788543734,0.583277865396713,0.170469744440116,3.42159171595175,0.000622557236226203,0.0170785620387183,"gene-SLF1|SLF1"
1607.47848843835,0.592164927712335,0.164749053297282,3.59434494985412,0.000325208741700803,0.0107062526518933,"gene-NR1D2|NR1D2"
82.6941514934784,-0.913901709074338,0.320599132117969,-2.85060568641232,0.00436360460915319,0.0632354625489766,"gene-WDR25|WDR25"
571.305904573391,-0.717591784527936,0.147795583654096,-4.85529923686625,1.20205084601903e-06,0.000206710320191295,"gene-PODXL|PODXL"
1461.52532197595,-0.481235550653738,0.130414013271896,-3.69006012912451,0.000224201051678243,0.00828677053335415,"gene-CC2D1B|CC2D1B"
1483.4037421945,-0.223625713015145,0.0789231672898731,-2.83346095568872,0.00460469327705224,0.0652830277698086,"gene-LOC100222277|LOC100222277"
9394.17070570471,-0.255603052932759,0.0856937022977269,-2.98275189517094,0.00285669465601214,0.0480884758904781,"gene-CCT2|CCT2"
2060.19493300064,-0.754176843749717,0.227828523740811,-3.31028280114611,0.000932017538281544,0.0226470377697816,"gene-RNF144B|RNF144B"
2219.41683122144,0.333332206800712,0.112038871164265,2.97514785124888,0.00292847365385085,0.0488090072957103,"gene-LEPROTL1|LEPROTL1"
5297.6381656992,0.310432851654343,0.109551012986489,2.83368307778796,0.00460149417327164,0.0652830277698086,"gene-LOC100223646|LOC100223646"
17251.3272713792,-1.05618442660731,0.381639519212893,-2.76749228902086,0.00564893817794057,0.0732657758180632,"gene-CA5A|CA5A"
5510.49346179737,-1.00707546405961,0.213809995399665,-4.71014211555981,2.47544120138305e-06,0.000321023591059889,"gene-AGPAT2|AGPAT2"
1221.25276414802,1.27503155636525,0.433987211774393,2.93794729838278,0.00330393182316823,0.0525501321645811,"gene-LOC140685075|LOC140685075"
415.560061944271,1.13214082587228,0.332331775815569,3.4066583705212,0.000657633852136916,0.0177028250767685,"gene-EFNA1|EFNA1"
5361.72096549839,1.02504299572094,0.211508710158596,4.84633940111651,1.25760300770285e-06,0.000208912475173886,"gene-EPSTI1|EPSTI1"
1040.44819330359,-0.875083773749733,0.164610078885852,-5.31610081030672,1.06014430004791e-07,3.16247535383679e-05,"gene-PIK3R3|PIK3R3"
18441.0550354678,-0.425133912199203,0.14514669127908,-2.92899485653295,0.00340060049426607,0.0534479327147173,"gene-ACAT2|ACAT2"
2534.17369040612,-0.278167478176998,0.0769062704356943,-3.61696746703625,0.000298074751017424,0.0102036502005192,"gene-PPM1G|PPM1G"
1265.41014053555,-0.398209904724802,0.146195400976286,-2.72381964183262,0.00645317364243214,0.0799373212978226,"gene-CIB1|CIB1"
7111.88183202593,0.474297309777924,0.140268320202833,3.38135730927749,0.000721286836510007,0.0190388219107759,"gene-MAP7|MAP7"
994.778501881667,-0.322702878220421,0.106491902624692,-3.03030437307256,0.00244307396453596,0.0430245929393038,"gene-NDUFAF4|NDUFAF4"
50.4599959919114,1.11871546098848,0.412582828327768,2.711493024377,0.00669809503839768,0.0819439719328464,"gene-SMCO3|SMCO3"
1306.12648199674,0.385561734652464,0.117393954707119,3.28434062566838,0.00102221294549554,0.024051541781413,"gene-FUCA2|FUCA2"
4675.17765902422,0.430206717405205,0.119092434254983,3.61237655520678,0.000303403552276419,0.0102896745327713,"gene-RANBP9|RANBP9"
5156.19200986945,0.439944620491882,0.151568744661272,2.90260780001231,0.00370069770680184,0.0564646120880193,"gene-FOXA1|FOXA1"
12113.6443780926,0.487537917750124,0.150066169323293,3.2488196370216,0.00115884930954333,0.026200205757106,"gene-SMARCA2|SMARCA2"
252.121426701103,1.57193000859511,0.404763577119082,3.8835757401478,0.000102931448537861,0.00508293575431727,"gene-LOC115497175|LOC115497175"
4775.30894918281,-0.71268451434855,0.19336902834239,-3.6856187387291,0.000228147681152096,0.00840008729319946,"gene-PRELID3B|PRELID3B"
3290.96219695489,-0.838841131575879,0.212724601000105,-3.94331980237427,8.03613786159113e-05,0.00428701558842619,"gene-TDRD7|TDRD7"
2009.75038748658,-0.36111769329411,0.101056856139531,-3.57341111814826,0.000352360882399915,0.0113196901495375,"gene-BLCAP|BLCAP"
225.022067690833,-0.891134839477448,0.236566560337634,-3.76695183886343,0.000165252864423764,0.00694629913943847,"gene-SYNPO|SYNPO"
737.48324182662,1.19237411111084,0.19775594951146,6.02952332941941,1.64443978138931e-09,1.09258074020762e-06,"gene-LOC115498543|LOC115498543"
804.407793128831,0.770232884078772,0.119884695158557,6.42478077005641,1.32059700369167e-10,1.60859720024676e-07,"gene-GJA10|GJA10"
713.510016199473,0.691844787000335,0.202023450647482,3.42457662604507,0.000615758172529126,0.0169548498326877,"gene-CCDC14|CCDC14"
2423.80855448878,-0.456821718848074,0.166575769569832,-2.74242598445006,0.0060987192733404,0.0770483834212763,"gene-RASSF7|RASSF7"
1672.45172559596,0.459632632418937,0.142263007435587,3.23086542808429,0.00123416031086715,0.0273329110059774,"gene-CEP44|CEP44"
933.070522056857,-0.451983150514014,0.139213931442974,-3.24668045668373,0.00116759401388796,0.0262570423761286,"gene-ZDHHC3|ZDHHC3"
1384.56076407726,-0.433108949603358,0.15437371036636,-2.80558748361688,0.00502249454581858,0.0684830249778267,"gene-KRTCAP2|KRTCAP2"
34465.0717335748,-1.75018557842062,0.342895344056099,-5.10413923303164,3.32303554281684e-07,7.8286659674636e-05,"gene-INSIG1|INSIG1"
852.500404847311,-0.614500604485222,0.23580428411692,-2.60597726960945,0.00916125410507105,0.0987537251134392,"gene-CSRP1|CSRP1"
36.1936834595517,-4.09851732960963,0.980368353611913,-4.18058917804691,2.90754753507465e-05,0.00211440907065603,"gene-CSPG5|CSPG5"
14362.2007205178,-0.308371610802416,0.108417519224317,-2.84429687202481,0.00445095557423297,0.0638465334922112,"gene-CALM1|CALM1"
2522.77547954223,-0.307828262973526,0.104191263840141,-2.95445368093262,0.00313223168428868,0.0506553085823909,"gene-PSME3|PSME3"
2477.53191854165,0.769002825481062,0.246580381249076,3.1186699508923,0.00181669336902731,0.0354061426334296,"gene-SSBP2|SSBP2"
6993.94460218954,-0.345743143114442,0.129272647886729,-2.67452665947856,0.00748348260108866,0.0875231084156396,"gene-LOC100229347|LOC100229347"
4171.05037588195,-0.688572624043878,0.216129319203539,-3.18592880679654,0.00144290099349293,0.0303556407275601,"gene-SAMD4A|SAMD4A"
13638.8846218429,0.831191193480584,0.220464261145608,3.77018564896382,0.000163126155816482,0.00689137288892923,"gene-EDARADD|EDARADD"
54.8490260736969,1.38723542346505,0.415263300729957,3.34061647399745,0.000835926094439832,0.0210497922724294,"gene-LOC115493891|LOC115493891"
5446.460831208,-0.391547421828425,0.136397529842509,-2.87063425767699,0.00409649195704715,0.0608223496150203,"gene-DYNLL1|DYNLL1"
1744.93867305904,0.403738314696229,0.126881533251608,3.182010055755,0.00146256740330348,0.0305512878470792,"gene-INTS7|INTS7"
6567.16349610316,2.26182798804705,0.46217913413243,4.89383405915283,9.88902303732973e-07,0.000174154035827288,"gene-LPL|LPL"
798.026543855483,-0.790338049701054,0.199992356754519,-3.95184127297003,7.75521752869699e-05,0.00419844498581348,"gene-NID2|NID2"
713.358217040692,-0.640042419954884,0.157557109994805,-4.06228839800368,4.8593989891813e-05,0.00307488463311096,"gene-KANK3|KANK3"
3642.96746568835,-0.500073114019815,0.0970737326082259,-5.1514771358183,2.58442737212609e-07,6.40280930480799e-05,"gene-ZNF335|ZNF335"
2276.22800004098,-0.338571105034782,0.108383499573454,-3.12382517972974,0.00178516486795112,0.0350722511758622,"gene-ATG5|ATG5"
4429.61216251909,-0.579984355178117,0.120353590137173,-4.81900335932713,1.44277124870862e-06,0.00023174711365246,"gene-TRAFD1|TRAFD1"
3097.37806164564,-1.47117643178868,0.356840856099434,-4.12278024402771,3.74326776871637e-05,0.00254489976629429,"gene-PKM|PKM"
2994.52524070588,0.444933847815889,0.162506664858397,2.73794215273318,0.00618249497327383,0.0776072646956634,"gene-CGNL1|CGNL1"
66.0744237423239,1.9975758906828,0.687047706236982,2.90747770867862,0.0036435631142161,0.055848631445,"gene-SYT12|SYT12"
4588.30463455928,-0.321694489330944,0.107275774025134,-2.99876176382166,0.00271079182090722,0.0465612738498247,"gene-USP14|USP14"
2434.39089272255,-0.313802753907741,0.104271236053043,-3.0094853171982,0.00261690727192886,0.0452678504068452,"gene-MARK2|MARK2"
1008.18155988521,0.383475785267425,0.123267037053195,3.11093536791947,0.00186495753509779,0.0358332570288241,"gene-ERCC8|ERCC8"
12551.1991558182,-0.782469291131653,0.154838155735409,-5.05346558421138,4.33864525878623e-07,9.608784507224e-05,"gene-GCGR|GCGR"
1216.83018663658,-1.01671978360321,0.2886450952635,-3.52238718165316,0.000427679029313533,0.0128894523123215,"gene-TMEM169|TMEM169"
25.1042487834593,-2.1918830531572,0.552554870036634,-3.9668151925109,7.2839428140255e-05,0.00407928705412302,"gene-LOC115497297|LOC115497297"
112.27093852374,2.15082462667898,0.50482404251196,4.26054317059992,2.0393068550872e-05,0.00162901374222144,"gene-LOC100221884|LOC100221884"
4215.78687238581,-0.459551307300788,0.165316600368551,-2.779825536433,0.00543881096536397,0.0718149050413055,"gene-HRAS|HRAS"
10737.1753507172,0.598961908893007,0.156702715606954,3.82228161505088,0.000132222562143609,0.00609042012566289,"gene-TNS1|TNS1"
5892.68690669316,0.85240236904733,0.21443003357257,3.97520046443891,7.03199987778491e-05,0.00401510711771805,"gene-TM4SF4|TM4SF4"
8283.77457790198,0.527016762109579,0.198342222480146,2.65710828244014,0.00788141236913145,0.0901428830982742,"gene-SEMA4G|SEMA4G"
83294.6929127242,-1.67713332875843,0.35502156470538,-4.7240322715332,2.31213701686325e-06,0.000310202974540341,"gene-ME1|ME1"
19079.6513335198,-0.397187388922948,0.146376400695874,-2.71346601661687,0.00665833971807198,0.0818544589226729,"gene-RPL3|RPL3"
1332.98202455668,0.427319060382111,0.139162827630378,3.07064082886478,0.00213599928123943,0.0391117610872196,"gene-NTPCR|NTPCR"
3149.38458633548,-0.499872908149716,0.182928907543742,-2.73260751874433,0.00628351589845025,0.0783002147379773,"gene-LOC100229929|LOC100229929"
1191.22257696626,-0.521083106984456,0.174490259973391,-2.98631629676017,0.00282360428248961,0.0478800740106156,"gene-CDH5|CDH5"
550.225602700875,0.551812624867446,0.138954060378278,3.97118747998606,7.15152709213389e-05,0.00402117241329087,"gene-LOC115495688|LOC115495688"
699.173378036977,0.717583124045145,0.259685014715282,2.76328275943031,0.00572231702156017,0.073709685439761,"gene-THSD7A|THSD7A"
1532.85558193618,0.388751619564497,0.126740654899113,3.06730006937354,0.00216001902637651,0.03932009218975,"gene-WDR37|WDR37"
665.856652949641,0.380132340834787,0.134606038355782,2.82403631722706,0.00474230110165356,0.0662698042092448,"gene-TADA2B|TADA2B"
112.517758317011,-0.923320492712407,0.273071469095386,-3.38124116653829,0.00072159179986111,0.0190388219107759,"gene-GJC2|GJC2"
112248.830990122,-1.72232892013786,0.516319878081191,-3.33577883256904,0.000850608051441437,0.0211811548346158,"gene-LOC115494437|LOC115494437"
280.602511806325,-0.440710630272852,0.156234248841773,-2.82083239456147,0.004789922154553,0.0667653644771004,"gene-LYRM9|LYRM9"
1718.78892660864,0.337743487662199,0.12667006433922,2.66632443445934,0.00766856484229519,0.0886305124480136,"gene-PPIP5K1|PPIP5K1"
